3721.53934793992,-439.603984724817,2.83217738777383
657.677129897945,-1363.01747263143,2.97870706306812
3721.35834153746,-1157.65767473483,2.83898462041103
814.624699230701,-1225.54895970562,2.89462483933162
979.922081723964,-673.764694634935,3.01945546950683
2463.37720817101,-2064.90510103009,2.52061476129215
1161.34383177904,-1721.2495504158,2.89211686379296
1977.5036855902,-798.64347566909,2.93332038226966
4031.94546311905,-1086.42205739103,2.8101409057823
1195.44144227804,-497.407029500873,3.01309272106823
2594.00474740324,-1858.89142997536,3.02005218342314
761.014246167503,-597.845220089209,3.05163888786166
1609.46401421911,-1399.41691053853,2.94350063253048
4001.803791643,-1043.33121005133,3.0389952561043
2419.03301419577,-2015.04816477537,3.03468693561648
3489.49925339282,-739.167490226369,2.91043447804743
3984.82581977494,-864.723848592855,2.94574478919415
218.911164545395,-1370.25363473369,2.98333147961713
1081.18476841244,-15.2877629303462,3.00233393595955
1248.55874917688,-1074.81076196703,2.96304560791753
2570.26184929039,-20.5725729301257,2.98450623518023
1979.39984542769,-873.220745651236,2.93513158945682
2574.12085553876,-820.057142630765,3.00080873491433
281.226923895239,-1895.04103544996,2.92176502608757
1574.19288986472,-793.376328221173,2.75177128545103
1277.41440441023,-398.33349737592,2.82117346638567
1203.35988240698,-1374.05307462403,3.0232342170275
2811.11304162809,-63.3546633174734,2.99550713302141
1793.8037859001,-324.612137807324,2.86060068933272
3487.66481625804,-1729.31148884212,3.01131946586296
1312.7855786637,-1636.72549885575,2.6753052420176
3427.29534456187,-2114.67707516275,2.85333279313843
2835.3982109776,-959.543797701347,2.81002298360725
3402.83407909821,-1571.71785333251,3.02016962670618
3808.65346233274,-1755.50325587456,2.99290284531168
3478.39997466548,-1451.43365355262,3.03688467241218
3510.85722589517,-1916.59191602986,2.91104255646713
2838.54507810577,-1008.63070798358,2.95961848752417
3118.90181404772,-1685.10529775731,3.05806594295345
2038.31556867475,-1469.35804989168,2.91737159617045
2551.46270079586,-54.1902176140775,3.02234655913334
3127.73812043067,-163.774538288551,2.91309413942699
1766.54522684342,-1951.22708712828,2.99046362973424
3184.47584457851,-1910.85268548678,3.54376326245788
1362.91437478596,-1618.65002411948,3.14008071046632
1081.96261210381,-550.296508662247,3.07546601527613
3271.85982205026,-21.0768885182965,3.0881875401325
3368.33618383811,-1216.83802519619,2.81592385917019
1850.36096197628,-341.776086156376,3.69274711639869
1047.38022605489,-2166.44522684728,2.86156360837688
1044.40403137887,-480.004320002478,3.03030985231363
1216.24118642238,-1892.68587074616,2.88600952761288
3429.69447926714,-1251.90948257754,2.90538022367118
323.186828674827,-1912.04443802588,2.8852750829644
2990.40849099405,-1628.7860400228,3.21445210883335
4026.94267849843,-1792.09369601173,2.99308529985001
2493.94477801397,-694.929599260809,2.89152214865588
2629.06568205372,-1573.32059372757,2.98111895068703
2057.32068888935,-162.51930064311,2.87191835051298
1236.0097222146,-1694.48471475848,2.97856132283479
2758.8075371633,-137.134349326024,3.11382303466765
1719.10385879892,-1961.90511718293,2.86105688728983
2551.67695896604,-1415.05775147724,2.99620926902378
2214.89237349565,-397.341841992318,3.13023200475393
1034.06959876114,-1264.89658522299,3.01774991418562
3489.56283470554,-1314.79324682478,3.12304443332616
3222.27222871253,-1404.91105893926,3.03488306590022
2717.61469605183,-1451.3748310479,3.11790379348865
1669.14748202885,-1367.42863245808,2.95855263593651
3889.25547474849,-1842.66542646565,2.97358000225219
2618.60858675814,-155.936106386866,2.97488122866134
309.43941070781,-2041.66119537972,2.95373920642456
3792.2514826244,-910.263154658715,3.1464515486718
1356.82249074365,-1463.33010849201,3.06634835620372
1267.77864727588,-1626.82665010404,3.01070158578227
580.133761195568,-443.709047214935,3.02446833374352
3393.13459074592,-1698.95577690531,2.9726099850112
1747.05999300494,-1805.19128471739,3.13265148835974
2866.14436839042,-1594.13423305423,3.05394562253535
340.129957436158,-976.423399903802,2.99095794003587
3349.86292654428,-906.313070245767,2.96119557963566
3252.53638588598,-311.622053419732,3.03008799743885
2259.51629718029,-474.161263773501,3.06845867843997
2465.7472981089,-782.758591424206,3.02055318690753
802.061546412846,-312.565852396335,2.86827340932156
1211.41633702879,-631.220476561722,2.97244099122885
1888.54015895007,-2109.94361642188,3.02994893175611
101.336146018209,-807.909747166516,3.06577818156429
1933.56334314309,-91.1240625047632,3.09623126615444
1610.8710949965,-183.244818291973,2.89940340258133
3372.7893916342,-586.966282748204,3.00204012305804
1153.99712479232,-618.548642469533,2.95490954272162
3286.14877672712,-1507.85748701465,2.99780961432756
280.292647746501,-751.750923921006,2.85464468580672
794.123172833771,-412.926385201957,2.8522326263192
1493.36464442588,-1952.7349664128,3.00230492760593
821.194190085508,-2202.84845615453,2.918762596555
1763.63820882369,-731.000697599347,2.78261236424602
3595.05437080652,-1735.29439794368,3.19932721420943
627.591428253524,-58.0671210396121,3.04330460822861
846.423820205084,-1971.44382043085,2.85384042674437
1899.97006010418,-107.659400657948,2.96851080688
2327.27155560417,-297.072671326287,2.99805332359736
810.957465054937,-1442.5993907652,3.40008503754881
3213.18818935047,-2124.40657968701,3.20051504018652
392.716032166667,-2100.51155829729,3.11233401255932
2566.87648996248,-2204.867942169,2.97975332888073
4009.92005230159,-526.632990010865,3.10003331950556
331.250152132147,-139.339175849204,3.00257612255925
1736.96622140467,-1543.49785282559,3.02051380103531
1485.91949780357,-432.737367981739,3.07206367803215
2168.39541373086,-449.37954521106,3.07728347683063
2390.70830596563,-1034.04033691325,3.08579592017817
193.828878927777,-956.616972852741,3.0413408818201
3640.48325059259,-361.960080687788,3.08753655212977
3976.73060501714,-1853.04960832935,2.95643563153937
2154.71119108147,-2086.12971570422,3.01142299433049
1532.36827344546,-1134.832921684,3.01235808991637
416.797647016866,-1513.84574803237,3.13954369341082
4011.65869514703,-1692.77590426783,2.9593866997805
1859.60205951702,-1434.1241675189,2.97388238359388
1666.2056898355,-576.922522789568,3.10225584787169
432.10172574374,-1476.0115719762,3.21020438600329
2058.74318317611,-124.081104120335,3.30873173073347
2888.17407476394,-1307.91600752335,3.03486907598914
806.755634429799,-149.674397520671,3.15802468887832
2166.29260233994,-541.410072504279,3.37858840952713
2676.84575382255,-494.948661526164,2.95921463287331
1456.76628611369,-1322.05364001743,3.11674312617712
3054.86424408909,-932.480862859065,3.19739881164905
3842.72983265467,-1312.5075618615,3.02738532382821
3389.62769451018,-70.0554167435389,3.13761315823007
2563.18347935189,-606.400727508371,3.01463969997121
2403.23513862217,-412.935864116805,3.03259344165041
2215.66320876547,-1340.26798565097,2.91792097940732
2636.54935184072,-41.1664371908659,3.09713830882117
964.097476765261,-1057.58536556333,3.13222951129376
3662.55419014304,-2193.504319959,3.18423685689644
78.1780627724525,-348.993321410671,3.0478388638691
2905.87392660145,-490.848424080695,3.10989797534809
3421.53814446148,-242.708449559343,3.05082900322868
3231.30766795266,-1095.16490264878,3.04490552825144
1506.48068948163,-1414.2539232962,3.07137457543097
3196.83371363069,-1586.04047062622,3.32430562040357
743.57105982412,-1967.12367349593,3.04659429208043
1710.84951083751,-1624.57515590673,2.94975373976507
1291.08510440114,-993.25390834542,3.03261302153849
1918.75229264019,-651.516015878025,2.66796969537955
1273.70215117266,-1801.00240819652,3.05131876565864
3063.61983523683,-698.302299331022,2.96717290205231
2489.09785609571,-450.363060876281,3.056284119698
1390.59440833477,-679.069727047573,3.0351660385176
1279.7120101525,-359.777363524402,3.06006821777041
1724.00483700028,-1807.20528239766,2.9882398108205
985.945535370161,-1751.38151427541,3.10781572875091
263.758927440601,-759.008987194012,3.09121905079924
1016.59765092544,-452.253478229948,3.08895462421168
3478.34338788256,-595.260104250713,3.00633610686328
3887.61236207905,-1490.15293580551,3.00186623615786
3913.98269112927,-260.504061425999,3.13389604415978
1054.73178813296,-31.6717993035678,2.89464564386111
1433.90075301164,-1928.07368521582,2.98702339423129
1841.65395585457,-2071.99922604142,3.04578377569317
3396.86202900947,-2207.69901122193,3.00807688941658
2868.1364038776,-1640.87748051231,3.22816829743862
1809.64926059381,-86.4343939579422,3.05747321713842
601.059861459332,-266.867531167001,3.11945700999393
3195.96411027572,-1546.19168697046,3.08071962852106
479.457430668268,-357.070734055881,3.02839434797629
2987.10153802613,-1297.55120077194,2.90563714390431
2290.87562856072,-165.683197170082,3.04465202359248
3604.12139045978,-338.899550456035,3.4582178593564
1365.71877569164,-1701.22108869455,2.98249440548944
2185.201308213,-1571.48383057119,3.02059578218679
681.66910493348,-941.401125901733,3.11989060904788
1726.41807713166,-1726.39194187969,2.86323628740652
678.143048079511,-1552.24255616484,3.0937947384473
3898.39731519729,-881.992234839383,3.12795865144012
1974.56972209195,-1486.74441710725,3.02462680245756
2652.05755788174,-2145.81717471553,3.06398047358815
1566.68216892816,-1717.76549878817,3.16259466954515
3249.74553413531,-181.220693870964,3.11328106328008
3872.46612960728,-1063.39230753883,3.1403404599841
1431.52238647114,-2181.10733785326,3.29104802710784
2888.85936663878,-166.006058520038,3.04774795585174
2462.88429498261,-880.677671318458,3.21554812757881
717.125327271137,-1824.94143561839,3.08321616471912
3338.67418450089,-613.833337333932,3.2517773369365
3049.11298328651,-1329.45034074615,3.0172191699343
774.869445830766,-2036.22271035596,3.12561318038333
3301.32527040739,-1090.35387934276,3.04331444622384
759.834084145619,-487.653737066621,3.0005350928602
3555.79039676868,-1872.50626454736,3.17661188035013
3545.59824739985,-450.753900143869,3.1548575571996
3289.67179265075,-1031.63922606001,3.07542606772223
576.657073483934,-1932.98024144455,3.19280425752667
2573.72037184543,-244.131918889346,3.14478603315871
1769.28301367205,-1888.82044483757,3.1465002062853
1652.49773036189,-964.539077559138,3.10429604419105
2433.34987927087,-1953.59634886746,2.98276067641284
3253.89016516232,-1292.84490746869,3.11561332400375
83.1944653643278,-404.246623016075,3.10248495631508
1766.61567849794,-1494.21921855528,3.01801685691884
1827.70414343974,-192.173925625133,3.22134453627442
1835.47698435683,-1846.71087387102,3.14900804591302
3597.26773849497,-900.677297438986,3.14032665786604
4015.2871255311,-636.780267130504,3.02286530842475
1026.57587011999,-516.947721641494,3.08989834054348
2626.24492154976,-2209.70887426232,3.06750594350764
2601.56837289903,-226.33938000351,3.18372132799935
1510.22614750184,-1772.29048054426,3.06502212254722
3040.81788639398,-1857.51577276972,3.02473346693153
1995.62426432946,-524.821188619165,3.01336123948752
2497.55040751881,-869.046144652022,3.30218060430664
3123.1463070546,-742.372030174456,3.08065203342764
1473.38697167927,-842.065579638386,2.9192502312636
1176.06168520379,-1380.71705107492,3.05513073024603
1481.95406639817,-1461.75173257948,3.03938096559266
262.004336853892,-407.236025287595,3.13647083414984
1705.07506567919,-668.634927365421,3.00994983066012
566.78267680095,-1474.63451664755,3.0624282071603
771.290207710137,-900.109865055111,3.15856828562507
107.445757150027,-1435.93724000544,3.14684996143916
2951.55411366161,-155.858454304242,3.22115658096647
1993.70783284414,-1870.91994023837,3.168493183184
1898.12097534472,-238.299248919943,3.74663081556104
701.82319816226,-742.858476326455,3.16862533340033
2668.58376863728,-937.700521506475,2.98359274036096
3320.01566915983,-532.9327417489,3.17299831166381
1348.3101486046,-899.685116976483,2.96960887850833
2479.36663593466,-641.993771396645,3.24809821344122
2570.11850268222,-1625.02150007573,3.08170109599568
2365.00079932737,-1732.27637897268,3.20014139573841
1398.76623194016,-1606.23421685986,3.48130409569625
1273.25106949615,-329.917957325124,3.17363271880911
439.301749914117,-1572.56478349468,3.24819331041859
2271.74094478992,-1647.13202860359,3.28959542175885
2392.03535651006,-875.032470859779,3.10701688873053
3685.81448346034,-1730.41691403327,3.25587012698369
1425.76112349148,-2048.39499553419,2.99719397786065
3237.42570536389,-2016.26606034107,3.04745094753892
1221.54311118447,-1029.36549421145,3.20725915149628
2170.87275525828,-927.441304181448,3.25569860391614
652.404295931605,-1219.40187969382,3.14423945841961
2464.5728439614,-369.931176426035,3.02955703762867
1927.93374488738,-1558.04443767348,3.09136809788341
821.900092171919,-2004.99494735396,3.20374010872057
2674.95429133889,-1664.39075189945,3.029511708366
2942.10376212059,-911.426501455462,3.0576285897915
2734.98741900845,-1709.67122781784,3.36407458485795
1927.76251213054,-1332.4767498308,3.26107136890113
2465.55662177715,-179.110641232633,3.07110675214757
2207.18893605233,-457.497818713373,2.9897407279671
4035.0246334223,-1760.15074528896,3.1368225150796
2497.53872671601,-853.295490540984,3.2152228296626
263.54723411728,-810.09805958988,3.25257070937228
2566.91286529058,-918.571823348827,3.03061464251584
2676.83468768269,-675.21653551937,3.2244321311609
251.723740473217,-1469.44416391054,3.2188668170967
3771.00646730396,-649.965930005259,2.99509117004308
1605.95530155504,-298.762283258835,3.20143742585627
1618.15931086086,-2138.00270440037,3.07931409544423
1606.08392781069,-2213.8671296691,3.047571961229
1486.49195822339,-381.922910219306,3.1912130862135
1761.35720792875,-278.97246101534,3.09480286884823
868.534283977521,-1326.73356406058,3.10857538931386
1826.34708650908,-41.9369039740838,3.20907555676642
1454.82526546465,-1238.08767877754,3.2916694531713
480.191594292816,-1840.88672928524,3.28883573598799
3666.43169121632,-2018.41379520456,3.04900288480711
397.934322755284,-1196.05493823369,3.19573862070651
3491.07169672276,-1340.64500436143,3.23650279487863
3790.27046508509,-491.45770636543,3.22162742573065
971.59287830115,-1433.60178809547,3.0324499560004
3370.10321459435,-298.111435989434,3.21095237905254
3752.56444473086,-1692.16379147271,3.29446379304703
3192.76849691401,-69.3073679077956,3.26174519288401
2252.84148481286,-788.888504268909,3.11671843181008
1400.41597373337,-714.418289502509,3.16869183253683
3657.9751467004,-177.451802234791,3.08087159582683
3571.82920503354,-1363.78189376923,3.21024599609507
1975.73013949876,-945.401398350201,3.22597524159043
3987.13523926123,-1136.86131064194,3.02724789920915
3103.08206338012,-922.716954167944,3.12972772314587
984.364498249503,-996.796539977704,3.20900601956433
770.947950081694,-1337.28305554415,3.11706319543405
1282.42785012307,-1108.04367835541,3.1616185860057
3023.41689198507,-1551.53415191736,2.98557643926447
2565.75506605716,-504.370423533075,2.95207915628967
1859.31269857293,-1955.43235929265,3.04954422804845
2194.01560276866,-798.649447223605,3.29766072832416
679.025590922593,-47.0508159787146,3.16771212039565
3954.40185064838,-917.253317365663,2.98880565231631
3833.84928979495,-464.486680671269,3.15385182831846
3000.86250662003,-663.703147493347,3.19381034437212
4059.97716549058,-625.225528402936,3.10349815821766
1977.63219994128,-14.4173537747264,3.24648279425133
3665.00760581939,-309.594601319738,3.24775887182267
2786.11677295237,-208.353913559383,3.27715159326455
2769.35746708504,-1871.77610060755,3.23818053298896
3933.99390991604,-1999.25611318614,3.30932806165162
1342.24770290491,-2013.26325839644,3.33168970137396
1089.14726756582,-366.202739343962,3.22918811387579
343.212684176151,-596.666235271149,3.10985586246607
1913.53401185773,-1795.74814206852,3.26674521608569
933.924781453399,-770.361330996661,3.26540971156151
2746.2814757218,-1451.04203550791,3.39083573685062
2739.53962136692,-338.216305150357,3.14311818571368
2085.92484170706,-1577.88321966375,3.15767989562983
4043.13277516966,-641.530232115548,3.10191370373563
3717.26268407197,-1738.64237947095,3.11543824125911
2195.11828989786,-1673.52374869969,3.10775636007778
472.062619971382,-1397.15378719478,3.16136975662073
1091.04534257644,-2054.66359593157,3.23263193041885
3370.7849738811,-96.3388223295726,3.11977443716061
3474.31472824977,-1350.31411555621,2.97702499324425
3427.07921697153,-2176.59910828491,3.37319684704504
2745.09157357109,-600.24001628676,3.26826208997588
1699.22181296896,-1329.71650688129,3.20756810259807
3160.89749630206,-1946.03496608982,3.52296257084499
3384.50871453395,-469.61158977079,3.36888579260736
147.048733127378,-113.499773294188,3.01568451545667
2612.45494429509,-1978.9447163502,3.2840078563308
877.283046309126,-2087.40639937838,3.29452702653794
1165.81000137883,-897.273402134929,3.34652181336858
3478.24042980311,-896.096171509786,3.15210613113413
3196.25197133555,-831.979369272603,3.19842728586347
1092.54723781231,-1332.63362635396,3.22550039015217
3327.69171276734,-1835.34297110806,3.26662918168523
1962.21422157087,-50.7819577962926,3.243720617779
2905.24162597536,-744.940273564545,3.19410232234627
310.858979882025,-1532.88817289493,3.11750959012846
1782.37408420462,-490.02741276891,3.22886832358489
1491.35610958438,-1786.48260070483,3.22535672742727
3948.14517464898,-853.936334902834,3.44521982674681
3808.47699215101,-12.3412949447625,3.1818369505194
3625.27723041968,-1565.5191651291,3.24543739114663
2442.35890770136,-2143.80711683163,3.23260603909632
2028.48545699493,-347.567424789828,3.23804992435114
3010.61165887726,-171.602107949489,3.22099872061307
318.531801450926,-99.6403249049832,3.32489726914209
545.091443137488,-1278.44145782462,3.34635639436459
998.520224460303,-1700.83049244231,3.16462315291091
2806.10366362453,-810.012391021192,3.24199354832526
2699.44409722268,-189.299643032648,3.02907308524797
868.894229055894,-292.397858736313,3.27332875026719
1456.08596211868,-1745.87788237184,3.29754598808825
3084.37058661209,-1857.96955495704,3.22353529505065
3549.74722258279,-1168.47422508651,3.6187467900864
2530.50007301982,-184.939432541642,3.23994695211578
4052.41199935466,-1622.05468266714,3.25708588247549
826.545099502862,-1916.51540114484,3.37830798610827
2639.80680372269,-897.887968566948,3.29937951445821
1036.97870596567,-1499.09644995257,3.27296845194542
863.371544386506,-261.267187344602,3.14826753976761
3691.20107642941,-2009.06335591561,3.54856524251018
3973.20008705821,-633.392017798957,3.12476365219321
3027.20511363524,-1845.16529871239,3.18822921067445
2795.27219049501,-2116.95493016376,3.2552623587861
3218.53749067173,-1827.04947149914,3.3444375733781
1083.33777314809,-1297.54511046718,3.50862118034339
1877.71321157375,-36.7033518759327,3.29271239106539
2516.28798835127,-10.7605665994428,3.86414175248152
1507.62379640416,-898.393868321091,3.36005700466738
298.465354910898,-1951.01270313072,3.36439291084127
2336.47968119896,-70.8195827171888,3.45390175273011
895.125109904355,-1981.61657999302,3.19886166621194
3431.67467838978,-984.911594177906,3.26930571508457
2176.77259802907,-2045.00157862624,3.65001080550795
3698.24936968387,-1881.59847114891,3.32596053387963
1484.5880716834,-1975.07863804555,3.54528189318527
2492.25680844981,-1482.35715677696,3.49363366673471
1983.33488065857,-1507.74096527022,3.31034684524109
875.278478949343,-1147.26600264558,3.39461991979704
3554.78361077265,-1342.00665263369,3.28152601478346
1092.88004290519,-1513.83001903085,3.30277095921943
2925.30326864384,-308.986318159804,3.41757309587925
134.490817821249,-393.647303004039,3.4089168630729
2397.65647088926,-281.68627388847,3.2447535598757
2181.0194877996,-1422.07446204879,3.40781312783671
110.541333253526,-1503.69492994428,3.45506326534298
3792.33574417062,-1029.4771760351,3.11138554717384
3954.61837401929,-881.213835986361,3.22669910365722
3299.19657592458,-916.825443789984,3.28980280094762
2348.77763189739,-713.421975810264,3.29596175401384
2361.39857967786,-1865.58950858785,3.21387584412318
2143.35285909573,-627.221805750858,3.33544391990005
75.7551370247457,-491.083235335311,3.28839121549293
3573.80832557897,-1192.65236946362,3.37522025515115
1900.78198170604,-65.053929578787,3.22438746628391
3617.56764242667,-1513.37908404723,3.25575106396497
2051.7106579602,-354.745771359245,3.28079153221181
1355.97980324993,-1321.03216307461,3.59790916181148
2332.12118775211,-1807.55842430182,3.52583883435973
432.884948775763,-1366.22118218961,3.41553782731413
1474.10146438902,-900.369799100136,3.22070059746837
1134.68487199684,-1227.88170984556,3.39360900641702
3162.68190973503,-1766.0851895388,3.49971447632831
3181.30042470579,-1869.54400906202,3.19479906675728
1044.05106454489,-709.430587445001,3.38054459479694
3189.51644223068,-1432.84012640255,3.32547940619375
2216.2728021901,-1685.28820814184,3.28159034631253
173.852446281119,-771.828403097089,3.49848870915338
2744.61706261494,-1639.14868420015,3.40556116949568
3261.24931339186,-70.3510260357179,3.33886275767603
1167.55765186062,-1142.62035666947,3.40290165715134
2927.68839314981,-744.868075567459,3.29795307169278
3241.44556226573,-800.064339212967,3.39810767843735
262.365983095736,-1351.95799042913,3.53661786211657
1778.94156683391,-2098.39508091415,3.155420542933
2112.43941458863,-1138.88543933336,3.28039837886556
1987.57105685428,-1653.10414103836,3.39338893380551
3932.3809495882,-1450.88926244648,3.27497317123284
3907.6657390759,-1269.03843385785,3.41658938396861
1689.41701706329,-773.892427898328,3.42527054472026
3035.67160262892,-192.550565336523,3.32759107204427
2171.80647846786,-1103.3307808912,3.64732487946759
2625.37487331382,-1618.63744465413,3.36773167153078
1991.84365428176,-2177.73891901702,3.39452410307091
431.929328901528,-1738.15278185851,3.34872283055468
746.825448991711,-1885.66749261437,3.35079658898646
1702.56106062023,-1473.96769091997,3.5927412288816
1152.89770054949,-1003.3546767067,3.28699573283255
1301.69772962195,-1051.19743218584,3.392760670264
2427.68772856934,-650.565898216622,3.13113292844
3413.19262587503,-1787.02567891883,3.55070201706498
2313.76127939631,-84.8006426908881,3.12598507886915
2085.73178208655,-249.091177508093,3.42158794467017
2643.44039532479,-678.66050477565,3.41065687721604
3379.69635958938,-1529.05381784315,3.31613275698649
2367.15900639155,-1680.05548672744,3.33110926637828
2786.40564973365,-884.623280478663,3.41519684401737
2921.96590436299,-2212.99848966549,3.4477486280014
1829.3113378431,-1998.95582963769,3.37508433803136
1471.09391645757,-871.452254082571,3.20754678914355
1791.1932585105,-682.182095354368,3.34776728442835
482.923743885855,-612.612306491092,3.45431193757567
3489.42889582952,-1208.74515956833,3.3883098999875
1953.46642266223,-1443.86896994242,3.53043841187588
529.226556120129,-199.127468964359,3.65592060154884
3663.53090189134,-2128.57627630653,3.38260228329476
291.953470550999,-347.746376375929,3.49246987668001
3687.6714614808,-615.953754308484,3.35162075996657
3168.61906284637,-678.877122893978,3.37636046238007
3429.58787688891,-1201.84848540164,3.51306873359369
2213.47281709972,-595.520077271082,3.43738726803064
2128.69437167661,-234.048135241724,3.5098336796235
2681.81981513172,-109.39900993503,3.4355720156254
2180.40555282942,-3.13446119064235,3.6034148853456
3155.41509416101,-560.266576816446,3.43899085475607
174.019274201453,-45.9541093867704,3.44263122352521
3277.85342461602,-1546.73600692896,3.54911418578
996.970572989146,-533.437960224382,3.37373972732568
3200.35582149577,-280.574398758157,3.60960779157787
936.757439670318,-2142.17076826209,3.4126355593671
2956.05906347225,-568.703657347934,3.50194251169706
1883.13502777563,-1343.41812376812,3.43486482977141
3578.70690815274,-542.041054050713,3.58418456574918
3633.87669463779,-1084.82881775123,3.52283513448166
3031.84875307286,-855.6793174409,3.56634023306728
1685.93886074389,-869.411195600776,3.49904836091058
328.782010638313,-681.673030273445,3.44948511743379
2828.24700625933,-2099.1901607365,3.58961121641021
3802.32688088666,-739.194623645093,3.55968349728934
2469.6635091978,-2012.88956762178,3.56832188679701
3726.62271859436,-613.008274414912,3.58869797021256
1811.07332555109,-516.03247386421,3.3894160957222
3095.98095778592,-1453.28452433359,3.38699775391568
151.650598849972,-168.719591217112,3.56545929102468
2790.98852611288,-826.065068543228,3.40125176095182
3086.67565615322,-36.1904880802428,3.55636933112715
2066.09368032255,-681.374261633034,3.54802291543236
669.054155430305,-1456.29567117682,3.46174952929923
2827.62144623275,-1099.21882588912,3.54186578227118
2346.94572525184,-123.299616239495,3.54818173222981
3633.85496284519,-2191.64374940586,3.31844181121174
3294.21827591968,-2134.19650439299,3.41634932400738
3178.57043863703,-102.661924711431,3.53486121575562
2382.40960308226,-161.254380848826,3.66510446738098
2279.94922481815,-569.322225094975,3.31185450074046
271.618272850965,-11.9100471314018,3.51515318577829
2350.37199418989,-1413.40586606771,3.54666959672481
3282.05465974417,-1757.14814773179,3.72302469747239
2563.71310234143,-2027.47551307389,3.58609146825287
2317.1549170746,-1972.50649558659,3.61845927298699
1253.43076614272,-1724.44127672258,3.57629513954656
1836.86855273606,-1362.27712723112,3.56158513162113
3843.05344885808,-1671.75929669524,3.5893008857441
3477.84395320854,-1031.18369464826,3.51506004885941
1875.38300865003,-1381.48474738996,3.65928941308157
3351.44684065422,-2198.80141920687,3.6394489696624
313.116804467869,-1336.89940552829,3.67649771071966
1942.04392116572,-606.666246726759,3.48691817932131
1495.35106559923,-169.563798582452,3.48567367085188
2992.0620726744,-1445.75465707905,3.59679656014108
4042.25020163614,-2057.00708421909,3.59470269857434
1309.14961575608,-456.218551862159,3.47163889526592
1680.05939135054,-2163.44393609409,3.52007616918301
1534.2883336451,-2129.35712699851,3.70794626686752
191.121096604941,-885.646190145475,3.60293530589856
2472.42595857536,-2115.6409361892,3.63417821503708
1776.80277975719,-779.059702520849,3.84110965784414
1831.78588769963,-609.660627117994,3.75624496557884
519.296827690749,-1554.31663082556,3.67050637706662
2726.51035392211,-277.196856966416,3.66882289588901
2357.57985714798,-392.984071765801,3.5817051637202
1282.49095678741,-161.307228914114,3.86290933732649
2823.64476199695,-1190.31678959981,3.57999836445355
2135.7417077697,-1292.97430152103,3.68315199031909
565.163938889583,-1912.017687783,3.54510079383425
2057.05676002897,-1825.77500659613,3.68736398592666
2835.30870124535,-1585.77907406773,3.61269232078955
2956.07422616721,-2089.1994258833,3.83435881487991
1184.50928215524,-6.5762406153331,3.59507823287979
2292.50542173327,-1089.06592583086,3.73534429747335
825.836134429889,-821.822016861941,3.7419186701711
2549.16029403377,-2158.28143749259,3.68542082410372
65.2409588643966,-1515.86142776407,3.37409547155601
3894.36391963695,-458.927093018961,3.87336668072348
2834.72381453355,-711.168864446489,3.63347967291354
3726.71173898982,-684.061740023791,3.77532227794033
1216.24776907322,-197.354232999808,3.6675695863127
111.522153609952,-1327.13450636192,3.73203807035076
996.328248908023,-1166.02578071905,3.79058122459979
2380.94811338267,-1350.28522190825,3.7859730698502
3259.99776545764,-1132.83201976303,4.09622105078802
2996.56918737176,-1673.74401885255,3.91303902765152
2279.86994536234,-297.250074748387,3.92347824187506
1003.68477977154,-896.065091891807,3.82419360263343
1513.80732748675,-1733.15574022242,3.7998220165217
3133.93098219654,-1993.67274365315,3.836923077858
3736.09922152184,-301.525719258331,3.96849042076396
322.643611511113,-1730.60636247612,4.05044463989793
1871.83009504426,-1997.71900518413,3.99589720387754
553.555691384594,-845.915232430982,4.03842735977142
368.963915659353,6.97085443824003,3.87740915337927
566.782079160727,-162.345229186115,3.83039813292654
3059.21270073847,-761.375123354813,3.86711010830433
2703.86666192504,-2038.48276235616,3.92021652350816
168.045289211128,-305.041538282933,3.86084814440529
1357.74559346691,-1044.50621278213,3.67964900049469
1600.96881337209,-1330.09937878199,3.87551404854579
354.146586678574,-762.233171941021,3.74991566802674
3753.78580461578,-1035.73387260668,3.76212725797597
2869.76886534515,-15.8088251883312,3.85047982793658
518.983825545401,-120.670520754433,3.83864382073907
2429.50256990917,-1006.99273443341,4.05815578808607
3345.50549679672,-1358.17744820144,3.8211480975018
2800.62822924544,-393.670855723972,3.75499415976247
257.435602580957,-694.735713969122,3.90910208627245
3780.79120214304,-1517.83906977253,3.85526305388112
2461.98398075767,-310.139421923548,4.02943605627356
1094.09390772766,-230.625472081318,3.9765745935336
3009.8799396532,-297.453948284671,3.9293583441843
1946.89548920249,-218.989835265035,4.08350905443934
856.440418415146,-547.198825634915,4.00371939275323
962.962002899011,-267.853861765212,3.96052530903527
96.6065440862745,-1097.47441478385,3.90085512729644
748.965498055129,-1132.93619369865,4.02359930638583
3277.98090245286,-186.075448490089,4.00463030632231
2991.19037899255,-25.7463509033531,3.92726089673186
95.8813154515331,-319.085552983108,4.1760487930641
1142.88515261852,-2214.57591132774,3.89462912218449
3262.20877001377,-884.58313177147,3.9806563314935
2603.42207564435,-433.582545227718,3.93168996633929
4000.83208016732,-1312.33493858318,4.0418911483851
994.628239759147,-1881.87531060375,4.12990091308758
2248.93515886385,-1978.04202206565,3.90363368323965
3312.08001605725,-1905.48570616491,3.97324004883592
1762.37516520521,-864.380386179627,4.18360477130635
2940.00802519775,-974.262537056435,4.00904153926435
1569.2007126409,-1079.99413993195,4.01957079754121
3318.39963869214,-249.060803889148,4.15128769884959
278.090154209344,-545.049944181658,4.30478090465252
3082.33973982188,-1947.72385472586,4.31121620219242
202.060168375078,-393.925645749322,4.21472731062827
827.442943589105,-1348.94709042629,4.24805096455517
3767.6649090366,-1435.75614726252,4.17520988923378
1251.20719796053,-1526.83087419138,4.21832903730462
2728.87592901021,-1964.06146433196,4.18317496458715
2447.12337525829,-236.569644487955,4.07579711904432
3451.76337435079,-27.5621844000246,4.23325223476289
1239.175378877,-806.284008035339,4.24400213632804
2586.63840769685,-735.822088527087,4.42109827062183
403.15213035868,-101.877575691273,4.42183414037076
2338.71150285638,-1812.44634009031,4.18824963929661
125.057128125366,-1176.40215565109,4.16656598553832
2536.40675688436,-1933.21670987566,4.36093010111454
457.688857158186,-895.431870471652,4.41133222963687
2094.16294603514,-41.4596521932484,4.3540284935589
1260.34494970536,-2160.44670752296,4.38233617531875
3048.96481024499,-830.461317606212,4.38344722225838
2288.8789043385,-353.239649773096,4.36580904856149
1824.21893729062,-2156.32102390176,4.29137466741794
3448.70646571776,-1658.06799032961,4.50729410197394
2484.16306792661,-1326.84639614019,4.41320595541907
2337.8016401974,-675.081200987135,4.46915997109435
3334.0308586898,-684.612887123662,4.589518707548
197.880232955832,-1260.6833444335,4.37864874945003
1726.19660623671,-1364.34681315539,4.62707834565737
3946.42347705606,-1402.19194814727,4.45939034763923
856.481540490836,-1110.17794235177,4.65537925943115
3045.68449197056,-2077.71690975379,4.33942640992837
2051.45297821824,-1401.2360237605,4.33713219064794
2924.20561000045,-2030.77063681779,4.54750249150535
3132.16953289687,-1095.673929961,4.74126387799324
529.747795417071,-542.619376226213,4.77598715668494
2569.25989908524,-1607.27910714356,4.67670081116317
2984.31101522428,-2160.24117587669,4.5847942337755
2899.41064712968,-437.415923878747,4.77236160546659
3618.94863257511,-284.383234739856,4.77213508567223
1121.45215036721,-1435.45412115506,4.73113086048967
1553.4285958134,-666.937321039373,4.69557274913878
544.058038445999,-1197.11726373294,4.57977369372354
450.411840452261,-1291.45254531523,4.72015070647459
2174.99326900581,-1873.5214780095,4.82297386791772
2673.2462780732,-2097.48439783351,4.87478117442733
1354.67806196124,-641.92019794151,4.93526577987527
506.245378064787,-2083.32992867213,4.74950994438189
2967.69837383425,-1951.20100046562,4.81027411407112
1932.67438246502,-2191.53258201773,4.91920277928929
1120.14736282092,-1980.89261582069,5.07601085487514
3220.8552116532,-1242.65644509558,4.7060095268383
1684.19641282929,-503.192608971226,4.96632715007157
206.999981180039,-688.005423835772,5.0383514780547
2982.52463199521,-1189.33807912519,5.23594708376889
2894.7579333972,-228.101084387789,5.13590318507673
3445.42209534068,-1323.87613630754,5.41460002307914
3311.39995355725,-497.918505910815,5.55506553708331
1544.47364459389,-1007.268257101,5.05790433449311
746.275422688093,-330.506589504627,5.42437852769325
699.984183851884,-1673.62420039952,5.52814650628318
1401.97023807566,-1174.09513178419,5.50102221150077
594.87989436839,-1019.37786813388,5.67242152518209
3651.3415242998,-2094.73082761804,5.83353755438037
2629.89716510753,-1087.25353734557,6.09243912824768
3386.33238214069,-211.181637551977,2.40478047387565
3213.97523884947,-119.42288867984,2.70743143579706
2714.66171830551,-656.174582081081,3.00806481546383
503.029082027624,-1901.23334339173,2.90158668861375
2091.25459382446,-2162.08186560456,3.2365476912306
3557.09040640792,-86.1754433682081,2.88713268993222
444.589983815996,-745.220665760085,2.90874226339496
1663.80951552305,-447.109429176677,2.98655650797543
2351.20468468203,-2054.6394163744,3.0202615661438
2984.75314878792,-2032.58953194273,2.82749916193796
2671.43742047975,-925.11433367906,3.206701179437
384.94827288808,-486.272034942594,2.90419956888369
2643.52152841016,-330.762341736894,2.96685784792747
1804.93619283943,-725.760644714567,3.12676274455429
1586.44759624613,-2061.82617652517,2.78766004667768
2640.70485794426,-359.799684419862,3.10572107929766
185.421190583203,-616.58521380191,2.81163378142852
1726.25600834309,-969.980399712389,2.9003580669357
3086.17109702357,-1082.15762307016,2.90748675234589
2459.29702109606,-161.602632816514,3.11121682925548
2172.08100606996,-1316.28479567051,3.17968072489694
3670.3509688816,-129.732289066893,3.11217925261461
2213.63438775013,-47.9835937143085,2.79852844812113
1702.97502294724,-840.551835361997,2.67648350607296
558.289692906778,-1488.85124902416,2.59497948324827
627.583419858055,-1422.2767508462,3.00808845148976
2685.86360795365,-26.5141030774677,3.02528751547997
3180.09720087377,-1603.99635695986,2.84233365564154
1215.38622637984,-1932.56131656218,2.92653841335865
3747.89163409672,-1727.62063823855,2.89421023443913
499.138889467909,-2158.61895847191,3.09327360541443
1440.21721225422,-1781.9088127735,3.17375263320498
908.60405518042,-196.308048139213,2.78441147451871
1135.31045535058,-291.04067540914,2.84386583608084
2262.58555251074,-496.922134831457,3.23683390053088
3258.20823520406,-360.982631275512,3.274402762736
2379.06810120723,-301.213002192269,2.94817100270494
1496.67842246785,-1004.08687070901,2.70557526912162
579.742206977571,-212.68368454184,2.83486919889973
1615.79369839324,-1083.39035072195,2.91635486141148
1528.09806471767,-506.976354997013,3.21796359006521
407.608269370159,-1038.71770357187,2.87784795820266
852.638296159497,-425.451119322046,2.93448011382236
1795.45222789212,-199.236364474208,2.78151255487959
1420.82116434156,-81.958604627072,3.17884893236502
1597.57466826902,-598.299058380091,3.04526011455471
3889.36619953674,-1301.54882994849,3.24343474142953
3436.88760199502,-248.996582103579,3.04019683539242
948.349973610209,-437.428337996611,2.97015652939782
3432.75097120011,-286.931845393289,3.43396518500416
2412.88803091608,-692.581815503617,2.71552583108546
2883.43266828492,-470.780650303437,3.02923685054993
1248.5221271565,-1076.3112587289,3.01379734209264
817.724022497645,-579.781682653745,2.99881825196682
587.650776332758,-1503.63419371371,3.18717653953393
1460.36067859154,-1716.03445422178,2.9636314444581
3424.58415113474,-821.219233498974,2.92245526624662
1118.17427802285,-968.299641073505,2.72224924082494
3983.07711676269,-865.060251283968,3.01900214609118
4025.16288557771,-63.8024133915954,3.28080054963663
2314.90600800116,-991.788806245715,2.97444355386992
3533.37751216583,-361.245999759809,2.93838753689116
1393.64936139569,-97.0342440286393,3.35730223398127
3391.30396478313,-1955.75031812284,2.80925917861753
907.393777550603,-1528.47105349758,3.13556796155539
1032.69272284147,-1266.74654892521,3.17629420385076
2016.53515963539,-464.680964441047,3.04824785569145
3174.59734770965,-293.099929927052,3.39712180317853
3504.25142491213,-528.752831897856,3.03729803907389
249.501960063239,-107.862783895185,3.09461060183759
1028.87960198028,-127.608513536738,3.22275178772795
3890.07340084571,-1841.48824439678,3.02900088142833
349.20325346993,-522.261961916245,2.95375449279201
3093.90077788077,-1797.90299431301,2.88361937994251
3906.8043857333,-11.4670804325589,2.93018758511733
825.812736860723,-375.726571756859,2.73312225763827
3140.99994500173,-510.712391062411,2.95812601485926
3728.92702770374,-333.854111001912,3.18375830596621
1314.30373184926,-385.764190501996,3.19673808424014
432.814110244395,-1875.8652657093,2.79739123544011
2275.2410436081,-711.134710575364,2.49562481949791
4002.25528059716,-103.793397441736,3.05533560266492
2080.67991364202,-356.098567691048,3.03808545103133
2115.91959334296,-280.187315938851,2.89412728762917
3531.1632290885,-879.038677087603,2.98063266733627
688.840768276238,-80.7168471948049,3.23683432961991
1146.42348769007,-1445.73894938176,2.78870110821196
2801.8005389396,-575.916357777723,3.24873883382992
3607.64625157692,-623.944027567003,2.84465371039361
1636.27420464019,-2135.09236880086,3.33994411389712
978.115590846618,-674.421001725322,3.21943582976252
3160.02778724182,-308.044031546254,2.49526561919181
668.876486726517,-446.523067184988,2.90861197056222
4013.99128741391,-638.718334606731,2.81847761977875
3357.39424050443,-539.288926212176,3.00933122230325
2158.53931020405,-562.362099256801,2.79138951353531
3047.80791734648,-1646.23536197061,3.20217498598736
2041.18487958639,-77.5073593050615,2.68551195795565
1283.57527537906,-2108.80013909109,2.95524272606125
2770.30023183188,-1937.11420228489,2.90040151060233
2744.76600968467,-1837.73638156494,2.93675065432908
3570.87969821279,-1896.5574559798,2.65939868188826
4066.30050952268,-397.980087859733,3.22381909892166
2591.46486554965,-38.9389762727537,3.0928961798411
486.209793878966,-1472.60601232036,2.81552620102114
2448.99729790447,-195.487849832982,2.98316172005689
3189.15623294862,-1910.09985043715,3.03322846916644
1121.52940713703,-215.450010736632,3.2343720602086
2200.51348671249,-1646.4563075095,2.79297495404247
2038.75104729552,-271.353358634738,2.43798648732833
3124.05111712561,-439.591904701835,3.01430572259689
1920.04884530821,-415.566016185344,2.92334612564353
1441.13712471594,-107.743837129584,2.97412379995721
1314.05662151723,-1414.49009492461,3.05979355484557
3212.16358076869,-412.117523612689,3.05923622903419
2010.81500579123,-1693.91631636069,2.85131398675344
2334.52777896482,-2216.76107491577,2.78999123219683
3108.15035993096,-2200.9635362716,3.01986719583339
725.898416336464,-1026.39630001401,2.86923772123284
2979.49542449671,-333.298809932449,2.84591540908319
3528.90791407374,-1672.306722679,3.07627880559055
983.521631486925,-43.5582676444415,2.80141406511072
349.414732605438,-1452.02247368497,2.97875944886779
1493.86677743032,-1218.12344988459,3.19443382226284
3349.35480510032,-1880.95456365649,3.44388159934571
1127.51282712349,-57.6202803031649,2.7842300608735
1204.75853150636,-1082.50921346251,3.0243037446784
176.812114620037,-251.916659941722,3.16254188597816
1336.51878470554,-1651.98722313409,2.85328651473913
405.872560655578,-68.3547053320552,2.77962999646687
1548.93805663233,-232.466848450451,2.6808561524075
1199.05144326459,-95.7169136479209,3.06185436280155
2393.6443311066,-562.198626747644,2.99310757122562
838.145669912489,-181.987804709819,3.40531136415797
2485.35213372988,-360.477585765621,2.84849706915513
1570.05620073187,-202.752842425853,3.03602953409988
245.587230139474,-1736.15863662684,2.61637916717699
2022.43034102098,-2202.12887828951,2.95255826149499
578.744011592303,-944.796788177867,2.88888671029004
191.442380574156,-1639.88646054517,2.83259607068041
1308.71005673031,-2122.92240660811,2.97311835755315
1160.98797884908,-172.787363087707,2.84895435420861
1785.37646957588,-1925.49293014794,2.76092448512709
3266.10092026909,-473.403600106645,3.00755056738076
975.212770123537,-1547.92896822274,2.95567022024591
695.035124046627,-822.796325972326,3.03688663415996
1508.88966592378,-410.178741696909,2.77092628744198
2999.39307314533,-1743.55341968973,2.91819799091114
1859.12013610407,-1425.19050530825,2.84855889727733
3467.06983494347,-1348.24049645596,3.07710094273437
349.770151711638,-266.866477942305,3.17215045584322
2270.59923955435,-182.276882493916,2.93050804877673
3002.11194150251,-78.9664852170958,2.95136549234875
1415.48563221989,-224.708373335221,2.94580512076043
3438.79632785403,-858.072112896905,2.91396386584615
1183.13803402859,-504.871025819408,3.11960454537487
304.883733714157,-22.896388968631,2.73554980500379
1061.79158194031,-51.0940484275941,3.10479003352089
3310.51047588327,-466.802431370602,3.21659140007856
1854.49824066828,-10.4550475549925,3.11133429717659
3330.82019979624,-643.108503709186,3.09871498562643
336.393345129213,-1593.2584715108,2.88648875680482
1200.05883689094,-1370.00848066736,2.87361462721051
2418.14324874872,-52.2660794601733,2.9331409666621
1122.74989866936,-2185.47007852917,2.97952384378437
1219.56465639528,-426.863265274678,3.28140312390058
3120.60881722981,-1705.80443962832,2.88518891391077
3337.53472310879,-879.53712405949,2.92465515157047
3097.50825073907,-2104.54277640458,3.09839684538079
956.258058422211,-2123.90121410602,3.00290563094931
3499.86341802864,-908.258610650427,3.02765742560112
544.402510655683,-2121.32129852599,3.26126641789117
2511.53663591546,-440.11722600047,2.82639438122869
3898.12958388877,-366.530185103798,2.92581766826104
1047.93288349212,-2160.2714428114,3.20837362889381
3443.00213665756,-471.12383828511,2.94872073926598
3558.19616429656,-1872.42316797726,2.98635445087126
2717.77259250385,-1453.04236077948,2.90046624417909
3681.73193548193,-497.172852715376,2.93060441416543
3714.43382587861,-2013.19933079999,3.31607070164303
2964.46752546636,-1379.42881568726,2.99933592605935
1099.567950613,-106.851243651203,2.71443031247506
2997.48627193098,-1632.38805591961,2.79789214369664
2503.4560830792,-1925.77421949695,2.95716740049781
902.691685658218,-97.1917681704103,3.08249717901827
533.535788197712,-135.137520901214,2.83677122226513
2841.65444299336,-549.080108089233,3.19596430074913
2089.57554378638,-1953.69579451917,2.85431972595293
3369.7340689218,-1215.68728429064,2.95160557654533
2605.13802744708,-1951.64440240211,3.07989104878302
3720.69105632462,-436.559620207575,2.99980988443877
1745.92741305562,-1807.62343233751,2.9871078278931
168.535828991309,-1533.01832142881,2.78946688822383
3419.00226164216,-238.847327733736,3.01534202928472
625.138186668215,-1401.13704720638,3.1191287587093
810.407124055729,-1447.13439573369,3.37077798759712
3255.86504974183,-312.173824778692,2.99006070226962
362.824515664587,-125.537836812647,3.41938125335503
289.772440551599,-711.231304146208,3.01524457364982
1310.258101159,-1636.31816121636,2.92977112288993
1254.18426979464,-1499.18288671164,2.92718813788646
3044.58214390957,-1951.949662156,3.19290933165926
1668.11143150111,-148.516972436906,3.04727374257922
1654.75163029768,-60.0143177966441,2.79773340002845
1112.02098894095,-1592.39683895381,3.02600285891444
880.698096951661,-107.556208657991,2.86060060040951
236.286542816959,-1789.17527149387,2.88644613920673
86.5077035010588,-59.6452328107794,3.23298158952789
3664.29114363302,-1436.41292020634,2.85594374480006
540.953123135955,-374.269965978674,3.17240897060373
2956.77481773645,-105.720028345327,3.083603577554
3487.04576672231,-1342.48573252295,2.86429139397733
612.70053220846,-428.427074181809,3.04726274542018
3439.77372216535,-1252.23172638025,2.97067330783266
3304.30844419377,-1096.49846706519,2.93716790903046
2827.64015181758,-8.6010736260321,3.01111278112576
1911.67040368976,-647.328079863424,3.12113332787071
1278.68729619701,-1943.97151141669,2.98069289398559
3871.70394871838,-291.005455510703,2.97699024891178
2159.02343968986,-1591.18865488996,3.00522461285663
73.3049269098248,-2101.98109547775,2.97253071125324
1788.12162804415,-318.052891189344,2.68786366842113
2625.42734118656,-1573.02581098325,3.00271357045231
855.645558924666,-1519.82395506089,3.25809755068995
908.527491654428,-82.5236793797752,2.96208263238238
3873.29011055078,-1071.35842137711,2.96353457509194
3179.71747656375,-459.511827003599,2.89392775595081
3332.661463416,-616.395635750633,2.96255616578872
1702.0930277019,-102.088209476358,3.03093710425683
102.275784160871,-370.862900431835,3.17333968868899
2214.46920068632,-1337.97817579612,2.89396061383373
1781.0026668339,-1126.95430219121,2.90444174342741
1969.95448556246,-448.796935403411,3.02372301865733
1720.10502786505,-1963.56953191704,2.94354033644246
3273.2798270154,-379.975562204699,2.60908042133229
1306.07007342416,-228.817008861278,3.38828078357973
796.841831019552,-408.56505162951,2.87529989878672
815.838028035639,-1229.72859044402,3.50098547163496
734.42658465859,-1190.04619760499,3.02660017509448
1281.01209914842,-99.7338083780859,2.90769349146955
3285.53882271064,-865.890410987705,2.96339653113771
1219.55618866558,-1553.00779359809,2.96017069594884
4028.56323295488,-1084.03741132633,2.99500412202068
362.082537782947,-881.815192762937,3.05682079318459
660.473518511322,-897.503625288214,2.93736800602119
585.926495833709,-1601.43768262619,3.01872745510309
3712.51686753832,-1672.36450877155,2.97084651804158
2421.79305620858,-234.427607034323,3.12349519838194
2804.44394355495,-1960.18289947467,3.07465163842343
1530.11684187051,-1136.02191579558,3.07235945226632
1713.24644723798,-1918.28968978598,3.14385885858717
2495.29380252014,-448.807860075467,3.11126677540922
2318.69161197893,-157.600459798404,2.99290095470928
1839.43168209507,-2066.4171572913,3.25663181427878
3213.87898371312,-2129.31189381784,3.31801087873213
3433.05732173511,-979.714831672833,3.39051310140864
1273.95202277475,-202.684955323537,2.97501950157474
2178.53590937815,-219.400885420371,2.92463448714992
3778.47855559568,-652.101607369602,3.09445456502843
1760.49289363994,-728.411863404731,2.90365802371173
3060.63642550646,-702.034483434929,2.87097746772118
3183.97454724102,-662.782295366369,3.09384362853455
2662.90488117817,-935.357818298339,3.09687604911528
1929.76334532278,-106.539350562873,3.00161203811224
333.743818750476,-142.499200332082,3.26964081540839
1366.76493347842,-1704.53160539539,3.21735860164455
3709.2356155016,-258.255447219368,2.88888482091619
3754.72024935847,-163.585657441689,3.13283382867374
1464.69661508775,-842.949864380381,3.03321717267183
3599.94632645294,-1729.90396247864,3.18934433217037
3028.27818732869,-1544.50781043149,3.08798746449606
1577.14749796728,-255.657179606144,3.17205940984887
3233.40344942976,-2024.27294280494,3.15834267308959
3885.05236333699,-1490.77193605493,3.12675230647036
1031.11228002005,-1620.96902837631,3.03942729189529
1053.24495306083,-1575.14908387041,3.03134857361806
1015.70247819638,-455.648600666067,2.94596819953055
3691.06634241434,-22.6379829692564,3.19009125602417
2813.58474144651,-60.4223973129413,3.75083772304359
2759.16434059038,-37.5972450693562,3.05005180934945
1386.15049850043,-144.576748104548,2.8576535800727
3103.85024385708,-1975.23290977496,3.11659970178073
1482.5624709864,-1969.13728757047,3.28831312522404
2458.34047167721,-872.89274601168,2.80153747201959
799.627112978877,-308.835061499149,3.1602462869313
1016.15941446399,-1024.76846166882,3.38456838943453
2618.43579171316,-159.701797530603,2.99745184127911
1927.15934452799,-478.494841848904,2.90664702317937
2164.05802341458,-539.855717654433,3.03489654456523
963.086007294839,-1059.63943153814,3.0089409500581
2498.2028653007,-875.649264478117,3.0786892012717
1648.09718098322,-960.104275942579,3.22992178604607
3303.24791435304,-916.56382851243,3.37857810883113
3336.16299144507,-1789.63856536773,2.98861470885514
3945.6076972477,-849.114713793699,3.13784248944152
405.083344275521,-239.650229679363,3.19796558250246
438.852322205768,-1573.43407398526,3.54399385461218
2902.95067001278,-748.980073341474,3.29571075462228
3082.26652449496,-1859.40416872779,3.18921396354227
2565.3029498631,-915.082073996893,3.26390957715099
2240.71285396666,-1763.56370908874,3.03346532144844
2477.09582595672,-638.662818291004,3.21045898008716
1852.2391056358,-1949.97958774764,2.87762250418766
2551.32669406156,-2138.18760483398,3.20088511752133
1418.04312885095,-1971.97368998535,3.11926790175592
1901.98881413334,-235.682682402451,3.10463190850722
510.973904267353,-1753.25344273832,3.06451040738271
3657.3771315037,-176.559946975154,3.16620714341452
3914.82515960392,-259.544873366177,2.92708822243837
352.500334367628,-272.367118866051,3.58582599717937
966.548031010875,-1431.57553168901,3.11786899664884
1393.52192462851,-1606.88428126781,3.07858003694212
1793.68336371731,-1642.59894953887,3.62754478528523
1715.61075913973,-1625.52498350179,3.05530974337543
1897.91313069752,-2180.21834942638,3.10498429644861
2187.03206862378,-1670.46781658515,3.07277680729066
2270.59215257205,-1645.97862031446,3.24790803636878
625.098604843041,-56.4766730470717,3.18208137736366
510.114186446937,-502.068644227882,3.24249403206798
653.284222498262,-437.518725566842,2.8008277779026
869.068315054679,-417.304452629936,2.99507521185798
1055.32726108413,-349.466137886795,3.26360212437981
1099.88367665824,-1325.55838409446,3.27264299704393
1365.30655294258,-146.056762924173,3.10925998359325
2019.97863552398,-522.275906732472,3.14503599873798
3195.41674558329,-1596.40602649492,3.12388100902049
475.478413663792,-146.535939394864,3.1022501383923
1277.15288293362,-1103.14059039383,3.18038263466259
3688.35817891214,-2012.1373995328,3.21128701750087
3902.80162565875,-875.89858611447,3.30060980335666
3242.66394014131,-796.481318385928,3.27509719398084
2767.13087850971,-1867.57011366529,3.48835924737932
1912.19052786892,-1799.44568646169,3.37541621422004
997.491395048277,-250.106605221362,3.19874723843512
3596.07193607088,-338.921372762655,3.20145438287726
1822.64714992182,-134.327887699926,3.1667938743954
1633.52517322834,-298.093242802434,3.05378335857677
1972.67820539786,-1405.16289946471,3.22845841574566
2613.44679282168,-317.221618392277,3.06463323624409
1637.7934674107,-1020.18614755195,3.18796319576102
1699.75185836412,-1332.29317328421,3.25234276103121
2572.49067146112,-242.590913543644,3.23341475430352
3971.52937592266,-622.073752359796,3.2617389224676
3600.859787749,-742.816926223718,3.21958358066677
3160.49971777287,-1935.20285688369,3.26067377917887
3327.06554649013,-1840.98242536043,3.5232446819613
3983.44755133521,-538.808845918137,3.20093596878138
3327.25724394908,-1710.26383265033,3.25329952813711
3028.19909103662,-1843.3951888891,3.22643222105238
2328.50822948391,-1806.11206816422,3.26343441442212
2183.00531952572,-2046.80671034633,3.25156896705102
1467.625925029,-868.485927875848,3.27739115284082
316.752799169429,-1529.58814795698,3.25778332251594
1315.12751998107,-1599.20666296145,3.3737295988013
1942.82637853816,-1495.72175853291,3.42175783921238
3623.94693706175,-934.936005259069,3.49285885196859
1608.21169965434,-301.06647977206,3.15086802531738
3546.2700283791,-1156.70195594091,3.205621668015
1988.64623267013,-558.154728730461,3.21963717832739
2605.31508731065,-223.894592208635,3.1036547516897
3561.97496544924,-1626.8182646069,3.41629014192754
2999.19715947723,-1644.96944103474,3.21154525675948
1183.63000989478,-1908.57217232051,3.17217524552183
2894.19525350611,-1355.24819230133,3.14971563594376
2790.92796528995,-201.732244521942,3.50357776818757
2489.76530330338,-1486.40392177832,3.28210752946543
1992.32584815113,-1511.47086773491,3.29830831075064
2603.67941954941,-162.322050002645,3.37982092154725
2168.22470604073,-1107.57765232971,3.28679512674487
2348.39564684711,-118.252848999194,3.57868738990235
630.205551083781,-284.218462446778,3.4224539802778
2315.42691355077,-85.0706071481232,3.40749931981455
2409.9955106406,-2212.18799091484,3.35249806335557
525.642291688334,-199.516873517474,3.36512268360617
3692.04500408,-521.925620621649,3.44141585492342
2314.62315881852,-1960.9782795184,3.50182191507486
1939.81320463149,-764.606981191173,3.63212907402619
682.577125154914,-1881.60020112645,3.32560125207713
1832.33448926301,-275.823656633084,3.4274186003282
112.882687805641,-1496.33441257188,3.36468631371756
1691.94972735223,-188.360391088789,3.11690007303839
1698.83668618465,-1478.5238814092,3.32409354914569
170.002053982981,-770.408028627097,3.74947955609695
3031.6480470829,-186.968697641186,3.28587231575459
2372.53894670426,-1681.6090337737,3.30604010303859
3090.76102572303,-1455.71472800026,3.36452326099854
3556.90295052052,-1337.44996872582,3.60799655543229
3572.59222969341,-1190.66352295377,3.51894023151637
2791.47054051898,-1380.2121062124,3.38301272567276
2181.14833834399,-1422.1761002446,3.2894431133973
2697.42096192049,-192.627367885461,3.46238935820595
1356.0643986007,-1320.28960247353,3.3984785829196
1075.64334139002,-1291.8960257714,3.43506290534822
1151.93430864055,-1001.62384424563,3.27404606644143
2418.48501711295,-2205.14698004427,3.28373150895501
3345.66218484768,-1739.32505380469,3.51344913043858
2526.94149457247,-770.448048198623,3.30247941300867
2066.87137898015,-679.883006748978,3.57640709633219
561.808549272372,-1916.44576991922,3.6241274258078
295.251935869855,-344.093331022305,3.49879928968303
3038.25505843619,-852.509879496578,3.69634213818795
1833.62353772266,-604.854042667646,3.52296788778931
1784.73833929017,-685.361666054961,3.17562365529971
2813.28148741993,-169.614541896263,3.68748291817989
1485.40722529996,-170.089393259082,3.43721349811493
1885.62690636066,-547.691414408184,3.49869272776414
2514.44361540884,-3.95997451250142,3.42279481184086
814.727920782425,-325.906790398531,3.32165433731827
326.908288087464,-678.075009809358,3.54204198461163
2316.98049262859,-1503.98696963893,3.40935627909974
1514.93940748077,-343.592661474851,3.40321774684251
2681.37219715498,-99.4638698561857,3.62124882506547
1452.76996252912,-374.492386803855,3.62027503977505
2568.59670715353,-172.705162999877,3.60682437588535
2821.45376157566,-2106.40061456875,3.59974351188894
1784.06174452005,-786.160478151239,3.68535884950532
2966.60285245892,-1471.50776256203,3.6475018053425
3285.42087499602,-1551.29658015719,3.73349881261731
1482.92888635208,-316.572340524639,3.59034172627854
1313.11827496125,-454.790608880576,3.61190062106574
3182.13492660121,-99.2301968628015,3.5567993875487
2835.23580785951,-1574.23785573251,3.60448756590751
1453.48106809659,-267.178397116561,3.5193609818855
150.25144062714,-171.751197849163,3.88948565459432
2277.20564257451,-565.213897609272,3.55545084309862
306.206640334748,-2203.0213744068,3.86357739914385
269.133826851519,-11.6123022092695,3.79683385163744
1316.2963104389,-1511.57621978387,3.77862909760201
523.896754320859,-308.81379423461,3.07036398189462
3264.42888685662,-1135.18402944738,3.84122028399383
2726.35620333199,-275.36537417129,3.68158174608781
2964.09284058711,-2084.05450507367,3.75710226949652
1911.64990621405,-182.833108738171,3.67321345658704
2141.26497085923,-1285.486217843,3.75333177464148
1389.31297982288,-338.948670947637,4.05113905852477
100.898241108665,-1324.05046092611,3.70987406184697
2424.1597995343,-1005.15541922901,3.82357167014045
3893.31873999615,-466.11980979276,3.82087399665973
1600.79324285181,-1705.8114482222,4.0312031602282
3272.8596917817,-885.581146705086,3.61702445041817
2809.50724760787,-383.326318087195,3.95739461737335
3749.56273747908,-1025.8433065434,3.83978509570483
2040.70520302782,-206.950677793392,3.90234235551487
3009.60444145156,-1832.35392680099,3.86220860370758
447.008545407824,-354.331187522178,4.02686381132161
1942.61525295405,-492.603127209653,3.86937148709214
1322.55362049432,-181.571273295511,3.92805051226491
1216.99932726771,-200.665412684048,3.59815803292522
1091.9629033703,-2122.5171560243,3.93430554147526
3430.72130215235,-1838.72735600024,3.94089232090666
1873.41234744045,-1998.04878792001,4.16401489913374
1169.3264838304,-1529.77317381278,3.61925863895536
360.30137483986,-213.367613339619,3.96777775376083
3005.84374577451,-1664.99212944684,4.01954266513206
1536.5593581747,-55.5421905199489,3.68423972790222
439.709503036239,-157.35074712509,3.53882498943572
2229.84147280023,-1978.00858264916,3.79408073013224
1032.45287877724,-67.8178653153261,3.85767659116585
1541.75514268284,-1692.21500211222,3.93999209357374
644.772760160924,-176.102231989012,3.85667107001744
1090.75756275469,-239.420095585212,3.97848243428577
2316.14914809247,-517.900024391377,3.93151450150442
953.291399256486,-31.2030354088774,3.78471659816765
2385.7174492387,-1615.77770110463,4.12001200156184
517.084926423417,-108.841987958185,4.03121108867515
977.306646049954,-61.7023855577173,3.90406644342971
3449.41896992673,-1577.8981042383,4.25044112259089
3877.43350941437,-201.629136424128,4.31662312595726
3305.44373116873,-239.500219832459,4.16037070904389
2749.63259960945,-415.369606127919,4.08213830790543
1873.54322577553,-1632.96514623295,4.03581875533639
3013.84496053901,-288.255168905786,4.08737498664416
624.96773296256,-591.370473940186,4.13794967867302
1752.81954560999,-864.076887168736,4.55264963694441
1311.43257246331,-120.958643256918,4.09334941575709
2972.29955316421,-1939.7153818688,4.18762333742686
3506.39576671884,-480.941830300216,4.34112561612614
3050.02784263982,-2086.64404737875,4.44585064505173
1438.9788127312,-1443.76863632528,4.37065473399662
2752.46761084198,-252.074807730223,4.56638520289185
140.155394498055,-1178.33400291272,4.37426653693492
2339.32436241407,-1809.26883392191,4.26154588755347
3959.96686020217,-1394.07334475823,4.47283420922405
2993.67371687359,-2162.42300541393,4.27665893446905
2103.21047325791,-25.0406999034334,4.35825973342273
3975.30796732032,-424.786481948113,4.55265600738236
295.782395053045,-1862.70876793418,4.27153331879707
2228.40156287774,-523.982633273595,4.44987432590539
550.122872316981,-1193.9171307744,4.49804358653134
2291.1007440646,-436.867226655302,4.44815712003192
2922.88114948173,-2044.98155092867,4.35610399930455
2590.57501540491,-577.534028132278,4.26745785950253
3215.97603096131,-1265.63996599668,4.54617444817792
1101.56927517073,-707.399354955962,4.48441130456915
2064.87828351179,-1396.11333044638,4.45379959711118
2490.99207472759,-1317.88817783362,4.48673006457987
1949.91930617297,-2194.90338905941,4.81187292195537
3409.04807083686,-560.682810459067,4.90149529666555
1523.23000346038,-511.400461616079,5.14103634250794
181.452559103907,-652.604212360192,5.22885571559208
3259.79620753959,-478.394595974905,5.05639927746888
1690.92498749072,-488.137010495524,5.11253206136822
3659.63001664179,-1603.2651302495,5.3150407445086
2957.71799062703,-1954.75135484539,5.08971096276183
1689.25121585086,-89.1648983793133,5.32113993333093
698.408556293862,-1659.84383438684,5.53670852336055
2876.8872426492,-462.500167693332,5.54538718200561
764.031634837755,-360.541896043292,5.18897278720931
3219.52219379027,-290.852303901824,5.35906482852608
3683.78588024576,-2135.2769037213,5.69009976488543
1660.46101013432,-446.482223488204,2.97472494803601
4011.34548220784,-1697.07313567244,3.03372952099866
3636.9786464917,-370.481713134345,2.82824471103495
1272.70705066073,-199.061154409983,3.17464147003599
4064.8936122144,-627.891303525866,3.67892382900049
2028.51158814808,-2206.37105136815,2.8899730321953
1838.57452028871,-1249.17110796588,2.93971121248011
3479.12274706637,-1453.54079672601,2.91659666480754
3077.55799060874,-1051.27091012169,3.28605836337028
3616.42672753593,-624.654814541306,2.9146985976154
1485.25810714171,-1953.57642862689,2.99908531843386
1674.41899905971,-1373.01182422714,2.89562483130522
805.029302931951,-311.760879911111,3.00961618253142
1274.01962311769,-96.3786749586592,3.12582517151946
1280.92130865201,-360.698929081234,3.12730536589476
2570.21463378215,-602.567915491492,3.05739614299055
2804.94251400285,-1263.51366449997,3.01417640576408
1915.15257668452,-646.53012346917,2.94853267126581
2570.29508033391,-1623.95104428279,3.11916817488164
493.690413270018,-1795.35818030975,3.28221157948468
2028.45273417165,-519.904143033067,3.07034915282316
2403.20653771157,-416.643616929311,3.01142992586276
806.494775776614,-1445.76437865688,3.10206362739189
218.196562009492,-1367.26111063991,3.01015439574718
2260.94083619084,-477.119523476699,3.08950932345669
2909.11622856923,-494.893834658081,3.07459051967714
3495.2712613965,-1337.89377567356,3.12735515852205
3113.30539745628,-1972.89869382864,2.86984828672193
3670.71595779981,-2020.5829000847,2.90872261237921
237.285261367445,-1792.35074001122,3.12029811018362
4011.39339698505,-524.441442929556,3.08194415135738
410.314837847988,-1507.93917777166,2.72299816914675
2062.55157041532,-125.91606016815,3.09619512367488
654.841435541947,-429.088134300618,3.19101662634392
3873.92465938631,-1070.05119341864,3.33252946354394
1636.78696350938,-298.571100371639,3.12920054551086
2465.5192189096,-372.21921100921,3.39042978104387
1763.00615227987,-282.3992154131,3.01843894050174
1665.25479250159,-578.426129497372,3.05517586380233
1685.31093241648,-496.940040466709,2.91248094543786
1760.48012374565,-729.183598611484,2.99383414626547
3790.61331187623,-485.44123243203,3.05715899062687
1705.39854308056,-666.21691086556,3.36165738061507
2952.93514058799,-154.441589108127,3.07590776394056
2679.28597079479,-673.950882784634,3.12770568883642
3295.62247121005,-1034.03668667933,3.15948157099735
3712.11262616117,-2009.24161839198,3.02663721956048
3428.89510815073,-2176.04183872088,3.19295236092917
3629.15637248251,-1561.975096324,3.29011395125325
701.685859535766,-1703.67145896633,3.19818206165185
875.998113976978,-291.129794452136,3.89754974808265
3241.53646199419,-2020.70306761444,3.17315786636425
3217.167551326,-2130.10083602587,3.21625253094001
2552.82307083518,-2140.13619903327,3.38930454690982
2571.8009594436,-239.850418250765,2.93126041854846
1182.86173972409,-1908.78634687773,3.34995900863568
1901.29814543046,-62.6574339571264,3.08596770841706
3308.14088050529,-2164.32218643061,3.14040651111709
3630.94125722071,-928.991111082071,3.37800552903445
3900.75936747888,-1265.84288430668,3.56706199888662
1315.7456852353,-644.500153360067,3.26702376568256
511.206050674292,-501.235239130435,3.04184805848627
3375.26793800719,-91.5612872494613,3.21339189265796
3757.66511830879,-1696.41570025257,3.23368526330133
2353.23922426369,-718.780196793255,3.34547637255007
1158.42657873996,-895.950316044592,3.1825466544669
1475.23207539139,-873.714946818309,3.34955263220673
3548.77737560315,-1164.55187862534,3.29804398484948
298.50827775036,-1951.54472406798,3.35266438510472
1298.40225086024,-1047.24228110153,3.34442155207841
3093.64339670271,-1453.49994579282,3.05523261540559
1488.85642561394,-171.660699504778,3.32292423021042
1698.25121063291,-185.364822101382,3.35587622503352
523.365155039838,-197.447838758959,3.33296534898246
3085.42447999223,-1865.04780645737,2.58787330771714
3345.9978389413,-730.698453467833,3.57144636821015
1987.8730624727,-2178.60023163676,3.16463289951248
1822.105064676,-2001.32059889897,3.18618427546166
3279.41556979481,-1544.403033501,3.51866055445861
1162.55549817017,-1153.29499462555,3.60554808269044
3554.75901967046,-1627.79187085409,3.50835189206741
3997.08254375563,-73.2995023048361,3.33479785578676
3163.7784466325,-559.132203950354,3.53865414824718
3371.56939235669,-698.922789705224,3.25027374657594
325.21118900871,-685.033324488318,3.73299341189867
2591.64447596037,-1682.59808562875,3.27936752452523
2470.25070166096,-2010.22212037328,3.57344815630087
2965.7988769927,-1477.27101267505,3.61839272170121
744.511213925537,-333.037173987065,3.46565764684366
2325.77897512179,-1501.86700326387,3.58353449833031
697.339571111304,-2066.09312261476,3.59695537326088
2316.85868360664,-1963.83205340305,3.49876413836089
2286.11638693481,-564.987797386579,3.27388386871901
303.750429584447,-1341.01782032784,3.84232866712898
3345.1518607772,-1749.96488924839,3.7926279242902
445.682465038545,-345.038423948809,3.6384410280124
2324.46664214874,-1550.71579338047,3.54796385762144
1637.6647221081,-2105.14743362713,3.7682874250479
1499.80381432254,-1532.79159960125,3.65969828957624
785.088539976887,-1940.52178428856,3.78565454772321
1655.55246059208,-736.406100717964,3.52498286397262
519.552414885437,-306.76811940543,3.71252072563238
1677.03330379333,-2031.0744739431,3.73746782223226
1716.09582796806,-526.266968557237,3.74029733376283
1263.34501788318,-1420.12920420956,3.83018749143338
2813.23919637264,-382.588762451928,3.91197373548543
3255.98157542623,-1132.45308624693,3.80958340972707
1685.40037769661,-1190.24313321846,4.05592887153182
519.367243507939,-2194.82206519677,3.9141225560154
3024.74474653951,-307.436994218427,4.02092961087976
3887.32384325001,-212.28082852731,3.87545592985798
3773.94718698482,-906.199166843077,3.96152328827318
1398.84433752373,-338.245008971744,3.78653037837566
1867.9992447881,-2002.113302894,3.97525144448857
1448.28602801947,-373.548839388596,4.03813599068703
955.760584314567,-275.571465699407,3.84146090692346
3907.23778776683,-1168.37440383895,3.97912542071881
1641.70410391793,-2080.17349367162,4.03305968191573
2243.81566442365,-1981.60034525981,4.04790623909859
1137.69111345975,-2164.20480819918,4.01933145002774
2283.99287663307,-2206.57680391069,3.94086592613693
410.548216594026,-93.2848639500402,3.74224048621247
3090.09132209014,-1955.12462273075,4.31002245970395
290.587811552681,-545.686288125469,4.36365230179826
3436.68967762059,-1577.54013698671,4.39510331570271
2742.06450515059,-2080.82631810085,4.09243531374023
192.533876620721,-1277.4230998967,4.34366058377363
1815.93297768419,-2145.97940281648,4.27986940018069
3819.17748206214,-1076.96340134327,4.50773549341673
2616.89219236824,-573.291891156837,4.41351088034022
3711.51705310862,-1556.77817536495,4.11329888659073
2614.65156668853,-1734.45138877569,4.25810288476278
3896.76929482765,-1021.23112751861,4.51341533732473
1878.40138361365,-903.039453613011,4.69756258631886
3937.67204653282,-288.307648409345,4.46782678343532
858.961333640285,-1096.14471138856,4.71164882111032
3147.07282338543,-1075.34629212588,4.70473320967226
111.776024192343,-525.746175439491,4.53278097972814
3210.31473134843,-1265.80368381303,4.79669597338028
2999.18214831148,-1961.26237962011,5.00893849019987
1133.44072528194,-1426.69955117937,4.75131540091164
2118.30405158398,-1030.02721418123,4.64189578264177
2908.30446895449,-442.837557696988,4.92651573072523
3402.86091178327,-569.635036747152,4.60701731371351
2276.60975361034,-1709.22325235207,5.39470814641138
1516.4305885364,-524.977694344038,4.9652879923177
2033.07687234431,-899.533743366988,4.85439048138182
1711.65976504931,-66.0373436851092,5.25204968595535
3319.23621252598,-469.279552769079,5.23427672902705
2989.42522690595,-1193.33628614627,5.28400248085097
185.573771495788,-659.463439293063,5.09356558753125
2338.186440139,-869.883106764099,5.52231059762336
3466.22497595002,-1346.33086293371,5.38137621196889
1403.46756758146,-1180.56338451355,5.34731692305277
3245.49056265853,-270.074716499098,5.30738111601941
717.538432329278,-1694.32664676654,5.26348985562418
2659.9620149679,-1073.81529279935,6.30593839501466
250.534803697727,-205.234992623934,2.91221230975276
3668.74614577474,-1527.75760453313,2.74584651227395
3980.40187512606,-1863.28087049034,3.01715753035146
3044.59098866361,-1465.27622616438,2.88578469045484
550.278418959631,-2118.62896149863,3.34735861330452
2419.84898574831,-234.498085806787,3.15233751055002
3116.20843480494,-1363.08534837364,2.95019727837491
3950.1840582262,-1349.55535377631,2.785045949709
3959.39819045507,-1445.56805513356,2.95155659873672
2906.213871229,-915.671352568635,2.92314372216012
3692.94261701989,-60.0705365491277,2.94965942729999
2146.14859378897,-402.586751426924,3.60851466768454
1601.61296966074,-959.482865802915,2.94509786578214
1488.70537679366,-1954.94048714721,2.79278492377679
1552.99578495595,-1479.92556716926,3.12646974194682
216.209143452317,-1952.44273380681,2.86115269503596
3308.04208457614,-371.162872336528,2.84372865838849
3777.16830012714,-165.775817087134,2.6763781458015
621.101448284441,-1202.66330993145,2.95382958676957
2373.26509016038,-1160.3729493659,3.0052449707249
2644.96268656024,-1523.30101265268,3.14501822152169
3333.84840334534,-94.0514869514485,3.09008655573704
1586.31828456383,-1596.9242721131,3.20932517172386
3026.98988208267,-1266.00999087389,2.93424577739362
2032.01841928059,-1135.2572500305,3.42719080286558
3483.10458832787,-2169.78498482055,2.79361050143526
1692.21451516482,-1421.9683363535,3.24832773357745
1193.57257977229,-2125.82264100506,3.08553832346596
936.91093104923,-2098.43381511699,3.30890979506666
2522.38822132803,-877.232688507892,2.95964058223378
2930.61869776635,-320.628851980108,3.14525064963317
3876.25270129016,-1117.12097730429,2.63771466306224
3954.44160976336,-2100.09628087716,3.03037852177991
1489.39897929184,-812.929417998459,3.22575050038776
367.871644323765,-131.369746884243,3.32654009277052
3523.74263809653,-1939.74362671147,2.83198261877637
1031.87163947305,-677.139226411141,2.7741506790134
2629.98476628006,-2214.57778716472,2.9996669994048
3833.43770539512,-162.294719552594,3.09774145802456
1225.97323652517,-1608.98009130307,3.00757710581835
2489.96489574613,-361.453982798383,2.88769537096818
1762.30114782026,-1991.40627836407,2.70055100404381
142.834464393245,-107.043472283418,2.94640899182955
1974.53744335481,-449.175895281273,2.84974133379792
234.490714796026,-1794.66502022221,2.88873235504031
2945.81508614762,-40.9735099137256,2.84067409410674
837.666978568158,-802.14626299517,2.77226795877836
1161.00009785832,-1801.75855853247,2.65315710889017
890.979019347857,-703.134237773563,2.91500820321208
1660.16775380397,-1992.33754230024,3.03279311207579
1291.08667981825,-2031.43313484191,3.24966997978812
622.327467409623,-1786.66499223729,2.8821957375116
1823.8784934169,-1046.59815244846,2.97348433685455
1622.49619566144,-1750.40854960886,3.00001088471859
1172.39757348712,-315.392890745625,3.24016284243312
168.10361784558,-1527.96117931499,3.1817156853558
1120.39848033811,-1713.90792783363,3.0143886499209
1155.41096819386,-1619.70292782535,3.40003285565235
1495.72082180397,-1223.07934989844,3.24017938191024
1488.60554744339,-503.470032273491,3.15421516867743
175.352295228406,-2140.7085826578,3.16723841974359
2800.92810766,-41.8461000577717,3.07655550109142
3142.95854223362,-1775.8068951128,3.02360436355759
3109.02262181906,-1871.8616978299,2.72202055396667
3418.56153791949,-325.293702107734,2.83370382182543
2159.72918356606,-571.155147328861,3.03877457761546
3891.92575798224,-1790.39662637201,2.8720887082386
1165.76486551218,-75.0268422781558,3.08186232212244
2409.94061508907,-1532.24903362107,3.04328771605605
1266.91153809759,-1625.51330380172,2.91842868112803
2932.64876024142,-1639.93966348106,2.61327957719595
3482.71821892006,-897.071035415556,3.01821330717105
3826.46540962817,-1374.87392585206,3.30866170342829
2265.00288127754,-1394.86172507075,3.36508231494059
637.908107473214,-1935.03308626887,2.59041297290851
2088.20493108408,-644.001844626224,2.942893854435
2843.44786577801,-1014.02475543317,3.02228384465446
3323.59090942839,-1190.08971795085,2.81067134568384
492.015827606383,-1040.56511088994,3.38853828546879
2390.91664318412,-1038.8313786394,3.12450889199194
2857.92974057369,-258.622058575423,3.11054199887156
665.352145931542,-2200.7077076903,2.98473236930035
3307.95518525617,-1506.78895923898,2.97311730349129
1314.48423664787,-1459.60286074223,3.04469463827748
949.249691993594,-347.609276059018,3.16514758793924
441.398697896648,-358.56158328198,2.95179443431624
4011.56659414153,-897.796004355092,2.90197023167686
222.124040618157,-1372.71682553845,2.97111257262164
1148.23643340584,-1673.38270831904,3.03581772866444
979.416478887958,-488.957738341512,3.05836063118829
3262.81970187298,-361.147239850967,3.00996423197218
3016.83154178366,-490.765554582586,3.17262699321894
2938.02881816876,-1060.22155751403,2.98709977989328
3825.1519560712,-245.93812159647,3.18862469195003
2883.85412716973,-2065.14688308936,2.9331850790046
1106.85275464718,-1592.73844521351,3.04911683832346
4056.09172478308,-65.8904066905374,3.10284039535999
1863.40843086599,-339.536469175781,2.90333037008351
1910.40404533828,-1304.97094962704,3.04103407762173
1199.9260458388,-774.91168953695,3.1427432962797
1498.20661751332,-1002.77367951274,3.01765748233424
3673.0913446375,-1439.01823956637,3.15379994453282
3209.47292079215,-1890.82581438117,3.28760999526536
1404.9439556116,-2199.33728181957,3.22660563862224
1761.34737777573,-1040.84096427391,3.02327796934543
1806.80118062492,-1946.6631344989,2.97313647595017
217.910771430118,-876.573913212907,3.26269492379433
1826.32709286244,-649.40672258015,3.15885933303349
3560.82408511442,-1873.54542280133,2.93981478655104
3182.8040769216,-294.2657675024,3.08246849315082
1220.23187860864,-1930.97553245013,3.16939818644051
1785.46603085124,-1132.82796609909,2.98590765870608
780.342252404337,-587.318131042237,3.048595652745
2986.65431466434,-1297.68388721492,3.05532191930174
3476.62347540248,-1256.87881961239,3.28405157541536
3622.65329614947,-1247.98990659384,3.11169329768013
1803.1895126405,-1384.19636140382,3.01199289485438
1035.31322858581,-1901.7270756077,2.88192873733338
856.102541084847,-833.742288071837,2.94387454007658
690.410892412198,-401.609249445374,3.34706419682981
662.93219947173,-1480.66461049103,3.15844908752578
2349.69797317741,-1951.75903522536,3.16129295505429
3999.02707786097,-730.151836635406,2.78303920756086
3500.64460876881,-903.870555201177,3.22552681495884
2925.28489648876,-1939.34428618682,2.76843969569062
1240.76832823158,-1087.00904057893,3.15202083451164
594.715524227268,-1843.23239944665,3.00968142397622
444.371338083631,-1997.55668900416,3.11734467638962
1800.84044867719,-729.59087264124,2.8812634107004
3805.00078000797,-243.477881110022,3.38860257475449
1850.69863904627,-40.7085113836039,2.99721556927152
711.566928584932,-556.012338172364,3.2236238929015
905.832594545088,-752.44352903114,3.16916332966771
2230.46516160352,-557.775585751613,2.72289469965961
2180.16714816701,-1319.13215548337,3.18244462039481
3888.86287223225,-1307.93801924481,3.15061573938323
1929.31356417025,-471.500679557396,2.92105158646318
2605.48643844236,-1946.87176579748,3.06911941117586
776.220235993876,-48.3265992964882,2.90874581428197
1840.56825551528,-54.8158415769126,3.17206732210172
1254.35736548569,-1499.17534696804,2.85786186608407
1551.07354305767,-619.810758930058,3.12586880910646
805.63271237604,-304.601435933664,3.10013478688209
2225.57817017337,-1242.97453850479,3.0487577110638
379.763983120506,-1064.63771611267,3.15441972092746
1567.47392306699,-1339.97283759951,3.15210520082408
1130.53069644502,-1808.65757454365,2.69291655105616
962.864931571045,-1204.42159771758,3.18538041632354
226.484935669278,-609.746785892629,3.0131024224252
3100.72114118914,-2108.9650214013,3.16722923638232
1555.13030137981,-918.213280000612,3.29654539692627
2643.5320054462,-444.053853684199,3.06595465146506
1340.11519158741,-1605.20097719126,3.10254401531135
2503.14777771627,-1780.0374059133,3.16871126079093
3962.20698182071,-289.400909906083,2.67958956174121
3197.89446911946,-1592.50463027926,3.04945144744225
749.223187546877,-974.181766770304,3.32270401932783
2102.59721322065,-812.93317941433,3.25771485332917
3715.16113006011,-2014.495899759,2.99581614595847
435.766310310983,-669.853729400473,2.93273070092934
1686.78644633825,-213.56642281747,3.441973049769
1430.57853163455,-1870.57885631349,3.70054677656944
1382.96834441752,-1431.36120888213,3.41519523070508
2319.41588952816,-1545.88962478553,2.96122426181164
3095.64984239145,-476.493243225706,3.18329738195711
2736.38790916045,-806.981519539366,2.81984294969119
2976.66664019689,-1404.28957097766,3.16917087807066
1467.89895132649,-1367.9539754659,2.83946829617201
1557.48378230341,-1219.73662688574,3.11725243189644
3873.29609709796,-283.474610202176,3.00490968178953
1750.24113318381,-57.0596290433152,3.14128987142708
4018.53945486387,-120.03423499114,2.94182940227566
3522.7013153076,-272.628493567648,3.38208790089638
542.279652327225,-376.758931279406,3.07438139667484
3491.82609312835,-947.822276024956,2.78253472655361
1236.22045186806,-249.200451978677,2.94374496312484
2072.80855350608,-770.212572706275,3.01901987235146
1881.90862585939,-1042.72365913729,3.01572863815208
3248.04462201867,-1785.19611651379,2.86111036848782
229.610659741126,-824.046064303435,3.45482714513107
712.11661790853,-392.004048757952,3.3605887689797
3154.44158915399,-824.545190350238,3.04623005226762
3691.39679570024,-2082.44358627556,3.40648895088488
1022.96882103892,-2040.01300398129,3.06617649972394
3051.49935120106,-937.350516171291,3.29939763599051
3385.30354261419,-1099.92324119275,3.09354456438875
2227.55031543143,-981.101350879027,2.95942105483245
1393.08308663059,-2161.85267605719,2.94878433336013
539.710314682016,-1357.9804988561,3.201511709419
3709.09467046009,-470.580868453212,3.29354113627302
1564.7381515208,-1281.79788985252,3.20199452759589
1879.47108580499,-1784.74237115842,3.13288614602009
1212.90850291061,-1315.09646791961,2.87759744820896
182.105396648249,-2113.20246358982,3.44058584524016
1416.8578043738,-1972.24571257774,3.1409293925132
3267.19451680197,-377.575151994036,2.97818434775681
2917.6819016001,-1470.59407580273,3.05238858511748
490.133916625404,-1789.69777804109,3.15935186366196
2629.96695439374,-289.745120650095,2.83689319591014
2981.07992402853,-476.504959444295,3.10208795748641
397.072719980881,-1647.48276943014,3.1462180750068
868.135389742033,-421.446335246459,3.16079330003909
746.979647234321,-1838.58781062495,3.38637389093977
3600.65827258159,-1732.88733889811,3.00997072331886
1608.83064015282,-2213.60454009366,3.8845433623538
1311.46585094187,-1604.36869036153,3.30287132300646
2417.10424441706,-345.34447388409,3.18942158105218
3719.51083240941,-255.81951177325,3.31955532060802
3695.78616706595,-591.681520191686,3.37634299920745
3991.71614470346,-1136.10403242662,3.33622177363159
507.360088393673,-1420.77195184421,3.16803967198063
1180.70555525269,-1908.50747463955,3.35350816202685
1247.79247719156,-93.8002740168075,3.07537912782588
3093.13624424158,-1250.85702022236,3.30304734894423
4050.57719797039,-1372.22731714327,3.28575619820234
2906.7077795817,-490.461042211426,3.14259990804939
3173.38907664073,-1658.58704668252,3.37444807998982
3967.75755048081,-1130.3338500827,3.05920928995877
3305.39632247712,-2172.14203955385,3.19022952923643
461.175072901248,-719.624293667484,3.01640924911252
214.103982133373,-20.8690390883686,3.49979312839063
2094.70557834391,-117.905090348757,3.15957377568263
3072.07523699678,-1765.2980405431,3.00099416230719
1310.15542991097,-1292.98122972899,2.99244008647104
3981.95937660964,-959.13130335602,2.92945484439042
1568.32874779563,-925.158697445232,3.31558765047055
2580.2437017053,-331.720584041308,3.19265508622189
3116.79825928896,-224.173163859751,3.43162535020678
1111.08360977755,-1578.03466197975,3.27416535025887
590.918961250888,-1738.50553992546,3.12790129639967
2186.83260001039,-1571.25009272607,3.37562101410581
2787.15419892561,-1550.04992719251,3.86747694329742
3633.86018549995,-1962.97532208175,2.96292922601223
930.135535778789,-1773.02475914987,3.15477573006019
4008.23784474987,-262.992478695456,3.20418061857953
3936.81583190453,-1683.30439252887,3.06858819450972
360.855558598717,-1306.15018185745,2.95601761146435
436.905193537905,-1575.06088314906,3.27289406690987
3216.83242919485,-137.386165962039,3.24105098834211
3854.41646076876,-1603.70165345773,3.20937424777253
2063.38243146307,-576.600951651468,2.83600223156241
1082.64842191062,-816.76766336083,3.3577981319965
864.579436830713,-258.065074587466,2.89500972367879
2157.58203454345,-1081.57841708161,2.95793918183803
2547.11531967924,-2136.44376241631,3.17076732377332
1375.16597851874,-1233.71514001422,3.66689341532017
1401.90241189372,-488.156275011204,2.90172952396425
252.082653938456,-1472.02297394787,3.38687000183988
2482.36275063201,-641.362575274193,3.59814178764951
3142.30641930851,-1548.3800969582,3.09014083344823
804.828883635764,-2147.17977121982,3.24307966615111
2071.06998916356,-197.479315846343,2.91656414273495
1993.7602484396,-754.34812778072,3.22221514699482
3247.96615395384,-1878.89132647077,3.2283979445685
1388.30485152839,-744.616461267344,3.15443797138155
1428.77282347697,-2179.2320669047,3.16835841661031
1312.24269666007,-1328.36602902292,3.12870385031089
1533.97960889303,-877.894833888316,3.14086743031405
1684.12678152845,-583.856956177546,3.06047828908585
3652.08318578589,-174.341974195823,3.02914383286834
3219.26971243795,-2127.60558325905,2.98887357327117
2015.26917466392,-2117.24167729338,3.31480099760765
2676.09544282328,-675.590653245249,3.34951946422928
2937.22667495732,-520.642597922544,3.43555890384691
2854.77317489151,-1173.50717821596,2.93056153570909
3572.07866400067,-1362.08034220261,3.30051367726028
2502.53292423716,-1550.9679035744,3.28371216919142
365.851043843825,-30.6794625440499,3.02861335681886
438.425179233737,-1113.2468816793,3.32733956927724
2494.26813945889,-1482.97679601718,3.1918160585829
2327.27813174871,-825.841786881095,3.20520517615061
1634.00724283189,-780.633462559685,3.57109239020946
1783.87218429101,-491.509239818677,3.30231986820281
1466.77886940657,-691.638440012618,3.1289460441814
2950.29677789175,-484.120207616219,2.83189925736754
2954.31979559529,-156.312219787746,3.11168393076992
3351.71829985338,-1194.78784549689,3.20263909725958
1144.50860335981,-151.912752625859,3.37662893427223
1793.84555102161,-455.429676093282,3.26698056491496
2639.85960093592,-777.076619607725,3.3164713041689
3180.46842433586,-663.939146620341,3.30651908358608
1896.29526001297,-27.7513359717695,3.27360337990923
2216.12860430889,-597.55967364815,3.25360248329163
2244.72913201149,-1528.16433206023,3.27317824393771
3648.00171215359,-1867.85883311185,3.12811891998789
1013.96318354361,-2117.20305028834,3.29250391522115
941.691896636829,-1656.04374975008,3.17397923488116
90.9275260818487,-1365.36537566784,3.11444162045509
377.160235529485,-1527.74118158236,3.05567132796483
977.373678956131,-145.925115684724,2.97539384941653
1827.08190225461,-2003.01245985885,3.27286222016262
1921.92139605483,-1145.58120229698,3.45277302294619
489.21709189203,-679.336033058557,3.17776900986398
2075.22157572027,-533.527085736414,3.3797293680918
2630.67563565693,-1622.33055032802,3.46347595402643
2702.38698062573,-188.811567619995,3.36279795508415
1977.45140947444,-514.910394787374,3.396611374644
3231.65790602295,-1370.21736357849,3.2175745041982
3603.49339456061,-398.61159444493,3.16036203324583
2013.29280089616,-1500.112742478,3.20081514838073
900.135079420573,-231.279626366114,3.37327530506924
1898.31154706978,-2180.52005991759,3.49550576910442
3245.92711882375,-1898.46756267308,3.14912878966179
2742.85580257318,-1742.26757308448,3.27525148808011
1641.08711237796,-1018.9900714597,3.55737797187798
941.733356750368,-1908.18496518982,3.47886344195549
867.994596235045,-152.381573272241,3.39287098727725
2975.23019832494,-403.018302428375,2.98882435036659
3100.29770618583,-2145.05504460904,3.23844350452414
3441.38561417047,-1757.90404619795,3.45501766511011
951.934028848118,-1230.26414455744,3.01022098029626
297.633555866867,-1948.4975873432,3.45767863726595
1736.44921087894,-954.141640266489,3.03199752861147
991.801215423679,-1841.74127674826,3.24542791278041
2825.34510367407,-1198.1078344318,3.38069653542693
647.76238519756,-401.630260896069,3.37405695533169
311.195860498105,-1531.26873384938,3.38484905438016
1377.63053631949,-1961.87790541147,3.20366769160147
430.940760880233,-1744.31402145346,3.26216525825323
2171.32380024011,-1108.32249346816,3.44173177575795
2728.85116847801,-1564.67942637927,3.35798191924465
3616.47758612791,-1720.52223642738,3.394255787834
1590.64608759347,-1143.94326017505,3.47372101709202
2702.17121718547,-483.981673536722,3.16241910184217
3898.13980409252,-527.282214499035,3.02648021210642
3460.72580040222,-1383.2688734509,3.53130039751681
450.946516149451,-270.615379342781,3.50745734728829
133.116537145921,-395.572937279816,3.47190861525692
3054.09010443651,-52.859133230483,3.85850287256066
2028.57697800483,-890.810900904971,3.64967633912683
1057.9947659313,-446.758806108312,3.1763397302459
2139.20470764518,-671.965938794515,3.50267613351616
1938.38192306941,-2151.53147004609,3.34681299197467
2691.69731166361,-270.453762565246,3.4280178572039
3916.11293237596,-1277.04162371342,3.49164219495705
1798.52331277933,-683.476964147236,3.36775808225542
3205.48752909131,-1521.07589650914,3.28736832113044
652.345820664249,-1910.82113288151,3.24577814504941
1642.86871518291,-274.84604509411,3.40872738260919
2314.78421057167,-87.9096801003794,3.37673512248288
3262.36441619388,-135.978445243008,3.12036189063226
3612.09594880872,-752.286498365288,3.23868634245163
3313.34291759365,-1609.34415934533,3.32457846777939
3845.00283038608,-1647.09889586295,3.29098310752375
3488.02733694165,-1829.80072194921,3.34336349221985
2566.79160881074,-174.902945033793,3.37365287614388
3754.75801118221,-1084.6069096026,3.25319020995447
2428.8916541733,-573.778059557395,3.55560855344571
2012.88388129977,-2052.10965836905,3.55323124960241
1126.68433152929,-546.78060877576,3.11260562969464
836.363592599529,-1030.06128509646,3.76450565316958
365.090861571263,-281.875876930793,3.43595334203653
1887.76613447749,-1250.9819501891,3.03575833589131
1825.7470007598,-272.968870970001,3.31582887696422
3937.83366063174,-994.99390612398,3.14467433110899
2703.27921491691,-690.833941015709,3.47986720122706
1258.46645567153,-870.844826607506,3.4191551911985
2789.18237620297,-524.342936862576,3.40980789893251
3615.19750977132,-1770.64309107313,3.38005871444502
1931.5819062207,-1398.25181302201,3.1665071302679
1211.58813677607,-1168.93523062918,3.52547935699522
3651.02334006229,-1662.46132855466,3.95345931850345
2582.64137326744,-1677.28427638544,3.34294070216567
313.870324446115,-1983.35266248085,3.34672203168014
2820.19392189759,-169.267960355726,3.59250242322012
3602.67454736388,-1416.98425996656,3.60273034080135
4052.96464469143,-1053.66844386331,3.6780241948424
2033.13875102494,-208.032045728107,3.34947870589647
3480.70599660794,-1450.76912817572,3.37980216042114
526.57512621979,-411.170387578961,3.09104010116783
2010.9049447811,-969.94110935078,3.58929971074257
3328.99330526876,-765.225278055863,3.73763041556092
233.746858551816,-535.157940803191,3.34731153131644
1431.49497375754,-1267.8871443074,3.58096774958062
256.925852475301,-1355.6887124345,3.55688876149802
2614.84883354571,-69.3888665542046,3.71787704182411
1315.91877720289,-186.269361485635,3.75875603294895
3128.79482911975,-1390.70279486148,3.4748863452884
2900.08047126641,-1785.53837226419,3.56202099798999
330.192466618666,-686.874375763693,3.38484074514985
1051.26759627794,-1681.32272119171,3.64256664502314
3175.76396093726,-1386.88540444778,3.57390166967939
591.356577482968,-73.2825558343046,3.3299291508768
2281.34415812869,-569.168376162042,3.47619720768023
418.285859611473,-582.500271070083,3.44162808718272
1834.59038988039,-747.161720391334,3.53769903963546
3748.61646317522,-405.29766608337,3.28201204633166
996.865742832025,-535.712842635717,3.58621854179337
3689.725819464,-1322.4491941163,3.62338794923397
3576.93925484863,-546.949647948462,3.69173743849407
3641.07698691572,-2199.86694004972,3.69016841735544
1390.79421726277,-1147.03699232945,3.29067558411784
318.161450919401,-640.423757125153,3.49543700737692
3865.26097047119,-1430.34563500754,3.38161054246555
3237.27940654812,-1963.62977906656,3.69973335726171
1396.79643904348,-175.954847688319,3.680699684635
2283.16246562015,-732.610624022411,3.65708954689664
3706.16637090218,-1982.98815681717,3.52074641345145
3609.11950844739,-1195.64293994663,3.86603765261219
2182.80238230165,-594.473624754067,3.70626055922122
1013.75165657529,-2204.33266295334,3.38364070322615
2752.63430558209,-642.013974840352,2.99530001767445
2230.77000929703,-1810.8364104366,3.59345968265173
3045.34560647279,-276.019283200973,3.91533647109043
2955.89998576116,-886.522365556108,3.23363724105903
3723.17564119192,-686.67110721635,3.44138787377692
3740.06721408652,-1783.59652933261,3.46065178681983
2970.54319065883,-917.304505290588,3.77798021166432
2822.88084135974,-2101.18264244096,3.78046269622958
2737.02916776942,-2075.23044349597,3.47133987471215
3755.91112827973,-1356.92789550376,3.4696525272595
2279.60072541093,-887.189605738755,3.5181306290283
1960.98511049296,-1995.8610707503,3.47527259586017
559.716528123073,-1907.52991659904,4.08258269315743
2231.07439791908,-204.857836026193,3.46858363937738
984.738318369362,-2167.66887698593,3.45177902795524
3209.84509221896,-278.432014553901,3.69295283912852
1554.81193218415,-316.840388476579,3.72838788629237
2415.52561360107,-2205.68503518296,3.78895474292762
3301.42876988684,-1696.50588001457,3.6345124532442
1663.61499257838,-733.695124419192,3.60936266060943
2853.16579726298,-901.306723275607,3.84922742249464
2589.93523855778,-1871.79547347348,4.13522022460647
1035.1402685414,-62.8921420592748,3.60102787627225
364.830227826828,-214.939925371175,3.7201286149771
3016.14940896572,-1002.52390289066,3.7139352241332
3840.22389455799,-965.843192635403,3.8640010207539
2502.42465593269,-316.741403555113,3.63341879167924
3336.10806516136,-1799.23211380734,3.64279761837206
2028.09356838458,-1555.3171667776,3.65516746778732
3894.55313446791,-1465.41596051283,3.63841918073246
2916.64624475602,-886.009117341066,4.16091140649246
2045.60167067986,-2099.26518183779,3.79970589395298
2000.13664534964,-641.71438029532,3.65279226356814
2237.81055202583,-1215.61574807047,3.68168012918804
149.759927269104,-1063.23075948126,3.74589992671946
1778.5389858069,-240.63462677885,3.66111990138811
2301.5574161371,-2059.48425230658,3.64042187262361
2390.15521663361,-376.212440147294,3.80545700041021
334.909087206294,-949.364124565268,3.75797954909864
1761.80788211449,-394.374331181458,3.53767049974571
998.263211671916,-410.940871408305,3.86075390863838
1809.72151423485,-1318.41051281567,3.65098011642699
2378.36695191248,-1419.27612550424,3.90986821861366
1532.67449352725,-970.925151795589,3.62749713952213
1628.12202084409,-1200.87544580137,3.61165909585446
3067.39353889039,-1364.34668109154,3.82178773425221
3123.39401257117,-1288.62779594519,3.76000858586817
1156.64800147693,-756.492543659104,3.86024446121866
2439.54925917121,-425.633780007183,3.59062668202159
1913.24395113757,-177.422981784898,3.63279827912757
3909.82485309454,-2181.63760883447,3.77403877754673
3004.69252334617,-1678.3030931897,3.87534924626724
1608.50879535493,-1712.32757093136,3.89203455311108
1655.97058464033,-1656.7795671647,3.65758640594577
2100.02055401166,-2108.81659632836,4.10542646414458
3231.31771283124,-194.207742899486,3.69715597301478
1455.56619238089,-372.229186993791,4.02265955632734
374.271433249123,-2046.68124177611,3.39124333372832
169.095226125357,-1997.55534691953,3.68171889840017
1687.89450101385,-2024.18450525762,3.95702743486323
3110.25322025076,-2080.36379751688,3.92583546537461
1868.02613586968,-2008.12407120169,3.6733706453036
1927.8587469069,-722.307796815805,3.8432586794095
2101.89840263271,-1757.82373995612,3.95105011904416
1369.17908065302,-216.556002792388,3.76461763105209
887.447707935609,-869.022586780903,3.92662017125354
88.2588311831211,-318.922933139468,3.77761062123821
1768.20196223112,-352.875025102651,3.68878526019603
1392.3867475065,-343.101572334165,3.61649745801413
1988.63110874408,-1812.11323054935,4.00820727273228
2211.12746316924,-1302.20866953603,3.86008778936523
1500.09786648618,-1523.88246667739,3.96133095191929
1806.85907067125,-1675.03274056446,3.77959687998945
2145.10776332391,-1474.89280367428,3.96533731274742
629.225627687615,-732.97084367986,3.83431164947273
967.592494381988,-57.6021325406201,4.04666887479179
2999.59670569987,-1862.04777839287,3.87507561347557
3756.82073298332,-1018.74672164419,4.03546746818424
2028.91557169183,-676.91951666441,3.94287719381414
1198.36736435982,-910.424692929427,3.68786656834226
649.426167964901,-183.4293206859,3.91417516994741
220.666645539663,-129.565645846383,4.17921149793694
979.435322419465,-670.929279253044,4.323917960191
3976.34025058837,-1815.56495792223,3.84671874355288
1742.86602525669,-1680.29702749219,4.037788870724
2893.68269483669,-2127.02153235024,4.09078052666352
437.103992734887,-158.266153236363,3.89596494789949
3313.29796911293,-1000.72126512263,3.891171244476
276.212471885005,-226.060304841883,3.91955068875855
1929.15408489634,-346.579736335088,3.95102782371399
2158.52296623832,-915.338454578587,4.04814090216724
2490.13162205303,-476.489328686877,4.30229146030726
806.298221295162,-920.006207589819,4.10721851282867
1851.15648306973,-1880.24787666707,3.96811325971277
3990.63635644377,-829.341875080104,4.06736499096527
2596.76858346928,-434.564366610989,4.24132641642922
2280.99353914914,-2201.72227190934,3.73180634762887
1819.04142618742,-2152.58976172807,3.87310963525597
2612.38985702165,-1814.55826125434,4.40645984087005
2189.66498672366,-1368.22178256708,4.09139568627525
2441.84407512835,-238.968245752315,4.05273825829364
825.843050041383,-1781.11339107853,4.13566720240329
996.109595817135,-1884.76425060111,4.37526635114391
2381.90005410518,-1619.37936827856,4.13511098853007
2770.88351114615,-264.692522703361,4.50674101674318
3921.47697946253,-1173.66736304056,4.20664885864363
1161.14931423474,-1517.66987840616,4.1211508676657
726.488888140185,-1907.21234647195,3.87217469781578
3447.86946797614,-1826.24447803477,4.02216461167836
3626.62908184718,-1362.60055508718,3.92183162013346
1339.32264538151,-2012.27017668004,4.16013165890127
343.015697629246,-1424.83257924794,4.2391014138756
2057.7350280506,-1415.62952344018,3.78047557516314
2000.44970939287,-433.050899813778,4.18890089154244
968.089697730949,-363.233653588805,4.20762108162108
2273.16262411234,-1721.81345155228,4.33636417059393
191.055148535042,-393.340218693318,4.09050186533464
2342.68073931029,-1803.57021089638,4.45023228462494
3965.40906303365,-427.034613865619,4.61370637109683
1042.36316727148,-178.211967170283,4.0805063309509
2107.75046450051,-1925.93365397236,4.63870580450309
3516.37196351307,-560.755469462516,4.51396930001458
260.895208218651,-1017.03299321142,4.05470670683083
2277.24910029083,-1365.39340415599,4.26159663984119
302.233814877621,-1855.42284708367,4.21170700042259
2336.61096110514,-677.086352106347,4.38098718501762
3701.87626213349,-1183.92876309277,4.24278931119872
453.379861046391,-907.100516395463,4.23068285553923
2240.4034452946,-531.624273874077,4.28172044678852
1879.59860514436,-902.565709660983,4.34053216615901
3439.07979276828,-1570.97042777065,4.72605789815916
1440.12066279693,-1443.47384726543,4.37112327888227
2605.4271597304,-1754.08659028303,4.62639643769122
1100.13171054819,-697.857509314123,4.99646989850454
1731.71332785206,-1237.25406566507,4.31525694867933
2552.95845623845,-2119.93288740242,4.66101173613837
262.400112500904,-1218.91245428744,4.75039498580336
849.022716150788,-1086.83286092471,4.3580488627548
103.567450474145,-534.359885380847,4.60801265083002
1225.89363535493,-442.527671772204,4.29080387387651
3676.74042563241,-984.964953396711,4.73147807655119
3926.14258909574,-306.012660285759,4.75656540932195
2680.77534577032,-2113.15739387008,4.50658661598055
3202.56416024119,-1258.88747321137,4.90396104334831
715.977971902987,-650.150230616998,4.70016874440143
945.320219066965,-1986.09740613809,4.8933621887434
1344.53480390175,-1689.79541342261,4.67219859610432
266.694010384942,-1320.10520395139,4.98910884925609
457.458149137648,-1938.71507516728,4.99590574817302
2108.92051661899,-1023.78956612717,4.91516159027629
1684.49965258716,-497.890283562443,4.87697284002906
2304.01858742681,-859.724849409824,4.60103437878823
2896.41153260982,-1399.43174143408,4.6836439749821
2945.928051098,-1607.76254516291,5.05516833485835
1166.6902969822,-1804.37732221858,5.29978249484076
1682.59329023143,-1511.53470094551,5.25895806375192
616.73711950855,-1442.3783954195,5.10798651837322
3007.22533520124,-1194.27714447833,5.26209125170927
3457.36117023015,-1327.58705614201,5.18374491380197
2038.82535971332,-868.153868090725,5.31828166465091
3224.42851682084,-304.534294049541,5.14787550421115
3332.94321014589,-566.468206473712,5.56399620119295
1722.74899474369,-1097.99906511767,3.02864880853184
1113.70694162879,-982.516577729555,3.19719869715257
1311.96720067473,-1415.33553587405,2.88184535816262
1428.11824144359,-1928.64993133687,2.94828066613475
1918.68151898036,-1796.85776012363,2.93979731100567
2546.78968140527,-1870.74831437912,3.10722719166122
4028.18712312236,-1085.65606406462,3.02902340773559
1670.55280912818,-1364.15476994535,2.98270644747845
1022.2385919943,-1549.08333188559,2.90857964167597
2267.39046460242,-496.791278091534,3.27481239133187
1250.86699034592,-1497.15496862064,3.04006340094227
1499.04345478937,-1002.69179347148,3.1025199668527
532.366175680973,-1319.17152729527,2.93191434858286
1608.69311896601,-1401.79463077931,2.91682928608423
2997.15203426962,-1747.41906965398,2.99986178027011
842.236455456102,-1971.29087834162,3.12707309351078
3980.58157562906,-1854.59082904778,3.03783628014581
1602.65785246732,-598.668932011835,2.96244745325534
2177.44273364721,-215.76622004947,2.96902533728715
2713.43203473718,-1453.3897274313,3.08369094942003
1557.90956209321,-1282.2432957165,2.92095136854468
1864.65496420736,-1955.34758679506,2.86077884719026
3118.16456467888,-1707.80962701954,3.28709634317413
2041.9686979301,-1466.29582119632,2.90508679833325
1452.36661104291,-609.62693678859,3.03145815184266
1633.5007529991,-2132.37493213839,2.98033666260168
853.832681280816,-1137.27822713533,3.46901221262577
1531.51257453091,-1137.78291147703,2.93739104995997
2962.11524612981,-687.262689958705,2.57403200331249
487.910348580703,-1043.34461265262,2.78196400821406
3087.51223551106,-1254.15930817352,3.01121179583062
962.237263179307,-1212.93397579076,2.95276028842818
2995.54400070964,-1628.3927603022,3.09468316664217
3314.76376460835,-2167.60905437337,3.34751549971417
1493.74973102626,-1222.63083921176,3.16080519031246
2104.66649441896,-811.543751403429,2.87216277086516
1324.68281570218,-375.636684645075,3.0233530231187
230.594787308023,-608.463890762578,3.38013701276466
1585.66631405712,-589.579143822073,2.87618676813989
2288.71163434383,-558.698645277766,2.93060242430589
2638.53863044095,-904.254336068602,3.11314581407641
1207.31225973978,-1084.20503950512,3.03085458411564
2144.23975815372,-1092.85652877045,2.88810343845773
1260.09655107971,-566.245504965012,2.91042578322458
1603.35226548067,-962.195440149135,3.22581134847912
3954.91059777811,-908.543794044949,3.24032014884419
3689.59602690482,-589.678657227387,3.35968800752291
1723.20259090942,-1729.97524868868,3.18850524174732
3890.14402545417,-1308.53052377835,2.742668352119
3558.42467601805,-1869.70984738686,3.01687648606548
579.017631078118,-377.066933087503,3.21488150275474
85.5108115353978,-398.528365712125,2.96401640107791
1432.03611585455,-2180.73454107396,2.9916367591087
1242.92632789406,-256.945652765503,3.00069214659435
365.594855928751,-889.892920234083,3.22707677821703
112.703047277764,-333.410652281193,3.04781072059684
1376.80838536775,-1231.31614053999,2.93859021068097
1760.70579467642,-556.493777171343,3.06577171897583
214.109367418695,-24.3137673680355,3.06189967908394
1396.32519588518,-2162.01141173583,3.05263163703729
1244.19155510989,-1085.13791781561,3.26967236862047
2631.39532242046,-290.265618144321,3.109180794129
2361.91618194559,-1739.49931667113,3.30825041763764
2632.18759014783,-1572.38222512304,3.26257739024376
3474.24581958266,-596.648758633212,3.32263497486739
3031.45184109864,-187.13305193257,3.33108889349093
1653.11032911341,-601.877559300698,2.91462651008165
2360.5965521203,-1862.89820840695,3.21579491774839
868.522614009495,-418.770578316178,3.25500144951042
112.370448427196,-48.570621124908,3.20294637015733
2622.3003841475,-1614.04849473578,3.1845036814453
702.567199085337,-1704.4860660829,3.11801753423925
3854.8179895718,-1598.52844336336,3.26284472367502
2976.26369171832,-478.390147150505,3.31091941589278
653.002347106269,-398.62969165249,3.30103906138776
1167.37970920399,-898.933366127178,3.19043983334801
1453.98107459044,-1744.67160500316,3.40351443139852
862.315373893401,-263.387295992949,3.25614226288136
110.093367100895,-443.825591003291,3.72322870166781
2350.06378431098,-117.340043877971,3.6007855486366
1643.08301921951,-1016.48485707087,3.19699675150869
1989.22841026395,-1510.01830423809,3.47114942790076
526.031473737891,-196.863764152799,3.3635987929537
2035.3128648128,-213.632058404812,3.89470652638355
3550.91053288319,-1166.44786200418,3.4335232095669
195.229033647709,-548.115886127257,3.14343084643684
1590.85779330088,-1144.56402632508,3.35021364007849
991.900121823258,-1830.28074415884,3.29951114272109
3569.46392772097,-1205.82543373412,3.60229834457774
353.762237934559,-478.831369090843,3.49794458472851
2373.57400715642,-1674.83054899033,3.0394689520881
1492.86414825459,-322.296603058907,3.221114022643
2584.09664165326,-1670.70481581101,3.717445343988
363.281692367009,-209.828862011778,3.53384167998023
3250.81237711403,-1961.06477700356,3.39459569216363
3574.99143035265,-550.590054367402,3.67044763701062
831.55626343958,-1230.24088810717,3.44671957591737
2563.20123386403,-2025.99642395304,3.69067141203254
1595.52129292752,-1701.81827880289,3.60332934410007
2958.7626135484,-1475.32687495861,3.62879273084344
2829.37113018195,-2099.10366367185,4.22771802088392
3772.56432702753,-1518.52563178857,3.62066149501782
825.513034587516,-969.872461896271,3.76736574410481
3200.37125400557,-275.916692411935,3.22033752375249
1152.56671565312,-2212.33590239529,3.57826984480702
520.560890077098,-114.934361492261,3.83355942233578
994.435809560924,-524.474060747087,3.56867497347666
1400.25507679195,-176.644625732497,3.73810929962308
314.002537907994,-1335.19864199058,3.90634779763327
2355.10661908957,-394.82090848738,3.6017729571384
3201.94482595415,-1893.29865365599,3.66024510354455
519.3980812854,-411.374822076016,3.81131460078008
211.503802076688,-140.06963365793,3.87448948400316
3486.75884250069,-1451.91775822872,3.45955183128968
1684.99827549725,-2027.41747463423,3.61327653141706
511.699038493845,-298.277547548701,3.75789658899157
2485.10878774567,-476.010190227442,3.52607217831749
2421.25821630827,-1011.64362048624,3.66509606983566
1366.74081410551,-213.554602328654,3.60093787667158
3027.85612070655,-294.125015447814,3.77243885272626
442.844988610056,-346.538869544483,3.70064434949353
1640.2163888536,-2107.36821906835,3.70933483982024
929.978156233207,-820.074645254953,3.9688344378634
2023.01972204094,-684.444662294388,3.74424517313904
1665.6599784356,-728.07516555713,3.72357898481146
1941.47856540302,-489.474671891373,3.92427565602219
812.395857188049,-921.997778697154,4.105440845916
1402.02057320221,-351.776169505809,3.9073944502477
1861.16218666133,-1985.37337772012,3.88275247858929
2906.55706117006,-2116.84855140796,3.96534692979437
3773.71008249052,-900.046703059326,4.0117490968481
1538.90249994019,-56.9208363792025,4.02696854797797
2604.57995855667,-1803.54864238136,4.04152070426986
1133.206465636,-2153.04360485652,3.90074781345129
2277.85630860709,-2186.23251409082,3.52774102551072
519.562624991592,-2196.19523916604,3.75825713026192
1484.03935010246,-870.463474170208,3.98876601959198
207.696398052588,-398.92467486471,3.85358826850033
3892.98955384778,-1462.46076347995,3.9725678882023
89.0697937922927,-324.498336218846,3.76546021603217
641.504741345594,-176.983347422842,3.88304728117476
2325.77352218456,-495.05078117898,3.96383357307234
2588.25445068187,-442.979613345248,4.19864614671708
2537.23915760174,-1932.00962458997,4.52243825059785
3434.81988094259,-1587.42967841702,4.26859394454043
2107.64835590564,-1915.19769883994,4.36213781013063
404.132690198977,-118.11839250431,3.91978555816874
2039.13498672463,-1413.0862546091,4.5422635949914
2597.50185112666,-732.650636339484,3.66277028119212
2128.44775696079,-516.591574377904,4.25336484095071
2938.30577572543,-2043.69966670537,4.15764836829622
3957.23789860479,-1393.88253283411,4.13893118059017
547.778264197001,-1200.28772930124,4.39685891036341
1565.23686259482,-664.854937004905,4.03626083858715
2206.13520795889,-389.85675869243,4.33399275805404
1255.97949620868,-425.847478759121,4.7462534749194
3338.73430839248,-696.418135325049,4.65985529740983
3207.29885997876,-1256.4629882997,4.62345219832185
2663.20720876378,-2097.00159937626,4.26959104153151
1941.26412702052,-2185.8176592451,4.69419785333983
2919.34221134471,-448.940168407964,4.65758606227069
3614.25061641393,-285.949478619824,4.56449317785883
1184.92027859522,-1838.54923579942,4.60150775189461
1522.05753342921,-491.132251187104,4.84703882323724
1693.58476148293,-484.271373200896,4.96845772958118
3304.75321115457,-469.124372919504,5.09919502243334
192.890514581943,-667.29418984299,4.77788231809334
748.37537504265,-325.124177184852,5.36656659303378
689.751200750596,-1670.95974204459,5.36311424170373
2743.02571591388,-1837.90622280058,2.86978626752692
1601.87416163018,-597.960638132665,2.63877283499086
3524.96514136855,-1668.48089338693,2.84111774643447
505.249441791374,-2153.47535253558,2.54921081807177
2089.08578129553,-1956.35696234054,2.95990619265543
1882.4696128023,-1700.58476657752,2.937228367676
3809.79354764749,-1759.59269284306,3.04426429125856
896.80862576357,-722.946666099486,3.17258594018105
769.611849095386,-2094.99817010848,2.89398460414236
3336.17987134077,-871.507456324137,2.59887742677525
1724.2320811294,-1971.49207782219,3.17568336314092
1847.8904808859,-1089.65863979251,3.30630152661628
1113.08706109658,-1596.68674346464,2.95833668971502
850.697469717711,-1873.83637504093,2.85721343374017
1210.14893238551,-628.199848883464,2.96956519980243
382.38274619911,-491.200076446276,3.41986854604076
1931.41272396034,-107.889843575335,3.0420042379154
570.926112171433,-639.063440950614,2.91824890464554
1524.92901594337,-1141.65421239111,2.87469571964491
780.282855577567,-585.605356572558,3.28461201001224
3774.54043206281,-651.804403224495,2.94674912100077
428.802238271696,-1872.27978659261,2.89324569472893
1654.59737692006,-443.591351981407,3.3916570792725
2651.6404220977,-1810.25424723039,2.89197016926018
3838.10387741456,-1306.70293802375,2.70284846808641
2488.65581007744,-691.113265726298,3.02901084968135
1489.85812715803,-1182.63362427563,2.8420646013866
549.568220232384,-2126.41681273884,2.94342127625334
2106.33953904462,-2212.13541701108,2.68138906993128
3656.67868386894,-957.640643126435,3.2271742544269
1714.82626209897,-1623.93224319525,3.25149983067267
2871.6650513256,-1912.72930188975,3.12010644082779
626.413275240492,-1930.59104761978,2.81873993426086
185.310601721265,-1481.93315366158,3.1116530261304
1759.59412085651,-552.055836424952,3.10171860753345
1655.85162086238,-1988.61737552696,3.10857252977195
345.786387545629,-2185.54097634465,2.95873524129618
1379.98866017843,-1964.55124422537,2.86056831136788
564.589562332346,-1812.1718284991,3.21768367971926
3652.7656486566,-1771.82834901851,3.03346484976008
1008.06061051695,-1020.3177745015,3.1754869750377
3065.54332100094,-698.535365159014,3.14542214361999
326.418467975121,-1909.23702346779,3.27769290119251
1359.53049193652,-149.997852321739,3.06910851378577
3420.29612921347,-2168.67754195252,3.3864517958522
3684.9522908421,-1177.55590232556,3.20118894525779
2077.9673072538,-761.718289572876,3.29361543771124
1427.3035373146,-2049.38319087769,3.43463295403776
1314.66091817667,-1328.56782924341,3.10396259102391
1569.69306105058,-1718.65400202364,3.12565644086904
486.757237764642,-1791.04406680723,3.25035463276576
3596.835162843,-1735.88379778101,2.97788162787027
3190.81634471436,-1585.2668540266,3.00807593373108
1582.63621133937,-257.125921433611,2.88687516439197
2944.61789282876,-908.976541076688,3.37216839028771
1224.14445677621,-358.563672439924,3.12927587694287
1486.94654957205,-379.597809622743,3.02831907992961
974.784693151851,-1423.18911571568,3.18919368338302
3371.18141681609,-93.9471770966797,3.21806888957085
3986.74453059877,-1136.94589022839,3.307683808662
3150.65324050657,-827.293590553016,3.38558373401322
2909.04500548684,-751.489374970408,3.15299103005604
2785.53744857028,-1545.82530278991,3.62570142008222
2901.79730816282,-1356.29263918244,3.1824316461816
2795.8694198962,-1959.60168089553,3.19986209635314
2201.40993952553,-459.070025645649,3.31229326664652
2604.74073450461,-217.705629338621,3.31309220921586
3376.93239831613,-531.774775918681,3.29001694955887
3891.65179184611,-1299.871423157,3.29401739116137
3745.68934215628,-1077.50579543031,3.31426337342919
3321.61949269071,-1843.63172215731,2.57243394906848
1453.24424286613,-1746.71724518254,3.36884392807212
327.071514588798,-636.373403786732,3.46170425826491
1989.25905221905,-552.764388887111,3.38652957206404
3345.60189030247,-750.935033050758,3.42970720756132
3556.95775601606,-1349.92939458603,3.34646783520341
3087.25770499358,-1858.42803541756,3.46487041656287
3383.84690911033,-473.37863473111,3.21229928359046
79.7183510850081,-2101.88880386352,3.47927438164466
138.160345698191,-393.358288158812,3.55569884236625
235.730898366562,-533.626076262554,3.38203643481947
989.840049392519,-418.549365375703,3.33622224766388
3317.81444761593,-1616.65131230594,3.46195269948295
2164.28156700479,-1104.2172138903,3.56178262011169
2786.34994609316,-2119.80598608901,3.34190257026339
1561.3256614372,-324.522254117769,3.68286985138657
3256.21172958146,-1999.50140344966,3.14962612110341
296.864269796584,-1933.2958757141,3.59516706128553
3912.19418766031,-1265.71548438105,3.5545415626564
3829.24532997351,-1643.20428566075,3.52540878838382
817.478215105303,-326.849273561836,3.02060847584359
1973.0060982427,-519.819502851003,3.0884764518965
3311.00583998927,-2174.09925037383,3.0731504575322
1164.41158936441,-897.21788924715,3.42520406172648
4051.2724015401,-1051.35819438201,3.56361164628784
1755.85726098387,-347.871939832425,2.95682041174228
1483.87253344879,-171.263484301427,3.3278170812371
3160.13876143201,-1939.02464214457,3.48716421584589
2766.4571987852,-270.524522577737,3.41580828366067
1762.04601179839,-400.90334043256,3.19991526080722
1320.35062230953,-178.182634636077,3.34116144680107
2472.01184308349,-1721.32574401074,3.51886000122218
1290.02075529051,-162.291174697098,3.58486143124994
2681.99983927928,-99.7288209923713,3.67427460908675
3579.08288183818,-537.816761574486,3.83258919250733
2131.10700718099,-232.186872754833,3.43059638073565
1040.31329054178,-1261.59089030041,3.3718997296814
67.7405251607787,-499.212797214992,3.56306429632114
1872.45849850284,-1379.45561212872,3.25045788055479
1943.96533254255,-1489.79302816784,3.68507039541457
1125.38428695576,-1222.30518815649,3.30453928058543
2358.11813146288,-391.912032210977,3.63439666668457
1221.79822052808,-194.615637993066,3.7950089412044
1783.71878620064,-238.618389657431,3.76691479999698
2556.90805288886,-515.565559926737,3.64778399693921
646.14277428858,-206.023567190476,3.91283352493424
3342.54817681357,-1790.06004982074,3.65584359520292
1363.14050519931,-222.552761194432,3.51180934688217
2718.70578657277,-288.221908546263,3.92328046792214
2096.46465084209,-1755.44342336693,3.78285210700793
1931.77623199883,-724.215150648723,3.69911453552329
1643.12913419715,-2115.11265148004,3.65486186850333
2084.58282932548,-2003.59445545945,3.71522181763968
1091.25932987109,-231.188774922608,3.73180331059671
1680.14101902744,-2023.76381700006,3.69580405616619
1442.54930073857,-376.036147631876,3.97358440721665
1969.35085740676,-2059.19311263959,3.49563801911139
2908.85810324646,-2117.43225612973,4.18503649296984
937.127067820055,-831.815115093443,4.05835363368368
567.107154628222,-154.06237905723,3.96112953309845
112.145590281381,-1090.6691621467,4.20430804916046
1396.49068092373,-344.197039440831,3.80389571423611
3251.93177910817,-89.2720671208233,3.71579955648358
1137.58411165552,-2155.57083619932,3.7838419735424
3427.93329884984,-1830.88889387144,4.04257463978302
2493.42318313272,-464.237172329722,4.34575869977729
1818.66603356455,-2156.56999918422,4.21823744192764
1310.12776697008,-117.034889248137,4.14298311262596
1688.95855371252,-1181.82863660627,3.87138311429487
3819.07260525695,-195.811023039943,4.00198000691787
3002.61068707806,-298.387199446198,4.24460048053689
2020.29217658942,-689.347163448213,4.07931169409286
3823.01247044965,-1073.62309703361,4.12756159976032
3090.08412700176,-1957.89419500154,4.25852247920023
747.61293428718,-1911.98189275768,4.37377867342312
3452.04877491022,-23.0658653680197,4.05081478814761
272.933089527593,-1014.67009245402,4.16303872510831
308.533552905309,-1854.99838062117,4.22597258901912
2589.30155599998,-737.278527112847,4.31032787699343
2097.95210184784,-28.1774925559893,4.42302748505153
203.505740098303,-1256.77823707077,4.11788489815763
1266.19781136959,-2152.78508016685,4.5305684860867
1558.7890539351,-2117.72795520863,4.3215412796712
2595.70717459008,-1756.84002400737,4.2524615914199
1669.684897594,-354.470348258783,4.24750556102129
2601.39469091577,-576.139525494934,4.53443077937228
530.342568952225,-1205.29835034737,4.68630404152071
3138.84926255363,-1072.30286510263,5.03285456544874
1709.70413933542,-2166.58010805179,4.77460833434564
1180.28092575116,-1807.81805613723,5.02256219165436
469.190206427739,-1938.06711725669,4.86151946811155
256.270936190692,-1326.56412438425,4.84424635536817
3191.06382874474,-281.230052523544,5.57187547200983
1425.57130722315,-1177.0855078016,5.45841301897013
3333.98748452136,-568.611498279304,5.81174815312988
2272.79414236199,-494.979937732117,3.00027087673996
2462.33403426945,-780.306166840801,3.20980286709944
724.984932415068,-1022.71509996675,3.04700833172764
583.843865706712,-1599.79526147778,2.96568808358446
2497.25157257516,-1929.60617602055,2.94091906733391
4007.20952816739,-524.221610554472,2.96039559603858
1088.67801446918,-822.53580111054,2.99436615195607
1263.39679697426,-567.471589391688,3.01437247591635
1599.46419630601,-596.904669104898,3.04968615301502
3138.23580873706,-1548.69875161767,2.96249833406653
2718.17939544656,-651.602341160999,3.67022324166276
797.111104165776,-417.047838990608,2.85481719223176
3135.14864339452,-505.554474783291,2.99414818420194
904.953307847169,-750.17937294887,3.19795014325731
1548.10398053417,-1475.62696325413,3.16983846158913
3178.91002430704,-1603.97487649454,3.19246889215734
3632.61438912456,-1867.62855102312,2.93489801484662
2829.65849317146,-7.53297127929153,2.65206970481727
1801.20981924235,-1941.55754391919,2.91663120647853
3293.41192907582,-1089.22016934094,2.89286180267317
2931.16443411368,-316.039110497019,3.15936126416171
3270.50742455802,-380.623249771338,3.08578509139752
237.885834768198,-1793.95415002512,2.99986439398027
2783.61233765412,-1543.89499333948,2.90696615240249
509.371937993011,-1409.68253028394,2.86250270794555
488.864187105269,-1040.75019824679,2.86574748613521
2309.07092950471,-992.745526361745,3.35473624779722
787.543242631169,-184.810903600408,3.15591791979283
3678.07550471807,-1441.7931960221,3.10243420795266
854.421273186025,-836.449545021842,3.23770577413509
607.811400587797,-1145.4536179353,2.97988674297266
748.020966101795,-980.509126672134,3.13617736714526
542.57724597304,-1353.40486289313,3.07056427276934
3668.67412999807,-313.997234436862,2.89281503996209
1030.64803767919,-1625.56392998462,3.20705828190948
3088.68498975149,-1244.99579071177,2.92105672404066
1273.19467104446,-355.587737444768,2.75806868255569
2796.35368174707,-961.258895105619,3.62586104138482
3365.56690744502,-583.242360711779,2.87263754588022
1386.65832837566,-737.349369131153,3.19248463287988
2674.81307063071,-672.15071513874,3.04933394987896
2563.1702260342,-607.030313400299,3.15774455878112
1561.77307512282,-1283.62738138538,3.18407128384445
3628.62347404761,-1968.67116796351,3.02138914646726
2604.97568548649,-220.474331319203,2.82399684782455
1490.43066323085,-1955.36985225198,2.79096518547487
3692.59895935022,-589.538948878378,2.85423816181465
1855.63458770871,-1951.98719572765,3.01196067546922
1990.21350773932,-1864.98401468766,3.0914622671559
655.487262538539,-426.641891479676,2.99364524623362
112.060674245452,-336.119544548436,3.05275584950773
3341.43478146864,-754.620752601308,3.32271779349705
1686.41581524504,-211.425449538657,2.88169439347286
4048.34162912253,-1371.79049242388,3.05010836741036
821.698619151169,-2004.16741241854,2.89013567241547
2547.26585860093,-2136.61807173725,3.08146971849675
966.216824576468,-1059.63866676805,2.90470014472671
2921.85646447516,-1937.67946956828,2.86579104895875
397.442155719419,-1645.37419532868,2.86168396267276
2564.90267180056,-913.100989289482,2.97567309304325
1688.86364102389,-1472.82828565974,2.87672545081985
2736.67034324391,-338.559955783588,3.04642634009034
111.031056103976,-1435.29653132336,2.86960456336394
416.128868801286,-1514.46350776745,3.19100427055172
2100.27665756928,-121.649584802069,3.13767472275128
3717.90356864789,-1738.08568781253,2.90335476976373
2076.71834730646,-534.404040968228,3.01186484502016
2196.73514069141,-791.880455673173,3.36025834177951
3317.69807105639,-1607.91183167593,3.14189794035339
3634.03046172003,-968.847462552782,2.99323580480882
2780.07047663756,-520.606145747051,2.97772313583788
502.751435997449,-1743.20465644688,3.21734030153233
3366.19822744472,-701.557828768238,3.16311738963342
262.241559836664,-808.450846329911,2.9257601491323
456.02055530978,-273.85694455516,3.2310232136007
869.222683586564,-286.729779462709,3.06067205014831
989.893467601816,-1832.39142639002,3.28236146135247
1040.02173385161,-1497.4379864726,2.94584182550802
2698.23710526704,-487.977970961077,3.56856315528149
3191.56597347518,-56.8289542925296,3.22383905063908
904.857670639713,-230.211150907367,3.35148940951002
3605.62857991218,-739.120678285295,3.37524440069586
3273.48171646766,-1558.79658311437,3.55057491354505
1315.06597994762,-1600.3843791319,3.48157629282526
1051.0044384116,-444.06087104379,3.44523365101212
2622.99134752427,-1618.05463124782,3.75267926117323
3938.20168047439,-996.671189016278,3.42918259908832
3330.64863354829,-1841.61570013339,2.97053166509262
131.651101756886,-387.954774398121,3.39982883467577
109.825860666808,-1500.05187707982,3.26056378089033
1587.41335203197,-1151.17348697906,3.47928907946816
125.835824712124,-452.358652048469,3.11655149508464
177.797970114157,-768.355710272492,3.35190768890764
635.482944992048,-664.186618245426,3.56683139033355
954.03668196906,-1239.62883342574,3.49588696657706
2305.74974947447,-2059.14853668567,3.40101412219154
999.04640527548,-411.582140741809,3.55604473502399
1759.31350410133,-354.157849907361,3.4147373034985
587.556216705458,-72.3761083818305,3.27602551921575
2335.1936914241,-1804.28127970809,3.63234814236042
2822.45344313602,-2102.43272728253,3.33805847803497
2045.86395494253,-2111.31681795503,3.41142632277955
1940.17222624196,-767.99071019595,3.62224866288794
1886.90285131442,-536.274780144709,3.46667874305929
73.292770716163,-487.73612667789,3.15148082800581
3776.85893619502,-1519.3578810959,3.73816400422159
1129.86521983309,-546.663322555714,3.6352290189313
2819.13771619851,-160.403135234611,3.71198766074049
412.245562975816,-575.222787068878,3.47506875730974
1552.11609648667,-324.113189310481,3.86143489712338
2980.13377816553,-11.4911927274739,3.28485216547114
273.148110021946,-7.18215837267215,3.6680549701362
816.23747599131,-776.694592386324,3.97138499423184
2859.92139560191,-2142.59101554338,3.23250175402408
1763.89238190423,-385.313802512562,4.29816068272671
1930.15443850957,-723.628628062105,3.71163295518382
2147.4760200311,-1472.45454999897,3.65116925104777
1596.0049924132,-1688.05696222218,4.06397180890869
700.553209489758,-2061.48632368035,4.07349829394761
3836.71380350187,-970.467635203485,3.515661581074
519.909795809235,-122.241228064756,3.66963221839735
3272.15071363048,-187.469632905733,3.96828061150844
2233.77644646126,-1976.16822735581,3.51264114742802
3740.32687900177,-291.711146068785,3.76840906593717
802.601368212958,-911.462385089589,3.77026295258958
1867.53357708837,-1990.02258783818,3.56445108139374
3865.39733309262,-200.315106683953,4.03362049594951
162.047680557217,-298.286243030114,4.10918439125303
3897.78363379464,-464.022007908887,3.82999088205095
640.154458785045,-176.203917759497,4.50577156287759
2426.53507456356,-1005.13605739299,3.94572170983946
628.804904578055,-731.946670240809,4.16177917771456
2610.6958963258,-1816.19550355439,3.7674852543704
3441.82681568252,-1829.82049390544,4.04960080160333
2051.36151154261,-1404.32783211113,3.81361173420027
2532.50274591092,-1923.80160858275,3.97437135473479
520.073327787211,-2195.83110828376,3.76459990561419
2951.23916080486,-958.637900385765,3.78365327471029
830.848317200826,-1791.08738324152,3.83411252495699
3017.14715433816,-289.103164572476,4.13243183178198
2439.98015349543,-227.724389153272,4.1735317813849
841.048812546277,-1357.33963377662,3.95044277844594
186.603608755488,-411.684222269365,3.76735873378375
2575.78872764278,-728.871221873254,4.08032994628305
2229.07897829062,-527.80157998768,4.320231819755
460.208688102145,-1318.27998187629,4.06414637850041
3967.86737973985,-1385.09708732307,4.33451761829109
3891.50741643455,-1017.99767399316,4.33005833403401
2932.86025160751,-2041.44914917094,4.40160778826791
1868.62726976519,-896.048906637806,4.40586000307136
465.972793204331,-895.947580999463,4.43151734828223
3679.60243983579,-1182.70051552724,4.08679324671771
1724.71665684875,-1368.27794073133,4.39148665509733
854.253561389466,-1074.32617578674,4.23060457020354
1901.37616935499,-2181.26969202689,4.76166244829603
1242.70226897594,-440.881663990869,4.78629502024027
2891.84626936163,-442.533652934707,4.94422937369626
2659.23960151475,-2097.16206835498,4.55808254840576
3133.76527518311,-1075.20208538393,4.86299475750766
3312.13762326726,-476.337387249818,4.70799206787045
3483.80073655339,-1342.419578794,4.76956639130679
2903.88820792664,-206.711753980717,4.87258009893337
1399.11511128113,-1180.01935106596,5.23746827099992
691.454683394915,-1685.89113146153,5.44179222973994
3259.70704416235,-266.824227495634,5.49391698401338
1137.23173953076,-524.287141872183,2.96922320052106
3654.88532866566,-1776.67142207501,2.68652188949277
3072.77253475068,-585.913829284844,2.63084451913685
3280.47818967657,-942.610314219459,2.81420643919294
801.399152588501,-1202.73803489154,2.93447404134519
76.1061943378592,-1454.99708986775,2.59322466389982
2221.12054445272,-46.4137886286698,3.17283388228545
84.8081672453777,-58.0098261369076,2.97643621208238
1500.6197764493,-1902.53099292604,2.75075352942915
221.351098627136,-407.194215792928,2.93887624053983
3914.13297415936,-10.7909351732078,2.91025387150248
876.919880752726,-1864.68960637359,3.03836524066693
3573.35719212448,-1899.59768883787,2.74130054137043
3446.22857835513,-465.918722978499,2.78814715526218
3662.00437902642,-1275.84966382983,3.03756278324833
3104.10550824175,-769.167041153289,2.98386695744853
3186.01980256464,-1912.73085770245,3.02178624669979
752.863782728037,-1242.95241948456,3.17868904773764
349.193948678525,-268.537840141482,3.32013887187761
405.095496791801,-67.3633689595598,3.11447571289881
1431.51002734577,-1003.81558954148,2.62188484645437
1145.9118466427,-1449.45036359523,3.41778632074685
530.27882791596,-1397.02929473668,3.07306940690356
575.378324733532,-1317.78451425139,2.76822470743636
3356.55333529607,-1887.64147150961,2.7723053536142
2343.52576931912,-1960.85519219474,3.20432676322991
1035.33284539389,-123.874412863514,2.78759697007401
1892.7378685336,-1580.81767831843,2.91538068945145
345.325114425934,-274.376904427448,3.10559472936504
3839.26888937962,-2126.31706288931,3.14995238281648
744.581749917848,-1458.68062380888,2.85781456650089
1860.78853480823,-1429.31657507815,3.28530568124528
1980.91221025198,-868.602113744539,3.06435181740848
435.37096223636,-747.041366605913,3.18842489579923
697.571522516549,-825.364655035035,3.01188342549457
568.760304273867,-944.650056914159,2.9472370183075
390.865219747433,-1373.84968021197,2.69259361982971
2319.13956479791,-471.286327429264,2.68210393270744
1726.98061583732,-1099.49075478538,3.17619165188064
3393.43509488367,-1963.35957495574,2.73619287407886
904.132907169272,-740.778480756581,3.34004105827519
742.527835370136,-839.384101079533,2.98425483096595
1733.06580520438,-1833.54203313391,3.51626597070294
1882.43950694113,-807.875381849504,3.09593254775477
3862.91988213027,-78.8795292672469,3.05963689922989
856.268390012532,-1132.47452964393,3.05732695250846
2670.9970710235,-1717.54311550914,2.93931254829386
3100.36814767791,-262.66109284454,2.96384208566119
887.694373559709,-698.873076222775,3.01742693872235
1528.89864246572,-506.545622314257,3.00643745872666
1211.17558901435,-1054.45487530311,3.1970774285383
724.62802576567,-1948.68200110914,3.23768418593289
3701.25385928308,-751.614410458525,3.30700300245004
343.413860172775,-2180.0664009919,2.87113680091175
1746.0471275337,-183.08750914159,2.97030899067882
1129.96117464779,-1155.48104335602,2.79078590661634
4008.70055210947,-1095.37804905404,3.10164191572181
484.637928938107,-1474.55226655707,2.98031118963126
2438.7031342376,-839.241698233739,3.09681434115492
3812.12473313937,-1752.89760657312,3.06442775053611
1050.30152773299,-27.9374730307123,3.14802635839692
2270.19471012391,-176.221455517506,3.13905874886388
3395.95092959755,-1580.41341853442,3.21804173554631
181.449194456429,-1478.83388133223,3.39217776350598
1124.20914458959,-354.075292536325,3.12693833688017
1462.95047029723,-1718.6336495399,3.14901065766115
1485.65173758988,-2197.52139181433,3.57904178204857
2984.5080717486,-2035.36913180926,2.65287382118286
2744.63671363084,-1841.05282863591,2.87887150643009
1452.80100379181,-610.04130154501,3.25501011950304
78.0354381917464,-341.941758874903,3.08519736312577
2982.69413407468,-1983.7167095627,3.04740387491819
520.28824089141,-1329.33894452029,3.21731010924602
1857.7707120866,-1246.44713696716,3.0189612646586
2917.87412003426,-1944.02896019475,2.78819233446792
2019.12296717339,-1699.28723476111,2.63932340342305
2995.18224034531,-1626.44741498061,2.98229052726027
533.831614400915,-1318.54375853779,2.8484994246913
190.586039767418,-1644.53850061825,2.8827050043558
832.327536317366,-1761.16337831569,3.06107125667128
2344.36368885213,-1314.44838826463,2.78657080055948
3429.88911647077,-293.91202724914,3.12772658513304
1815.43371537057,-1706.97335027089,3.19180154555067
3554.10961246367,-693.018024131944,3.16858404019603
1888.81499237693,-1476.73073040433,2.95829102561916
3145.31170510607,-506.343194817882,2.80320964336957
3535.24843340189,-1662.96240840386,2.97999749907013
187.920876252756,-619.955027700015,3.15956913100257
242.647858330838,-1729.75460333005,2.92693107824106
2231.66824495903,-551.502243696368,3.14961019642508
1276.03241973872,-393.339947802504,3.02888106054321
3883.97458822039,-1117.1764270397,3.0089647648472
3691.28397862917,-2075.06615387997,3.20589319481366
3346.87637641613,-2051.91880708069,3.12811761685098
3896.02412151299,-365.953541994872,2.92374054443294
2012.01502538234,-1852.02202197336,2.98225885598904
2457.01752797218,-156.38228027844,3.07652361941398
1890.68022488041,-958.154878238712,3.00056579722079
1958.91963950572,-969.139769110492,2.98098883490276
1196.41833746267,-1379.53251403555,3.19336243912035
3179.97449341928,-299.288093751485,3.09006745549735
2602.59876642315,-1857.33515865019,3.26201775497281
2313.18473916314,-992.094197502371,2.82188826269551
1670.11991089954,-133.826429344269,2.98163189022955
3489.49142670507,-728.146436656371,2.88634767070084
2987.13060820769,-1664.86280404337,2.61377862164572
230.639178375723,-2223.90494361983,3.25416327260243
78.7849652731056,-1029.94748979596,3.137963288255
3473.2941348636,-1253.85469375077,2.74914618490216
2037.00091511599,-1473.10578016351,3.19595515733673
1822.32015791947,-75.338697171659,3.01015798747941
1199.48051994627,-764.876153095911,3.13488676799988
442.551711702515,-1990.5161731582,3.03517419789455
343.076030809745,-1456.12003736632,2.99362915240239
2586.44773773704,-2098.49280113482,2.76716713718468
2497.64543524429,-688.814057156386,3.31020950538635
1310.88750332543,-1417.89336729195,2.78120702817971
1730.41202061033,-468.128424641896,3.04005722406691
1635.75982573637,-2138.25493942688,2.76033714177338
3333.24231807552,-636.61044925025,2.78336048550493
3525.97385667636,-272.811735447569,2.98684685780586
1109.01669247392,-1592.81628672665,2.99150742489508
2394.91175927964,-1034.43533816367,3.38951433133064
1361.63174855348,-1622.02315053929,2.90847744486273
3855.6722397278,-913.58125066269,3.04888418761427
3499.70569905803,-1796.22531454942,3.14392216006654
3635.55902814199,-1969.20439979919,2.78624562906397
2652.43948621942,-1809.61258289872,3.2224828435832
2289.97500502264,-1659.85932428625,3.09465885318483
3127.65788228936,-1682.10764507201,3.19640797573434
1218.66017155895,-1937.53571223181,3.06249172423517
1433.407015084,-1924.30507709965,2.88194364317604
1625.40067283971,-1748.97385794268,3.15875307233654
3054.53899411002,-1656.61590024915,3.67248438336107
1139.62331675198,-1347.81802461654,2.98989599537375
261.036100112641,-1106.43077020226,2.74494390274099
70.457734488444,-720.496993570613,3.25183147758907
364.070512260786,-1304.9091100979,3.12125900887882
3609.53644120002,-739.61378560082,3.05147031422574
1491.90463423808,-1960.30470731565,3.136212650286
3366.42456235774,-581.099382999395,3.0798725091038
3473.10639183744,-1347.45587513893,3.3251487808753
225.875667169217,-607.720612977139,3.21867443716598
1730.34941013775,-968.565295123435,3.00237719933075
786.257824987353,-591.218593761411,2.77756875101644
1174.02263836192,-1378.62746139773,3.25374451479241
3978.55415203331,-1854.69929354076,3.26803687175858
1914.72701981739,-1297.0510856646,3.13323619983042
1927.01126133151,-472.507323160689,3.29421279181806
3646.72567871236,-1867.13586082047,3.08100570107835
3555.85986022696,-1874.76989082491,3.45295516533848
3194.40248466797,-1547.21814050981,3.2394121568833
2891.65299801098,-166.673521867184,3.09851049016502
544.590640019911,-1770.57471305811,3.19463264957418
3316.9266951312,-1502.62504368138,3.03408303711988
1509.23403497518,-1766.43833072359,3.34389557795604
3334.20528291822,-1787.64900937801,3.4015753589193
1171.9354936532,-311.721501270714,3.26262808110368
3128.34601715615,-740.298871613227,3.15153261860263
1603.23491191406,-2214.04232069018,3.22072634533955
650.461361251248,-427.969474590323,3.14441679085801
2156.62770703299,-1082.61422718708,3.30183201090177
439.413637605529,-1101.92859628267,3.032700749983
413.23172064285,-1510.37777867496,2.95428042407851
2205.96524352599,-455.21241067027,2.99766999940508
689.89516204338,-401.210040902538,3.61675111591692
1605.98468852596,-296.792658602011,3.49610249924798
671.971793268828,-46.7560891483314,3.38623697100949
1919.13080973122,-2153.35948314145,3.148644241151
1317.07162747907,-1332.27593079197,3.44358879034275
3487.29989174348,-901.851365051387,3.11489809639029
3960.97913535741,-915.819445337255,3.06571005502984
3839.76058038311,-1086.18138918374,3.59182521205668
3431.45087964783,-2171.14821731809,3.47453297023364
3966.74187787898,-1124.22718578006,3.48953270897562
1979.60485038452,-521.244721150507,3.60969153213185
966.133360574682,-1433.47948367736,3.26382681312736
3931.57268173332,-1999.44381166384,3.44364217792279
3361.22592984225,-294.883878918308,3.31917947964839
3308.8632484082,-2165.99239273515,3.56647838545714
3629.92937421803,-1723.3316916886,3.52238902932379
3936.13204031867,-993.909324997969,3.64274692760152
953.503932248977,-1657.34307389579,3.86898164154183
1821.40031507998,-1999.30766451541,3.45530248104012
3550.22790241238,-1161.4753975278,3.62681355659909
3354.90377722564,-729.206674805624,3.56855164227301
3749.91838174087,-1083.22876658407,3.39358470156069
952.321194486953,-1905.29968966055,3.37705432566852
3314.63357171603,-1604.54367922132,3.58317252552757
1687.90249745772,-774.364539792927,3.41434157403571
3342.22301211828,-740.556694209417,3.35632103100228
590.350799059796,-76.1566774387669,3.43861440404808
2226.86294849829,-1810.1339306237,3.71399026564421
2353.91044904364,-121.391314168031,3.28419728882044
3287.80469551815,-2131.84895370935,3.48212244870572
3711.05540091958,-1982.99822464033,3.84602251783184
1812.45283528849,-241.868137565482,3.91502625684245
1332.61502032946,-1637.75876915249,3.7029311259145
1043.86889559341,-1907.55847796128,3.45026144407834
1450.69677010874,-256.65235294211,3.56015051095296
2400.96270246382,-122.073240514651,3.61275969980518
3838.34078036484,-964.013715121524,3.69662452727975
2546.41857465512,-2159.67441721065,3.55131979877373
2478.76646474986,-1722.69676446629,3.80349154737773
1279.9982312538,-154.583829268639,3.74599106586919
2844.00502345954,-1583.8203470364,3.89162168697057
2562.01041618024,-2016.97614233518,3.85564817059525
3635.08507797794,-327.605569440804,3.82787127577756
3230.8981376919,-189.583263626863,4.16111525105023
781.690373108199,-1936.70943940477,4.04950090248149
300.08422528788,-2213.39278369538,3.8113416957286
2467.88950122864,-2111.12687503379,3.94848879591985
3783.63819184143,-900.476095429224,3.82350371114184
1398.50084444763,-347.605974818927,4.04461595172364
3010.61828498799,-1826.68038740885,4.09613936905718
509.592871540407,-2187.8290601818,4.08152458404025
1490.63805056791,-1724.7729111903,3.85222316793185
1872.56142574274,-1991.90251117458,4.1461336276669
954.479828286792,-264.933469877356,3.923708168546
3761.87170770842,-1032.78520773956,3.88814289847351
2460.59932027145,-309.660635610543,4.14987051496805
165.701697352048,-287.06770288508,4.37502398881031
2760.51559620258,-412.849071195134,3.92649805857317
2947.68479954678,-966.773290443946,4.0058067442973
2308.5637196278,-503.184652695714,4.2203932405062
1594.99031943625,-1674.03750652052,4.1575183526434
288.128381075384,-1849.34559570375,4.13068393433486
844.114411105975,-1100.32860979299,4.412712628599
540.039527783614,-1199.64264170677,4.50113078679146
1880.36392569976,-883.627828811939,4.50446007107717
2230.87318701423,-524.106798080954,4.82906101740075
2660.61405139981,-2095.75116502242,4.90736676723704
3038.72854837294,-2079.95655285908,4.88460174252807
2036.59670558549,-906.219529448563,5.13274957942299
3422.05249920899,-564.606366975281,4.97288918900597
932.438851582321,-2016.15886694151,4.92126755597467
632.695367295113,-1459.53333424424,5.21213981112716
1460.42779679065,-2176.61953372153,5.5759727295719
775.639273576769,-287.071803792896,5.29015066075951
3979.81949056915,-1584.47693350939,3.16706452246718
1959.29200253982,-972.326499080041,2.74884367893898
4062.00261521906,-2197.7988374126,2.99339947509223
3688.79825549478,-1789.90038075849,3.08304451355197
1726.02369631764,-1103.95896364048,3.17699809053075
865.412481252344,-1564.96769162689,2.93397834789609
2870.6928495759,-978.871668634933,2.97020057613844
1312.73398485358,-1581.35991281364,2.81300862118084
3984.7052183403,-1310.13118795996,2.87639714510651
1131.8788536067,-1155.43593401725,3.20850215645895
731.706355405405,-1025.62476820931,2.7962128884977
3794.61704712377,-1268.80414924465,2.90105641043683
1030.98890726077,-674.036627048374,3.02013436569962
4007.28899580571,-95.9960570636781,3.22867071838107
1531.39916863047,-1040.03109878387,3.46836920137507
863.146464904609,-1662.49309688917,3.0193705232211
2056.27952862018,-1206.13246548297,2.89587861740858
1141.84749074552,-1346.14789218153,3.08688278484019
494.396927687215,-1209.7703487219,3.04654746039016
2185.33069560148,-969.613076718747,3.3648824761568
4063.18874350848,-1541.39572683853,2.51114543835873
3611.42131537752,-621.013011208722,3.04579238553181
3110.9362274246,-2202.05699952775,2.98065640177783
856.191221391522,-1875.4091270229,2.68703861474803
2232.78562485243,-551.339902129128,2.9995803185967
1613.8552979041,-566.869153818626,3.01043500882627
3432.16723454356,-818.803313188025,2.97346269406004
339.172847329597,-1585.51996949226,2.82464894591497
948.330041062436,-347.73539111825,3.52732513306553
575.13608578821,-1315.91698198303,3.18064223142215
2277.69460833691,-708.908841647866,2.88720462029131
1303.51938946545,-1395.28915245284,3.19206202312405
1277.75796600919,-102.496301979657,3.16429152297506
896.872382231289,-731.047159871378,2.68763823264655
3596.04494191383,-1303.37736001398,3.0423206615436
98.1281546555362,-975.583719415763,3.01925763248332
2291.18727403418,-1412.31165549105,2.94464842273365
3985.68127046459,-21.1157749107263,3.12434476809261
2986.28771264746,-1840.22232736859,3.54787094739252
184.168782317886,-1484.67146088997,2.95381506339345
4007.00985335957,-1099.87418234084,2.74372351565649
2035.58257174908,-1275.16669695823,2.58036721787106
1005.09092641318,-898.973215516694,2.92886377965198
750.034500172918,-839.853648482319,2.96434487999216
863.558106084282,-899.673284136144,2.79784553122496
916.155110731196,-1522.16942796004,2.74957005150518
1610.78991831311,-832.515025469707,2.89114897049092
3213.96072271553,-409.784918697209,2.87779600914491
2189.28989546395,-1583.37905785468,3.10585740863676
2642.65205809495,-363.694315984163,2.70864433523711
3272.2772797169,-937.101078615859,3.14554005043082
2435.45459503031,-837.896094175281,3.29008940444627
1847.72095236219,-1090.90374221703,3.23802152505243
2084.26172942191,-2166.59155591793,2.61847987196894
2511.87303831838,-442.245477762176,2.93535190924997
756.291677331044,-598.578833417093,3.05053289780902
2426.21802855375,-195.399631287024,3.07015831596746
3700.95111569185,-2086.6210937756,2.97896822823663
1556.16908333859,-1284.72673948172,2.92482744388898
526.050255670564,-623.888519658768,3.36825592885995
576.380834063305,-645.128619292327,3.01739190696628
2982.51513496462,-1671.66686743104,3.158171088675
901.562899178594,-89.9805480507212,2.86574408763848
3831.78697983682,-2128.98346117959,3.0337228732251
2075.24351566712,-1142.47007679085,3.15566920614115
3875.38238673034,-290.364613677579,2.79943089957812
3363.29160850876,-421.419266329661,3.41530560380944
2751.80783828254,-1810.31847407502,3.04442783114211
1426.83389552507,-81.8822094249771,2.83901719533425
2970.76100398372,-1044.84877056842,2.9714433633903
3829.07032790645,-23.9208409007682,2.61860163147583
492.758489363574,-1469.86017275844,3.01031794653005
565.56665442365,-1484.95278108311,3.34083654892976
3663.02923376702,-1270.63730096277,2.9634368323322
75.9003465555071,-356.138174652966,3.25807532973603
3662.14299161179,-1775.99547744092,3.14962596879832
637.387531726229,-1936.09518894236,2.9737729573451
3448.20427328246,-1054.50928021933,3.15693478728616
3535.70664736294,-878.412734152716,2.75551630224027
1932.38282650214,-93.2791141356255,2.91681357210794
2582.03369834955,-1795.1948092362,3.30430149432003
2484.83987814381,-363.911070367957,3.07510461231568
1200.92147146292,-1373.89287957881,2.77592101234879
536.965706963024,-1317.13167119027,2.9671914524931
2165.54950130188,-538.942867091074,2.85150084487792
2768.2548351286,-1941.74790316783,3.06510013206118
1861.0600241758,-1426.5858340679,2.94002122048968
2797.55601979906,-975.42388844021,3.26954049227043
3872.1758687932,-1612.67087350431,2.84260935679255
553.557536702037,-1667.14675936982,3.33923662548414
4033.78640862759,-867.279906688413,3.06765955705144
1738.10894919793,-462.594350292451,3.12712884026144
3100.80086573212,-1563.05073102332,2.95550466232835
3344.53449392843,-1786.38792176743,3.11333999287619
3892.13550393071,-1838.97305673746,2.96633303288215
2496.95453853258,-694.379383368693,3.31076911718763
1023.36653362039,-743.97000108294,3.30567352581796
1218.63449012416,-1550.90712198277,2.84009762751737
164.53685981689,-1525.48265892262,2.93134839854515
3256.74481378978,-312.35828215423,3.31140976326719
1631.18763347185,-2133.29634561244,3.08092638855271
3232.26584745574,-120.075981450818,3.32479751391671
722.025113526337,-1825.0598869664,3.38520928512818
3680.07775377474,-1431.22531277212,2.9466102058855
1268.43324290782,-1800.9574608243,3.19057558664255
1272.70641498197,-205.327956587486,3.05630924758272
2600.71801082846,-1949.94638870675,2.82824436369836
2646.95805143602,-1806.67285741686,3.18273378501324
1335.23621447292,-689.56278730198,3.30581921461757
2836.59055511937,-1004.74387600358,3.18961197103058
3437.52854250094,-1676.9087301397,3.48530680592945
3005.22048772205,-1845.40565766533,3.02096605658909
3044.63636414304,-1959.21712027556,3.00802416125532
560.674823564284,-1816.15787479214,3.00441623986979
2188.63088624858,-1574.06809817636,2.96779129468207
1722.45469040862,-972.069424060529,2.82160063174893
3480.48859639151,-592.531389197212,3.21194393033532
3330.40276110098,-618.984538785334,3.36402573112764
1483.02382537095,-1464.04264595765,3.36047304521777
3782.05924086213,-2075.78125458261,3.72526556170769
3217.77791940539,-2127.85973148487,3.29316423615758
3671.27324173743,-2021.29893322925,3.2652963408742
2677.52171165728,-1659.99613276095,3.19087844259082
3372.89856764508,-94.994445380375,3.11753077876467
3666.97924583087,-177.648744770152,3.1906382904826
2214.83899603377,-455.011707505975,3.11935939558406
2604.68724428178,-222.377273376467,3.35099593921844
435.104730613344,-1580.96421085248,3.60251239659727
817.477143459352,-1998.73921876641,3.42713445931652
632.661338921292,-1401.36997594023,3.27697729889861
2902.76284394229,-748.855551878638,3.2054506927404
1149.44943079435,-1677.41333140133,3.15660012661258
4053.39815945038,-1381.39444959805,3.25338623240722
3781.47894088135,-653.655396676447,3.45227756434171
1455.8711852691,-1743.35391106152,3.21549796246348
3426.20032515597,-2173.53966113461,2.94333763969723
3255.31750616921,-183.864363160159,3.20034035440597
1475.14848543428,-1965.17675129727,3.24451880675228
995.008150608996,-1705.91877207962,3.23122109251846
3551.30944967846,-1155.87341463427,3.1792145602602
3127.81687389231,-1388.61785816554,3.49414512778711
945.69703138525,-1645.2767535857,3.15269287530333
1899.2812970229,-2176.44244195296,3.44640628465095
1037.26931316458,-1503.10387727263,3.4055045834963
657.433045918777,-405.778312597445,3.13454245598816
2179.02079875076,-2047.17904733613,3.60557007472859
3004.68909248032,-1640.99136596854,3.54526592784681
877.13676107204,-2078.12548936415,3.35686978322299
993.607509234857,-1836.52405930674,3.3412303140335
3031.49325855839,-185.722738452001,3.33506299630576
3297.13474924081,-2128.62133527768,3.35718947729171
2314.75747305113,-88.2121038061122,3.3492628722527
815.297786008498,-332.2064814622,3.20759138412244
3352.40295542488,-724.23164971396,3.58880448634067
1260.72381392401,-861.741438281437,4.03408879235729
3002.5980902975,-1608.40777095433,3.86254172103978
439.553410819588,-1736.05242118525,3.74891147837175
2678.99172317705,-103.79575501488,3.74122984692029
3838.88017684005,-1671.91703295544,3.92712435303137
1950.41312254871,-1493.03112413856,3.98307726820187
2315.91017929063,-2054.61959219373,3.41571647070068
1772.65631738921,-347.639338352953,3.6387903231777
1464.26419818025,-258.735796532652,3.70401223635367
4047.8298413343,-1052.62305058311,4.00314759211276
516.723943633282,-120.296156488318,3.59428779533536
1929.50652385416,-171.140813601099,4.06270186278236
3068.96532087165,-1368.01437455023,3.79709676036485
2026.31446675758,-680.651917263978,3.85917101086228
3899.6636054688,-1460.84685543766,4.03078451280176
1493.01097980651,-883.297652624765,4.00151448354374
2241.6020950119,-1986.783041614,4.09480738171599
3771.09681778735,-905.046067301316,4.27663248823136
1856.78473097453,-1988.63008159033,3.9266009996771
3892.1914698938,-209.726972971805,3.96814562441494
2948.79072117694,-974.095371416822,4.12485171098354
3285.91685487032,-185.278755126864,4.19215313494318
817.112323584931,-1787.59475984531,3.97594829782953
2394.27748909801,-1611.7164739271,4.29489646438148
2285.61311956785,-2214.51136919002,4.09105745265976
1491.84908825813,-1725.67047593254,4.09859068206636
3333.96858898374,-239.11908243597,4.40864881258077
2446.06882394287,-229.616166255972,4.64754900538981
140.225163370043,-1177.559345839,4.42100794013308
186.881019055168,-399.38602276414,4.24220491337057
2300.49145086883,-335.150781783977,4.40415357860475
2267.72783299081,-1696.52936535625,4.14292372912973
190.245088575496,-1267.8704374936,4.21274913724328
611.81784986659,-591.964075705135,4.86867732350577
444.973079020894,-1289.81606712322,4.5729829628085
3343.94562230895,-666.676223042728,4.54411455153292
1244.65779664617,-439.32076301389,4.82952874087214
3143.67093972185,-1075.43833579447,5.13430380797544
2548.7941499851,-2112.06610541349,5.01050699294663
1185.74821642748,-1850.27533431838,5.01108781249772
536.82296324507,-571.223603208609,4.90076388819202
2330.13344168507,-860.034060472839,5.09190205585005
635.173792133128,-1430.52506208358,5.03399185329168
3241.93552874574,-301.840438201273,5.57118519574126
2980.55006500992,-329.536954898831,2.90674375263105
3394.54686030806,-213.606868446283,3.04540142565002
3433.9311766758,-254.244073680214,3.44610157195033
639.777116427701,-795.130833119575,3.12954789077016
2082.9749076788,-2158.46294056648,3.27585619237119
504.884918282345,-2160.30989381274,3.22388351026143
1076.10411961388,-11.2479977305193,2.98822773181472
2710.62935972817,-1455.70005738565,2.84285031364778
638.74381803706,-1350.20849982638,3.00735209910724
3909.01487697936,-10.776039851312,3.22313385129508
1780.00717442474,-1924.19176546765,2.84136249298185
3684.21231356861,-1791.30476855606,2.85309352227188
735.416818246591,-1456.48331308445,2.94575376908339
3211.89618428654,-410.305484642089,3.63672664362827
2017.60866204208,-461.662700814211,3.31769090368477
807.727937141393,-1448.18461898124,3.14778959517241
4056.55163933432,-2197.77957824423,2.89462531922692
3452.39821781521,-471.38675694504,3.02953693328311
1216.83655108299,-1545.56382087644,3.32599191945893
797.645558656919,-305.174202923131,3.1606302890566
1670.43889712203,-789.493781103938,2.98511884537219
167.385647391111,-1533.54660639071,2.89489070758432
690.021472637682,-821.364874913812,2.9449193473938
1864.57986994566,-14.1449281495343,3.20228574078299
1033.2089749722,-127.49553704642,3.09119595355725
3655.39342290844,-1270.53575129385,2.82904939921991
523.099415041107,-626.718651347981,2.78125513439484
2156.99935948506,-567.542017490727,3.09592609537872
2271.13427052566,-499.580938526833,2.9887879172623
2431.71370605062,-1954.55743309616,3.08317757216933
3357.38026861132,-1881.70804856742,2.88265872097715
3335.89858714998,-880.040221897628,3.08997002330974
4012.94550245901,-1694.37404452877,3.22691020220828
1843.93532626879,-2069.16152703149,3.08194113454453
1198.81698104151,-1370.75201487681,2.97812075662953
3488.60604981458,-1732.12209084595,3.14169221103333
2260.4240865563,-475.374775831188,2.94714553793019
1032.76913100446,-1268.63221453446,3.23264836366271
2889.12966363088,-166.223717374233,2.58459365644457
3586.42907189568,-1736.51579774706,3.1336488889939
3562.26556231712,-1871.64412859647,3.08306943272611
744.513585244895,-1964.84848129709,2.71956315641628
3095.98141489247,-2113.68629836505,3.35526457538054
3709.05513771845,-1672.23922007455,3.41995274094804
3665.87221425804,-2018.98300670582,3.57573971955478
3984.22850757445,-1141.5386086852,3.11119030891876
1479.34213944181,-1458.52753270869,3.36001689647429
4044.87861970958,-643.808607298112,3.09418721684075
2679.40092864315,-1665.93881366659,2.91468089515335
1701.82737713018,-1326.73193079021,3.12476718755103
1480.74506581283,-429.18200014495,3.32930670301767
1633.99574332938,-291.38868993711,3.42361407284218
1093.21431474459,-1323.99692413688,3.34853980390757
1379.58702866524,-1959.35267403726,3.31297062542259
2902.04565408232,-745.291965093225,3.21722937756917
1001.04669177631,-1700.60551360896,3.39249515852939
684.093932581838,-1882.91447054518,3.48015944359744
2788.21118888956,-2122.82814817915,3.3009643771048
1987.73221508624,-2181.69585442999,3.1204438481435
2617.37822368643,-1629.82967593949,3.41934093423643
1339.82168911657,-2012.38274093647,3.44768423994328
1832.55925576604,-1999.79882620352,3.46324091142665
301.454258551366,-1943.39570252067,3.49650467372804
262.863741007725,-1344.35249005904,3.40910713384458
1245.95693846038,-1727.96755496678,3.46859907464935
3166.10561983212,-1764.02392643363,3.45022776660381
324.31419070193,-686.123861753286,3.74680698374643
140.821903134626,-171.38119547997,3.30321364937789
992.511678942204,-527.486363150759,3.79383244491122
2416.71711766956,-1011.51818671591,3.82064412957181
1604.30057268283,-1335.31381195538,3.81400028647176
2458.37542263946,-309.134009500341,3.58427787574778
2035.17990491959,-1385.48541778511,4.36163542386092
1747.74418041183,-856.670435918083,4.32981464455035
447.038703998337,-893.52257271291,4.24853125432811
541.269823704057,-1205.42112929925,4.36317999542422
2285.82553421839,-348.784874285498,4.0454359948232
3344.44320185236,-693.934059241606,4.09890751426289
2894.34158843036,-420.276601281604,5.04114125500166
1668.84530519044,-492.631640445554,5.07364534661446
3609.35119809699,-2092.25538309454,5.66146562023622
3001.80684072457,-921.462583896481,3.08608711628909
1076.21391166375,-1133.19528194365,3.06647879869302
3698.86194742626,-23.9754278978582,2.76664134101663
3611.65641667319,-41.0726711870457,3.15263023652343
3134.4767951588,-501.978746283357,3.05140084583928
394.299975416328,-1278.70613581682,3.03096135097604
578.657648012343,-1312.6942213307,2.9998585125164
3120.16329159891,-1703.22405844412,2.99128164708663
2088.60905979238,-1952.63429631107,3.10035820487842
1182.95267886241,-504.571103169503,3.02046023565066
2793.39841764878,-973.164238545334,3.10271020773921
553.706696120481,-1667.863394072,3.08083257475055
280.618475404001,-456.822768017281,3.28545493388991
807.191677089087,-330.287090358771,2.88784793398048
224.543410742848,-1368.76253350138,2.99428055659359
767.432358788822,-2093.58487121651,2.92948935832069
1582.42462437021,-2062.83077424902,2.89293956010336
1022.79968758795,-741.111639270103,2.76546383386765
588.506751284299,-641.840069948614,3.09527374259763
1251.52936294018,-1074.85486595565,2.87542529380486
3289.35655839085,-2058.79647536517,3.34977674864616
3160.42659587959,-878.145014986943,2.68773343024112
2885.70549246623,-46.5853122297331,3.23934106255144
1495.40129767954,-1179.28580540946,3.45195584374132
3712.1663163747,-255.95791092082,2.90122356841771
3088.26069806873,-1081.40230193372,3.23513382491829
3252.67992191442,-1289.53126892165,3.28898802931461
3024.56617468993,-493.024865190668,2.8460273446826
3500.62342405068,-1914.07132265515,3.07186955446197
698.832271644446,-403.818613612431,2.95221143061254
2089.36952204091,-638.963800149188,2.98084817955397
2757.66164935013,-1910.96014399797,2.93558368518761
3191.97147040634,-1591.16265352428,3.63995645425734
2802.3467789246,-575.958389208625,3.14769588179196
2253.5666850891,-1603.28202942986,3.6473884425941
3752.99737373288,-12.0389198916626,2.75262553352102
3196.86758474328,-1539.63845517799,2.92277141911761
1734.40547480961,-1832.75575230354,3.30462257570107
4037.04361866071,-1783.03031131403,2.97202263150778
3211.66836313178,-2123.14369283432,3.18193999423288
3689.60112489125,-587.671420200333,3.1778988385522
837.504351525149,-802.808774590957,3.45045601034719
3431.08307317291,-984.070572172006,2.87186463304175
1562.30600096507,-1279.5136419485,3.07422253372246
1151.05539263714,-1676.71865038595,3.21898157782376
538.146781505829,-423.880997759484,3.1499891744829
2189.32807545294,-795.323997847188,3.25824426907765
3774.10108827561,-1049.92803013938,3.07822847286542
3524.45550556376,-277.903550904093,3.40704987505654
2976.93587861891,-486.312347509807,3.04232366652571
515.736499306228,-1756.09820537629,2.99861003165829
629.614173984403,-1783.43120581887,3.36800997976065
2265.77704740509,-1649.10766666458,3.31269190759533
653.232368276442,-400.542274489835,2.9609207105408
1642.49353676592,-1019.81413832382,3.2065042818543
234.325570327753,-1794.50496093113,3.19869318978917
3567.2381053678,-1362.60048065812,3.31939518723612
1375.3881339885,-1958.40417122025,3.31849176512239
893.674944466158,-1982.90921948274,3.52020437137412
3687.36166775733,-2006.20316588125,3.58774292050579
3187.40508728022,-70.316891197321,3.38027092408554
2732.24888978931,-273.185802314867,3.26727353275798
404.068486064233,-1703.14007194921,3.39657673141759
3250.95878866421,-1792.42990555326,3.65968175526997
2316.73309187955,-86.5749186030318,3.03556680515404
432.65534311661,-668.02735853123,3.60134264423963
1583.85809206995,-1151.93120090883,3.42725232826685
3553.20002221577,-1157.71869955231,3.23435188228585
2326.18819964802,-1808.37234324297,3.02498399986658
238.858630520616,-820.392037209361,2.92803881923641
2741.87060740772,-1751.03994311412,3.18410282986591
130.663699106494,-389.379515859298,3.23916500308313
2518.23441876463,5.56180223111874,3.63531049128626
334.522990836003,-676.214142514454,2.92344319228258
3569.45184786815,-544.512819257565,3.42117255415385
3278.50717296837,-1551.91594364965,3.58124185972644
2279.12975216947,-558.774914128892,3.43685702777749
2229.22342435663,-1808.83564525961,3.42424673194305
1992.50801531992,-549.402265238985,3.42097884378665
832.764001442015,-963.468040668331,3.35567482101111
190.212576019895,-886.432999666151,3.67878525076778
3177.98031053182,-1386.9395334886,3.39648783957281
3123.85288014054,-1392.76208759541,3.59467071283192
3691.90955677519,-522.267505245906,3.60415113272491
167.75959658292,-1057.62365161813,3.57587816349934
2002.41742521964,-1236.97247619184,3.58909227887456
3761.20969196038,-1330.44980980721,3.53694156257937
3481.9994765103,-1458.61895778096,3.33666668996469
2832.76057561961,-1599.00671291461,3.44527353427001
3348.36984048752,-1116.6406763241,3.85099838119552
1456.15963036089,-697.80103725415,3.5792571570913
1197.91439499825,-1596.71359448455,3.83795372671523
3219.94063780176,-186.295061813506,3.74376608463154
1927.39950566658,-181.788244558986,3.92319815413637
2150.89759207087,-1473.23072866045,3.73970888707211
305.856882618992,-2209.08683098979,4.0618649191428
2099.29986075883,-2097.42246959028,3.9032091831304
1772.95255254866,-354.917439898966,3.94736966244262
1007.32851259178,-411.442664860939,3.96035172707581
1807.72073769597,-1671.28813031156,3.9481872317357
3205.59765453555,-866.149983674748,4.05178016155736
1953.51869645288,-221.940173142734,3.92839365550147
1663.91936508778,-1646.07365874578,3.91798819776578
209.615244265392,-140.380405303026,3.92246513313118
1593.6600845163,-1688.89934895573,3.92503491516949
2398.77442202568,-378.254732178323,4.01903857185391
2504.68086832635,-467.939186819853,3.87637914154227
3304.31446036816,-1005.82978580955,4.10674697673512
383.593383308214,-381.761745355366,3.9863176543531
1094.9680351676,-1618.7020553271,4.30949089878253
1041.3575458891,-61.6748802515176,4.27362417326851
361.457199840935,-199.167287733334,3.84342435707568
1203.78281313004,-1704.08039457716,3.92575121622126
3625.55914097137,-1380.56849104674,3.831753920426
2616.74063431688,-1812.36317983895,4.16891768551027
1681.08143039869,-1179.47808176795,4.04787427324203
990.415579515261,-68.8636516661284,4.2658615196132
2150.56561724363,-916.07096539595,4.15591142788278
943.86874567085,-830.068558140892,3.99759726270925
1122.31646856833,-1145.64672491479,4.53972092490018
1865.68081424116,-1486.12057606596,4.08287584743698
2311.24334515924,-522.322173611025,4.08710368033484
265.643876699705,-1007.26304724058,4.35210310201321
2285.10492613767,-430.690791650695,4.17747583613104
3828.18899226001,-188.03760466145,4.43523027620524
3347.50080295879,-677.456081897935,4.14079306271364
1766.65630861939,-1223.92295487316,4.38604994653015
3652.20257052687,-1058.45048296786,4.48039536011345
3897.09584410465,-1019.00350571524,4.19724990427869
1364.00600407072,-1682.96634646631,4.2101533684984
1812.43932530751,-1597.73128182871,4.22894821298765
2547.43041483932,-1934.99142845426,4.42102716652147
1549.88250106478,-2120.27823319869,4.57451586912263
3704.07773752233,-1172.05201454844,4.46646786395686
2307.82821492308,-1170.21081166598,4.90471584449538
1309.37686319887,-966.190128773532,4.40135453811639
1406.76115719548,-886.083833278746,4.7416548163876
3682.87887687888,-960.310862211829,4.41832557242342
2088.17644531106,-524.760311048896,4.65748540330572
860.213049980199,-1092.11729303689,4.94260344178157
1235.44538583694,-444.675431418381,5.13405907603492
2604.91325392261,-584.404343550451,4.85421852644527
2947.20548044738,-2033.24887150457,5.08898779743347
453.51550307813,-1950.26910842857,4.73207551413941
3211.71388219473,-1236.71166351444,4.98731191952116
2097.93894230827,-1020.918453042,4.85513063358461
1171.66712599952,-1854.70658337306,5.18304019083777
3975.80293437493,-1263.67065563008,4.79668792206059
911.298166090165,-2004.7820691727,4.86061921754428
1545.61758253401,-976.60314666794,5.0652142199362
1665.50560133812,-1511.8197156969,5.67288265025377
2283.94137956086,-872.704867444393,5.35425656196225
1407.46769773247,-2143.19325485663,5.23404694509484
3414.40046950955,-1331.79115906756,5.62748835585736
3608.01950281346,-2127.59812232608,5.78565862987864
2597.60588468867,-1051.74916129729,6.16371832683644
NA,NA,NA
3719.34930616934,-438.594411793432,3.04365325178354
658.156945328938,-1363.90125622221,2.9476815760329
3722.80926746969,-1157.28061512136,2.96459796915204
815.587881906075,-1224.86509767043,3.09371091661965
976.890149247627,-674.474293469359,2.93985881863968
2463.00821047654,-2064.93219383291,2.77078233191461
1161.40393170806,-1716.43379907576,2.91016631687843
1977.04059061058,-798.484251695995,2.96962515833961
4028.17723630201,-1083.86092411637,3.02168036826248
1196.14271649168,-497.99464805479,3.00659227703279
2594.62688371511,-1859.54845014563,2.91133828667532
763.668947384683,-595.005468215398,2.83954495273111
1610.38238667303,-1399.50825127248,2.92811209150587
4002.26282680748,-1042.23120527008,2.88776419036614
2420.76857101779,-2015.51329112452,2.88215230630865
3484.38027960239,-735.817457741505,2.91108985593056
3985.10649543662,-865.169232748513,3.0526932026189
223.284584832314,-1372.01373907529,3.00219833680794
1080.30587976059,-16.7378245547497,3.09144145603379
1248.68562751846,-1075.07566893919,2.83083612602014
2568.51748217302,-21.1789598176066,2.8953639362416
1978.58719233913,-873.885423533428,2.82911354935748
2574.13383625406,-821.356337599127,2.76662883380334
281.33883315216,-1895.42742369809,2.89763702912118
1573.20725285531,-788.617376388879,2.80606237278299
1276.52563016397,-396.553819777911,2.98367743666865
1206.47938584025,-1374.09336078006,2.81796916898387
2810.69560255061,-63.8824532005014,3.03001127227127
1789.04342234512,-324.216751539137,2.95614033558806
3489.34401880562,-1730.0716719285,2.99348614967115
1313.1300360781,-1637.76140843618,2.91219065108479
3428.30564069131,-2115.96475816499,3.00642243808462
2831.27145715823,-961.246320460365,2.86676384535448
3390.76672527293,-1573.10723392706,3.29025224882341
3805.93187323168,-1755.42792210366,3.10546875151211
3478.61006056086,-1448.32838139759,2.88452209449508
3509.02719162661,-1918.86036001396,2.88537510176549
2839.86438541793,-1009.47169579074,2.76922088964115
3118.00704978606,-1685.85570865202,3.06965734583801
2039.92349441382,-1472.03795711228,2.99339243394746
2550.83022241477,-53.2937136402182,3.03617280970237
3126.65742198571,-162.619119588208,2.91670241052523
1767.41444274431,-1950.39109403741,3.05993249509055
3188.09548586792,-1911.6637612593,2.8231120811126
1363.71293495706,-1617.32336395069,2.82677880639273
1079.67195075767,-549.09186264878,2.96697220455614
3272.07007716341,-18.1272508658469,3.00704934862826
3368.92597902265,-1216.77481706605,2.95664624708019
1845.52698658131,-339.357959539844,2.18399673172701
1048.95691185547,-2163.30259067546,2.99983375194277
1046.59914008378,-480.889413066594,3.04609793245222
1215.22113386993,-1891.78128145174,3.03584737255899
3437.41164778447,-1254.1043730104,2.97727911427716
324.172856000664,-1908.95352929658,2.99481694942613
2997.94350469692,-1628.89388203785,2.9494997261136
4029.69249941609,-1794.32438034954,2.95365344189965
2492.57952113112,-693.152987484192,3.15962847183535
2629.65699272632,-1572.24243568925,3.01238105186403
2057.69610662657,-162.997776195578,2.90613102984932
1234.63353654952,-1695.70792273291,3.09863459018076
2758.86409832259,-135.775864649642,3.02710164604296
1720.2767229162,-1962.72275395571,3.05566987224483
2551.67227853368,-1416.08713459258,3.06297721008988
2214.7141479491,-396.675522405207,3.14670258001151
1035.35294711997,-1263.01033787985,3.05769302433904
3489.67223655972,-1314.91852598585,3.07664302438812
3222.40853334479,-1405.58824069951,2.83204475553407
2713.92399085182,-1445.95884665169,3.41405219091981
1669.60256811941,-1366.87885580633,2.92358469534864
3890.27271613539,-1842.04994130477,3.18672064581705
2618.15083003377,-157.085475415127,3.11021092320868
310.081204123478,-2042.30351013864,2.90164712376977
3792.98244774924,-910.635848616532,2.74363127833024
1357.38104923793,-1465.24596271433,2.965817389451
1266.59721864858,-1628.9915465988,2.96814762060366
579.51871147238,-443.094562069344,3.01638847398858
3395.37238241648,-1695.79380959221,2.91444582306165
1746.03140422735,-1805.29994397001,2.9965320592732
2868.33230648986,-1593.6424431519,3.10114763135126
339.276401590908,-977.718407841426,3.01767662890137
3350.70643431939,-905.729965503685,2.91814180122835
3249.17123896575,-309.810007717328,3.19089344973918
2259.50480256916,-472.57925287928,3.05204633336084
2465.7739274679,-782.503951998337,2.89719382864882
802.946895708244,-312.564213828518,2.72880954893963
1209.82192141054,-631.055149996495,2.85546346630235
1887.57471711243,-2111.31483988839,3.09953343820895
101.115461294246,-810.048375417728,2.97248545463116
1934.12223200873,-90.3091708255442,2.85631977213934
1611.93107483781,-181.119775411048,2.95809568651071
3372.86629950939,-584.029491224055,3.21600456804034
1154.18105508665,-618.457985025722,3.03026414843
3287.2679988179,-1508.13210345441,3.04150935947169
279.737510600513,-752.317277548507,2.98325729413463
798.042831806604,-411.265327625577,3.01524128965408
1490.75757055205,-1954.49911680082,3.10800103089179
821.609584980582,-2204.15369886895,3.09405135600848
1762.01469747917,-732.386331087358,3.38906323665095
3595.99461776113,-1734.13808416016,2.95734277525009
625.814841093152,-59.2730179250223,3.05993751830867
844.793447084007,-1968.37550328555,3.04325202412985
1900.4058193052,-108.707880389759,3.07319346581193
2328.71408445267,-297.981246686291,3.04840612149696
808.241182876629,-1445.91879069028,2.83934572808799
3215.03227556278,-2127.11637191456,3.00674875286579
392.929304880103,-2097.71764927965,3.11569093374688
2567.50276139369,-2206.46775938794,2.93067361242592
4008.9324031599,-525.227543158865,3.0044288213809
331.443482165242,-139.844094998422,3.01502182573856
1736.55387544296,-1543.29389646008,3.09884564101422
1487.16283679566,-432.237467754625,3.0973840658728
2167.73862281706,-448.001583002477,3.06613554792403
2390.56140552743,-1035.0254619599,2.96254786070374
194.2696512071,-959.054557881533,2.93838308112312
3640.68312147001,-360.341300344436,2.98915985514756
3974.18066363568,-1854.55057423198,3.15607890646248
2153.37659531397,-2086.32271336428,2.92515395007503
1530.4147690785,-1136.25050391206,2.99178562929075
414.540254612652,-1512.89370826474,3.05727945780498
4013.6554094198,-1694.33990824914,2.89814382671227
1857.46786697056,-1429.04236673032,2.88021026082566
1664.1222094809,-577.94482872775,3.04467261889819
430.220191098207,-1477.35575128064,3.09545929370226
2060.87444655814,-126.575811298214,3.01338484685806
2889.42533584413,-1308.62817955424,2.97758128323414
808.065668134015,-147.602705620321,2.80149404506056
2161.96876420389,-540.261724894699,3.02234577455587
2676.8398874159,-494.037633151582,3.00059576971623
1456.44116961714,-1322.25890021668,2.96241687559577
3056.77931716429,-932.208828030213,3.0940001433247
3840.89131855048,-1313.21769617817,3.03367857093168
3388.24624354233,-70.5716565965346,3.00971660411526
2565.31247138906,-605.484849623835,2.95739520804261
2404.42240897179,-410.744630346315,2.98891073813383
2216.58838181358,-1341.87495632198,2.93874043700257
2636.10182738548,-40.4207417522319,2.93103955047371
961.691016798041,-1060.59197309923,3.01031461668429
3662.88156538018,-2194.71678223793,3.07909212807318
75.8173383489145,-349.699921276785,3.04441285939109
2904.80205653588,-492.406900736717,3.07524157272727
3419.98774331476,-241.203622515156,3.03769325478294
3229.38816297096,-1094.838210809,3.07732163908201
1507.54817858867,-1412.96661157787,2.94993020668481
3192.02357450265,-1591.48633188434,3.25472057409575
744.893546962152,-1967.60201042063,3.16396677626398
1710.31827104369,-1622.56754012312,3.02894895199979
1290.89542826106,-992.540574996588,3.05610951139938
1914.49551356414,-652.369143001127,2.97588050207545
1274.26652541642,-1801.44072633387,3.02454206951759
3063.31523446683,-700.955838010652,3.12784735989723
2494.59447414841,-448.535169608916,2.91921744305741
1389.78723921801,-677.156240053353,3.01931036417473
1282.33294853793,-360.320509651549,3.09298749106648
1723.11089911624,-1806.22098409536,2.89176821985391
985.50869295298,-1751.77594024636,3.10262106637165
262.509218098804,-759.850571801156,3.06123676775956
1020.49788350935,-456.774253000084,3.20167766395427
3480.28243556161,-594.311380148383,3.09720336355806
3885.53742061845,-1488.55226016131,3.10294089801194
3916.52642319053,-259.656413300696,3.1414027020729
1053.94091772819,-31.634726451431,2.93965529135638
1432.21195097947,-1926.46925105756,2.9787983696203
1841.11045273403,-2067.91579124296,3.00451190714144
3395.56055285141,-2206.79360886338,2.89077415318709
2869.67068473416,-1640.16915614946,2.92866931638342
1809.58100343323,-85.1437023397827,2.99271175334389
599.815315326901,-267.2718305315,3.01441905630944
3197.57304356117,-1543.61069680146,2.84561577621925
481.198488624621,-356.172004611328,3.04147831336923
2987.68967241885,-1296.78430182671,3.01626463527923
2292.61035834363,-165.885856836252,3.11334978510385
3596.64355131078,-340.963594304472,3.273519081836
1365.87353347099,-1699.55528936852,3.20735451652945
2185.91148876093,-1573.91994768338,3.11398170134077
682.158624299271,-941.223990714756,3.16751796092513
1725.29226352389,-1728.64014822683,3.04800723444741
677.100350120311,-1549.98897161374,3.20813322524286
3899.15530319668,-875.529491630799,3.33893483312331
1974.16883892939,-1487.02833901056,3.14174661866346
2653.1912214463,-2144.42555946747,3.19854942635162
1565.96107941142,-1722.65740516218,3.10122025989151
3250.23261791584,-183.293884262213,3.10676620685022
3864.68272511315,-1067.60484587326,2.90549614166531
1431.77205916243,-2179.90003872,3.09441100625045
2887.47636729319,-166.771051474046,3.08988630634095
2464.49713255871,-881.8987457531,3.19041944911849
719.033621712947,-1823.36505316872,3.04755194430225
3336.04893398263,-610.630539955733,3.03844103738593
3050.35481937775,-1327.61494051893,3.1895324486249
773.629071955914,-2034.82550113449,3.11317333126479
3301.158392347,-1088.16414654478,2.88819495528586
761.001607586923,-487.535552651471,3.11706914723627
3563.28701562202,-1876.16518427439,3.06477465164662
3544.1493400621,-450.007163197406,3.07297922434356
3287.414678495,-1031.35965481791,3.10732489649134
576.945783617466,-1934.02947730179,3.08348209901021
2570.6219878041,-240.923650114149,3.01422986040824
1770.54628349146,-1887.18096215756,3.14116966648535
1652.54538180245,-967.010366781432,2.93304323869338
2432.6319835689,-1955.01835936823,2.99678332654393
3254.13810526184,-1296.64683887625,3.22897622851407
82.2772409117198,-403.796591658006,3.11143889380118
1764.32915218317,-1495.54296067278,3.00700205313984
1827.96471955026,-192.202182038453,3.10807581985742
1835.20263765303,-1844.72090300726,3.15747229023984
3597.58721967597,-898.611033080055,3.04711151691569
4016.11997133152,-641.235246885789,3.03327808037951
1025.30322338616,-516.924918667448,3.21378175688565
2620.51800257035,-2212.99344826144,3.05782450754861
2604.10831898672,-223.209814960223,3.25710950638526
1508.81892571911,-1773.13405891748,3.07182087184873
3038.5130296618,-1857.28413541774,3.02570807079082
1997.24083112687,-523.864938273269,3.08322661506229
2495.69280590448,-871.821303296558,3.45017917755093
3123.6280844499,-744.21719420042,3.16643645472328
1465.28669757274,-842.678732834591,2.96234777492818
1179.80902463474,-1379.60765202078,2.95474130546426
1483.34268828535,-1463.88070374028,3.03339486513939
263.327158101833,-406.258829768706,3.08345339134622
1705.0327891267,-669.169330855974,3.25892112673451
565.301125806453,-1474.55625677096,3.1219155429553
771.189608502122,-899.324241367738,3.16607875636567
109.292065263103,-1436.19213277125,3.07316751916577
2952.72062095526,-154.490857165795,2.95816148153103
1993.95111374058,-1870.32999316264,3.07946173475097
1900.93267492206,-234.820751098207,3.08613080893565
701.784050605252,-743.177906736609,3.08636501216954
2664.00081846039,-937.69713360884,3.07714888410469
3319.67652656024,-531.36018245831,3.19018039868731
1347.66936002056,-900.585607838907,3.04490833153411
2478.92934496281,-640.56296836745,3.17882334307282
2569.9573302126,-1624.84245981176,3.04362054706193
2366.23731499215,-1732.13241626603,3.18104827534239
1400.4226059203,-1606.32300043638,3.412176557384
1273.94338495923,-328.119217907628,3.04847355954038
441.45755853119,-1572.92894285117,3.17831701389903
2271.9076016147,-1645.71662937113,3.16581997263636
2392.15856307387,-875.183651593502,3.01232023461467
3688.04826085535,-1733.88930143582,3.23638859042087
1426.98772668823,-2046.53754658862,3.05602965236842
3238.84809904675,-2020.03402651971,3.15926100670484
1224.17414662659,-1028.13858104787,3.21488196442571
2170.80404831386,-925.287458554793,3.23169275548629
649.751323167659,-1216.7121898033,3.13003466530114
2464.83349749552,-370.43271425232,3.07536542612723
1927.14865873056,-1559.01609657266,3.13461804501987
821.569121508332,-2005.22982229873,3.04465291009381
2673.69425321215,-1665.36546271648,3.18778622467788
2941.26042443757,-911.46895588298,3.23324744383186
2732.6706672377,-1710.21115789638,3.33387119062418
1926.01859787752,-1332.50378407613,3.13625764740302
2465.65066559629,-178.330843748495,3.08039909779663
2206.74268352222,-454.701477434692,2.99327347829293
4036.00558052321,-1763.05532966485,3.14497284294657
2498.80117758666,-852.051809679298,3.17067766424133
263.024456994309,-808.907679816584,3.15998876748165
2566.72927990752,-918.224918623387,3.2181495872261
2676.14192260599,-674.788772546301,3.21784641249842
254.640448817334,-1470.52899594591,3.24513252744064
3776.65427346265,-652.71328991698,3.03347269514424
1606.42358685436,-302.777637359808,3.18928291100467
1617.59128858549,-2140.93541117176,3.0845572440668
1606.14273385068,-2214.11203222098,3.00758105203921
1487.76082510738,-377.685364312129,3.14775729504991
1762.0856140991,-282.28084910595,3.12368917009966
867.546968131531,-1327.01208754183,3.16338520830607
1825.36672079102,-40.418566847766,3.30739142376118
1453.809546153,-1239.86465857799,3.21746170377414
479.291664499088,-1839.88732173857,3.2604952480592
3667.21929651468,-2019.55570042579,3.09808860704169
399.324737551935,-1196.02449601713,3.11117206137825
3486.34766737543,-1340.46374541436,3.06805690253631
3789.93901275406,-487.700825469285,3.27994664417746
966.460586519801,-1430.71300727063,3.15065285681387
3365.32069180608,-295.417303160622,3.19973908243578
3755.90997324258,-1690.23002168404,3.19062013636706
3189.4808509902,-68.1124810912088,3.33097296501284
2252.38242182668,-789.277822102988,3.12561826890798
1397.47220582805,-713.17680659263,3.187722057446
3654.68134838471,-179.806786879382,3.21702594629547
3572.20338798501,-1363.1775237541,3.16363814064486
1974.04866606976,-945.931719183715,3.25357624935793
3986.97733198503,-1136.29972169771,3.09243645933169
3103.43663739638,-922.129264348471,3.26010281265554
984.958110169837,-995.534530392998,3.26367131073808
771.983070240224,-1338.45326220738,3.14789959447549
1280.89743280013,-1109.09087551825,3.29542749768635
3028.13553963661,-1542.90485119709,3.20631913954005
2564.74559224593,-504.52793303846,2.83247695559432
1855.2512979121,-1955.2084890467,3.04903018081142
2197.24169057088,-799.948631922303,3.1897766480005
676.297262087286,-46.3209080419882,3.20313347642461
3955.70369862645,-918.365083316069,3.1689152981747
3835.18271285465,-462.38040746539,3.32682049793236
2999.21673175002,-661.996729888534,3.21893566321642
4059.00762618649,-623.654916257651,3.07004975529998
1978.71848940551,-13.9430886151469,3.17168422063597
3662.71198472307,-311.131955767384,3.09713732336693
2788.09419488725,-209.576628273482,3.21489129327266
2769.61555605068,-1873.47897135337,3.24489500398029
3934.10407706235,-1998.47912775202,3.24742785821644
1342.40457139004,-2015.414133367,3.18660793203312
1088.63569369476,-366.438952938002,3.19219681396959
343.186903183112,-594.864869591651,3.10840268210419
1914.10258701261,-1794.3069655127,3.17725510090294
933.71100503563,-773.51231350815,3.23333069769234
2745.50288888294,-1450.55595889634,3.31044333352032
2737.12565711777,-335.493890196573,3.13772057477075
2087.21848753455,-1574.00829188298,3.1406820375976
4043.60654845433,-642.566770971827,3.08422938847362
3715.41426360036,-1738.78817371715,3.17621580996219
2187.23749089388,-1669.94433656414,3.16269733742455
469.60966667448,-1398.28417524293,3.23834097611845
1089.25573598126,-2056.58013971434,3.00867609738886
3374.59788110199,-96.0948666590194,3.30391147415278
3467.16926702445,-1348.11423528923,3.09653019281638
3427.24456701198,-2174.9616877701,3.24539347466918
2742.78707255755,-596.272202275947,3.29300414540106
1699.00914667567,-1331.34373382149,3.10981824001464
3161.6293347469,-1935.06617026842,3.16389043355895
3385.36276560967,-468.347390203769,3.22437357229245
155.796603465973,-102.910908469079,3.60496064729324
2614.57645096832,-1976.5813411035,3.25285036312235
877.248062291144,-2087.86361802377,3.25066680692394
1163.36078896295,-897.826172890346,3.31776220197895
3481.42746986598,-895.302472472547,2.98245953447296
3197.01607901788,-828.794791825122,3.19450212499096
1096.42148231811,-1325.76425471357,3.08036350316583
3326.41593396942,-1839.35594745335,3.1157923648403
1961.73718430937,-51.8557131547098,3.02664650201505
2905.25415039438,-746.212884232373,3.26972654539581
311.09579586711,-1535.04644674396,3.21157983451121
1783.68399343289,-491.237680659812,3.36341455775792
1492.45713359209,-1787.72720566143,3.237446935851
3947.54641148006,-848.555332016113,3.12129047720829
3809.18620398649,-10.3402122764682,3.13070136795688
3621.39733480447,-1564.56978777388,3.13476771442911
2441.54586199345,-2141.27731150645,3.22598207142651
2031.90152375089,-350.348183728454,3.21423679819235
3011.78137630136,-173.066067510194,3.36112492884721
319.764840734989,-99.3316964139412,3.26430265232913
543.835672271808,-1278.61682822854,3.33282568625942
998.862156244223,-1700.19923925767,3.31944603275656
2805.30965256043,-810.298778064664,3.23427500240983
2699.20928064978,-190.691103047059,3.22394416333517
866.389691426263,-293.509627415047,3.19310196460127
1457.3009050437,-1745.17085153695,3.30266394432386
3084.43997841925,-1858.74828291713,3.1190089083698
3548.02264800059,-1159.4542087428,3.31231638439508
2531.84772711285,-185.126332255585,3.28631879012031
4051.49137797955,-1621.54053263039,3.19218166205081
827.416305204331,-1916.71404349901,3.41386263009561
2637.86406555488,-899.61759511835,3.24444873777127
1038.99995047248,-1498.88900363852,3.26547691280421
863.926021908548,-259.695402973308,3.20469575748653
3685.11351169231,-2010.08180898486,3.28769061409181
3969.77241064112,-620.220842828533,3.25458737687119
3025.95278257967,-1841.31565830993,3.15687824089678
2794.61950751994,-2118.79252164148,3.45379158339478
3220.93311330744,-1827.68466087722,3.39488822324044
1074.37263566535,-1293.74256620308,3.40489055259523
1880.56934856277,-39.1646065574839,3.27534418554399
2510.35509918027,-2.57510424728518,3.2729295646296
1509.39329186313,-898.048500416609,3.43531831762709
299.680723857697,-1950.21716722091,3.27323341280737
2337.44624406853,-69.700202465027,3.27685566565783
893.907778449607,-1983.73856627998,3.29483190264256
3430.93672734225,-984.259049423472,3.2442982240452
2186.82526083886,-2050.57270315167,3.39323677075353
3698.52919095901,-1881.89685035524,3.30679050856469
1479.07388749058,-1971.42204155348,3.15784522517533
2492.73238889457,-1487.90430031897,3.1965755839559
1994.9446376493,-1510.90397970223,3.39519826280674
875.763962291446,-1148.37120756304,3.2836839382726
3555.39130669068,-1342.72271878154,3.32471908246042
1091.84933705305,-1513.32881782983,3.47177619525635
2923.05822362784,-306.610864400527,3.29252652979754
131.197084915687,-395.116043383859,3.39665596053912
2397.44834983671,-285.554961291914,3.39600899159368
2179.46318392039,-1423.3705051003,3.36877294625923
110.118664570664,-1504.3853580269,3.25561488758669
3792.60038010696,-1028.77392988577,3.14613020490488
3952.72863294849,-878.390248178386,3.28666225808961
3296.75299569564,-913.878379000322,3.22668513893177
2347.46446431036,-713.874167176855,3.28022616461952
2359.2951978249,-1863.37338589922,3.28516354660947
2143.50698214292,-627.162819598627,3.27904391484021
78.0336255133201,-489.730965714417,3.25765020729781
3573.54729226562,-1191.14710619769,3.36014376159269
1900.45030471286,-66.9640093098035,3.24410067955225
3618.11090128698,-1513.03204470478,3.24918393656265
2050.84884997732,-353.652011688577,3.3201339644541
1350.70743363558,-1320.31679743014,3.41021971164633
2325.55182746616,-1807.113097157,3.33331423284439
433.470353669228,-1367.12423640025,3.41755624082264
1475.91057232113,-900.825152054001,3.28221343318449
1134.42414396208,-1224.76092739674,3.33377731315785
3163.84740113581,-1765.34051304598,3.45824956674978
3182.9081855739,-1870.41562571847,3.24150040050572
1045.30451522077,-711.309200979603,3.38341153004206
3190.79037543511,-1435.19771384986,3.28653543146969
2218.68044609224,-1686.09374514828,3.26608647798235
173.123092559937,-769.345770654056,3.37389766886972
2743.15949375125,-1639.69961578761,3.3764322258614
3257.58958514561,-66.7862318605213,3.27288107763331
1159.66875967031,-1144.09357230449,3.48560058468267
2927.84650612256,-746.878783846342,3.41222154397616
3238.31561964299,-799.232547045574,3.28533377070503
262.685296656074,-1353.02428389527,3.45922622855445
1779.24544367517,-2101.90397990487,3.24345771256471
2115.1156992755,-1137.09098480924,3.33802951307071
1987.02878436031,-1651.83117991553,3.46036238918423
3932.48940355574,-1448.6117683331,3.40295723742276
3908.10334062386,-1268.16669437045,3.46226642769135
1690.29470490435,-774.226972949475,3.39484852060079
3031.68285539393,-190.433577722681,3.31851527603459
2164.86746279917,-1106.00581452967,3.27097549619006
2627.38030631731,-1619.71573986728,3.26013973900476
1991.58836937408,-2176.30665251815,3.31056613180324
430.882661730309,-1739.68403125395,3.40518585492729
746.461292631877,-1887.55809509678,3.37760877636887
1699.85650039916,-1481.09622625813,3.3253551169262
1154.4675576319,-1003.11294425127,3.38692674561362
1298.25176195962,-1050.89137762039,3.32603771998528
2426.58235702294,-649.806069905316,3.08149478427332
3412.52264774359,-1788.00047590962,3.57340542333306
2317.35712605802,-76.6159593821264,3.37238636066444
2086.3037808651,-249.295122480766,3.39642790838732
2637.78849094993,-678.569537318935,3.40888868370844
3381.00225582107,-1529.70840690498,3.36016447794026
2367.94745240172,-1679.58217644912,3.46263478506042
2788.09799132032,-885.862978795185,3.24958412388454
2923.35623794114,-2213.07633847171,3.44055970559269
1826.3446483581,-1998.9460012179,3.58110048920448
1471.15912391948,-866.822250616679,3.41986859107089
1789.60050607961,-685.980867812147,3.52075764693405
485.399222083717,-611.918676803933,3.33785329235022
3490.27139100455,-1208.0829484809,3.42866403447138
1955.33254841097,-1443.11314210616,3.35571839492734
529.727749580021,-199.797008348482,3.47340459574202
3664.0044454676,-2130.31155548125,3.36068111066747
293.866744669715,-346.255542368135,3.42234104840793
3688.30249277745,-618.274782359566,3.33553310187719
3166.85538838443,-680.429377501321,3.6017030172631
3429.53903437716,-1199.59456594594,3.4840330573988
2215.62772125447,-596.207941154311,3.29138314520624
2127.92880302445,-231.751147778227,3.53641901551256
2675.51086190294,-96.9213065409825,3.45416463668878
2182.13073090836,-4.2603531558435,3.57402640500019
3154.5158281776,-560.529972687381,3.43666414370321
176.621840707347,-45.1216466466001,3.5353559614271
3276.76736709908,-1547.0732688172,3.47973675540206
997.353622688392,-532.072513330299,3.57869294110783
3202.59998745493,-280.943864428195,3.59013213265721
939.092248326648,-2142.01950121523,3.47010593545825
2953.47677554462,-566.5210872433,3.48192902099528
1880.19787913378,-1342.83757239931,3.50349156702222
3578.79912472761,-543.036562359435,3.63323958946743
3632.2550753492,-1084.61237299558,3.56098177579378
3038.86415247036,-862.453079260905,3.68069598432985
1684.5200390046,-876.08893928801,3.5167082059114
331.126485258791,-682.9034088877,3.55019224011842
2823.7334151627,-2099.49275710125,3.63700945884747
3806.61203264899,-740.581450434425,3.45333499425644
2468.1527819544,-2016.15061700132,3.48627972485946
3726.61677428956,-612.533236495227,3.54766384928919
1811.91691638365,-514.810752269081,3.51938587089524
3095.86098576177,-1453.0920999101,3.61473270250328
155.298270000865,-163.437166286499,3.6170804839321
2791.10335383443,-828.962608863793,3.41961365103416
3087.3744072141,-34.9567782724133,3.64322782637314
2066.94345823112,-681.606911305955,3.52626016972753
667.635168440654,-1453.15578866502,3.49449153535369
2825.35341100969,-1099.06933804213,3.56560661496489
2349.52154431055,-117.93504414988,3.36750488319361
3635.85938761413,-2193.04120221105,3.62203912039852
3295.54494884353,-2133.36059736549,3.52085121162768
3181.41337668045,-100.011358583718,3.55304479369699
2383.04630214794,-161.549893156445,3.56072397461285
2281.77817034086,-568.383506457824,3.54880043641122
270.763593929979,-11.1671898077049,3.56114479899301
2347.75377379898,-1411.48594103818,3.58171911202197
3281.63448869809,-1760.31869222444,3.54418930827404
2563.18595146883,-2027.52196403726,3.76210578351419
2310.0590664377,-1962.82059302493,3.70136123730116
1252.8579009491,-1725.93447695186,3.67392760156099
1838.0586964213,-1360.41604467613,3.5918869526683
3844.4418643431,-1669.42869378944,3.66932385643422
3477.23753921914,-1027.55766413277,3.56032056068428
1875.70747960374,-1380.23540792949,3.58916964604901
3353.27429561176,-2196.44792647164,3.45681524774849
312.02252398044,-1334.41539524351,3.70443426966132
1945.05415902207,-610.51469534608,3.46536564113348
1493.4149097457,-169.34289489677,3.81090277420192
2994.34488321009,-1442.99180563588,3.68235113504109
4043.98865732101,-2057.31581485523,3.57015892031791
1309.20570317654,-454.071546755482,3.44946949313309
1679.88697207332,-2161.77675316555,3.52749399533992
1533.8017925962,-2128.68996290048,3.5735316031487
191.386890010625,-885.843394346271,3.45863444522938
2473.70500275554,-2117.30244306966,3.76961133540594
1782.66891796861,-786.051646599571,3.67291089173124
1837.07212385391,-601.260217064481,3.57389353304231
518.110513649309,-1554.68469340587,3.68185978874669
2729.71710358405,-277.412462339106,3.56703562693695
2355.39315856126,-393.22817641494,3.60918497766024
1282.07410139553,-158.701661855938,3.81183326457303
2823.24104886833,-1200.74032644957,3.39273125140486
2136.5232440331,-1293.78074134772,3.55767708146807
566.822296378166,-1909.96014171684,3.59669485632453
2055.21234347022,-1823.5291150773,3.78603769776495
2838.80935931917,-1586.53836173347,3.45036775424984
2956.23165180506,-2091.72471377689,3.63061769306024
1184.90205394521,-5.44632396057684,3.64387701047932
2289.76291233328,-1090.44114043311,3.73435137496717
824.10397293953,-819.468072835316,3.84242112871973
2544.11808140026,-2155.29943383637,3.73143818048391
61.7574580678314,-1513.2184422572,3.51966840946578
3894.0381713325,-463.335819330049,3.80646579878058
2836.82565601919,-713.271993588986,3.73949202608544
3724.26853737964,-687.260700331929,3.65598526248492
1216.58229025379,-198.852600010897,3.74486289438049
100.730558273974,-1327.30547018397,3.85485519365134
995.437496119621,-1164.8175210712,3.78979320629078
2383.5226560847,-1351.47424406054,3.76835185670203
3258.42724877825,-1131.82081246296,3.7327232773246
3000.37116121092,-1674.87502450867,3.749001268957
2280.71371413663,-299.4857731144,3.69912573680493
1005.35035199972,-897.312580118088,3.74821693174625
1516.34301336373,-1731.10227524771,3.7796827340851
3132.93064555408,-1994.33238808929,3.85358459535552
3732.97247097818,-298.84359849041,3.8892073879421
322.922248058637,-1730.06245296181,3.86508664031658
1871.15581811309,-1997.51309856719,3.86995172261561
550.768499782042,-850.211623410743,3.89177031921508
377.994983558031,6.69979735974584,3.92975607311942
570.213418226053,-163.826079898105,3.88210985960729
3058.75569676402,-761.00229739375,3.84323359104817
2701.01317171359,-2036.69313391905,3.98779992553849
166.023123579571,-303.805309155463,3.80279274808111
1361.42947877668,-1041.76412978209,3.80814130959211
1598.45724852494,-1326.83025795457,3.90920866161995
353.122117823704,-765.434661273167,3.89883424248112
3753.0329239536,-1025.90460705453,3.96927959261789
2874.40957924945,-12.0166109546667,4.01672269448182
517.382752516152,-120.067930474125,3.68648853103245
2426.66300526626,-1002.52631190286,3.80912895367288
3344.76166312012,-1357.20949538581,3.91461092216157
2810.00531918818,-385.272665026859,3.86875118047446
257.710425712117,-696.643325659496,3.9401963234565
3779.77767822656,-1518.29829752093,3.91812353334668
2459.37207854248,-311.681035428879,3.85372624194927
1089.18245494406,-237.595297724135,4.00013331389668
3007.41386507308,-292.334477128086,4.03378448725771
1951.56602762745,-216.412930692687,4.02681113839295
857.959648114477,-546.906844274398,4.02265834683866
967.866422786788,-273.285725377979,3.96686238139238
103.186283790657,-1101.9530474934,4.01718256006845
745.367774285108,-1135.92284353004,4.16563366281566
3278.73912493102,-184.293753078491,4.00327428402655
2984.12827183573,-20.3664499490526,3.97186017758303
100.396633208665,-318.666462398904,4.26003537448369
1150.75265680407,-2217.31276349187,3.84146406776472
3263.46233498017,-884.128008562556,3.96333158040388
2597.58076610922,-439.77529008336,4.08001774508839
3999.21877514003,-1314.32102164329,3.99064758692848
990.552247757509,-1878.54215828488,4.04985496827231
2241.489301359,-1982.76860079591,3.98396186565116
3307.89578316575,-1907.95886287036,4.00310285440229
1756.41193339059,-859.592955397171,4.14287663060085
2948.43877104702,-971.834484908717,4.09515688370108
1571.69589407263,-1080.90799782161,4.12780965440441
3315.62158026885,-252.247809508152,4.0846043185228
283.063164636519,-545.73353441863,4.31884291713033
3085.85772057289,-1945.12885288914,4.07146217664965
201.702287725098,-395.465153216254,4.16727916947222
828.418187918554,-1349.24479519164,4.23864660969027
3763.90276747197,-1435.23745586897,4.19378192958054
1256.31866810927,-1524.84044746316,4.18408480890095
2728.17025097699,-1962.18271228815,4.14113122493946
2443.8377501898,-233.774122239893,4.19717547762724
3452.59569436404,-22.938185644781,4.18830519322993
1237.85579299629,-811.750350111576,4.26260488640048
2590.72859085273,-737.51761254956,4.19238132777393
401.6933475132,-101.475763160185,4.51790602866632
2340.7119240268,-1815.36354264922,4.44809991141587
141.705449949987,-1174.41968958979,4.34683848376643
2536.4627694107,-1931.49707104746,4.35938050839365
457.343133278453,-892.65048519263,4.43499928659511
2115.68511673083,-38.4339474596075,4.18197537098784
1260.71977614789,-2158.65574671444,4.42705029612437
3049.57067280558,-827.432994306496,4.20946300897441
2286.08533080496,-347.046632893483,4.36759092226846
1827.36982001932,-2158.50678622109,4.3012016316448
3444.65028437997,-1657.62320875935,4.44998825015766
2487.07733189665,-1320.29931903188,4.54083260442481
2342.08900621191,-671.979394741521,4.47724406665326
3331.96437575703,-684.059534487581,4.48168242246423
199.354723011909,-1261.76082654462,4.28316367167781
1732.69473912129,-1372.71984089316,4.58057557153512
3964.12859723773,-1400.01781377861,4.32682248158225
854.623142537745,-1091.02545224185,4.74245439873236
3044.99839092244,-2078.03132123119,4.48005166097247
2062.12130050913,-1390.48710040072,4.36107988309002
2924.87341288614,-2033.59825881429,4.58838911980205
3130.52484941378,-1084.14727938215,4.77117380366047
530.433213889697,-544.263859648334,4.86998631438645
2575.93015695252,-1608.95001487956,4.74062014967511
2987.80974956302,-2155.98866436673,4.62211424624685
2902.77352475313,-441.552065369634,4.72038132278746
3619.0555021367,-283.783492967289,4.75042838003169
1115.7624241602,-1436.43480546375,4.74642428916349
1551.26837813201,-671.05102630341,4.61188649956657
549.752021686282,-1203.3157156148,4.90120114851108
447.471292438248,-1295.48535392122,4.74114954485767
2180.58568144334,-1873.11375685392,4.86937921606182
2663.52452517827,-2103.87560171876,4.82325006473431
1352.38178530176,-640.02040830484,4.9627456209806
509.039433697262,-2081.45655219825,4.73185145178264
2957.19667215277,-1953.53556826674,5.08337744085432
1938.72368485013,-2188.74928103437,4.87040415262272
1123.12142941708,-1979.14985971752,5.00804607295974
3216.2573627264,-1240.36214764439,4.91440391648433
1677.34887360701,-504.030362890354,4.7980497080695
212.672327645669,-677.073981203768,5.1496980670031
2988.44256098196,-1190.5130467971,5.23537104870078
2894.12782917445,-233.949207797742,5.14761627673348
3467.39190976463,-1340.34863447366,5.39559853477022
3296.43078411253,-464.350689924001,5.46228290306799
1536.12772223949,-1012.95152365632,5.10762385385419
756.008861839463,-334.654152550547,5.41546161750162
697.969451522498,-1664.83720138681,5.38413074132617
1407.96535663817,-1168.74412126314,5.47012018683052
600.341009368981,-1018.56854359238,5.70890854406018
3643.17792164082,-2086.28207994305,5.74347176782183
2633.54956223692,-1081.32535986956,6.14411165302813
3381.34054044886,-215.565442915289,2.97456429306351
3215.30626964279,-114.095189942799,2.90263169181995
2714.25690710181,-652.274488679224,2.97613933767356
503.762673661664,-1901.91327484081,3.19876419168582
2086.05177441569,-2162.65315978486,2.42544678979782
3554.67837125974,-89.7772146998785,2.92634208798708
441.273371032486,-747.51741133545,3.02426607235568
1659.78732656577,-444.680067557041,2.88734146374553
2350.77426309212,-2054.16809371275,3.10142581020023
2982.02776334894,-2034.57776622204,2.96128323913
2668.93920742955,-924.370190440377,3.18890319586907
383.491576799926,-484.296812794118,2.85774115836317
2635.14621721327,-326.471629870204,3.09544360500684
1806.80622952074,-732.798193391355,2.84490176888053
1587.56010317225,-2060.48392891075,2.71947842918
2638.85576949507,-356.436846145993,3.15144484891402
179.253734795063,-624.446877235751,3.06345022562089
1723.17058962649,-968.02525789743,3.05624920991069
3084.94274139069,-1082.05377529849,2.99330915571646
2455.05396021935,-156.19883688407,3.26692468911116
2166.83215830158,-1314.5596977596,2.75568899360893
3672.7252515611,-124.950210090625,3.12698024710001
2216.39788294787,-51.5129557270718,2.86478306762999
1704.35291828076,-843.196756616513,2.65549777339093
560.887417382621,-1496.62523244162,2.87955227158892
627.96690572273,-1421.12064597166,3.23303724879266
2682.69105232791,-29.8451153078971,2.78547225668697
3182.34716646186,-1606.98647473036,3.09667397226329
1214.59110697712,-1932.51424016173,2.87328247576924
3752.78345150264,-1737.37975725937,2.90355080789736
505.308866933107,-2157.48235384484,2.96786270866698
1429.37738777063,-1782.26343985864,3.15982122448564
912.602171462186,-199.895610778461,3.19763676481757
1137.45816513171,-296.42824997168,2.93329755003847
2262.96439629149,-492.850546695743,2.94478971886846
3261.82736795541,-363.81594063364,2.93604173591975
2380.41312468968,-299.986334882138,2.95391168119473
1502.96097444888,-1002.44839674937,2.85998331563793
574.432655527127,-214.196340050857,2.45917963743217
1615.77763827893,-1084.88496909697,2.99435777837477
1527.58323598652,-503.323007237458,3.03997365643883
409.115730528432,-1039.20010506753,2.984414105748
857.853006290321,-422.83638826172,2.71290689110712
1801.58313271355,-210.70762020967,3.01494583095786
1421.85228168873,-82.911252966428,2.40883760105236
1598.95370217355,-595.206234452386,2.70316342690922
3886.97901473316,-1303.82476253011,2.97041115478615
3430.73211948398,-251.708052185511,3.06434408966128
948.147895372184,-439.946314767607,3.01341865584879
3428.76984359871,-295.343038172425,2.87578037797912
2408.02096068512,-689.646749968062,3.03852251192887
2885.93958479396,-471.755501844258,2.99158173300255
816.483959762163,-579.289421785494,3.07917036743888
587.942060657293,-1506.01564922303,2.86565153854592
1459.3410071251,-1719.44923241243,2.78199899612587
3425.52404277516,-821.501959116245,2.76329677043186
1121.3982467868,-965.834524646025,2.92774528693041
3981.10935422008,-868.167106886244,2.66792341810957
4017.26616004362,-65.7326397650456,2.77389339054961
2314.53952724318,-990.574128747322,2.88838297321581
3533.52834972416,-364.023925845228,2.67006078851805
1386.07926749137,-99.2437112743386,2.78556459435269
3388.91054125733,-1957.08340337666,2.88513157145615
904.454577361556,-1526.66434696637,2.8999707372195
2014.80025692742,-463.265627012742,2.80016997903872
3175.09662929849,-291.21227068017,3.002628723977
3510.98450857497,-527.939297967092,2.8511096154418
247.688568524167,-112.908915821903,2.84590625335982
1033.21973460627,-127.054904488751,2.89403754023541
3889.85551370352,-1840.68549870115,2.98224010259687
346.362979413079,-519.348102100465,2.92089099309873
3089.67557518212,-1798.64174708875,3.10020516633041
3905.76804686257,-13.1489717259412,3.2273098837872
823.632390096762,-372.656602257265,3.29817866222542
3139.90273891755,-504.464511560464,3.03918003572795
3733.37977804902,-334.806724460881,3.22011348747027
1317.83640537413,-380.031671587575,2.89851888459709
430.88671976297,-1873.06788289831,2.93203602404243
2277.31975208105,-710.045802027863,2.85101634128389
4001.29968813953,-97.8973888691481,3.16583659680366
2084.08214417667,-358.677912051169,2.42545231531555
2118.26162095272,-279.287494724753,3.07640735757885
3530.67841246784,-880.43923615686,2.82667069548147
686.262372031611,-81.0828946666303,2.69212588961958
1147.21213289855,-1448.12122715472,2.83523975476163
2799.27560476241,-571.926857199872,3.44500747242414
3606.75868718582,-625.487169186161,3.12282581303005
1634.48408457255,-2132.90703240111,2.98671874104728
3167.40467973675,-292.94782371018,3.05641813934101
668.54209507854,-449.078945872563,2.97883145554774
3358.07243426799,-538.269988372489,2.81402238946884
2158.62405657065,-566.453865577003,2.91870448646752
3047.07872137382,-1643.83525523097,2.73049375888565
2037.18225581334,-73.0244192481773,3.41520160144414
1283.39194248392,-2107.17695802558,2.48801770665513
2766.23581527766,-1934.77533428122,3.24304989746617
2741.96779012235,-1837.65544106555,2.93540852158467
3572.797383817,-1889.03629708347,3.12859608814294
4063.90346982196,-398.41698734177,3.17916294951641
2591.88888174411,-27.6748662338392,3.0859200697388
488.413811693459,-1476.85994814373,2.9660991667824
2447.60563285648,-194.453583734074,2.7415107195213
3183.17305888066,-1915.8993704161,3.28516464706052
1118.39547394398,-218.374715777991,2.74730236576101
2197.94240032426,-1647.24729250924,3.54699434925811
2043.67243159205,-271.743272482314,2.66579013741733
3121.3116524869,-441.828844680658,2.9944705081162
1921.82928043926,-415.523207864846,2.77329133776801
1450.51774426379,-111.175409698079,2.86643874186173
1315.89679894877,-1422.03122874268,2.99296139534637
3214.84030011285,-411.373136436422,3.15018323854511
2014.01314329711,-1690.93596196943,3.37173519525985
2333.31723116823,-2219.21687022759,2.96701717173183
3113.73197196841,-2204.387546283,2.79789642860693
727.661553728659,-1024.19037625293,2.86351628075995
2979.87589683319,-333.528951176812,2.94820892747884
3524.6739072939,-1665.60534739057,3.0108397335368
986.773833692799,-42.5361480377566,2.82455750208014
349.210437864272,-1456.74123802381,3.15385488402808
1492.91925356225,-1216.95660435164,3.00717072238916
3354.08640708092,-1878.75752343772,2.95826216293948
1133.07846579525,-57.7087757084514,3.03208257291725
1206.21587483126,-1081.77290792988,2.91360140048307
177.503777133571,-248.137567015554,3.1704600475705
1335.64764019445,-1651.9537938044,2.87717084047995
398.555574316761,-60.4808730826737,2.98680987924391
1542.73435351193,-238.506267754484,2.93729404801691
1204.48136528517,-97.9487999736545,3.11976077676361
2394.23490713646,-563.004381762551,3.00927491916133
841.15402312589,-186.487595730679,3.24741450719501
2485.42698501224,-363.65737113804,2.72657491813835
1569.26882745149,-201.949178515452,2.85008751958164
244.553082056423,-1733.24477493539,3.03887689155195
2025.2239518694,-2206.30180458425,3.07260963146356
577.020126468444,-946.437980585157,2.95619631277425
192.262968302466,-1643.41207457642,2.96094813142098
1309.88896437526,-2126.37007145167,2.84271254637722
1162.4480949351,-169.547614022799,3.00385851232174
1784.35532622408,-1919.37674364332,3.08314851312663
3270.29093316512,-476.960582057022,3.21114391114298
977.333914984711,-1547.03664225697,2.69300706205674
694.722045012836,-822.689210584553,2.99441757557459
1502.09909372192,-404.921972055062,3.04322255016635
2997.81123550926,-1744.29289399392,2.85866855350949
1855.61398467921,-1423.14986745842,3.20010978714001
353.19305777341,-260.070020811104,2.69489379751409
2269.9542765746,-190.395034978349,3.26090702918635
2997.85247864111,-82.0425605549713,2.63122826885199
1410.82595060488,-222.21711908931,2.70830758247561
3435.64251626274,-852.603107926596,2.86224994410849
1182.16007939467,-506.296415842383,2.89162878194893
308.125574103719,-20.225017596394,2.82332654846868
1053.21235038131,-49.5104345628696,3.21208860782434
3302.87657871354,-464.199854088518,2.88357088757343
1857.41761772283,-20.5465353657496,2.99563988371765
3333.01321575575,-648.038564025397,2.90020225806232
339.754000768368,-1586.38721516481,2.93355266034737
1200.89289295509,-1372.42528074478,2.94853944071384
2418.20568877227,-51.2188347134383,2.69133411236733
1122.18961296424,-2186.0278696543,3.0004932703316
1219.22745023071,-431.843102847353,2.90015840985092
3119.01390792897,-1706.06077831468,3.05879421322107
3335.62881989117,-879.552051487821,3.00533472116083
3098.09385908163,-2109.50516145305,2.96954470512455
956.302318444997,-2124.04480624954,2.97740559643887
3501.58529769175,-906.150729254843,2.9119603762911
548.679627789783,-2126.08049989596,2.94610421583759
2507.52732332688,-438.613714886284,2.90501950562601
3898.8046985277,-369.561927255425,3.05171700210546
3448.34568586263,-474.136749005441,3.04494887792174
3557.41035737731,-1872.04298148075,3.06508594682907
2711.9314091049,-1449.38476105946,2.90136572216355
3681.72185390833,-494.242828484593,2.88517439639863
3711.8161916089,-2011.77872722239,3.21197607841467
2964.70625818781,-1379.51189307915,2.86102653142363
1095.40182874166,-107.053754664788,2.90632127918744
2497.45098244863,-1931.07833089943,2.94726487611906
900.261943582915,-95.8957674476106,3.04708319946834
533.295638000712,-143.271695207944,3.07261224265229
2841.37630234639,-551.074642579213,3.25957968559218
2088.00750776775,-1958.75729871147,2.9321776320211
2602.99376245962,-1949.30489362525,3.10378811684945
169.779253503353,-1528.11359198626,3.19182620872522
622.923440971551,-1399.68457772778,3.05282677575036
806.472466481079,-1447.79416258566,3.07054560252281
3254.11820424823,-311.796826991171,2.98090118759283
363.410432438499,-134.28438737326,3.10251287732103
289.439809707249,-709.351785403204,3.02276517869567
1311.33881814202,-1634.39274905851,2.94792434889055
1256.11078986723,-1497.81456534787,2.98373275962653
3043.9892673191,-1957.72945180478,3.11028931761286
1669.52008678597,-138.330632765701,3.05701064386068
1653.9217143097,-58.6673966885422,3.02876809628257
1108.43991898314,-1594.88069649552,2.83827424243864
872.221021178732,-107.857736628388,2.96541914149335
238.222449658429,-1790.31284024127,2.82473719339493
83.2622416098052,-63.3319325962886,3.29433564224661
3677.63226814156,-1438.85483008438,3.09899010161396
539.27313137587,-374.709243246136,3.09758051009528
2960.43385758229,-107.821218266125,3.07253543792065
3487.63661216503,-1342.20135025604,3.09668447926927
611.137755528427,-432.222473705009,2.93358757872081
1489.011273728,-1953.89145306858,2.99114499374619
2829.143885262,-11.2807117278925,2.87956028769129
1278.080232093,-1944.12506306976,2.91398238850647
3872.31623168243,-288.447977464543,3.00922613864975
2160.28369757912,-1594.85493701122,2.89923410393247
68.598415244408,-2101.78997463469,3.30292495706652
1784.37016925289,-322.374087866984,3.11544149488701
856.833560838386,-1520.80552023015,3.1691413478268
908.194726848186,-82.739737914015,2.94368812739802
3871.44779283127,-1070.85760403186,3.19211351970569
3179.32620940858,-461.457174880992,2.92183253580301
3334.00478631577,-614.255341013557,2.95473603230903
1699.81768795302,-102.455733584385,2.93827537462893
103.342459693456,-369.61039674716,2.94435563003046
1784.76299401008,-1131.89621155834,3.04866326620794
1978.05237633755,-451.171091515366,3.1174604767705
3269.58727655235,-376.896143106637,2.98828678680138
1311.31184642543,-225.438817644971,2.74852622996716
734.833595986499,-1190.56948590747,2.97533745292018
1281.45435570616,-98.6807684777346,2.99861664751413
3284.74150824026,-865.495078051289,2.90128352162465
1221.2065661477,-1552.61044315004,2.91023639022364
364.255459178813,-884.409830867883,3.0148606613387
662.257430389394,-897.028830115533,3.00803244855916
584.941961190218,-1602.09240873711,2.98553894365789
3713.57655957712,-1673.34056179919,3.10191279721111
2416.80806285202,-231.042134387913,2.89509129380137
2805.65266779899,-1962.70257077169,2.97730881967683
1715.49298569879,-1913.0793458874,3.05638043201898
2318.00720935505,-157.617438139766,2.96305688149839
1839.12508814124,-2067.69529076031,3.06550590712217
2566.06457522856,-605.875528078795,2.96838994461971
1275.18874028481,-202.456051835341,3.11153523511998
2177.40424257602,-220.590830703489,2.90128478663663
1754.89499329751,-729.800022957284,3.3266059606797
3186.12277314446,-663.676421919542,3.21748751854719
1928.4687716587,-101.113076118481,3.29751264811495
331.951236786141,-142.809891385184,3.1343459411632
3716.05272531142,-254.106057954061,3.27846149333803
3753.70518183515,-164.000640310935,2.99708867177448
3599.13321953739,-1731.32496384911,3.03881138381117
3194.94686422108,-1545.9295164396,3.00904084290154
1580.00757421583,-256.71757844057,3.13570073744203
1030.93925130015,-1620.77661918638,3.00232956133889
2883.66633958261,-167.181917835783,3.08464376355693
1051.37831330429,-1575.74464396619,3.10987425234619
1016.28855389055,-454.133802111304,2.97876826930002
3694.21803548658,-21.8492177490893,3.03965673652881
2759.4256678698,-39.3678526358114,2.92673565665241
1387.96786018154,-144.42960094431,3.11196721517759
3105.10580535012,-1976.56064259922,3.11142330392321
804.386522905793,-312.345469709224,3.02751850985413
1008.92262958434,-1025.9546165277,3.06095405344576
1926.22181300789,-479.343631441706,2.82320629227169
2498.27579649329,-877.281559665794,3.09869682445461
1650.24132592652,-962.645426338136,3.20585755896053
3430.44912202742,-2173.94977886674,3.2912476428121
3302.97376707423,-913.132342456854,3.25481824490688
3337.33824511511,-1789.33469451544,3.108507239967
402.131283954224,-236.101682843448,3.08449786338467
2911.00385083581,-748.398798049729,3.32599215755848
2240.81562040043,-1763.27698376723,3.22463849303078
2480.55880248171,-640.130023833782,3.35823708315282
2549.78045812863,-2140.00896525988,3.29289815485972
1411.31527895716,-1971.16236886927,3.34191731525415
510.422242972347,-1753.31096554891,3.03532893446229
358.385118735954,-284.705300252557,3.11467509207713
1393.8785324555,-1607.83426171962,3.25271794560594
1800.09758300458,-1648.05836079049,3.30267764778967
1901.21481585185,-2180.17934682141,3.21802341972632
2269.07150894206,-1643.54574282722,3.04293337128925
512.937883165297,-502.146891114029,3.24598132585425
656.335603217227,-429.682839282889,3.13415288832877
870.248613114859,-419.968863872134,3.04102659921537
1054.99631949285,-349.081052284083,3.06692359985177
1174.13554053304,-1381.00935928572,3.14635438150833
1362.34460419957,-150.497828807468,3.26685904498422
2021.58956550572,-521.495407730155,3.11718948800151
3196.07892558862,-1588.69231117299,2.98370814586419
475.43671234419,-143.256870346336,3.00266491585558
1278.6919922721,-1104.07488846777,3.18201519097703
3903.52737199135,-874.332540731412,3.06512522100355
2767.4764988012,-1869.34532068813,3.31014559643894
997.892458425425,-248.382108179931,3.12154754279671
1572.7238383472,-1716.99929955744,3.2422937325973
1824.45414966066,-135.380185323312,3.22514987894084
1635.75560330926,-298.924024255759,3.00788990209624
1968.73746044631,-1401.26335303841,3.09833914303925
2612.53486311824,-316.161704226037,3.27589636237172
1635.88059269077,-1021.3859851658,3.21547002096236
1694.13317770261,-1318.94359179189,3.21607346787889
2570.36931462492,-243.001357916533,3.09577107164971
3608.14293969571,-747.723332601307,3.38340405410053
3327.3813310903,-1835.55619168204,3.36322690641704
3981.72576696093,-540.59494832977,3.18299663644845
3327.35017041683,-1712.77094731056,3.21662827511678
1451.19404473721,-1749.17189968877,3.26311704746468
1467.15792320828,-876.614693082666,3.25232324937276
1163.05756691784,-899.861069493449,3.3041773442747
1314.48679232035,-1601.3985372849,3.0826872653242
1941.40585745308,-1495.35484311322,3.49573949343666
3623.63787867801,-932.577471278338,3.71227589558842
2951.62177446,-151.562309117116,3.19399509165863
1989.57357961497,-555.774882111839,3.19353374776955
3556.72868474553,-1627.2953813965,3.66743147247257
3001.99576012591,-1642.38447289525,3.23796842068089
1825.28294512384,-2000.39740471575,3.40849818280498
1182.74242639199,-1908.84656524055,3.17728893026026
2896.05397286592,-1352.80047367173,3.05207634001381
2491.51665746671,-1483.52047456735,3.2437979965882
1988.89192018427,-1508.90627605145,3.28270129449103
2601.48390128539,-161.106870742287,3.22125016122114
2165.67060052312,-1106.82554167662,3.30412124326041
629.491106746159,-280.474548349241,3.34917226479733
2316.51402463235,-86.385179823524,3.29321959587102
2405.53048133895,-2206.66504453278,3.43127587126514
519.069805548746,-200.310048984016,3.57733558065071
3687.50438459365,-522.519950450449,3.70341392563279
2312.2208224345,-1963.7576920695,3.39707904401537
1942.31077087734,-766.426902542402,3.52497230124388
682.951430840914,-1880.13563543045,3.35911500890725
1830.2710462429,-273.140718692818,3.49359482987588
1690.35641987183,-185.555040095799,3.31022892574447
131.010726922567,-391.945921288415,3.4525274558642
2371.31252372099,-1675.45555340799,3.30606790789289
2796.80035238086,-1379.6299851471,3.46074760503253
2180.38796613925,-1416.99345646708,3.43150289224309
2698.98534256793,-187.837129993519,3.3231098370012
2418.55513129824,-2198.6811885731,3.36265712276456
3346.3326501073,-1736.58447229591,3.64367474171915
2527.26617038895,-769.128709385698,3.33680117694726
2066.91231664161,-677.119148658156,3.48520805335528
563.50067365819,-1912.41128412631,3.51017087752603
297.449238066714,-342.716761358299,3.44559014060338
3034.77346561045,-853.023546295227,3.63852588106468
2824.75385622917,-169.333991474794,3.82698964841726
1484.54429627993,-166.76547505312,3.5968007348005
1886.17440065718,-548.003479218283,3.46680952295165
811.940410358147,-330.078491520164,3.40276260073348
327.131978516986,-687.069495723305,3.48779870170321
2324.91208735677,-1500.12405728035,3.42535458928795
1513.92772664488,-344.251554579253,3.36349033842064
2679.89510977328,-100.858151261008,3.45030028385295
1450.22068586375,-373.869263806518,3.72121705593027
2565.88001648459,-176.187206633736,3.40747613070375
2824.54456644792,-2111.74883187627,3.67448286018625
2966.1902517609,-1475.52162110744,3.85307682459519
3281.77229589338,-1549.9741830552,3.39472513933081
1482.21443204579,-316.444571167968,3.68449017119872
3181.61845003105,-103.906529450087,3.82922681965717
1453.11302184855,-264.171162850076,3.55313577369146
2276.60184895942,-561.84140793092,3.49682902696209
308.003639354767,-2206.82416636236,3.80090158241338
271.277822133678,-4.49353630455329,3.66929608042379
2562.61644206399,-2020.04431941203,3.5128192430785
1321.06118518856,-1514.48109403128,3.86522982453671
520.600140982319,-299.462304510596,3.35302464662884
2725.086767075,-278.802547837204,3.83901659603818
2965.5302381309,-2084.70498377755,3.66847485880362
1913.75009560125,-177.904374104092,3.34995599268717
1393.01530183306,-351.091246427897,3.90563882950705
2420.87969241303,-1012.38134544454,3.66728719971773
1601.35597702476,-1697.53101777157,3.74097403182651
3272.6168500051,-883.871675883976,3.78231757236273
2036.57533459083,-212.661681834013,3.9259740859621
3006.33944335589,-1831.73160802482,3.85620457208161
448.068641265819,-346.768796883185,3.93301126849173
1938.87026425816,-491.602597403009,3.9252880780189
1317.88641701928,-185.843276015469,3.94995735765155
1090.33925339566,-2121.27637612415,3.8694385675889
3445.41176366609,-1831.47650858196,3.94742843569797
1869.56521647183,-1994.99266518188,3.88807081356218
1159.12157637479,-1510.94415072657,3.80771817767448
367.901746026943,-215.660208563762,3.94533462152116
2941.10023039047,-980.78922154653,4.08004133836585
2999.67156226646,-1677.57784599663,4.23220163599886
1532.93955836291,-59.0765638090066,3.92354954266989
433.410248335729,-158.283429913819,3.81825557286468
2234.64009839015,-1982.74181158028,4.00681500938213
1024.93037780923,-65.9746368190666,3.88025081357268
1536.94484036443,-1686.40173323214,3.98693934345535
648.515228242335,-170.978588916027,3.94106857690658
959.267692118951,-275.746009841012,4.21588450944319
2316.31726975523,-523.298808878788,4.02437276612769
954.932610261722,-23.4609394528621,3.76569245769194
2380.8820098129,-1624.39428936655,4.14301460553722
2595.27071305145,-444.057008918312,3.99899960436928
979.823057480371,-61.7132441088793,3.81442374479591
3441.77493986407,-1589.38761521034,4.29043677119601
3899.71413138094,-200.294129202291,3.80644459338051
3307.84177808892,-241.310090001986,3.98204951095487
2753.38545540687,-413.829322469584,4.02179988015316
1879.26781834691,-1628.04722268022,4.10880129045157
3012.24967910843,-289.842762343666,4.24723444508218
627.492942949766,-594.342290532972,4.18578112242296
1311.03932818428,-120.211200105443,3.92955813503574
2965.99375081254,-1944.71731209288,4.20462771294072
3504.47330538784,-478.41188807266,4.2905201815408
1433.97752043511,-1442.911125375,4.40985501985933
2759.05565582428,-258.431185622839,4.03404547027893
3960.06362598266,-1393.384164374,4.41239278862867
2104.40574053306,-23.703058590503,4.41908816560184
3972.35218994146,-439.162555494364,4.34281437308234
300.480223248928,-1872.9396576527,4.2714347290542
2232.53036646651,-524.064957821019,4.48609744276228
557.190380239394,-1196.72660107995,4.42403837412154
2289.8791397484,-435.352911671905,4.47049588708718
2932.85518160882,-2030.79700388016,4.4544397716875
2599.39938059632,-578.392111023403,4.96434265400588
3207.15662310803,-1268.48137586253,4.5530223655836
1094.59741978721,-701.652030787165,4.54525923168584
2495.05995964205,-1318.96166046519,4.49949250617941
859.611799838968,-1105.18882274869,4.63541656092581
3413.06475993392,-563.129058487259,4.91779252402795
1518.11759578226,-521.333156879705,5.02462586804714
185.879979432961,-658.769752036861,4.85089032215565
3314.00925707381,-508.601661592098,5.02343342157967
1684.57890508648,-479.732778098358,5.09286678614521
3654.71291025712,-1607.16260467932,5.24514032649135
1713.38024412567,-68.5556813396562,5.31628889810033
3444.32396382352,-1326.92834696857,5.50016088862663
2859.65143780676,-455.444741082805,5.5872796196258
3235.46289560461,-291.306819950229,5.47465603346098
3658.88602510333,-2129.10280882899,5.61759282644429
4012.01480139079,-1693.97898468693,3.14893379663433
2831.83915438228,-6.97983192965726,3.00069889504263
1277.39638552015,-200.484248731379,3.00514022692428
2032.79141696541,-2207.4479511272,2.84833355734025
1839.0229020892,-1252.13015571586,2.9544952299083
3078.70696953432,-1045.95710300828,3.54423620533432
3611.45679910508,-631.057545284489,2.98593969948425
1669.93762571847,-1362.3290290641,2.76667007681971
804.833139830246,-309.837890148683,3.08881322443917
1281.89505612444,-358.790451255864,3.12136710208488
2805.69750442369,-1261.88821485323,3.02151383758054
3718.86824036192,-435.837491146528,3.01957587996614
2985.56189935391,-1300.39560791798,3.23471031150943
490.771472069584,-1790.5513593148,3.26365618729336
2254.65346350534,-473.735196516079,3.12269514338962
237.589156603729,-1795.53476465395,3.65410085850459
3872.97251893468,-1072.08105939525,3.05812312148401
1035.41371243926,-1267.00040574341,2.90864941147077
1763.5893199712,-277.6994048871,2.92208652824969
1663.50140996416,-579.051691394973,3.12241983758117
1678.5909378691,-493.283361425616,2.87920228848797
964.075946479142,-1059.40000745002,3.10508560174591
1760.85052657319,-729.258069556813,3.16155462118549
3795.31326208376,-488.03063495256,3.3140609709382
1713.25116493892,-667.363187778812,3.07450469740737
439.552886448649,-1572.08632214517,3.23780525018425
3289.57299230677,-1033.95098206619,3.24995097519837
2183.53646013594,-1677.13585855858,3.10303782535529
3030.49852368033,-191.860617135014,3.24417239675211
696.201272249056,-1704.79919136131,3.28210356889522
3241.35369933236,-2018.09368265415,2.70079487013688
3211.87522177349,-2130.8500109344,3.18629147421964
2553.00956012663,-2138.72011333581,3.05298118263378
1180.75557893815,-1912.69991979881,3.08851265512887
3312.3912837283,-2164.89757460143,3.37733544350075
3627.9625466152,-935.480431444882,3.09473538147382
1313.29884455709,-642.403128537271,3.22012960708865
513.636907148292,-505.619012291433,3.17016532651435
3755.34393651735,-1692.76251907169,3.2827153774278
2342.09049497405,-717.342906968486,3.18110615614091
1474.1164795714,-870.205574806454,3.30342755938317
299.565231868675,-1952.24723462455,3.48141825207379
1297.08443054363,-1052.37195724943,3.46520419026046
3094.93046557811,-1451.5534595186,4.09610850026661
1487.67119100636,-170.935545617658,3.43960912255168
1694.84727047646,-192.555638546679,3.6243537011576
523.984889738819,-197.100079652426,3.28076998910936
2313.53303561968,-88.2754403987527,3.52588005981289
3082.66034966445,-1857.78271214565,3.59822713790026
3351.54775700827,-731.220569792422,3.62692380881643
1978.82334722551,-2182.26858728691,3.44345607002267
3286.4137200762,-1556.02040059512,3.29138392525229
1168.05988116887,-1150.90998750145,3.50204001569483
1360.28808638331,-1319.30690863442,3.40673824118301
3563.45999119284,-1638.72159400152,3.58023311905855
4008.279451701,-71.8868872515871,3.33774255787301
3576.7618747731,-536.378076927986,3.16434511214441
3151.5502057402,-562.060958617232,3.31142487757846
3362.42230254814,-703.644449975209,3.42819070321862
329.148010976492,-684.873643862486,3.50681474195616
2586.20381851247,-1673.68820186828,3.48753957736753
2471.74460519823,-2015.86460724129,3.27760904105944
2966.73206876479,-1475.9244987757,3.79353468658503
741.791394681257,-332.322264304153,3.35201944138236
693.557062750781,-2064.38754941693,3.66521887012721
2290.44042324089,-572.337671595281,3.86744146150071
3356.90500373555,-1736.72292424624,3.61409388108463
2313.74607816648,-1548.79836631556,3.66036663267133
1637.92966404527,-2105.74581596807,3.65377650166539
1502.49130788324,-1521.89442491065,3.77110821891109
780.9627368751,-1944.32894660137,3.83577454609483
3902.1981382672,-462.34364946674,3.70797673824498
1658.49412777176,-735.605115234482,3.82549770241656
520.009187639925,-306.493639574831,3.69328323607676
1685.26752293999,-2032.68771737183,3.91609952377559
1728.65346423629,-516.710822063262,3.70659489806193
1262.93256137779,-1421.94877896324,3.68763066439568
2817.00438054502,-386.010265930263,3.74603997103323
1690.72708017624,-1183.71759711411,3.84535476024142
514.975277052021,-2193.4515794723,3.85735599674491
3019.11170098501,-294.685285995606,4.1729084697335
3887.39911397771,-210.029560512062,4.04627826244243
3776.7978183892,-904.286814701993,3.92502064645348
1943.03222562411,-494.008172410508,3.86294965296113
1867.47945377219,-1995.99174627239,4.08050665636901
1461.90667406701,-374.539405891788,3.97402584820956
3913.22061283603,-1187.08739165122,3.99359787295279
1640.35413015075,-2057.55165225181,4.11182093781871
2234.80840227605,-1978.59015883625,3.94307655342205
2489.87635202978,-2130.32898855034,4.16976034340568
1129.39325017749,-2160.66616755494,3.99703907619131
2291.05394199724,-2201.78653253703,3.9033491317405
398.041143483954,-96.5655980531466,4.17569417491064
3096.26500132905,-1951.20576864267,4.25096124499476
2737.7574089765,-2094.88520757909,4.21208524448976
2527.9451736565,-1938.90174926008,4.23736065025938
295.40466245517,-1855.77125448438,4.3330553077492
3820.96932491061,-1086.2482672821,4.50716560089697
3044.06097569118,-2087.45212595308,4.23817287978154
2608.19855150045,-581.207096632801,4.58831232321845
3706.02862993179,-1568.35833184232,4.08739615982573
2614.78015931573,-1738.71149877094,4.33137049319963
3899.46078411913,-1019.34417442899,4.46619968746954
1874.43322598145,-901.802355473085,4.67602518239361
3918.52576210028,-294.352677340294,4.7756520369967
859.478625712519,-1126.08463403098,4.71953986169941
125.3717694743,-532.8516500793,4.64198060184088
2978.88847434575,-1970.47259391232,4.68213992276224
2100.73170376619,-1037.03455889127,4.78035879999859
1683.02196605581,-497.698919500418,5.1174693292982
2895.73460504257,-441.526703162297,5.0914841899761
3408.63257354755,-568.687383777598,5.00779341966676
2261.47188486134,-1716.55535632927,4.99872973383869
2051.35368198954,-912.676195929101,5.14769535023169
3309.29729244365,-473.123222771801,5.17590018927149
183.584467441368,-664.613636995774,5.23693371970573
2314.73080017061,-891.855617629539,5.29558722343694
3229.90662124449,-265.906148284419,5.31738272288262
252.715854937596,-206.010021123922,3.47553346799734
3667.17438104771,-1526.90831816733,2.5362415765236
3980.10156999398,-1854.46993913351,2.82395422861805
3047.04331847112,-1463.11287487375,3.21586613216493
2423.17579801995,-233.730782087638,2.97776256384696
3115.35376569754,-1360.83742352192,2.76234609474417
3941.75896645401,-1351.24200463175,3.04393097246281
3959.17738454546,-1447.14664029426,2.97886908166361
2909.17083712805,-914.740044788709,2.99576678100197
3696.64894975582,-55.3221975699702,2.66320650671679
2146.54374440559,-398.478292480936,3.33313171697838
1596.67864625303,-958.434149077486,3.02316823487097
1552.75793365799,-1482.37978768385,2.92589020234734
1366.6232790225,-1622.03211827989,3.18618343128183
214.774540177873,-1950.03067252493,2.99340616142161
3310.3199469046,-373.170976061742,2.94966952288461
3775.49079748107,-165.167667262847,3.2498977310477
618.032624875925,-1198.23377928863,2.8218803034494
2376.09113444069,-1160.8685895888,3.13157115697151
2644.05320879658,-1526.26783515429,2.94772113759444
3335.15495438756,-96.5508104586741,2.91682321118811
1591.24546985364,-1595.19161890913,3.12437232585096
184.361228551773,-622.74229126964,2.9819710777551
3026.13253217015,-1267.71142461148,3.08525946226697
2030.69187199882,-1139.51253307436,2.99053386238631
3481.99958645995,-2171.03006127755,2.89214519925015
1694.21869937805,-1424.55440022739,3.24792610836879
1197.65221231562,-2124.15072925207,2.80629730590919
937.289552637637,-2098.02413009742,3.26798030856842
2517.02816580256,-880.209584035358,2.68699535234174
2933.02690589793,-321.183510792157,3.15180346035264
3880.87950759159,-1119.69527755023,3.19312687589256
3945.04451685831,-2102.26778276456,2.98985094622124
1490.48307233776,-805.90030947386,3.02443028419937
367.623052552146,-125.665483295384,3.1077548551964
3517.74141013016,-1941.93914175693,3.47692477214458
1032.84969340173,-675.252321407549,3.09987433636025
2630.57543405111,-2212.56008240424,3.34354509214368
3831.92876020381,-166.445825856664,2.69624458350626
1225.78473807438,-1609.31293037678,2.77734650236092
2487.10271514174,-360.430034682248,3.92359275931483
1770.69677804412,-1987.58592483517,2.9056013569887
143.764507220102,-103.778378450799,2.66847018047755
1976.49093823137,-452.549327021042,2.97770732832149
232.154743723741,-1795.60175451293,2.7832786113402
3367.01190072179,-582.006986574304,2.88777593659824
2947.85508251619,-41.0934993985946,2.54547626909204
837.297183824772,-802.406037628739,3.11829732370003
1166.43397306531,-1806.87948058095,2.99242084246912
891.580817811782,-703.126877698154,2.90364685991525
1660.56285479728,-1989.74004823215,3.05517161931077
1299.28957493674,-2036.42420555624,3.30450409625933
623.347244399205,-1787.29076881255,2.98480351720827
1820.26339109737,-1055.88865425183,2.93795895330783
1622.82017189839,-1748.86609323611,2.9574968215034
1171.78877354212,-317.707076907636,2.77141696643936
160.714826659192,-1533.1007736548,3.0646110932822
1127.14066104017,-1708.48258514534,2.95616609199624
1146.97606622735,-1628.45570463942,2.7879100586943
1484.001812103,-504.595276291487,3.09675502496763
178.695531408555,-2140.41018043608,3.01304942818824
2802.54521488918,-43.4844975407299,3.06671988586257
3139.67025004875,-1775.26067901938,3.03316073950526
3110.19115576988,-1876.41088999668,3.07497685435458
3426.69952516301,-326.04796331216,3.62843256338145
2160.81813430555,-564.396324478426,2.69962254946755
3894.19654533226,-1796.8619100345,3.1618604535457
1169.92378903973,-72.7771212386544,2.83338470204832
2411.13593412945,-1537.85718598688,3.04804000208982
1268.90102031791,-1624.71375697221,3.22830083396132
2932.10692130461,-1645.97397244173,2.97046906158569
3830.03576201786,-1377.50313845118,2.90043497613695
2263.88880788362,-1400.17379830912,3.10272778587533
634.200700007683,-1932.29647152216,3.12807267303685
2090.09871989031,-639.250781453355,2.58166845068049
2840.78520246706,-1014.62529419333,3.16959420987581
3322.17898109237,-1190.61787718766,3.27511116637178
490.827596965588,-1044.21629973509,2.74100454361912
2391.1536950765,-1036.16507517811,2.88604036924266
2857.61040592966,-255.881418805871,2.85491157422015
1200.42590609671,-1373.14701422031,3.18991818845873
665.468598519965,-2201.69485034095,3.0730049301546
3308.64894680897,-1508.14008408749,3.20921998351622
1322.51014345301,-1456.06707616906,2.88674775394926
955.472855447722,-349.345398889158,3.18137185693861
437.453716147476,-355.778028701691,2.9348270048048
4018.69550658682,-899.497405657454,3.17455668770974
220.463257028309,-1371.32888465564,3.07328964294266
1151.30100580038,-1672.99924458844,3.14840117558467
983.114264980024,-484.850984427126,2.93286495565331
3022.01448945903,-498.77409580985,3.20004794067366
2933.48385073435,-1062.75073045359,2.9788969594877
3826.78436918076,-249.570455732729,2.74989963793484
2882.21000620445,-2070.95217066691,2.91861914851673
4055.00375406547,-60.1557444725014,3.24888057383004
1866.59751737099,-340.505871446257,3.18363853785091
1913.62394685218,-1306.64031640322,2.83471764048378
1205.31570739834,-770.373587450077,3.16569195512703
1499.83750765978,-1003.10447955066,3.07854766344293
3672.72451238723,-1437.92812073863,2.98319932040748
3207.39408453036,-1892.53203595028,3.22089388786875
1406.24656787218,-2194.27800205042,2.97131990893181
1761.30581932878,-1037.06762240482,3.301873200817
1801.79299864853,-1949.64860785775,3.00937700296946
215.965755679706,-874.684140084611,3.63433460692224
1830.14811690161,-651.087013556972,3.41830979945902
3558.44469420291,-1871.61325792892,2.90625086075349
3177.05151386115,-297.102981557663,2.94650431088736
781.937027387205,-588.693525104766,2.90308246932412
3476.32462229698,-1254.35011498338,2.87456583025838
3618.81350328318,-1248.43154626955,3.32285938839921
1803.1201665253,-1376.44621461961,3.15403206943438
1033.32481177714,-1906.05906492217,3.20151890172423
856.421907165389,-835.487328025717,2.96027148086443
689.008348598454,-399.566403012142,3.10968071935025
662.309023791131,-1481.12271285047,3.09701398462385
2348.4423835038,-1965.6567078942,3.56329359943315
3994.99552107196,-724.366408982011,3.41736539922726
2932.31008298454,-1943.38398229619,2.62597914942971
1241.66295295634,-1086.96399604194,3.07570836537174
590.932381916935,-1842.17771954826,3.0445913554969
446.640541604509,-1995.82882387743,3.03034093434681
1802.24460680844,-732.722895620832,2.76377394271356
3801.09040784578,-240.805986231841,3.43628712810101
1855.5351960729,-44.4519906122402,3.03975826511421
712.578982796378,-560.213769775957,3.00606242240202
911.692283797405,-750.22001778048,2.69459131520356
2235.50811136169,-549.122774062149,3.09834685038183
2178.03454326636,-1318.8496967609,3.0592199163642
3891.13395537283,-1309.55309050736,3.29025775252642
1930.60701312009,-473.524282120631,3.03081854823457
2606.36784934128,-1954.28413815822,2.96392564433376
781.824755133955,-45.6058338249857,2.99203378958918
1838.16071193104,-57.8318460483989,2.98675851300897
1549.06365196816,-626.034219700956,3.15348819444091
2228.76391449317,-1241.23923541521,3.27464385631935
372.893880832203,-1069.85010077965,3.15902294119244
1571.84522840023,-1341.22730856017,3.22581198477078
1129.37697597447,-1817.6839240962,3.17308174958205
962.531582552272,-1212.52407646296,3.01808440748751
230.180229632306,-608.809812734267,3.10918982626579
1553.53952437741,-926.310484313925,3.0933554432098
2646.91336182653,-449.202713700296,2.93065983309937
1343.43208063221,-1603.65881504671,3.4015083684456
2504.93282560068,-1779.74827595111,3.20140033567665
3969.18727631631,-284.595773392564,2.68060835726455
3197.59338805079,-1590.3244540215,3.10367184180727
746.599550749569,-975.597768866125,3.07261380984436
2108.82608879201,-809.368228621291,3.02412380593351
436.872437956495,-667.418474145644,3.15953399951855
1677.45971426897,-213.283188967896,3.05008715868997
1434.87095740924,-1868.97487621053,3.4918810989087
1384.35391310419,-1424.0522431977,3.15225772978593
2320.5026188703,-1545.99256161306,3.32513255747103
3092.98500721626,-476.465233192002,3.59939451509552
2732.2754856178,-800.3226292582,3.04796462003763
2973.14019268613,-1407.80530218276,3.01628610753207
1466.68941468336,-1364.64768861679,3.11831125846966
1558.75454647326,-1220.59747522564,3.19713648990167
3873.35221456782,-283.20396314769,2.92746914262196
1752.48169785142,-58.6209461050665,3.34278664238731
4017.51343558811,-120.676908794196,2.45340968667731
3525.11975217191,-274.210943455963,3.14513751913766
545.223957677295,-379.76178865237,3.03693061963222
3489.96180626929,-946.71645310169,3.10978269282866
1226.2849383854,-252.545117032358,2.99238287499005
2070.6519908133,-768.538258257744,2.88476466295725
1876.56096287205,-1045.61595281979,3.16923127794304
3241.63953285378,-1789.61958006314,2.97145005752494
232.635266423237,-822.661561192067,3.22904805475705
711.302542550007,-392.398944586292,3.47213109393397
3147.16758708514,-829.893089301737,3.11368624357038
3696.67171327411,-2085.87149771215,3.28687200515304
1024.95586999835,-2046.92737228987,3.09796962111404
3385.39427473443,-1098.62660394322,3.18144220307109
2219.27290610619,-986.646841804597,3.4562391976963
1385.36342428995,-2164.5488617489,3.02262366796079
543.759873822462,-1353.27418998885,3.2727207279917
3717.00487128012,-477.7456195953,2.89310802621508
1560.66937195538,-1280.63190968964,3.16141599946209
1880.42788069829,-1793.62094686845,3.02354050883561
1217.88689872365,-1316.05588745804,3.0001353832513
183.205189219313,-2103.71212663763,2.91454736209723
1417.83888220548,-1968.79045263725,3.02452212962555
2923.82867189527,-1470.6954807723,3.09429221821526
486.585970120527,-1788.35327513194,3.23663461719431
2634.99035042836,-289.1606048121,3.19431735521698
2976.53488141857,-475.226842970229,3.15833153599752
393.002695744919,-1645.93004325249,2.68262809571479
748.745462174504,-1844.39258130703,3.11488317894935
3601.05788161613,-1734.34561192022,3.09582672358944
1312.68495590211,-1601.87690916896,3.34909955384081
2420.03505449674,-345.638379015791,3.32433195981326
3711.58113183735,-252.158547116326,3.3145686378263
3690.58919121113,-585.710320854363,3.08030284983667
3986.54580707976,-1134.93768472376,3.12285494315775
500.819088446803,-1416.05365920628,3.45497006383636
1250.81136881393,-97.5893334462033,3.03801077742111
3092.23920922643,-1250.69736237594,3.17506382026868
4054.5494685785,-1373.33343455145,3.17554779660621
3179.91495296219,-1648.58477761443,2.94707809729856
3964.22362058627,-1125.92785458024,3.08793568922551
3309.79463752009,-2169.81081092547,3.23802345549654
463.362930828155,-719.359321203797,2.96804673519616
215.873057052555,-20.831913190002,2.99630183502362
2100.53940505828,-120.923303947001,3.10808060461938
3072.18812042284,-1766.21801803234,2.73953499909378
1310.71423952314,-1299.38477756698,3.40113273166462
3982.59654108301,-961.840400322261,3.28286882982191
1573.0561690913,-924.930639402048,3.13774960247787
2580.76543573657,-333.591089609026,3.34892952735779
3124.20112275614,-215.552268393606,3.43082268016601
1116.50098471451,-1577.7166909675,3.28319997677502
585.855991894211,-1737.43061667402,2.89672279026657
2190.01981593451,-1579.93253742017,2.96827707132419
2782.82208889717,-1550.79007733575,3.08730029225266
3634.33486541921,-1962.04564155444,3.15805266897112
937.083494594456,-1769.60532166508,3.30122823953465
4006.10497039572,-261.606170779154,2.9689988523973
3940.39055482328,-1681.22680440412,3.24778832344498
371.722333369298,-1310.73868333831,3.38657480914859
3227.72555022595,-143.107254616233,3.33290504388775
3851.94519282201,-1604.00823122869,3.20762027143346
2063.71862969519,-580.208950013659,3.17195548867454
1088.54061879881,-827.936000332965,2.97119789938179
2156.95353004137,-1074.02615872331,3.34172427961017
1376.96657968614,-1230.55116444296,3.22937580858011
1404.52173599063,-490.978971027188,3.20462890773269
3152.14542015503,-1550.43558073482,2.88469726968354
806.211834819434,-2136.42823471396,3.06376887547831
2068.00628999488,-202.4822402554,3.04427179534567
1993.1763801091,-760.918871058503,3.24699469467573
3248.08335160304,-1878.58348792233,3.02426665027683
1383.92645699948,-742.239282879455,3.04527369065293
1309.21084485552,-1323.46541647219,2.90376126443773
1533.58542053596,-879.266501017757,3.2660346832627
1684.59047210465,-590.192992073988,3.38761912115329
2008.79919554251,-2118.69779062718,3.42051472180228
2945.52378338393,-510.556607929325,3.06901362161237
2848.41298425874,-1182.06416880495,3.33200456138957
2502.26468796973,-1549.02944592062,3.18342087580451
369.657254729222,-30.4011685374054,3.36005696825929
434.46239034727,-1108.14203759689,3.33658625581599
3361.51984180375,-704.254354004212,3.19891372641588
2327.91389776248,-827.709155612171,3.14881713911221
1635.49513804439,-784.941642689459,2.87053825224634
1469.47597254383,-699.728383597387,3.13551874978662
2946.76265046883,-488.49204776207,3.41430494275318
3356.35020769771,-1188.99819783622,3.11468389603145
1164.97622967918,-894.790015172024,3.43960509474624
1144.31255029965,-150.04899674207,3.17735857808003
1795.19258253717,-455.812835641872,3.20651137659886
2638.00115626105,-777.08652320089,3.22660861482201
1895.12257766355,-28.8995065464818,3.18761650816598
2244.90718653619,-1528.8992319824,3.02099353901973
3645.60681654107,-1869.01807684683,3.29139487843238
1018.87074455639,-2131.63457278277,3.02709820815393
947.795404267263,-1650.58126055631,3.22974875431057
90.2916534910759,-1369.18139065801,3.47358208181454
375.350533402187,-1521.58553012212,3.18519678007624
964.302327142785,-147.953481438871,3.16454580963061
1823.85971580103,-1999.57666775079,3.14350667624168
1922.45597859223,-1141.68805841534,3.23900847451469
493.617652347449,-677.790666135403,3.35278142261498
2077.70437622726,-533.505066768652,3.27457752436895
1982.75192961184,-513.878173722751,3.09011293667355
3228.68801558605,-1366.19724163225,3.12343496161455
3605.31326564358,-393.436589742141,3.47690267572798
2009.42803832002,-1487.61106485973,3.23977111815678
902.06698691399,-231.248929297672,3.01479319253202
1903.08170867399,-2193.96177145524,3.21121703026394
3239.24870789503,-1897.14898609553,3.36357566088831
2743.97294342293,-1741.84107365984,3.25824220053286
1639.55376257757,-1020.93245855728,3.21120598484862
956.482268932864,-1905.4318523908,3.50642483881122
881.102244206399,-151.479859516729,3.54143365696098
2976.66600605232,-399.34087150838,2.92105145751681
3101.03216482418,-2150.94897650044,3.19824201216879
3438.51271940804,-1746.62030017905,3.32144218904009
952.682052796754,-1228.34426287949,3.23896580964223
1733.57123036579,-949.51060168011,3.32672756762643
990.138069558526,-1830.8219772536,3.31923912078407
647.546693310693,-401.775584980516,3.3055572929021
1375.03079110818,-1959.94665341575,3.24358581224124
2165.44727295122,-1106.06766597582,3.56452973017929
2729.82875811667,-1572.29945003439,3.1431308131991
3613.798080861,-1717.16693757188,3.1473145694533
2349.85364603504,-116.871447116156,3.57901015301739
1589.27455653505,-1144.38753410327,3.33719729765661
2702.04924376909,-482.806911447605,3.26341509049466
3895.39230734719,-524.609886441183,3.3625332389941
3471.61188652533,-1380.80692362538,2.77073368102702
456.89951044523,-266.791545580074,3.51522450495978
3060.43888958009,-56.7950944596419,3.71066310842352
2037.74043483969,-892.073254890149,3.20847562419322
1056.85982074935,-444.211187790086,3.47274498946105
2139.98132392112,-664.707596692118,3.66315401957782
1929.68861104986,-2151.35993390302,3.60929137856218
2695.59870414077,-271.16521332901,2.95605280137861
1798.63456234542,-681.728608860513,3.60095070268844
3200.31301096794,-1514.08420778917,3.59508538762654
648.31082906416,-1917.62865569478,3.29730419339448
1640.95931752427,-268.036932750756,3.33903467816344
3260.21503263697,-131.282840553826,3.88570529022977
3325.83855135299,-1609.33272054518,3.55813239092761
3846.23876242155,-1649.29463770891,3.52649654254217
3494.59925137319,-1836.89206968386,3.23583904649222
3754.4589097115,-1081.44172490894,3.1776826885972
2433.25412626861,-568.660349304281,3.76242100170204
2013.27866618047,-2048.03512161274,3.55200762099748
1123.79343712947,-549.290853764463,3.55616708742594
833.851894522515,-1026.12670631592,3.59440559858831
362.256213086435,-278.69007554261,3.4237542534845
1884.97143362018,-1250.87262368548,3.2512308310215
1837.15881634619,-270.35137435816,3.43018528968255
3940.70144525011,-991.089439343653,3.53352477735861
2702.06351217289,-687.357771256151,3.50151467179965
1259.50137981961,-867.997831674164,3.35408477844557
2787.21309149968,-523.284607204472,3.2602854241844
3607.48924488384,-1776.13708276156,3.47198270125899
1937.4177767611,-1399.83911517376,3.32992531386207
1203.92428153485,-1174.01772659758,3.53437850067257
3651.35301755133,-1669.35730372878,3.35459039796499
315.800154363226,-1987.32604949699,3.90790225358441
2818.97498369744,-166.669439296607,3.57651483876174
3607.4936220187,-1416.22749482479,3.55306419444791
4049.21721777915,-1046.51180205262,3.41774893561109
2036.9648453639,-211.360497804136,3.87177846606915
3484.42638592536,-1464.62567072904,3.49082293993825
519.85639706756,-414.097423079104,3.29726093763122
2011.61941025058,-958.142369941382,3.24818437792077
3341.0811113031,-769.517952565841,3.94565411859866
230.973243603278,-535.194130773509,3.32549489402887
1443.11973213241,-1264.81785829453,3.21126690775576
262.812059144194,-1350.25605752229,3.46444721663019
2621.18563498092,-63.4116646642754,3.29653727138946
1320.2059368406,-187.133927382414,3.63577976137261
3129.79292228418,-1403.88583396325,3.62405231725213
2910.00433214101,-1789.64728082333,3.61231094540809
1057.66215958761,-1683.54567545878,3.9757705212626
3173.77048397025,-1383.75285895657,3.39153182553504
590.114782368297,-79.2057673486547,3.64182291689899
417.399881744307,-577.757002874433,3.65769741437795
1841.79015477546,-748.029720224278,3.9205639049123
3750.64073701554,-395.396685363994,3.41960985128376
3682.95877638364,-1329.47479340181,3.4434767048536
3577.96205745106,-547.29457987397,3.66719872486141
1396.11255971155,-1151.75740343415,3.59762262290473
329.745005512969,-639.617119432341,3.8294968567019
3859.89266964961,-1426.28622047952,3.51679280396824
3247.00344686707,-1959.73390465422,3.44570748329083
1395.1933974473,-175.862883425028,3.42859350462515
2279.46502580095,-738.435611166291,3.56414384922777
3706.34994011472,-1979.24169858316,3.73781709078659
3603.7711038076,-1189.17066014392,3.71250641710201
2193.34345659591,-593.247515785407,3.68719086754707
1012.30439320847,-2205.94820166027,3.60811018860022
2730.67714621677,-647.546391525534,3.66927641307983
2234.39812320152,-1802.74677176506,3.82457595907532
3055.02535252486,-266.142507613805,3.85660305101281
2959.47026004004,-883.331849610673,3.42406857338811
3737.92181552742,-1784.15855405898,3.47097715171385
2974.02007021248,-926.674120723441,3.73593886157205
2822.68595017681,-2099.38462504501,3.66229609793705
2737.07384402029,-2069.94915087594,3.82416047578807
3754.66248435646,-1347.62904479414,3.50247757992909
2275.4571118853,-867.30428599882,3.86462646839761
1959.14296049673,-2001.26233054375,3.51633538682233
2239.60709732236,-206.195808493635,3.44840849410994
993.076462571216,-2168.8231948508,3.67311215109699
1561.8990064952,-313.014986747766,3.88400808217872
2407.83865033233,-2202.10619480185,3.49215449263724
3293.96038042586,-1692.61790370383,3.58159281396498
1662.7926151652,-731.167358579341,3.79800385189133
2855.79583446473,-910.601201815339,3.57639924475077
2599.42917822723,-1871.41422899432,3.61483989382099
358.613370701294,-210.141638066564,3.5633160386753
3021.1346661825,-1001.42075171934,3.64590543622986
3850.53150775923,-966.253326797026,2.97654228294208
2510.04017648526,-309.575763980401,3.12484894308469
3335.90797108025,-1799.51502025058,3.61929790684565
2018.24773723654,-1559.45097027,3.79736936273099
3896.02623872354,-1455.43834692947,3.72186303903656
2926.60775406922,-885.76871669064,3.50117302107106
2053.82512479369,-2091.50189849354,3.57719537622542
2001.40996050326,-649.7940427748,3.5943973883807
2235.99381289131,-1207.06436195398,3.68496512019799
158.584107345372,-1073.3246082179,3.64090718878214
1780.39678928945,-236.90227673424,3.57230088649541
2303.68166291035,-2053.70772200856,3.75669998339019
2392.66512013405,-373.424870943475,3.8504499762523
330.807194372522,-952.901928567102,3.82911299318629
1758.00772768765,-393.466173433398,3.68335409033239
993.852677756541,-410.319196056741,3.77940928207618
1815.97312201398,-1312.2861627368,3.77021313945229
2396.2351144175,-1425.52471264869,3.55280415507277
1531.41089711966,-969.523913769803,3.64744945506846
1626.62051978746,-1199.59137293388,3.79465330547457
3065.65625850792,-1356.69273948879,3.61928575950848
3137.94958082882,-1295.31883627029,3.78225478363683
1156.0957986213,-733.382179627177,4.03986108730582
2437.67070913086,-438.16850468927,3.8925303819463
1914.61494359909,-175.48782948199,3.71639265123995
3915.96855162154,-2179.88524933254,3.73576417421156
1595.43878486305,-1683.63021216715,3.65566400487891
1655.14884827025,-1666.76687825648,3.65370733959138
2101.35408438968,-2103.47426732978,3.96287928439494
3231.90398063036,-192.406954322438,3.76163649104917
379.731073389794,-2048.23820224997,4.11249053852465
172.56390584474,-1999.51410795769,3.82516428827851
3106.79719131614,-2075.39800000347,4.05614956676701
1542.25315359444,-56.1164898237168,3.87697786136306
1930.10561524149,-720.448968890634,3.92730693143232
2108.50678526982,-1769.57134206788,3.71989346382989
1363.07744908255,-214.379563545064,3.49995088221914
884.250990012733,-870.183182438812,3.89179708799558
101.83288210008,-308.205473578705,4.20209734408974
1765.3295029435,-350.266681865743,3.70738797161476
1994.62953205082,-1816.55852421083,3.93145480775318
2206.9620995037,-1305.29260417333,4.07264428872331
1805.65418541903,-1664.07207704351,3.80681892948801
2151.97010434999,-1474.81087349607,3.90250105618769
622.57703035378,-741.965501831029,4.013300731199
968.6610124085,-61.5017126255705,3.90159630110157
2987.8330570201,-1860.5418709438,3.86649571473499
2018.64273341877,-680.229373383364,3.96930781397734
1194.97942813887,-920.523930523276,3.93855746785026
218.195391169473,-135.275483297547,3.62192076866106
983.693405420993,-677.304798993567,4.033172199947
3976.637194298,-1805.52500051067,4.11031244738267
1746.25066758574,-1677.79878922008,4.12804972565794
2905.82546293808,-2118.84706483369,3.86377056157805
3303.87409532373,-1002.67834064312,3.82940755695908
267.48364463742,-231.185612470905,3.99120643734876
1924.82868376215,-346.917681527276,3.87158387020089
2149.05219941373,-912.716922340364,3.96302694925707
2477.43494107005,-462.187630027607,3.70262566060046
811.717319400327,-923.372183636052,4.13565489783557
1837.05510994212,-1881.75785721631,4.00287849614456
4008.732333912,-835.284824477057,3.91000702373492
446.271873850781,-359.059064942265,4.33272647964936
2282.52668417715,-2206.27212390187,4.03841539013298
2615.54375371204,-1817.23170306742,4.05310680152567
2176.01451962945,-1374.02602273895,4.003443390801
828.392207848862,-1776.55076997435,4.14705930607768
2388.57657218734,-1622.55643411194,4.12092888374367
2770.12239364231,-264.832554051698,4.04706719964058
3008.21019661501,-296.819934327379,4.16712863610033
3911.92639338815,-1163.76729610012,4.18873393698783
1160.72477992913,-1513.95529970803,4.25523538033042
729.386150902579,-1905.01558524095,4.04394564295558
3432.92612804718,-1836.86899139377,4.02890812739953
3628.15703621051,-1375.29629438048,4.30911390954248
1333.37336752456,-2014.39396558099,4.33909758448846
354.149375433873,-1423.26615273982,4.19780939702799
2057.28006469316,-1415.89508184273,3.96428833150087
2002.65170423067,-433.868103508735,4.32103286458443
971.689609136578,-355.021105039491,4.08752030298601
2282.73959403313,-1718.90209469049,4.40678193441587
3966.37083407344,-432.002962239366,4.26294522497536
1042.5099795346,-173.29937624877,4.06536656329904
2098.34662796481,-1926.9714027928,4.29661411029201
554.306578351262,-1200.75679801533,4.54767720639599
193.126334743949,-1266.16580177087,4.57707862824225
3521.40456538258,-554.666455142662,4.21215379408374
255.346525132675,-1017.31474650388,4.16743955685633
2271.80326375462,-1348.38512419608,4.29433043315478
1723.59835837542,-1370.76415807188,4.23685477547561
3703.8811937475,-1183.22713179387,4.33141888583268
1862.71680176927,-909.913006718239,4.11197188356955
2600.8804699538,-1750.52920585165,4.46555614278347
1761.9044966587,-1244.92360992727,4.74196222532831
2553.7935243138,-2114.96631780482,4.63239224638566
292.655415597647,-1207.80469275743,4.6013163402773
836.90813478999,-1093.77064498567,4.8165946581511
107.249845761912,-524.077514987686,4.76163105888755
1237.35620703602,-454.7904875697,4.62517731890123
3691.34372705593,-984.53911341773,4.60093441057277
3215.96990276148,-1247.82130638145,4.87779491407676
702.827648900173,-658.434753711551,4.5068421914335
948.734991736783,-1977.98502982675,4.72434965145209
1337.7695597783,-1707.12466128537,4.50447986610159
250.160721120236,-1337.63026973177,4.88553749711906
444.085999255651,-1952.01412021466,5.05555733857894
2125.7543151659,-1026.66766013359,4.69279593135408
2314.29514240861,-872.626350008442,4.75614612259852
3294.16694651193,-465.781340918852,5.08286016637149
2907.1190889979,-1413.68170712155,4.86813727479527
2946.49874388125,-1605.17624851806,5.01410788895539
1178.86010731561,-1810.28906674155,4.70058111451044
1683.86094746112,-1500.70396621544,4.93050377362406
663.380158691659,-1455.76298549613,5.01769588418165
3477.95810941675,-1338.99074766266,4.97278315097866
2035.3263063938,-882.557623830639,5.2704090351292
705.133065102789,-1670.81934244726,5.34429956149712
1686.60891100067,-86.2526433682187,5.24773935009531
3331.15687009128,-567.517974185056,5.54069638683551
1723.12567039335,-1096.7642844165,3.02604008709098
1111.24712697359,-980.288500140005,2.84713141706679
1313.86452304026,-1410.25187951859,2.96173336663283
1914.45896498169,-1798.70839798358,3.0018894703675
2311.50643449772,-990.588169100137,3.06518590390687
2546.03108714939,-1868.72292228278,2.96483456005246
1672.86846347906,-1363.58752955406,3.26668732140664
1020.86598182379,-1551.32500981578,2.8209213796825
2268.24934497925,-494.950132564496,3.10649812030523
1255.21061462794,-1498.97427700983,2.58791918745223
1497.54884622076,-1005.25577243434,3.49700683475623
1254.05162061583,-1078.1812264661,2.98842581558927
532.03435457456,-1321.02910896344,3.04348609351382
1600.66686452282,-599.793849497821,3.00850711553062
2180.46181707728,-219.93459166972,2.91824600013514
2712.64909632455,-1452.68531342961,2.87974714333509
1556.0809654393,-1276.73767340608,2.93037898708638
1452.20440784525,-607.145981491486,3.05049168764497
1634.2984051111,-2137.06088520551,2.86823477872726
852.27080813127,-1135.83823007051,3.17895368116746
1531.27843250968,-1141.54313004909,2.98002598325889
237.853346067471,-1794.11375015861,3.10477639852648
2959.68871095481,-685.331595395603,3.13240186212789
488.064299832369,-1042.8881701771,2.8713962486591
3095.92976237498,-1251.5291188073,2.98519372853954
2992.5887748178,-1626.17071741257,2.67069209186489
3306.37501642797,-2168.86147577288,3.08407251618433
231.206509885453,-609.885670912726,3.06296101251007
1587.1594033712,-588.44131713772,3.10413455314539
2286.69195246628,-560.537245542112,2.8803597540746
2638.93391399613,-903.174529839902,3.05147527049643
2142.24609046212,-1094.71125166588,2.91262978187652
1256.71552963722,-567.422857622996,2.82962289340308
1601.54295690447,-961.79822172925,2.92120446854974
3890.10581538716,-1313.29608746879,3.01842067824187
3559.2490819788,-1874.92305062998,3.15137530050737
3145.12990488777,-1547.75075307575,3.14964402067883
568.707436002832,-382.306267843576,3.05834183693043
1432.15458520855,-2181.55696208495,2.94880821558252
1242.27463949886,-257.772539400719,2.95204215362241
365.573781223186,-888.200793217113,2.88600372363527
111.622648087964,-335.448965313705,3.08181373079089
1381.69199395739,-1231.23912806242,3.16331213750563
1760.94660934726,-553.347266442514,3.1100362061891
1489.3893852315,-171.444253747227,3.23983361774666
214.608589390831,-21.2121863612421,3.492935925106
1398.38569680355,-2161.76776948787,3.15742141335293
1683.46925696643,-212.581717106086,2.8407417479763
1084.27416014496,-819.874990544287,3.01758423221257
2633.76041677687,-298.133811356631,3.33425052943117
3061.34804723781,-701.586906669882,3.02901025580919
2348.04632548022,-1731.26968594055,3.4312089621293
3478.40001024197,-599.021757121797,3.17576785938114
1647.95585729447,-601.397465663934,3.37130567933414
111.373639877669,-52.7303239471864,2.98066046530858
113.000077081662,-450.04684128413,3.3046905564066
2033.70524941181,-217.363416363351,3.3813814279375
3551.58463116172,-1157.27301055979,3.4501284678494
191.791061488492,-542.699468041238,3.41287532620291
365.251950118059,-482.331591991012,3.13194033741233
2216.63102773506,-597.017077764633,3.26642479937623
3096.77492557776,-1456.23722937744,3.47997573654997
359.970622819309,-209.884216864521,3.46723086407551
831.729785736481,-1235.83352380339,3.58584273356292
1594.29649587689,-1702.42746135912,3.62705481631716
2967.67616580999,-1469.65658204144,3.44665645052418
3786.43544255969,-1528.7020378312,3.55672140155129
827.548869912211,-975.223508536099,3.58256371441887
1000.99610671692,-533.70548232908,3.77820385960013
1406.48573599064,-175.108517093732,3.52789445665359
315.847201220172,-1344.40088379647,3.62202643559723
2359.33650383634,-399.778947020373,3.75945993767722
3198.0278080907,-1880.5160632245,3.44928730908358
522.711513471641,-409.461031136065,3.69350144970514
220.542197587762,-141.177114228106,3.76494549476077
3473.67977511448,-1466.63500592599,3.65422241056275
1679.91612668557,-2036.04793958242,3.71081539063858
2497.40016121441,-471.195874652552,3.52080053877523
1371.30119905682,-205.621118631801,3.88667488088942
3021.66471067233,-282.260708702371,3.69110111302278
934.996232829425,-818.133527518646,3.9605156325735
1093.14369769818,-233.721787553486,3.62010907725998
2025.16025501884,-684.19696147123,3.85428124414544
810.904905620189,-916.969882432019,3.83145489378049
1399.73217363351,-350.761580657179,3.81551028778089
1876.72076732462,-1993.03753788726,3.85230870355547
3770.4769183726,-900.151734466198,3.97723490748127
2613.6839147855,-1804.65523890494,3.97638566484447
1135.8829199261,-2152.52041265641,4.08689676425923
2272.08694081449,-2198.95644605548,4.1530068930249
1484.78036795726,-869.883434781412,4.01708616568054
2446.60949909432,-233.323956827059,4.03190256857907
191.576234802463,-395.301983338973,3.97892074022668
3903.82122697123,-1468.08612990456,4.00914489657245
99.5959639956924,-320.037417078587,3.91483590889702
641.32895929039,-188.606973937869,3.82299258124175
1822.68565795166,-2146.87599323521,4.06359449235895
2546.58828758413,-1927.27821901955,4.13660371970544
3431.81105083813,-1588.15603984299,4.37147989267234
398.61409539045,-107.080096220858,4.03053654589524
2223.53383969007,-525.617314456721,4.13076119737314
2071.55860518271,-1414.13247462447,4.201538715047
2122.21296590586,-511.675501930898,4.21769177288909
3938.28112702709,-1398.71672495233,4.03138061819626
551.479995564432,-1203.83008425267,4.33266046383204
1557.01256336595,-676.857618116326,4.14670367360491
2209.12552356748,-406.010662447014,4.23136151170716
2591.62748158715,-585.40810662993,4.35569908545895
1243.39248864759,-446.129142780787,4.3830929938381
3215.61787195751,-1250.74514360376,4.56973772589003
444.537018037297,-1277.82850906647,4.31501084593445
2675.31876726221,-2096.69964024326,4.6914293142282
1944.5705310632,-2170.68014354834,4.28863105383065
2897.56009213685,-426.105026357712,4.56885253201348
1179.79064502612,-1832.12039104352,4.67538293010438
2994.38553333089,-1165.84785822133,5.42084378603647
763.04045921595,-311.788226102012,5.07619163221145
1419.43424181222,-1177.31067490891,5.14040288659913
3532.7102542542,-1673.15253417268,3.10111403594286
507.89618890535,-2155.9271432464,3.10859604618419
1878.57274660659,-1703.42466246857,2.94152060504664
3812.62685526111,-1757.99249928413,2.87887971634692
888.468434857576,-730.752944015751,3.2516691682589
758.79217360053,-593.292460936719,2.71043334202805
770.21076120203,-2095.00301289941,2.8107322388276
3113.37249599967,-2206.68382626482,2.95685944211384
1848.30669526082,-1084.3892502918,2.86173382287858
1109.320307789,-1596.35711385296,2.88816714086507
852.204995023956,-1874.70542596017,3.05871874059595
1213.86854428435,-631.984539981325,3.14279620803794
1933.0131181704,-105.78224632537,3.06221842244991
3871.00905739188,-290.539310196932,3.33895024416175
571.880096596119,-646.217143701092,3.08086956589304
1526.64152998068,-1139.36228148385,3.31030731263461
781.782356324221,-586.57581833292,3.12434293861079
3772.84622275973,-652.409694654565,3.1874554806832
2651.30266272734,-1808.21956859456,2.53817358373929
1491.40437671669,-1180.07437923187,2.93178772090811
2104.38019977018,-2214.16498395763,3.63808244626021
3652.53028371317,-951.99346210724,3.06970862200669
2868.4424172098,-1914.98803566537,3.53885686328981
623.712552364298,-1928.41146830641,3.03560067088821
190.179979418418,-1479.05617654422,3.25831225697158
346.099973263493,-2184.32675100769,2.91232188541369
692.609575643956,-822.78064739874,3.01114150710208
564.03681229335,-1807.43024004088,3.31548923762934
3654.2329073066,-1770.12112044005,3.01242460559925
1013.25236339906,-1024.21581254459,2.78166814883275
3063.0520293641,-702.413178070272,3.0786819012446
322.552149238389,-1906.14489585527,2.87319233425523
3686.84595050483,-1184.32126131885,3.1783255002982
2078.39137419352,-767.676968060701,2.93804223157839
481.563783000402,-1791.7106897861,3.02577173170407
1220.38273920996,-361.307855653426,3.59681254114801
1490.78231633829,-380.818168516811,3.10955802245858
2974.31047389472,-478.602169505547,3.10522263799324
3373.77733689238,-101.042946341185,3.33635448570989
3988.84174376763,-1137.84231781076,3.35946223074796
3150.05336242785,-816.899409648944,3.07678339851972
3645.33295087131,-1870.86323725663,3.24311797061353
515.149295042483,-1749.97029825834,3.12384605158365
2784.44909244797,-1546.17980545615,2.98079858479619
2894.99841557173,-1353.69340507556,3.20066813157226
2800.3140546587,-1956.70624211075,3.52225687516574
3376.63482482744,-530.513805415528,3.38636626165156
1632.9245246106,-303.156844471444,2.80928144508101
3746.62388602005,-1079.69415429352,3.31643665798287
1457.74088434149,-1743.71120851276,3.42742650489217
3340.62568451055,-748.093469211971,3.56337402624234
3557.15109847359,-1344.27885181363,3.33759889533542
3383.90323072239,-472.514640609781,3.34804037043514
1583.96723025473,-1138.96603073059,3.52933242649361
74.5701333776933,-2097.94242571106,3.60982356259852
985.518026275104,-422.79327059812,3.42613418000343
3316.76787510698,-1606.77234381168,3.81170280998303
1568.11810885873,-317.689693159414,3.55569608446023
3255.10489986142,-2008.3434032517,3.44055892969494
3905.9396351833,-1268.68439456379,3.79053621007357
3831.42570133421,-1652.88683420516,3.6255842433673
3603.71773346226,-747.6790944987,3.62898084138573
99.3606734085754,-1499.14414719245,3.3472992476869
1979.14922541375,-520.006354758403,3.23005290177566
1755.07633723654,-350.287897638301,3.39077784014457
3155.83897264352,-1937.02346114533,3.40693154578526
2767.34528266695,-272.148787660067,3.64982287026379
1791.56376637807,-687.237046658493,3.37042406565622
1762.59854585076,-397.787639719419,3.57411033197883
2467.44330409787,-1715.1462468462,3.44821934326149
1283.67632376843,-162.029075048735,3.34111204016575
1048.73915767125,-1281.47611296859,3.48172175333063
75.4832543142542,-488.710839667662,3.29185734594665
1938.74078806746,-1498.74414667764,3.54691761061836
1220.68904440189,-194.12308733963,3.70437971476239
2554.84184514358,-501.963868762297,3.56241821653627
1374.5192175557,-210.824425281169,3.86237873626721
2731.8302075675,-280.638630035951,3.6129942796298
2092.77253415455,-1748.77503889329,4.1053489138561
1925.85619794714,-719.44982611565,3.78204503960276
2090.00580464286,-2006.29292214116,3.79002164946385
1673.38159918072,-2021.95492365736,3.74756002672227
1968.04226225541,-2065.05495033502,3.8730132093222
937.473731133366,-822.226673829192,4.02651033234338
97.7959699947834,-1108.59799324221,3.96292479173138
1389.07842045735,-351.710903895558,3.95857733964191
3265.23889021438,-74.9076890127493,3.79059970539702
3431.05785382012,-1834.33571841693,4.08945831721066
2494.43484754009,-466.572119167778,3.83859318707588
1820.02400897604,-2155.47312983412,3.5531429477955
1309.85383854707,-116.388131881578,3.71760669750926
1875.67553734904,-1997.53242312499,3.88789836280058
3820.12016663776,-200.487796340775,4.38407827402838
2019.43716268994,-677.557350394289,3.87177487762343
2600.80889073645,-441.669669381443,3.97330132278528
3824.96534649006,-1070.72013219781,3.94054032122116
3453.89653817666,-32.3762179553415,4.40117431962925
2244.63347284237,-530.648877753768,4.37400012748008
189.708568388102,-392.112827358682,4.20741184708493
3698.53913707509,-1189.98623859359,4.17907854670883
1561.24569233363,-2122.73351491537,4.26693949571444
2334.13667932811,-1816.68984680204,4.55600862220913
1872.38550822318,-897.84329824653,4.42834576548314
2589.81380428814,-1746.47688181504,4.46519114873214
1671.84558243789,-340.434305808047,4.29007796216952
2671.50125045867,-2108.30284225851,4.51694981155052
3148.4543979359,-1079.33904945502,4.92451588369652
1702.65490573742,-2170.23156798113,4.81565315889187
460.22237257522,-1955.28212186334,5.03036196320369
917.820350301538,-2004.30000328268,5.10953898120098
1393.03549625691,-1174.61095543384,5.41597243682751
722.271753122971,-1023.08408962014,3.31444668465526
2497.45586442633,-1932.80808793556,2.97675932850548
4000.35043508822,-523.909811074927,3.27095898263282
1260.94826021461,-569.992048857485,2.78459806888292
904.923668476916,-749.189143922939,2.9305919004264
1547.36818487753,-1481.29108499967,3.22767597119678
3618.58753551059,-1866.76286277157,3.1705543681772
1861.08512142612,-1428.20041094215,2.93547705664252
2930.10696603281,-316.118926675435,3.00687617726888
853.111708924355,-1875.82606835081,2.86303246690547
487.619778987112,-1472.64502184259,3.03482766648439
506.838400381529,-1415.45745329048,2.72540104365909
786.180240321528,-180.346052671335,2.84758345901262
858.104861641478,-841.775666844306,3.20329690470473
606.60830801558,-1147.27804461676,3.19049762152399
538.011970764386,-1351.29247030788,2.89897045991576
3657.98219381943,-300.667954380409,2.93234176718556
3710.01998704761,-255.437168376469,2.98350482191125
3887.76719765667,-1306.51312649001,3.00249227563287
3090.88734405727,-1245.74553075669,3.36956295373416
1281.10820140173,-357.479618839815,3.16978567647012
3301.58229470515,-2164.75007565936,3.00503328797488
2792.83234828012,-968.137788692264,3.16377824747372
1386.57949133208,-735.856209105673,3.10749538730877
3633.44257909208,-1965.53722900324,3.00010198990698
1489.15870847065,-1953.52359351882,2.7708782477548
3693.595142928,-587.38532790146,3.1662889744182
1850.20494096173,-1955.15481851624,3.22711731744139
116.079562062336,-326.305184487202,2.96487437545863
3348.84849852268,-750.730385108464,3.08345258843438
4048.38972462646,-1371.75272734077,3.10126134561562
2921.61057606052,-1941.5074734475,3.17081744344022
3653.49291828942,-172.326114199203,3.22153598571946
1693.78024415588,-1478.5592421918,2.71837415641481
2738.31325589053,-340.675009570182,3.24031949487806
412.134254548537,-1516.6608810797,2.89166437902737
2073.21269321653,-530.937627530546,3.06108840333308
2196.34761530901,-797.16117288411,3.1393171707102
695.571017549146,-1699.2066323997,3.22548639318594
3317.0525444398,-1609.99793325955,3.32196982419036
3633.60378514196,-982.011476205315,3.08510495267161
1696.95080794699,-1329.00837991103,3.2265065955701
455.970769637429,-281.225659387133,2.99488469171507
3569.6547057887,-1360.42187075136,3.59350355535866
654.759533615204,-400.334730486439,3.15852102878114
866.363591392986,-295.122488238521,3.19884778417809
990.069846167419,-1838.0113140117,3.39378582316502
3021.51707457926,-1833.83754016586,3.39204033206898
2696.93991511883,-479.381257273694,3.64931154458235
3191.11328612842,-64.8316212598078,3.13498880726615
899.228526353256,-235.679853105863,3.43981922678184
1045.20190053698,-442.082285070754,3.87173606377642
3936.14839495815,-994.802462429395,3.61686944639415
3032.83984327914,-186.090266730183,3.28474147344534
110.358476888223,-1503.99764774427,3.29913554179004
1589.31782466852,-1137.77284038105,3.76798429883302
2566.76842617018,-169.451868434133,3.06606893873803
1496.8578184499,-1522.75523096817,3.53827381625711
111.437169552778,-446.223939914337,3.11037531642772
175.512228409752,-780.07912212043,3.60265772115331
632.484711984481,-663.954992252268,3.51613131063819
958.205635402219,-1238.70204795402,3.50253280821084
2297.47649142934,-2060.13517902882,3.64605019307944
996.36100650308,-415.657836520698,3.76056473005689
1765.20882934942,-351.608657563999,3.46465500088674
595.875946754412,-74.1349267530721,3.35187223331128
2325.79405512072,-1801.65667519962,3.12065330541581
2822.63695841385,-2093.05098407187,3.45165287710397
2050.91989985231,-2100.12829941831,3.24463746945583
71.697465138885,-492.993346822979,3.3664553063027
3786.98869201332,-1511.18670831968,3.11395709396657
1144.62401982373,-2211.20983028138,3.65735456048165
406.057408025733,-578.170133865682,3.18594271286126
1561.18430612867,-318.942869438631,3.59762443608743
3583.3827357202,-543.915501222388,3.45570063169585
2978.96828947695,-16.4394263212113,3.51159751711096
810.508314436472,-782.174535392528,3.40012558527038
3731.09398370085,-683.361546054987,3.52945526992452
2869.50707484859,-2143.82417844323,3.52503879983704
1025.52777404463,-61.8995107154238,3.54844498610405
1925.24816380973,-721.189453886659,3.84701526575784
1397.03011648802,-338.370474376201,3.6646229769006
2143.93513271527,-1472.13297903753,3.41375073078909
1599.04166661066,-1692.04139218759,4.00571283971794
693.742021263764,-2052.14990319406,3.85151798140192
3846.87286678489,-964.480350677988,3.72742688740145
2282.66700726496,-2202.33952131051,3.655196082771
3280.61870956319,-187.724754861961,3.52995809033302
2242.53695743673,-1979.4138889446,3.51758807775171
808.358277230954,-922.398440474565,4.05321467079944
1871.25126748675,-2000.23869499426,3.97026087601491
3889.59775159256,-465.536567194172,3.60891416412841
2423.32031760742,-1009.52621710791,3.57432891252388
1096.22948355926,-233.645697730995,3.93865554608885
3451.9756679007,-1823.35819612827,4.06347449701053
2047.78542091581,-1412.35968590646,3.77727038142654
2542.27389403008,-1923.42147614028,3.97459940604701
509.774505922463,-2199.84703172812,3.82259990933766
2926.56426920877,-968.879161447978,3.84661444438498
2435.74628843096,-235.576003997987,4.12169356345943
838.348694897406,-1356.27983037532,4.14333123301852
193.850295374714,-401.952774718137,3.81112706756425
2596.34649513239,-734.678783521256,4.10896491300108
2342.30978877145,-1811.50506328567,4.43521753263467
3885.56810552798,-1028.02888782306,4.33675239378208
2097.71234887943,-28.4832958861025,3.77333006445877
2932.18840259128,-2026.38280992786,4.31867135718504
866.39800603143,-1075.05796105039,4.62609678258798
1932.3051609064,-2164.69210621273,4.72868090671428
2681.65205922172,-2092.42075088335,4.43761220117301
1511.77100477588,-513.857948928288,4.74151482991827
3287.84369892286,-462.609591506665,4.83469964198056
1680.04147527723,-504.376821253245,4.92554614058537
3462.2871546217,-1356.07864404024,4.95488931049098
1424.53146510392,-1183.64527823382,5.30828633186202
1136.02452300152,-525.624159385151,3.17115410658744
3656.12666401252,-1773.90969161396,3.51694785455979
3068.7760164668,-582.677697614439,2.81855305948505
3281.69795207771,-949.465455056836,2.68752517344259
1760.8418675157,-554.18605991136,3.17223668075801
801.936529433815,-1207.94279168548,2.92502041918823
73.5522756761361,-1455.50212040268,2.73631662335415
2223.43057116468,-42.5730599683627,3.33173978133415
81.0396053689813,-59.1760854526305,3.13585428549195
1488.82874581505,-1898.85712103221,2.79816286758531
221.57456264974,-401.574085234643,2.76592373414152
884.02930296085,-1865.44943230488,2.92009999551196
3576.70047352046,-1894.21787259613,3.04374996871861
3447.08867969063,-463.600870543771,2.83305276080403
3660.74966519588,-1269.33204529889,2.70303274603302
3099.65884134392,-777.019140180052,3.31580200014779
3191.46015884348,-1917.34126723101,2.99866163305674
753.72710045505,-1241.66483579323,2.71670056992018
348.525200534621,-263.203839931169,3.01284929725622
769.60790865396,-2098.30350416402,3.04204819437685
401.890535648317,-66.196851185356,3.20830594641516
1423.09735773374,-1003.88578008743,3.06035691672881
525.600608818729,-1397.12057961548,2.93078929766427
577.4660594597,-1314.93882109681,2.91714103545337
3362.69756902805,-1885.49233974999,2.98237791729726
2341.60715295197,-1965.05800028937,3.28383717795014
1029.29380981363,-122.618242847219,3.00168420187143
1879.26048574638,-1573.00171769415,2.63865993548548
346.707258569335,-274.117825839746,3.11491901564058
3834.00641009489,-2128.58881478474,2.92746106977749
739.389035647345,-1460.28925901906,3.03178631939785
693.960030411821,-824.805257935497,2.85537505817008
390.203954407752,-1373.55191767461,3.30299446671557
2316.80306771835,-471.203112687375,2.98124539612803
4032.15682365921,-1083.19110433704,3.11881126946077
1721.22066055449,-1092.43596375454,3.24032340438845
3387.14328155673,-1964.33082542911,3.2219314358142
898.937057652522,-740.83985849177,3.24102443191937
739.963207012512,-839.854175342472,2.70218719197406
1733.91384179518,-1832.25577196422,2.91949090470521
1880.30014586496,-808.888845777523,3.03767763318188
3866.72355844632,-81.8321295705895,2.94262003361496
2668.88666777796,-1724.64433663158,3.22295442034491
3103.92198658744,-261.453555854767,3.05189445938575
1210.51508732582,-1058.17313285187,2.90232421777212
737.652915036434,-1948.95220649618,2.7508758964349
3712.8173789392,-747.314721288482,2.57556305780388
1755.35693209964,-186.402242083929,2.94112767017456
1128.36716338114,-1155.55949985172,3.27797913911784
4011.44441879074,-1094.93275941935,2.51995690224641
2440.89688950588,-833.837232754564,3.26364258373603
2091.9773473118,-1954.67413282791,2.77541267419031
2271.09788785903,-177.480568846595,3.17854106076006
3399.01864479276,-1575.13788550888,2.87861027690344
186.397961987654,-1480.21304710076,3.44568434485828
1131.09498597685,-362.605664690267,2.73037776009887
1470.20527816025,-1714.51746000267,2.98731479027093
1489.42865822654,-2194.46729021855,3.07103587950372
2981.72287265056,-2030.72473477295,2.70841232242881
2743.48775560636,-1835.81597243218,2.97469180836542
80.0152793530103,-344.93910649591,2.57233239141539
2980.98812620626,-1983.27165781464,3.35258082254127
521.165992299413,-1330.60403392406,3.38293554896091
1864.80800676139,-1238.41621526264,3.37157294416508
2923.34343989532,-1941.26211949555,2.79657016690126
2020.59102528194,-1696.82376509971,2.3985395355791
530.24376471813,-1315.37968886686,2.68146907162889
831.059572765567,-1764.84640293131,3.08374244715929
2343.23217645413,-1313.16037275348,3.01594762238396
3431.72062673538,-290.001196792637,2.96605684677812
1815.38691323862,-1707.99077037594,2.94320459624325
3556.93390520622,-682.916944053167,2.64318931624362
1888.01666779807,-1480.10786002051,3.00992713504867
3142.43648961012,-504.617492752079,3.14155181749449
1853.86569216096,-1088.60508155579,2.96920031893015
3878.10787298067,-1114.24791229619,3.23651440033731
3691.06561123417,-2077.98787514707,2.93390646726644
3341.89284875085,-2049.76031898468,3.13377899788509
3898.22087165205,-366.979514451401,2.78716774419623
2011.593795894,-1852.14306319965,2.95510630306724
2464.02891880032,-155.402753494314,3.15282386649383
1894.82653142847,-960.173390317013,2.88070171291074
1962.82141430371,-966.840052718376,3.21457718932105
3182.77943517784,-290.915242521167,3.04531723217184
1668.00325435969,-145.061044544281,3.16700593213608
3491.57902781514,-730.417490809342,3.06445416763435
2981.21987532174,-1667.81144774211,3.15126919157126
232.878320478892,-2211.10782506452,2.99543465235367
77.1266502670933,-1032.36538437241,2.98921676604123
3475.7260947263,-1255.48489301109,3.08711226155662
1827.73597760342,-76.687871436506,2.95015295302435
443.403160669237,-1993.36337488232,2.92139820251516
2579.47761922868,-2104.08212448468,3.24431441517962
1316.95430240333,-1412.04319123621,3.02547309788372
2762.54389544455,-1940.65101772369,2.92856518685021
1738.1590562735,-468.31932311005,3.00872382638937
1633.68873278921,-2133.83456189562,3.18924241953595
1653.07706152488,-1990.29750871655,3.54591138826999
3338.52514968998,-637.509751390261,2.9709158661444
2391.05636975775,-1035.92921099222,3.21335924810258
3853.08781648276,-914.025985873492,2.88536553203355
3500.07572542428,-1790.59817714901,3.06859980560975
3637.39890724973,-1964.82057448435,3.38215747952262
2645.63432824471,-1805.27770981077,3.04759237718151
2286.60269979325,-1656.13431694425,2.93341940159525
1431.54615970761,-1921.63709822125,3.0081278400301
3044.12410730558,-1657.5747145732,2.71995115329399
1143.58117986729,-1347.78017458535,2.89203429758474
264.441054187434,-1105.92802759773,3.31395877627294
72.5092788117433,-717.799657213072,2.83704914296695
365.156077490854,-1304.96866242682,2.90705120286756
3609.29298071668,-741.37307594339,2.9163005863065
1497.18717009823,-1950.08190377661,3.11219870123785
3369.7938719469,-582.082050702649,3.39732523319542
3470.06014039192,-1345.21830270116,3.0626646950702
1723.97233715143,-967.363276269664,3.07188111750155
1563.35717882926,-1275.23505446489,3.28395759537457
3980.3680283219,-1857.78539991811,2.87903134712385
1910.2820846484,-1310.00399422879,3.04093829254733
1925.98316170145,-476.40663157056,3.41532664956057
2886.02347222082,-161.289559529484,3.10690085165719
547.856480741755,-1775.17067811921,3.05604496166877
3340.99611668409,-1793.30388212523,3.35872119029973
1176.37004194402,-315.910946470007,2.80840394850573
870.177798316364,-420.686501026648,3.18824636756724
1609.46064417574,-2216.79165491726,3.04659130266279
2157.59487753712,-1076.14650653833,2.79359391690865
438.984434328954,-1101.03064429297,3.42764007572402
2206.00479363168,-456.24563665254,3.38542346293175
693.679402826611,-409.700343252722,2.82676957453954
1152.00556686908,-1674.12064379645,3.13083524007002
676.133454289581,-44.813638708918,3.17722052561063
1922.72733383471,-2161.76910194713,3.34433429719231
3955.96802156889,-924.563829340741,3.46132317947929
1314.03747664359,-1600.91979342851,3.39917889819772
3829.7707024306,-1083.02984925841,3.3638354460938
3426.24267566549,-2178.13486060747,3.37887672703526
3692.71410532828,-582.488417873406,3.45682895992073
3971.82830519565,-1125.97164562539,3.59902778711605
1982.11380166158,-511.578782458257,3.88234788620683
969.549096940381,-1430.68545684046,3.44365595973949
1640.24322237013,-1023.84616360956,3.29525869245869
1829.30725897887,-1999.02551393683,3.55561351789768
3556.66591561257,-1152.80433533603,3.69435657419333
3349.33526092343,-727.392359246961,3.90192489986414
3751.2578399453,-1079.12670769932,3.47705932857792
3320.92603650395,-1613.56817939772,3.35041674689008
1684.95792161866,-771.038576573914,3.81554514928931
2227.04645194053,-1805.46839630756,3.51321975486399
2346.30509878123,-121.839942894237,3.43339030998634
1811.29645452771,-255.791572345686,3.67926735559161
1334.02620925194,-1633.43533089585,3.50413226878623
1037.63012234607,-1905.65939072392,3.63097634572865
1462.92266996004,-262.243829624319,3.17634318856376
2403.82163126385,-122.570101515846,3.59706773049233
3849.79602539369,-962.793578645327,3.4038863800331
4055.19539979249,-1054.50296175233,3.341319850211
2547.63493983712,-2173.57589802955,3.58141998099699
1277.01895144415,-151.697509955321,3.81814141597463
3629.94178022622,-326.771152622916,4.03749005000322
1683.30815972913,-2024.01602083349,3.83751285473167
3236.05983576983,-191.533504787288,3.6752718352957
3778.25633861788,-895.346756773957,3.92514373263726
515.074627386245,-2188.12755395098,4.09101657841513
2619.54831852732,-1804.65789034214,3.96977705927683
1481.83155476394,-1743.31146361558,4.26091930144282
2910.89021179915,-2117.0337161045,4.15132028077355
2752.76439109706,-422.284677192656,4.08768403325252
2318.43038104743,-501.616806841728,3.83120945816311
2449.7869968299,-241.014450691866,4.30845151176328
1141.95810713024,-2158.06526798628,4.54918613408703
1559.44158869576,-2114.55353575366,4.36941397091378
543.872074302454,-1207.27319723487,4.67838172364604
1884.67937185801,-903.741629784629,4.46427467709014
2230.48115570523,-541.300836768855,4.57190518101417
3029.96630676857,-2074.9996122724,4.72559197042219
3125.72705979021,-1097.07759732542,4.73263014623672
2039.51169013562,-913.834603018601,4.85119135108482
1510.46350730574,-516.905630043654,5.05591483576702
938.505435570592,-2008.23568449838,5.10475714887494
643.955935567065,-1438.3102978393,5.31088888514591
1469.96981119018,-2151.95785114474,5.3353728636428
733.936421852244,-305.836119214582,5.70724103497511
3980.6449436453,-1584.04080473149,2.96844909016472
4053.91706431496,-2189.56520958585,2.78258543128713
3685.89670039963,-1787.50994842837,3.01884608222628
863.164765414291,-1561.60832593879,2.82895290672352
2868.70027901686,-973.38809427492,3.03399223771509
1312.6178495632,-1586.57950036164,2.85999798620737
3993.97938959868,-1308.08035202208,2.90501979592729
1135.19041665761,-1157.16452624002,3.02988577998422
3811.63624326411,-1753.21929883092,2.84498544280715
3793.95809130669,-1266.40439382022,2.94930494057941
4005.99474464428,-99.2260997163385,3.14092641678535
1533.84051327847,-1036.81783695404,2.59480617501086
860.676442612608,-1663.48079521569,2.84473088722512
2054.8909205515,-1203.72673599237,3.03737715108838
1144.49987076462,-1345.76716246562,2.9223038190034
493.005042597568,-1206.2562847333,2.95193921939842
2195.08588062774,-972.120378344733,3.14827041902435
4066.09584843207,-1552.85148534494,3.71122171573476
3611.93215442235,-625.870686892651,2.90811055314164
2234.21931585583,-550.412054481563,3.05451828228109
1611.58545949079,-566.619422708598,3.23135796581526
3431.1292383889,-821.201787932031,2.91622487271039
334.48501319119,-1592.64601485461,3.05682365506428
949.72227916032,-345.929446055137,3.16078627795154
2277.19611337846,-707.222217704226,3.29234577535808
1303.09715596984,-1394.53161498952,2.90432786844101
1277.93476579984,-103.854491172323,3.17514033471393
898.814387628238,-730.068836110032,2.92931703145123
3598.45516836991,-1300.33180461493,3.00004078497954
95.6270964535866,-974.816369721932,2.83817556182173
2292.65139543695,-1412.71255574853,2.92896274267545
3987.67672231245,-31.4088933632483,2.50833517496439
2989.31316149225,-1839.85462416653,2.89437843224249
189.005497381945,-1477.13070701552,2.72284735661908
4010.78081188257,-1096.64550282958,3.34958781889768
2034.22406845721,-1286.06905399102,3.12839458129056
1007.07071409337,-898.758979009461,3.50969938562515
738.350229453189,-840.534157876072,3.24112182327992
870.791137101112,-898.264374536469,2.97725067026613
913.812188397519,-1525.54589529806,2.42591552138696
3909.30160781076,-9.77440791111579,3.41746926020032
1605.80560513951,-835.466364668772,2.98255779151985
2185.66543872548,-1589.17681509959,2.65217840952825
2647.08649596262,-359.041234228955,2.93038663577537
3279.2699586767,-948.937073646573,2.9919971053837
2434.38518114061,-830.574775220985,3.5613289317907
2081.97981497681,-2161.06267425312,2.64108591332526
2511.93872461257,-432.128565909337,2.5484121839476
2422.11553583576,-196.263702445845,2.72977562075376
3698.63140403499,-2077.10804610213,3.15089742470926
1561.620249139,-1285.38855219655,2.88882085894117
525.003201563151,-620.079716472393,2.88936340612587
571.720972754734,-644.352072295833,2.80287032754351
2981.93530525753,-1670.61512296979,2.59089636913631
904.400282851609,-93.670806663729,3.01762993127739
3832.91049857937,-2130.91459277117,3.054435203412
2079.59333958965,-1142.11585490223,3.33873147383222
3358.61907070119,-428.474110448986,3.10206262701602
2755.18762833816,-1813.9043457859,3.03435081865926
1423.55109448446,-75.2335423256719,3.13108892398707
2976.15686726896,-1036.55407823378,2.95969657171276
3837.71313519589,-20.8461267055954,2.81822092560819
808.517905416699,-1442.5403077582,2.96914618934721
3005.8475507479,-1633.88793817409,2.64195459698449
565.257410320582,-1497.37330876395,3.29664030333507
3661.26765026987,-1273.02490372485,3.0459021808674
3662.84400247499,-1776.68241944742,3.12871725935474
635.078213171255,-1933.44490799377,3.04394147952684
3448.61521238692,-1054.01986770769,2.97098831044082
2578.9880881876,-1790.45113392181,3.29840050073993
1455.90810521546,-608.945544512001,2.94128513514021
2792.43981071863,-966.633687355922,3.03675107939054
3868.39579708486,-1613.05049826655,3.17425865357702
558.048399387633,-1661.37315408911,2.82706147498906
4021.13198004376,-868.375033361417,3.23170944969968
3104.4558126845,-1569.80837832717,3.15385277172588
3346.63564140468,-1792.43529150626,3.03578401147281
2491.81623977241,-695.058364431574,2.96682923604527
1029.41310960439,-740.570873740342,3.14788160608302
166.091757646366,-1530.95529194751,2.99540196425008
3257.31698624732,-308.540932979967,3.02925084486364
3526.9548800641,-270.930611607009,2.79779124181479
3238.33559825265,-126.352345898474,3.26047241912239
3677.16356188482,-1437.45221712192,2.76482974339326
2647.20396183707,-1800.44102529151,3.28051239875477
1332.58868493989,-685.057397073312,3.12798565253463
3442.90238897606,-1684.67746588537,2.85067859585295
3008.89643557576,-1849.07766733926,2.95787909881009
560.676647334547,-1812.54491016547,3.34011057253781
2187.0585352586,-1572.29904433105,3.32198974282713
1187.87924334011,-1914.56589555769,3.0270092301594
3479.96095528245,-598.299948530619,3.17462193603395
3487.69019400094,-894.069350518152,3.23355147869826
3784.30403696017,-2072.97254467286,3.26481893797193
3225.18522300324,-2134.74767106801,3.22753811074735
3663.78335202203,-177.901001553048,3.24558039781835
1311.24060199253,-1319.75668423146,3.290181743069
1992.46395470607,-556.160366582839,3.30315339312326
636.274678944318,-1404.23155648758,3.26737188883593
1150.64214008284,-1671.58365470408,3.15712774786041
4055.46150379191,-1373.42201909492,2.9913830866081
1634.63182255799,-1021.64499236756,3.41046101922734
995.05558978987,-1700.26862022042,3.71481013714328
3556.60050864448,-1156.17438116467,3.43115569146476
3128.72058904733,-1389.45876856221,3.28270858075526
946.054319971674,-1663.5809964491,3.46900016981523
1040.28080360933,-1493.92791175528,3.25347282005438
653.602659580412,-394.757167294101,3.3813561713733
2187.69528929355,-2051.31884064108,3.51939735043908
3001.41756675253,-1638.33203192567,3.69989137431837
3340.94933231056,-754.67489729448,3.49456205246288
135.05018070668,-391.641254621029,3.99123775960865
2315.91418639895,-91.2984448255291,3.5313970100294
813.409457885221,-329.785066680689,4.13827598826691
3937.40983825858,-998.649265657418,3.40158085324147
3351.75624229942,-723.93215231118,3.17732644940793
2995.4386642172,-1602.81539264673,3.50755375449686
991.549577009315,-532.066249613929,3.62292647462777
2818.71876748709,-163.524466822446,3.76553958960402
3723.21811104835,-1988.49825454905,3.48317646329409
1955.00266259675,-1497.4615713319,3.5871815127758
1767.16051346675,-340.145369614869,3.89163168193806
1785.52139994628,-231.90427720841,3.76029961782432
4052.90792180326,-1061.07745536177,3.91371095489773
1326.48699154047,-180.61095586784,3.89555792170706
1912.12806280766,-166.801921421395,3.90465595215983
3062.6576542003,-1373.13598702764,3.83521207749833
2995.7511556928,-1671.62969684206,3.88921814750697
2016.52857000652,-697.224836741358,4.07153714217163
3914.62346268348,-1454.90391993552,3.83280250082846
1494.16783476988,-875.421189223665,3.97846538128385
2235.19772632049,-1976.27133212085,4.22984470375538
3782.10197395387,-907.571312501411,3.75708911187924
1392.10398766703,-345.367398367394,4.15492080698299
3890.96387960017,-217.124755933743,4.68767705032872
2393.98410057651,-1618.72384314128,4.04519329150149
1489.57005023734,-1737.70318686363,4.06749432737068
3321.08078797475,-255.106646671901,4.0837611350796
146.214696189188,-1177.91952348221,4.22440669064097
185.835385827896,-403.180894809152,4.14277757977852
612.25171454378,-605.90121420342,4.68104150068891
3338.9210912512,-675.834226963307,4.38353966020898
534.397174727057,-1193.8601294394,4.61979759534946
1250.82174403275,-442.948240758979,4.72022662836485
2557.69323523594,-2101.40925737035,5.05871445076238
1190.27972278421,-1836.59676158163,4.86497762069641
3224.7475445655,-1251.16641679964,4.9698404081844
285.831657043099,-1311.79585231361,4.83908276420857
2353.73704359024,-856.502201121244,5.03749321259503
2982.14384426083,-1160.40762529592,5.29766374270739
649.188501605452,-1425.44625006585,5.4768942535745
3257.28782042189,-296.306149354913,5.32899210312728
2975.78071155231,-333.211427302917,2.78352145516342
3382.14703336531,-223.135211942029,2.79075460001123
3436.21062027128,-252.412000419284,3.11592498279273
640.227348809044,-795.099929577627,2.82559439201578
186.712153953134,-1648.86594406554,2.8148120589497
2086.38618429612,-2161.59425446608,3.09452445256181
506.330674221199,-2164.69803376375,3.04654963409145
2716.51125186031,-1451.43840236861,3.14813909414279
640.727028456058,-1354.37498520442,3.05188120784291
3897.67569878596,-13.3588633277046,3.00796800948825
3684.75027956465,-1790.76769683364,2.86567431191124
1728.71771710096,-967.86226641584,3.12268130294764
741.510009747916,-1458.43270179268,3.10322691386561
3211.96909704091,-417.921500155239,2.97171520743774
3445.79132977292,-467.750790976774,3.08366626047495
3118.70151387269,-1705.88112756496,2.92227649319733
1029.79962581752,-679.128811258955,2.77501215056345
1586.27274476149,-2062.20607450872,2.547153975369
1667.68866381998,-784.222828831835,3.02762010519449
1182.70224833059,-505.51926996892,2.98970058398225
1253.85348896578,-1075.69450035795,2.75053490141978
1863.00005603165,-16.0119569638643,2.94679456364328
1037.240904654,-125.878678899525,3.2407899324127
3659.14181608559,-1269.22680230336,2.66837337624233
526.677282882423,-628.902765930131,2.92775548846738
2154.47468029464,-567.616000048977,3.11284432234548
3353.41739702578,-1888.53861032296,2.87699716665762
4011.37186312992,-1694.83336334667,3.51355396844586
2481.75431958524,-364.389675205144,3.00854368028023
3881.75265226843,-1487.45640694721,3.34291372487185
3483.98323081344,-1730.5474240098,3.03356273578073
2262.17181304286,-473.848513105581,3.09472710579026
1918.2254149172,-648.812453386148,3.73490586912014
1033.39703116114,-1270.01578143072,3.32927885936607
3098.34390504624,-2103.79084086302,3.10827865127277
3656.58265639513,-174.876717323054,3.13687944201789
3712.66626346197,-1673.74220906479,2.87736539671826
627.84281740584,-53.6319704579401,2.87554848221402
3980.62757135946,-1143.94382920529,3.31656081497299
1481.77184718795,-1461.4798120594,3.34911305384465
1640.38145917832,-302.427885481605,3.0088544247112
1376.9214904734,-1960.15935881571,3.37719587898549
3020.87273692536,-194.106480022097,3.40818945079346
1987.70677041903,-2182.78458547841,3.54131700747166
1989.06980283733,-1504.84183766991,3.58962343026112
2327.02076441079,-1802.59376379623,3.26297453321344
2341.37448084312,-121.936002051002,3.45525317844028
1259.22971672696,-1726.07763794795,3.24094855664074
2285.91126697801,-561.323612885957,3.55524548413358
317.012771769997,-677.612101649719,3.86569018303869
1308.16880074237,-456.534324551644,3.62857865138688
2419.45431729969,-1012.28537810524,3.83835407747635
2455.31580161553,-311.439615763615,3.90161248629762
2046.08720638461,-1400.72663977997,4.11124623147034
2884.7681340709,-437.686588247401,4.87925108561403
1699.4001772251,-485.025997046629,4.72414652259195
3626.84620929339,-2101.58866797426,5.80805859772395
3003.35577463666,-922.335089155258,2.8756106453762
1077.72465557815,-1138.98787526375,2.88549840995282
3689.07644059422,-20.8466783058331,2.46037949792229
3615.97082775039,-39.6970355311961,3.27267372021326
3139.73448667076,-504.93663246304,3.1102642864863
392.855896997036,-1277.35893047723,2.99607457351406
4029.63262117235,-1084.41420559903,2.45070435064398
576.95790109498,-1312.98600739751,3.04540432696458
3117.21193338668,-1713.74638543815,3.41086847616294
2089.19168977727,-1950.80923540497,2.83407293122439
1938.47836815901,-91.5043457877147,2.74313433363762
2795.06725048905,-962.971134382398,3.21594686972575
558.482011680142,-1665.27174960369,3.55173385534566
282.664228014917,-459.532080226186,3.14126019481242
164.108413214615,-1533.23231147937,2.93958202203214
804.105485130138,-331.773850478909,2.70847823145407
1107.1711373143,-1589.92906866834,3.03885099795402
1028.55940593366,-741.429329479914,3.31313099374928
593.709207978873,-645.036741420986,3.14755124143191
3291.192600218,-2059.21636939342,3.15114796101406
3164.42926265868,-889.093582329398,3.12137938362643
2889.301986294,-49.4663963154918,3.02449449559988
1364.71019346952,-149.972686194012,3.25407456102423
3251.06438681431,-1293.21654510286,2.92764554079196
1632.05205600603,-2128.63416061873,3.08047334717734
3021.5128258533,-499.286515306429,2.78655200158208
3508.10391982542,-1919.46528147803,2.68403236677222
4012.35645181889,-639.999675082017,3.18580718437702
689.294386359883,-397.288924124441,3.20340602761765
2091.88771861683,-636.749202187984,2.94382594195136
2759.87544695454,-1904.48457397517,2.95230904050159
2793.5096320082,-568.441237064833,3.12238872014132
2245.67524897514,-1596.82824239837,2.96248168325413
3036.33126435523,-1951.19301898986,3.23884591697418
3753.052906346,-14.2955265244311,3.11251470175418
1735.62916462988,-1836.29399990091,3.12440950619738
588.642591813737,-1606.87596540092,3.2099788054023
841.067613952413,-796.801024372754,3.36185286623424
1562.16208082306,-1276.85346459271,2.99391005865038
538.89538918028,-424.31841500087,3.11901830925602
2194.82381405082,-793.572198813685,3.0309785186396
3773.02045387112,-1050.73462614243,3.21135455550199
3520.5281559676,-277.610003759111,3.16397664644393
629.163852309229,-1787.05047283732,3.1087848525924
1202.80433726391,-776.450677964747,3.1041821026677
2265.61137366269,-1648.53206822121,3.09114295125104
2904.48334896128,-747.210165517735,3.13649475229032
889.661715035812,-1982.58171771266,3.06284398259597
312.576091254556,-1530.01486352148,3.33270541372816
2731.07020051535,-279.731648049618,3.39751577095931
401.38596948191,-1696.75306213598,3.2716788602416
3247.17060846482,-1793.80999214353,3.1031106791341
2784.82129509119,-1546.41634373403,3.73168073331236
1592.19119919132,-1139.76456177493,3.23348203856887
131.112090035446,-390.974831253288,3.26908510234076
3156.98857295654,-1765.10266901971,3.35703271107314
328.502233269498,-679.129331166286,3.49183444320201
985.830200139764,-1828.2261287039,3.35423551023228
1991.43786846659,-555.831696098829,3.26848342544613
832.999259819516,-961.578736666856,3.14387104429993
3182.47113898616,-1370.75597091374,3.30491696752084
3127.93695191285,-1401.80758605333,3.39776292106232
3681.05774895285,-520.509770388594,3.49686973252684
168.430657085012,-1060.64031036808,3.34181091298599
2004.32265160513,-1233.80262874974,3.49762511815033
3756.54856326752,-1332.37760553221,3.68551967185486
3472.36398676485,-1467.78479625168,3.61669025453934
317.890762156353,-640.122681439923,3.87477960244589
2473.50353316944,-1718.71765286111,3.62407706344006
3347.12844999921,-1790.23803372352,3.34280083668436
3336.06609244936,-1127.21960792731,3.59140573257317
1462.50816387295,-695.847803277547,3.63367149055465
1205.72857647653,-1594.64765948378,3.8242879572526
3240.3290840879,-186.706173311619,3.55092075247281
1905.5272682905,-169.375986412413,3.71218483712462
2162.14034642473,-1476.65333768606,3.94681096505422
2102.08317891162,-2098.26692289094,3.73890182113117
527.345379738169,-2195.53238016367,3.94035768478069
1003.76602146358,-427.477974140313,3.47766128762448
1808.47618900868,-1672.35003044847,3.9360542148386
3213.07643864866,-860.975579915467,4.02170867294726
1961.96485949723,-214.987882339591,3.91026635266888
1656.5595939105,-1652.19793437526,3.97457175535947
1584.75886041257,-1684.8541050188,4.02514836672362
2400.01061572653,-377.131083970118,3.94359660847157
2490.73502848674,-471.41658325976,3.76483021179626
3328.11755760018,-1009.21707807937,3.70076780170502
394.783189120606,-378.078244887054,4.14987204954776
1103.55666041759,-1619.04312792741,3.7942278476457
1039.53708498854,-64.3552829497031,4.23157570538921
368.210210289747,-208.156162132458,3.87690585457769
1196.21133661286,-1720.00363835981,3.94850023128185
1693.08428120792,-1181.6637719145,3.98965624454677
994.623912395361,-59.8677806745739,4.06788129498385
2161.97890635175,-903.078398085661,3.90475925733002
943.632133211282,-826.462645061575,4.21677574341635
1118.23590053056,-1134.79843047189,4.17198292151624
1882.20110199634,-1478.41745737026,4.44118178560943
251.799175529846,-1004.15546130426,4.39464813287072
3825.481439255,-211.214074418754,4.45474483099472
3343.62474958994,-674.169935227681,4.49483931359229
1756.27243666394,-1227.81544652049,4.43878347730528
3660.43868753144,-1063.78537206615,4.56259890251527
3906.03511055929,-1011.35584047459,4.35520437155812
1353.58844784198,-1701.3451421017,4.13552341374839
1421.54788756467,-1448.59251542231,4.36788135542428
1813.89627396885,-1596.64041574496,4.25488355594916
2300.50190071701,-1173.13215460771,4.80911876678091
1303.245010117,-983.789320465284,4.36788532154411
1395.48700685737,-880.765083930891,4.83162425753811
3690.36079917237,-969.526848056591,4.55405528526949
2110.40004966781,-518.020766084951,4.77577018207749
861.055328679347,-1091.64480624844,4.93606169951056
1269.07098590566,-440.53767846777,4.81624545698932
2671.84809872702,-2110.63941177729,4.98952498485891
472.199611797515,-1950.40903945221,4.75502388625663
3217.25946830506,-1240.1470024435,4.74061022739909
2094.5573419421,-1011.05209588786,5.04532788532219
1182.23760154026,-1814.96945012609,5.44846557208006
3974.27446527847,-1250.83260363345,5.09867408358037
1556.21527197686,-1002.34550966149,5.10627590393079
2289.69082991424,-877.293068277034,5.29075901281105
1419.28426984163,-2168.80766487606,5.30861452436611
3193.86612868414,-285.404015614652,5.436460932395
3418.81451158597,-1338.25888131079,5.84580761530911
3264.74361830441,-561.252344196011,5.52877171205052
3559.53091261425,-2100.72734563663,5.70452465169664
2599.01595569674,-1078.52316911884,6.34568882591831
NA,NA,NA
3716.71405435576,-434.96368862322,2.98288640055519
656.763148533958,-1364.04478109592,2.92450590292659
3724.0890724672,-1157.6685338074,2.98153104951903
815.297923635108,-1225.20948076838,2.95134904638438
975.050520102161,-675.662608375636,2.84558901771646
2459.64510488643,-2058.79755822188,3.17218760735348
1162.84210964526,-1718.22162396794,3.37848816936834
1976.91276806291,-799.093095066829,2.9304109475944
4028.6646563379,-1084.28981040144,2.98026824411239
1195.53102969271,-498.610993576506,2.86240209528556
2593.5272217134,-1858.5336961314,2.91078876455777
764.012813086454,-596.938113243375,2.62700233600655
1608.36507628662,-1400.40847063326,3.00382122160217
4003.69080371636,-1043.02260983435,2.9002661720595
2419.34450805274,-2015.85153151162,3.04324783230296
3489.67032649982,-735.263965084641,2.85910529505779
3984.04403049111,-865.997210932143,3.04594887534873
222.842111362564,-1371.40723853855,2.95399807101667
1080.75219776962,-16.272574509985,2.87772243265206
1250.08433837526,-1075.43607756073,2.98470023439307
2571.06542315055,-21.1882700968332,2.94500619014808
1977.70808575472,-875.201071168582,2.95618674415778
2573.0577253009,-820.380245907762,3.15208728958538
283.474090474814,-1894.59042805441,2.89238378597093
1575.32307498581,-791.855638957616,2.98728533720192
1277.30885855224,-395.91724137932,2.78074070314576
1202.42406335964,-1375.10102528196,2.98199408709254
2811.87701219511,-63.9753738827612,3.08385219141791
1791.63451772365,-320.856069040393,2.96878075346277
3487.7850955395,-1727.35422125553,2.97071497739802
1310.66368831622,-1635.80908093939,3.0041980602051
3429.34968559177,-2115.68122405639,2.83608114271603
2831.32858157884,-958.864659374434,3.17885411152107
3393.11644937578,-1574.44289881047,3.09466298745983
3807.55977264057,-1755.79497822837,2.92603701610438
3478.44288728237,-1449.58421630281,2.99225981437375
3505.70842573391,-1917.45823135942,3.07208054349247
2837.93830913752,-1009.47180946654,2.96301424137145
3117.49958993998,-1685.14915394194,2.99065808801026
2037.44656722117,-1470.46016692751,3.06871027339611
2549.94514115545,-52.4631212539249,3.05200685598116
3126.98026876207,-163.422186472492,2.90937652378484
1767.74470722612,-1951.21896690241,2.89277103478249
3184.31467073267,-1914.01183334278,2.92842116815958
1364.30354586747,-1617.81021811098,2.79136161325734
1081.75554465982,-548.341778095292,2.98693834068484
3272.25168542483,-18.2114975814573,3.02230604572987
3369.09554934425,-1215.25862414091,2.86710450014364
1852.10890237005,-335.680760829384,3.53559854608933
1048.14154923793,-2164.22930390873,2.93131052010779
1043.29893266443,-481.60023408193,3.08376064548697
1214.56602179864,-1892.49124902035,2.99147626592369
3438.74607380279,-1255.98829792683,3.05302736413544
326.274856349953,-1910.26557424186,2.87108002451567
2996.37538898475,-1628.08206011494,2.99300783341717
4028.83485076877,-1794.61801026121,3.02463065472949
2494.10928635185,-696.518102238611,2.82539897766677
2629.72101877344,-1572.16121405713,3.02282964669818
2057.57904111277,-162.131824553963,2.9357452596357
1234.94315779565,-1693.80493475166,3.00174137087151
2760.49497224509,-136.949182224848,3.10699885807488
1721.14791027586,-1963.65182956584,3.03058019931226
2551.92700961541,-1414.81814194782,2.98487553492908
2214.69677709035,-397.320140300144,2.97810434872324
1040.73742410387,-1259.05533387819,2.92151213424998
3488.7245302205,-1313.68158651601,2.94582178744426
3223.54442523945,-1407.05600514741,2.94711710858511
2714.366402613,-1450.59807672536,3.13059672099111
1670.59454640086,-1367.42874019381,2.94126283195504
3889.19735383192,-1842.70865873422,2.85166489416294
2617.74868580137,-155.673746085901,3.02195318681508
310.652598459305,-2043.95465160124,3.05190032479745
3793.45206022289,-910.804706470973,3.09505523065756
1354.48391689682,-1464.28209111164,3.02181650667663
1267.38422521191,-1629.38635566645,3.01729184511573
579.003383681155,-443.335817381512,2.89256401463752
3395.07020717427,-1699.57969169615,2.94933967740665
1745.16855598582,-1805.55873103356,3.01154319421879
2866.79192494513,-1592.11506425756,3.07835832181807
340.191187529593,-976.387165454559,3.00827171912842
3350.14185386076,-906.306846892882,3.00493111167774
3253.09256684222,-311.686694944553,2.98284207248481
2261.69501915775,-473.20533414545,2.96735883464616
2465.15912942429,-780.577805511401,2.92808813384284
803.554856009739,-309.186119029777,2.97578646749757
1210.84711782738,-630.378954010783,2.97076492954797
1887.09331198724,-2109.64219845926,3.02637642169052
100.74179834602,-809.885807297482,2.98132208251873
1934.30037227975,-91.9644454797376,2.98655328198983
1610.34201977922,-181.933377910392,2.94363900344926
3370.22460690773,-582.166116539155,2.75180166323178
1153.81312783501,-616.601863033316,3.10369559321548
3285.07289609927,-1508.13459283497,3.03551806231373
281.226963502949,-750.098367208081,3.12919014809261
796.694150027265,-410.142410528529,3.02682465376601
1489.54766307046,-1953.63909868853,2.98888425176869
821.47733939778,-2202.99676568272,2.881273175402
1762.4218918055,-729.856747380728,3.34973490375225
3598.85372356366,-1733.69870751163,3.07388278615759
625.476974506678,-57.9392990453876,3.0365265768529
844.540755758447,-1967.22292102372,3.00269942294776
1901.23535273781,-105.993492976093,3.09918003138008
2330.16635094605,-296.604847668389,2.85837243127405
810.453377307819,-1445.95690092418,3.05559924914517
3215.1262136052,-2126.15015043807,3.10377001898974
394.344720484476,-2098.60230966137,3.05799459950564
2566.19633188043,-2206.4503304406,2.92299294481661
4008.59789294493,-523.852287022147,2.98155834470128
329.625420909496,-140.214015859128,3.05230261239244
1736.55846206634,-1542.86119134211,2.98690688168393
1486.44506802346,-428.975721749539,3.05853671143864
2168.64932259569,-449.806616529552,3.03801810473563
2389.72323289035,-1037.13121249139,3.04029825397424
194.210491574495,-959.969439154284,2.93145564173207
3639.84765854114,-360.986436960403,2.84063894715156
3979.96684967546,-1855.11172686059,2.93122210168903
2153.99788720839,-2085.18498225853,3.01989095931701
1529.37499872651,-1135.73838187677,3.02163196039095
417.153726285584,-1513.52943376046,3.08822559921514
4010.25143688535,-1695.88380375587,2.93864003064019
1860.49599814122,-1427.90560251023,2.86313744234001
1663.89991834892,-578.856935533239,2.97386041491663
428.61589356341,-1476.66217953219,2.98353870289873
2062.21122439557,-126.54881603402,3.11472053951863
2888.50754213747,-1307.38916879583,2.96107418055331
807.268803906105,-149.270689700242,3.01049367426296
2162.66555567059,-540.764342697266,3.02735687830988
2676.49473028911,-494.996510944913,3.052404847715
1456.48111691884,-1322.17378670668,3.0739852308497
3055.38943563913,-932.997541277355,3.08704970665738
3840.12517054574,-1314.9226001361,2.98223030189495
3387.75248190132,-69.5912631147157,3.00337280398225
2566.16963104412,-609.839897348354,2.78642640380383
2405.36786185612,-410.085621352798,2.97685334463563
2217.05503911746,-1340.80602096868,3.01284717381588
2637.99815675992,-40.5036692942104,3.13476199416817
962.542020560134,-1059.3852739013,3.09414551506786
3661.65330297051,-2194.04386951305,3.10768961658798
81.6118779214779,-348.694141576139,2.99603417617597
2906.96863555032,-490.677487657054,3.11140493954131
3418.21869800065,-240.502960776736,3.06447022911713
3228.53942511405,-1094.99709466545,3.06878410923764
1507.12392195537,-1413.88879181672,2.96628412909907
3197.8124173199,-1583.96633475622,3.44717946693412
745.394390996611,-1968.32879220198,3.08076273797467
1708.83575980621,-1623.72421835453,2.96736434722313
1290.9596931338,-992.085904301258,3.10219721080263
1916.52857011916,-650.906473376848,2.90216297353503
1273.1554930585,-1798.58709955266,2.88106429960266
3062.77856464514,-702.261379149533,3.16076014237514
2495.03211437772,-449.039273523906,3.04480035795116
1387.59102718502,-680.190050803105,3.02813075467378
1281.0204100991,-358.251501574501,3.07961593852611
1723.40402833571,-1806.55262566463,3.12403109787598
983.682295395441,-1750.37557715099,3.09157671319129
264.520934887715,-761.038268468357,3.043402094335
1015.62256489404,-454.746805166643,3.05837286273129
3480.61289211715,-593.627099703492,2.88953067292167
3884.83883953886,-1487.26551550531,2.98871144746842
3914.79159736157,-260.385718348036,3.03020054522325
1052.75784170379,-31.3999579957209,3.09863189762002
1434.73964118094,-1928.44774423767,2.95811150889493
1839.12879112518,-2068.45117587277,3.07819594973302
3394.13948539883,-2207.11213273437,2.98503986116627
2869.77690345883,-1640.40897796368,3.05512761989044
1810.96482482235,-85.8005307220437,3.02690130872091
601.214345168982,-267.875464819845,3.11633776461834
3196.369866835,-1545.32292275416,3.07747548123628
480.893090519736,-356.192772664536,3.02006420157235
2987.73357129423,-1296.60679884357,2.86437515607027
2290.75160280248,-165.216000605746,2.91224232063285
3596.91900506711,-337.726544683799,3.08679120539514
1365.43659930193,-1702.12923052953,2.92141114589306
2186.86501605054,-1570.57151729082,3.07672509500346
682.549379704521,-940.510145473553,3.12995719073192
1725.33107904154,-1727.40115080246,3.02225135473869
677.856624667448,-1552.78161572119,3.18604116522792
3901.49955757183,-875.667310927552,3.06977346667819
1974.57561123178,-1488.08643739243,3.05202855130199
2651.68438689007,-2145.5790807945,2.95591220678986
1571.18608175015,-1719.35702512779,3.1479056135714
3248.58415695906,-182.087403596745,3.07883838965424
3874.39931848861,-1067.105384711,3.01354084000186
1429.15351771645,-2179.05864839173,3.06423570787943
2886.52206588764,-169.270886818944,3.08981310901274
2461.74322549171,-880.089989065565,3.12081905832563
716.432016889188,-1822.94664315123,3.02021069122358
3332.24506899639,-614.531107493189,3.04271046312908
3048.40084283388,-1326.30572695196,3.10531745090316
774.027824544982,-2035.96371827936,3.0972064777566
3302.54939766881,-1090.49674491628,3.01652407394842
761.152063488483,-488.158530597297,3.05444843624854
3559.31460696119,-1871.93870900756,3.07523186403062
3543.95465903672,-452.580474199217,3.31476352256237
3287.72045806047,-1031.8671865224,3.11320707368959
575.076633995916,-1933.52260198898,3.12264412963498
2566.74029630624,-237.970770133083,3.34583888620438
1769.70428068693,-1888.35414271732,3.13468714376422
1649.64848994876,-962.317084984568,3.14400294479245
2431.95170266138,-1955.42362381814,3.03650291414527
3253.34109695538,-1295.20946948639,3.17208326372806
82.2056530133189,-403.856077694405,3.11156659490618
1766.12099340459,-1495.09304749624,2.97141954680424
1827.38661238211,-190.04288893782,3.08483193163158
1835.47376561301,-1845.64295738271,3.15217282474793
3597.0134350495,-899.123893035701,3.05759070818077
4014.24499877399,-637.719649690991,3.00474028454659
1026.65270751483,-518.780034908491,3.11332079088656
2622.8530799292,-2212.35784291447,2.96699985436389
2603.95877830809,-223.127896681164,3.21789737843888
1510.49329308105,-1771.34244377591,3.08249851756627
3041.0314567168,-1856.62512976626,3.14029244649318
1996.76592222486,-525.907686417799,3.00607805486398
2492.53344846775,-874.504586124068,3.22354424835884
3124.220754537,-743.171832390757,3.06446126294194
1466.27737586496,-841.322684377037,3.13533219967003
1176.73290834847,-1378.06817468631,3.16965375626774
1483.35875263918,-1460.89977565335,3.16482716156814
263.078210899188,-407.764753085045,3.1262609452097
1705.83792722724,-666.818673534906,3.10718765633207
567.323664452317,-1474.54832494936,3.13524134911275
770.383596551431,-899.307521096133,3.26260225913507
109.921467792443,-1437.74779841421,3.11599848726045
2951.71988505858,-154.095535426508,3.2431653401749
1993.70952856168,-1870.96097888536,3.09688357231301
1900.86971293605,-235.059062120437,3.09751214237718
699.196793550205,-741.35692392269,3.07324835155543
2664.34813445937,-936.547728652925,3.06599726722163
3317.88254861191,-531.258872281914,3.19402545917883
1348.33916400616,-900.934410966711,3.11094567339354
2477.5743882401,-640.466419475457,3.13759783875539
2570.52211035158,-1625.37359781585,3.03777525052298
2366.92890631035,-1730.97945700252,3.24049836602565
1406.65099093164,-1604.22864866973,3.43379559878449
1273.60263958369,-327.872668281084,3.14202347342021
441.33800527403,-1573.58456268968,3.14240661044733
2268.55285737816,-1644.34677755573,3.32164157674215
2391.64783406242,-874.334007358099,3.01410311715323
3688.82456315035,-1730.6128052861,3.21216533488268
1427.52358676805,-2046.70331302955,2.98262911992358
3237.0248205191,-2017.86803228048,3.12725411637847
1223.69934413731,-1025.88941535967,3.27731579699931
2170.85257378457,-927.119341266944,3.25724389552182
651.677390443532,-1219.31688670867,3.11383733543272
2465.30003380233,-369.833654951959,3.10397359237859
1927.70291818784,-1559.79174841177,3.24955402137998
822.38747741671,-2005.47477753578,3.21368596677895
2676.83853874114,-1664.48827150175,3.15180053570018
2943.75559879587,-911.754854876192,3.09296715424354
2735.89935180613,-1711.40364353793,3.07420211330383
1926.583698412,-1332.66922092703,3.10230202738503
2464.0984795816,-178.830087073889,3.10676910509079
2205.06334078519,-454.679416133249,2.98888332499962
4033.72086147573,-1758.9281427831,3.06001585848862
2497.65552505762,-851.739098506684,3.16124272684728
261.870602117165,-807.892044807124,3.26678226825281
2565.73084961488,-915.229324971094,3.13594690678712
2675.50064282775,-673.726749603352,3.2327200456433
254.211350957424,-1468.19897870304,3.35419455668424
3776.31485452609,-650.069333605328,3.03545740984963
1606.28644858788,-299.395165989394,3.20272236838272
1617.98073195921,-2141.48447825051,3.17457293030563
1605.67937321919,-2216.52396024318,3.21642940531012
1486.97623787124,-378.283350721952,3.10133586949265
1763.67371213854,-281.081116068091,3.11703721874243
868.865153115901,-1327.2604908843,3.25518734684379
1826.13688583698,-40.3203830403692,3.10003539333706
1453.88105341865,-1238.42211741442,3.29289346371303
478.650777595844,-1840.70811941256,3.32211186572591
3667.47076180067,-2019.40115772287,3.00841153638216
399.712872010701,-1195.07661995531,3.25749360810111
3490.1389115073,-1341.64246593816,3.07881463282242
3790.41859513657,-493.154628413376,3.18723708717578
966.624201089752,-1429.42500153972,3.16215587090011
3366.95997782718,-296.691202522713,3.27604851905148
3752.73203377004,-1690.55386157385,3.27963262640548
3190.13909787839,-68.2086469837612,3.21375419845748
2252.88511588525,-786.446422899716,3.07310749489179
1400.62353655045,-713.374151026126,3.12563721683896
3655.11614153285,-176.410400448726,3.16336497663447
3572.71973686939,-1361.77862004874,3.20719486390281
1974.82532716426,-945.661819672319,3.07897413809582
3986.18889638261,-1136.6340360032,3.05553634301363
3102.84989677663,-922.130839915287,3.228973958604
983.493904282126,-995.811729284805,3.29692605287258
773.158943492033,-1338.34874009802,2.92547012820506
1277.83437742263,-1104.43625530065,3.12262310922001
3028.75572252735,-1545.19765956842,3.09091335999473
2565.19306044887,-504.565612925048,3.13005179970811
1856.9200203259,-1953.45839785591,3.16343067914636
2194.7831009481,-795.941089757613,3.17982772608595
675.482411445454,-43.6376944316353,3.27397010548138
3953.18019786316,-917.703659720034,3.19704833141191
3834.91978042416,-462.196484383771,3.34106030808752
2996.39644983171,-660.296703747756,3.11938235160578
4060.20261035071,-623.794965816195,2.96103060812149
1979.33680368801,-13.9386075165785,3.32816361772759
3668.59099622253,-309.576354490127,3.18307782111079
2785.20345885141,-207.59478376859,3.23327979765082
2770.58072777124,-1873.62632496087,3.11454674216906
3933.22160799197,-2000.49557431339,3.22903461513867
1344.50294939034,-2012.9169999665,3.26218899844804
1088.7660189371,-366.201286058801,3.18346292946973
342.659963883271,-595.963174211698,3.20629170082008
1913.51026430219,-1794.19648620824,3.15904817040477
935.400285111831,-771.075787652388,3.20717199565533
2747.09925853417,-1450.0990181612,3.30424401775489
2737.64203028109,-337.364466793651,3.130558734575
2083.64019872007,-1576.68964488208,3.12766918372672
4045.31173979024,-640.227988604979,3.10096622658318
3717.8747932881,-1737.47660960998,3.13662201643649
2186.78164054535,-1668.91655198898,3.19184125410526
473.475830008554,-1398.37162993071,3.18026311937044
1088.76893251725,-2053.9630436215,3.21773551014387
3372.83538841804,-95.3958661621761,3.21255560920363
3467.25390583604,-1346.32133348584,3.07604727642217
3427.02542065438,-2176.5845573488,3.16376093290242
2742.33758323679,-595.870666572881,3.19594004529481
1697.61782352874,-1328.71011553931,3.17216010332364
3161.17893177962,-1934.84780353836,3.14567704586572
3386.51316743985,-467.918903867223,3.33776779810724
149.468333494997,-106.00825574643,3.5338617298248
2614.63923746573,-1980.47926174838,3.2495548870994
878.881585842118,-2087.36585621037,3.28486069793252
1171.36568031443,-898.451803867005,2.89601375311091
3481.57272771865,-896.241683332286,3.09130407152892
3198.03282813746,-829.779183742703,3.37842146598964
1099.54639072498,-1322.95166805023,3.17112447866291
3325.94599838515,-1835.81536775304,3.24218919345677
1963.651726575,-50.9146676738511,3.03546817045119
2905.24627835307,-747.128638310927,3.17665261557463
312.717644992158,-1535.87670820963,3.29297316484003
1782.86436403212,-490.16917167223,3.37386939926215
1491.52686656987,-1787.45818837347,3.2224986939202
3946.84178619616,-849.207343607252,3.08299828603175
3808.70963281301,-12.1033533308341,3.13796609574444
3620.79739139545,-1565.5660907474,3.17150238851475
2442.64353120102,-2141.2847563514,3.31552397198305
2029.62597722832,-348.202957825047,3.29376881280628
3008.67634690402,-172.021783235986,3.42059321030373
317.798445704989,-100.492690428472,3.26382994124316
545.123329697133,-1277.12542430251,3.35354039643837
998.832295240368,-1701.96701783317,3.35880026475162
2806.63686618094,-810.603026794884,3.26208375912806
2699.35496444024,-190.729616408425,3.34386765577943
868.362106466455,-288.627438083755,3.20229038489304
1453.09415802414,-1746.52036348424,3.27049010279118
3084.26568820857,-1859.65888106211,3.21756823605036
3550.95420573564,-1158.66403233691,3.23645280555926
2532.81824468368,-183.755000622445,3.25779405006706
4053.41914228714,-1619.65035750125,3.27341480313677
826.015166210261,-1917.79457407203,3.36990777255631
2638.23129298019,-896.351734526235,3.23623100340684
1039.42846925377,-1498.76174730468,3.23123651132224
862.625854125779,-261.340256442754,3.18346322079943
3688.44596955356,-2010.44370922217,3.28579951669899
3969.61430224472,-621.355933485744,3.39030637797838
3026.30562042536,-1841.75235923477,3.26033460926714
2794.95038372529,-2118.31628733476,3.32709274892995
3220.27428082687,-1826.91949036492,3.358120144809
1075.71959953164,-1288.9998689281,3.38052550822526
1879.47072369488,-35.2025955839569,3.28703329050793
2514.6486619418,-4.94633760827495,3.4181373446058
1510.99554018935,-899.673649910409,3.44601714461795
299.899898716098,-1947.51978571255,3.3657370063994
2336.35713017448,-69.9798881679063,3.12132829731002
893.510414535835,-1981.34281341412,3.23362597062541
3430.82230311047,-984.300156903141,3.24446728166656
2182.13235542279,-2051.54544083786,3.27428404216919
3698.48373188503,-1882.21222610364,3.22922474649352
1480.82827659576,-1968.2644956762,3.31281559641753
2492.48667584188,-1482.57956314893,3.23902339019133
1987.96771614948,-1511.78363199566,3.32554674665709
875.78696355579,-1149.94137371799,3.31192288091329
3556.11473044744,-1341.81774823009,3.3410690861797
1093.84974709166,-1512.82658819395,3.39193589226679
2924.58475536038,-305.747006590076,3.35449163078782
131.820818607945,-390.313046966211,3.406203357716
2396.49539111931,-282.061305827248,3.38520527548856
2180.29476694026,-1420.56676759615,3.21823714340494
112.156751808361,-1504.89713073328,3.29349317222457
3791.81143786965,-1028.72914118064,3.0878715567519
3954.20599839893,-879.559922031936,3.24561746338565
3297.49683987008,-916.698112028375,3.55284801351216
2346.74598526957,-713.353242463515,3.18858718604592
2360.35944039048,-1864.23629321895,3.17269606810755
2142.5439063244,-628.674746837208,3.3547211045959
76.3421301762899,-491.238618400463,3.22181979450826
3575.45673558917,-1191.24692180446,3.33137958024322
1901.9982632515,-63.7819956346004,3.34797659150603
3618.99114134939,-1514.9884476768,3.24302466148392
2051.77789688869,-354.468966169227,3.25980913501575
1356.67663796228,-1320.12591211125,3.31700790959391
2326.68226741154,-1809.14061039831,3.34696456707306
432.57479704144,-1367.13841468916,3.36328115965271
1474.50762042462,-900.56051010618,3.17589614512711
1134.98494284749,-1225.44915824688,3.36549831580486
3163.37617881607,-1766.52996775811,3.36170165421762
3183.38181194315,-1870.22180334666,3.26848044148746
1045.8192080004,-709.944788718316,3.41526785922164
3191.00914476676,-1433.44793365278,3.35518919900465
2217.53057742198,-1686.61259964982,3.3181594528323
174.205141081479,-772.256377108162,3.17133305235669
2742.10033245074,-1642.16581337903,3.35482214804955
3259.26371672596,-66.4965590276149,3.28468089781803
1164.53490783179,-1146.60855126907,3.29667797244097
2925.58465562761,-746.098145427093,3.27541962507664
3240.05576512097,-802.206105262068,3.29190734037289
261.726679486742,-1353.91472383297,3.37288909200281
1777.72578630047,-2100.81266049999,3.31033031362405
2114.44580983702,-1134.84670818795,3.37267557118896
1988.0922824849,-1653.03799780103,3.33746580496992
3931.7694901569,-1450.30162893196,3.3359433358311
3909.67731651615,-1262.60915191225,3.33087939167651
1690.81619773173,-772.986876905803,3.40293241723381
3031.07448029879,-189.468296816875,3.29142210754267
2165.88214324849,-1106.78241826348,3.38110190218603
2627.25715172423,-1620.25497893444,3.34313562912166
1990.41290086466,-2178.43738308542,3.29128606455031
432.38000152406,-1739.98554431406,3.30772639718215
745.480288457211,-1886.49300631184,3.38372228275123
1702.98952775737,-1479.53193550445,3.45366717159624
1152.08005985302,-1002.36786885972,3.36327489066588
1301.23706754494,-1046.88238849513,3.35737879972481
2427.29301537385,-651.835982731892,3.12010236775128
3410.48247028817,-1789.0218560567,3.58825440925961
2314.62011631881,-85.8344351324515,3.35589513012051
2088.16380025678,-248.8084010536,3.42833661009016
2642.18088034657,-677.228366691821,3.42952043506434
3379.74283899471,-1530.73187419565,3.31162773085181
2371.28170947782,-1675.9916736243,3.376178698113
2788.0566907856,-884.600676912635,3.34110798547915
2921.62245595827,-2211.33566065094,3.49060682167043
1826.69955450135,-2000.65388914316,3.30804652643655
1471.46137141691,-870.075527433936,3.33425470434754
1790.95925240384,-685.52241434149,3.46178220297013
483.880779921081,-614.312163129583,3.36809547769376
3490.92293721793,-1207.85419089002,3.52308802669188
1954.82597353575,-1444.73267152499,3.50698003299949
524.356758637768,-195.24550984659,3.42502281380691
3657.9225293547,-2129.01889251694,3.4576293182545
295.570742704791,-345.773122085845,3.51091247168708
3688.3220802838,-615.947242955653,3.38638791005791
3167.65108228428,-679.103686600088,3.50432268332355
3429.43916916686,-1203.28209088546,3.44300687457142
2214.1842090437,-597.125339271003,3.19981603996785
2127.03421845557,-234.970264965754,3.53091226348796
2680.82980309189,-101.315107602492,3.48197329551491
2181.75271721045,-6.33240968458601,3.44787545999892
3157.21369870147,-560.668027097205,3.49065613654831
176.324466411695,-43.4699453441282,3.50358757879332
3278.37738857367,-1549.09463971486,3.51209241707788
995.682588497712,-530.524897576135,3.55539375884271
3203.13617328077,-280.144028545935,3.59214651017078
939.309367581934,-2141.4754602183,3.51856468747368
2955.14393713738,-568.984797235043,3.49347918921301
1878.90412241303,-1343.1154118681,3.52070717718644
3580.92745136861,-541.97403742116,3.54731109608758
3632.20370032368,-1085.0722246546,3.52826743074905
3035.23356776968,-854.731245271489,3.46622878131316
1685.82382156498,-873.247039363255,3.47352270615847
324.707144740982,-688.891908443492,3.40230020185147
2824.86282873393,-2096.81433940924,3.58962857053898
3805.46168711305,-736.978568845124,3.53419340154225
2469.25008667318,-2013.77346248669,3.45554389969006
3723.52955344626,-611.937902383212,3.54027892941214
1813.37558563634,-516.011992093428,3.45208021713205
3092.84538204428,-1452.91616321417,3.46066805363669
151.982366471705,-166.085180033612,3.54089818667681
2792.4864110326,-827.598614248344,3.53525097590926
3087.0265759592,-34.4769090447479,3.67205296833381
2069.3229444419,-680.351636708321,3.50863295027446
667.830310622284,-1453.14216063981,3.49217864721969
2824.99543144712,-1101.36957360766,3.55940590840798
2348.00087248413,-122.267120241624,3.40845476990915
3632.56046106267,-2191.84647617391,3.69765336143965
3295.36512560528,-2132.79572646294,3.4880910009211
3183.28533346098,-99.9378391985204,3.56742703705401
2385.27065663926,-163.383546628263,3.62105842736884
2283.45185968896,-566.830324578102,3.6252607230841
269.682753552992,-10.2678255175495,3.65722476575183
2346.38692873818,-1411.8375123351,3.56542604157358
3283.09274557726,-1760.23232292152,3.71828537226641
2565.65076110969,-2025.01161144305,3.71467774675044
2306.25398636375,-1966.01929633297,3.60038046300976
1253.95049200878,-1727.53074646173,3.49535321259925
1837.13582337332,-1360.00575352607,3.6472227954684
3844.49368339355,-1670.28601765944,3.56886394368324
3475.66344049375,-1027.56016431198,3.51531533024749
1874.90461666643,-1377.6400881424,3.57802920696631
3354.44775802265,-2199.25974232129,3.69120652969866
312.592032568194,-1335.65304629771,3.69310255195638
1945.23885415372,-611.328069705966,3.52157954514394
1484.42061118111,-168.857356968025,3.51634062321828
2989.50634966906,-1443.80972906875,3.62789169366291
4039.54761071904,-2059.18038817945,3.65787640698549
1309.4467840119,-454.863116916604,3.62640142385685
1681.11963727614,-2163.80711347682,3.52770284540031
1534.71335251191,-2127.88649843068,3.61806037328392
191.81366396445,-886.911121605712,3.48536741183459
2472.7155997662,-2118.44048979117,3.69374859792392
1783.07629960433,-786.143413719273,3.56436862815178
1833.87814784709,-601.342276596764,3.55629687002008
520.656289649634,-1553.98159639789,3.69737081236791
2732.86225672515,-273.157325089151,3.85596997775711
2354.7618413859,-391.534783535984,3.6770378523654
1278.91498539515,-157.837738240571,3.80066579951334
2828.39487180956,-1201.66774170117,3.41332121565274
2137.12166226999,-1290.71649191363,3.78861377174281
560.46699811305,-1912.65570084638,3.55401628382166
2053.10666114061,-1821.52629027907,3.76278990063471
2839.31893214769,-1585.05175459639,3.57743719816143
2962.87156669027,-2085.75235627704,3.71627262832346
1181.86391001199,-9.11664526442912,3.57429744481545
2295.04249485281,-1085.56619809239,3.72624618336495
823.185343458884,-823.481308388033,3.6604007727411
2548.57349573662,-2157.00735415627,3.74022489168426
59.896483823001,-1517.25865568333,3.94184550731902
3893.69615694347,-464.188448061197,3.82787108983652
2837.10762415267,-714.697955115211,3.80416124410965
3724.48978171169,-690.827075962114,3.59028059202734
1216.26577713072,-200.40550891664,3.79012036487796
101.083504121883,-1325.46349465078,3.77756905598987
995.810361318109,-1166.5471982565,3.73895234543581
2382.20283320348,-1354.10961822761,3.7783477497216
3256.1889463513,-1129.75386426986,3.78419487300732
3002.15829075386,-1672.18235149466,3.83790576135626
2277.42089630685,-295.723467640749,3.76251964357187
1000.72217569722,-898.942649680959,3.83095916537193
1512.93950072275,-1733.19008518748,3.8688507447912
3132.04300803853,-1993.7496762253,3.77815472192744
3731.37014048801,-297.69576893373,3.95647880752182
321.996348293471,-1729.33958009639,3.93996960557711
1870.48043200049,-1994.00914898391,4.03719719135763
546.803112555217,-848.413999111659,3.92783219850938
376.072669810574,3.22977387320275,3.98756231014131
569.990079676919,-163.670928833257,3.85440600474265
3061.03028253675,-761.380744653302,3.84167413156419
2703.08386789438,-2035.3342148439,3.74913022654884
168.885810271383,-305.937403139595,3.78018387329227
1359.39538835688,-1043.98512569806,3.7585227842577
1595.21216990337,-1326.32829076963,3.88480431057812
354.721867398226,-762.216354672101,3.72307872869802
3752.10017979766,-1026.55519057228,3.93420297877712
2873.30468321965,-10.6138392074452,3.92486229552985
518.085201111765,-121.385021674026,3.72789606214577
2423.204219019,-1003.64227264527,3.82921305996587
3346.98421235474,-1358.9576038834,3.78146071132024
2811.39844607078,-386.803667323568,3.86881721728796
261.288301170654,-696.334872685373,3.89865971614026
3777.42012537601,-1521.13026426118,3.77457687190355
2462.32362380913,-310.157949546603,3.94376296744253
1091.0510236908,-231.683652585037,3.93739699475392
3015.86908865171,-296.600631803035,4.12940382154374
1950.47960859617,-219.316624295589,3.98618575673016
855.416520609328,-549.129382899215,3.99275144607171
960.088101541168,-272.31535655342,3.95419469101645
97.2650590224078,-1097.95764314732,3.86287546821673
750.561088259115,-1131.36494117515,3.89752791890151
3279.38018544829,-183.319691072442,4.14466195259507
2985.25966083977,-21.9419639341202,3.89069557251134
98.7486714124638,-320.916370263506,4.23079383828388
1145.20336318009,-2217.12128368932,3.9335944123444
3262.05372227416,-882.935592283424,3.85286071668102
2597.42403372129,-436.885776845382,4.14948455137021
4005.21861136539,-1313.11108031701,4.08996175895925
991.724594959314,-1882.44166995057,4.09804022122353
2235.4023345891,-1971.98329932155,4.10395921958314
3309.62022601636,-1905.35085827045,4.0026022714717
1757.30229907406,-862.341061459726,4.09743141505794
2940.90462545236,-974.87836978813,4.12959652527643
1569.44804083182,-1083.66962833484,4.14029528479412
3311.57441593262,-234.796867986679,4.30286162066898
286.166376648602,-545.259909237054,4.27217524732811
3083.62867031073,-1949.61675163985,4.08791174301396
199.592942090356,-396.821840557364,4.20024134588235
823.238928251494,-1350.90115909328,4.28468399871538
3767.07684870968,-1434.77749144025,4.19391798000855
1254.38939429126,-1522.63036233334,4.30189345325029
2730.69724304078,-1962.54922869905,4.18686943682681
2436.92167263765,-232.254289273753,4.11550323188321
3456.02004044269,-29.9252844756718,4.20371482687113
1238.2859707837,-810.624954738325,4.27432659981793
2587.26540681888,-734.939919617079,4.28197238443194
404.674536368344,-99.6563369711773,4.26832577074348
2339.59344796795,-1815.71469769419,4.30464771491258
136.589767049797,-1181.13140622307,4.35671117585965
2535.18670946761,-1927.38842352532,4.37170607928659
455.702410051959,-891.754532691709,4.26594825077998
2104.06378846554,-28.0679857264223,4.38022463119423
1261.18740791921,-2156.0605456505,4.45956361991333
3052.30211069938,-827.437757734913,4.43530048483267
2289.86801869298,-347.114402185253,4.39297196566544
1822.81330033578,-2153.70286533644,4.27609684146515
3444.7386952252,-1660.68980152338,4.45927955386907
2482.61694434493,-1321.31167763313,4.45264836337538
2336.61676115617,-674.93437683592,4.47472217424357
3339.1758579552,-681.525898996116,4.5532541187967
198.879416173101,-1262.66631617722,4.29058603570944
1727.80552716486,-1366.98200097347,4.48634689388497
3957.9408071664,-1399.8571190527,4.43759737785218
861.747901700906,-1100.72886210889,4.71848959928554
3045.51896669193,-2083.88554353946,4.42732533183986
2059.07280050828,-1393.11190177765,4.35360290955192
2928.82302527774,-2034.68893119167,4.48109918289192
3133.36420583324,-1089.04342420627,4.77749033174203
518.138015813551,-539.573741976571,4.90920140071135
2571.22013360997,-1608.16151552458,4.68054704491574
2982.88846714894,-2156.72250860185,4.56269494719142
2910.20898165117,-439.330239158547,4.76746345187376
3624.67203694002,-282.081442124245,4.77478838911457
1120.42368575842,-1431.23856719333,4.92047531187205
1553.50002781565,-669.274660038205,4.63863409775242
535.098934730112,-1213.37146568945,4.92305091557537
451.811240230924,-1290.98608218077,4.63327154086949
2170.44775768751,-1871.00901207988,4.79517007478257
2674.40637267623,-2102.93089655388,4.77612003771919
1356.17054357782,-641.886770410479,4.93007243233745
499.049355282839,-2075.72181975163,4.83425301185934
2953.03009660161,-1942.89079041512,5.2082922893472
1933.91952498664,-2186.49061429554,4.90306792195276
1125.97135073846,-1980.00209538661,5.09735491592638
3211.71566811621,-1253.89141101916,5.06073447542403
1687.39621556639,-506.781730586136,5.07517757199917
194.495865490661,-675.948415607692,5.05102642007119
2996.2893943799,-1180.83904857694,5.1853715961059
2896.1277474598,-231.264516544071,5.18507644270294
3462.59999727232,-1326.98800781937,5.31275500815585
3310.93169843619,-471.08687864267,5.03859365299043
1546.50176326597,-1008.73314796501,5.09944289357853
751.670081977216,-333.257028942053,5.52953720692215
695.764378517511,-1658.00228792198,5.4254304253985
1408.16223352624,-1170.857685197,5.43766413028193
599.834437336842,-1019.31061663939,5.76464071414857
3642.55784793486,-2107.05204302942,5.82786131485012
2626.77852307917,-1080.03935699195,6.19606624307558
3384.50303053501,-217.165226246191,2.99514363861355
3216.63123726892,-113.367479372982,3.00400917939713
2716.05098933437,-650.804817856516,2.81885386796737
501.473617716251,-1901.21929225561,3.0193474878679
2087.46186431722,-2160.47208992802,3.10768407372636
3553.76236555381,-89.5456136674863,2.99786215992892
445.141671222411,-745.515045768478,2.98580248916601
1659.4099571015,-444.645708073129,2.98340838745885
2352.5756587189,-2056.74226177904,3.05133936243013
2982.14442053866,-2033.84431119791,2.98256777784197
2671.88975308556,-924.055925146199,2.89462467427619
384.095077402947,-484.951940102248,2.93105501897681
2635.48071491527,-332.276521300848,2.97473528734388
1810.41347362022,-730.812324405648,3.24703582306914
1583.13275384197,-2058.60775186473,2.83236087069413
2638.16919924264,-363.730343660851,3.01188741050345
182.042246013378,-621.623966131226,2.93662598839076
1727.53360123905,-967.870186365391,3.15435163695729
3084.10229059402,-1082.46527048799,2.9271936690854
2455.73342636123,-157.18954064673,2.92194512687941
2170.45915701283,-1319.67554717207,2.7778145026713
3673.93930468416,-126.777041751,2.82033609141082
2212.77685889545,-47.968364061855,3.32509351872107
1703.1772155826,-839.968808385855,2.90914722668684
569.661857559431,-1494.80811362181,3.09434193719475
633.314499449659,-1418.95184954545,3.03280797590796
2687.07428407425,-32.2106620943537,2.9835835591139
3178.51550683556,-1611.13156905502,2.83420465534657
1214.99607737168,-1930.04432706959,2.99199384383888
3752.60679015512,-1728.86478980419,3.07468284628165
504.716942108697,-2162.38293191467,2.91560280133147
1439.46296930462,-1778.15242938755,2.52735587681601
912.400665836864,-192.106319647471,3.2417764612425
1135.15467167827,-296.346389340935,2.88205243976034
2269.54326797933,-490.890956959733,2.94354246169848
3261.41732129366,-362.807890464061,3.00107553563858
2384.23223168043,-300.46069322511,2.91013807904376
1484.87616110219,-1002.51401955301,2.88662882395843
575.338818953945,-215.171219580595,3.03335275108741
1614.49594482888,-1082.95953775672,2.95077690304117
1532.28944286231,-503.766323021068,2.71630500618365
406.228232324821,-1037.5700967587,2.92632761791407
858.197398526095,-422.853826147387,2.94128339550559
1800.93061765445,-210.469690169105,3.06727892508631
1423.87111940981,-83.6450867946951,2.9009143723622
1601.04269320792,-596.513515887627,2.89686615935633
3890.40128503683,-1303.20088768488,2.99876602634789
3431.9652013058,-249.004677241753,2.9035159315742
955.258480610427,-442.167667049643,2.87356054941112
3428.24683225325,-290.75355070223,3.54559652810644
2407.51356005709,-688.376363023291,2.98402209285378
2881.44692273137,-471.635176530948,3.24718555819227
817.928735579049,-581.310383856375,2.94249084117624
590.767639316503,-1501.5441313266,3.32756026094427
1463.32692469522,-1715.5882506687,2.9398536564411
3425.94368091348,-825.890776312545,2.69764677831641
1122.82030378039,-967.952200172658,2.89273499148639
4023.02673491017,-63.5481415582036,2.88958369708303
2312.57568210533,-993.554319237312,2.92567348215968
3533.50562292922,-368.024718325367,3.20940399290448
1396.12437550048,-99.2437928662394,3.17503098260515
3394.34925949545,-1960.49614734089,3.15588228438175
908.995205177205,-1529.62292402213,2.98759408211069
1033.54598148518,-1266.5679403518,3.02778305372025
2012.55117994849,-466.075821718917,2.88002922292476
3178.00199085757,-294.790963011168,2.98107814880436
3514.8298213953,-530.132094501207,2.51476810838087
245.936014741609,-111.094688518496,3.15592549092351
1036.96093562959,-124.939442983232,2.72423270726933
348.158511755826,-523.447550113659,3.17926892167185
3090.77888089256,-1802.0630032355,3.14697477702362
3901.1626807257,-12.1410268138692,3.05336140212058
826.069594427298,-373.713778973878,2.95698605047047
3142.76920192391,-503.981769167129,3.01856968226382
3728.72256350267,-331.357453138472,2.76403177300805
1314.62240993101,-383.169291302128,3.11214774347095
433.085751998814,-1875.25861667157,2.89747737154086
2270.78297629182,-706.286304607849,3.29665753879462
3999.04894141497,-99.0236352952576,2.54992801451529
2083.08078790151,-353.594228975162,3.04152168506219
2116.47817084327,-278.474865883119,2.81196510960883
3530.91343518674,-879.926438833425,2.7823265410038
687.139209599731,-79.1921972300696,2.71728343747726
1145.91366264576,-1447.38784411261,2.95827789496631
2797.68885227519,-568.539373259166,3.00716470326701
3611.55691412735,-622.185276791343,2.63714294038609
1632.42264656126,-2133.29959372741,3.03553529648682
3163.78888075727,-300.625448737564,2.97255023603752
669.166136023707,-451.523398448712,2.93427227503358
3358.25771119499,-535.298297437341,2.96066226116398
2161.227367025,-567.127500110917,2.84700094517346
3046.96323388163,-1641.42053449561,2.97581801018467
2042.96293171909,-84.23271226043,3.11811186997647
1283.51713702365,-2106.12944460497,3.08811392674956
2768.62127546968,-1939.71493687406,3.06706863408668
2739.88734589456,-1838.03691833507,2.95562739965507
3572.73817587831,-1893.12447221695,2.95394093956302
4068.20210861434,-399.910550623805,2.83425799258434
2589.82857524571,-31.3810783920369,3.10369263558168
486.014125663406,-1473.7580340432,2.78578902755264
2451.04809825834,-201.291426030448,2.86902017654519
3180.61211298756,-1914.93100368237,2.88724697973251
1120.13756832397,-214.103141714442,2.68615596025851
2200.84637326034,-1652.04452593733,3.19179107145782
2037.31014942521,-268.887008451723,3.13332284926447
3123.0810848366,-441.822885158559,2.96571247224697
1918.47690421838,-411.375288336383,3.05001102623601
1448.64363752419,-114.958612103821,2.88531493051084
1315.05228431121,-1416.51483373064,2.80886861957937
3208.85983989702,-414.765291327946,2.70922607828483
2015.89582319763,-1700.08819698812,2.82730327461608
2335.70534489223,-2215.44029644579,3.18871270992247
3113.75790530127,-2198.55596111122,3.01015366449342
725.545196364558,-1025.70529543043,2.8252804836903
2983.25401482178,-332.341883716621,2.57530625742998
3525.65232536548,-1672.81576398872,3.41586659253772
986.259245940154,-40.6608183233414,2.90546997331289
349.799251068581,-1456.75347642438,2.83447881733983
1493.41059809785,-1217.39409944567,2.93154728023148
3356.47390928156,-1881.14715529521,3.02104506946756
1133.32117559676,-55.8963025735245,2.69792033571681
1207.46612465808,-1081.10957647998,2.95058915352285
177.311083508836,-250.933990648618,2.92564681075172
1333.10470229942,-1651.47957826143,3.07173674629659
402.203529263331,-66.1032716973363,3.14442484249477
1547.69252654247,-232.268019925551,2.97423082717642
1202.26644028598,-94.9108806568139,2.82195467753238
2394.93771653608,-562.585967419363,2.99968317345062
838.468881421875,-188.421235798653,3.05589142540713
2486.1695903098,-362.354204893023,2.87067202000247
1572.4475281639,-206.44900437407,3.09903682301716
243.862932171692,-1729.21168981207,2.77543554506273
2025.27763206935,-2205.46500910794,3.18475407411891
579.262168577462,-945.730247097244,2.81473424892499
187.951908616296,-1644.52959877835,2.74861459218799
1305.59150790757,-2121.21399354994,2.88931747212529
1164.08354668205,-167.869307545888,3.25327768169958
1782.73896121703,-1924.55648423832,2.87925197352865
3273.38718541212,-484.721991195414,2.84410274018815
977.667357340234,-1549.11503121028,2.76430584997875
695.147025157767,-822.006868493682,2.95380780727489
1517.51848547254,-402.971109840662,2.97008125914394
2994.19822488224,-1743.57924851032,2.93260840476372
349.62009055643,-268.084771535593,2.72762088355758
2267.16809116115,-178.687109689193,3.23936680108055
2998.57755063457,-78.3271000190695,2.88414622116197
1414.58655309494,-219.310650716169,3.16664358127073
3442.08384556971,-850.039517996104,3.08528977214257
1181.01530938499,-506.567639603672,2.86605446066833
306.097986260151,-20.7768702143758,2.94814942324664
1063.85272261876,-51.4035070162732,2.83674399017191
3306.13698239997,-465.057620685905,2.87054687567146
1860.98008245704,-22.1256498900618,2.92085883346257
3334.99771457749,-641.664165088764,2.57498843784386
337.463565915369,-1591.90993513848,3.26734046424159
2417.04585668531,-52.9231602067982,2.83400511792801
1122.06317912822,-2186.2631875109,2.85285242711916
1221.13567234504,-428.84230266111,2.9176733668049
3121.2095334522,-1707.70497279093,3.31708561102203
3335.86549590008,-876.998225041931,3.12081546035705
3099.09248313433,-2108.42212644299,2.92134594247455
953.833279224937,-2124.06839331627,3.13761825387859
3502.49770864281,-905.012334752311,2.97618115352258
549.259075286507,-2126.46818822508,2.89427884952383
2509.76420646879,-439.05593179515,2.92610948376152
3897.03108622215,-366.469739831344,2.8367426864387
3448.06085472737,-468.326788244159,3.50220094177074
3684.52433364481,-494.725164419092,3.16310434598581
3709.2294252207,-2010.11304971561,3.20190597869522
3808.17716626266,-1757.35435246172,3.03890847646695
2964.16176160123,-1379.35297684949,2.85880174615483
1093.91581524238,-105.086738838829,2.39909739502454
2993.68489857687,-1627.99369563299,3.59760460872069
2497.77571066125,-1929.03630357778,2.92852817187173
900.876135981273,-96.6584963454527,3.33032104203699
533.046395285239,-137.737221033745,2.89190798213721
2842.08752507806,-546.495958288672,3.04283392010988
2089.39292172759,-1956.07196742676,2.93337120839365
2601.97339874855,-1949.61669090972,3.05144490193615
3716.67070910329,-438.987695121816,2.94474001709267
166.301377350549,-1526.61232453318,3.05389129247213
624.357497836069,-1398.16889859238,3.10624993366874
807.482896071855,-1447.0669676533,3.19578205173975
365.510447859473,-128.847938801727,2.71749260669957
287.406856326935,-713.665879813675,3.05412005659046
1254.20612258695,-1496.06016934287,2.81334615316441
3043.65695997844,-1957.04290104718,2.92372944342999
1669.70055176709,-146.900284152329,3.26408589378403
1655.35670184753,-61.6102319652553,3.02158968735085
1110.10139343641,-1595.5628196845,2.90434011244684
875.349308976924,-109.758945875603,3.01548619914302
239.472830242703,-1792.33614117387,3.30333921329699
85.5454888298134,-63.2651850821954,2.80922841324128
3672.42739100175,-1438.36866816479,3.02454967559135
541.345747570622,-375.491788471674,2.95194056784834
2954.45066684385,-105.453828112508,3.05419260998737
613.016099382342,-431.138770670542,2.93748159538991
2831.46546905176,-10.4507270650341,2.99043226573602
1278.5384046341,-1943.80690631847,2.86734064882862
3870.74055082204,-288.242864752618,2.98868302533461
2154.58455746485,-1591.87585390485,3.29656123728139
72.386397394084,-2096.0024740314,3.16186084603934
1789.44492847507,-323.733464516612,3.33093891010259
856.943678892034,-1521.35475603806,3.01926449974038
909.421904410403,-82.1068191440395,3.03371226565214
3873.63118827205,-1072.32949347201,3.01604868952965
3179.25446263092,-459.922157454313,2.90921271352268
1700.17470068067,-103.565280680135,2.96280050528465
102.668701528043,-370.050915338475,2.77087389210001
1783.58688760739,-1131.19688113107,3.12114075685406
1977.2132031896,-446.764568909364,3.26060535521366
3269.91161346452,-376.999116615339,2.96983496686454
1312.64393344105,-223.765002899522,2.81283232349609
734.358790818795,-1190.52192330236,2.90117942726813
1279.11952880506,-97.6394960842398,2.63023491837244
3286.53045284112,-868.558404322975,2.91536746157642
1219.57149206227,-1551.15851625133,2.98251873166532
364.240595750094,-882.517893079906,2.90981065788245
662.70880917573,-897.715414974058,3.01280378445085
585.464229860994,-1599.72908540815,3.15830806094088
3712.35626699827,-1673.49000686366,2.9931116758389
2417.11084306154,-235.911881866968,2.94290282907631
2804.39332312338,-1960.2798625692,2.99125042549991
1718.14798126449,-1915.13487942554,2.99071018887866
2317.86101689111,-155.969241531684,2.95209500853413
2564.27061270049,-605.457555209236,3.1283645060473
1272.81338581807,-202.296693071067,3.0324830971938
2177.88677073579,-218.0759959148,2.94162335330415
1761.69656411652,-727.879928038487,3.04145979166193
3066.05049234781,-702.108375842297,3.12985184666201
3185.71487847827,-665.330988993118,3.18127734266566
1930.80266408676,-107.85930786162,3.13229169667162
3716.15255017833,-257.187042366764,2.86222187298833
3756.62751478364,-161.614423823374,3.09090827009007
3198.68020739887,-1546.92259700069,3.09488604284451
1579.61376272759,-257.9724274964,3.16407003839672
1029.53352876945,-1621.52735237962,3.05952072778523
1052.5242013007,-1578.02055501918,3.06710215838568
3694.34671602589,-19.8226832677176,3.15851454207706
2759.4453150496,-37.5550142662898,2.99448584239253
1386.25684535869,-143.678326899557,2.93675873748323
1274.44572760261,-360.037698462595,3.15102386352635
3105.64925905054,-1973.84251380428,3.09951661589708
1007.10271423197,-1022.83446359421,3.04564503402531
1930.07920200417,-471.948292717612,2.93966498828638
2259.43496445384,-474.198978195847,3.05002086289435
2498.04358360932,-875.182055774415,3.19046521070594
3302.94355819479,-913.768356497795,3.3410926973445
3345.73286615752,-1786.06209237654,3.00325014503593
400.023740885389,-239.533964369291,3.08553432428608
2240.1364129728,-1762.51436292477,3.22461181693137
2480.90821503629,-650.497969265998,3.26848447631351
2552.62872142665,-2140.31318152634,3.19252381655588
1415.21836708458,-1968.2446644906,3.10172803916083
511.304027353456,-1752.30376501907,3.26288531776082
348.571382089465,-273.272559904639,3.06984997997323
1396.59370738957,-1607.79100784727,3.22661958128174
1794.47186152859,-1652.1181091186,3.22396764281186
1897.54442288446,-2179.45640985194,3.27897947021345
2267.37810055795,-1645.436450275,3.03039237220675
511.515164852932,-503.695717419992,3.1730478048309
653.718419121176,-429.201671861972,3.07986682341545
869.206025245059,-420.669510031833,2.97989377114808
1058.38672902864,-350.379426254191,3.19833152227851
1362.22619969245,-145.413883007645,2.93474266284336
2019.03850824885,-522.458243353687,3.12517822848576
3196.88371602365,-1591.56442448195,3.17061388268366
477.048477316836,-146.549381785091,3.08675008313066
2768.84245799619,-1865.57633836764,3.23723720315546
999.640780389622,-248.754986356706,3.12581119186817
1825.21055329351,-136.147417741337,3.17940361086322
1633.89280379329,-298.044624040926,3.10499837391489
1979.89314397971,-1413.61874770097,3.45856297136597
2611.5033401191,-314.782680827343,3.10421542885971
1636.37268253602,-1018.08564851848,3.28886644705914
2570.77000105498,-243.284543408477,3.2480446764775
3611.38928824594,-743.46827865154,3.38271431693541
3979.94949789571,-539.784364180715,3.19328989481293
3327.458077562,-1714.45726158483,3.45234948637736
1453.72103483839,-1748.50804013234,3.70325891721868
1478.25883915281,-873.080044884438,3.3952784231975
1165.96806182237,-896.921723158177,3.35337366939336
1314.30943024205,-1600.86731710198,3.19067977486894
1943.95319510544,-1497.14337045176,3.37846046717793
3620.99896577069,-933.021569710342,3.42296926368559
1987.6455210817,-556.411250692803,3.20720267601838
3560.83408344705,-1625.25586658356,3.52658264353817
2991.33009861752,-1654.40055462327,3.31511368427079
1181.44662383302,-1908.46480494354,3.23267727515135
2895.22040864368,-1354.79579055884,3.28253175604236
2491.48004123538,-1483.99530926178,3.29338595503186
2602.96110914619,-160.623157463278,3.39377061882075
627.495768489879,-283.529735675808,3.3379152215101
2410.02189546213,-2210.57915761186,3.32467577855928
3686.2880878366,-521.712680473576,3.5285514635257
2314.77805546147,-1963.69461329413,3.48954986373268
1941.1258281801,-766.347725837105,3.52946456480997
685.034089096598,-1879.82256032927,3.41665400947957
1832.87824519881,-275.509482287861,3.39985960072379
1693.43542709788,-186.187814340268,3.33959944142823
2370.56057814408,-1677.56994611777,3.45061167184411
3093.57898705095,-1454.31955612726,3.40424031623318
2795.20210135954,-1378.87367181923,3.40745264141259
2181.47129536876,-1418.23932393944,3.60663787252171
2415.26599417268,-2195.31452893749,3.4693862816196
3348.32135026463,-1734.88389781622,3.64532677454952
2526.32960214739,-766.99406737129,3.39159064130051
559.43683536751,-1921.61468933528,3.59274711398453
2822.01354733588,-167.282999677345,3.56487203740903
1487.71361096456,-171.062963007442,3.32457577345653
1888.58325877982,-543.375086935969,3.44981438560199
814.842336459355,-328.842570568777,3.40507634125418
330.791763790007,-676.118100367035,3.721031057759
2324.43542606922,-1498.82026547809,3.45359652012333
1514.4069959388,-343.460864580179,3.43154496541631
1449.39326805609,-371.43201764588,3.91036644359002
2565.81483977159,-176.057315857425,3.34459735198809
2817.08338631261,-2103.18848835718,3.47352316286782
2964.00595377025,-1471.54402091102,3.35734637312389
3278.14463034901,-1550.4177979587,3.74437546735768
1480.74772419689,-317.877924718994,3.61109025079848
3577.09785615575,-542.646677407521,3.38584374561669
1451.83972901281,-264.526136554571,3.58096996254353
310.351550366019,-2205.12800803944,3.82355878817856
1319.37947902997,-1517.15135058079,3.83343417494617
518.617857117241,-302.285067849295,3.7963067709635
1916.35110237937,-176.242426404951,3.65981877350959
1392.65143652917,-342.882427575329,3.79408493404581
2414.43540342177,-1000.94176573785,3.90929896419946
1592.99594552714,-1694.03461628227,3.72974038357746
3260.76485511886,-887.029387177621,3.93710846407382
2036.6319984327,-208.241498973912,3.81111799060527
3005.46821735652,-1831.01534191906,3.95897910064311
449.64842289035,-347.364189084928,3.88166040837963
1941.36218488637,-490.433617541008,3.85493993581
1317.52524873206,-183.94801025318,3.81052167685076
1093.4954958224,-2125.51142266608,3.9799425978333
3437.96670397307,-1827.96992791774,3.81230185907052
1866.51050252106,-1999.50630587947,3.96613200368774
1172.83291631432,-1514.75096635158,4.04902500349844
355.056969229747,-217.677112350652,3.94820810098709
1527.13254912573,-55.7210002768083,3.60393055394903
437.361656770989,-157.342322492795,3.83837444897963
2238.47032493863,-1979.21433566285,3.67304812443518
1035.97300077793,-62.3687305522453,3.72246106011043
1540.57071360465,-1688.05181625024,3.9737492090885
649.452007739731,-179.265560070717,3.93369793922835
2316.76128175936,-523.907642203936,3.98415071312217
935.605085867927,-25.623047437473,4.01714881941925
2377.9423781242,-1622.80323293609,4.01017216255949
983.738796724537,-67.3964755579292,3.98759594770674
3432.8408411556,-1587.28444589258,4.36932476688137
3884.32654210005,-208.770185886429,4.0518717081957
3304.89721943821,-246.431574160285,4.11041358819099
2751.68318367931,-415.727250353582,4.0942671963468
1871.58047703021,-1633.85560745004,4.06907632459475
622.013598205284,-592.947631067264,4.18196329102653
1313.50211843805,-123.493380035582,4.09483886778096
2967.29373981866,-1939.98667661922,4.26533897395384
3512.38256956478,-477.562482134363,4.28903839956198
1441.15508207373,-1448.1359618753,4.38486536767395
2777.93782572184,-252.235723651043,4.25962204665133
3958.77972854645,-1398.27216509032,4.29891268742373
3968.24363688651,-433.538846128473,4.71591557814725
278.551816658479,-1869.49481037766,4.36934096821275
2232.21662934779,-534.977597634791,4.55800332715847
540.367036127364,-1205.62311209134,4.29398146229582
2286.21617914839,-436.35294149837,4.45104096406026
2593.11571197772,-575.241344848917,4.45104666637574
3208.3640202452,-1253.89293969526,4.58480493909703
1094.24670207537,-704.259593050784,4.50372893259958
3406.98434196428,-549.666628846037,5.07544979031411
1514.81265203114,-521.891247450205,5.03741792666875
185.620708300754,-659.73288574792,5.18686036099903
3287.2543640231,-455.361778035334,5.23917930203363
1686.49580437168,-493.269373091888,5.03110991431118
3658.30994697574,-1615.61644711401,5.18500723943184
1687.98833295517,-96.0559294414827,5.28225706819845
3453.31370697603,-1327.30986031133,5.43565932555321
2861.57445825411,-447.135519436076,5.29722387738794
3227.58093468735,-286.787781536961,5.41434113636169
3668.59142871552,-2109.68022618758,5.79853092346914
2827.96031097635,-12.0543321424069,3.45973440133345
1837.12062600201,-1251.67992551968,2.86111161603501
3079.76069102136,-1047.41171715087,3.15704995241627
3614.18267625565,-621.05890555612,3.05751524833406
1278.32741121646,-94.3636949223271,2.88400058565829
2805.58132498855,-1261.59505929265,3.12810034821656
492.043128395813,-1784.55615825878,3.27997299119639
237.321986108628,-1794.10969197207,3.13770521147061
3874.67418414095,-1066.58290750381,2.95767438626413
1759.34069137691,-275.686409598333,3.09605867887507
1663.87985563973,-576.816523987995,2.95798652129159
1681.71977847958,-495.319282551374,2.91749018065467
3793.17380080921,-488.73061625614,3.25420918810195
2956.20413975241,-155.356567107552,3.02177664404785
3295.64454923057,-1042.0499052764,3.32493942127399
697.085025609729,-1704.22572687502,3.31608898792209
3237.66617491307,-2020.64311846366,3.06361018481796
3311.46983454507,-2163.07950042391,3.43877672955799
3633.44201310052,-940.445145088786,3.26482746636914
1312.39305097369,-641.64996755193,3.2558641518353
511.988863346047,-506.696299831209,3.58766146988353
3754.8769382694,-1690.38201763136,3.06541535356269
1471.67428490069,-870.674586358469,3.17770093849499
1299.67573993864,-1049.32145362019,3.15752537996865
3349.4376555082,-733.103196479503,3.76227598122902
1360.59366225937,-1319.11975056985,3.36170364473197
3558.88720699894,-1630.01640759142,3.43166808022539
4007.63679379159,-66.0395851134304,3.68789023162091
3581.88127733608,-542.702703204838,3.40821730723547
3363.3508259364,-697.299339402586,3.11986005646527
302.73622006056,-345.400230780879,3.32318576468477
327.835494795529,-685.679619392832,3.41024076295292
2587.27696834059,-1676.75048247215,3.53896378195826
2970.55256374763,-1473.36171257224,3.42271857442742
745.730135831827,-330.730151183089,3.50110902171003
698.04716701808,-2062.2728011386,3.73614082731571
2295.29771788484,-562.036396135053,3.66687062874326
3360.84882168052,-1745.71344254793,3.66273906548303
2311.99225562892,-1547.80532074279,3.80261051415722
1638.70676306964,-2105.07020700433,3.69107622728798
1500.89532071315,-1522.76816405775,3.80871929065345
780.89739626522,-1941.67478305918,3.81553419183173
1663.43673706689,-731.502185340273,3.76626993610223
1681.65917534084,-2030.92620474041,3.84636370095746
1717.12670676993,-528.965492918052,3.9399868259538
1263.14340079638,-1419.47938856202,3.88020532524376
1687.93388654831,-1186.88020123022,3.84130353493817
518.970340939641,-2191.434520377,3.84846000888637
3785.63321653107,-904.584709345672,3.97715247379202
1938.23666961352,-492.407708120175,3.81378243646235
3907.45374754909,-1178.33092144312,4.19050531632872
1641.60751747895,-2074.84267210258,3.92606721302322
2236.52931642658,-1976.53284432278,3.94987702739258
1136.4114076455,-2155.77637340713,4.01830418235415
2287.0872366042,-2199.24764541723,4.16812502823883
415.034913197673,-86.6685828858833,4.27839527936969
2733.81427867451,-2076.66640311074,4.66843989343324
292.589099293024,-1855.74059782997,4.32291969583792
537.149983329973,-1200.63413982988,4.48720242444612
3828.56283926969,-1067.96967530368,4.38146155489573
3706.01709849803,-1556.84420719286,4.27441756485824
2609.90773648035,-1738.07207789084,4.48074160983352
3895.71542751366,-1019.86740857183,4.50327126904521
1869.70764989459,-902.288079868351,4.49298331234176
3914.75062882009,-292.807016234016,4.68735242506729
863.527311343884,-1114.73588092145,4.70553275152423
97.4407595478119,-526.592527586084,4.65522257019997
3204.64761412978,-1259.04296843734,4.9014133811546
2990.53692948962,-1971.48474707474,4.61810606400025
2111.25000943524,-1039.07772062498,4.993622007914
2901.25448575375,-448.137749381044,5.01753710177757
3406.96516577599,-558.511755562015,5.06289087867768
2275.63901611466,-1723.35808548803,4.61291585746205
2052.65635820212,-891.472588551626,4.94284034076023
1711.48919715487,-68.0986673761696,5.11301651404997
2299.24079074451,-877.605014734337,5.37005090233083
250.000599270373,-207.6518517252,2.97429101687969
3662.30845846799,-1535.9130059509,3.31235759418903
3046.61302775812,-1463.49139782181,2.95067492141904
2418.977258473,-234.596285164602,2.95158845821669
3112.66448107485,-1365.45684243923,3.03127937034283
3951.77471652133,-1354.30162670258,2.74701091505986
3957.96823097904,-1446.63127970021,3.05131202150117
2910.72182448487,-911.48889005618,3.09811881541089
3695.80502286437,-63.7377921198942,2.79305772948502
2147.43330691588,-403.46141003157,2.94634565538713
1599.70783150449,-967.564149534696,2.90200625352255
1547.11891562192,-1482.77062011233,2.99197493127586
1364.66946905359,-1617.83874006514,3.09255334162638
213.285329515756,-1950.45455215636,3.02174688539588
3308.97760733594,-373.28806881871,3.04999074368006
3776.50995188752,-165.856748788246,3.21119655862691
619.427766114199,-1198.8435987236,2.86638000001419
2373.82675130297,-1164.57549725208,2.99093020080481
2646.79769020508,-1518.5110333307,3.19734437332086
3336.17937901951,-97.5765382879308,2.60277055330933
1592.73079019361,-1594.68656362669,3.34302021518838
3026.86852349985,-1265.60970512803,2.94488056899487
2035.43498950362,-1138.98135226793,2.82021818174731
3483.35184754498,-2167.25988120015,3.0555975429746
1698.96112383129,-1412.42456662918,2.7750356205806
1200.71595897252,-2121.60034528066,2.68126829416755
938.168728130481,-2097.89691873095,3.11825945804185
2522.61113488746,-884.361705113618,3.15552955209258
2929.23388431178,-319.347507879448,3.02005757458575
3878.87722255365,-1112.80154711985,3.06525036153119
3954.67415456759,-2099.09947583493,2.94997710191295
1490.98319139747,-818.406750719781,2.88167453406674
363.659268925662,-124.758351278418,3.1087308674872
3510.43938932182,-1950.87498472158,3.00734295084873
1027.1837680869,-674.225475509232,2.83182630487048
3827.9409516881,-165.327337132847,2.97941146585944
1224.49952247561,-1608.11750765054,2.85470273620462
1767.13992694299,-1985.92882547563,3.0249748700295
143.671085774377,-100.424842182781,2.87722093818315
1978.4607143353,-453.316182647883,2.7498168680949
229.939814053682,-1789.62204665868,3.11520101195568
2945.38284460604,-46.5160633693139,3.04572138351052
838.499645452422,-805.602740822842,2.95280507041537
1168.71152258103,-1808.84030574234,3.18909020160486
893.077815371418,-704.059108334604,3.11664949874562
1658.91439880329,-1991.9015866199,2.95830670714342
1292.32759444224,-2034.39565804447,3.17957280120741
625.560140713639,-1785.8954033156,2.82541821669813
1822.0447954561,-1046.47429229855,3.30089703959933
1620.37996596647,-1747.54077524528,2.96108510572419
1166.52329857973,-314.651015609668,2.96104766228466
164.630707826103,-1526.93729154855,3.02490939376418
1119.81723142953,-1710.70681257618,2.96188380035272
1153.43237253465,-1622.09261611264,3.9734451264656
1486.34792661136,-502.329897661706,3.0130741959131
176.790409392547,-2140.40292296683,2.80929458651621
2799.55218924589,-42.1252256003108,3.12675990219068
3140.70029797336,-1775.28970164364,2.8207596453478
3110.96120856953,-1870.53300719795,2.9554856107578
3425.19381174769,-317.931068351093,2.71975096460374
3891.5804413978,-1792.0521841836,2.7717714914738
1177.25682790165,-78.207687545659,3.06338450302806
2412.80964379953,-1533.79192208229,3.18747805358955
2933.08196928657,-1646.9937355707,2.86474956745655
3833.04195752968,-1375.20806696773,2.7557040835212
2265.37903368788,-1399.137445393,3.1014920998269
630.347050099111,-1937.23586206562,3.0727072139869
2091.69098333534,-642.580982121181,2.99131122892088
2843.70782916029,-1009.66342352386,3.00700735559935
3321.51043357042,-1188.61873467355,3.12430917724073
486.661326360915,-1042.45505911577,3.04382360831219
2397.34956495831,-1031.87451291388,3.05500118755173
2857.12963758149,-256.112607391003,3.1483203110975
1202.51827684641,-1377.25817300114,2.98000670769358
4013.44098493273,-1697.95918433232,3.21115260541224
665.310418322333,-2201.78693967448,2.85255113288208
3309.13381613572,-1509.50619969442,2.91932951237464
1312.61780955673,-1449.57474652396,3.36917029858445
942.322266738823,-348.928014228696,3.03455007824785
443.187065662718,-360.655013517577,3.13876238207821
4019.83322035879,-893.252202897949,3.44693292975081
216.053738569156,-1375.27502341935,2.6999017007887
1154.87303411911,-1674.27228091894,3.12735272369663
981.381249316611,-485.058207721346,2.80748384909475
3019.15365861995,-492.153243726723,3.37757286578281
2936.3898367627,-1059.58759274064,2.96809379603574
3825.45112340346,-246.536764954236,3.30776751401778
2884.0524961816,-2065.94711184422,3.1363165423169
4059.27203103886,-62.3180740980136,3.09087427904618
1865.06186004521,-349.567878850937,3.20574404069774
1915.74630430399,-1304.89801310081,3.09910509044727
1199.95787685308,-773.086628832202,2.99584193708326
1498.72122185313,-1001.2888717862,2.83712806384369
3209.44837598944,-1892.35690706485,3.1528726610807
1401.37258525916,-2202.53566126796,2.68715149964331
1759.55263550263,-1038.66747274634,2.93489862011422
1802.23223497978,-1947.87385170898,3.13875442053987
213.829670134714,-875.728741010561,2.94520130842252
1826.8184850463,-649.227205206433,3.04587087970222
3177.15461637495,-292.82228345732,2.86795335185408
784.906717290489,-589.172837298214,2.81324094743261
3476.94027795046,-1254.7920181948,3.39455664519611
3613.95387947153,-1241.38623582455,3.19702545010441
1807.20665065445,-1383.30920478245,3.31863699642812
1033.39977776337,-1909.39094025944,2.94762397877115
855.440185804065,-837.82498843583,2.99780770844459
688.35933251586,-399.715393850188,2.9415766692443
661.75802209386,-1479.02861979055,3.0529633224898
2345.27494402664,-1955.92578820111,2.94578549720754
4003.24014796672,-724.779551581153,2.92129824097327
2923.42414277793,-1943.24267883155,2.85971632090588
1239.80822849926,-1086.6990429217,2.96458949355293
592.675200477395,-1843.1847076611,3.05479609589383
441.493006528019,-1993.38224934472,2.92683003686773
1800.27639438758,-729.628452104065,3.19203922611049
3809.27980079136,-233.550257991065,2.96849882922137
1855.22416113311,-40.817022253657,2.89807901649516
710.892144874828,-553.776248715319,3.23619292006326
905.446579985349,-751.201669347221,3.06870876137248
2233.3271548024,-553.158151935076,2.73469702080146
2178.37242409078,-1319.46806805874,3.23328787937859
3891.62116435539,-1302.83804297508,3.01496373853884
2605.02960867088,-1951.60808014674,3.17642780206546
778.365225467109,-46.7382023875085,3.14663179346584
1838.62207699551,-59.3775172125555,3.27213326560903
1547.08831771654,-628.901253419102,3.16958771066221
2226.69756457095,-1241.91172127838,3.25069455291213
371.786519969,-1067.78492840148,3.13349890420357
1568.74150361665,-1337.80244490416,3.22307642737693
1125.48940256779,-1809.15584779894,3.67189955163784
965.889438280326,-1210.3643317473,3.06360841608053
232.833384415632,-604.538782931379,3.05274815024086
1554.02692920689,-922.047008721013,3.0573460875072
2650.96257798374,-448.599470243169,2.9310712546603
1336.44676079994,-1607.99032002154,2.80205407308987
2505.32170467757,-1781.19625512746,3.31618574563713
3965.89274286657,-283.810023034646,3.25693788958784
3199.75893941264,-1591.66274644791,3.10533883397803
751.39851328586,-979.464279953598,2.93598862338771
2104.29253458924,-807.968826192068,3.16481275748774
436.975196370628,-666.545896301064,3.06068210279994
1679.2062559076,-213.883683389309,3.52553999585212
1435.64736640678,-1871.74554780295,3.05286093292325
1387.44717837779,-1430.04621220644,3.50757227915852
2320.31992919249,-1546.90529233533,2.73937856378004
3091.97559639929,-478.04262443344,3.40403629984248
2730.33238098249,-800.028520179768,3.03144200229244
2972.31688007454,-1406.71976326087,2.8065438019309
1467.90535919221,-1361.58505665181,2.60657582072671
1555.57344165326,-1223.6006001081,3.03874292203038
3876.0041717631,-285.25204012839,3.07665455973527
1749.11884937236,-48.0495490601396,2.73601876648512
4018.63904077686,-124.104091506446,2.81988942618488
3525.53208511592,-274.180060380913,2.8344357299764
540.529896236236,-374.341799092759,3.38829863633372
3493.36338726767,-942.210740690878,2.8979366047289
1238.32048472748,-255.847339037504,2.97762377782761
2072.12847975214,-768.101639201206,3.05330295501169
1880.26462482898,-1044.60497835177,3.22270249614476
3248.84933980672,-1787.07313762768,3.33885834653997
229.943844484269,-823.533260539197,3.382102811556
710.732132705587,-383.871097413072,3.44964328766175
3151.25942782426,-822.542425415179,2.63876790939739
3693.83538026237,-2080.06918998803,3.15630517373315
1029.36653614352,-2045.66831089196,3.20450955557373
3386.25815936538,-1099.56353022926,3.13185323392158
2231.32395385856,-985.39323797319,2.7702843900582
1397.05513260062,-2163.31408403288,2.96341915302124
543.377391491738,-1356.57947009823,2.86632103004585
3709.10259250747,-475.432177545961,2.85912871636356
1560.35102671765,-1283.726763885,3.37573950441817
1879.90639306218,-1795.26296500581,3.58359144569797
1212.74735750963,-1320.64221415404,3.03841719775094
188.649219093355,-2112.30221117603,3.01941030638107
2918.42342312011,-1467.84335734988,3.36054586220273
487.35660097848,-1788.14705666757,3.04696080678739
2634.34315991504,-297.697266503505,3.31089743766795
2979.75337219444,-477.582636839313,3.13867083604176
392.946882548168,-1645.02336270941,3.27465428105632
745.692673122377,-1838.91236209315,3.16427800324765
1604.55619464083,-2215.81194329216,2.98269228948022
1312.43038417849,-1603.24052596782,3.20430247033293
2422.13859683009,-347.799437277461,3.26661531407163
3717.21510011469,-254.938011324074,3.04409318923523
3693.74376459907,-592.685696270378,3.12108815397011
3989.69472805479,-1133.78412960051,3.20395333314073
505.286375963865,-1417.37352009537,3.09933609031478
1247.4876280396,-98.3749030403592,3.29009305021078
3091.01153226419,-1250.0579452651,3.1235125957958
4050.09005240801,-1372.66815278047,2.94182137219688
3177.35649363296,-1658.1383335876,3.24049090547698
3971.69985511404,-1127.82309889987,3.26064570120711
3307.97410781981,-2167.61894578116,3.06102332033294
464.940675223635,-721.079564834161,3.05810481403148
214.413460912453,-21.3800168379398,2.99293374738349
2099.08763110816,-122.400885591656,3.18757840074215
3077.35212047332,-1765.90685224541,3.20443377471373
1314.61032380137,-1301.21373968834,3.04156815251856
3982.16225287489,-960.319594480358,3.20105992674666
1579.43545224812,-920.427371561467,3.16146353449074
2579.32636506826,-331.17780072494,3.22786475872431
3128.15833356299,-220.486355662266,3.278624163248
1112.16492162565,-1576.24882081796,2.99217890351256
584.254538352591,-1740.99107966198,3.12274757230011
2781.52120148279,-1545.86862474361,2.94127842801171
3636.95589822658,-1971.33895575829,2.88797431285783
938.202452989669,-1777.89755685856,3.34107223217552
4006.50186290409,-259.03654182505,2.74866079443894
3940.68826935775,-1676.98375647425,3.21809459632199
363.774276539781,-1307.89455207614,2.97589753770218
3229.89873502497,-145.137323861984,3.1596571957065
3850.80879779558,-1602.75225748193,3.19558930158328
2065.23641891174,-582.39216871712,2.8324856324552
1084.85673013469,-820.221158394472,3.15890455173018
2146.79404589462,-1077.34050706462,3.46913018425317
1379.00254173992,-1227.5515678901,3.38512275166278
1402.63288888734,-489.780269231112,2.96243930299276
3148.3233986567,-1550.9967027604,3.31819657199576
813.997734901633,-2137.34867706869,2.89955342250212
2071.29064933287,-191.159302414147,3.32888571685851
1995.92641915517,-755.065859733799,2.89842053224602
3248.42208616454,-1875.44040783848,3.07232794110857
1387.64731622975,-735.334917200535,3.17021132936013
1311.14572164701,-1322.39871136338,2.97728427035727
1540.0153729677,-881.295732060488,3.11778758139494
1682.84726878,-589.972617504945,3.49407162228186
2004.63331363077,-2125.2175431884,3.26572942949994
2937.08005812156,-513.378115564688,3.0788163750468
2847.7338213569,-1179.44220927916,3.02510911417337
2496.81932599009,-1544.01597505678,3.42277714789091
357.769329256731,-32.1598689911215,3.16179164556197
436.612518819561,-1104.99802943545,3.18275154804507
2325.21511498834,-825.406600541025,3.08124223133045
1636.46687238173,-784.676141280777,3.52211637806795
1463.70111203409,-701.274280829473,3.33861345443069
2950.52899712007,-482.764823874404,2.74982378471406
3347.76631144606,-1188.3466721966,3.39489383735891
1145.6155573566,-156.340439789856,3.12899561391876
1797.63202398223,-461.662797612443,3.51251452798042
2644.17035170811,-784.825142605108,3.45945343442497
1894.28341799987,-28.1567476588965,3.07478044359468
2244.93693160801,-1526.38781243816,2.87151350002749
3646.77661572469,-1871.85964020801,2.77576784044508
1016.99549666593,-2117.73063191863,3.1378922310107
943.315371381869,-1651.39990742671,3.17851963376584
87.6156013002604,-1363.06520757844,3.23350355309615
372.339374245219,-1529.02296951796,3.4066496395566
963.833701956296,-153.74089882464,3.01929577718961
1830.54518871702,-2001.76638668078,3.04078181907258
1918.00026892919,-1143.91351055337,3.07635361007996
491.144338920294,-677.279463278048,3.30881223801231
2070.91917724768,-523.597852120717,3.45746208562564
1979.36139612405,-516.134486955881,3.26387990602171
3225.84435828923,-1374.5377981721,2.94192416758189
3603.50600796325,-392.049055310841,3.24286999009178
2024.10888058071,-1498.74474668638,3.42540862257764
901.857340896939,-221.574555966818,3.33814275800471
1905.37429596469,-2169.66414049978,3.476328079249
3240.61075302092,-1901.50540623356,3.41511133192367
2741.99601006629,-1743.15311182023,3.31328848591711
1634.75326567238,-1028.34596930113,3.71139756678685
957.656525140448,-1906.58337870512,3.33342736170817
866.589880548073,-157.2517521276,3.15268121361293
2976.68335000527,-400.400152213207,3.09497054947879
3098.7719204987,-2144.29017995051,3.0368900114986
3440.38085075506,-1754.07149089794,3.32397815723746
954.687845912211,-1229.78138653239,3.68662397596201
1735.67372208427,-954.928716409474,3.49595005637871
990.603608593927,-1832.16555310602,3.35267094268731
651.827304453941,-399.536228614672,3.35608173519823
1379.35145763468,-1961.89332841651,3.21696278042821
2719.14711412862,-1577.83709692958,3.85991520821256
3616.99264876239,-1720.55144697858,3.23549549243815
1588.28798280048,-1146.01061368076,3.38216948040079
2702.74778377984,-488.164890394343,3.43031213745485
3883.18876853811,-529.202649389173,3.19054895868615
3459.17421045019,-1387.86331060404,3.64159952355663
452.03717425549,-272.985691846216,3.63025538893472
3059.80873675954,-56.3339844732401,3.21678009648276
2028.14395303147,-890.886317721266,3.15822087491866
1055.34189765236,-447.493782963196,3.48208127056524
2150.58132643478,-664.091058384615,3.2954965112436
1928.24726093461,-2157.14887182683,3.6348884832961
3031.69672743669,-188.757930725467,3.21071048408138
2694.25847299428,-269.921673787445,3.56832036958604
1805.72275302564,-679.465461674229,3.09888838660659
3209.80146895945,-1521.86257063095,2.9614908664864
649.672573207637,-1915.03600374825,3.3726441847891
1639.2524956,-269.850978551233,3.37120056385083
3256.48293318205,-133.56846463187,3.14747219401357
3321.83384905515,-1613.96155960409,3.27826705642281
3842.2837595766,-1645.80007146679,3.44472984755774
3488.21140569507,-1830.57102635661,3.18075598895389
3743.3742958086,-1087.43407311958,3.43081138410828
2437.61094816239,-575.567134594134,3.39041445265182
2011.96704816428,-2052.29648095779,3.47728143334487
1129.6467339029,-549.392918402998,3.5685570516166
833.872019767227,-1027.13882075034,3.53873465413791
369.605701703293,-283.238230584525,3.6623644292134
1885.33131988914,-1257.50621283157,3.40921056497496
1828.22875604587,-275.677206085543,3.34736307118536
3937.65695244055,-995.497821128386,3.32103486967969
2704.02193243548,-696.630791110669,3.57577538553479
1256.97619037452,-866.462370915858,3.4262314234189
2787.85751234927,-527.144895215137,3.44729012520174
3616.01671379342,-1772.06594755343,3.5404613106824
1938.93824250319,-1390.26173418156,3.53533566149277
1211.45403670191,-1172.02667101626,3.60269010723661
3647.19664957576,-1671.35087932327,3.57925063390564
327.682123308963,-1984.73391199651,3.45070383521392
3597.83753104547,-1419.04230165728,3.5356714049577
4051.42829438488,-1046.35012257029,3.50603738902597
2031.18365815512,-216.153274793872,3.38117745807479
3479.81493736368,-1468.94924482634,3.62824537855357
521.356662888644,-411.150098258889,3.30222562222452
2010.89793597277,-960.614446265009,3.56056413790846
3336.51437024286,-772.418847164946,3.45200787457382
234.215690892796,-533.073602230706,3.43331153541304
1428.94654669201,-1263.12232562335,3.32846172513071
1490.99345363499,-172.866927643153,3.59459753406325
262.976367425692,-1349.96328903694,3.47042319666397
2621.53360433678,-61.0200228249733,3.41941851622074
1310.36135214391,-181.206460288522,3.44079363536662
3123.57278309042,-1394.77622130603,3.43683578923416
2911.88133077114,-1791.64988204141,3.61408343320621
328.402144240926,-681.420591649282,3.44350522650252
1059.92686647854,-1677.93201906121,3.29896764517902
3174.60322574756,-1384.23025019917,3.55233116795107
586.773264303179,-77.5352206743444,3.35383271273409
415.078015327393,-582.180321425767,3.39797211806955
1846.42216710417,-746.542245103975,3.898543822722
3744.36100598418,-391.21324570746,3.74645014503344
3690.26925639594,-1329.23513479533,3.56756798255504
1385.67602647354,-1150.6026351037,3.84409405976599
320.462239802436,-637.969584694169,3.53536337282608
3863.85597857419,-1435.43781463153,3.39650932570491
3250.47724096674,-1966.13466010545,3.39295337756222
1395.98162085663,-179.243205743087,3.47898348943013
2275.96187212921,-733.079748526609,3.84146280691912
3709.40171846474,-1980.07148361408,3.67165375464555
3606.76398793776,-1190.89101301515,3.31831686903296
2180.58867348755,-596.252209447798,3.44162101344317
1011.16342605639,-2205.78740638012,3.56285126369947
2737.68483249887,-645.257904424912,3.53848096128139
2230.89773959272,-1806.48242616966,3.53142577729386
3054.60783267812,-258.585763533021,3.7861358702395
2949.84508409571,-888.307219859353,3.62242088364238
3741.23398609397,-1790.15461389165,3.41796757354242
2976.38023126249,-912.928124800255,3.68822236766964
2815.48741774563,-2100.268077872,3.73795796075156
2737.57707766108,-2073.97464912888,3.55844353064238
3746.45749745989,-1343.49170515861,3.60389064496057
2273.3463513333,-889.344549633655,4.03081184453059
1961.26345862497,-2003.76410838235,3.60955095148886
2245.42636274668,-206.51905487472,3.73506682983564
991.105582849006,-2166.90130622399,3.37698009822605
1557.25744406828,-316.051002101318,3.9208268989458
3300.07248831632,-1686.95730105068,3.43072994979665
1664.22759750575,-729.42026778426,3.87042739933684
2844.88681392462,-910.994617298807,3.92441568484915
2598.94328606725,-1873.04181997546,3.65458593282045
1027.62343886833,-69.8978319852186,3.87399658207367
358.96486751047,-207.849568084699,3.94411053282509
3017.93200739311,-1004.65244184306,3.73479994847043
3842.76046700484,-970.759940719901,3.53233008428086
2507.85643816121,-297.69072029344,3.68569177197381
3338.36581325614,-1798.28461538313,3.87723133370078
2029.7121484628,-1556.34080255487,3.73653928676176
3905.80754918915,-1471.25363275739,3.93130860455753
2912.25651698224,-887.175527748842,3.87971668381741
2051.2691313121,-2104.40351615162,3.59613164449048
2000.95778332318,-651.94786703281,3.72244832013916
2245.60455695408,-1194.91579365725,3.73490563994766
153.74110456909,-1062.45534000367,3.69918473338831
1775.66077048135,-239.10904971694,3.728477897531
2304.20808252875,-2051.57719121252,3.75081669530958
2393.12341426823,-373.4311645846,3.76555013884456
332.948484052662,-950.182063480332,3.75308218635473
1759.8590331913,-391.502422418799,3.62894544233723
982.985276063709,-413.158814127226,3.47835159495854
1813.03710729632,-1303.3920610737,3.6687029742709
2388.15988310475,-1413.46832110157,3.77844438637079
1523.57697576851,-965.200904881356,3.86917624610846
1635.28474663145,-1199.2373566012,3.47521551125033
3068.9733573735,-1368.64942070254,3.82287980618901
3138.75560084741,-1300.01701606578,3.56811073954607
1162.92480592802,-745.460139394316,3.94725657928824
2444.82655796324,-427.611380832009,4.07017298235506
3915.29330853137,-2183.49441105409,3.77078307692635
1652.48708215583,-1648.96294228085,3.58595412507587
2108.36619524202,-2104.81236075094,3.33605602206941
3226.81700439403,-187.000338223539,3.72887825977274
365.866946340614,-2046.39337543895,4.05589404960662
174.111026289212,-1996.34081094091,3.80778089710234
3112.1577726493,-2071.60625446356,3.69364581156036
1531.01238287312,-63.3187893078554,3.70724081182669
1867.18281399328,-1994.02006877945,3.76793666231105
1927.06787468471,-723.378509302468,3.91652474507752
2094.82663426384,-1763.39334997564,3.63377233587878
1359.56920504898,-218.934534866319,3.62624658815415
887.97919555977,-881.333175734639,3.41212553338977
91.3838520421773,-309.724258634669,3.97460036005564
1764.77838312673,-350.778623363786,3.43953569217428
1992.94996085807,-1814.53315551671,3.88079990593744
2211.30245665916,-1304.35245957797,4.21063590869385
1807.69813611373,-1674.35178127184,3.83374348215055
2149.4211274777,-1468.43699286653,3.52423701929591
639.013922548105,-733.929296572379,3.57759212844209
976.494862043979,-59.7448273774474,3.82304971090899
2984.23933146369,-1871.2509256914,3.86656546256924
2019.22097958508,-680.378954627638,3.97000509212773
1188.96376012804,-911.000492753089,3.78671224966041
222.301947591478,-134.902792864307,3.95432474001084
975.669161812306,-678.222697259207,3.90492968559743
3974.54143597014,-1810.43325045011,3.95313056501588
1741.24666344703,-1680.68491269175,4.29445562551208
3771.49683505242,-908.82084846001,4.15199171625708
2912.98011524694,-2114.79170249664,4.00278420448016
1097.24052783524,-228.529416870101,3.95800898334408
3309.23781426088,-1004.17380808033,4.04816004140872
268.426500205979,-225.933488170827,3.98904081168291
1927.87027620732,-349.485163640994,3.93690313319148
2159.32496256468,-918.47251215608,4.12172612793483
2497.75251964049,-466.819366438176,3.89030807404632
814.711143028314,-925.771362228788,4.02862987210037
1848.17791258987,-1888.26750242698,3.98786903442936
3990.11607268165,-829.67894473797,4.07311720889761
2278.33966332367,-2205.29525615536,4.22135103329186
2610.6309470506,-1809.89974848044,3.98169256085925
2166.22440734277,-1358.73726223519,3.94819716461296
821.442661559138,-1788.2422590277,4.21899720827995
2780.46686141586,-269.254311944488,4.27619244540256
2998.78986513178,-289.930297613098,3.98657862002325
3907.02925485,-1158.83665246232,4.02144147375498
1163.60818054695,-1512.40414076416,4.08179907602476
732.586067199289,-1913.15057861357,4.23265949458714
3433.80799451849,-1835.70972366314,4.12517397364533
3630.67947107962,-1370.47277844212,3.86413325095128
1336.0396275369,-2009.88846729321,4.0052291578361
343.532407120952,-1425.25761148402,4.16001791187694
2052.52079829031,-1406.32978650692,3.84684932920201
2009.21833680388,-436.646158922472,4.36704263687994
973.732383490469,-361.206846447123,4.44145451830043
2272.65300528254,-1715.32007827314,4.46212370356025
3973.96100953116,-427.885262193908,4.42605545685083
1024.84348403239,-180.806891661635,4.19430577953327
2095.54916448315,-1915.43224227538,4.24290643240657
548.664070835349,-1207.70866445824,4.38273896324907
3514.96094236353,-552.040621445742,4.18810399122855
256.864490362847,-1021.54117075434,4.22519914312977
2264.7149335941,-1353.70906711447,4.26866562255647
3702.67195640943,-1187.02901442214,4.32829648312275
2235.25626860675,-534.341575010168,4.37567164253447
1866.46197618529,-908.038504412659,4.56959303844591
2601.03767619697,-1742.52822925049,4.49154292473166
1755.21644159317,-1236.21469427682,4.4624528856721
2550.90640478372,-2122.42465231002,4.64725152040453
280.532483474823,-1204.19296769634,4.52878971808018
849.736959825019,-1100.44022366151,4.65041067030103
112.139714861358,-520.706999170696,4.50926895490462
1238.50909322841,-432.096040674368,4.51037305463475
3681.88279718091,-972.048232580997,4.77245549462708
707.563849727594,-660.781916827667,4.80861720520056
953.757271939568,-1983.61217921032,4.55434747388137
1346.28211413331,-1702.33975795039,4.42087765597743
260.52235005992,-1327.14191745766,4.83886296305464
464.541529311856,-1945.98530787912,4.82489214433766
2302.22593709463,-888.11896127815,4.93380626908543
2898.08790265319,-1389.85525472299,4.93044423720075
2940.68004857716,-1609.01604493574,5.19276649772354
1172.82771281939,-1806.27712677001,4.95156830198756
1679.95022218834,-1492.64938353356,4.99371497140022
1497.88752045342,-515.096677215252,4.91525893105731
638.861019737552,-1478.05213676252,4.89738983316972
3460.32194689834,-1324.25309568653,5.04489702204412
2033.07294928632,-872.616366807167,5.12042570595408
3328.89246856729,-562.634539241316,5.68272320494817
1725.33535208916,-1096.6653744819,2.94372302654369
1112.14449403317,-981.850111238381,2.9853123065683
3431.06406162187,-819.774000445236,2.97502633816785
1915.69413218241,-1798.65503467882,3.11356203966976
2549.31743116548,-1867.09334156531,3.1309353233777
4026.10586917699,-1089.41185636662,3.28919873030464
1020.03433140984,-1552.53125696937,3.13086070850409
2269.4237391679,-496.193317330101,3.06707963718861
538.009841292399,-1319.64798730373,3.34729189821366
2714.15273017825,-1451.98984282248,2.62033624798423
1564.1404063381,-1282.11595539602,3.5047909656789
1452.03344027333,-605.713430780269,2.92121922613051
1627.54397020967,-2135.48196826629,2.88431616770942
854.807124060723,-1133.07992604554,3.11509974127005
2949.08403760069,-682.771800949144,3.20735218423378
800.279061876542,-307.128009001406,3.27113246494021
1586.64638811906,-589.343908755897,3.0968589600346
2291.38527010722,-562.454241439289,3.12223087087213
2636.09191196309,-900.819370017417,3.16803372391658
2145.75721230068,-1092.43267311597,2.98131598615596
1256.64110851975,-567.792537395168,2.63506021000449
1599.83911949227,-959.313333765037,3.11508055941701
3696.00925802147,-588.787189887704,3.26958406737873
3139.30490565605,-1548.32660375785,3.16439714640065
580.848443374786,-381.798418231549,3.46563526458908
1238.49726357624,-257.605902001224,3.06453130403405
359.021080781228,-885.278085869952,3.04171915211994
113.309525824543,-333.69448688329,3.17487249431653
1756.74055513668,-552.189463356,3.03154917325456
1489.54473644065,-168.379771968696,2.95250330546831
1683.65190766012,-216.6588722878,3.20962577683871
2631.99946841058,-295.651707854423,3.03532429963838
2359.0842203813,-1738.40693160226,3.41518868409735
3479.6281891909,-594.707417657334,3.25523833636182
1650.11219806599,-600.998270979922,3.28539337698848
109.652211035789,-54.2863981742319,2.74567955894411
649.973408032227,-396.37669753698,3.42170252091595
116.947839718021,-452.310561595084,3.33958986016209
2349.23548043218,-117.86402595828,3.23316956772607
1638.29525942415,-1019.02401981498,3.23190123628557
3546.54388431196,-1160.26201546632,3.18561839381373
194.763125118869,-552.840634236485,3.46171735582519
358.855364309417,-484.600387257005,3.33193961751806
2207.16956960371,-602.334683741353,3.01885590827663
365.470238818544,-210.717979891937,4.12207605063477
828.00407179366,-1230.04714912271,3.41295217028881
1592.83877482161,-1695.09507442231,3.7181744218192
3778.02452559349,-1514.63985966968,3.50697287871311
826.71810338896,-975.367205209966,3.46322349866813
1401.42002762007,-180.769199912661,3.68499031021812
3201.56194356045,-1890.75413066557,3.71910863507137
1769.38539206971,-344.866562590093,3.60455553365194
509.215269700937,-401.712832265699,3.54216519543222
3475.73825452225,-1478.50731445193,3.67392990379629
1033.62253577062,-68.0417727470436,3.74688347871278
2726.73172896473,-278.308122170038,3.67358776995839
2485.51586539953,-466.162911589231,3.69882943499956
3009.69076465767,-291.315048473944,3.91635667968654
933.844872440056,-823.687477223971,4.06111173574988
1093.80282539279,-235.11836968618,3.8100734252007
1401.38435980679,-355.693250947511,3.71029572247236
3771.32758232048,-903.134229483402,3.77260254927128
2281.11004445011,-2210.50573139794,4.09415940941537
1490.37206855347,-872.494170733294,3.81697093545448
2441.58395987755,-234.836889112631,3.97011010220133
3881.4533607167,-1465.13075090771,3.94842880955122
83.8987440320142,-313.761726772787,3.81041100242761
1823.23339231065,-2153.7436865665,3.94931620541138
2531.24733771718,-1923.89067243366,3.93854226200763
401.050321971846,-103.525479460722,3.99637687236873
2231.09896896539,-520.66331424393,4.2105416750406
2050.84518578647,-1387.78439301664,4.3542042151427
2138.2763461428,-495.451537946959,4.32971491680423
1556.83421926449,-680.96223466498,4.41375655725452
2210.99054599949,-406.382349911621,4.47831549905959
1258.65935602609,-441.396136963357,4.74875667199549
453.020433818895,-1301.92460543322,4.63881264154088
2660.40071167005,-2110.79235885335,4.55477547317806
1197.2262503035,-1813.7623003088,4.76879204338361
781.818649475645,-327.79568495164,5.33374031522031
1403.99304551726,-1152.46316868983,5.2664287450495
2484.41154631998,-360.578572617604,2.98190281136939
3530.10222488248,-1671.75217020287,3.02032497037405
503.330493960019,-2158.38570982729,3.07088109286028
1877.30771627493,-1704.18112597444,3.02078149180035
893.550029422035,-730.524219506388,2.80229362180886
756.981913716648,-596.408310863367,3.0717972073146
772.492108789385,-2095.46364338547,2.98040756944144
1849.33462693977,-1089.20440900948,2.92741577842916
1107.57039715791,-1596.40876865396,2.77640257539593
853.869534029713,-1877.60421604094,2.85796711601719
1214.27532104933,-624.853064550618,3.09435685285561
573.948931583146,-640.853522347526,2.88051150951412
780.208894978762,-589.691536814001,2.9433109533215
2651.29494198512,-1807.11176261836,3.54359166870113
1492.49311294473,-1184.81236973367,2.93676623055933
2103.50836490956,-2209.65365226879,3.28304720947747
3646.23043060106,-955.729264714327,2.96533093383841
2865.58017913511,-1915.65608414009,3.27634290277006
625.127304153579,-1930.94897775814,3.10075898903666
185.276332061818,-1471.02211818835,2.60022805080009
1724.98602369871,-973.081120545602,3.29779468889697
1762.24450629204,-552.760541747229,3.03033593899384
344.65161845293,-2183.94082768378,2.96158928914531
696.390102350152,-819.50286032712,2.96615888682622
560.871486614376,-1810.9398061991,3.29609902163626
3654.96098360717,-1776.2079742902,3.02635164041946
1008.48112573909,-1019.59610558573,2.99731264145682
327.179038555681,-1911.96609103975,3.03334869772514
3420.37168068634,-2174.46086503136,3.1880214384182
3684.5261523027,-1185.08397637452,3.39783187127398
2078.380720494,-768.282633186412,2.94507195989187
1219.32756244575,-361.509041036661,3.69568641714429
2982.99769227596,-475.48791294627,3.15325905509046
3151.35350711417,-824.779969670177,2.97146987802326
3649.97315422751,-1868.70952608012,3.0894866921844
2783.84441692872,-1546.16523238885,3.57587067366584
3375.06745260447,-528.468614021542,3.42628504179658
3748.74657969578,-1081.24933941262,3.1144865335175
3343.96457157017,-741.702161344778,3.30722893427164
3552.44343924078,-1343.42830541838,3.29586038661412
1589.74034358246,-1151.65316348697,3.72992939837706
79.3529221435785,-2100.52121939093,3.23680971290758
987.01409075906,-418.910733109784,3.42016726471642
3066.4121043105,-1357.10972009934,3.77722722940186
1561.6846110319,-321.040199122414,3.18380429280896
3253.60665063307,-2006.80884664427,3.29162231422162
1987.9594861761,-1508.5639128683,3.35684409771429
3913.18461384558,-1265.70654692398,3.61811966241943
3834.16906527176,-1642.07114154083,3.12898554660327
110.01643826077,-1506.94784392631,3.41362511253804
1973.36123562201,-513.981702608281,3.56220661200235
1754.63606560132,-360.988593384943,3.8941684908453
3354.14598672267,-727.480090966155,3.57169393045436
3154.38708381771,-1941.06031011192,3.6959946672046
2774.41853037575,-263.34922894209,3.29112503728723
1762.40704586919,-383.045266204768,3.49654929989189
2478.75477508617,-1721.57764454536,3.63346804776181
1280.66526276253,-151.154174647428,3.60194244837091
1044.08262063707,-1265.66447184902,3.60407088335028
72.948308248209,-486.536164677746,3.46726473028248
1949.24109686893,-1496.84651649214,3.54964894823808
2278.43320693341,-564.019506539997,3.56766045453631
1223.84851210875,-209.317293986436,3.44566577099386
2568.03331796125,-508.939538219412,3.75538203525594
640.759221832614,-170.59596453518,3.4960189003572
1368.35455942417,-210.805594278565,3.61397859344475
2711.54941608751,-280.126988685145,3.52915327509505
2096.56134726767,-1761.56717023165,3.94058618428217
1935.06173171443,-718.07874342837,3.65414877998758
2081.7501698679,-2013.65663363169,3.66985955498706
2999.68718994563,-1680.59519390044,4.00759944117176
1971.81079639717,-2068.17146097693,3.69307392967931
924.103762909091,-821.823936276178,3.7021510264196
2103.50820755507,-2107.29977742887,3.7798374653289
1377.44211041124,-345.857640221889,3.81997811023617
3255.65920016949,-78.9624308815397,4.01225858230236
3435.22629125628,-1829.64180510104,3.72457599760919
1872.50296521271,-1993.35661201703,4.10708734592216
3811.83672625517,-196.550969325208,4.01057185682202
3010.64027101568,-284.145152633621,3.80965987236282
2028.99967510911,-691.713893401735,3.77085128059748
3830.2637142737,-1083.92438665966,4.12991441226377
186.241744635933,-396.203874124781,5.05566627924498
3705.99592089567,-1184.06455380838,4.3442903117579
1561.54032911729,-2112.1327338072,4.49536704991924
1667.91157179747,-344.99231527462,4.47829143284334
2675.84078821635,-2107.10972980843,4.2548959996028
535.739254239909,-1208.43424700874,4.6240366393474
3121.15361916125,-1071.12338899619,4.6454865549917
1712.77951997629,-2162.27219576625,4.65789162012961
1520.12443341766,-505.996212579557,4.88728447043329
473.258881336433,-1958.56792241411,4.91855064909544
918.454049617514,-2007.7527005984,5.18949119232911
2305.71761758965,-873.476945251114,5.45458318436681
1402.20047207058,-1157.4772142824,5.39411703773903
2498.76559450661,-1930.12094315785,2.85802037369378
1196.79752738442,-1370.5397443042,2.95195280500566
2156.96711672867,-561.622639941581,2.8582712650695
1260.13456437703,-565.299256743397,2.90814115045972
906.78720315641,-752.877739205977,2.74434139503871
1543.54518547568,-1484.16818914329,3.09519184343115
3625.69790319531,-1873.56562367632,3.05434148435263
3333.75720144662,-1788.16904525624,3.14190285765156
852.985325615572,-1875.79833368255,2.99440959773087
490.602190533698,-1471.43472615277,3.00374445676389
508.342867984385,-1412.07979329277,3.18458994637944
491.607641394138,-1042.80768747751,2.79464635187672
787.746455011216,-185.902104812111,3.05961705544574
613.59636437007,-1147.18616281194,2.94145481993366
540.255008186219,-1352.27389922258,3.33734943895084
3240.13408455911,-1783.75968648451,3.34911105428001
3885.34580810016,-1306.2490088253,3.13195384900796
3306.41449761625,-2166.36826455644,3.12553663576455
2790.86629057449,-968.65708996875,3.32241797488775
1385.48266569619,-739.798684393957,3.33291348944798
1373.37682969716,-1234.99748098229,3.14214402136865
1560.6594220444,-1278.16820794722,3.08177707724883
3631.42772067635,-1966.06020793963,3.29915917837877
1481.40959796191,-1947.09640513563,3.33105617949399
111.027678737604,-332.492685133211,3.09857549137342
226.518307150201,-609.852018866874,3.0329619850866
4045.63030249699,-1375.39882547288,3.15862194515924
3646.97104793115,-178.700470244698,3.11745807445777
1695.33487221643,-1476.60141145747,3.16039504446638
2077.99287576979,-533.820894743877,2.85169122882821
2194.25912353217,-797.572604770202,3.13379449451443
691.648614770819,-1689.47886800976,3.39059420646464
3315.43303480281,-1610.00888531974,3.0989723090096
3639.37539322872,-979.800578670273,3.74401960365399
1699.62749292504,-1335.82145062406,3.08604222349359
1990.93185991779,-557.353253790991,3.08856763807685
3363.23994855326,-699.991572747325,3.17510050922032
455.468992756285,-275.662857906591,3.30305177885595
870.747000350495,-286.778232902604,3.33395872338006
2697.23685918536,-479.879194696599,3.52310635036871
3194.33679401854,-67.3332728524303,3.13340492616495
897.03784599659,-232.70730932504,3.45697215358012
1051.9190066264,-446.509268199236,3.11896635265327
3927.16049429499,-991.019824545138,3.23509179676699
2702.57676202082,-189.992667228203,3.27876001308397
3029.97135666442,-188.098912886236,3.36715259049301
1492.5991881441,-1524.13159341259,3.40713096725812
171.649141222188,-773.75054732027,3.56956918041533
635.942794278702,-663.80620015765,3.47380583454084
948.10063224537,-1226.0072297661,3.51800055431845
2298.03356209139,-2054.04673665817,3.17881733265208
1003.1312385549,-416.546415317184,3.27237300432667
2957.58287058709,-1469.18219470487,3.50255548920821
2040.71868129704,-2096.02126023213,3.29264459686932
73.4333607029617,-491.423160704696,3.40251234843689
1150.10022281877,-2207.05343804537,3.34961095848143
2806.376422871,-392.540514552059,3.58365171497269
2822.91882007664,-160.410841885731,3.73535863954373
411.43676240464,-575.009068323357,3.32402551582778
1559.5390857711,-317.178198783268,3.40268954555004
3571.88006490133,-543.073037928127,3.7616967411609
2983.55440229656,-24.2720927088612,3.62879840686305
277.416389043125,0.0558472455912558,3.43498737517745
813.670631855492,-780.440946875608,3.36512970168847
2868.4833249629,-2145.03259616133,3.67099922519422
1933.43489083092,-721.826012431621,3.60682207883626
1400.64553199088,-340.712790454537,3.9591639191694
4050.17129559256,-1051.76118007713,3.77231552480562
1591.98302636045,-1685.37063736697,3.76340220797096
698.274780867334,-2066.13202326275,3.8496981748104
3229.05418517573,-182.760205369071,3.78485325974882
2280.22332188342,-2193.58920972725,3.48204589886326
799.800463915894,-920.280871607414,3.63996813826012
3896.13013223729,-474.868343913797,4.03600872435506
1806.98431053343,-2161.59841052216,4.19855547960726
2053.77487888758,-1412.99476445401,3.74694824744529
2539.86869015681,-1933.02009081437,3.98526164543549
2431.21454660565,-231.613043943173,3.95623223018449
1134.68986443053,-2162.21294976681,3.98078106135605
2344.96611158453,-1804.56239273751,3.83605998629685
2591.25641549301,-580.816239471707,4.34045365528326
3896.15974243823,-1015.12095700027,4.30157361539762
845.297516105628,-1076.53511418656,4.44453893269861
1944.63449659887,-2189.75722825015,4.59836743644151
1233.2445520797,-445.72480239858,4.35179083026953
3301.46828062107,-463.153979881257,4.61369555415916
1668.37058486199,-505.168036707996,4.9289686046811
3465.59352052343,-1344.39162660856,5.13756706271054
1394.83891088992,-1147.93599814395,5.15375692825163
1138.56439823814,-528.752927701333,2.94996578350346
3658.2698492948,-1776.6055012858,2.34882206534536
3074.54436888899,-587.722110015572,2.96073846734889
3279.9183235318,-941.247505623503,2.79604065447238
805.316301751645,-1209.90222419166,2.89067677068761
77.7255797663261,-1452.43623278637,3.06143231822851
2213.25420537167,-41.2078118165248,3.1286386040365
78.3754628190646,-58.5443752212239,3.24897935833936
1495.19717174756,-1901.81216063387,2.8055790077531
222.864420489351,-399.761508510217,2.78650305637385
878.972846568314,-1862.9647503008,3.2737940531638
3575.65394739252,-1894.58142422776,3.44637246045298
3443.41481421667,-469.329741463522,3.15206025105023
3659.27759594452,-1275.45443252387,2.50814448000365
3098.87805500532,-773.091359420776,3.11669365120669
3186.27043304822,-1908.70545620808,3.19679320165206
754.591373581098,-1245.31813922569,2.86482248695039
403.024289863611,-69.3795627388562,2.98858786318622
1433.29043233679,-1001.59083092268,2.97277904365978
526.118000050404,-1397.89419492516,2.90531951047185
576.642161227074,-1317.83289035613,2.78922079142152
3355.06943642389,-1885.28815671249,3.315051950431
2346.17406843627,-1967.65113562432,2.99246478430311
1887.13793785828,-1571.39119327184,3.27582140179235
3834.20634467909,-2125.23683188412,3.01690861016394
741.258625987427,-1458.01987860401,2.72325335124487
699.512985097638,-825.13410595661,2.94783316337845
387.922688702313,-1369.808130839,3.01167625936746
2319.19786500356,-468.300359794411,3.3196332008171
4029.72463196396,-1079.12039529287,3.22713604255207
3392.55198666325,-1961.01950659661,3.14063203327522
899.64484619046,-742.141534144312,3.09675827039204
744.717880689967,-838.64534750224,2.87932828799688
1732.75087385049,-1836.35540524599,2.76532563375558
1880.0849774592,-810.302353150455,2.65101769049878
3860.05853913,-79.0369160173615,2.9191976300726
2662.9118044901,-1717.56671112185,2.90578065269512
3103.93334588593,-259.166761021245,3.11556641143801
1213.04861215621,-1057.30177590188,2.86459485238159
728.647709408121,-1953.11989260857,2.90203216859597
3702.22411257956,-757.619374861829,2.74673907560684
1743.27774786296,-190.94954814352,2.72322961020013
1127.85038445059,-1157.04109263164,2.74370268857667
4007.23512166728,-1093.36768435412,3.60260926789696
2437.06084475635,-838.658610371923,3.0791141930599
3806.78701856596,-1757.79323088728,3.04994073266359
2087.45015696889,-1960.76610560676,2.7289605559929
2274.82749857453,-186.664007640528,3.03552620752324
3396.45509821491,-1571.21385621415,2.77685477672971
177.99473819432,-1474.75888016971,3.08887703696195
1120.49516984658,-349.085218272129,3.26514697463531
1458.08670598867,-1709.91875520011,2.96585722389566
1491.65875324993,-2192.35600012478,3.00446156174362
2745.32328712589,-1838.26601603392,3.14298610152813
70.8118151218937,-346.904769382449,3.46426189196301
2982.08836274382,-1983.73581954958,3.25514946502219
521.002962565705,-1334.17948137639,3.04563101346846
1859.49834044975,-1241.03793105688,3.12682605053761
2923.66231586686,-1947.36890315069,3.06526059422697
2017.4840527686,-1700.66870126308,2.92393931193593
529.332650753982,-1315.7440440837,3.20452659968184
833.027595078397,-1759.80896334018,3.04822840806108
2339.43734501072,-1309.69822201844,2.70930437492548
3426.28883035188,-295.831289092263,2.93223405125161
1820.6267919511,-1706.35674569719,3.21903362352238
3557.89237785561,-694.547809797469,3.06636484967544
1878.82671983691,-1477.19331142315,2.92655674897547
3144.41907652168,-500.886111203749,3.08849096549568
2229.3190350383,-549.561673630086,3.28845399327332
3874.77289142215,-1113.45162676364,3.16792634870725
3695.50578346119,-2079.89556765706,3.33281441947663
3344.11133714318,-2047.71404543201,2.85789619500045
2017.90790274574,-1849.45899579203,3.18409485044621
2455.79366712292,-158.753187524619,3.09076817144678
1892.18682608899,-959.377789318262,3.11179030661147
1961.53794199697,-967.756098797881,3.00595918136931
3182.01357082626,-291.749941232597,3.0323101493079
1673.902307524,-148.144927021988,3.17519269915871
3491.89955710149,-730.385604043414,3.09902552653656
2981.83692726774,-1671.56138613688,3.1255851742757
237.979402401725,-2212.91033643346,3.02368876791322
79.5523584618992,-1030.38705435217,3.17567825263947
3474.62423451222,-1257.13537091422,3.25217389305913
1826.0397918075,-74.9180929022758,2.82373018591583
441.67535585275,-1994.6352801336,2.84418769875054
2584.01353146849,-2100.128017134,3.02447368054217
1312.11664410785,-1418.52348156167,3.06084835214432
1737.42937151553,-470.761676785573,2.874150654317
1633.62686842151,-2131.84546706105,2.96620182824511
3336.09004932236,-634.321677670777,2.93309400038466
3259.34594136402,-308.969391396742,3.0563797261738
3525.89556267947,-272.927424882342,2.79236486842194
3853.35062790452,-904.943237775407,3.21043793165129
3499.05111182823,-1795.52019885631,3.17546527640991
3637.62463963059,-1964.9039026788,2.85909315067624
2649.85318981233,-1803.6674127575,3.03498988039467
2290.89759809619,-1658.96684492479,2.93400588745208
1432.50116221698,-1930.46353074116,3.11633054713976
3046.40777499296,-1664.278136648,2.94145021848019
1144.28257933083,-1349.66379141448,3.02224647285549
267.163487470266,-1111.33741939654,3.28251644693342
73.6494265805962,-711.177720879259,3.65388510857388
3608.64581144473,-743.16639433398,3.0261212163757
3365.62082363983,-582.955130797432,2.93644138014797
1562.67884193186,-1283.970268658,2.84934235227901
3978.41992854958,-1852.90564144797,3.10787053654001
545.96932763599,-1769.19463137678,3.11605402821324
873.925667252028,-421.640642473157,3.07501614103131
1838.87731362355,-2068.04090021325,3.02762280651439
2155.05692662019,-1079.48619577763,3.44789418081793
2205.73690101188,-452.348896326178,3.3120767583426
694.820245386617,-399.773217312869,3.28810027142894
1147.06036861952,-1672.05515787895,3.09198108571116
676.571833548048,-40.1730952454809,3.43540145886183
1935.26151349725,-2162.6755605411,3.41190587227209
1310.88594624069,-1603.69540827695,3.46680269283329
3834.04435800998,-1079.3406922859,3.49132820159163
3966.43444571852,-1123.98259094307,3.46737618767547
960.142567876131,-1421.94301570212,3.13203410328793
3309.95042501295,-2167.11443624756,3.45778611776801
311.077631990471,-1943.6569509377,3.17583575412935
1836.78285167668,-2001.14306734241,3.51531213016794
3353.70855819876,-717.607695411388,3.5152392258922
3744.12965572035,-1068.60804100599,3.17541059735444
598.005359208937,-71.1699893970387,3.40106411449684
1814.0533366452,-254.283425125762,3.31661369037196
1341.55506868668,-1630.87689047936,3.86284252143638
1051.77247181413,-1909.17010963653,3.5756283808209
2033.998281468,-212.837075184275,3.65101964879161
2396.46834357875,-129.501194256108,3.67098908477292
3835.87654193558,-954.600639629666,4.0301899846227
4050.64732398335,-1056.72677798533,3.7641857405524
2468.90958186793,-1718.26388202386,3.80686051759673
1283.17800786055,-152.335337741794,3.89745538546662
3651.37554684686,-325.135877732413,3.73160178736916
3237.52713792309,-188.533645740224,3.08955745264201
522.449895977811,-2191.25149528311,3.65141691622516
2615.60596739908,-1812.15911329294,4.11371574034503
1479.99224274876,-1742.82264606232,3.45321265309396
2497.00353533679,-474.838381980667,3.89611924564743
2906.76139209902,-2123.83977697799,4.00953430928859
2599.93761187996,-436.596244811132,4.10443812814628
2321.79961490229,-512.849674961225,4.18962294786236
2392.35588034341,-1622.36738080656,4.28790122862565
1569.10828250169,-2099.39321113624,4.48361825925854
1887.29585993202,-884.645510982137,4.71325527975169
3024.74973218042,-2070.32726655567,4.75741585665169
3214.24695354139,-1254.61193006895,4.85606802574092
2052.27169637957,-904.775428075904,5.12523062120079
931.606307979776,-2000.59224476427,5.56557575175748
655.81292999924,-1451.15398390738,5.1532150608076
1460.76618150217,-2171.59227534027,5.47712244811337
772.381600533583,-290.715342067563,5.59807509530478
3976.13777143991,-1579.33969389713,3.26480505881827
4058.95767411068,-2192.46688733925,2.92696411203872
3690.18270359401,-1789.41313688472,3.09583956512719
862.691699775606,-1565.90011269279,3.33652812887755
2871.50625494793,-979.591033672137,3.00170276977052
1316.75238023235,-1585.53282058981,3.0711962161333
3982.17909165142,-1307.63154043159,3.29845881181484
3790.54949324517,-1260.68480440564,2.91103637826371
1031.93322715129,-672.602481235243,2.66497325664861
4007.13245868521,-98.2121557591596,2.65210241658664
1530.63896160799,-1038.54464017467,2.73817828486851
867.590858523501,-1657.57133538575,2.78888836086282
2049.75337847559,-1208.62935562849,2.89642271578083
494.687317072949,-1202.38379519933,3.20767679494635
2196.17652517894,-976.882006276773,2.46659428801675
4060.91725311062,-1550.19218394676,2.963164169243
1617.04791372243,-570.471721681144,3.22512933107653
329.827096812878,-1591.3657819804,3.21439181028431
948.959318536279,-348.012213844569,3.33381955141563
574.812596389016,-1319.7304738829,2.60747834210202
2278.13388220029,-706.014110505448,2.83436056315819
1308.80812225631,-1394.00617410744,2.81881376198421
1584.97828869333,-2067.67905505143,2.90422027085038
3600.49367629443,-1313.59496533403,2.96238408451854
96.5613273911476,-975.34283062466,2.88525743795693
2295.57706287389,-1414.48023824367,2.86698826136929
3987.08516508698,-25.3333412220705,3.18609953396794
2983.75651102486,-1838.34592317666,2.92762217648891
182.470163553247,-1479.63883035591,3.12799594485131
4008.22561212006,-1096.13424832706,3.24459024584497
2032.50931004344,-1282.41051263112,3.34330311960439
1007.6641918903,-898.54778797137,2.80005000524165
747.27153447667,-841.601436702471,3.043752063251
866.447799016667,-903.618788380545,3.28748085211179
909.72500793288,-1529.08719411464,3.60308073281673
3909.14470717158,-11.8207401435692,2.91474478464041
1610.36124287649,-832.331708249719,3.08187433722558
3209.33017360844,-420.452967716221,2.99002892922479
2715.36355633489,-1452.73302734503,3.26379587379726
2187.74322347549,-1586.06886992919,3.05759325762388
2643.4627569206,-360.054325213181,3.00191147900497
3280.06870474935,-946.520292109683,2.64838393335274
2081.16906823816,-2164.19146890311,3.02472003704033
2417.39407862611,-196.544474734066,3.13530037640406
1560.68143102019,-1288.71287562359,2.98565598795502
525.073564201866,-628.483609556341,2.82168559738936
577.291407318045,-635.804473932169,2.95374530547864
2990.84722948383,-1678.91707332032,2.76386829863807
904.665737652921,-93.0998428373504,3.16283894993468
3835.32616382642,-2132.45574375609,2.94672021946731
2074.26537177543,-1142.14959405559,3.0310805608662
3368.43974896757,-427.142979976264,3.15597578847351
2754.75366581621,-1811.79044105652,2.80104219042694
1423.56955648239,-81.9206839351796,2.70391162659082
2979.18426346542,-1044.24189312351,2.84795312205451
3836.74615202331,-31.0400826324931,3.14569947127415
563.254647339858,-1491.25954604667,3.4264118565342
3659.35248808672,-1274.38887764803,3.05595334366862
3893.85947912208,-364.445378021006,3.26434991618243
632.289956299559,-1933.45734699142,3.19760410508655
3447.3886490226,-1055.8211380669,3.06806083278006
2576.89062421211,-1791.3097075182,3.42480015549462
1454.24810252452,-604.492787459316,3.24298492815875
1913.95234442363,-1305.97239267698,3.19811210621552
2800.62740097522,-985.398456408406,3.41250242710688
3872.74853147153,-1609.30713939622,3.34488003838192
560.910656485807,-1660.96944789891,3.4922574195999
4020.05664277616,-875.822652807956,3.32308397575082
3103.80771538695,-1569.88967462593,3.34925759990345
3339.78817035763,-1792.20383732143,2.84324202894292
3894.33829329717,-1839.37360704326,2.89009086272988
2490.41411076457,-692.224805495429,3.12992782607661
1018.01430789493,-742.457177856947,2.98773780904771
161.763125477396,-1531.1544972303,3.10781883169045
3364.78908528344,-580.038705053664,2.99407108717809
3239.35719360509,-119.533543438339,2.95457651826042
1346.09577042197,-683.620412021651,3.07616436289148
3443.18561976842,-1682.28522471441,3.07955303850454
3001.28913895714,-1844.56863162959,3.33853258046298
557.034178845154,-1813.04839541671,3.13701673374921
625.227123214647,-1787.0839706655,3.17195833408318
3486.66740729385,-898.188760987112,3.11714961197633
3092.15240749735,-1251.85508014086,3.39436023656092
3787.98807186898,-2076.39219955038,3.01805923609337
2739.02665451806,-336.522745285316,2.7251612186195
3991.38739275283,-1138.40001377949,3.08940576326074
442.49874342249,-1109.72959257604,3.32436409412691
442.348452409213,-1578.33923920984,3.32708075871923
628.877830233329,-1399.32329911844,3.22991105026023
1151.49836420037,-1674.53646459645,3.05186262275419
1645.15896551171,-1016.8228510662,3.0930439419765
3136.21161504,-1389.98964170887,3.34565704499385
2998.88243793738,-1642.72941887527,3.66567591592778
3347.62728335157,-744.607949178543,3.22707955874701
995.510739902851,-1836.68702344645,3.45223660506676
133.37659719013,-396.565492101712,3.95637250802513
2325.03983800171,-78.980027272671,3.82470358864532
3945.23891380861,-995.554247213106,3.52180590838327
2998.6220600246,-1597.17670121474,3.53687869267167
2817.39536912451,-159.973846812099,3.8101436212276
1783.35729317524,-240.108093463081,3.75022110289324
1914.39080137296,-174.768612857187,3.85348337386199
1683.08894632211,-2021.13260185467,3.75350599988352
2164.41623032967,-1482.72504943345,4.07542163297446
2026.10925376728,-699.578367122276,3.93137689075232
3905.70969230163,-1469.44175865674,4.01884265137222
1491.95741061592,-878.695912647451,3.91860521533693
1866.0139702295,-1996.69287530282,4.25830035107521
2387.60814344949,-1611.36666041693,4.29093146056806
1501.64085590648,-1732.29573007179,4.06988370852459
3310.77910212265,-247.814560582917,3.98695427160234
186.878435053188,-390.258133662106,4.46142579926118
615.717781086051,-581.194031187745,4.32805180163954
3328.82545343098,-674.209793728687,4.44451562881255
550.495462078034,-1190.02442649207,4.70653865987984
860.271576189773,-1078.30470537514,4.98897432409212
2589.10959252106,-2108.03834008023,4.69258092243101
1219.65618564662,-1826.71923340593,5.07706415598048
2300.7262395605,-866.765741030657,4.9377106243314
674.228653027568,-1429.1987243053,5.36668459409685
2983.97903036217,-332.642848148135,2.75455610461543
3389.05482759263,-217.547549851106,3.18237854620606
3435.09491342131,-259.594989102194,2.97979472570072
637.690598563891,-794.228442767875,3.12442359560733
504.608705596994,-2157.16889945673,2.94101073482738
634.825811152216,-1351.10238926387,3.40500686983583
3904.56414494556,-13.4620921426231,3.23999586491968
3680.78496582602,-1789.01616234065,2.81085425949604
1719.78131559021,-963.480213708324,3.0384561722939
740.484499319373,-1450.26605517034,2.94141793171098
3118.95186014649,-1709.17507986601,2.9703058518971
1667.68528876044,-791.797447900783,3.20338030362433
1179.68435620042,-502.584310204224,3.06607023215048
1253.62331699769,-1074.00222818607,3.26494943008805
3654.83899266353,-1269.21189198775,3.08706371470263
2155.34599814831,-574.645807688645,3.13258319795736
3974.32324552587,-1857.53647484895,3.68505951573039
1032.75912459245,-1269.993446183,3.15057532963903
3594.51530148106,-1733.84430101128,2.87925400055835
3096.16617386642,-2107.45962951287,3.34075727151159
3713.26471724763,-1670.82782962852,3.33275148132782
3984.7699797691,-1133.77792186503,3.23661196680838
1481.97980101462,-1456.33200003761,3.1056503164946
1635.16176814968,-299.86769093103,3.59425625181969
3322.45221946468,-1833.10201879746,3.41140144957472
3151.56235755826,-560.151243892735,3.48652898467501
131.314106275298,-386.174133601409,3.58129324509155
2275.46642388312,-564.361716999441,3.72938207367433
2424.55539395086,-1004.54002230201,3.85680884329402
2454.83655841005,-312.551612332125,4.1592367376354
2039.23200848262,-1407.022814705,4.10552204814509
3424.63047024322,-1590.04722784551,4.30327203469684
3050.81975302661,-2085.33194322167,4.24492113941723
3224.26308009385,-1256.48508215599,4.91157011281094
2882.82040666435,-424.321582302495,5.10684567005664
3298.9280718742,-487.557299910656,5.19664346913934
3003.66729899887,-926.946541672315,3.02712120312963
1077.58223678785,-1132.36387797252,3.11263506808221
3613.27109230003,-38.9729562113907,2.93786472460137
1133.51556961394,-1155.98589831366,3.04811558394766
2769.69455106124,-1937.83861546797,2.53042886975698
395.322921233463,-1283.21871815827,2.98366512274969
2026.58699109244,-2204.30421000441,3.31397415020483
2796.19585658762,-971.144631625261,3.30973615937518
551.962721166939,-1664.18302641684,2.62844858106736
280.568331816285,-458.980403971497,3.15184797383134
799.942524410605,-329.331257507795,2.83148295577826
767.731801699733,-2091.86578549491,2.78948427174308
1025.66766036625,-739.882485369254,2.8153491333653
598.965955773034,-646.29598492035,3.25838555808607
3285.35764087761,-2058.96929526222,2.82835653931549
3165.50700514363,-890.760493849336,2.81749692433195
2884.6967210751,-50.8934493574938,2.81728989770302
3712.25734128961,-252.888806289694,3.14079359883262
3258.40501303078,-1295.35815712996,2.9014789402599
3018.83359673853,-487.834857703534,3.17851308033825
3872.48868044249,-293.73983787983,3.07986052226893
1146.91010633402,-1346.46259477547,3.14309622451755
2092.59123860789,-635.233668243333,3.04927370020237
1277.39430407452,-357.519029154449,3.60462345784863
2753.87058995647,-1899.6789711048,2.67822502389765
2252.66178696422,-1599.33030808471,3.09476211838262
3745.23740481507,-8.05301388107883,3.25262848820101
1730.67407649706,-1832.38646063894,3.3135989621361
584.343090087176,-1610.70138987692,3.34087904368747
539.379979223365,-420.36063292089,3.52637794307604
2188.78235433358,-799.729736562451,3.58777962052788
3782.53692343558,-1050.89790409916,3.18919024992238
3522.3221250166,-277.756579905819,3.01862501742443
1204.67747149124,-777.733638189048,3.2271304045019
2269.39975276443,-1644.05012171808,3.26538994153187
651.053153046513,-402.014087000218,3.38100466071001
2910.0403649209,-749.078564424534,3.17914545452848
313.423718970618,-1535.65100678587,3.42122762565678
2736.12683818085,-280.241137098973,3.01602340388256
406.732968270765,-1699.19786576333,2.98082946796289
2785.73955950805,-1544.4859895715,3.34138069128494
130.077746602295,-389.435697450625,3.53767414113863
1982.90174617969,-554.663084766277,3.84343510949475
833.022687996382,-967.474241085126,3.2001462871031
3130.21294534443,-1403.96896554927,3.4434882111656
169.642325880227,-1058.29298158524,3.73546034446143
1998.32048051896,-1236.51508081854,3.77745668947414
3760.04020140352,-1336.4234901858,3.87406047614346
3482.77012160381,-1455.26157523598,3.58376086100459
325.549012370809,-635.905552940604,3.50732052025327
3341.0780422336,-1786.81845588284,3.82981564205692
3335.60953167143,-1122.60137727051,3.47062949679588
1462.92269312552,-689.877690263258,3.60168006426102
1193.55468367035,-1593.65880478488,3.7729925236076
2957.54303030904,-972.869582966321,3.83734269961411
531.494616798965,-2183.41870427271,3.84976285095288
1766.05209220466,-356.977276450539,3.6868038333996
1003.63821117579,-428.523418764765,3.51995151222373
1809.46329003258,-1655.87777545006,4.00775392586038
1329.47974881882,-182.533021033462,4.0568798166981
3208.50518650092,-847.994573141537,3.918318446108
1946.97427424151,-219.279533784419,4.1031543709563
1657.1295559674,-1658.0296026701,3.75498501737793
217.585548601152,-136.79058839615,4.22238621016856
2398.69323536428,-368.418084075167,3.78858560163558
391.723288837276,-383.416274336239,4.03218050338895
1089.86002260381,-1620.90913787094,4.08554899496687
360.318663932653,-199.622710588531,4.03369917813322
1204.43858521554,-1700.79700725488,3.85274720239379
3006.04296502936,-293.978069361035,3.95846448390504
1695.3136992482,-1186.54711685247,4.21045564018167
983.565107294007,-46.3505474472731,3.93487242908832
2158.42414993971,-917.196963245885,4.19046999092407
935.820901284181,-822.898370303841,4.17511571528771
1109.91970927661,-1139.15252078742,4.40931060076032
1864.47759560083,-1476.49725927394,4.23826524196998
251.309390445402,-1011.10369848019,4.24935146049118
3838.5014574196,-200.018141028071,3.95133459284711
3341.69677646219,-675.30223439956,4.19231087491039
3646.53065539296,-1052.92720725808,4.32332393541037
3894.71658919323,-1007.02930438121,4.45419574032112
1353.66763705935,-1691.58218598851,4.44893596418105
1428.19449176702,-1459.12499774271,4.44560471569048
1788.56029112953,-1596.7658146161,4.52206525632518
2232.44878279606,-532.58385678115,4.42341361651361
2304.08743363559,-1174.33665706127,3.87590911037499
1303.06958520066,-958.60289375751,4.74126573686026
1387.22160320195,-907.496269027028,4.45703537263561
3694.94803017757,-952.611213432984,4.78406661042989
2116.62041024556,-517.765005165522,4.73326707204222
849.674728631508,-1129.54893547862,4.71475421451351
2666.75469875675,-2094.37092423117,4.70262434543463
480.859068834107,-1944.45364909394,4.92322943442187
3184.79460387027,-1251.24563436423,5.07713328973479
2087.138114025,-1028.99102075606,5.10286594337662
4005.19659526121,-1242.73807256248,4.92379802807682
1554.75053803113,-979.898658366702,5.02494756654316
1430.24724524343,-2169.25050271153,5.07565274944021
3183.17502115132,-262.310371967052,5.43816321375302
3297.56418141141,-549.985662667569,5.70571025339174
3616.32472449875,-2109.24733179598,5.86892347826489
NA,NA,NA
3719.3148148653,-435.561946328361,3.02398921426266
658.157358892805,-1364.13215845129,3.06523082705751
3723.25104664903,-1156.51745614039,3.05104440152858
813.501991070986,-1224.91548788049,2.99575197782219
975.218922029823,-674.495873901596,3.10632811772558
2470.86207102377,-2064.82043190981,2.98344196118896
1159.3842902372,-1719.75597161002,2.92321659390872
1977.20063970194,-797.721083631104,2.95217373268542
4027.88130937327,-1084.27732755244,2.83062269765454
1195.09075338695,-497.423647629711,2.97457822054791
2595.44912375212,-1858.96429834166,3.085654595984
762.350526002078,-595.727135575251,3.26540598837711
1609.36788788583,-1400.79444371992,2.99436603087736
4001.53498267189,-1041.07605213036,2.90740509960396
2420.56575964566,-2014.22882630001,2.7936302221509
3493.09566583245,-730.324737377773,2.94749319599874
3985.45995240113,-867.330570981761,2.99658031169812
221.286147123451,-1372.58376218359,3.03330970786973
1080.24667700046,-16.3292639219094,2.96529771823118
1249.88342019654,-1074.3781452334,2.8409701676171
2570.61948370647,-20.3419317017279,3.07424511662146
1979.67315452898,-876.21554952034,2.78561334083606
2574.61906810179,-818.731065113871,2.90333079163667
282.617157797576,-1895.0031651712,2.89948727787097
1572.52026643722,-793.326093842035,2.93672276209198
1277.62101610448,-396.022072584913,2.94506607621562
1201.12299716452,-1376.00940237538,2.88820314232548
2811.2612085708,-62.5576081686034,3.09929269680096
1793.85571597948,-323.92545193401,2.81227042826034
3488.91094250815,-1728.75420159806,3.05450680295978
1310.16078532018,-1635.83212035276,2.90130930976835
3426.82730461631,-2117.04038662388,2.93745148982328
2833.54015194184,-960.541735460928,2.89296202864043
3395.22073238773,-1573.02080353228,2.85647938392278
3811.26078783815,-1754.67113246633,2.86460257872188
3478.37361000702,-1449.35790111177,2.87554071328686
3505.86502985707,-1919.29822731509,2.92903416948614
2837.1901331075,-1009.59260742435,2.9208776882283
3119.4200846202,-1685.82019673403,3.08404215002045
2039.74435224873,-1470.38021129933,3.02357845414072
2552.33403043995,-53.415255313052,3.02367665697707
3128.10998236698,-163.745253920899,2.90292566336562
1766.15269595431,-1951.14035795863,2.87906469619742
3186.3633072318,-1911.88620920547,3.53902862031221
1363.73774048826,-1619.02916192669,2.8868812803038
1081.25637547299,-549.526703011586,3.10208097322992
3271.88847553526,-18.6161032571985,3.04194009170196
3368.42128111948,-1217.16605476144,3.02335125103264
1847.18039228623,-340.721389108516,2.8728920290869
1048.88124945253,-2165.03821752691,2.96082204042713
1044.9685912328,-482.097140131467,3.05629593929819
1214.45077534677,-1893.18192507,2.88759635141635
3439.9093829396,-1256.34834108096,3.06517446000658
323.596927247736,-1909.07644996341,3.00190858316995
2995.65827482976,-1629.5996533743,3.03218868258074
4028.13701026349,-1793.42641362838,2.96968850281064
2493.08245947432,-696.614532393226,2.93877826050318
2629.24870416991,-1575.18345616073,3.03273259134645
2054.14406294554,-163.412555581266,2.95154920011334
1234.29244364819,-1694.22666147693,2.99114243891303
2760.49266525872,-134.659737716062,3.10813079789029
1720.50724472537,-1964.38563640859,2.93411501491086
2550.39451506572,-1414.38717560607,2.91391912057077
2213.31801398281,-397.524263619007,3.07685993715394
1036.37599932738,-1269.25435673565,3.08660318190958
3488.33747442031,-1313.8628173984,2.82293070661104
3223.23039245343,-1405.66234268549,3.09029522364414
2714.62340148858,-1452.90712047465,3.30811320974151
1671.11893975699,-1367.45653447724,2.95117231109893
3887.34705997697,-1842.2666056688,3.09506562598768
2617.62966313909,-157.177817242674,2.96432811025395
308.324618317699,-2042.39520108916,3.01970468656027
3792.73497552538,-909.653514094748,2.89610477909528
1355.87270704103,-1464.64506005868,3.04482218902986
1267.17440935661,-1628.99883774895,2.98894854098783
579.869463757578,-441.588252391024,3.0040117486991
3394.99444495674,-1698.16814724378,2.94155654112846
1743.97580567992,-1805.84781772669,2.95786119728992
2866.71295068003,-1593.71949705591,2.96438717729478
340.583939965686,-977.511126448899,3.0488367405417
3349.510615935,-905.701781676265,2.95137559989355
3256.30222026015,-311.333017678521,2.97254393102702
2263.88027481524,-477.741554306869,3.2149524712208
2466.81122344076,-782.216240836256,2.9575651088106
804.148473773055,-309.333231873965,2.90634077125918
1211.39395377907,-630.135615601096,2.95614922554012
1887.77963505831,-2109.83333794553,2.98648518623856
100.853359498283,-809.016512908338,3.1309628648987
1935.06075351717,-89.9353339621089,3.103114657741
1610.58999670355,-180.717530234365,2.85229471565766
3370.10727841458,-583.307317099024,3.04408461643462
1156.0792440128,-616.36143105563,3.12053350740274
3286.17885213114,-1507.39383247022,3.08955408489952
281.08540275434,-752.205539495652,3.02858733788015
797.707376907791,-410.596492446501,3.00145235330469
1489.02410680639,-1955.37599836294,2.82863959564407
819.547064853903,-2204.88130176223,3.02876747389132
1760.61439417946,-727.684165191377,3.04719862633442
3599.36000346995,-1734.0942162166,3.01753444133324
625.879734059183,-59.1781474944109,3.05000753867214
842.626278477602,-1968.33574258082,2.94801173750214
1902.27488296628,-108.223993034606,2.69481846619979
2329.88514281199,-297.941613607842,3.07897980965994
808.351050751613,-1445.38526478434,2.75649313598326
3216.16136231406,-2125.8922909706,3.0855704604691
394.839914970217,-2098.95578052602,3.16073926853141
2566.01496659392,-2206.73227432516,2.90918720708268
4008.59482373424,-525.594707862454,2.99756919889656
331.324510268033,-139.479518867141,3.00107651400459
1735.14490813959,-1543.78476408315,3.05167635537659
1486.59785380391,-430.363878418667,3.16259293067473
2166.28310059569,-449.590610183917,2.97139129691712
2389.0201940459,-1036.30595341028,2.97713496878539
193.422549646727,-959.112894225026,2.95872111911319
3640.99667521975,-362.024294750572,2.8038144173658
3978.02130658611,-1856.42261143133,2.78496907394413
2156.63100709954,-2086.77516109772,2.95804512955913
1529.84864078593,-1136.87629515283,3.0930591428653
414.188679140411,-1515.2822564503,3.0347215324452
4011.3510909596,-1697.70042520034,3.08763906764379
1859.97308027571,-1428.14636003341,2.96822824016751
1664.28266557936,-577.999546725083,3.10127700558287
430.793204886198,-1479.62829486934,2.98363617688449
2063.58893432925,-125.00868788892,3.14062367733349
2888.61451338195,-1307.03333917752,2.96184778475121
804.901775138498,-149.945458876129,2.96965104607408
2161.10529917222,-539.01596545006,3.00508958900343
2675.99235893664,-495.660653426257,2.98155792834406
1457.74461228512,-1321.52981798895,3.04028812315087
3054.22191260863,-933.114691538462,2.96367537555901
3840.25471242954,-1313.89528289372,3.01579179012219
3388.57826702416,-70.3134955282639,3.09509854898307
2568.67763213419,-607.708199564396,3.25440995904409
2404.67430165383,-412.829582967229,2.98539706212102
2215.55954466324,-1340.09461258361,2.99887579275903
2638.33476302083,-40.0101263598421,3.13035378762113
960.870461001002,-1060.63996815199,3.03373726877796
3662.82772349476,-2194.18775580285,3.20675992718879
79.6500069739508,-345.408178601659,2.87319717709493
2905.22266126545,-491.677425112127,3.01888971791939
3419.72935582985,-241.685003685934,3.07025269475287
3230.54039637643,-1094.61903560883,3.0353733023083
1508.87244779607,-1413.01664660193,2.87823049527697
3196.13649040761,-1591.44557245783,3.0677441483461
743.515032736966,-1968.2758956587,3.02964463594524
1710.79053071964,-1623.00380589014,3.0041654727046
1289.05326385599,-991.874800940404,3.11004080851183
1914.45596900516,-649.022556481592,2.986328576407
1273.6225136263,-1799.72259420408,2.97391761568539
3063.23385835505,-701.340559942511,2.98066228053361
2493.5031107446,-449.041580554651,3.05099899280946
1391.6266215244,-679.857977192196,3.02314230683094
1279.98318375506,-359.798539314591,3.10666574365905
1723.54639970794,-1805.44528972803,2.9704909575352
984.864607836125,-1750.16757434116,3.03689700182445
263.033121510042,-761.555643400717,3.10598427768768
1016.47293432614,-456.780767637826,3.02586111290602
3478.08935496188,-594.034345143388,3.04729844072281
3884.91738061995,-1489.45657038519,3.00930938061345
3916.27967841757,-257.717276275083,3.0418252012952
1055.81875504613,-31.4647035950372,2.99745702648705
1434.48950804798,-1928.47928661979,2.98841496654688
1840.28292463153,-2067.52350231654,2.9560578495553
3393.58479748395,-2205.95596596611,2.94206679535988
2869.81356226611,-1639.67388621852,3.16419777542067
1809.95632128935,-86.0748083698188,3.06408039544332
600.298827175811,-266.160707271749,3.1196777727378
3197.49491857491,-1545.7443398334,3.05791816346779
478.640351847115,-354.365329269548,3.01784213250771
2987.30659543173,-1296.01539843521,3.12895390963287
2289.66520365103,-165.593420142996,3.11040847746226
3597.37824367078,-338.153734919569,3.15358739475345
1365.56052078427,-1699.74000058708,3.02274506299737
2187.99591889431,-1571.50418611674,3.06984433579178
683.838947899922,-941.302883250384,3.18128320088084
1726.22611715371,-1727.1693559434,2.94813091543194
677.255375217522,-1552.36083801947,3.10385481357237
3900.47154354056,-875.548792905314,3.20948533795883
1974.57699584159,-1488.08058162876,3.05628787147277
2652.52709886492,-2147.41977824127,3.13060352628119
1569.2398607996,-1718.20933198615,3.06447629857431
3250.67189324517,-180.713117060979,3.22316179668522
3876.119944424,-1069.53450870586,2.99118110902371
1430.58804309802,-2180.07352525603,3.06262030946936
2886.28586294293,-169.126164713162,3.0895094063142
2461.95722449853,-881.842771890944,3.03433145143325
718.239557644162,-1824.3947661941,3.05411700368339
3333.75008409824,-614.141917037444,2.79393090428872
3049.48542194072,-1324.93967220517,3.17112535859046
774.918562326082,-2035.9353148798,3.19035451790818
3303.00685284319,-1089.82531148116,3.08603065161848
762.490642542885,-487.650634947332,3.10861744556461
3557.49378250389,-1872.73048511306,3.03639530388184
3544.87516516093,-451.78312564244,3.17772962787071
3289.75200254059,-1032.80747660715,3.16642210228929
575.775213615099,-1932.79670934552,3.1172554038405
2572.26797608058,-245.045004984146,3.12619476903403
1770.85837530067,-1888.26197327271,3.06368815074317
1650.25463109912,-963.692454770042,3.25240097228431
2432.2655961041,-1953.37449313354,2.94175536437921
3253.75949589433,-1293.96472154135,3.18006693673866
82.5754804507562,-403.814583814131,2.97178935447918
1765.54569884251,-1494.72785669675,2.91945679238468
1827.72080272678,-192.925201724416,3.01449895562855
1834.74551142772,-1846.32714341243,3.19961070186795
3599.05855131221,-899.515850091019,3.09501317515912
4015.96140455014,-639.876594777192,2.90132328541529
1025.12972588354,-516.856175906196,3.16583515919371
2623.02058292454,-2210.28041314201,3.12516777963592
2603.46806776916,-222.085225513754,3.08261225645148
1509.63331449406,-1772.1285537318,3.17884080757535
3043.33468507051,-1858.30896628578,3.02116635045708
1996.68686021874,-523.933750553874,3.00842050430847
2498.55502718121,-875.371658092029,3.15852881830691
3122.0804326509,-742.262854227385,3.08374338563508
1466.38774498404,-842.020194988602,3.11867427603628
1173.67991825077,-1378.32614446575,3.05857739443513
1485.99760451208,-1461.86315696053,2.96210275477426
263.037600789145,-408.034998402025,3.05474759839143
1707.01479437,-669.073752113891,3.20193214239801
567.923455317492,-1475.67621726823,3.19389371886487
771.406904064569,-900.82665979401,3.10174077485545
108.605538857561,-1437.37240028909,2.97779158846563
2952.81351864061,-152.765380327887,3.10697800677277
1993.8682629105,-1868.55008142811,3.16199295329786
1901.88951651488,-237.495162350253,3.07139672953577
700.954718326508,-744.27986926479,3.11288635677354
2662.63113126755,-938.46654145264,3.03823814791377
3319.67362329321,-531.045626979058,3.16315745618751
1346.49348855369,-900.224872353509,3.16871071968688
2478.06125643887,-639.969795826761,3.17781827878877
2569.0916027167,-1625.07939119849,3.11468394370071
2365.26735525763,-1732.78505651767,3.21381428183599
1394.53855923602,-1605.61939016673,3.14874839118407
1273.39156485939,-328.880381669752,3.09351148547205
440.835748309889,-1575.73951543419,3.08021787691297
2269.22047163192,-1645.53871908354,3.13290734507245
2394.51051812879,-874.16204553284,3.15002799477363
3690.86568537634,-1731.19666503554,3.11422912359619
1425.38982084793,-2047.69910275847,3.06325243475813
3237.46217313303,-2017.59134261805,3.26931473025489
1223.75513765297,-1030.23996321299,3.19254961440924
2171.61679440878,-924.844072762842,3.27505408022064
651.106155853718,-1218.73737323467,3.0918743705825
2466.62064400096,-370.264609645538,3.16268686815846
1927.67863134742,-1559.68263015037,2.973793267728
821.185266713949,-2004.65873793676,3.33852927636288
2675.16671562717,-1665.70421874428,3.06315439478977
2942.42167274148,-910.806475404487,3.10784240993863
2736.06126821964,-1709.28395319726,3.22272664120311
1924.84054615179,-1333.41761681708,3.16651217311309
2461.9028684602,-179.802629075793,2.99701593171254
2204.71181413345,-451.273961498744,3.0583996118482
4035.55979644974,-1761.49923191342,3.11353767012935
2496.72310815838,-853.116009663265,3.26890593085466
263.763865768715,-807.762904321292,3.17650590158898
2568.02970634958,-917.215766983922,3.12423997496275
2676.45489983998,-673.453096045143,3.16645215311872
254.483928406686,-1469.94224332744,3.25569649678906
3776.07052288437,-652.442298665442,3.12301764521729
1606.47020673566,-301.21200557152,3.20119118285377
1618.2624384393,-2140.46377659551,3.11754953780583
1606.20089514831,-2216.82337926791,3.17076193778327
1488.00391624843,-379.471156563743,3.20667820117564
1759.47572610482,-281.811722679143,3.11540564960897
867.568367481862,-1326.4015239785,3.2292228085608
1825.78147160408,-41.8434286760411,3.22270119045633
1453.19501978503,-1238.0765342449,3.31971666386242
478.848844074818,-1838.75754501205,3.32684939386812
3664.75212504135,-2020.0291067164,3.1002851550142
400.360417023296,-1194.56758037061,3.23550741450117
3489.43467209219,-1344.10449409423,3.06789781552219
3792.71188508077,-490.017069610117,3.11849508170596
968.096304077178,-1431.9081262443,3.15989234154479
3369.16386503947,-296.343903270255,3.28062160029913
3755.03400653065,-1692.44377655734,3.22490341701895
3189.80966920279,-67.6609442373616,3.19957970711586
2254.11756435536,-788.025659368994,3.02950774678871
1399.38928509882,-711.358861716674,3.18724000455896
3655.72987883635,-178.315057160287,3.16053637920488
3572.07704328899,-1363.65463128472,3.17365686922202
1974.52383400316,-947.378295760434,3.31037089386214
3987.04854543016,-1137.87313133412,3.0728661071049
3101.13017972186,-921.813363083631,3.12414347424208
984.30931562099,-994.942004048458,3.3541746172262
774.013524441023,-1338.44830842687,3.09706882101834
1278.3353319905,-1103.7330171671,3.1973095052569
3029.5472413591,-1545.41242088617,3.17308546286662
2566.09212045187,-505.029950143146,3.10727912769162
1856.26931628869,-1957.32966913449,3.17970604082214
2193.24153453594,-797.319063638517,2.99406258574961
674.968611150349,-41.9695908446332,3.12946176275093
3954.20610354297,-917.533631320185,3.19379068141561
3832.4299940476,-464.24738196942,3.18828749459339
2999.7476076781,-661.262973306199,3.11935966604626
4061.31263331166,-624.834365586195,3.16316005535124
1978.04987132098,-15.4915330582169,3.18939999173289
3664.13614535667,-310.286193090183,3.13361691004959
2787.00506527844,-208.115961995778,3.20717858330919
2770.64642714464,-1872.64010745715,3.13330171806801
3933.70965667189,-1998.95592937704,3.21005275006945
1343.38645286637,-2014.06948804355,3.23517194635294
1089.00028146229,-367.500897991776,3.26523831576114
345.748338356973,-596.161145305795,3.23208686813676
1914.35240259953,-1794.70541819839,3.29622411631335
933.276202551085,-770.760377062583,3.20570617026926
2745.78161260035,-1452.41638382341,3.25944438015032
2736.66553208383,-336.279470433167,3.15556423840835
2087.08468308222,-1576.33459424696,3.24690691951266
4042.38638507763,-640.922097339851,3.19874101618511
3717.26645697741,-1739.08771564385,3.24149511254967
2185.60177259796,-1670.50129334885,3.15500724071825
470.90185349108,-1399.71344198422,3.28020413424729
1088.92085002381,-2054.25015423562,3.18028391955644
3375.04471155003,-94.2894167699007,3.27736554191029
3467.90533926112,-1347.70758995327,3.01295596367639
3428.21528568811,-2175.18070029865,3.20612641524035
2743.44511412187,-597.164687969886,3.17679880041316
1699.99472316211,-1326.8105627934,3.17901820434221
3161.40609305348,-1933.87534360366,3.27103068253192
3384.20086103406,-469.032320020356,3.27028185873783
154.006786626225,-106.955311144239,3.4292605903678
2614.18191182494,-1979.63442769161,3.28753456023083
878.931887099143,-2087.32908382961,3.2858074751748
1165.04845727369,-897.144561273738,3.27153939643524
3482.57731574057,-894.540544680413,3.22364448341128
3195.62909800916,-827.419025543292,3.26900767340729
1100.2876793704,-1326.12162815575,3.2072590359433
3328.72265088505,-1838.77605409057,3.18413765341676
1963.62314772299,-51.1681832480961,3.16604308188204
2903.97686339565,-745.602675970117,3.15638510134456
312.144033829412,-1534.81878679903,3.32892934303436
1782.51558139989,-486.990817030866,3.24220663180339
1491.23442159795,-1787.45434671271,3.2097794472243
3946.03719318607,-849.269175769081,3.09504168163231
3808.6083402858,-10.3425324178067,3.19260350406841
3622.39298089572,-1564.55185934233,3.14425168384496
2441.61143313248,-2140.60487692234,3.34864644401979
2030.11892972608,-349.919806005523,3.26693221465254
3010.1904257431,-172.553995915409,3.34633642814092
319.284926161746,-100.995051900638,3.34835039145346
544.11494358974,-1280.198740079,3.30191096777929
1001.08332144832,-1699.32697979702,3.1701658156724
2806.57120528168,-810.783850329814,3.12152854673693
2698.17792636073,-188.496171051978,3.30574403468088
866.983566477692,-290.441915501571,3.34371146387449
1458.02523348603,-1747.24043810852,3.31005094319834
3084.34086881064,-1859.77752361007,3.23444877139322
3550.11444745561,-1160.52235058194,3.38091009049946
2532.28391465879,-182.755202264171,3.19488515275796
4051.88086430084,-1620.57425436158,3.18653038841123
828.168847504418,-1917.50596512083,3.28689796566982
2639.27621431664,-897.890483963829,3.12226884818362
1040.60827724531,-1497.86174125872,3.24141213286188
865.35015874628,-259.334123426611,3.19337487781394
3686.22857390618,-2009.70770940405,3.32365387193143
3971.35478895929,-625.184520593647,3.19125841128814
3024.2172319716,-1843.65507436973,3.21402252367769
2795.59499465144,-2116.9525228785,3.28206037942647
3221.15383188764,-1829.00944576907,3.30863768757771
1078.41519428191,-1290.20416746203,3.35740596796733
1878.33635230524,-36.5349819576091,3.32875583488051
2513.39660631499,-6.7539366667454,3.31789835378023
1509.89988701754,-901.669934183709,3.37950602175668
302.538211632339,-1945.83218388823,3.51310835921478
2336.59371473793,-67.8022289866137,3.25531018899874
894.556805970771,-1981.87127849815,3.26887107644398
3430.56560589727,-985.641736808124,3.21194399995467
2187.06665302188,-2047.92851752719,3.34804711891714
3697.91685074785,-1882.43743911987,3.33371697271428
1478.75808119116,-1971.51494116711,3.28867248791991
2497.95466710623,-1487.83605036629,3.47087823233572
1988.03260848723,-1511.40379083771,3.32904376085566
875.312911821796,-1147.62141374428,3.35487721226881
3556.16493317356,-1344.61014771902,3.46598951550832
1093.32017534078,-1514.73767853936,3.37471228035501
2923.32065200699,-302.864513709722,3.34497729738569
132.103695543957,-390.38912344484,3.35559200309159
2395.00002908108,-282.078056444777,3.35104358470617
2180.68486930724,-1422.22739957307,3.32721055650254
107.911935615841,-1503.00388776335,3.28810763204522
3791.08243523543,-1028.76980403,3.21768185277487
3953.43388929446,-880.096332519806,3.28781903722761
3301.01833217221,-911.344620545867,3.15564032135941
2348.63788764237,-713.101058530471,3.28170550931234
2358.67619773104,-1861.82893457925,3.24116606610372
2144.16404765926,-629.831609960896,3.23196208439075
78.3277349404182,-488.581605056646,3.44966786375918
3573.85096118461,-1191.99172754065,3.31533350200483
1901.17675975581,-67.5553711241009,3.18662218457194
3618.23267113354,-1510.90215829288,3.22539361641851
2051.51208616622,-352.83203655844,3.19196197341618
1354.05856954646,-1320.19055971716,3.58397367084481
2326.41727999225,-1808.29124066417,3.45198748613308
432.149910531479,-1365.41133874495,3.31414992803581
1473.89465515654,-901.000733291658,3.3237817848378
1133.52724593375,-1226.78893057859,3.33716394364509
3161.97255528648,-1765.18065908937,3.4267786818811
3183.24546358382,-1872.62780961113,3.22556065260588
1044.01540669689,-710.133632622017,3.2807861251884
3191.12805557282,-1435.04075393287,3.35900567170651
2216.86942756288,-1684.79758168524,3.20330433609813
170.88729170003,-772.576149163144,3.26677827118002
2742.84233200079,-1642.53609496412,3.39285661299902
3260.66167127146,-67.5394995972369,3.31870091592637
1164.17114279835,-1145.83101606912,3.37696441920867
2927.41353396336,-744.874555568062,3.23664372677067
3241.14878783177,-797.746926906459,3.34149648911235
262.616626655228,-1353.98774794083,3.42502608604971
1777.27162188056,-2096.73731999519,3.14700612036272
2114.62786301293,-1138.9450006451,3.41069632852255
1986.70675006126,-1652.58592550984,3.37469038929331
3931.48230015947,-1450.45891080708,3.283087451519
3907.4915384872,-1266.09021147902,3.40556549492409
1689.60661660963,-774.615102634025,3.41830228303264
3031.84150329401,-190.552220726128,3.39477224821976
2168.10762998691,-1107.24851202286,3.29364200381553
2625.80747281042,-1618.95077552058,3.43729164363676
1987.87532419332,-2179.86241697797,3.36781870576463
433.530859152362,-1738.7544718174,3.43157871287036
747.374582938047,-1883.71675714097,3.38163992770162
1702.61341778604,-1480.18627129053,3.3330677314197
1152.15257329997,-1000.02536873981,3.43329587752413
1301.05528577723,-1046.86906821297,3.36930010884881
2426.519048777,-651.431812086714,3.15334982920806
3413.03854684671,-1784.90318485322,3.43995532435463
2314.85469175976,-85.8423540183878,3.49469101923669
2088.77313897855,-251.625372873753,3.39688742749346
2641.571139106,-680.423643609287,3.39828117702732
3381.57570973287,-1530.10725189516,3.36975281836935
2361.77158415777,-1680.17438130832,3.62876778762133
2785.98257108177,-886.11527049166,3.41769309169887
2923.2576108941,-2212.3748505009,3.31026349655113
1831.24579604908,-2001.32641903467,3.30013900066784
1468.55915520733,-871.532268098146,3.32624984209675
1792.35227504449,-686.484692291679,3.48413905104002
485.022911112584,-613.030561819913,3.37423348903593
3489.17263024339,-1209.08875606539,3.44638120147978
1953.79588623549,-1441.48178504044,3.53271934993127
523.725276954461,-195.838433413349,3.31386020044859
3662.25577560861,-2126.12745808111,3.46511821991885
293.183001774699,-343.3652592059,3.47935048993127
3690.71161254155,-616.140067886423,3.44273055240663
3167.79934720023,-680.206208121094,3.55484980907081
3428.73325581947,-1200.69726399662,3.48814056480714
2216.21100365233,-598.033363059911,3.44654822229732
2128.31623015235,-233.816409643584,3.48731676667298
2678.01860588261,-103.384386698532,3.45772602582352
2179.89174352077,-3.60111759584369,3.49348632802747
3158.33097421286,-561.91749028153,3.42123419440018
176.210702798698,-45.5594701077149,3.43568972163474
3276.83230409685,-1548.93358440544,3.45644083156025
995.006133165204,-533.816832569596,3.43505550897042
3202.5276375638,-281.474287567225,3.48530846037936
938.017959161191,-2144.93987081304,3.53934497692615
2956.57915840806,-569.263204414894,3.53013873823891
1881.15291875552,-1340.14516956691,3.47591926873491
3575.77250474441,-540.781755537751,3.32175573453601
3635.25373227976,-1083.67722331726,3.63967995423036
3034.3738678453,-852.132821704784,3.45833390998413
1684.95844696405,-873.863884108202,3.56750088063774
327.005001033384,-678.388587006935,3.47379878510485
2822.98799942287,-2092.65471668353,3.66302650274892
3806.16650317677,-738.319134641949,3.46737401639732
2471.03130583266,-2013.97654976223,3.55349353312888
3724.57060402579,-611.708070749298,3.46696456732651
1810.82685671246,-517.144804505487,3.4235070740664
3096.11588245575,-1455.58836272016,3.38761032440094
153.719640076491,-166.284255170758,3.5729717624285
2790.36506901997,-829.50329274859,3.41584483739241
3086.82913899476,-34.7651512210185,3.5875797314253
2065.06187860898,-680.23396256,3.47884697334256
666.633106773104,-1452.93946644187,3.49854660531743
2825.08739409171,-1098.15727696653,3.53016777212755
2350.8350280684,-119.232499105191,3.35019241490619
3635.10354329968,-2191.82461255807,3.5683740577812
3294.88346921939,-2134.74986674498,3.52306147936301
3181.99124700211,-98.6478068207744,3.51180232325923
2385.18784735567,-161.758407384806,3.61282053933248
2282.32609185301,-567.333838647773,3.52427163292208
271.156884182887,-9.23675565087228,3.56263631059035
2346.87413182777,-1410.47674273441,3.58230858525643
3281.70080964261,-1758.82436891478,3.57500875314488
2564.74982307613,-2026.52726520875,3.4623828247182
2311.70279269827,-1966.42612451511,3.19771485354245
1251.57692804887,-1724.51494694304,3.55264696871091
1838.21360096054,-1362.4598568335,3.64324489460979
3842.66944829759,-1669.86382624717,3.59800523975606
3474.74967002104,-1028.43648087656,3.50918727590833
1876.90559803532,-1379.76052663534,3.65796430512227
3351.62943566033,-2201.08015695152,3.59970703553061
315.93453278566,-1333.46067334015,3.70317048080489
1947.21147390436,-609.382399575794,3.41517213850887
1487.56149971935,-172.728742829707,3.51814335091599
2992.64505618112,-1445.02001419315,3.66759290037365
4042.54695058072,-2058.82179325731,3.5965143290512
1309.7632568224,-451.20861118268,3.58446031671854
1680.56399738278,-2160.64653706621,3.58217263601287
1536.30011053198,-2126.74094203996,3.71334657733336
191.887893287505,-887.322042691298,3.54793982006299
2470.39634135748,-2114.92255281333,3.80294196789042
1782.14230195448,-787.22803049248,3.52858562662087
1836.18422434907,-603.959229034179,3.54773814970897
518.067112070933,-1551.88414525774,3.7313384328673
2726.23993161713,-275.110399570595,3.65599158870946
2354.41184039583,-393.138532731026,3.64775064808861
1280.68155785471,-158.082999141808,3.74886293095681
2827.81076537164,-1199.68284729976,3.52731464605706
2138.39510945229,-1293.86457817608,3.66216243257577
564.331212683533,-1910.6420349709,3.75307305821304
2053.47049234656,-1823.80293236261,3.82184507974613
2837.6843014872,-1586.21694017345,3.55383957838508
2967.67227694474,-2084.56994287746,3.71488745608893
1184.66324354712,-8.23464627964815,3.53617176053653
2292.48555613087,-1087.68640288125,3.70049848668994
822.779762416534,-824.818234997174,3.68066492928102
2547.46059185379,-2154.01293256236,3.7337649975347
62.9959415550435,-1512.51098964229,3.62472619594109
3895.61841432452,-466.468548279588,3.79378158544638
2838.49605108143,-710.310943522832,3.76457879722294
3722.91448428506,-686.40315722778,3.71363622686444
1217.77708451299,-197.249760320628,3.59039143219268
98.2160648426291,-1326.08717398133,3.75840673948666
998.283088901018,-1162.89408809326,3.71455091514206
2378.39250916811,-1357.90024536339,3.82237264534919
3254.36688767737,-1134.91547519991,3.77777811869732
2998.76691282869,-1672.43002752991,3.8810353007562
2280.50551674512,-293.530418908338,3.84819885882686
1002.91005498383,-902.881106381195,3.84323946420463
1513.79987857936,-1732.42076166228,3.82497030824229
3130.93508931175,-1993.27088027313,3.82313747452356
3733.82718565165,-299.181863016399,3.90300671354643
323.473292819647,-1727.8629962249,3.92365720641738
1867.72011429109,-1998.29270060292,3.87752835967927
552.682812740895,-849.334194173118,3.88563204406484
371.66001032331,-1.4990964700072,3.8926440163885
569.018545088392,-161.544918442262,3.7829769117415
3064.32026333441,-761.777953147019,3.82054873514447
2704.99858434105,-2036.71280646545,3.85242976909991
169.68011550191,-307.358289558662,3.8573091717905
1364.65963292823,-1042.77555576529,3.78806081263376
1597.16897276378,-1330.49698078802,3.92326664727071
353.581626362216,-762.125055078479,3.6826583046205
3752.89528658529,-1028.44054396918,3.96688483428326
2877.25248155071,-12.9331785451863,4.08308880411985
516.72721488909,-121.024980596592,3.93280685910995
2424.16481817661,-1003.58311255812,3.83345426523759
3345.34405151264,-1361.40549522329,3.83295810644176
2811.21691297846,-382.872850217921,3.9196591039615
261.634080560187,-690.354123140683,3.9281544427062
3774.94721720958,-1517.69251794346,3.87781719494291
2459.46472731953,-312.393708711234,3.98988728929851
1092.06301345051,-234.742688347753,3.93609037000712
3015.68480693945,-290.933527136493,4.04950421241332
1945.80651000767,-216.918552015354,4.04834272313156
854.603478667429,-548.80090504173,3.96319128222704
960.393320387283,-274.98920139507,3.92031067273518
97.1546340526328,-1094.84337146962,3.81988814872668
744.158219101338,-1133.73198584144,4.04759833465362
3278.87048844407,-185.506710371927,4.09985499217159
2988.30338401669,-22.0567383066652,3.88856817939886
99.629748380767,-324.107992628119,4.13782704394012
1147.00770817761,-2219.30121356537,3.92316377600926
3261.86302493416,-884.092500889232,3.87023135518035
2598.80893551583,-438.909494594833,4.02966974484085
4003.46599658254,-1314.8126612643,4.05286230935375
991.521160367272,-1884.32910748356,4.15785308804219
2236.5506594003,-1979.10814416133,4.01265455107933
3309.02204785871,-1908.69208746564,3.96150531742895
1759.05869134277,-863.036526163882,4.11110532310243
2944.13763129597,-970.945510505204,4.04481485151473
1570.20285574917,-1082.1386828471,4.08179824045713
3318.19192124625,-251.731541399964,4.1180512225736
284.089810768516,-545.95696065378,4.27793632718853
3086.00741018126,-1948.29686816362,4.13661161240022
197.19912797497,-394.684834214393,4.19990029833381
828.300728086061,-1351.16373024834,4.30328454098914
3761.8879442135,-1431.45456934061,4.24096314276488
1254.02240348741,-1528.7818144026,4.299711920775
2729.64845092122,-1963.09887682498,4.29614745392896
2444.53160092715,-233.65330241561,4.18883374955954
3453.81423102308,-25.0632652518189,4.19739331397243
1238.55313223091,-809.448616714819,4.2851747982637
2584.22698299426,-731.819041844075,4.25848992277259
405.759232378553,-100.173936389138,4.40533642842361
2340.03078794968,-1813.33773412829,4.34499033798496
138.508966036179,-1175.70711453736,4.3431714726306
2538.35319397747,-1934.24074791617,4.20424728258607
454.084645551393,-895.44992653732,4.36108517362771
2102.55774085572,-26.1820781066595,4.37418956608972
1261.59700420322,-2155.60932894782,4.24064925789575
3048.59028372716,-833.505434151171,4.43487813359814
2282.32680925161,-351.344957732538,4.4798286844648
1826.96292794344,-2152.05474064906,4.25021792905266
3444.57987404193,-1656.33763771526,4.50460539649476
2488.11146097223,-1321.96059439151,4.49306286173429
2336.44619482581,-674.316957494309,4.45645243874154
3342.11184902411,-683.922897529765,4.45624845627738
195.048019193673,-1263.25460069025,4.30785245678779
1725.9289660437,-1367.00101207195,4.50815078830854
3958.83576409732,-1401.07600701296,4.43109917470751
858.063068763562,-1103.6279437811,4.55584488428338
3044.2584347732,-2083.83856832657,4.5948372134604
2058.29728040033,-1400.53007163501,4.41756745861022
2924.37544002301,-2040.98109188287,4.5421509463388
3130.66175336668,-1083.51141136321,4.74216897116185
524.9739303936,-542.527227182377,4.81843979655924
2571.92472795483,-1608.24779628049,4.64012338646553
2982.48306996922,-2159.63665458493,4.53022609444028
2907.36034334068,-437.427180219253,4.73354803528103
3621.05375867678,-279.119266590553,4.83724362501981
1116.8767831412,-1433.11628735894,4.78609703440746
1556.84974273134,-671.457752737646,4.72074751945398
534.226719574979,-1222.06202863221,4.99802792190771
450.432432970571,-1291.12396096938,4.61223410705144
2179.54683480381,-1873.18069767459,4.86887368832668
2675.65595214342,-2097.06281123397,4.81973988071368
1356.72075626899,-642.362584168907,4.97460950602247
503.885785056973,-2080.95003262583,4.80275053416687
2960.86922971223,-1954.97281333697,4.97460279254801
1936.6066724352,-2186.32037316599,4.84155615553251
1111.89782386595,-1976.24508848176,5.09885457188263
3205.24595655007,-1253.11196334174,5.05146146974975
1681.32088923901,-487.145232870109,5.14270361317073
208.039903282492,-708.789249831006,5.04136137267218
2995.38548756299,-1185.32698443688,5.23183950314842
2893.5401809274,-233.075894801663,5.14653152908864
3453.04604546376,-1327.39313121757,5.38259886639722
3302.71065917115,-484.546980361057,5.34402623452849
1546.02103904066,-1005.09934855108,4.99996052200104
753.089449905325,-327.251839843698,5.41027195026094
703.813246797157,-1661.54231986018,5.42320599825053
1408.62770140983,-1177.66756512079,5.44838414080606
603.126018901865,-1024.01932461411,5.68382149145058
3642.67899298904,-2102.0670274079,5.72502192043405
2639.60898277811,-1085.84635286247,6.04254767800454
3386.35520721272,-216.180106295804,2.94003141583623
3218.61476900359,-110.71188699101,2.90925395215296
2711.74934598911,-649.713759921503,2.75846828827252
501.926503397267,-1900.44320555771,3.01816552343248
2084.12378923804,-2157.27520925243,2.71348144442625
3555.37409630672,-88.5938837266965,2.96615376232904
441.507749424467,-747.554432589934,2.95988033006647
1660.65482589347,-446.502665823366,2.94685509750699
2352.27291464504,-2054.541623777,2.97443025364906
2984.32096709091,-2033.67281494245,2.77833510197695
2672.23694225973,-925.018016198053,2.94366491394055
383.478662071383,-484.521767364087,2.94443087382302
2645.00281372881,-330.4537306456,2.85363039157562
1809.73880200938,-730.359902553742,3.11250333279439
1587.29071347945,-2060.3694082139,2.76008878429687
2644.97237861341,-360.455318001214,2.68947177787111
181.855098573579,-619.723773092874,2.92074954233274
1729.65188187457,-971.016536180218,2.71391515510014
3084.89685626133,-1082.84438992306,3.01226423946037
2458.34758182422,-155.225950262314,3.19236784960652
2173.0341608986,-1319.00441651291,2.99093971657273
3669.45832170142,-121.80623341887,2.97923772032888
2218.83564236932,-43.1880585583651,3.09810592485324
1703.92634809628,-841.418629761964,2.57578637046998
563.502669350124,-1489.85605981791,3.31120924085462
632.399637839066,-1416.69037434845,2.68470762971675
2680.79830210395,-31.3455411639432,2.61851382598584
3184.15821744833,-1607.02002602548,3.1260055898809
1214.39106688303,-1929.93377882485,2.95965526272202
3754.52355995955,-1727.27785426805,3.04169073420162
506.867474128578,-2162.76031050996,2.82866442544544
1433.21992046271,-1772.64997535125,3.30163968454239
909.528659925314,-197.434571237288,3.05910937852189
1132.38571361994,-292.54474115028,2.85013832183793
2266.90773589069,-493.771209503873,3.03521349643525
3264.75974589395,-365.153695133345,3.00921819346683
2380.60202103093,-301.153877596408,3.14720538470437
1497.63987577166,-1004.1280746866,3.01902193042258
576.109432918197,-212.371135511045,3.12411872286509
1615.57082737159,-1083.78923253863,2.9516650043813
1528.37958330535,-505.298228115489,2.89643076734495
407.712096684626,-1038.02191999828,2.75623714446454
860.380566328157,-425.181321406892,3.14728280526073
1801.9150474837,-205.040756397743,2.91460507162879
1426.40609902937,-84.2827300564873,3.01935717052968
1602.6250327778,-598.993481992488,2.94662334820768
3885.72588838951,-1304.63579238239,2.99762832661666
3432.76918456526,-253.048995500665,2.7686351091704
951.932808075677,-441.55051799659,3.13196934140979
3434.21395105905,-287.526079978058,3.17200808209137
2409.78006983665,-686.99508971209,3.12642463293636
2884.77019481742,-472.841812462262,2.91916139623315
816.530640544614,-577.321859795543,2.99318849409787
589.975936279034,-1505.30876260984,2.99386401777234
1461.49217953434,-1716.15726445875,2.75549922921501
3429.85443862608,-821.01480006201,2.96414453046927
1121.37085482924,-967.836422823992,3.10001350655178
4020.59504339083,-65.9987156880939,3.21883768334908
2314.75592120211,-991.554982338695,2.90489909330333
3533.87985991517,-361.777468641843,2.85924368156317
1394.73925926841,-98.6315709715435,3.15357991198846
3395.07749010529,-1960.96955123481,2.78965663153369
909.282512867485,-1530.52725346682,3.20767172052821
1033.81596398393,-1268.60991144658,2.96010796969597
2014.59545206672,-462.047711595567,2.66579123252144
3177.38122588791,-292.162372051044,3.00812972194224
3510.09332837177,-527.194649147762,3.50395629514658
247.90390996986,-111.534150041459,3.18205908598097
1036.89339136213,-122.995041588095,2.81524224600007
347.026693795195,-527.723080415047,2.91223692973091
3092.69490937516,-1798.30422646099,2.92440270538336
3906.10724167892,-12.9325812961545,2.77706902617872
827.691793690476,-374.933197666957,2.93860404985653
3142.82786966938,-508.480550971614,2.86159173020811
3728.79189083674,-334.610072273233,3.10362662489173
1318.7518892959,-381.142510757559,2.8084302484773
430.97668546652,-1873.78063179532,2.95147606711373
2272.08702681042,-708.522372572445,2.5416249028344
4003.55344913823,-97.5429791229982,2.90800028524787
2081.67027061227,-356.822638664166,2.84576457843979
2111.06011063291,-274.728479086926,2.88462180786591
3530.95483996869,-882.208498518628,2.93441041631352
688.943401669109,-82.0078183636381,2.98882206820576
1149.00252132813,-1446.62197354395,2.90752350348317
2803.78925695156,-575.844628955581,3.24590076594086
3611.77132124323,-623.688605288464,2.90774869091776
1634.48800628109,-2136.13680379149,2.92002291834016
3163.40084935351,-302.245904438439,2.8807210902923
665.063385633128,-447.220003307952,2.72381589716492
3356.84326537565,-539.308582717046,3.16435120313957
2158.80761971056,-563.255444512646,2.71318061321514
3042.6168855938,-1641.07542815652,3.072616146066
2046.02393020826,-74.9311691114827,2.9112438573172
1287.57913505861,-2110.35376375263,2.61553091815763
2771.12916432185,-1937.14080553132,3.04759128114216
2740.97750719404,-1836.59971936711,2.84566364310397
3577.0855046057,-1894.73201833063,2.96443259122767
4064.24380769146,-396.793041621296,2.60793713539465
2585.72697441471,-25.840547366804,2.84273498921215
490.006791611115,-1472.45734033409,2.98966636770734
2448.55196717018,-193.360489815143,2.97906418565681
3181.0855090303,-1912.6438728472,2.51896612834391
1118.12178709044,-211.054944054009,2.86318693946538
2199.77262765545,-1649.97923215737,2.91872834471251
2042.14608536979,-270.794338736851,3.17829704735123
3123.12901669531,-442.214298351946,2.78424166388586
1919.3138347727,-412.152167410757,3.03997609319551
1453.04480423354,-113.196401218795,2.86637870311128
1310.49319897234,-1412.65406680052,3.16853197246083
3210.55656468909,-411.746885075461,2.83444771254561
2016.35593801397,-1688.6727281171,2.99243071014154
2330.94528552917,-2217.66678402481,2.87238151868419
3112.1111819884,-2199.90966705026,2.83724969316641
726.189054810271,-1024.89030501732,2.89757445499333
2976.81478996208,-336.899093841864,3.00025041011117
3530.75630354651,-1673.05924762809,2.79519168172561
984.551722974399,-45.0524134542713,2.87326589065963
348.930938905695,-1456.2202378435,2.89855678887936
1493.44170695506,-1217.10436026763,3.06079458935642
3352.9680696769,-1884.2223564957,2.89952840214724
1134.93898856044,-48.8642404423087,2.93017849848734
1206.52764789127,-1080.52563848279,2.91182853593147
176.842268738277,-250.754461330679,3.09268959708772
1336.3405656657,-1651.33082818003,2.72156905804109
397.498818137048,-68.3231573136375,3.0324824972925
1545.73583546139,-237.337153211555,2.77113480683026
1194.5500141037,-95.2773682978892,3.18854560443764
2393.64819579976,-562.388209273204,2.98520258421986
839.9730508026,-188.057638071938,2.99060359380802
2486.78903259045,-361.846057485024,2.96194958661878
1576.50387979846,-199.477337678534,3.07185910648432
241.680531159437,-1728.23188551324,2.81533854454244
2023.06927482259,-2206.32551233015,2.95835223230023
575.590247223815,-945.776234256027,2.99078827556811
189.36112004823,-1643.3857068035,3.05032666168345
1307.28737613606,-2126.05374342867,3.02950840791527
1160.83061508927,-168.246652278244,2.76410510841701
1781.76735900145,-1925.3160549893,2.87048103722932
3266.00671799184,-482.642295327877,3.32143294541494
975.687543418655,-1547.50332692353,3.06927994919161
693.754396750247,-822.965918125562,2.88422685574359
1522.88143019359,-410.527976289193,2.84977379479491
2997.34914966004,-1742.79904811818,3.00768719587312
353.005802533404,-264.590159324053,3.14939436812463
2266.89821888845,-186.948362880392,3.16044273375948
3002.22240635619,-75.4002315259891,2.99050237789263
1412.63892957062,-221.661719652749,3.10582816818753
3433.88591042714,-853.573339367024,3.13576389283469
1184.71045096849,-508.189185977658,2.88309579435121
308.817549037356,-19.7279279400584,2.85030850529992
1065.97234953552,-50.31571293191,3.3562240065989
3304.44675291763,-465.589813935564,2.95553236444146
1862.43981070432,-16.7298502143497,3.08343991609368
3332.48129714963,-639.570656465224,2.72317927105831
333.304725805329,-1590.79286248972,2.7810360717271
2418.51300690967,-55.9134682629526,3.10611769652487
1119.63398114252,-2185.73025970964,2.9471788590258
1222.24885315383,-428.933694238068,2.82873918085641
3119.87806025848,-1706.89566724445,2.73989196108104
3336.18639589198,-879.592753267172,2.99305718207933
3101.63098929011,-2108.38706377322,2.95992156414306
956.582586912971,-2123.97650222865,3.09651123604491
3500.55699202429,-905.610028810086,2.95541125296243
548.329106336807,-2125.11529810129,2.95802699153263
2509.55448157286,-440.201958299829,2.81743863228994
3899.78793871661,-363.462541957178,2.96739217528574
3449.53347529579,-465.440043548423,3.21507019358715
2714.97824859687,-1455.8854706199,3.2519229099558
3685.2331379138,-495.517994395765,2.8767409424036
3708.74295327833,-2009.6839702242,3.05392815580668
3807.21128894561,-1752.46837942792,2.98360774684883
2965.34664715528,-1380.16647049293,2.97351114796442
1097.62142753256,-106.731511882925,3.05757167627593
2497.83104453034,-1931.82517432909,2.88423811814642
899.368510240181,-95.2694582847889,3.16148174618091
535.334934559803,-139.091075155023,2.9631485513206
2842.06934594352,-548.073686243742,3.17420439960456
2089.60504458234,-1954.66011647818,2.86890704509235
2603.88604062743,-1949.89549181529,2.95856367763979
160.14024049098,-1535.2365455374,2.95976388759778
623.714905213159,-1399.24657514169,3.05187625702595
362.409789750358,-133.21311014328,3.19325978900138
291.656847307069,-714.898575681399,3.08499911954806
1254.44988803987,-1497.59252479902,3.04984732639825
3042.47933209127,-1954.48697659214,2.9767003507753
1668.38181829909,-144.662811372318,3.04864836906223
1653.47700098219,-62.4951723917901,3.08569384729267
1109.25277836132,-1595.55731330142,3.06864280413492
876.995606771295,-110.344556818517,2.81013468965781
235.447486210775,-1793.17624369919,3.00480753414365
83.2045592092139,-53.9982506619068,2.68983395092115
3672.22148033987,-1436.60958433159,2.8420558748228
540.714877710295,-376.306976035044,3.07412338948003
2959.80720046745,-107.341551314957,3.14477763018185
608.481464068495,-430.306779250498,3.07503955875582
2826.86416113385,-6.93969596821195,2.97071052916703
1277.83973591072,-1943.73184181849,2.92960527862306
3872.51676122981,-289.482157330449,2.97995263287341
2165.10760056395,-1584.61437865941,3.04415624318872
70.2820376957533,-2099.98332283342,3.20310548161242
1784.68357900948,-322.090934042339,3.18787144669972
856.649550556603,-1520.91458572684,2.99423406312578
909.173716548882,-82.6943429749611,2.94283655809924
3872.92934473364,-1070.63889263571,3.03375928282745
3179.44591176313,-459.52444295117,3.04596724498414
1702.05838963614,-102.604227261174,2.93520148297758
104.480527731098,-371.811757415247,3.03012632436492
1784.33129425246,-1132.00793932416,2.96885266365305
1974.62776931774,-453.057293559423,2.91749522273787
3269.09524244319,-378.519878310057,3.00743314977071
1310.60774832294,-219.604394929343,3.37372164151698
733.061358894204,-1188.55622424096,2.9816338957469
1278.05974987375,-104.837110499723,3.10681572202872
3284.12409453955,-866.985770864113,2.93814995555724
1219.64633331372,-1550.21225582262,2.93850720774275
362.482235278823,-884.812461052972,2.97011412583606
661.121006387865,-896.888592497942,2.87057715944108
584.268502519881,-1602.04465949969,3.00228589229936
3712.94942838845,-1671.1800138117,2.99735210310139
2417.294417778,-234.54859535911,3.1002062865654
2804.69787663476,-1961.63698393052,3.06896981190612
1716.67776080902,-1915.83719619435,2.98295718938169
2319.09445439037,-155.774507357578,2.94190659074312
2566.53973203355,-604.021776773525,2.90309569773997
1271.84310996216,-201.52354195227,2.97243955155541
2179.37275922461,-219.649693704964,2.91552677726685
3181.66746492749,-663.077994688591,3.16595203075591
1929.9010801836,-105.535644669213,3.16500594576905
3708.83479639074,-258.933378642885,3.5773279516626
3755.37691305912,-163.261929572378,3.00836853187064
1580.59375067581,-253.759598414656,3.05095175005115
1030.40292131396,-1620.90997971185,3.16185716974076
1051.66296235551,-1576.6780938176,2.98195215559423
3691.26763642812,-23.9843826019244,3.08374703190973
2761.21655428961,-37.7617096376695,3.07326012827897
1383.35454554687,-142.694866306572,3.17709340783042
3106.11701628552,-1974.47366094982,3.19049690681533
1014.62772200752,-1027.10051982773,3.29466852145453
1926.9018136703,-473.572339757888,3.02934584830438
2258.62080776562,-473.008769210833,2.97796470283576
2492.55945536111,-876.438815165182,3.37782038071698
3338.9143667331,-1787.71023618002,2.90601034116728
403.186188936785,-234.411292276032,3.31705227567362
2241.80683929013,-1761.27495907961,3.08682028580485
2550.78446318867,-2136.49880073444,3.12935541438039
1414.58447858258,-1970.99311648717,3.05315497757234
511.662464764253,-1752.60817548202,3.20946469260266
349.396227285397,-274.830096658201,3.2886750278626
1793.70673512132,-1648.85730749388,3.47252326286547
1900.50247021825,-2179.38820239251,3.25959391443802
510.147416904342,-502.766573008168,3.11378905625415
655.681783088422,-429.224784053669,3.14672695593331
868.599646146499,-418.706304145921,3.11014841859787
1057.69365532287,-349.731556976586,2.98761189574478
1361.5246790349,-146.060215400477,2.98245122325915
2019.93799038018,-521.821434812759,3.10063329456579
477.529003288665,-144.771561589935,2.85778466352494
998.520662194524,-247.942924331889,3.27725903804387
1823.21713274651,-134.555039496053,3.04822370445658
1635.30371084262,-298.69224923651,3.13970725150461
1968.60468495572,-1409.73942967931,3.21933149295829
2614.50876817345,-316.80278820351,3.01867655298736
1635.06516520983,-1020.67441351717,3.27384409599227
3607.36678873923,-745.785218553345,3.44913941433998
3982.92259071299,-540.236631023576,3.18540121915057
3328.12726023445,-1713.53940726623,3.22585158382321
1310.54960226398,-1604.89798363993,3.46490256090459
1941.70322073492,-1493.80239516956,3.5940051572991
3622.11758537423,-934.961846895197,3.62059693335102
1987.01254462696,-556.005405273157,3.18772846769924
3556.92972429927,-1625.87863624607,3.36379254209147
3000.03692301175,-1640.50095375041,3.37101972312774
1181.66848944731,-1908.92287368657,3.14111700801556
2894.07546799368,-1355.31492159018,3.24470419508883
2492.173861065,-1484.5050603827,3.26041935162963
2600.68545109761,-163.171683169699,3.31399483881928
628.143817486289,-282.685028349559,3.50029618586372
2406.64818045429,-2211.18585749586,3.37784534070425
3691.72757121382,-520.365230705491,3.39483101858146
2313.62200180046,-1965.19548783725,3.39437439370247
1943.03769173021,-766.739475546819,3.55872166721432
682.501934203266,-1879.27411887333,3.40526846970868
1833.79458808467,-273.358904627542,3.15717889938746
1692.96655757365,-185.99885267293,3.19293014329021
2369.85010862604,-1680.44635273218,3.36927430934685
2793.65473813902,-1379.738919635,3.45711270065874
2175.83441132569,-1423.12509336008,3.35491626827634
1357.7155431605,-1315.30080453289,3.58314232410539
2419.9752881979,-2206.68172818563,3.62296523338781
3346.12151553919,-1738.39877868089,3.55392733873615
2528.61168286646,-771.089335483265,3.25412451324422
568.857246234457,-1912.87626349732,3.65508198579522
2815.91858824282,-160.880480625866,3.56667882664071
1884.56060900527,-549.610752251863,3.44200263333476
814.795716373015,-327.262587993458,3.43195457542305
323.821058244028,-676.504840416401,3.49126298576712
2321.09520438757,-1503.43883115864,3.58980923326369
1516.44914613743,-342.240416334631,3.44976713693712
1448.85860368393,-371.343727801425,3.79274637628631
2563.23995210646,-175.955954421192,3.39520866736125
2824.41793489286,-2095.59078568558,3.46576979825378
2965.32073973682,-1475.42721749214,3.71433874840887
3274.68459114179,-1552.1641984953,3.64452324992157
1483.94733539167,-315.520068423034,3.64902947811742
3577.12001938212,-547.565801602212,3.5146921317986
1453.65521054351,-264.942168769193,3.59743935403022
304.274441422379,-2202.86334085852,3.74510921359197
1319.0161539776,-1514.99226060466,3.88452647335968
525.224957400748,-305.981644568338,3.72042242960934
1915.88772764306,-179.073857297198,3.72355674471989
1395.19329958327,-346.68236570076,3.75736235344169
1594.92537474489,-1689.14232484714,4.01523596047007
2037.47013522426,-200.437922997576,3.62507088538676
3005.11957173768,-1832.06715928661,3.88138518154787
446.622002526772,-349.811813956507,3.92683977639838
1933.65220813724,-497.100179517907,3.68589051229334
1315.76999117187,-184.953905004941,3.70676449732693
1091.51007922358,-2121.84482634378,3.89818657829699
3445.41036794257,-1837.91665931443,3.9313169759549
1177.42153589003,-1506.47286815171,4.00584853863148
362.763714571045,-204.982068108103,3.85346955122674
1535.28722285459,-58.496673959949,3.86567314524748
435.451793798114,-158.472323949702,3.93397817614997
2230.67734098157,-1970.33029098891,3.95442642127054
1044.42201052911,-61.3141350786667,3.90624351495512
1537.82599989308,-1690.26266058786,3.98192999687756
649.989622932192,-178.875529236228,3.88756533163591
2321.959814505,-524.307805500306,4.09625938833221
943.102992032623,-42.5470333438193,4.37609741095248
2385.62465175967,-1618.72692275091,3.98063667093325
979.857025316495,-60.6040412548967,3.87857219730361
3438.64941637858,-1590.36789041449,4.23387380046645
3883.32414759806,-209.474554175872,4.0549986040916
3304.63820958366,-256.337378842178,4.14569644754248
2757.23881820758,-416.944087159285,4.10804467803984
1873.68903664678,-1631.62826059469,4.12433567835409
3018.72165606288,-295.223699449638,4.14320346464253
621.416169881737,-595.90479138883,4.25206251984933
1311.51658224831,-119.855596174362,4.05341162514031
2964.01491581423,-1939.40679184263,4.18540290994341
3508.34190636935,-477.498117009154,4.27394965955723
1435.66143083209,-1450.89313169559,4.44903396581544
2755.98558699478,-249.67320447753,4.65778640011449
3973.60531507924,-423.114980001022,4.51975157054408
299.224655827548,-1857.10119872943,4.29068073022835
2231.57313878777,-529.03971569966,4.39296152480306
559.287563198291,-1207.18383267307,4.63912117271725
2286.47571062829,-434.200569448316,4.46939085615895
2605.66480865842,-577.891084682562,4.46996847059516
3208.68033659713,-1266.23527301601,4.50710717589572
1095.18431742945,-707.799081965184,4.44623366123056
854.723872759281,-1102.66742511099,4.6165160599173
3404.99370166623,-566.427838842264,4.90805923959101
1520.41618479803,-524.095001763632,4.9776429049569
182.5619183099,-667.986632828995,5.1763117784669
3292.05163145124,-465.40709710741,5.22611560127009
3655.8092575598,-1605.6149014315,5.23464582572121
1672.79827516274,-84.7937490595788,5.35282383625303
2867.28860372873,-451.948274782066,5.33592809907723
3217.92941235942,-278.786297741251,5.44160911564392
3673.2819843731,-2101.02714071775,5.79474979596812
2030.65453952878,-2203.62886283677,2.67588271360037
1836.65454464488,-1251.27819802786,3.06138028359006
3081.61521937201,-1045.49882506404,2.8859691252676
3256.58093662853,-315.633030579937,2.98836294739133
1280.24005706015,-97.2396280971746,3.05527737944727
2804.59969614983,-1263.4462106114,2.96977668517473
488.911751398265,-1791.64393755294,3.1947461647458
1681.01954303424,-494.378685125791,3.13862068742625
696.677035185699,-1703.46101215099,3.24151665080302
3242.00415268174,-2015.82732267401,3.20116657176022
3312.17533776173,-2161.31909836672,3.08754670882666
3634.5887003777,-933.849948956073,3.34026897489713
1311.81299932672,-641.324606650621,3.23024744206624
3353.03914815229,-731.798885084992,3.58543361323584
3561.73204144362,-1630.21378290122,3.34951384514359
4013.12656523404,-78.526665794735,3.95552592332508
3584.19348358593,-546.197428315774,3.63733361630253
3362.15848126628,-698.441501445372,3.44276330199502
299.982160380912,-341.144505450101,3.44201267724842
2586.48997732401,-1676.87814454008,3.55915585742809
2969.24128149727,-1475.36613676231,3.61722824397845
742.370386431582,-332.764013767383,3.34839898865261
695.760276354239,-2068.78982084149,3.54957058940657
2296.35432507949,-570.344568497536,3.94311127033304
2318.97165237853,-1548.37741067449,3.32999584606815
1637.48659166642,-2100.29667606592,3.84679426963028
1502.99688500194,-1528.32681581158,3.88088585777327
777.407366559615,-1941.58796185608,3.79576497749225
1661.90688164319,-728.299112171561,3.72379097884862
1683.0114867962,-2028.41704868128,3.68742513090669
1716.67533478694,-518.139932395461,3.67288268912518
1260.96893858962,-1418.48695529791,3.75141024072779
1688.08284907562,-1190.87295386123,3.90236950158204
521.514552957371,-2193.43219149092,3.79617119163984
3784.64296385652,-898.724507791574,4.16338659030685
1938.67738860873,-491.533246394541,3.73966177097784
1863.49436639961,-2001.15723239154,3.88007774781446
3919.97428708333,-1176.40390145402,4.04382533460408
1637.40730042347,-2079.00536293301,3.89767144563305
1134.18047383906,-2157.26846059987,4.03999049350724
2281.89365827368,-2207.13155305961,4.24463468349558
411.16513815813,-92.7153861729092,4.09566667755838
2747.74465070833,-2076.93124155662,4.2813538024871
547.756824006009,-1201.19696645447,4.411366156019
3815.21659188844,-1084.69242154754,4.35769944431957
3707.57423756605,-1557.39198156475,4.43111136341274
2609.89329212436,-1751.5184929925,4.53394153742195
3902.09601486992,-1027.67111747168,4.46899198407145
1873.68591266202,-898.794422097052,4.43756560158653
3923.46779730754,-294.020949216982,4.79741224052802
863.033230609866,-1112.02574387183,4.70300230303888
116.764269705322,-528.033929406478,4.62591374218609
3212.84516677531,-1261.1571406564,4.92363342930438
2990.60960368036,-1967.47925030123,4.62398418112469
2107.44230534385,-1026.03083474724,4.88118667832915
2904.24314855511,-438.594931409933,5.015747150099
2292.26263389428,-1705.17840066345,4.59566793064414
2055.28702850732,-914.094186629652,5.00124879797915
1709.92504263093,-68.0181711541322,5.18251415310487
3306.65480978099,-473.388915671594,5.09600037197642
2309.62818614455,-878.820039501094,5.36634425309598
3461.62909440551,-1346.43028522098,5.31614809619484
248.233486888253,-210.218042705657,2.91284945925994
3666.46324773805,-1528.81310190881,3.01047822739202
3045.31220312452,-1460.05929151224,3.14710220118634
2422.18507692609,-234.777839096088,2.98190338454636
3112.05466044791,-1365.96795774175,3.10948374202872
3951.47060630088,-1348.57294632639,2.95212669402377
3960.51922021263,-1449.20797057979,2.92847417084081
2906.83262954362,-917.736851944005,2.74104826074849
3695.72924881754,-61.9693076245963,3.21587896113856
2145.15320225843,-397.8038012002,3.00480782386446
1599.80771386005,-959.353428069567,3.36056599090983
1548.51365149116,-1483.55090453861,3.12610520090913
1367.03256640924,-1619.25749246384,3.04218222215974
213.909454197791,-1951.220196757,2.91557401966994
3310.09024284969,-374.428294010925,2.79405250641431
3777.18284797249,-169.026606395115,2.95229019555952
617.926765852638,-1196.8382184228,2.98432393691066
2372.45925420034,-1159.88202183329,2.99197648829014
2644.67224637487,-1520.22892385142,3.19660029218458
3338.191882248,-95.8723668783135,2.83759552026312
1592.29685261571,-1599.44935241964,3.12542560863683
3026.6951230281,-1266.48797747488,3.0011887518884
2036.2971364883,-1137.01074542438,3.44406479886636
3483.98495291387,-2171.74963040254,2.88424260434426
1696.55570935495,-1425.80918194357,3.05819440476084
1197.82650924159,-2126.99837153198,2.58176462758636
943.723867673629,-2100.65783318094,2.95877822723704
2521.09412869811,-877.575494199212,3.05880204220603
2929.25724905277,-316.057242177587,2.73018154435236
3876.68073051305,-1120.79879816283,3.01063486365553
3950.19417684811,-2097.48196508956,3.04809692939598
1491.99429719183,-814.312346217824,3.01616800238093
359.776009730297,-121.356210764202,3.47817381572751
3513.03004086946,-1941.27068677835,2.81638389180961
1029.54258686179,-673.515090202807,3.31138985423458
3832.13824100672,-159.622808232479,3.04562180841262
1224.27826672257,-1608.01038116923,2.95722182247034
1764.94171013814,-1987.84923284531,3.0892243207733
149.070053524668,-107.959801854641,3.09083485735763
1976.81436323853,-447.780151439296,2.75871555250208
3364.81577967863,-587.778344700529,3.31918522827355
2945.08100319204,-43.9917519750733,3.1774208845352
839.422626933197,-804.370574783597,3.00446915785909
1170.54408419847,-1808.12136361312,2.96631360978702
893.235518053311,-701.67922075645,2.78248124511573
1662.1112944149,-1991.97788648622,2.98639086119932
1298.84267738481,-2031.62419027907,3.06858286850649
626.320685667458,-1784.40652437365,3.05793557595479
1821.78100359404,-1054.22960845437,3.39191157697278
1622.14234513534,-1747.92000049904,3.00206476589972
1170.31003390495,-310.361080387107,3.22170578146991
164.231099630432,-1531.35923684986,2.81580045870596
1117.00404533648,-1708.19121512529,2.82168632418479
1155.34889757742,-1622.79649845374,3.29674443184664
1493.58056559166,-505.744781777086,2.80952803239321
176.475252356408,-2140.14693968292,2.71608785796886
2801.19235223146,-42.0511036348729,2.86820906075137
3141.16308687889,-1776.91127076961,2.98345293156485
3108.39397326177,-1876.062794511,3.06462612930721
3419.49832585755,-320.709413763802,3.03445917970873
3891.36522544568,-1798.5009217615,2.85845372327375
1169.75634518964,-71.9565312344408,3.56251743232843
2413.92633972122,-1539.48737865601,2.98799886206611
2935.81857728883,-1644.77541950933,3.13133248773203
3829.70006414743,-1379.82732390287,3.09782156481995
2265.97111022628,-1400.47194811908,3.1159803818964
628.754282936495,-1935.50159303832,2.78020624147557
2097.37061848127,-640.508679679981,3.15528935311442
2839.01991704006,-1012.9639435782,3.15436266448388
3316.22418599207,-1189.35251491211,3.25840415355256
485.304757669471,-1042.37100228871,2.92074470310751
2397.09917459203,-1033.3905023531,2.78164805745321
2857.83220359848,-259.795123170185,3.15523254865633
663.964013344166,-2200.88493428613,2.97211916008698
3311.00802927894,-1510.02076402078,2.84544723476849
1313.7895447487,-1450.79018281918,2.89082028266519
951.496998635472,-348.47294678154,2.96484869850882
438.745502429286,-357.596538867127,2.93381875653446
4015.01469695725,-891.582236255198,3.29829018333629
1145.89146940695,-1675.46472912044,3.33732780658418
985.016224282918,-488.651639595379,2.99986548352935
3024.60062422759,-491.351606713729,2.7287622224517
2937.71774160302,-1061.6426477452,2.76062013992108
3826.86486366296,-245.51085335628,3.14031723374461
2876.90082220781,-2062.5787013659,3.16578953421992
4061.77223251722,-61.1724507984068,3.06893171097823
1864.56441374199,-342.671959922957,3.15072725012134
1911.38321443015,-1314.56851859978,3.27383270246065
1198.23070821145,-770.590150223883,2.95094174449828
3214.66122251667,-1891.7556849393,2.58341050899213
1398.37188192505,-2201.03646330881,2.92715833012032
1762.99674349987,-1035.1000586681,2.95214762473197
1802.39653167244,-1945.33531385515,3.02176210045349
213.186203571189,-873.568016857424,2.72545116299316
1825.87421082098,-643.501340506584,3.16332870594706
3176.89409016794,-294.950082504854,3.01875215582151
780.196500802616,-595.142940572457,3.07792599551786
3474.15079838893,-1254.93785424737,2.69787373469341
3616.98422904538,-1246.44573102729,3.26838264510405
1801.74769433735,-1380.9942411073,3.15404888540165
1038.96053888108,-1902.95100321707,3.61763102639725
856.103372263063,-834.342207359038,3.30944465437471
692.012376093022,-400.209816894952,3.24488817269708
661.799807686518,-1482.92382061725,3.00689647112074
2348.32796174648,-1952.85321062518,2.63998820018922
3995.56975447983,-726.322096758476,2.91998435639684
2921.37658795392,-1942.59456624475,3.12439857611525
1241.22212142372,-1087.08457047284,3.18181639139721
592.196423170617,-1843.27731983913,2.89317518272219
444.596702008002,-1995.51131849712,2.98035070187564
1805.09780063724,-735.29510498792,2.69256644587469
3809.13311898395,-234.207332804061,3.1995075049645
1855.45801652676,-40.6023145235444,2.9432717313044
712.967571375346,-554.677862987628,2.97932359611322
905.294464952673,-752.976042479837,3.23014016046114
2233.92412068928,-548.995034126865,2.9079585391217
2178.48022021895,-1318.47382303098,2.98761608842663
3887.8248109119,-1305.15473252246,2.75463695049377
2605.74442688262,-1948.34335477755,2.74934429051619
776.31275986324,-46.8261731288417,3.12185854492634
1836.51761103733,-58.9598867366956,2.86927140791823
1547.93420356665,-620.832700949493,3.28341377174837
2228.64816956591,-1242.3802339115,3.04472094508858
379.793556758433,-1065.65496098411,3.14167284981345
1565.5817656924,-1340.09017777794,3.40072677711069
1126.76044913086,-1811.80012147861,3.29143885661138
962.969375879422,-1207.1117107204,2.98615192220575
234.939691939812,-605.914608489646,2.82607874188692
1553.11438992349,-917.768848937329,3.29705143632501
2645.64229409731,-449.241881233613,3.23764708824946
1337.73537807909,-1604.43805234717,3.39727736308832
2503.30212617994,-1779.47910579656,3.12531795308652
3960.99554692505,-287.791180033392,2.86265194016996
752.824256054206,-979.281829985942,3.00643548447068
2106.62671729432,-811.509053641833,2.92915247994102
436.949940496208,-666.770412855529,3.07047913933638
1684.05229772035,-214.04190769728,3.11159482983489
1438.84642982993,-1868.96471357974,2.79584017012198
1379.61779936869,-1428.8508648642,3.11367314362203
2324.20154818028,-1547.04405872275,2.98105248556575
3091.77865050222,-475.449032749298,2.76443218402258
2724.25511122326,-802.605835327514,3.13165789831461
2976.05768823566,-1403.200027312,2.76778019751312
1467.35033531032,-1362.94320528747,3.14325763257997
1558.26449458968,-1225.74441976008,3.08694263480724
1751.83583743978,-51.3359954992639,3.06841034570693
4016.53325934891,-126.87195174713,3.0158017863458
3523.06278274692,-270.059112844645,3.48403374885696
3496.59741380161,-946.186602649838,2.74311239388576
1233.86159261161,-263.133501703357,2.90522857137673
2072.73330860837,-768.588006980453,3.01023886789579
1882.89749392194,-1048.358735912,3.16956608116495
3246.68081616613,-1789.86711560119,3.18030643370044
229.301956837934,-825.660326127409,3.27872926289897
710.615737370164,-390.3787824822,2.65349678773593
3149.60959224066,-828.736564191226,2.79369402914286
3696.25852099393,-2082.63973917209,3.00408340080798
1026.93572311366,-2048.83700269285,3.14290677891677
3385.45225221359,-1098.4853199781,3.05178277645006
2222.70593085019,-987.531833546219,3.12181416410637
1396.81690936226,-2162.48854838636,3.15284650705124
537.263998812628,-1351.72262393909,3.22487877002593
3704.35169165461,-470.3973855422,2.96523452723253
1561.59307532358,-1283.86580324641,2.88741385021319
1880.00694688842,-1792.79909266617,3.50999509077057
1209.57654599169,-1320.15931324646,2.83644405870455
188.005728411528,-2115.20417015665,3.09224055793224
2920.26404131632,-1469.38226848763,3.06863270512584
2626.08614822667,-300.001606914374,3.27218781212677
2975.5673178748,-477.414818193089,3.1881509646927
391.942971688593,-1647.45296682939,3.19175528881135
748.095329674026,-1841.41041564013,3.12812550012829
1313.72371789832,-1601.29699420607,3.41074248670624
2420.72591976309,-350.348526645508,2.96335667502549
3712.53828085666,-256.819591681357,3.07023058089032
3693.93149574356,-586.621900286195,3.09017943378964
501.867400596924,-1416.84545137715,2.59225233055662
1245.36892663268,-95.5048792910471,3.14529603614984
3091.03372112801,-1249.53096725532,3.21861256229954
4054.76734495647,-1373.49797834984,3.36212826970611
3176.54240907173,-1655.87818464438,3.78494457943172
3962.86279576628,-1132.86236014032,3.05932649560718
3310.83012380797,-2171.48618516067,3.14254110576908
462.386718112296,-718.077058829924,3.03799321606679
214.305248850983,-21.7686361696661,3.11563208313773
2097.72805373049,-119.835030775383,3.27144187030767
3070.28302568633,-1765.99129591082,3.18622605349077
1311.65231013713,-1301.45892100667,2.58147582258068
3982.95465861621,-955.526908181095,3.20586551782362
1571.76118259565,-928.7453734,3.22257980186864
2581.48287813351,-334.064747715389,3.33876643102919
3120.90392596929,-209.790346101601,3.15188358724227
1115.36764358224,-1574.76778122927,3.14492742644036
586.466554140271,-1737.41826345506,3.21933488867301
2781.62845618332,-1551.53638618403,3.26267542466602
3635.30395769372,-1966.62276297843,2.99828369357292
935.698956405602,-1773.55694310389,3.18355278280655
3997.48819859135,-261.4305880212,3.72306768284872
3932.72207713007,-1680.9697344272,3.07576877172886
359.598015154241,-1306.01836587944,2.80888475295367
3220.39237769551,-137.312810551573,3.28446865138704
3849.84238427782,-1602.84744655686,3.16638009651507
2064.97378480303,-577.505058479439,3.08454526176945
1084.80778427932,-819.377434018655,3.11904392835728
2153.25142974726,-1070.58292915074,3.39157866443452
1378.01924640374,-1229.97588496744,3.05011784918053
1404.06366212307,-487.751744247998,3.22225545444585
3145.16645344792,-1547.50509158383,3.33422881881272
803.911838604325,-2140.47898443535,3.22652344866132
2070.35976575549,-196.677316274806,3.13100860509377
1992.77113094597,-756.730386969876,4.11075837995039
3246.07441588995,-1874.75770171448,3.15537776095325
1393.0344409911,-741.81790656422,3.24239742774275
1309.59071497102,-1324.22437529901,3.24936477867994
1527.37048313965,-885.52056162964,3.07253932177118
1687.83964241149,-587.451741023997,3.48541940643165
2007.72982628704,-2120.58677940325,3.02900092485961
2939.63596465916,-505.417499934395,2.99995339500152
2845.55420591376,-1184.00155282564,3.22273874047546
2502.13324817903,-1550.44868247321,2.81173605132102
366.593234912151,-34.0074355765667,2.93135257654391
440.203735323112,-1106.53974015304,3.35187388807382
2327.5329140533,-828.185804862483,3.06684068505381
1635.50877752842,-781.424231415273,3.88103055623226
1466.66740852292,-693.358921435181,3.07790271517782
2948.88025798846,-485.414030485621,3.72012328042568
3352.96629131567,-1195.96753652389,3.17925204913287
1143.72409628642,-153.842616258118,3.51212467129377
1789.40606554037,-459.339455324207,3.77068873654828
2643.99380732906,-783.972015914151,3.29434907042516
1896.72696253348,-27.8215469425098,3.14840748054246
2244.51192711896,-1529.79299231701,3.08100957646004
3646.75190822088,-1871.09435964393,3.32095843907041
1008.75792434804,-2113.00035573653,3.23703154499551
947.151548268176,-1658.65303325601,3.56847769128994
92.3058230880987,-1364.30393883403,3.18999335843332
367.842767581127,-1526.2448109147,3.35331540781567
964.815385510674,-148.406501285641,3.1974252288204
1918.82686306604,-1140.0168518928,3.38118840077785
490.544547753205,-679.528066411945,3.1726526351707
2074.44147317851,-531.872937882498,3.55802954294563
1975.91692512697,-516.817876363217,3.36531626660375
3223.11765895323,-1369.87350553154,3.10956661284601
3605.80241560967,-397.29297703084,3.43351554230064
2014.63250784374,-1501.68023956948,3.61431031979006
905.814494883941,-226.138899911799,3.32606647948439
3252.10244366369,-1903.14118884156,3.21246125924175
2743.27182594006,-1741.38736027696,3.3998649316754
1638.02745673716,-1015.65048206312,2.94033220279259
952.93231934069,-1906.85447979629,3.29293934937894
875.94636201668,-154.931038888473,3.61112816322112
2972.53012916879,-405.764210579026,3.22136076525971
3101.35861506679,-2150.86559944821,3.20771105184152
3440.55326359344,-1751.31555283869,3.70586654085867
955.076769552051,-1227.6188670122,3.2349504411194
1745.26808545684,-959.524580373269,3.2970151947696
993.10084306739,-1834.33436599074,3.28822719871986
651.655892057563,-400.568559406607,3.50048435442133
1378.19404075299,-1960.63740205373,3.20993190618085
2720.63339081896,-1575.03579176352,3.46413824963365
3615.00498809229,-1721.29593264111,3.17318488611871
1588.34750760413,-1143.76789078898,3.34007695085048
2691.19422776952,-483.674348748559,3.34247306662867
3896.92055934541,-521.186800734165,3.33012256304502
3467.26895137813,-1381.84771029521,3.58356428658592
446.209013319037,-277.647715125325,3.4583998643366
3047.85593888644,-45.986400518785,3.60373851712846
2027.8009182255,-890.500128037442,3.30639974424692
1053.76040630683,-445.055037562995,3.35839369211767
2145.36765342293,-661.769324373207,3.39347916828907
1928.35986884455,-2154.18357203779,3.26973912713995
3031.00884800966,-188.028323515052,3.09213525371699
2688.93283004451,-272.035957201849,3.242164766266
3209.14862542391,-1528.75325642793,3.48953087958747
645.472481316678,-1911.29579295353,3.45084985766017
1633.3525149707,-272.351126715407,3.03399910003396
3264.31730966167,-139.774354629047,3.31315493647093
3316.24436330544,-1610.8761528374,3.38567320353535
3838.41578090841,-1648.90023654144,3.3205295184119
3492.09861508576,-1826.1856320154,3.14048377401807
3750.40139201462,-1078.52777498805,3.39596581652803
2434.14455779484,-579.312576740169,3.46743042614045
2014.82871997838,-2054.82014885012,3.26110606176252
1121.11468573542,-548.525998418891,3.22628820908657
839.97993214063,-1024.73254878657,3.38151400084575
369.147880532005,-283.132564873092,3.16471090015668
1887.7468665824,-1248.66920309333,3.14423809533933
1838.75158465026,-277.302129141748,3.50972010461171
3941.92671676546,-996.586761466878,3.62972035727851
2702.60138718594,-688.186242861421,3.63489521095593
1263.45877382458,-865.988737875185,3.4410274850831
2788.56692578288,-524.032198450471,3.45201343032832
3612.63420948838,-1777.65486437328,3.07583329795589
1931.42563280946,-1400.39831834799,3.53965672167263
1206.13961193072,-1172.68692273953,3.53063766875748
3655.30204391686,-1662.5081023354,3.52477243073726
319.495594120975,-1980.37843870364,3.28454218133119
2824.21784553565,-159.991829250311,3.20968228663635
3605.27607581801,-1426.92702398119,3.25275474952236
4052.32791515782,-1051.36557851336,3.59766679253245
2032.91460732888,-217.034244182421,3.50834782125338
3473.37776923443,-1469.01396091086,3.4780454420555
520.925041367761,-415.217355227137,3.74952068865504
2001.50860767216,-960.077405588614,3.91639592388584
3332.85888934148,-770.083067832826,3.26830969856482
232.749843134045,-533.086406730036,3.46935129412723
1442.58261749746,-1270.59784763716,3.69412752186071
1486.54828494262,-165.760492088109,3.44548564128707
261.500860253494,-1353.83333334184,3.67445944159252
2620.25101287781,-48.3616043167463,3.6135900170698
1320.62957272075,-173.296479935752,3.63702595328093
3120.4728667478,-1392.94482791136,3.51074479129775
2909.3521564892,-1785.39662641238,3.40344750454144
1054.23068868361,-1679.05175418063,3.76386793622333
3170.48030395316,-1380.53399678153,3.44514495248163
597.322921150131,-78.3053053903769,3.85644104780542
409.794750745113,-568.457644323565,3.46160923568439
1847.53450536415,-746.588679108854,3.10462982523975
3749.66235677123,-396.86114950325,3.69151388859878
3690.42037551972,-1320.39973559461,3.43841295445861
1389.05871954557,-1149.24497902889,3.39621374849018
324.266080438351,-641.802119602332,3.5967018578346
3871.90349576243,-1425.97335538441,3.58650730841857
3248.82795973795,-1964.46970225748,3.5474108952012
1404.90352385819,-178.718938440763,3.51924284954412
2274.99724259152,-731.841328548544,3.80455523735307
3706.42261395457,-1977.59895072268,3.53511399618672
3607.46142233345,-1186.90528148726,3.94790528206578
2184.52599885111,-589.981465705793,3.70567065476546
1013.07175948984,-2206.36800122964,3.46119394364807
2734.80409587449,-645.457748463003,3.58365572076691
2228.16311084206,-1806.75087854323,3.50822719875348
3052.36305016601,-260.742438190097,3.82645755700238
2959.54238279907,-888.08545017857,3.29932162781732
3755.47340143003,-1789.16343595883,3.63059755495695
2973.6256950264,-912.170627060719,3.88939576906598
2738.1973400174,-2073.5557996156,3.74947286660261
3749.2698883615,-1352.74852925696,3.25703187018404
2285.09002851566,-880.396281640321,3.70510005361168
1958.34557676128,-1997.87244813218,3.67041396928298
2244.24193729714,-191.229657587999,3.4592440174445
990.507458771927,-2165.52068355201,3.59789722788992
1553.41184271217,-317.865142371292,3.69543911446731
3296.56735360201,-1692.97397305045,3.45926602949518
1665.78324416227,-727.178892956638,3.84978212194453
2850.80317638292,-904.150792360308,3.83298951171813
2606.25151815322,-1877.44698111361,3.52598335559822
1036.22688025778,-67.887161515059,3.83930561365201
365.85842059559,-203.665404526582,3.88755121694294
3020.94753409807,-1006.36785912217,3.73457570946663
3837.97871465182,-964.239777140674,3.69728083519882
2507.66511821998,-309.879978890283,3.38570287565881
3342.29350916254,-1792.3922719849,3.69908427350014
2023.95680792936,-1557.23902205845,3.72586436677926
3892.13881721905,-1471.85909320271,3.80545301789553
2915.29166232337,-889.302374023834,3.82660700605221
2039.34641368832,-2098.89076711737,3.67378845653711
2006.17836029469,-647.843765996991,3.37850089980457
2242.0631368185,-1211.7363756145,3.71063647896574
160.119880812511,-1061.13416518251,3.66467214907651
1782.82035518663,-242.672383351082,3.84267322644684
2304.87442337552,-2053.11162587271,3.68901349616613
2395.318213566,-375.376771900846,3.7007724476497
331.586530810823,-958.374514592333,3.65619672110231
1761.68980035807,-388.725594393057,3.70965540665676
1002.44972971806,-414.736313184167,3.62195524824031
1811.73923405631,-1295.47178047369,3.82283856698055
2381.42949077364,-1419.45573643506,3.74603816671111
1530.22661583858,-968.094303594161,4.10822069264202
1640.79722976945,-1199.86989243423,3.85288998308391
3068.15422816547,-1362.12395987996,4.0287956515303
3130.42246268709,-1293.30042347871,3.78731571311248
1179.77748477678,-754.775720081706,3.75403045109296
2441.90489193695,-425.292920871897,3.66179352462143
3914.65032874333,-2185.28042609865,3.87186600315413
1588.61971543625,-1698.29851250574,3.67292856137624
2416.88608026815,-1008.30337305551,3.83354382380861
1663.31547981301,-1656.11426447285,3.51840585785722
2094.55973687314,-2106.30987916999,3.7853243816942
3226.63563005176,-197.496746066675,3.7843200688925
360.332048640554,-2052.46301195994,3.81494971811144
170.657807924267,-1998.69311572954,3.6735461305272
3118.03026712439,-2078.01526502021,3.83590552827229
1926.15289717596,-722.393669666655,3.64139784409541
2088.56198071439,-1760.01977344869,3.88704747109063
1370.74105272555,-213.128783692309,3.85278173452315
889.166391528628,-878.825711358504,3.85895326061283
98.0859460717821,-322.331951711361,3.82193896933053
1762.9512479552,-349.919093713215,3.56611526837436
1995.15720010765,-1818.26743625817,4.02247656475377
2220.44597042977,-1307.33466645604,4.09478683013051
1823.73271325821,-1661.09130385536,4.05392251974217
2153.36833678124,-1473.83860757971,3.70034658207603
626.843149743165,-734.383670506508,3.74295126436334
2976.97710507019,-1866.46120986985,4.17076781027632
2020.45108921334,-683.823163902808,3.94424816468491
1182.49457725002,-916.487973765154,3.92184625330489
221.959482430705,-144.328334563289,3.83427380733406
968.724860612992,-668.867698302561,4.25602414672052
3973.66898475555,-1817.73307771231,4.19733591355777
1741.37546356788,-1677.22066121792,4.09282468282684
3776.459654359,-894.798021719412,3.96192757661751
2912.3100335555,-2117.16801937059,3.84269841576208
3304.31719586269,-1012.91386510262,4.15885124660702
272.961220140363,-232.045234250848,3.88315424040892
1924.32643195759,-347.856811410354,3.92631080423561
2152.93626941147,-915.923719801725,4.01964045371751
2487.13742038824,-470.60148555072,3.80092312305154
810.018993045875,-923.036711589686,3.98697156659945
1842.91747363152,-1877.99104178775,4.27287918315945
4003.73495853415,-833.538083553847,4.15485893769455
2608.62173583002,-1807.52508701108,3.93651540317181
2187.20049358758,-1370.81946030187,4.32725599178441
821.405351502021,-1785.11726201658,4.14769128287558
2776.76122443822,-262.218522204427,3.95632153904332
3899.52090411648,-1194.70325643379,4.26901657959801
1166.33218101811,-1514.7184979872,4.06825158927215
726.421136811838,-1911.97813506467,4.06120840821326
3433.83431011639,-1835.52540696434,4.1315675641911
3623.7160945355,-1374.02750933779,4.17997293542711
1335.35718944174,-2006.19216752975,4.2820798673449
328.211964220978,-1420.53210052731,3.9697305438566
2054.71317458153,-1408.16791069417,4.32735151888873
1997.34609505557,-433.98589933703,4.19055314738716
974.802682240751,-363.299248171406,4.30964268015452
2280.87792374399,-1717.51811761234,4.38809063862818
3974.44628991812,-419.044120493023,4.16474456339065
1038.06369297775,-187.906309973166,3.68773373461061
2099.2710892476,-1922.23155295293,4.20635160395765
3519.67260974078,-559.207585757283,4.29644682303593
256.026703611702,-1011.1109323134,4.113133463834
2274.07320794495,-1367.4690884408,4.2960546832138
3703.81034024177,-1188.63455743408,4.43647445249285
2233.20452480498,-533.394647415284,4.34018408805171
2611.48775474856,-1738.7501836076,4.77100541944519
1759.4340966657,-1225.64067984383,4.33604866511584
2544.6048057043,-2117.41931630445,4.66476246486028
270.341036406895,-1204.83329775624,4.43115815108225
1249.84009436273,-435.078473190853,4.70090082217731
3697.67875678204,-987.683765460269,4.53896151069573
719.866818697206,-661.21664353291,4.77027895786401
937.592294556613,-1979.01584752094,5.08773923665099
1324.18593942703,-1718.71938759639,4.9250032934736
268.7806455917,-1327.65110112373,4.79590180873732
466.386118776776,-1930.41579425559,4.84721943304513
2321.56675416557,-869.648865677949,4.90480136317764
2910.29777236654,-1425.87043221329,4.6643516584555
2943.00178850771,-1605.40866602814,5.16718494889783
1172.0904230182,-1814.51625704411,5.00969689323342
1676.09861003245,-1507.1640097593,4.97565508536939
1511.06168832566,-518.641235780943,4.97533716708662
636.714451138175,-1457.43138872625,5.04432867819684
3439.65278766069,-1324.51765123462,5.30148159866034
2010.67344251312,-868.438983780994,5.2246053828432
3339.72123986636,-563.886999472835,5.53755083368283
1724.86427814158,-1096.15203394434,2.90496280467599
1108.81195682279,-983.463991983703,3.2037296898588
3426.95683691121,-820.185131316502,2.68366419279441
1923.42815885512,-1798.66180897955,3.05231015489024
2548.41439482788,-1867.98455124211,3.01983549677391
1018.70916837186,-1551.48069026388,2.94537781625431
2267.82404943772,-495.757374515757,2.86028941774949
535.937503945738,-1311.9427732857,2.93630373520391
2714.32622132983,-1451.29632134612,3.18383000585641
1556.12759701031,-1280.61043040844,3.13863010491358
1454.24496945996,-610.201163294014,2.93559712059034
854.317583200666,-1132.72082870862,2.61912802065369
2958.57896227598,-686.326551840018,3.3561867393249
231.140838442184,-604.409206090931,3.06154286936611
1582.66790374506,-589.774306459637,3.15561904041947
2289.19223115211,-564.031494071161,3.1339996435829
2144.29677566516,-1092.71052664996,2.86327405251112
1253.23850085619,-566.64885614637,3.02260888724692
1598.43979165533,-959.255170567134,3.13150933555104
3139.84437277971,-1551.42052010874,3.0253777532666
577.975584221386,-381.458074329713,3.04003393984191
1235.45240535437,-266.001871430685,3.35137856881556
362.427964229962,-884.895188494537,3.2061493460921
111.976201697659,-337.168143363999,3.10790042545675
1762.35378056564,-552.742428753504,3.05896292635227
1485.20736972296,-168.401208650409,3.15938603704546
2356.22440210502,-1733.70666478396,3.25604301047241
3479.91468340922,-595.657213179241,3.21885666182591
1657.0774258039,-601.954008570958,3.0809563213357
113.202287375015,-51.2706257367701,2.92140884541708
3785.6154627624,-490.426432274091,3.13954967230296
112.054531804864,-446.704016876725,3.50621890733895
1637.38899446936,-1020.80160260385,3.40058946316468
3547.85146959176,-1158.90209172871,3.19445614389356
193.769459190638,-549.732131113377,3.2170732734706
357.939539258649,-483.327837284111,3.53500610177989
325.409037185811,-682.543085179311,3.4594822563221
832.711768864243,-1232.26078355063,3.53122599446282
3769.58558817717,-1521.87829312707,3.59783874806365
833.73085584353,-974.123648361749,3.57118926066579
3203.06967954742,-1895.3757998446,3.47323485735965
1759.33709587915,-353.178026533429,3.71579365978121
1765.81503452349,-397.865892418083,3.48828386825344
515.481648667119,-410.168527186287,3.69898879742349
216.843570220203,-140.239695693486,3.77280519901912
1028.99753692027,-69.1196357947975,3.89716717164226
2489.78605473811,-470.042857693424,3.59893852496404
3013.49755697764,-303.057272772712,3.59776717510808
938.781349721763,-829.150625794537,3.64471306046649
1086.97131124496,-233.211522847558,3.77998630244151
1395.53646694778,-353.500138857188,4.0327012248234
3780.15028552857,-900.782484245161,3.54770450352693
2275.22643441515,-2192.2795051023,3.86961354635419
1484.8390744979,-876.76393234048,3.93350825053829
3894.53637528861,-1472.22228965438,3.89536258373787
90.2149962753198,-321.706231431602,4.1694788313506
2318.53716859031,-517.506094354232,3.90340648032844
400.488604953062,-94.2761090985324,4.13410360266031
2133.74685756751,-508.468529399595,4.31518687271472
1568.79960185871,-666.321870801734,4.47170611886451
2200.26830197008,-397.263467023439,4.5886842996169
2661.68568777174,-2105.72798948841,4.56559426952732
1176.94352516649,-1815.26490141438,4.84124567738347
1505.21644067776,-496.444405243284,4.83205670268308
778.202125445553,-301.400789071647,5.30808954030973
1415.33308408307,-1189.3584624275,5.31332915575743
507.168943771491,-2158.75863037678,3.31578442265323
1881.32182889444,-1705.99602864532,3.01228171564741
3808.12475690319,-1755.42630764792,3.00711040359366
891.21071846964,-728.032241234532,3.05285583483307
761.328424242511,-597.906054584495,2.9692862482352
768.897726484924,-2101.06357935419,3.04314836861692
1849.48125226062,-1088.07911405054,2.91677958067511
2631.92404426318,-295.255072429571,3.39799860191733
854.556307521161,-1875.23681474143,3.05566884033756
1209.19378608682,-625.752425766569,3.16524392504766
574.506474547802,-640.656097553922,3.29199502224692
782.368109202174,-581.541380303389,2.45847526679122
2644.88137246329,-1810.7570586893,2.81500011742693
1492.6484788121,-1178.17849477905,3.02026081904141
2101.30329428919,-2207.40004698258,2.74181343286947
3649.98302693438,-949.924149873164,2.93411317256559
2863.53935906028,-1909.64208800984,3.15669637986853
628.423235178153,-1936.70747256707,3.32610829381753
186.699488692885,-1477.57515433419,3.13944530459928
1723.36083644423,-967.455331627848,3.35253883632073
346.639149751931,-2185.37744084082,2.96042115692429
689.055366783347,-821.310812433617,2.84190905040584
562.941046842453,-1812.45455382393,3.20149445523365
3657.42254003291,-1776.17949356936,2.97026111250062
1017.34682982425,-1024.56674467333,3.02974578652416
112.501107760563,-333.036347079586,3.31855441363381
322.265000361977,-1915.40730086367,2.60382438114343
3681.89167421172,-1184.44395038114,3.1311751453333
4003.13682229165,-1685.18361517732,2.94008055367377
1756.99680707068,-275.821496089786,3.1449975679515
1230.91618520145,-359.696853432379,3.39588763887869
3982.12256531803,-1139.67772651758,3.23731360107259
3150.57329492277,-822.909937370539,3.13452443570368
2783.51762633149,-1548.84989051775,3.17278782526303
3379.24111758246,-533.218482970416,3.03067841070768
320.667239980864,-636.63318984389,3.37624196002551
3342.53083050783,-744.256629708584,3.29393561356149
3556.51895603829,-1349.41896396601,3.18661701675094
72.172440544606,-2100.60788086269,3.38546214320175
983.370828372835,-421.983546373285,3.18520818044161
1562.87836243492,-323.111032937125,3.68716733471691
3244.65524777861,-1999.72184035784,3.48343079862318
952.222703322095,-1228.92251193802,3.54980868385061
1976.10185585904,-519.918533103529,3.60166921221198
3310.1290294618,-2165.76997044034,3.45653149232943
2771.81968728362,-265.383329049279,3.43496844751665
2462.22374300973,-1710.4874197107,3.33020659079481
1287.37321949868,-154.315004215909,3.7540702188991
1048.72230699352,-1266.51410441219,3.56700047563762
74.4365938519515,-482.248339208408,3.2616582528067
1951.42392551764,-1497.33234755771,3.42233955612753
1782.55122132942,-236.547326905811,3.685004737225
2566.67431156498,-514.851348526846,3.55349578530334
1371.40306170506,-222.08421186193,4.06763363471587
2095.30844789478,-1759.5310912071,3.6254228454029
1933.16774078505,-717.04740832595,3.69757380872813
2087.41258361783,-2007.59173066992,3.76434435764731
1967.53513479892,-2067.87859605683,4.03617060206547
931.211089359453,-821.269167748038,3.96407512568953
2105.12942949063,-2096.35837663341,3.65592419288779
3269.30900944844,-87.3427997816983,3.98405772740328
1863.40594529272,-1996.24270458989,3.96493411184457
3808.80318615559,-189.101172793448,4.2318049115069
3827.8437835048,-1062.90239942221,3.83274888335875
261.310369565466,-1015.75973494833,4.24307433677843
3909.41625564934,-1016.92591210337,4.2161117288807
198.997303591698,-396.385258034835,4.4023869417898
1560.23016698743,-2115.86204886096,4.44981207954198
1662.12701384523,-352.323646568255,4.43277252855124
108.880401274728,-518.67403079982,4.31160474138517
551.501354249016,-1193.59446674466,4.63927295154038
1710.74272480834,-2157.48590743936,4.70273511465501
454.465670406142,-1959.83497609455,4.54591524567888
928.929109442224,-2002.33274149134,5.04227723767978
2291.01008494045,-870.724379948721,5.3636604922733
2494.66228124911,-1926.95033905546,2.93561013069633
1254.90725410202,-565.564005262417,2.87642090804258
908.226689349945,-748.24367978157,3.32428378537708
1548.06214773476,-1481.66737180606,2.53520849952877
3630.84032800624,-1868.56081625491,3.05850187756297
2782.25113440327,-1545.03906598851,2.73375616367255
491.121115120963,-1472.25148884471,3.02775970196576
505.867858869581,-1411.20146636288,2.90471111663878
489.773857474137,-1036.38813846617,3.01591421387933
785.629332285078,-187.999198915094,2.84851437426594
607.208921111847,-1146.81556719634,2.76406131401784
537.969090563189,-1355.9347059787,2.97978784882186
3883.87467840107,-1303.61732253207,2.68112861120351
3311.07427978531,-2169.71842133941,3.30028494056558
2797.25427416322,-964.197241697447,3.22426704776409
1390.50321983208,-738.985147343761,2.64875350723172
3627.01288083817,-1963.66778355292,3.09780176255414
1681.99444235029,-205.670055361772,3.25274405338604
4045.45268203066,-1373.43450408353,3.00184955157474
3653.2553645496,-179.879584079784,3.16783953602994
2902.84829537948,-748.378394410102,3.11518849192022
1698.19840637443,-1474.62389448436,3.36437208741954
2077.23951754343,-531.680682076845,3.21909346800466
2195.82645039574,-788.544531708005,3.38170856498544
3315.35407373208,-1608.43667058808,3.11901841144517
3640.07661073023,-977.035917785595,3.19210974825393
456.585058955036,-276.541676171656,2.84800551124081
2694.98149711975,-474.879435679137,3.23676101592479
3187.94146190782,-64.3113810893171,3.19723603925477
1309.08823720016,-1607.01380547004,3.28443751909212
1053.46827385708,-439.151027007425,3.3595990417155
3937.50684661743,-992.124028428607,3.3318410434355
1491.75074118148,-1526.43325535054,3.45552975747403
174.567662550194,-775.223780765034,3.55199653753793
627.630790048887,-662.11993470584,3.35825829993668
2300.25146231321,-2058.6343923464,3.50008733115466
996.5453660065,-416.881431050285,3.74301772801545
3342.27635103696,-722.782917444448,3.43338359899606
594.221925160358,-71.1755148210204,3.12562763442339
2957.43149214171,-1469.44352002764,3.6767330447726
2042.06044456996,-2098.98109738071,3.79260493510792
70.5419958377067,-490.633578191749,3.70217177603461
1151.3538164934,-2201.71710698046,3.13995802394982
2807.05593111941,-389.633350169343,3.52243108368783
2823.23510221952,-168.231068373723,3.3685677877852
412.987373174745,-576.860491793206,3.44828492329359
1400.46640172323,-180.014739319926,3.80688615249314
1558.79802001035,-330.832972367539,3.13068283068408
3572.92914695379,-546.332586099894,3.55183312510956
2980.85223406323,-17.6884942041186,3.47220201927216
823.196014224604,-785.264914714343,3.73166203122334
2860.92739644694,-2142.18170115338,3.58002228550907
1926.22167693915,-721.097743792903,3.56511572951463
359.320437277806,-198.936381297102,3.63100651326641
1389.96092052564,-343.802927022014,3.82619732199667
4041.75590013481,-1053.79622604067,3.82308689396922
701.064950336153,-2065.37654985321,3.63279915232123
3224.32746201091,-188.993599270426,3.80352136988393
2277.09399663911,-2192.65555312528,3.74418376848102
807.797732573306,-923.676244723689,3.53768303260471
2416.67200918685,-1001.39888599929,3.66953620681952
1812.4254000327,-2147.5365527851,3.53175253216385
2617.77132645432,-1804.50227736155,3.8304917336523
3436.11174641225,-1824.06721887161,3.99361215665975
2539.93420149732,-1929.70503305307,4.06169918025701
2443.86940934261,-226.481489499266,4.08284629659462
2349.7519259504,-1803.60782935054,4.32356071399687
2597.60069236549,-585.888839034115,4.64352709583444
837.314079773214,-1090.05552848447,4.39036846307854
1237.3314167936,-438.298964109786,4.17433516972235
1677.6568712598,-495.934356104701,5.01391838041718
3477.10070140392,-1333.81997432464,4.73660463014084
1134.57726666493,-525.06758510875,2.89955586322761
3073.40036689115,-577.444081142531,3.0049129592074
3277.93793645599,-948.841941945547,2.8441780986015
798.470684755587,-1207.1263471088,3.02296966991076
77.0938681332048,-1455.90443981245,2.67560307102509
2213.62499272549,-49.0482520139248,3.2081757153998
79.7103450622082,-62.2872949848634,2.9686615689418
1496.5063942117,-1902.44692001404,2.99846625954727
222.074386001691,-399.527224527992,2.98394937790577
3905.40667117255,-8.57308121243285,2.67029574298801
876.123168288368,-1863.05080145708,3.15713514051458
3574.23345762477,-1895.50876483206,3.07741644301033
3447.61166130187,-469.872858641269,2.77145305726714
3660.88326817453,-1272.68951694819,3.22097255122636
3102.65981563137,-773.065913702726,3.07567099494341
3191.2398273889,-1914.67281743863,3.08788126790248
750.316750935637,-1246.90823321153,2.89491100608184
401.086070528833,-66.8995932376652,2.58579277070723
1429.47389357855,-1001.33285975503,2.99906731851427
533.011609056545,-1400.77352403982,2.92472838882185
576.977740484356,-1316.1425373335,3.2520224816916
2345.74507524317,-1957.56599101468,3.9642676691426
1892.37657224053,-1577.819306331,2.66333952538803
3835.30980716497,-2129.27445447429,3.05266342757547
736.455800984888,-1455.34967326939,2.92521950663086
391.258943125004,-1373.94855833866,3.00643234541157
2318.11733372031,-467.306580426763,3.46883120101841
3393.6800613142,-1963.10207927551,3.12645117243994
899.919116220259,-737.66306910933,2.84247139566603
745.287919097877,-841.21856368019,3.28985239995551
1737.3873162423,-1836.12286574491,2.82809333126544
1881.03707973368,-807.824617949341,2.76663541176498
896.629235485282,-95.5735964565833,2.78468580726887
3854.24537439036,-81.5993602074905,2.71614643420324
2661.67355646458,-1724.80638624001,2.64689603042664
3101.58711143575,-257.348063325195,3.16633410826381
1216.10882703562,-1059.0290945141,2.74577254433304
729.513253817738,-1951.68584570721,3.12899818232159
3708.6078750041,-757.537759632688,3.07031388489733
1747.3253628416,-188.406230952946,2.62050558446813
1128.18322445617,-1156.22405568867,2.8040699520737
4007.18336971915,-1095.81825794212,2.9847680455205
2432.95886119302,-835.764981832237,2.79053875039523
2085.1326153132,-1954.19081009087,3.04040218653314
2275.42032967104,-182.936651288958,3.11301276824428
183.492084939622,-1476.59814269327,3.68996367231034
1128.86491956564,-353.181798227445,3.33697761520103
1461.06607138603,-1713.21355049784,3.36797954809752
1482.60813190234,-2188.11727863461,3.57936598523881
85.5669622439391,-350.185758235882,2.72673441533668
2984.4968971774,-1993.23012180105,2.92110999634729
525.773054249581,-1330.76081995247,2.70861172991083
1857.41152630669,-1244.14111794016,3.17803120510321
2012.42359771689,-1692.12179669076,2.73532699291359
833.549592670988,-1762.43561831083,2.90185804377645
2339.20693000992,-1311.71983033522,3.02795994600118
3432.59353828437,-292.694459514845,3.34576752169181
1817.42670865388,-1715.0734697601,3.36837858244342
3552.2528531679,-699.480805648129,3.08006506628997
1888.35249797697,-1479.78161863857,3.13277516963796
3139.87763614204,-509.709965045839,3.14187203192526
2228.9190215581,-551.80204040974,2.82357198315813
3877.26004510025,-1112.61674005214,3.04959259574532
3351.82801484364,-2047.81243747945,3.15094915018252
2017.06382641638,-1849.39968529636,3.47129963382396
2462.89373839246,-159.498633068805,3.30012956943967
1892.71089173514,-957.632175140712,3.04566492378291
1958.78090888405,-968.384827778352,3.06608191589605
1672.6854783992,-141.654599008879,3.16126044744433
3488.53487996758,-727.308649834765,2.78693614612481
2982.69017264699,-1669.18610985353,3.32845653407859
232.75613113395,-2222.90766849782,3.31757438633683
78.8289172400298,-1034.34226862747,3.07052579626095
3476.59395226163,-1256.20519332326,3.09045770026002
1827.91990304264,-74.3089106874066,3.10830374102286
439.029859898011,-1993.86213253764,3.07094126133802
2582.73359997748,-2098.1409267055,3.06174098978779
1736.74954768213,-465.425058551447,3.01913181458453
1636.87367567278,-2136.69681981165,2.93794910341573
3529.45411021079,-273.132621082725,2.92265203107129
3888.25128680626,-1838.30776912127,3.20347182158822
3856.97226978942,-905.918111143836,3.04861291617449
3503.64014861397,-1792.85269838836,2.64417885316523
2648.24012737072,-1806.7317786534,3.20732578856092
2285.67064546912,-1650.95038429966,2.98930171645552
621.61853134768,-1778.93018014805,3.24270335545184
3051.1525635794,-1655.85656602496,2.95465578701154
1145.23280685779,-1350.62009122047,2.96384523299411
267.789359166415,-1109.16605589062,2.9398046082804
76.5085500881314,-722.231966761897,3.23678325140192
3613.07574709717,-741.371055561715,2.88332124565237
1559.69392997963,-1281.38398770666,2.62061259384612
3982.40445153002,-1848.06665175599,3.19172269542808
1913.89559018608,-1307.84556301255,3.21159064882081
548.898694834064,-1775.56254359773,2.79833145862793
1762.73571048743,-728.96093380723,3.41307287291753
3067.87717910879,-695.658109410991,3.08127591678333
3345.25063214901,-1788.61489348326,3.14622154300569
2154.37500055044,-1078.87019568791,2.98345892703518
694.065721863922,-406.717473162329,3.77966409434121
1142.14615415384,-1680.89740471242,2.97366617300206
669.896095818956,-39.9789966188106,3.40690378300618
3833.08675441046,-1084.11971303977,3.45024221576242
3965.29543462576,-1132.77600032065,2.98780929722055
1467.04539197538,-872.269194895684,3.50582250613742
3937.02208424566,-994.458030398978,3.83547789136826
1815.51481394483,-255.799489078985,3.98939270279896
1334.71706755541,-1626.0956449664,3.47897272400707
1036.32090978846,-1905.92419394565,3.49396205477393
2403.82355524915,-123.299979253261,3.86330483468812
2476.46916082493,-1711.85245733804,4.21288457506212
3636.7284352606,-324.463499121723,3.75790917327887
3234.41942016276,-184.681069223537,4.02702718469285
1492.92134852008,-1733.24240945837,4.1405496222883
2494.62694588945,-472.15879166978,3.93868413341926
2915.47146427798,-2115.68594184813,4.0309992532768
2602.66227082722,-431.381614605957,4.45042043671799
2391.31701699998,-1610.58649905629,4.40700882838873
2239.79299374606,-531.024269569856,4.4241085425478
3215.72636469645,-1243.86006082636,4.79816697857219
2052.87773279679,-908.522845402478,4.91782510429986
943.886393749591,-1993.8099611173,5.32010435522279
640.359202135473,-1435.46181797498,5.17147715581311
1459.65359028311,-2164.11653338362,5.50622427074187
781.569641606385,-292.750158199093,5.43007834388929
3980.8048504081,-1588.22483390179,2.82117065278546
2742.88185772084,-1843.5305758667,2.9188913958611
4057.50025309818,-2196.50875518597,2.93602236153694
1318.91585549075,-1414.67916863955,3.28501919399919
3688.69182285138,-1792.15022896322,3.33855541317173
860.937209460779,-1565.36854434886,2.98358752612136
2869.83311336732,-976.516353019803,2.57671127850247
1317.11226960566,-1583.40642493813,3.12380256419704
3396.74627864034,-1576.35599966588,2.87371635087893
3986.60460546404,-1310.0218719375,3.09107951187887
3793.99009025052,-1268.76123607946,2.87579825591537
1033.46537454986,-677.301425894131,3.09331545122353
4008.56234048702,-96.7026485941924,2.6061688677137
1530.14486474247,-1041.79410411367,2.96749480700463
867.683238435999,-1659.62194974353,2.99045626488927
2057.15472976322,-1210.94852599199,2.865752955074
496.696812171934,-1208.07502140445,2.64549974041231
2187.59937412907,-967.590836349497,3.06478547512911
4052.9339423645,-1551.61576666496,3.29743399391907
853.536086606166,-1879.34657281255,3.04570697938744
1612.89026914763,-569.083862706627,2.80539047216796
338.34738212014,-1587.62820701689,2.88044309646142
949.911297891908,-348.418860632456,3.16958702240666
576.607997308472,-1319.72592739484,2.74596379556688
2279.00098995174,-711.251560156619,2.84171238150065
1297.50610839254,-1392.32794067516,3.67624550206423
1584.83282257111,-2062.45898842187,2.74888086986301
3602.1890954141,-1301.24926376629,2.9141287534515
97.1760486299204,-975.465407133887,3.09708835100724
2293.18916271201,-1411.77762209308,3.08352495643373
3982.31247494003,-31.7570292644824,3.2144248171969
2985.90173915532,-1837.96396657768,3.52391689617834
187.37366153649,-1484.22549996242,2.74499813544449
2031.87761696307,-1282.6965673146,2.84109457948983
1003.35298797466,-898.947098163577,3.16503229198269
745.426049760732,-835.705303799181,2.87409348192845
863.828218112528,-897.541015441804,3.08413001666105
1608.77707183193,-832.08550520975,3.0121248917762
2184.60589903471,-1587.88616026523,2.92578093113709
2647.20965486615,-359.406089711251,2.92660726076556
3282.28780288368,-954.05437065016,2.97666892637085
2084.45180791417,-2159.56660751211,2.65388107895896
2422.82423870232,-194.591644533641,3.0659261031223
527.568274015241,-629.909599547389,3.22074208931687
572.809648026622,-636.554458446299,3.20472728166327
2987.87609545618,-1667.41007035402,3.30915596411391
3838.34180403169,-2126.05929509619,3.16924038747901
2075.3703243682,-1145.63514234697,3.31783581042402
3363.23119601047,-426.354494860375,3.0489219829389
2753.0040260982,-1812.40181531239,2.80087270115213
1426.38554769783,-80.1739460230943,3.01123450196371
2979.72414409124,-1042.65121930829,2.99815672007548
3839.4457121955,-35.5805911121186,3.39844044444125
561.815370642606,-1491.94421361365,3.03201752070346
3666.41178246293,-1270.32955037055,3.18299240008938
3903.37719207397,-368.097765521107,2.96306336616694
631.239341391125,-1930.52179885205,3.10398144261372
3454.32719003922,-1057.65430073106,3.00005513221879
2587.22557805074,-1792.64585934144,3.05389859572961
1454.21211952703,-613.60711896142,3.16196617223126
2798.03080820307,-971.615058228083,3.06599201730763
3871.84545139424,-1618.31381182888,3.01807751867742
556.808441513117,-1662.02567943034,3.17632897314693
4018.83186354779,-868.414409193774,3.71646674636874
3107.41495701099,-1568.02931654194,3.39869912455581
1023.45444398286,-740.043490189758,3.01934781995377
3369.53499339979,-580.286909241643,3.24114435560059
3242.29693428317,-123.74077420159,3.44426845046696
1337.85985295554,-679.465287190142,2.9537347185916
3425.39334917098,-1679.22198147826,3.10256920197538
3004.2057245967,-1840.09571108036,3.31145892957521
565.123090367438,-1817.86584233398,3.15725350655801
3203.47734063631,-1597.10705133978,2.97643603918085
3483.13410472135,-895.230766597016,3.1127271358738
1605.38498866647,-2213.98971158542,3.25731677500282
3785.07367473531,-2071.71592367861,3.2244570110623
3989.66739232763,-1135.95820494411,3.27514676178029
2197.66593679332,-446.697550546483,3.15579667006879
438.113646652463,-1575.42977885762,3.33120057486491
624.050632645384,-1394.44567635876,3.37521906239775
1703.45630241615,-1333.33993742223,3.21790028763317
1647.51562932159,-1019.84786254719,3.21781237273138
3133.08021676938,-1389.58914774005,3.19249944374966
2994.65549498913,-1645.52738592467,3.49552348142889
3352.239628136,-749.954157939599,3.25242165338601
1478.34980604119,-865.892806822018,3.62747815151494
1987.16037505633,-1508.68214173356,3.24993601196019
996.06233127011,-1834.79304204188,3.58733854836167
3002.28597137005,-1603.03808055079,3.26749510589896
1769.12777984371,-345.834557695837,3.85418382253577
4047.52307853053,-1053.93792315755,4.20757881660147
2030.09372952312,-692.982202655216,3.84801836221676
3895.59526408768,-1468.12109885111,3.8723650752451
1481.49557210505,-877.781234664864,4.09112202940315
1873.35401674521,-1985.52771487604,4.18864237142918
2384.14296821368,-1617.47633457664,4.06539473036123
1491.31910599591,-1740.3108456583,4.13217685934546
3325.88228020753,-251.309965856491,4.38069319148871
2574.54669497322,-2132.10988076537,5.05540726394252
3409.42388836935,-559.194480497072,4.84140103184466
2325.36453082979,-874.596541079056,5.16565796835869
642.700928774241,-1436.6198183797,5.21360010471351
2972.71054933009,-337.09642224079,3.1245936028164
644.104772934903,-794.230256835435,3.05289157353153
500.447285080294,-2157.18410836015,3.07564218981648
636.001220133377,-1349.40859082145,2.81402866201173
3908.6082296019,-7.35613416234912,2.90865141121811
3684.20444703998,-1789.84175200361,3.01978463092714
1722.68948125823,-964.723978287304,2.99111709581432
3114.69010766171,-1704.31120174655,3.027745726995
1669.4120136204,-787.967890418095,3.19289995857349
1178.78115951925,-507.569796634541,3.07644495627233
3657.56007509598,-1271.77969601959,3.15408002621829
2159.76065951947,-569.068265668095,2.96392047275886
1837.9971194046,-2068.39035401771,2.77096931650601
3714.18685947197,-434.179858233132,2.9300998304633
2477.05916325721,-363.829504665127,3.26990486061061
1032.11068912879,-1267.05526370144,3.03446922191176
3091.39641459074,-2109.35435368276,3.17363388023988
2274.35374287146,-1644.06994386729,2.91518562481162
3988.53921593563,-1135.51109426063,3.18633946963529
1478.60562250364,-1461.76272493225,3.31324759960945
1293.35700375144,-1043.94186363265,3.52879150391701
2345.02678399327,-117.80064792575,3.32526479446942
2291.55594978947,-557.558551774909,3.52209841377394
1863.13764795542,-1999.6251975341,4.03190256943055
2046.49504512845,-1396.93979836271,4.37608040103882
535.222620037704,-1209.11731000127,4.55726814917961
2888.98324933165,-407.37560199377,5.02204213108558
3003.34255184218,-924.636607484651,3.19445321117435
1075.73939969041,-1130.34783211654,3.02522766334267
3622.48036633123,-45.9277711576556,3.18097422859511
2773.16351531706,-1937.29216126306,3.43444662595512
390.455919197951,-1281.65233837666,2.941357256412
558.987066757129,-1663.79628996346,2.98502168738161
282.318095984518,-459.755651843033,2.90338965720438
157.189805404741,-1527.92888849493,2.84753431740176
801.034149716751,-324.482746350359,2.9096421336636
766.077346775544,-2097.8624892763,2.90620746673286
1019.11444648007,-743.352441065777,2.83898250176422
596.83014618371,-644.229819520075,2.93478638782808
3284.24964397945,-2055.93563831574,2.95616895509534
3168.57106943691,-889.611022265038,3.61112108707565
2157.98300426863,-560.936438570985,2.85225391601048
2887.71536815228,-52.9588019320448,3.43827912735935
3713.03972991279,-254.223499851425,3.33339081666674
3252.46165895701,-1290.5048158521,3.37044726597246
3020.50959492658,-497.072914145633,3.00704164272401
3868.30535815924,-290.929340640965,2.94868193539312
1141.39224856202,-1350.93622576324,2.97713823993099
2092.58233890168,-638.494741159926,3.08618516330608
2758.37901495082,-1900.38543177202,3.12091536002199
2251.19225394361,-1602.06959804448,2.79601156059546
3761.49542985075,-8.2206730399784,2.97163122087824
1731.72776285375,-1835.96676795112,2.9891008841407
1561.07735995416,-1274.4584398827,3.27768172118817
1156.1047108716,-1679.00693947126,3.11010033557136
547.406121597053,-426.369521552869,3.25783247825016
3780.9505709856,-1049.20562518167,3.10979611010699
3527.48058292009,-273.059610297314,3.16943926476035
1199.39888506992,-771.952676577502,3.21909609999311
2265.54240066426,-1646.91142486727,2.96502035325434
653.503394855144,-401.230895216818,3.40967980007599
3353.07732221592,-696.727393028713,3.25477225886524
2729.01596213298,-273.744804463448,3.39643452048046
403.34218543346,-1699.33701121765,3.72999241036213
905.765086442506,-232.482659082624,3.27517112067617
1993.49790544821,-549.741762441457,3.6556505849737
832.145012965717,-969.221730940401,3.37852996630223
3137.48702065392,-1402.04426164238,3.60710969636014
156.936565900123,-1066.64595610312,3.42885790643963
2003.89202641787,-1237.47777382591,3.90704685802895
3758.41943838912,-1336.77785966776,3.61869048545971
3483.95040348727,-1471.89070057553,3.60108291677091
3057.96979208917,-1356.67549307311,3.90056068905814
3342.7433634241,-1790.15053608512,3.53996839271776
3334.73604436704,-1126.38942139678,3.67068676787007
1457.48121532663,-698.37017897468,3.6039711205415
1199.5695879868,-1591.04460308705,3.68438263896949
2937.22051728347,-977.397190923634,3.55923731223401
1904.41156608654,-172.477170729879,3.76554691210606
2030.03327876302,-202.596594725333,4.19617241649044
1005.30701833055,-414.915442218693,3.91733643211156
1815.19022722316,-1671.41579130791,3.97999563818614
1319.69280688782,-179.815139094104,3.97158692804512
3217.18054477292,-865.855370195032,4.03515310982973
1951.80397124154,-216.223205655572,3.9734054252763
1650.06224785166,-1652.05928802588,4.19498481669665
2392.26646360211,-384.405172929378,3.75065228648588
391.67313368203,-382.466368938704,4.05208917179139
1093.83372701583,-1618.41697261055,3.94006423030481
364.254461669462,-194.347154413734,4.00244636983692
1195.86431408037,-1699.39868797185,4.09507268850769
981.966249476787,-56.0333503482631,4.13359171527883
2164.67588921622,-905.328698406314,4.21217005854212
2447.30592835888,-247.537705312155,4.43722016785568
935.572723325382,-829.557820126794,4.57485046910129
1130.78327119014,-1136.17686037877,4.206572777457
1887.70752390153,-1485.45641346841,4.18895995129137
3828.23770943815,-192.269230814346,4.34293821955078
3338.40577149332,-671.115613976524,4.57909046805405
3665.42925985719,-1054.44976609577,4.60744171490605
3890.02105405307,-1021.77595555419,4.45307541442729
1361.36209243053,-1697.83838771934,4.09893902292688
1807.17834257462,-1595.9296622016,4.44351836260453
2308.03162901485,-1187.82393806534,4.67220169418126
1303.16756779108,-961.522073780088,4.67249322486321
542.283249871683,-1213.36356353488,4.49522062912455
1405.75088085449,-905.959507191273,4.79573862024183
3691.75784449235,-954.184557824111,4.47355402944266
2091.15272035859,-523.037632479038,4.84217108419157
1263.14595873341,-443.371622071275,4.54136892804156
472.989477216407,-1941.04346595224,4.71872781973463
2088.76793290034,-1021.51594181926,4.65645035194256
4019.10620737848,-1240.81115713139,5.0003167298109
1553.73718822757,-978.854757943498,4.9634594570204
1421.72353598839,-2168.18566680832,5.28030192896716
3292.85577235193,-562.826931183478,5.77971146065189
3580.18379471566,-2068.85045703583,5.71799611653241
NA,NA,NA
3713.06518272986,-438.209846098166,2.97419655591835
658.608679610976,-1362.90882810219,2.94480546099793
3721.9647816945,-1157.23595507599,2.97137923109569
816.469561469793,-1226.73308568085,2.99285117208094
976.705575379777,-673.597435553979,3.14326505686442
2461.11297971196,-2062.29229683464,3.43105671393855
1161.47841658708,-1717.58156993892,2.80637692089873
1976.91562066685,-794.939429756061,2.87636076696202
4029.54116910291,-1084.6029722629,3.02042286977897
1195.26587873201,-497.058255424892,2.92702230937233
2594.30655014041,-1858.45231555983,2.93304590787832
757.961596248972,-599.410509807817,2.8122810359643
1607.6535137297,-1401.24367022138,2.89012806332696
4002.43908845439,-1042.88167363158,2.98940393810323
2419.40514114261,-2014.53638824207,2.9922614002989
3490.7922843821,-732.505125636855,2.86999651388881
3985.29296643516,-868.474180584456,2.95094877006412
220.99304632775,-1371.71258212807,2.96281198061887
1080.43175083298,-16.0032736015945,2.98538460484306
1246.42696315994,-1076.6405946247,3.0455494671478
2571.21890256948,-21.0274925434423,2.97461898220851
1979.37130961643,-874.531584435274,2.89820028514674
2574.55334608355,-819.63847635785,2.99071180219467
280.731464863309,-1894.54756417954,2.95984047273569
1570.90676866048,-795.724783185919,3.08896755967882
1275.82942376101,-397.47139250563,3.01312284515303
1201.41913142975,-1375.87753012094,3.00096215354061
2811.24673184031,-63.7626760143837,3.07705724439274
1789.77596965697,-321.816339675797,2.83333267794904
3489.32136499047,-1729.26271204306,3.0725717246104
1309.03332186215,-1633.95841428069,3.00690723414832
3428.62672923077,-2117.4390694475,2.93699806956369
2829.99185882613,-960.779474135747,2.94973056995213
3399.03250319135,-1573.7988834608,2.84027846138952
3812.61559346683,-1759.69014995301,2.92640808011358
3480.12545729522,-1449.63340365978,2.78651504801683
3507.69744288011,-1919.28628822189,2.85958104704495
2838.91365523472,-1010.00560343056,3.10008650162715
3118.01534508409,-1685.97539130322,3.08968390259168
2037.23028517327,-1470.21770748007,2.94320520973099
2550.09736059985,-51.8260962803492,3.09944673706535
3127.1326263436,-163.017717345374,2.96586989286251
1767.19024971136,-1950.92199480464,2.83851695456402
3185.40181695844,-1915.94441981602,3.5768370563448
1363.92367184167,-1618.38272658695,3.04971148855291
1082.35577816359,-549.134886254418,3.07002454013697
3270.75993788517,-17.4688562344122,3.20460515955952
3368.3611623638,-1216.6998515853,3.06403676003058
1849.14743527807,-341.464366611032,3.09579124525469
1047.59731379265,-2163.36894021146,2.99797013697318
1044.3513461142,-479.791588857864,3.08518688492507
1216.12841592525,-1892.38595250337,3.09176259901583
3436.77426874594,-1253.83172977045,2.93898507186894
323.601754823312,-1909.36699680591,2.98569002068094
2993.16164842498,-1626.88248373262,3.09507138472305
4028.97528923012,-1793.14853031537,3.0030696292524
2493.42680783334,-696.07810961288,3.07716934878212
2629.60419801538,-1572.71898314341,3.12552181445546
2055.62803563374,-162.271442690071,3.00763293354418
1236.90321014259,-1692.83663645185,3.09787020893502
2758.87227804431,-137.312098744483,3.03294989417231
1720.92156274171,-1964.19134904423,3.03636959748983
2552.53404867946,-1416.61960627469,3.05763716822483
2214.07254034496,-398.347788699067,2.9999649061101
1034.74263169223,-1266.56561065699,3.05405233658005
3491.07180548099,-1314.20556136742,2.90100720013162
3223.60436802312,-1406.64280495373,2.99440792096372
2717.63089887219,-1454.47353529137,2.78155720964437
1670.26584388176,-1367.68736603522,2.97094436171408
3889.39489885845,-1841.92671840336,3.03395925660107
2617.90154614467,-157.226921693312,2.94529584220876
309.12157596884,-2042.08697302991,2.92783840513652
3793.90488443805,-909.282511800694,2.99120107768684
1356.01392681059,-1464.80910588429,3.0192745757633
1267.32819479816,-1630.41511934476,2.94312995208963
579.203124233572,-442.801978321238,2.98193000171241
3393.24823749308,-1696.94197909488,2.98064623298073
1745.29623768073,-1805.40844111636,2.98312483634328
2867.01341603688,-1594.50751996112,2.93838586678582
341.051220012599,-976.167582357496,3.09508174947308
3350.57759739436,-906.142234626028,2.96463410379974
3253.64659484026,-311.779151224553,3.00942683434888
2259.89057035615,-474.115161739217,3.02812260154397
2465.85852235362,-782.687041998518,3.03461795502715
804.679539741439,-311.483569246473,2.98600142760834
1210.41633714091,-630.343699693857,2.87408564955218
1888.45010549898,-2110.39007376388,3.0311775850619
101.329968570845,-808.509641081368,3.01253856844225
1935.05110265834,-91.6848095560596,2.91256404819288
1611.35960160509,-181.415785347206,2.90168869293951
3367.71575186536,-586.725661695922,2.9583408235754
1157.77972335779,-617.003494805529,3.19140157469758
3285.86420088633,-1507.90786516979,3.10190517474088
282.120036454425,-751.458244255575,3.08576292102691
796.088299942946,-411.454086957274,2.92081142067759
1488.98047992299,-1953.96317713983,3.05859195050578
821.545565049512,-2203.39996006252,2.999191773824
1760.91645288805,-728.467069148743,3.10582785248073
3597.8907450503,-1733.85695256174,3.08004303394072
624.726062011278,-57.5789918238212,3.04035123263641
843.952382729828,-1970.25886748439,2.97460841242528
1902.02768306138,-104.667376150435,3.004552541574
2328.59230734339,-297.584453432321,3.12488816384231
810.288581441901,-1446.36218301813,3.15170664221493
3214.79280802569,-2126.3845018248,3.09301557018029
394.115843590728,-2099.96585443214,3.01441091425826
2566.70271083971,-2207.05580850818,2.89877329214203
4010.10946047917,-527.00096132782,2.99819487736332
329.099131886635,-139.598441416875,2.94046555742418
1735.26091072555,-1543.62357536176,2.92117686547985
1486.97172701828,-432.791217697906,3.14700419167422
2168.23952726028,-449.235148805611,3.11230391132122
2390.94819224781,-1035.80908051401,2.97414054707486
193.595261225294,-958.225486808526,2.99899334824678
3638.82180536191,-361.129153893325,3.01019785198854
3978.37428681788,-1855.14885348758,3.02419914995429
2153.54770822197,-2086.28214922233,2.79197483653301
1529.65055199219,-1135.8044968217,2.99521434040183
414.780046824827,-1514.67395485832,3.12787878602324
4012.3017021319,-1697.4693282492,3.06651641858914
1859.59940579669,-1427.88620730216,2.95125411456714
1664.50560762177,-578.579223260325,3.06383064849855
430.308047146515,-1477.11351742821,3.03812672448526
2063.12504293615,-128.754952082477,3.05253410225389
2889.27884328807,-1306.72594996068,2.91559496178412
807.807588109977,-148.398719008305,3.10799971801712
2162.38200514212,-539.4519431683,3.01716732914949
2676.01975520474,-495.43031546271,3.09931612415419
1456.42759862268,-1322.69614279859,3.11851877555109
3055.00859606962,-932.639486155442,3.09570895047954
3840.51154581771,-1314.09894368814,3.11801991457738
3388.3463072132,-68.4848070680192,3.16147888311374
2565.63194723967,-607.27602093337,3.10064981984019
2403.42168033326,-411.410715238306,2.97329491259468
2215.41611590979,-1340.73745021558,3.02609961501045
2637.42320238025,-41.7268710550321,3.20530963286131
961.168724618747,-1059.40719436722,3.11062141728637
3664.73833094059,-2195.48848194789,3.1592134277173
80.0989197642596,-349.17017932553,2.82260783913918
2902.55615581894,-491.079234526741,3.05836751878491
3420.64648696021,-240.910281072213,3.03894485488128
3228.89289425846,-1094.18739733818,3.02056176269997
1508.49668128332,-1413.34736356047,2.9835663826168
3194.97103858047,-1591.35156865394,3.22931205670635
745.077272696835,-1968.15607827476,3.01529561665935
1709.62849641228,-1625.74257142857,2.99325860649287
1291.3147254844,-992.60088227474,3.05154693204954
1916.18010752782,-652.016918280148,2.92802752289049
1273.25165843964,-1800.29801150911,3.02126279907648
3062.46169452241,-702.066865271828,3.10770501440385
2493.79418779678,-448.908154953919,3.01700560111204
1391.46010483101,-677.389715053055,3.09984487036326
1281.36626173138,-359.157401162027,3.07870016590739
1723.86986272915,-1803.92319056159,3.07269869432357
983.137702905025,-1750.75713348085,3.07717738566534
263.42830999761,-759.662071787318,3.14737877822097
1016.23895207322,-455.233151306473,2.99021916883296
3476.58866741425,-595.582414411931,3.02037438777464
3885.55158328702,-1488.69810506818,2.97731188466379
3914.39936981389,-259.342629203245,3.11941832311552
1055.0246170128,-32.4798591791559,3.05220565999253
1434.13494188929,-1928.00160746563,3.15669669617118
1840.60640982514,-2067.93998714458,2.99686859684552
3394.41311784654,-2205.98973185051,2.99571120461124
2869.75670445959,-1639.52665209955,3.10020014928971
1808.861612501,-86.3744139722152,3.0495301803182
602.635365541289,-268.045809230298,3.00957810874669
3198.69266381179,-1548.48297289883,3.09030433121906
480.012553484309,-356.608336378208,3.06016831586314
2989.33130989666,-1298.67972417292,3.08015197412506
2291.50300375449,-165.305112080628,2.9581675212092
3597.07850910814,-338.813362841998,3.30293664490883
1366.05460765691,-1701.64709017657,3.06284538646445
2186.72163184526,-1571.96582893384,3.03783840219142
681.788834855434,-943.237915036119,3.20274486253821
1727.67421557292,-1728.48357606063,3.17377097019435
679.302245185906,-1551.34546858667,2.99276900368892
3901.63733524309,-876.304271396767,3.12424387767203
1975.25488792345,-1486.55367236029,3.0548762742255
2652.84789160209,-2145.51671699802,3.12278503026777
1568.75781811434,-1718.70098458292,3.03013943943582
3249.91719286117,-181.606098328389,3.10466772639129
3873.19715524527,-1069.0713141168,2.95810399976488
1431.32564274427,-2182.40108265031,3.12123959349726
2886.71693933021,-168.596772674544,3.14843317880506
2462.63839850584,-880.017969053104,3.05515322833879
717.040463526981,-1821.9718001542,2.99878963073512
3334.3994830665,-614.367287985774,2.97569593222428
3048.35319826766,-1325.61184887538,3.15190667701215
774.665725825349,-2034.73555985071,3.03375125395174
3303.10541734891,-1089.18641139979,3.06692011894903
760.644136939875,-488.193518326088,3.13113707788933
3558.13056757042,-1874.28359549284,3.02913860287878
3544.17763213036,-450.710695931838,3.23212085047026
3287.02311183545,-1033.6578690209,3.18109962664436
574.890620909374,-1933.42395686198,3.10031676716408
2570.90929505104,-245.098747136968,3.04929815208835
1770.56176962421,-1887.71330378337,3.11349701293448
1651.56349615092,-964.50263885177,3.03795087998087
2431.34325541,-1953.3219270743,2.8928869629913
3257.28513688797,-1296.01144106708,3.14479084511979
82.5951884059305,-404.014849460192,3.06198452803176
1767.59198269424,-1494.80006319488,3.00166308884646
1827.69954596418,-190.1954989146,3.07595205777642
1835.09605885609,-1848.92994204024,3.20960777188553
3600.27437673456,-900.394157307004,3.07495070635915
4017.1252974387,-639.519815244439,2.92079285741239
1024.58396798761,-516.915488072288,3.08970671174062
2620.03994995517,-2213.4955249092,3.05565731550443
2603.76027745747,-222.42009027898,3.16260727576517
1510.87574073725,-1772.05005155841,3.08940838642534
3040.50023426326,-1856.09198709628,3.06777958805717
1995.0988154983,-523.688055217299,3.08601935248329
2497.93828326364,-875.971068177123,3.11008911997223
3124.03023036976,-740.842188408761,3.07448407784255
1467.20815379949,-844.55304398532,3.18949525157502
1174.69930473427,-1379.67524942674,3.00336828379369
1481.14600202017,-1463.74359744965,3.09440595954243
263.615266664915,-407.707068216871,3.10588432589332
1704.28511499853,-668.29461386653,3.07778521698499
565.028943380599,-1476.92234246645,3.06864887749986
770.863871504088,-899.191953726375,3.14976780891248
107.313181545993,-1434.88108573582,3.10852785996451
2952.72090778542,-153.847646180372,3.1807299343252
1994.01991746775,-1869.67032488878,3.08485065088601
1902.95016162042,-236.38593928735,3.13023440436594
701.275940403031,-742.715744608702,3.07101060542916
2663.04770112749,-936.48673712872,3.11257238584136
3319.16172622102,-531.285096774076,3.1757197308261
1347.64391334378,-899.934654023396,3.1599289623946
2477.89779670503,-640.165544820075,3.16778905852341
2569.90781330648,-1623.97258179818,3.07418096356735
2367.20695046504,-1730.16984081831,3.22984438419018
1393.88687730325,-1609.83380564303,3.2248969197833
1273.12448517161,-329.463682548946,3.09186441570123
440.53516876354,-1572.77175562682,3.18912255676038
2268.30569707487,-1644.6809347473,3.11186229404162
2390.55659503607,-873.312406977674,3.02297789674714
3688.35132094463,-1732.38894373414,3.15087490789298
1426.33344532165,-2045.76580735294,2.9931312042995
3238.00786875484,-2020.86119289104,2.9835829664442
1221.65553240093,-1028.08538131675,3.1779153890109
2170.37896000245,-924.557861155067,3.22079136158091
650.319530001584,-1218.53236492718,3.12626135399616
2463.14257611358,-368.176767758651,3.0751467268385
1927.30388690043,-1557.62051874449,3.13920472928742
821.376277818456,-2004.8757513087,3.26138625459852
2675.6386564015,-1664.86198789085,3.02985090913176
2942.51143403831,-909.774366937461,3.12747861848525
2734.33187691889,-1710.56677623732,3.18048694919162
1927.16145436266,-1333.66127156935,3.22791421221082
2465.16698223058,-178.813349366108,3.19846915488258
2205.6696560289,-451.697781632733,3.10929501010285
4035.20336454298,-1760.35806460992,3.23529519212409
2498.25253827467,-852.948941661029,3.25863171120249
262.431724690996,-812.109516256455,3.1001764231616
2566.16119507813,-915.584384036646,3.21727333802095
2676.51094410572,-672.903052345262,3.19273177584785
254.620502450717,-1470.29836353319,3.22798737824273
3776.53413733823,-653.597433208187,3.08586392651516
1604.96030444472,-301.974626770365,3.24938741256808
1617.95137275719,-2140.24068077232,3.07027795513887
1608.3142442035,-2218.01571096024,3.15702707045893
1486.55314834979,-378.520103735787,3.16114618601896
1762.8638864088,-281.946887746006,3.09707507494636
866.518228000935,-1327.19830685228,3.24928466074545
1826.29690984665,-40.821671930485,3.11621576983703
1452.99633779185,-1238.20813731922,3.24780331337196
477.466224985376,-1839.61200025663,3.1940342869208
3666.14841222243,-2019.76660660959,3.07298648707294
399.637157623734,-1193.20895384948,3.20251946460395
3488.0365133719,-1344.17852872496,3.07392474049415
3788.38956147885,-487.734538317266,3.14226207268814
967.605163880847,-1430.65860854244,3.17514498769889
3368.98209108618,-298.096015991919,3.22845200020547
3754.84336575014,-1692.14002125343,3.18756404418989
3191.06925859798,-66.821203570583,3.22694838120326
2254.58387022157,-788.424684400568,3.12416175062249
1400.3965665262,-713.553319067685,3.18097337704036
3655.96150457051,-178.048284280972,3.13820899966633
3570.4717307582,-1363.79670133316,3.21747427144461
1975.14629698839,-949.187364281966,3.39670458369224
3987.37586869164,-1137.39688688813,3.1588075252989
3102.32713801703,-922.526104089413,3.10301931074531
984.894853652682,-994.279079600993,3.35763570415417
773.654343252967,-1337.05102856084,3.30521825442065
1277.40343990106,-1104.03984078825,3.13013672658575
3027.11740929685,-1543.98711829006,3.16443608967383
2564.65315726982,-505.898661658082,3.00800414439445
1856.99676937321,-1957.83608376325,3.04934156132651
2195.24667380835,-795.761513994166,3.21930705013796
674.50363322786,-46.9970911434635,3.32202069981003
3955.62912132022,-917.681436085491,3.25984589689272
3834.96135798334,-463.599875730868,3.326994657008
2996.48133129302,-661.482071754164,3.24217624889871
4059.87167310962,-626.386941320217,2.96880309445434
1977.98819466389,-14.7245949224528,3.20345922929224
3667.09968371972,-312.441217999808,3.30129046706721
2787.02422958645,-207.955882069223,3.34429327501279
2770.90688500879,-1874.090887749,3.15747722639027
3933.53054211845,-1999.21996318234,3.19963472447015
1341.05265635186,-2010.57192447037,3.26185067919793
1088.79250044601,-367.254886786151,3.33490587165301
342.718627510989,-596.405212593914,3.24808208162011
1912.96619674522,-1795.28868960656,3.24428785483761
934.14662030208,-771.212283076492,3.30616904219121
2747.91951648742,-1448.85808293078,3.43466672028784
2735.61988183505,-336.236095498707,3.19762981627811
2087.35625068927,-1577.79001727041,3.14707352320583
4043.04486580323,-641.375903620931,3.23956849460949
3717.83014307116,-1740.6194310499,3.10516382902035
2186.03832679384,-1670.45486157561,3.11502231283629
471.733134263776,-1401.87589270528,3.19145519444529
1089.02719949288,-2054.96679019388,3.0934646171582
3375.3327563402,-92.8127214255633,3.19083816676883
3467.07082736483,-1346.64043062887,3.06130974457227
3427.03197315224,-2174.16940831903,3.1861389987359
2742.81322599972,-599.888036796521,3.14675256422344
1702.47614715801,-1330.35795652406,3.20449365140243
3159.26135206345,-1937.27859328346,3.2274837779794
3383.55041170963,-468.605535139809,3.33186804199814
153.717586551286,-109.221356245657,2.94756103385722
2613.16015695049,-1978.66607804257,3.22089682667927
878.166492664658,-2087.4334073111,3.1920103519272
1166.32296772823,-900.139849320089,3.36356627301111
3480.77690820031,-893.282143262635,3.07034063911804
3194.54171237957,-829.775889646364,3.23979745601345
1098.44525079701,-1326.50783734357,3.23073089388818
3327.72610350238,-1836.63870434956,3.22439469994847
1961.59381278746,-50.7589067108897,3.25910916648868
2905.87800504069,-746.804196794825,3.20820042445827
309.288259819318,-1532.26289977284,3.21746421955601
1783.88224234207,-488.904920736944,3.36096621426489
1493.95664319986,-1788.4937686152,3.22038142289306
3947.91741700791,-850.904145988608,3.13444826851828
3806.89835130568,-10.0866186648277,3.17641087660222
3624.34511743069,-1564.28619547626,3.13054733961314
2442.72725468771,-2140.77177860827,3.27896954038926
2029.04318913846,-348.136834272992,3.24203379724485
3010.21666171343,-173.392374495317,3.21506882454803
318.122686657192,-99.9763235298629,3.35508417088154
546.432044928566,-1278.41493132514,3.33933208351661
997.320091737969,-1700.49419827093,3.19967556808945
2804.32430434358,-810.967422667005,3.11566953797227
2700.20925555722,-190.778144936335,3.23383644153599
866.96089095172,-294.044037273929,3.0792126587576
1456.96536678842,-1744.83766410764,3.30828124376837
3084.38103754976,-1858.59467487185,3.03582844733234
3550.10667383978,-1158.60172264853,3.41871504501833
2532.14046994034,-184.203681267647,3.19341038906326
4050.34206522739,-1623.25571702615,3.15449956363832
825.161438020048,-1915.75367857314,3.41562804016458
2639.20173128104,-897.029698990192,3.25163210300437
1038.91882883407,-1504.12470119954,3.2825764060727
863.19900314334,-261.095461636057,3.15173848506162
3684.04773793727,-2009.65026153712,3.29635679678997
3971.24779220432,-619.799195893657,3.32024322186903
3025.74464707454,-1843.3337891286,3.29135291684325
2794.32986367133,-2118.75621358306,3.44335025983005
3221.15128733841,-1826.44073246918,3.39924432438285
1076.47025892737,-1292.96616538969,3.33388644305388
1879.59117161608,-39.348126211939,3.31969677982172
2511.50290504571,-2.32450366467862,3.29041328917854
1508.99097491037,-902.087313336816,3.32586370336122
301.596348215273,-1947.78877974018,3.41440772098347
2337.3043023615,-69.177505024499,3.29008067253336
893.023457635957,-1983.62816492447,3.1061309044347
3431.57014714423,-985.906872864269,3.07530960505096
2185.33464863241,-2049.12122288767,3.27009902090388
3699.68769170991,-1883.9897720243,3.24053462384279
1480.46325242489,-1970.06529052001,3.16766196919622
2490.934689427,-1482.99123275986,3.30255494166483
1989.93895005217,-1509.48101911059,3.29419759472917
876.808458869375,-1148.21525793897,3.30847955460332
3555.35532695448,-1342.48292216427,3.28993125726977
1092.36049107196,-1515.36831398655,3.37408942544482
2924.36972383485,-306.573530301276,3.30330190359809
131.305442080779,-393.040324775212,3.41228649110159
2398.21168752912,-283.654702060065,3.29308609233435
2177.9577778635,-1423.5761350572,3.19393011411269
110.235662819956,-1502.74314170239,3.21018205658009
3790.64837089639,-1028.72962054887,3.27541176753955
3954.22547950421,-878.710932334927,3.21093814465873
3301.35704307983,-913.341092654039,3.32575425174602
2348.48056397387,-712.144404781358,3.37622212997616
2358.49590389703,-1864.42131355068,3.31237058790923
2142.23565301491,-627.011439233868,3.30364578811891
75.6554818407793,-489.700013937989,3.31271247997955
3573.73112331946,-1189.38508991072,3.31664308468543
1899.68536436808,-64.0119362906041,3.18501227834899
3615.75860596498,-1511.26866181953,3.24452632235126
2051.1577605433,-353.384443334106,3.20290033457355
1355.55534741964,-1319.6824677548,3.36027083648154
2328.25427341981,-1808.18758219735,3.27974793164775
431.419187438834,-1364.90026727155,3.43858949705605
1474.4522139114,-900.606279303472,3.30263626887087
1132.36720757003,-1223.65415753273,3.38369748285491
3163.74998681914,-1763.79570101617,3.41012627781242
3183.54691909373,-1870.31488755826,3.28583954595871
1045.21227753437,-709.692104950602,3.38733279925802
3189.22071842543,-1434.11313965224,3.33009719390241
2215.18053349664,-1686.02231778576,3.23779738735082
173.488250956965,-770.887711557025,3.32815142686176
2743.83651045586,-1640.79894309175,3.37473582754069
3259.77199289753,-66.0302173291948,3.27022668823505
1161.40694405126,-1142.57114914036,3.44619128895483
2925.44515102687,-746.858427070202,3.32987288301788
3242.53813074302,-798.311527774592,3.33623553335388
264.672756485652,-1353.84157915171,3.52345451470364
1778.20019937179,-2098.563239176,3.18354548985214
2114.84670625806,-1137.15536405002,3.35920803725213
1988.00862675989,-1654.3527756108,3.42325407756069
3932.80418427451,-1450.97135967227,3.33279538891716
3908.24648043963,-1267.4379028097,3.3088665868178
1689.61306303023,-775.379628268895,3.35403797745833
3032.01254252041,-188.899305781096,3.38553983233567
2168.17154299145,-1103.60723010102,3.31813804489482
2629.64287687408,-1620.41389962364,3.30997884107426
1991.19049293826,-2176.88943426434,3.43168365788575
432.586937220547,-1741.10974320766,3.47197513821219
744.960102823446,-1888.04777983857,3.34145128252313
1698.43601036517,-1472.79974998432,3.42015431435224
1153.13878391732,-1003.873202079,3.5024170174939
1301.25166870837,-1048.04932939735,3.33683339813581
2427.13161064214,-649.398580178787,3.12108294055288
3413.30811990377,-1786.92789805261,3.36948414471267
2316.48044408007,-85.0871479511556,3.38025661042718
2089.02794254461,-250.827463731917,3.39348815732241
2642.4649071649,-675.879573148997,3.40279364751882
3378.52853935397,-1530.599825744,3.35807641024827
2369.8867448292,-1676.62151329325,3.44017069046101
2784.59870212856,-882.953809343569,3.30642615782977
2922.67562165101,-2212.54555536872,3.42340131277215
1827.03607979767,-2001.81007832613,3.32989938936559
1471.634943037,-869.487199551927,3.38642524035849
1790.77563855545,-684.307866799169,3.4455475079718
484.23744139793,-611.75936574758,3.39354104035691
3491.66466275893,-1207.40715186016,3.43452817200413
1955.91485977628,-1441.49041413188,3.6149431497734
523.14658669583,-195.641554949155,3.33009927306215
3665.12328162126,-2130.28413343582,3.58526382355417
295.196981794349,-343.531345833347,3.4598109751305
3687.03529631825,-616.893351156253,3.46576266832388
3165.86325059835,-677.799911931721,3.52392450722844
3428.48716210337,-1203.55598466268,3.41817676009664
2216.59606447586,-595.839366835328,3.41093374355365
2127.51619976286,-233.491045653743,3.53826314109989
2680.55216778893,-102.090655039258,3.4693959329805
2179.89537501814,-2.89739269083166,3.41720222790132
3154.63796038317,-560.167377727544,3.54193043328394
177.373696581747,-46.398595828042,3.48426483121723
3277.54549654529,-1548.55058155132,3.40570047517733
994.491388255717,-531.710871906572,3.55665914999292
3199.91210993846,-278.168561382899,3.57741208166452
939.742432936923,-2146.65296971625,3.50830966852267
2952.33913903779,-565.035240611953,3.51610301536856
1880.56458513954,-1342.64565837991,3.57965472733068
3575.68203697051,-541.815700020183,3.51424494378975
3635.62021420686,-1084.50616029174,3.5220418895279
3036.79580131794,-852.527860501235,3.48051281421018
1685.31568942577,-872.558911436048,3.53138637204737
326.306454391616,-680.248414287299,3.56812071012412
2823.00426669673,-2098.91389443796,3.54293612554832
3804.0256050879,-741.65902974553,3.71186257641076
2468.76629997271,-2015.82542176646,3.50851397510198
3725.06729271997,-611.241926798971,3.55159969245195
1813.33077007536,-516.98081952604,3.3536931564072
3094.40507285898,-1452.69402819733,3.3786746655268
151.982741782411,-167.929303008981,3.48317610774322
2788.63465626303,-826.218092627458,3.50373461110758
3087.34835515122,-37.7077722787359,3.66028161049994
2065.11172740748,-680.3612159998,3.48261765071752
669.386967670207,-1451.76558367525,3.57396856957142
2825.0711299353,-1099.47475511769,3.54173291047246
2349.45081651654,-118.881725901966,3.39524622703629
3631.10717868165,-2193.2820182679,3.66322214060183
3295.86853205354,-2135.60917499869,3.50295521851334
3178.81117018504,-96.6010419427569,3.59930410991615
2383.97210282592,-162.191294928527,3.66266174200105
2285.02491822981,-565.143183225528,3.51170519371363
272.289512089321,-11.9546815442194,3.58811590545727
2346.47599138884,-1411.07123417053,3.56857553516734
3282.95441934408,-1760.30304185312,3.68634732732756
2562.73985265888,-2024.31357945785,3.47134527441226
2314.27011575092,-1964.91353424754,3.43120661765384
1253.33033485478,-1727.86111984854,3.5248070321842
1838.70860672117,-1361.74519270058,3.59199476848435
3842.36242647033,-1669.2019965964,3.69811004211179
3475.02775431222,-1033.88411702298,3.48685243868925
1875.52930089587,-1378.35341539725,3.63035478455474
3351.98046454329,-2200.16650801229,3.66443050803863
310.065722659394,-1335.659329427,3.6743023947219
1944.08454067573,-606.987172642672,3.46470384099871
1485.7952521896,-170.823140693535,3.54251116445356
2994.43489207971,-1444.02577332181,3.66594509433801
4044.00410275541,-2059.18582199876,3.56288416338246
1307.92746616015,-456.093083411137,3.54014190866523
1679.40344578723,-2161.5201479818,3.5911837383009
1532.86339457734,-2124.92951854404,3.6935455057797
193.946581823464,-886.373896396959,3.62440897101932
2471.13440632358,-2116.85291309465,3.84424604656791
1783.02652896858,-783.412136267026,3.45410884107268
1835.28196247624,-602.34547480782,3.60090817821808
519.398115523669,-1554.99704011203,3.75866813283534
2727.24810104218,-274.932178706629,3.76727019611826
2354.7568725414,-390.019539857496,3.62430982764481
1280.43213259097,-155.672815431936,3.77346817306428
2824.54290492753,-1199.21454371652,3.32250101332308
2134.00217799487,-1291.08678892642,3.67234587537649
561.849900210838,-1913.37772578039,3.69509161582702
2054.63494413213,-1823.95852300814,3.68712278732449
2835.20206901422,-1585.75836624489,3.60519022392174
2964.7748239474,-2083.1451426239,3.84436895523579
1186.84907247058,-5.83448506702231,3.65174122069599
2296.11058843386,-1089.10588704965,3.72059350772314
825.093124093903,-825.066193828484,3.71483063443699
2545.58814576931,-2158.13049249228,3.77308417016579
68.0060615038999,-1514.20728567733,3.60901356351741
3894.15783062862,-463.065861286113,3.80943469940942
2833.45212612678,-707.413113857547,3.71983769189371
3723.58975214917,-687.580009510431,3.54307329205321
1219.34306315056,-197.407386880817,3.6570273976516
99.1011296455384,-1324.28271505336,3.57733297871259
997.607282996624,-1162.22508876862,3.77210733399289
2383.42447229805,-1354.29067941689,3.78147790411831
3255.32092029119,-1129.65842183394,3.84659531305348
3002.05252963235,-1676.81535223885,3.88740986819549
2282.62111051508,-299.131129436925,3.73847496405452
1005.05440390206,-900.45431392582,3.8141142586578
1512.99615521485,-1729.77301211145,3.86214857984534
3131.62886840236,-1992.91096850473,3.91232445874461
3731.76493078911,-299.519217911301,3.90689500133208
322.319337985758,-1730.06478396681,3.68203547870903
1868.60132590744,-1997.23433953341,3.96116403729416
551.867403100235,-848.736786286889,3.91995994730769
370.261635434157,3.48989127309254,3.64096865013869
571.917912995673,-163.452213653947,3.82682330497409
3062.08165556639,-759.094232068343,3.80491336736026
2702.74414759549,-2033.99423227203,3.86906182255743
165.249659850928,-305.878210671176,3.92157460728973
1358.28306997566,-1042.11324243053,3.74122343579359
1596.84537181971,-1325.49235752266,3.81523394723603
354.752624691539,-763.560222273567,3.79113621804821
3749.40514169448,-1025.35182050842,3.91253012232935
2872.72521386429,-10.3665203568406,3.9009213982908
521.093817564845,-122.629542812997,3.85675302673795
2424.95957243042,-1004.21646262091,3.88086080581523
3343.27310365925,-1359.94847242014,3.83466460788028
2809.93000579821,-385.900681360597,3.8798230343004
260.099905236897,-696.557949074402,3.96313114700338
3776.62912142325,-1518.56132334953,3.80954244040326
2459.87788340982,-311.905953993594,3.93954437249886
1086.713658039,-234.820188097004,3.96574126024309
3020.07195862483,-301.237500632666,3.90827088349917
1947.37014900769,-214.802504606278,4.12670351358292
858.236224998233,-550.077637098271,3.93089752840776
963.479415904033,-271.153079757258,3.94698831367534
98.6871098482458,-1101.17238582977,3.97062572787956
744.660816818473,-1135.43366677479,4.0272329669066
3276.9735256757,-188.309112124437,3.94553371221211
2986.14434690813,-22.1910320963263,3.95891544593918
98.2034034911237,-319.684637051965,4.01257449381304
1143.22386591935,-2217.66267477691,3.91709741426508
3263.80502840098,-882.79665028112,3.94596409000984
2599.70018789669,-439.037915298207,4.10773248489432
4001.08173117853,-1315.78023952588,4.02543445357221
992.405686426013,-1883.38967355882,4.18417004818598
2238.23969549913,-1978.5961725458,3.95160637528384
3310.6140019222,-1906.15768002617,4.04160443174871
1758.33176026644,-861.301845324562,4.07301081762776
2943.05239556449,-976.197576962486,3.94168234262933
1570.39279636401,-1079.45908846909,4.08186929073317
3314.18557211941,-251.731576144999,4.1729516816457
283.750042921244,-544.98118553986,4.27886224013808
3084.60045042243,-1944.89234933953,4.15892020127489
196.537578066862,-399.589626738747,4.08145635828881
831.999932610703,-1349.70195839404,4.20329314519849
3768.177756029,-1432.85526712568,4.17523788100165
1251.33863482803,-1520.81107545685,4.17010898058667
2730.18645281646,-1964.17976646697,4.21025234833588
2447.31390159984,-232.602025617776,4.18296353808876
3456.08159986787,-27.7236433017185,4.19263111471282
1238.72629248702,-808.865830751648,4.27939214430238
2587.10708788716,-734.884491815885,4.3764985697842
404.111105395682,-98.2083858066989,4.34463292735433
2335.81330636708,-1821.20359404521,4.34974278060419
142.478366439594,-1176.07404765136,4.3655104530223
2534.90901875538,-1930.55796136733,4.38612843988837
452.721799084059,-894.586913159738,4.39932739265015
2104.01673157755,-25.6724240529338,4.38627827084576
1259.17196217679,-2158.78582847772,4.25546965259545
3050.2166035431,-831.046255805076,4.3992543984744
2285.83665036039,-350.938854799089,4.40084811463733
1824.20353310756,-2154.48397736218,4.18182460449305
3441.33868508255,-1654.37252265958,4.49622143994334
2482.04257834489,-1324.29797457808,4.50484785725036
2334.71262185706,-674.720179654247,4.50292348081216
3332.90844821758,-677.003064993553,4.52196051221538
194.864622624158,-1265.84969192648,4.43095611411704
1721.0718061994,-1363.49652224678,4.56151040304055
3954.65017857639,-1396.75446744914,4.36846744864619
851.792222558542,-1107.01458031466,4.69184405288635
3045.32231626639,-2083.15897595855,4.42836221064337
2059.548197235,-1400.18850583791,4.43976929657337
2927.55900196559,-2038.81877258864,4.60026499131189
3132.0977619545,-1087.95417578039,4.75998575674924
526.117536891431,-546.481262607821,4.84912417381429
2570.82002212945,-1608.51717621642,4.72342532495437
2981.94374921992,-2159.64227903741,4.56929652165913
2908.43925778062,-437.995129367161,4.75874005604731
3618.36888695876,-286.709093106008,4.78415321463879
1126.67535984211,-1433.38779921476,4.81302563493893
1550.01526515611,-666.897872337845,4.69327955380624
525.225117472029,-1218.13424858822,4.95266917638949
446.858842186667,-1288.62647441344,4.60547045443279
2176.26122603617,-1868.57043597381,4.9674165761051
2659.38271474269,-2104.70695867672,4.78256289616598
1361.98725240629,-644.217068767814,4.96551447994917
506.873280156005,-2078.90148384816,4.85850226479342
2960.81654010151,-1948.45662905776,5.07177694065728
1934.08340811305,-2190.16862711,4.83789514538037
1121.1787080345,-1981.13856296025,5.02332704982968
3215.63645973841,-1251.98172144058,4.70423509460931
1691.83536736949,-492.355721362947,5.07378598939267
181.154950169587,-668.181726152496,5.16187660454579
2984.46931111523,-1185.57452382768,5.20335806077421
2893.66167297886,-229.18569617879,5.0971523509955
3453.21808085771,-1339.45625455283,5.47779562450212
3317.67163976728,-494.369857806883,5.39922883193974
1538.11282956913,-1008.98599122853,5.19511660099705
754.597618570223,-323.103211978904,5.42921158295394
708.209919267395,-1660.98416781125,5.53360278341377
1409.98100992919,-1179.94541221772,5.48699991123664
608.70978879968,-1024.42918106792,5.66521005917435
3648.48313210503,-2105.91638062538,5.74754916834843
2628.76803586069,-1085.36030381309,6.12653840063492
3381.03190047151,-217.865474424329,2.91874827640513
3215.68401361966,-114.810968690059,2.8218831622693
2713.17561833075,-650.274005888363,3.02749210163345
501.799046796353,-1901.57275039669,2.90064355514965
2083.32144853709,-2160.07014140736,2.77723459146587
3557.27926377352,-91.4496454784487,2.9465442950886
440.977721838302,-747.745586760566,2.92012353671255
1658.9782329235,-444.710325042112,2.9052822236789
2347.77860004205,-2050.53718397658,3.10781034282721
2985.66264180669,-2034.77339737083,2.89022332278715
2669.96728056198,-925.759191810385,2.93916624994234
382.588301741194,-484.381495238726,2.90930396973174
2645.33212902802,-332.615229955532,3.61131896636266
1812.6198293066,-734.373232844791,3.50300177929087
1588.64457761687,-2064.66382120024,3.22632586688638
2643.49940168397,-365.061042365676,2.92403900397845
183.975275183786,-618.919666764767,2.86995021405553
1724.89373080253,-972.168615431594,3.05627968249401
3083.94628246472,-1084.61840102173,2.88459724234895
2461.53969053973,-157.174855526197,3.12765590412988
2173.19821585898,-1322.07408184545,3.48582568561111
3668.33845529511,-126.580286006473,3.01988764599605
2211.97011447176,-47.5132772025626,2.80816655546952
1705.51611960491,-841.484166289665,2.85333284817856
559.336751945319,-1489.58575090284,2.71629603590491
621.644911077455,-1420.55438857643,3.1569918413179
2685.50810626617,-25.8869350001082,3.02887991878969
3182.42101009218,-1604.81387173173,2.87281501513803
1216.55890136848,-1931.67045381107,2.97568108182544
3750.03303444565,-1731.75783375763,3.12324859870139
502.321721824717,-2159.71277067691,2.79317125396403
1436.32551334728,-1775.21497262962,2.88501530794117
912.144346944422,-195.434407294204,2.83337230026746
1135.50515502362,-295.461504726396,3.0521606854021
2266.3195136837,-495.035447087315,2.92005345709805
3262.817699498,-365.228751812762,2.98579360102504
2385.87533701088,-306.04752479796,3.00153475614206
1498.96450671053,-1003.82205025667,2.802939458328
575.040272480208,-214.054019518381,2.86484376170512
1617.18499005713,-1082.70668754528,2.95000694210319
1523.97857898975,-498.828878165067,3.07428153096048
409.235279968894,-1038.31617708784,2.91082092402626
856.768440771454,-425.1847214578,3.10222873834193
1794.35894466101,-203.7466458759,2.85650610637705
1419.93924289065,-74.9288691997673,2.75093628506734
1600.1800851109,-598.423027898814,2.94698926180285
3888.27675850982,-1302.56105728762,2.92231932349717
3433.22583032648,-251.300013828778,3.0575521700087
952.572166762629,-439.311836345217,2.99819984265306
3432.55735704928,-293.097737265372,2.93762433902364
2407.27142821287,-687.401038400243,3.08623383486222
2883.1647769996,-470.817076653521,3.0142510473729
818.096268996785,-577.200845786241,2.97843279468232
589.68500550919,-1505.79067796664,2.80600240065609
1460.17465461311,-1716.70829066595,2.8826393234002
3422.84005125566,-822.948937330316,3.00338596354317
1118.9291402798,-966.648274432636,2.95648438285488
4019.3316388304,-64.8054702176102,2.9842088580273
2314.23498411994,-990.994807494839,2.93561332678919
3538.94704688783,-365.110680859525,3.01607561953204
1390.40570820287,-101.94977147217,2.704010117385
3389.02117606371,-1965.58764900973,2.89535525425832
911.545420684408,-1528.57815910755,2.85643393344408
2014.7910053669,-462.974217544319,2.84307432633446
3176.05600950625,-295.066999830849,3.09167996881477
3503.49456644186,-527.330498571224,3.10104769741357
247.640706536846,-111.229767343212,3.15563705470886
1035.23205342399,-126.147899671632,3.0290987879849
349.721043425603,-524.590749336249,2.93921692028524
3090.34351589712,-1796.06120241231,2.82116293893805
3905.82705753037,-8.55417335560019,2.85548564433995
825.891786472195,-375.925210841828,3.0736481722617
3141.9227519402,-505.328069928181,2.86413114910283
3730.90359150068,-333.57621597056,2.88089050559175
1317.24991743949,-381.911493797688,2.8940799386106
432.961753606505,-1874.58541033644,2.89058689057947
2265.6832405757,-711.000957200469,3.07009287251599
4003.90353771665,-103.240665907365,2.59597441554192
2080.65647688018,-356.219418444575,2.94008330378162
2103.93900244827,-284.87823265176,2.95036489301765
3532.39328915167,-879.618863124813,3.00737552371679
686.626878402516,-84.7772884334908,2.9932559800615
1149.94411353945,-1445.67567605777,2.97180947833245
2805.28638276551,-574.795988121668,2.95966262279641
3608.44180097221,-625.038923943949,2.89349666085592
1632.41801594191,-2133.90465033357,2.93561402496388
3163.48583986533,-300.617163582305,2.97589093226654
669.465885340504,-448.385906302314,3.18039366747172
3359.77626135524,-534.600225291752,3.10814088860286
2159.60362378974,-564.908523946592,2.91476343242072
3046.7156503788,-1642.96186906486,2.88239887411109
2037.6239719948,-69.8073948012291,2.79211630828448
1286.01192368094,-2109.33921961616,3.04162655221865
2770.44031397199,-1940.2267239447,2.96839898920084
2741.10486411324,-1838.96324669302,2.97377962494341
3571.9377296061,-1890.59298844897,2.80767320248452
4071.10407934456,-400.450067461641,2.93799383448913
2594.12138798394,-31.0479339622821,2.64039107489564
488.731285612902,-1470.84631610435,2.93354850960945
2451.11031196425,-195.301647586287,2.81859615829538
3186.80400141987,-1908.78067936759,3.25180953983724
1117.10148036161,-218.126829186466,2.83705487684101
2200.54591824681,-1649.05786259442,3.17760124299496
2043.06292366021,-268.664686445734,3.09080433394182
3123.50645815449,-439.499499181233,3.01121534227769
1919.07944992128,-417.15579701862,2.78237047048038
1446.33737496094,-107.596969071686,2.87663877748137
1312.27767772397,-1415.11254396835,3.01205152046472
3208.85746357903,-412.254327212586,3.03482844510943
2017.79227146687,-1695.49371417223,3.03984865758039
2333.38476048586,-2215.09790360388,2.89016424474593
3114.13491970118,-2200.27305774682,2.91216177562348
725.862903452747,-1023.64427250063,2.96416998567798
2981.17029089096,-329.379578521483,2.82247643201549
3530.36128691904,-1670.87987924012,3.10369645122959
988.76939282616,-42.5875885823452,2.99818525101893
349.119715501769,-1455.96796571175,2.78639208454464
1493.16384651958,-1217.30110703511,3.13167497187257
3355.78666523932,-1884.89168637952,3.08626255863454
1129.62413822291,-51.2094132515161,3.13791300468591
1206.74218605002,-1081.27169198954,2.94045897309497
171.395066405098,-249.303845120251,2.90498759875847
1334.72699821604,-1650.15717279771,2.85797064992283
401.469018760171,-69.2238486356444,2.90643865968092
1544.90916727937,-240.350056097808,3.00690603734767
1201.00220256134,-101.834882863887,3.63819415113933
2397.40642273851,-561.673820506054,2.90177167251972
837.158015998862,-191.226103589515,2.9454847281182
2485.81025847624,-359.063187232435,2.82293336488511
1567.93982245001,-205.106180436874,3.16495255668199
244.127911584348,-1730.05050588949,2.94945740931044
2030.65445950547,-2208.61462503023,3.05903206164944
578.028112314347,-947.139878786076,2.91325394968278
188.191830796423,-1642.89876711168,3.06063118918204
1313.7448282752,-2122.05503574248,3.27398553378383
1158.72861642478,-165.684524210891,3.09528008918865
1783.17821962576,-1923.40425340123,3.05783497857831
3272.65224007642,-474.253485332712,3.08954136572752
975.739710250816,-1548.04660371176,3.04925119297439
693.441528850743,-824.051132580547,2.86245815455526
1513.47037579059,-409.653886917255,2.713268893809
2998.15317517386,-1743.56815617182,2.89974105273955
354.185619954704,-264.903492472645,2.91108161293075
2267.08824237124,-180.572092771745,3.18174699928513
2999.20989168362,-76.6782088950002,2.99265577115657
1412.57313032236,-221.975088886256,3.05497925216255
3437.67304619149,-852.064829128109,3.1606166028325
1181.96143448133,-506.628929337197,3.11787178177082
308.41262101943,-20.8655788700278,2.81139414140289
1063.49389220986,-53.9931536858258,3.23831226794845
3307.5660370274,-462.936139452437,3.02415443157136
1861.91295012884,-14.5487850571437,2.97900656978316
3331.8910970187,-641.892706457573,3.20288591031338
335.255376632767,-1596.08239546244,2.93320144441401
2414.2120201391,-53.0102167530782,3.01631067533584
1119.09715739321,-2186.46831056102,2.83064227010103
1218.96309444699,-428.018084314906,2.99903839538607
3121.1017447326,-1705.39491749194,3.0198588679687
3336.35239809693,-879.125538188307,2.89112037951752
3100.02844481518,-2110.430174758,3.12265111471712
956.630120459825,-2123.77398862179,3.0245261347499
3498.86197425672,-906.722708020486,2.98561254115483
548.771074295636,-2125.27525720483,2.86572451575048
2506.89928733185,-440.203017269379,2.90361670998149
3893.5692086901,-368.671822236299,3.04334934132037
3477.33310568353,-597.759538298005,3.23376513322689
3446.49004462974,-466.707640509386,3.27290959076587
2715.36737514654,-1455.88986268427,3.05590948800026
3689.31213153242,-494.479209707434,2.8052155771874
3712.47834232674,-2010.18110074561,3.1169020972619
3808.44511869909,-1759.06664859176,3.08547917092687
2964.38400329036,-1379.5273780745,2.92034539127157
1098.25837079779,-104.193615635639,3.1244165143532
2499.98949708517,-1929.5603449218,2.88426727334914
895.110728327622,-96.7610280832041,2.9989243327175
534.773522952391,-137.59231521327,2.82531453869821
2844.33257765008,-548.473079223064,3.08812765257374
2088.40358052659,-1957.17058739838,2.77045718341013
2608.36481308193,-1950.33726010837,2.94464338347812
158.400762994212,-1528.86943342938,3.36857155117087
624.929155746876,-1400.52118203799,3.07096903681768
362.011006921335,-127.013544602854,3.09879661625802
288.785997379405,-713.232580339851,2.85208753572883
1254.15854831425,-1500.43762415897,2.94335958024661
3043.34022212239,-1952.50406998422,2.99475239803931
1667.02553866603,-143.24718195173,2.85078047097114
1654.53271798312,-61.4022709663839,3.20133892579099
1109.58675661737,-1595.57074342054,2.8627487334825
877.013126468496,-111.093747863774,2.7892453848759
235.551471607612,-1792.93005717524,3.04506442490032
87.0022707023622,-60.4416394688756,3.35466518713848
3671.33615582568,-1439.7339561945,2.93819567999363
540.915896002922,-375.664365119181,3.01187967206614
2956.44787846086,-104.531422383359,2.77693766488842
612.073521825257,-430.644110989411,3.05635377982116
2828.01303950715,-8.04291647956686,2.91994815182142
1277.52665433479,-1944.04741707432,3.01748387920934
3872.21980897461,-290.19843564175,2.89755902176793
2153.32202090096,-1589.92027582419,3.38640690170337
69.6168599583313,-2100.58300514917,3.29401802987973
860.933728629344,-1521.717598162,3.14520596591043
909.250932611539,-81.1928242475454,2.98308731308067
3179.40602003118,-459.621041496584,3.03688670176332
1701.86087002844,-102.255933208709,3.08990849195172
103.856572581276,-370.499311775413,2.77385075699393
1784.88791748561,-1132.7015540244,3.00755891001854
1974.3933959469,-447.830501490157,2.7792228982251
3268.8059735971,-379.407917781367,2.99948501180222
1311.42236960252,-218.942842972395,3.1870298881793
732.742504040072,-1189.38846472759,3.03418564596211
1280.84036271888,-93.0705168764728,2.90074434406543
3284.29577866817,-865.669989334549,2.97490795865519
1220.43619146056,-1553.09594127008,2.89456205410708
364.861549688288,-884.428293856291,2.95568998625146
660.895737112108,-898.609241128832,2.90067127893592
582.782415014309,-1600.53463605305,3.07036581960458
3711.97395225176,-1672.90645296194,2.91466488278251
2418.03182502555,-229.90253302422,2.56078733319093
2804.13697203404,-1962.61665495133,3.08057133629179
1714.18841394591,-1916.50752375759,3.17279687921098
2319.88083712824,-154.608901285375,2.87577194605845
1274.00058993155,-202.54796898658,2.98241978979331
2179.35255398633,-218.752531489659,2.96710940768401
3181.36141126028,-665.606718056332,3.20335213803077
1931.97889912568,-108.511143639344,2.98550567253401
3714.66551757379,-255.595803809977,3.32868045327932
3752.9615227759,-163.349769252145,2.96002242089971
1580.89564082522,-255.994863396614,3.09537982186352
1029.93118774512,-1620.50057740299,3.09789230571704
1052.35312877392,-1578.1714302419,3.08396802336764
3692.1133429881,-24.7722892951359,3.05639272846328
2760.69802539781,-39.673452110715,2.90606543313148
1386.2703239309,-140.455716112246,3.19917425667913
3107.55003731317,-1976.74979839494,3.06415556587012
1014.05733840285,-1024.4529318511,3.07516036262185
1928.29883028537,-472.81145625487,3.07851573112271
3340.8648499789,-1789.46268974467,3.01685245545824
399.889952709816,-231.491090863039,3.12181795732614
2240.65083648039,-1762.40204681033,3.07401629067283
2549.74318045878,-2138.14825496029,3.14935317753938
1416.6886264262,-1971.74885453573,3.08960389523816
509.401522540957,-1752.93235243872,3.2733784272819
351.416021075212,-277.04752610721,3.28363771920066
1802.94527513918,-1646.10606836989,3.2602024805471
1901.24651014173,-2181.15387294606,3.16622543300824
511.305374277536,-501.920457611693,3.20402135655986
654.381993627175,-429.378941664284,3.14337183345792
868.969596772015,-418.726055524272,3.16727870282224
1058.14369950752,-352.607079788522,3.09511098174161
1362.20914946532,-146.738955854599,3.08724392198793
2022.06296674795,-522.183456325052,3.13992218164258
476.48094776687,-144.359813714694,3.01397222253567
998.518497280736,-248.261965540237,3.16200255160162
1824.68507875153,-135.805851898829,3.07915177528566
1634.38176648606,-299.359546716723,3.11484871004546
1975.77582595551,-1408.00964165727,2.99558157066018
2611.19253733488,-315.366804691804,3.24598903796991
1639.80520696683,-1018.08096713134,3.25947382525341
3607.05533185173,-748.055087971092,3.41215491113013
3981.63376593624,-536.980078419569,3.10645462642246
3327.47884684962,-1712.06943207519,3.24214686268095
1312.15333376617,-1603.54983232745,3.27673528412272
1945.2032601068,-1496.17672737122,3.50853422423504
3627.27450075566,-932.945758511249,3.2655620244646
1988.45333369148,-554.95569957389,3.22827082068779
3557.15273787416,-1627.79695790897,3.21822393268203
3005.47481455725,-1643.56059167522,3.14468562773549
1182.51613766321,-1908.78027440185,3.37734729024919
2894.26646413078,-1354.29813988248,3.41541848050583
2600.81779804293,-161.258116319473,3.34747948554018
630.811451396588,-283.071790220414,3.48918956372451
2405.22302417954,-2209.95844998718,3.39862745620584
3689.07261635551,-522.453122532315,3.49457003640803
1941.18214944903,-766.01870878956,3.60544602989853
684.190563561913,-1878.97311433218,3.29275817960693
1834.69125925994,-269.001267955619,3.31920372443525
1694.55734509491,-186.346528176173,3.22292393775132
2368.16834747339,-1680.02701847795,3.39845093113962
2793.30335838246,-1377.08136679295,3.39718554571176
2182.3210798554,-1417.16176528504,3.43108411210491
2420.59789376973,-2203.50502287968,3.46008526771986
3349.01226154346,-1735.79468011461,3.71858744429423
2525.58586400798,-770.723964016666,3.29684515302584
568.211044232889,-1907.91645669289,3.65069884119267
2813.12842245263,-163.462606937699,3.39197966532353
1884.2397318767,-545.193988081784,3.46036226921065
814.823903751308,-331.507335954022,3.41924260533763
2325.56891171143,-1501.01862862197,3.60843372120954
1514.69494259579,-342.305663011578,3.43117844500102
1454.62185731362,-376.691426183009,3.64501231667894
2566.33552987679,-177.537924705813,3.35324998208583
2825.82777387559,-2104.89664918387,3.7241459754126
2965.27350509065,-1473.72826617838,3.54134634125991
1481.75054859536,-318.569672556675,3.73906659200694
3578.67700269778,-542.047408536051,3.57841566760418
1452.06541818579,-264.408912792877,3.61895021720954
307.35040292348,-2203.18927142818,3.73972219128681
1315.75752885466,-1516.36227762202,3.85457072694291
522.153770361259,-311.652782842274,3.69132054844059
1915.40805301371,-176.697235779405,3.68545804490508
1388.59475342726,-342.674911323508,3.72806731392806
1593.3514083391,-1690.54138258345,3.82245996062863
2032.41772919233,-217.089749831622,4.08755177363481
3005.3433901124,-1834.51737763973,3.8651362482854
449.279769428764,-348.016446818137,3.84628007665984
1939.38556608398,-491.539824282752,3.8393392957647
1313.14742600731,-188.044773995888,3.67091521891309
1087.99205461474,-2122.61388069999,3.97311530922876
3436.35800696184,-1834.75699888186,3.99232674054468
1169.88266227682,-1516.41880945684,3.65511183293505
357.400023165551,-208.288089472911,4.04098276293042
1535.87759243625,-58.4666031682451,3.80544893897155
432.890107573715,-162.56910502736,3.83549500765797
2235.48826061007,-1990.40496562922,3.8492197270693
1041.0960419589,-64.3109439121045,3.96248591786549
1541.46155446196,-1685.3503506081,3.94401206696803
649.131810925068,-183.776530104634,3.90543019451282
2320.7928232585,-519.448187191216,3.92664331463393
942.553952251802,-32.6275750968581,3.78447793337951
2381.22202110501,-1619.66255170802,4.01133694658723
973.768888513295,-64.662012571899,3.90022856877019
3436.30658290151,-1585.52343427141,4.29317929264988
3884.88865317995,-206.915354716341,4.01712217532567
3311.19675384232,-240.698003875409,3.92809655294232
2755.62525385497,-411.694194996473,4.09592466690291
1873.90991259012,-1633.56457265351,4.10435685880958
3010.55794332383,-292.398819881225,4.13562071595897
624.642726153104,-593.073161460485,4.24518677890052
1311.43785703678,-119.677198125233,4.0444949817334
2966.07469113194,-1947.25001423691,4.19860680222598
3507.46007027848,-483.436279042323,4.2892446176501
1436.78899457225,-1445.96591974687,4.41964926048893
2771.81765956931,-265.674474213528,4.2854602651462
96.190336270018,-322.218252045131,4.27139847318843
3966.9293092307,-427.05588460853,4.38298304025929
295.296993642588,-1858.41679637502,4.40522845732429
2229.19047208802,-521.484634659094,4.37132092882525
551.535279298927,-1198.68199099613,4.39012472328852
2290.12969264736,-434.018496192565,4.44379663771372
2591.56811468358,-576.592824006674,4.63841060698162
3224.71378044667,-1267.4164612749,4.52705205458042
1103.54277011351,-705.662649832423,4.47028690080506
3404.4902564721,-578.288870112892,5.06333829547849
1509.65037601992,-520.574297953372,5.08285103645508
3282.3287586859,-475.012979797228,5.26623325013599
3661.67966921192,-1609.93282764408,5.36693136610612
1709.35999784438,-65.0611239325677,5.15329900168062
2854.97718657176,-448.704773444844,5.33862123777184
3213.24863489719,-285.305534980547,5.4538553929067
3681.86229651326,-2112.9852462974,5.71722209116312
1838.99603184898,-1250.9708934056,2.95600131143314
3081.40479019064,-1042.18015825701,2.96025553283797
3258.56527184238,-309.191331618536,2.84539589808062
1280.90386229472,-96.4871489315707,2.77136928879487
2805.45399950888,-1261.74829820322,2.98498535920485
485.578291309104,-1789.20694166439,3.09814370376139
1681.96053554124,-495.3460077117,2.95475082636385
698.094699143471,-1704.89371102394,3.29282946978841
3311.92694043052,-2167.14043770402,3.24101332174541
1313.58660235746,-642.475259222663,3.23476267433007
1484.78827479826,-166.840091183629,3.19675534705581
3352.38858509015,-729.177621461393,3.56146540778244
4004.25675870748,-65.8946620730793,3.34383353947214
3364.11748773542,-698.762247465381,3.05351590923868
301.03480194417,-341.274346312023,3.5643048675444
2588.60001067033,-1676.50375068542,3.40501756676636
741.227229755317,-332.095637546148,3.37073670877417
701.073295021459,-2061.72034781919,3.76352625811028
2308.45372867082,-1550.18462817413,3.65352595743975
1637.35383245067,-2104.67490800283,3.78351589957469
1502.77264896954,-1524.41903029316,3.51013104696592
783.806323093272,-1941.9760161819,3.63989237020326
1667.284675,-731.353194764127,3.82852201711922
1680.76574026218,-2030.08385593876,3.93868994850627
1731.46280532562,-522.954003177891,3.75106339078217
1263.36935816668,-1418.91635223625,3.83400589061027
1689.00138889661,-1189.96790470738,3.81962196055149
521.417918871566,-2194.94243122168,3.97428484112872
3772.38296971025,-899.47596968853,4.01039880697263
1937.23268115463,-495.856917371707,3.75360695028086
3913.38539158037,-1178.55530111131,4.11881875373562
1646.89390169579,-2073.6599288732,4.05007251647315
2318.12382081295,-524.192026958221,4.21739448370713
1133.70072457041,-2158.92314562709,3.99676286217114
2291.94994123725,-2205.69646694993,4.38659237194768
388.778448016771,-93.6129135480598,4.29908515830046
2740.254505661,-2075.81157504021,4.37004261247902
3823.00516644783,-1081.62103611554,4.39126234925632
3706.12481978633,-1553.3930301574,4.40512887096722
2605.36809310872,-1744.21092370915,4.56665310044761
3898.31147092499,-1021.66867548377,4.42137970589825
1876.66968796723,-899.882872190717,4.49449086415554
3934.44022739318,-298.908063376216,4.82288228313378
862.355810288581,-1102.48873947282,4.7376610565279
107.441690685432,-527.785893393716,4.65573832368946
3217.09083831877,-1262.46699822645,4.59473321703945
2968.98173244412,-1953.06552671706,4.57720718440565
2105.29097844919,-1031.49111323089,4.89358331856046
2919.09933468023,-456.383589389285,4.85768707808946
2292.7250359116,-1699.17220956644,5.05937455778805
2030.9085959951,-910.666603697528,5.31365125688333
3303.08852451428,-463.7568082664,5.15401093439229
2311.94796741965,-873.113425443884,5.3259409814003
3472.49062631814,-1336.4131386079,5.36239962859521
250.203570553612,-208.78132401924,3.35117507136708
3665.88925800843,-1528.3714690232,3.02203425271676
3044.68960891905,-1463.27494097839,2.81006283182947
2419.01498665786,-235.981425495163,2.93761113802174
3113.40144638668,-1363.53153395091,2.92505518355092
3952.54597602782,-1341.82667974288,3.05404055946229
3957.46639385372,-1446.34578977922,2.97919672279033
2904.53754457474,-912.772775838843,2.98463016311742
3690.41373456172,-57.8552754143282,3.03485644444623
2147.52143004838,-393.517495240411,2.68536418907846
1600.07127228858,-957.585372041763,2.96149172687505
1553.45304924336,-1483.75757792387,3.05423599530258
215.777732885607,-1953.05631872006,2.79367943364727
3306.33628415404,-372.37694540877,2.7141189472827
3775.79099883436,-163.697409108314,2.88727435634251
618.747607906057,-1200.68931433147,3.07008208570249
2371.12157964759,-1161.96137571965,3.14249822407401
2644.88281507045,-1520.30846473241,2.85341561366349
3336.57940333852,-97.1808751705072,2.92447650109486
1591.69045933232,-1597.37305626789,2.98512111858195
3026.04865030683,-1265.38998911784,2.95021430184264
2036.5987244556,-1136.49796370434,2.48753198753974
3483.91607747025,-2169.74005415862,2.82027022944493
1701.10664092128,-1420.34225303159,2.75368761981778
1203.31492696629,-2127.28429545709,2.81111394126579
944.301992808166,-2097.31172581097,2.87546847688507
2523.7166200586,-879.464575718244,2.81640941429145
2929.17959592633,-323.61589399958,3.09775468620959
3876.06156874739,-1118.88808825933,3.28440535281385
3953.04391824428,-2103.14676801416,3.32073065630832
1492.76798371926,-807.42669734536,3.10928552224481
368.340731736734,-130.907351420358,3.35619132874576
3518.11400213825,-1942.92170003112,2.66070838102695
1025.69616262716,-675.407458702516,3.16865384716904
3830.61573708759,-167.93728088391,2.98786399591637
1225.51384674478,-1609.65130763175,2.93692283822326
1763.11130248998,-1986.07642250937,2.90996359506288
146.365827261981,-97.4080440553927,3.00668239421877
1981.61986157953,-447.36209238791,2.94738341695059
2949.40436581831,-44.4715116830948,3.40012454278044
840.546525017681,-802.87594987736,2.84186242726293
1170.72600831363,-1803.41646524814,3.1776815549997
890.459470546997,-704.824155526954,3.07655113243562
1658.1005599843,-1989.20775924305,3.00647218513114
1297.42723125588,-2036.3726345573,3.30823166734326
624.484376384204,-1785.76326982614,2.96392475898387
1823.30116923131,-1047.12413534487,3.03392290374856
1624.6416504178,-1744.59315850573,3.07471630851577
1170.24276123456,-316.201680310133,2.70436118148959
160.524098082502,-1530.57702071294,2.99171015428952
1116.90036928394,-1715.30362812489,3.07323626801672
1154.53391486413,-1616.59155088147,3.11109420898057
1492.08593893023,-499.244131453754,2.90965384960909
176.739590135852,-2137.28364978879,3.11030392600962
2801.42981152311,-39.4683977122801,2.73621247405122
3137.93047797447,-1775.33511979563,3.08582575916232
3104.13558733488,-1873.30338815723,3.15286747165386
3417.11636680528,-319.785981464446,2.83832938318602
2159.62264472733,-565.233372361843,2.9446886280543
3892.07894248197,-1793.22171794858,2.75208225180296
1167.24709827269,-72.1942161597041,3.06814122115345
2409.53569692301,-1538.13095984282,3.1216200330987
2932.16083191192,-1645.6579789608,3.05811342026974
3831.35986359164,-1377.2215892916,2.91958169042263
2269.55690238152,-1393.98843545437,3.1380065841157
635.416325950149,-1941.39383376356,2.88035418495607
2094.42493566539,-641.111596791766,2.79931473498111
2843.30830528649,-1013.62743761637,2.63101100317871
3318.03504089226,-1188.04337619898,3.10076048834269
485.728939329252,-1042.2913275956,3.07951687522538
2854.53690690092,-255.723422395782,3.39027275922756
664.223214594364,-2201.23005198646,3.01556878024906
3308.30867287479,-1508.35684659974,3.07070627435166
1319.48575663192,-1456.11941673891,2.63101430483533
953.876048019254,-344.237505119516,3.1438470499257
435.942545207008,-361.200044356781,2.54754050794897
4017.16589541594,-899.176493076181,3.29284892743837
1154.24681642038,-1672.54816057295,3.21600608123715
981.653916612176,-492.615670686103,2.58955501463589
3022.89788388742,-494.761852981879,2.98895812887409
2933.3934379766,-1055.01137586461,3.11867609748005
3827.12913589883,-249.50052870067,2.96556977137679
2882.17415734823,-2067.7172700225,2.91911233758464
4057.03571305251,-65.0674864906969,2.93310021242848
1862.33348963802,-339.004111191671,2.88265198744442
1911.17382224323,-1307.5007935572,3.27459551213399
1200.75727018004,-773.359572923019,2.9712388275979
3211.38313169281,-1895.09770906471,2.91345074794943
1400.26463217068,-2197.75181110925,3.03156922023283
1762.1835243297,-1035.93647167934,3.07623952687058
1805.28255174817,-1947.44580662228,3.03451250396364
218.292968426928,-875.426995159651,3.18117150476443
1825.25620252669,-653.652664534959,3.09436816075793
3183.89790302644,-291.847761653534,2.98270956947332
782.089682879715,-592.122827530932,2.86267067967747
3472.70220874187,-1256.4977413185,3.27410852855352
3610.83545302755,-1246.69606257034,2.9640158119536
1802.6435607491,-1378.8963372019,2.92494136733751
1039.23222288711,-1904.81507955223,3.28229480486011
852.996228418988,-838.492075016704,3.137951584533
689.758576565955,-403.802853797651,3.20142654545815
661.690797869865,-1479.92085104157,2.93127909007824
2348.1303078061,-1955.41764474718,3.16744421089709
3997.62909613052,-731.673538918337,2.63223455827861
2924.51672558339,-1942.09971019156,2.93735273645776
1240.69323132664,-1086.76186218079,3.04111410778429
592.232289343055,-1842.82400827676,2.96416526178591
442.811507286188,-1995.15774943481,2.92960035755692
1802.21954800927,-731.650619939067,2.84515093880781
3805.65890117812,-240.3280496444,3.30615937702523
1853.3037441754,-41.6671835544342,2.99729331229322
713.029234832146,-556.285292197681,3.07139007800178
911.653703236873,-756.06513456384,2.71039902902786
2234.2053327064,-551.540354683333,3.02547530459951
2177.6282685333,-1320.97112587079,2.78969445700403
778.33443217799,-46.2163835631578,3.15670448336961
1844.0051706545,-55.2242304997065,2.98593933889605
1551.75933481786,-625.283546988407,2.89316022526539
2226.84716662399,-1246.0533889756,3.43670295870505
376.365859592312,-1063.77285768896,2.97926621235976
1569.59124414773,-1338.21936294432,3.30661259488374
1124.48497131642,-1805.94773311292,2.80379258736866
961.264185202636,-1207.74502933928,2.9213087791164
228.504353990718,-609.23809813375,3.11673179173229
1557.26491360948,-913.918552508148,3.35153644372751
2643.98278582131,-444.639834653955,3.22783663684929
1339.91276936704,-1604.53353992841,3.27587626996342
2507.28626581959,-1778.18302413834,3.05368482798848
3972.01794761494,-288.015133778867,2.59315223367531
749.49980859844,-977.83433172241,2.86953596460731
2104.54151837672,-810.683058876713,3.14325562507188
436.311059702831,-667.81929460607,2.97511466285448
1685.07258653433,-215.382921615345,3.25962073067106
1438.30620918974,-1865.02627730408,3.16251247991755
1380.43525113902,-1428.59663609111,2.8069458412678
2323.67475274987,-1546.28673343647,3.02081770280439
3093.1416489678,-476.922045699259,2.88392833239271
2732.49822506588,-802.490598689713,3.04945685815467
2965.31122006016,-1397.30230458244,3.02243478023375
1473.2001215463,-1365.47276159499,3.22342628992855
1559.43815381369,-1221.58046326831,2.95260620603255
1763.31052789302,-56.0698899998544,2.81984810479319
4017.10899658134,-123.897310461583,3.45234279430574
3524.79432225946,-267.568286811896,3.13378708965181
3496.02439901992,-950.827848142194,3.04100490863541
1240.65197807748,-257.458679046245,2.96456770733827
2074.29934300114,-768.764316216022,3.03623366318781
1881.95522313327,-1045.48751613464,3.19998599175366
3250.48080329339,-1784.90373385961,3.1137310072692
231.137160958184,-821.889461105757,3.27558460674728
713.354813661792,-383.805647495165,3.42409282396901
3151.60214981291,-823.755163615312,3.4454038472484
3696.99331416345,-2084.91439155838,3.04976566299953
1029.59279091817,-2046.74393390153,3.08139679223669
3388.66761724876,-1099.10985353663,2.92164392793782
2229.12979571628,-984.440974892984,3.42117500618412
1397.71921390426,-2162.27677066296,3.0353240793352
537.345686339552,-1354.76880068586,3.06553926088375
3710.12849787993,-475.190615774651,3.3324312637653
1561.79947211604,-1285.25134652498,3.03335621422549
1875.51734970684,-1783.61766870037,2.75386876832533
1211.15619082742,-1317.43391167749,3.08714663897184
189.759980653433,-2104.60976449476,3.32488895903007
2921.76289628359,-1471.98073650336,3.41589864399231
2628.79132956257,-294.469388215133,3.06670474652354
2976.60764090816,-479.001913718779,3.11249142185948
392.922220047491,-1644.63497341034,2.95373661585272
748.74398023756,-1845.10732781872,3.20328941374923
2418.0900391893,-348.681778027357,3.11628141897561
3714.81707203734,-256.382492849505,2.92583967544701
3695.24558145525,-585.571907198093,3.15235590727267
505.469557554721,-1423.26134658908,3.32636954507816
1245.9438397592,-96.3949323409848,3.44427087063821
3094.78674744163,-1251.02329819114,3.24896756725517
4055.12216155867,-1378.63120719644,3.18428141357088
3176.14436468148,-1659.45111581215,3.15680629251409
3966.93711494855,-1129.44778675417,3.44561907657481
461.740184414652,-716.86700091769,3.05489784935073
213.931034210311,-17.1838640552047,2.96409332813487
2100.19423216366,-122.934480297528,3.08716717442357
3070.51039233671,-1765.61399435434,3.05554133291829
1312.7093506381,-1296.28506475594,3.15267389729373
3983.29900565909,-959.503827213329,3.1114439851046
1577.7131344665,-924.749836304707,3.252304229774
2582.58518798928,-333.025550869566,3.2782222206266
3116.00155928617,-215.746232643969,3.17860410035983
1115.3456973074,-1571.84385062819,3.16233955426991
583.670465279677,-1736.69752810922,3.47857984486205
2780.92918840836,-1548.00639388295,3.03492799043142
3636.96953730946,-1965.70848167779,3.01598501644618
937.383177777079,-1771.28980127927,2.96348911214358
4008.02293329867,-264.302609398694,3.44529872437953
3937.25870569201,-1687.52116614935,3.12217304983742
363.603060092532,-1314.96367061618,3.01048797867381
3227.85113927209,-140.604011482358,3.41222412819996
3852.41698622259,-1603.98380062698,3.29695710981221
2064.61404970313,-579.392697363346,3.36965028023161
1086.31804253271,-820.496231886444,2.9773950956406
2154.24192133053,-1077.39226660851,3.06775576224914
1377.99904684461,-1232.07682942943,3.02103038637655
1401.47360990325,-489.88829726373,2.84473705087323
3146.90297642301,-1547.65254196413,3.07778580344705
812.130968758926,-2147.93402438275,3.38907015293883
2077.04957234347,-200.909612934145,3.40976638776521
1991.88182481132,-755.562715596788,3.25147302125134
3250.96490418881,-1880.67257099197,2.926066657139
1394.71111348484,-738.573573707585,3.09650403729512
1313.75192931836,-1326.66077237954,3.15337552993702
1532.93295751655,-883.113089753558,3.21597489281219
1687.77342470157,-576.794835295955,3.27052234700228
2008.27889156342,-2125.35908547894,3.38316142177852
2932.6669041541,-509.716477590792,3.27817079386235
2849.56137540078,-1182.01026418793,3.14874340372242
2491.96665469305,-1546.7901740524,3.15600548078035
364.482933643385,-23.5983794637926,3.05965971216369
438.332944100377,-1103.56349729544,3.1757693609599
2329.03417493069,-824.433519691471,3.46518175376549
1635.12724442842,-786.556207512147,3.46734104004633
1466.37370701316,-699.595720516301,3.47163506425758
2947.77468048262,-491.200640419587,3.30801289058759
3348.66984334679,-1192.24018702439,3.41481513044349
1142.59985368246,-154.506338720814,3.06439988985052
1792.62398474847,-458.57117882996,3.33140669603584
2631.53112290301,-782.256267250836,2.93349060735188
1894.71985945252,-25.3975645290608,3.22425927328621
2242.60609785338,-1530.86176356397,3.14812518394482
3646.99156341516,-1869.4400770603,3.06879070100422
1017.30619382317,-2121.3034355869,2.96341944279062
943.66342557069,-1653.20911143355,3.33001762448505
87.7442264827329,-1364.14316795389,3.3778475572154
369.302229215577,-1536.40439634352,3.42784852650504
966.250507850632,-154.032637549257,3.40684890758762
1922.86026588588,-1134.07395901508,3.0630706765607
494.806984113662,-676.040524590984,3.49596062143431
2069.58632610188,-533.511357745265,3.2547180405126
1979.20005206515,-514.576209188673,3.31691174357115
3224.67509365482,-1368.46301869526,3.22079342564309
3599.46008671589,-389.470227766697,3.14549182747543
2016.58062545302,-1493.70679455394,3.2292822018786
905.927574350951,-231.825330054687,3.37737562716137
3241.75388282356,-1897.27550978254,3.33782360792163
2743.73238695952,-1742.24036733152,3.29450975260418
1637.57078732598,-1015.42991905003,3.11355917210273
955.67906273316,-1902.74675549813,3.29443804650605
869.686773060263,-145.959695747345,3.30170798233311
2976.52574451251,-406.955564582923,3.12818388105854
3095.80027435263,-2149.21928631188,3.13073562929929
3441.01876575142,-1760.04274675772,3.24559797305481
947.707475667992,-1236.33109257835,3.43569710344535
1744.43575828903,-959.051032194725,3.42579117164546
994.342523667768,-1834.41312125075,3.32714370124489
651.161638239581,-397.052919374635,3.36026152414039
1376.20318110525,-1960.39912801898,3.15712153184688
2729.71740505443,-1570.34529191703,3.53220063360577
3615.63729553962,-1719.07810378991,3.41894843090857
1588.71751971775,-1150.3950978841,3.34942230053364
2703.90635365888,-482.558239777571,3.18105382306412
3890.06511934284,-520.223271802503,3.28146280385722
3468.32467194261,-1383.73958650453,3.52147515817996
455.298173313798,-281.072623011117,3.50001416624093
3054.73782464967,-53.2222747768302,3.80399291840756
2029.65587822094,-885.332089767697,3.69429203957912
1060.81723116904,-447.201894187483,3.46019580634422
2140.36110909746,-656.912516033611,3.27887833438633
1925.63132141673,-2150.55741654867,3.05536748081997
2692.19117966423,-269.897292986747,3.23647242365724
3201.68791385352,-1520.92979640162,3.60845672322945
643.733832942907,-1912.25802105633,3.34970110676323
1639.94547992677,-272.235305560642,3.35223225495256
3264.95253770048,-121.718880037014,3.31859171180974
3319.47680344947,-1614.81198648146,3.53116093061125
3840.9062365858,-1649.82554538551,3.60675783669748
3489.13090933061,-1828.3573473002,3.31560989651441
3749.81425095153,-1080.16269811054,3.39576697941878
2425.97266878716,-577.512633527901,3.36560833676779
2013.55409710256,-2054.45157682311,3.41807987883583
1117.93797005329,-546.561514808292,3.27861262007989
841.743486108805,-1028.10864658514,3.61061293118206
360.565666661499,-289.33483180697,3.53150210479703
1888.60654479998,-1248.89591774714,2.98776626391683
1833.73463713349,-276.088644853045,3.55517421903138
3937.74427047338,-997.803886182026,3.61328817121139
2697.13098994312,-692.709899701791,3.21132347777413
1267.23961864676,-866.624755018394,3.42144235667101
2788.22597932605,-521.739327691902,3.30436917708011
3611.09927795381,-1771.84641787311,3.43256165884226
1939.39627552956,-1390.28129010592,3.50262078965475
1212.35597535377,-1169.91853011963,3.46255165040165
3647.72660141905,-1670.29925458562,3.0060627314063
312.610398698134,-1970.65680180512,3.30443327526086
2821.25700199283,-171.724723303174,3.1586424581183
3603.90984761625,-1407.76304713801,3.5083707959253
4042.70004028439,-1046.90935446796,3.68467705984793
2033.64428960981,-216.511658325509,3.52321448251613
3484.03567403532,-1461.38011007875,3.57443141657773
519.124196500572,-415.040418959552,3.45190898389604
2009.18458307217,-962.826848299871,3.40951763556623
3339.55045357144,-773.334536410395,3.78649732130604
233.908979616528,-534.594135849822,3.45747369537087
1436.28216127612,-1266.47456316143,3.15008580959927
262.06459941598,-1351.03300846021,3.50643631706089
2619.81339722982,-62.8975472552841,3.33364008564459
3123.53006294472,-1408.35915782617,3.42443259493136
2908.19245149245,-1783.8866484845,3.493758556539
1055.35851778374,-1684.79538772889,3.65530659500837
3176.93459911104,-1385.9644567049,3.72331187193257
600.373429853211,-82.884213205937,3.45330263558157
416.74844692689,-575.935376494124,3.39426788699443
1850.32406566187,-748.905279607232,3.66005284770948
3753.2126796591,-393.480098304407,3.31059730473302
3690.25646814031,-1322.76715411323,3.52038126209908
1392.2179203069,-1156.12306488409,3.70647024044366
325.863985147301,-640.152366389402,3.68008391001705
3862.79247667546,-1429.16571816794,3.43941143290028
3250.22263278956,-1963.37196395099,3.38005552451124
1399.65041543876,-180.839365101118,3.64833299633591
3623.30450600754,-925.671411467549,3.51564646743798
2285.78475717682,-731.308488468846,3.27507455093563
3707.6467363052,-1981.65676345551,3.57923644445234
3607.08313395132,-1187.12483990258,3.7420956890901
2180.1633863974,-594.749101253131,3.73047406179349
1013.65176602895,-2205.84608345434,3.47224943141681
2741.57686038454,-646.548706428876,3.51418205231766
2227.33076308397,-1804.32675053083,3.42023814340263
3050.23035560895,-253.273861044748,3.89846316555599
2965.8632212881,-879.818187547096,3.92869393750617
3741.73289560133,-1789.29438210497,3.66757887839902
2969.62497170265,-923.098914492793,3.63923486833887
2727.01548659802,-2075.61402571626,3.37895779391553
3757.18534053142,-1341.04826306367,3.69296729926912
2279.16589816289,-890.357656471265,4.06576492904656
1963.9875345651,-1999.66765956331,3.68320314556177
2241.08143567455,-205.28718606583,3.48801560114721
988.688305777286,-2162.05873257055,3.76576360718089
1565.98332580903,-322.708047804776,3.50680440836307
3298.15595087305,-1695.72990107422,3.68922471558782
1664.21253019582,-730.561996465133,3.72971910889573
2855.03898459893,-907.958481465799,3.9543475784035
2595.67903011618,-1872.94389077911,3.59640377705691
1032.08510422054,-71.4965622232732,3.76531705065844
362.032624755527,-205.274787421047,3.91357121109294
3022.82065906929,-1001.67255187322,3.69821697619701
3838.53754847076,-967.942591151327,3.66768898384109
2505.23611470142,-310.919047654404,3.4894146434561
3347.94693988954,-1790.5209672859,3.69069256183164
2028.74526936236,-1557.87820492189,3.84171731473285
3898.43091271441,-1476.34413011331,3.70634638032366
2917.89201364147,-887.170459155857,3.65631947008748
2057.24526098697,-2093.7150482035,3.97834001465688
2007.17737092235,-642.303272761781,3.45520864396917
2239.00334692456,-1202.80820413427,3.75383743526772
165.805540976358,-1060.240977538,3.57247144157742
1777.88846898929,-236.986129449029,3.64745314059016
2301.11239793729,-2050.33536798996,3.6714897591941
2391.3548332434,-372.489271944657,3.7901700508941
335.975312006595,-955.338398360489,3.65251807397153
1767.53095005434,-388.677143550032,3.65617023029066
997.335226794304,-416.799745639149,3.42862672426277
1803.43661130731,-1285.43190031712,3.47734867039183
2393.04590276848,-1421.31859594868,3.71792609606231
1521.69112697931,-973.637969350522,3.72736261326419
1635.59981734456,-1196.3241722136,3.79255049779431
3064.08810306588,-1359.14522681593,3.61807845484647
3135.84620757416,-1301.88271731772,3.98657616180093
1162.63919866973,-742.866403845086,3.54665420635282
2447.22355454579,-435.775663194186,3.82605534874188
3911.67495103953,-2193.29295286805,3.66788866622958
1601.2768598881,-1702.22021792477,3.90969349017191
1651.3271490471,-1652.91886567794,4.12011993015726
2096.65388177337,-2097.52646036925,4.07767377506839
3224.72021001895,-194.497912889418,3.90096259508258
375.746145594772,-2037.50546617491,4.18440012609735
170.530253679689,-1996.6162932715,3.85877087035205
3113.81500774158,-2082.19067749027,3.63316692520775
1927.54180728934,-714.193333730082,3.67412051747666
2091.86516351338,-1757.43462379263,3.72850322683031
1363.13277336793,-216.76380895137,3.650991413934
889.100555024388,-877.38682745386,3.80824189380615
1770.72193882974,-353.134977815387,3.68034215840193
1992.95729663077,-1814.72881644703,3.76307443075208
2206.08132253123,-1311.31761618663,3.74631594723711
1498.24733587231,-1518.54951469501,3.89072802526273
1805.77546243496,-1673.3325019145,3.99634569036831
2149.34344363982,-1468.99612981033,3.79709712466252
631.224827163536,-735.629774285532,3.90444251711237
2994.80925359724,-1866.12832976899,4.05065136542014
2019.85174319942,-685.256421169456,3.82481493347329
1197.06445498123,-923.789356242042,3.8473011973642
214.246254571084,-138.901177274353,3.87415373727311
987.654986012682,-668.959074159308,3.82224758552724
3969.05239661489,-1805.7981322358,4.13558855470562
1745.0075514896,-1673.9256440334,4.07154478023176
3781.68548346493,-905.574062673773,3.97496902672239
2910.58333033093,-2122.91531963042,3.99561378316894
3309.4319946985,-1005.87559491194,4.08136107109673
271.438109279551,-228.783854922787,3.93067752446775
1928.2550799838,-344.636745110189,3.96104765723807
2155.86841639124,-920.081740601271,4.01689961313837
2498.91978644406,-468.731796265181,4.15702853990028
809.721704046766,-928.689603275137,4.08733104870328
1832.07076491731,-1889.05621642306,4.0766256571954
3998.88187359776,-837.857350268106,3.76984021754967
2279.76249242589,-2204.26738997698,3.80280898837027
2621.88092380319,-1808.51605506623,3.98939680926294
2188.36463360939,-1361.77131301465,4.07044701717577
830.783132276771,-1783.63714303946,4.13794390338252
2763.37665655379,-264.132288582545,4.04302302059603
1163.28091850831,-1518.60151323174,4.19969571342059
730.826005343966,-1904.95188069328,4.04899902216617
3619.40938699455,-1376.37211074539,4.11394869294795
1334.63301630295,-2004.0520021494,4.38547091010816
334.461863208886,-1436.44409195253,4.14087761844847
2005.7497913199,-442.468440107145,4.27886297969908
966.090981838698,-361.625903904715,4.4403260230416
2274.77024957131,-1716.96974844857,4.4268017529255
1044.67029764535,-190.364739182099,4.17874940091891
2098.99927878178,-1920.03423393216,4.28180619922893
3520.56776883795,-557.496363556187,4.39244284408023
250.714874783354,-1012.0667644925,4.40683263488607
2279.30422059428,-1357.57315124311,4.24441439471735
3703.95099416695,-1189.80632600814,4.29313224223444
2604.03032594551,-1748.94256585119,4.61007132032989
1756.96248994059,-1232.47686830984,4.38670412564639
2551.1543988752,-2118.44117634012,4.75792357587887
279.118459335129,-1196.68241818752,4.33568081358596
1251.21182647035,-433.427457378774,4.54924498889839
3689.5174719206,-991.657953695877,5.0673288055031
696.869056780907,-663.429261780709,4.59895332967769
924.4587488761,-1993.50090730504,4.85265836936197
1323.12068574697,-1699.97944556257,4.76147946555839
246.094540895321,-1321.90690699379,5.00764999699639
458.89884052254,-1926.81680030283,4.64766251503244
2289.29114621677,-871.646392882051,4.95364212079255
2899.46774140355,-1416.53007482928,4.79136312044885
2944.10571524395,-1604.3318985828,5.10538909211476
1168.79930619395,-1814.96140457772,5.0286998555031
1680.78147348793,-1515.90463241743,5.02721464997067
659.891880867893,-1451.04041313607,4.91856025278749
3462.63699519394,-1314.22433876324,5.38760554888767
2023.66842390179,-856.646993675295,5.1534455095686
1683.67440431033,-98.6745980948644,5.42327300326012
3329.25641618294,-568.289119860143,5.55276160719942
1722.04810386684,-1098.68198275685,2.9535119009896
1111.65486118648,-982.880376862198,2.75340829367037
1313.4146347483,-1413.84751484443,2.7421768737915
2546.71038990025,-1863.6974721329,3.00439818102713
1020.16103375884,-1550.17859648019,2.85716342263609
529.713372510892,-1314.75158697806,2.94402679643932
1553.69428431566,-1284.6904797413,2.96008409337154
1456.04829809607,-607.433451326186,2.92319361892001
857.766772674498,-1135.52019102047,2.93722137925851
2958.6626555981,-690.336227584223,2.83621941134827
3306.74875659471,-2165.59840659459,3.02560387522827
230.161756785551,-606.653323280814,2.87158902773619
1587.61625557041,-593.097179820055,3.11881325600707
2287.78876059199,-561.869505701161,3.22318799040469
2144.26366922741,-1090.78770284814,2.96404055417241
1258.4266116741,-567.946195584073,3.0574816252419
3141.31361064237,-1551.53528076372,2.59070070587658
575.757397835974,-382.607355270383,2.59326492299937
1247.22619654045,-259.765894046935,3.20652000154081
361.594674883515,-885.533967852831,3.41903854532552
111.380533266426,-333.264219663683,3.10152263937668
1760.62715151232,-550.978168598365,2.96043501367246
1489.28751899521,-173.615727526423,3.2934123521542
2631.86607883184,-295.794344914184,3.23483111350596
2354.56775500435,-1731.58572417191,3.27106371622543
1649.57008727881,-596.506167155292,3.07947729836371
113.263663723086,-51.4495345773791,3.20829326811589
112.328730084153,-449.459773717541,3.06618085269265
196.624132390923,-551.011100736658,3.40973203368693
360.716997797428,-477.164850167534,3.59004084101717
1698.41345476073,-1478.14411342329,3.54934304246962
835.489708211455,-1232.44225095041,3.44083019171181
833.626085243359,-969.946382327889,3.3956101590357
1787.92231449884,-242.555689090314,3.49891738656783
3198.91901746526,-1890.47313829485,3.59012616534068
1765.33943952543,-349.699742510542,3.3373802393001
1763.7849169945,-399.767794298509,3.85176484102017
526.263724380388,-408.653126305865,3.73400942227982
2484.6250589976,-469.950398002129,3.77611440629061
3009.53298405142,-293.341149984214,3.69145734917006
936.228844572862,-821.3086021676,3.97253957775925
807.24400229063,-922.287691187677,3.74668763814051
1409.67330432232,-358.230349536288,3.74375710409254
2906.68998585634,-2120.91926914761,3.69568911247929
3768.73299035563,-900.577926101851,3.79751291067695
2275.34853534828,-2197.46897744009,3.73371465998948
1483.00574448775,-875.002300607305,3.912758708974
3894.01369965461,-1465.14347489347,3.90378146378681
88.5806290631529,-314.171239959046,3.70878836162439
403.220227247669,-109.324889136581,4.28769159378561
2243.5964825712,-538.477777074603,4.19697084052203
2127.09802404254,-510.546913547669,4.20056072596269
1565.12134745286,-672.891080519535,4.39084475740685
2200.66696038719,-396.87893059294,4.51632715862014
1184.39344871371,-1841.65132859693,4.54778338807368
1504.41380418094,-505.15493348944,5.01276374618329
771.173855498697,-307.565185993238,5.45948537695564
1417.86967981476,-1139.5028992149,5.31170951502383
508.171773714366,-2159.52892034388,3.10733350356093
2086.69296477457,-1958.03652113938,2.69352214599039
1887.65142157441,-1702.50701493178,3.05337296737966
899.725560634643,-732.190970026113,2.80107913987215
772.204051514654,-2098.34868527823,2.90248736915847
1850.01107741378,-1089.64615763603,2.92601879488669
848.029823675438,-1875.49218573248,3.22728090970343
1213.12315515627,-625.46208009894,2.89258557942921
570.25040187834,-636.243458152284,3.09366303025734
778.48574139466,-586.27059993551,2.85683953863567
2650.41976127162,-1807.24136221059,2.68692246417631
1489.80717435761,-1180.64624748063,2.81681342980292
2103.22465054017,-2212.04234348956,2.90744189117945
3647.88604169525,-950.074449220614,3.15373320142296
2872.71083438508,-1917.37657653968,3.36280633369945
623.713138198696,-1930.55684565511,2.96216518654096
188.565649466342,-1476.47284855198,3.71475732125867
1723.38676726775,-975.248529071872,3.08158993092608
343.635682780547,-2185.00791149717,3.04622616414347
700.745962525069,-821.696554100302,3.28992533475895
566.973556598485,-1811.25219345379,3.26002827151442
3656.18020978633,-1776.76216653335,2.99940462886913
1010.67131737133,-1031.21152998451,3.10912275802898
3692.76521848014,-1180.29292090793,3.19082973858294
1228.81221094388,-361.542752238149,3.05497904584485
3152.31914354377,-823.297510089131,3.32042738802298
1481.79340886721,-1460.64452866674,3.44902098963982
3381.76370854857,-537.178820490524,3.42098381884354
330.779244510492,-632.185533790066,3.29045183621358
3334.8982304321,-747.285708157814,3.07565979890132
3559.87919591548,-1340.27043439711,3.56119902693747
67.258025610319,-2100.31433179454,3.33416033575981
990.99810331234,-421.29234336257,3.08122798610526
2266.3755374591,-1647.01662942987,3.62711865781249
1555.88592567589,-326.486196160048,3.29488020553861
3259.90065406707,-2008.99478951394,3.48962501723577
3305.04031874417,-2170.75815981796,3.39574472029493
2767.82175063873,-272.04093905067,3.38095114594845
2475.1823789175,-1719.41029856207,3.37991153506584
330.612373270082,-677.14701134944,3.61525549482385
1047.25457019756,-1260.60721885228,3.83511164567372
73.1628070990031,-494.286748172014,3.67248173569814
2563.06674866676,-514.498408187102,3.87399348365136
3337.96307272103,-1794.92484468253,3.85483557465237
1368.89711670078,-225.115435479799,3.65882754030608
1932.63580900888,-720.547193692525,3.51292106233348
2087.21780837459,-2004.3861360981,3.81361218834988
1099.10028662028,-233.769190449129,3.99184258600502
1975.39752672347,-2063.83245809094,4.07197711764454
3264.83902070866,-95.6158106302819,3.8203238553934
3424.80007553603,-1830.71569339165,3.99528096832509
2485.60614018072,-468.98666064416,3.96358598168213
3819.3343510133,-202.31565176369,3.93955670854194
3826.61712865211,-1072.05409722456,3.85395759462288
260.501294598926,-1011.17986490287,4.32244198270253
3891.10828696308,-1006.67599660516,4.68292234108459
3955.38643003118,-420.337581544542,4.0836453933877
184.557626099785,-394.680812473613,4.43705387608608
1564.30842956274,-2117.80244379674,4.60021847034504
1667.30571677864,-347.088752625172,4.48635240093533
556.041772982986,-1189.95568362048,4.80262440162683
1718.52573022643,-2165.43831536165,4.87167078115249
460.947901570614,-1943.3362823523,4.97679724756868
2493.74980988575,-1935.57240793469,3.12903973388818
1257.27469643293,-567.738246143869,2.98295859684404
909.538876432995,-747.635711712792,2.81173597843327
1547.23372991956,-1484.8713990456,3.12017630219166
3620.60841670604,-1868.51662531667,2.67742022541071
505.958345542093,-1414.75250961458,2.93305296463648
492.107575986108,-1041.50499440743,3.13130111577348
783.166564993143,-185.538526325711,2.43610196610375
611.270581879816,-1149.37841691099,2.91610762025837
541.886854015001,-1347.51376261322,3.03644081722483
3889.0399072129,-1306.28165011491,2.96433860604571
2792.35631344045,-970.916904341068,2.90046987163343
1385.88521897803,-740.500286436243,2.87879767842677
3630.67437473204,-1963.21820096778,3.37679351979898
3785.10783930429,-488.462399070982,2.81884624817048
1678.42748743221,-206.666088106646,3.12446172065806
4051.49989006458,-1373.8892431751,3.2675074610186
3656.85255902692,-174.321011749546,3.26489180242384
2079.01404838477,-533.815665925036,3.06552653795505
2194.73935730088,-795.720466163936,3.35502730477183
3316.57068502378,-1607.77954055184,3.29625725821362
3636.3508540534,-973.502972375082,2.98962151751698
454.597431725298,-273.003772990134,3.02046714914527
653.377000122999,-397.457571676233,3.21898725947537
2697.08886009548,-481.644767720632,3.23383257275731
3186.16900892581,-62.3604552470847,3.1423027576334
911.37571552395,-236.292375677225,3.76081329161925
1315.11272206625,-1599.71357245892,3.270089612711
1047.27770414994,-444.099814343036,3.29888106391524
3936.33264465448,-994.81949242398,3.26130595032239
3030.28190934811,-187.273127044927,3.3076931571873
171.034962000807,-769.619667273509,3.5249866730807
636.505466136061,-663.520309998075,3.12466237625578
962.130026883779,-1229.98273261176,3.05830862012589
2297.35092317897,-2062.04724731705,3.63824207693717
3351.11260563545,-730.075833326386,3.46482581946089
1757.63061636802,-351.1544144318,3.34929519348993
600.194664861318,-77.5000440501688,3.65761759782492
2044.44637595895,-2101.18896496384,3.41009492205918
1150.8894564464,-2215.2981853988,3.26282382390898
2810.73347589457,-383.670216441433,3.36537920083003
411.828915584,-584.230631176408,3.6644465820362
1401.157292387,-177.573950173019,3.52606942215677
2972.61644252919,-20.1293411108474,3.26466012532408
815.374308714716,-777.451880634225,3.39012795265062
2867.74743764058,-2145.64014182352,3.43917786702825
1029.31713539833,-62.8114130301823,3.83497912251723
1934.15250608482,-725.779752275153,3.67168192942159
359.216573524484,-200.325588400039,3.72194654939638
1395.61338110929,-337.578553227771,3.5798960245999
4045.12717280249,-1053.58017208206,3.85098597841984
686.563880030085,-2066.08302314188,3.663535647176
1946.09168926146,-221.259482560989,3.59269409737342
3230.61527643469,-196.149439586834,3.85090076813008
1809.52228892167,-2137.53493268337,4.28151630143389
937.62781046211,-818.941558049344,3.37883861152693
2614.14606013734,-1810.12410401937,3.9164903014982
3447.35347601146,-1825.82622946321,3.93482120112541
2060.70165224481,-1404.28527494321,3.78740890300291
2533.22836258229,-1930.41266567625,3.8282842633991
2437.98403177011,-230.277952027434,4.10818721371056
2330.514618886,-1801.56892095018,4.07275889569053
2598.68631654653,-575.575469196571,4.12724293987049
844.858924821569,-1084.42616280923,4.18751599355304
1236.49922530834,-441.072903881046,4.45692782985636
1535.97402487055,-494.255402663247,4.57476453477662
1670.39221720053,-494.156870386591,4.80834509270796
3461.97618141699,-1330.01401411612,5.02571488432244
1134.29271296665,-523.652450252042,3.14605590447652
3078.30158826239,-585.747053647423,3.10995129560743
3281.32517673196,-944.639285978967,2.76124870261655
800.702265127157,-1207.1535368172,3.1297623279415
76.5786959342881,-1458.64274857359,2.68318424993285
2220.59351446473,-49.5648904613084,3.30260389988254
79.74263880163,-61.4258149788796,2.88312976574417
1499.34950665306,-1902.12508449104,3.08218821193822
221.671452022114,-406.486307099742,2.72235626419433
880.095746097267,-1858.15120869236,3.55200214002732
3578.66596947363,-1900.03366874025,3.43539976609803
3665.01740343587,-1271.85563251707,3.18030798888171
3104.67102410512,-775.925009718335,2.97603902536725
3185.80663011127,-1920.05946024465,2.80507469852645
753.27959485664,-1246.71233315531,2.81087336160839
767.290130583083,-2096.43945110633,2.94572491488623
1431.95818325767,-1001.55220156147,3.04702905885745
530.332098014964,-1397.20065926719,2.81179002506373
575.092663419762,-1319.2003237889,2.96034018994411
2348.21302846275,-1968.16602771203,3.53258455325206
1890.25051074582,-1580.20996297191,2.75821332738889
3837.40961211935,-2125.86235516617,2.89401476919527
738.259123875881,-1459.40233637585,2.84914320652247
386.009524158765,-1371.21211721454,3.02630223578689
2317.88469749933,-468.387459735203,3.0194913124386
3393.49017808367,-1964.84732622811,3.01286195203146
892.307518885539,-741.692351654981,2.86810811417258
742.18855748313,-839.567573097116,3.02529235512876
1737.21185163524,-1838.23576581607,2.94327308225613
1882.96063451092,-808.730010168875,3.04571050595827
897.275890578781,-93.5106359060356,3.27163486932389
3862.43315878983,-81.7320143254679,2.84712549439767
2663.80997258699,-1713.27430158272,3.17956856194789
3096.45944529148,-260.198301679731,2.89920882337665
1211.2576161528,-1056.17819363804,3.02027439329855
732.375801962429,-1945.19194312693,2.92199152830293
3713.37236482778,-760.3418303687,3.51052634893692
1743.80269828308,-185.063950548094,3.18316898643888
1126.82814555852,-1156.17678258861,3.04909361246767
4008.65974432443,-1095.26659234396,3.07897479234496
2439.59362399372,-837.647490632046,3.15803353987093
3809.61140422115,-1755.60714501199,2.97640330782714
2270.28179662968,-184.593035606301,2.91810036326812
3392.50757319118,-1571.57991881213,3.33448964637888
182.410234410731,-1482.36325525972,2.8642090788583
1122.51923201251,-355.560661782645,3.06526799613304
1478.6576614614,-2189.95803962547,3.22322144265571
2987.02359842944,-1986.62748847535,3.00717295612273
524.212825073634,-1324.93073713406,3.02446240802164
1858.15712714132,-1244.8193667996,2.736655050571
2019.38448336176,-1692.48776734658,3.24359986372478
832.2923219992,-1760.03686728794,3.08613867136121
2340.20921279323,-1309.8608036829,2.60875761996445
3433.98220498042,-288.251426322158,2.83621665766473
1813.49177452085,-1714.9124470727,3.04096462503981
3554.63556903029,-688.490850780543,2.95430914432807
1889.59943740644,-1475.82856099071,2.96642716988435
3876.23946050857,-1111.50743797536,3.21073166334157
3340.92133190392,-2049.27751237352,2.98230188765643
2014.08652163333,-1847.8319707543,3.04933878979447
1897.33013638298,-961.89161067932,2.89521936983069
1960.25149336433,-966.280339636074,2.87730309590528
1664.40669723229,-147.6367671505,3.05463366268274
2986.32641877123,-1673.11956212333,2.7281633878022
236.795804710961,-2216.58318159687,2.74600736462518
79.7277526614071,-1034.37378444583,3.18797625814155
3478.65486523974,-1255.72749215494,2.88461014068972
1827.86804140171,-76.2787251130425,3.3083566450826
2584.86878518592,-2102.0822986676,3.18962002780742
2607.5717811391,-1949.1051746917,3.40208863964708
1739.10632835644,-465.550708731361,3.10639765980022
1636.08084001208,-2132.36541843067,2.98865355836157
3531.42311166706,-270.206184963435,2.87495497857582
3851.63411308239,-915.228465317874,3.416167963637
3502.34870603748,-1804.15672534802,3.08821228622147
2647.35154206368,-1803.89645983702,3.10558409926698
2292.92669702896,-1653.27321483119,3.17785666896621
3046.30038193888,-1658.21086559868,3.0607889284072
1141.23105697369,-1346.0374845582,2.93744281049186
263.619433450349,-1107.16933687674,3.05568044209311
80.4602876348963,-720.747256307197,2.85319805019691
3612.14759868324,-737.289517447084,2.77311609584706
3369.2634337657,-583.406811206876,3.24853892852585
1723.5263553221,-971.024457887758,3.25552147506799
1563.57299706602,-1284.82351527633,2.80361600220828
3984.88132111493,-1852.33472754017,3.3814536247369
544.083631453407,-1765.67121833661,3.19881517334402
3342.48025975945,-1792.07278384959,3.27349481885991
1149.73770531748,-1678.30077079674,3.14154301712158
3834.07479476923,-1079.21511495763,3.43294448924835
1974.00019962317,-517.751637110574,3.45223546321996
3951.60788802643,-993.694592637396,3.22555322725421
3344.26326636908,-748.800168624441,3.54619064784493
1817.62890124196,-258.945933041736,3.40675586358027
1326.38173348138,-1621.75830562245,3.58931934023003
1044.58717366029,-1906.0404018202,4.07206934798233
2398.15481295271,-116.620909099472,3.70158203365749
2469.61598511764,-1717.81344234063,3.55995949302036
3635.12009521582,-325.643834207068,3.5068169820443
3228.77101645776,-194.425966724419,3.49349737922558
1489.16803608951,-1737.42244599233,3.99070635162307
2598.51322663934,-440.985873048143,4.13897672720511
2158.44362864871,-916.735577922498,4.29503684700494
2383.30528704895,-1626.32903479659,4.11458565360933
2230.7797924714,-540.903176632178,4.71787621725422
2035.06205808255,-914.807451160975,5.13816825578453
941.007926558636,-2013.37785846744,5.1412436315138
626.300537610733,-1443.89534403953,5.06494675701344
1464.17822974243,-2181.790497509,5.42634674509839
755.516204025043,-292.119224735239,5.5040661619463
3977.43073044708,-1590.3843526959,2.79553277398092
2741.79163929872,-1841.38929188595,2.67434063339766
4060.4534431847,-2195.23477548281,2.96121596421377
3682.52146190405,-1786.59403001852,2.69561745585769
864.650138409129,-1564.5989516245,3.03958212148431
2865.01107695205,-972.443407302814,3.17706275280856
1315.51053416558,-1583.5142691628,2.84929912074084
3989.38776884549,-1310.36551186392,2.67096579026493
3790.73485390707,-1266.9672195604,2.89376296482581
1030.77707272096,-678.033168576358,2.78704976649344
4005.61561782685,-98.9405209938929,2.61833565976485
1531.43071148585,-1033.79996820299,2.52917595847054
862.270140906769,-1660.54950109754,3.06917709468788
2059.4579363926,-1211.31783634364,3.14379839255767
489.461331748651,-1204.00755916529,3.05246778616073
2197.18573812363,-981.388522510859,3.46486822918153
4060.28842950663,-1542.88525357103,3.15841839450488
851.360749564111,-1874.91691068851,3.22088450306501
2230.15546707782,-549.889950120825,3.62075836725248
1610.69991259536,-569.759640964111,3.42378778169318
3427.74371854553,-822.804246582635,2.98377181986988
341.813485024478,-1591.79796868505,2.92415918873973
947.882366424675,-350.589831219818,3.11295249448571
574.950351513416,-1316.25482704985,3.1174628732514
2278.67480428915,-711.829063556235,2.93666799194596
1300.65267548668,-1391.45780131527,2.76592195143336
3588.83022827171,-1300.18446306175,2.99773403240582
95.4668239061763,-975.25051672322,3.03833955362288
2290.02584487184,-1413.83896798289,2.93264608113851
3984.00037327638,-29.0625130775865,3.08515457038227
2981.40356266023,-1838.13262677552,3.13594196276283
186.443382845818,-1482.04961189353,3.02733479618004
2037.49280385995,-1279.04328652367,3.40688121177321
1009.71222753884,-899.043939708112,3.27144726882827
747.163723046898,-839.074585388791,2.8821809830541
865.835302203454,-898.341266894793,2.89819899629327
3916.16302315788,-8.01137294463823,3.27684653576096
1609.57102944401,-834.817017541144,2.92149495097363
2193.027333431,-1592.56032497713,2.60941905441312
2644.36074449102,-361.365498186336,3.01122161569522
3274.02965837252,-954.397633413692,3.06897871263327
2084.66535942921,-2168.93677360952,3.02947049904462
2419.57817044023,-196.562217284568,3.30008588815699
524.941753557281,-629.520713489377,2.91808629994745
573.018728160864,-646.306915854622,2.92117882028266
2985.37398019597,-1665.38916928814,3.01646467329362
3832.11051046461,-2128.68456832414,2.87297180339143
2076.89635942922,-1140.92108051752,2.99194862193857
3368.70908851694,-417.40836799962,2.95443422831462
2270.89579660407,-492.183722614509,2.94857173829448
2752.71754377958,-1812.10962857283,2.97867997749074
1430.36934834815,-85.2400716220569,3.35014264461114
2972.1617223789,-1037.6849785075,3.06374009233921
3835.58770788388,-27.162799152247,3.06397127552399
491.496974572827,-1477.45333686525,2.97789038971059
567.094232241075,-1487.23419709637,3.15490184699864
3662.65694722633,-1276.43039569316,2.80629546032245
3896.19967226847,-360.541671889317,2.86465636348712
632.012903931224,-1933.52607425862,3.31173960251626
3447.43425677169,-1053.39862074711,3.044894524141
2579.98728378394,-1795.27153905489,2.75565591969761
2800.76968054276,-978.510254914833,3.45429920292668
3870.17401790528,-1609.87525339369,2.9031893549389
556.563891634864,-1664.23733600216,3.25196977539428
4024.25803914637,-865.841858900552,3.49376261313205
3100.30968147874,-1570.81660863202,2.69688306564617
1024.37919293496,-739.163814455456,2.87996144925327
1597.75114448625,-960.199533237593,2.80630365377768
3525.76322654299,-272.855697523786,2.93603408697294
3229.14214345501,-120.599939834656,3.34349489885073
3890.38348654395,-1303.63129060024,3.24037097827169
1336.94006648857,-689.484827145131,3.44317631442531
3435.55052982867,-1683.68170729309,3.02855375458802
3009.15638848754,-1843.94501107372,3.09857421518391
556.822931258826,-1815.68351050983,3.11693583833925
3198.73503402682,-1591.08521805642,3.16170870422623
3479.16198002594,-897.353876581642,3.05366652747308
3969.62630323003,-1129.42126448718,3.07222520656436
3787.31084931974,-2072.20948457731,3.18998308508591
109.209281047819,-338.914210801409,3.03901821915917
623.325352762413,-1399.52107039223,3.30653108476847
1701.0776198868,-1333.44902045919,3.29130711433788
3121.74789624069,-1392.67955151758,3.23385582461261
2995.17251935719,-1645.74228335111,3.30243159410952
1986.24956247268,-1508.81304738869,3.37803436046614
3000.92914654442,-1602.16282804017,3.48673449730225
2812.35310657574,-168.179343373078,3.52733319825227
3560.95437984398,-1636.7981075166,3.44373581055743
4051.19601019105,-1047.16370491259,4.15688071994917
1325.04956731234,-187.04818226841,3.95420054552062
3067.12375216145,-1365.76765880716,3.68158694858193
2039.78986907276,-692.342803382678,4.15978639169558
1877.28015202541,-2003.54202966524,4.17569424064012
2387.09191196195,-1622.29252511756,4.17454802655513
1485.36586936023,-1733.73761034395,4.20385470932339
3302.06689577657,-252.709789342465,4.2347185122342
538.391221179355,-1195.02374389795,4.57111834844193
2558.91671251169,-2074.36381732106,4.74563822505676
3412.34594029797,-573.15921825054,4.93994463369602
2344.36381997305,-860.286933289418,4.77663649751987
644.805198134301,-1419.04760306234,4.97505909422354
2975.0375454226,-332.074239767977,2.88079641805515
638.842926134794,-795.124586022282,3.36596950676243
2715.02724673277,-1453.20858835447,3.2492517453132
637.33136554849,-1349.23360656314,2.78290771874396
3909.05261493174,-8.25137642505925,2.93860222594422
3681.07536338657,-1785.66687927393,2.73903806921062
3441.26349458806,-467.652892838146,3.15803251213111
1668.70494522484,-786.279024465692,3.09627516619253
1179.80978455213,-505.385903827944,3.2360656920602
3659.71033770711,-1273.23688828023,2.8439142226624
2161.30306369706,-564.956292000922,3.10668219411686
1839.68488984839,-2066.74052982947,3.0541746735341
1033.9537694068,-1271.31195674829,3.17181043536192
3096.62805430629,-2106.09526870651,3.37125148699081
2270.59768794837,-1645.20478408297,2.93486955153553
1870.24455412296,-1997.76063489867,3.78814936831407
2034.1450596734,-1406.95237549573,4.12420945232436
2878.09178228869,-427.356370196784,5.24585822486942
3001.29933917868,-930.110453674827,3.05425941426647
1077.78413951245,-1128.18369801006,2.72819666364163
3612.26650787423,-34.8503264491479,3.07238366039438
389.809437483161,-1279.79202196995,3.23107893096346
2028.70276309463,-2204.48889328407,3.13244687592697
554.121639261855,-1663.72759859815,3.34890797871761
284.106186338268,-457.760292147606,2.87417743881471
805.382600965891,-323.416754021823,3.27951531106769
1587.36376718732,-2061.29272831311,2.69880912873053
1024.77432578709,-743.980642420032,2.74425614940108
590.756195936891,-648.006584499577,3.39495271189576
3286.07262376888,-2065.61578545138,2.91473894517137
3157.9215156739,-885.663785302341,3.348668913228
2888.22034395291,-51.6417363942496,3.08682048128993
3256.40015872705,-1293.2717694704,3.37140291614486
1146.03537359578,-1344.82876301731,3.09297984197646
2095.59889285947,-642.59641089794,3.0909115719523
2760.45133407287,-1898.05785356024,2.725143009355
2252.67779525345,-1599.07627536195,3.261273470033
3750.38094488963,-12.461449276397,2.97019414049443
1731.69845517709,-1834.46327472288,3.39007150996384
1564.41875078133,-1275.93136944525,3.24085850807456
542.063387183436,-425.375256959641,3.00598983626726
3778.26265933177,-1047.72337653199,3.59520758201866
1207.84216037932,-768.398915533839,3.2318856485355
3357.9263037484,-702.073346592142,3.27348979061328
2348.96972648899,-120.355489454008,3.16346904144657
2734.73404611084,-272.532918682349,3.40955566788223
406.450167724219,-1705.73596513878,3.65649495374076
989.457144161222,-1831.64207319156,3.03087480200092
827.877696506436,-963.396226822426,3.81005567479878
3134.91534599461,-1399.80727952558,3.36203991263712
2012.65420392078,-1229.92230283622,4.19098925970639
3334.95247153724,-1128.36164863844,3.52448872046669
1471.86268445028,-702.236074366548,3.22873555348629
1198.70823641444,-1599.69888359161,3.77926367704658
1922.85016479975,-175.992617550985,4.01599057114105
2102.58372278138,-2096.92202821248,3.53652204260462
2024.62982205659,-210.720058704819,3.76628901480756
1001.4277642035,-413.282822610897,3.95516143356131
3210.25502277995,-857.240399403978,3.98990748312402
1642.00447979955,-1660.06130340136,4.03931202929141
215.709602934183,-152.068619813433,3.96041369537863
2401.79632246892,-385.479038594349,3.78239452609873
385.614185122036,-378.196681635041,4.03315230038273
1096.25868945682,-1617.18517771561,4.15684595685943
1208.58171314361,-1706.04736072875,4.10720049249947
1479.5158284458,-882.373950908519,3.91849791828859
2111.97239356975,-1756.55358232115,4.07216498480629
974.434177644289,-57.3207719703164,4.23001186385215
943.525173013218,-832.252341735783,4.08336803383386
1101.60872646985,-1143.69789482859,3.84287188248017
1887.59745353582,-1486.83174610149,4.39969226608912
3816.88062909663,-193.285547196833,4.22109391164505
3659.61177133335,-1066.14147363527,4.42348519034285
3897.43910171736,-1001.47499176099,4.09487976839304
1370.81783891682,-1682.27138132945,4.33301543178376
1811.70024102987,-1582.00338943905,4.35437378744699
2301.66433908693,-1172.49174910945,4.59471907496673
1317.39770330443,-968.186419719533,4.60705572111122
539.216834099637,-1205.01068612357,4.46090291006679
1399.69109187037,-896.080985009967,4.4045688649222
107.46688792438,-527.702125860568,4.28712796203039
3694.77349565446,-953.492137194164,4.70057230108721
2096.07357382659,-502.480418965876,4.78347689920157
1257.18564080197,-428.868503439952,5.22602324427783
479.811162968565,-1959.96804323002,4.93359809221537
3996.17614928912,-1249.50064837312,5.03130975239236
897.506560326749,-2008.12441809797,5.0404961806538
1559.17340647993,-992.448106411454,5.07317406063231
2290.77952582026,-878.908787985103,5.01701941464369
1402.64927609495,-2144.7568552423,5.15722920409003
3279.03769587455,-536.617768948608,5.84718950075337
NA,NA,NA
3720.19715281374,-436.145910111568,2.95360273285084
658.934115268429,-1363.38313277131,3.00680345948939
3723.28799746149,-1156.82824843367,2.91975322800246
815.115761755011,-1225.71955842206,2.87334814411562
977.856694744505,-674.853263188537,3.17279344907989
2466.74393565064,-2062.1977354693,3.18464442939753
1159.46689410367,-1720.09692322043,2.9871101885261
1977.78897776015,-796.336065279683,2.85467277401376
4028.86369136292,-1084.77598877753,2.93849088997011
1194.09006751208,-497.296160696909,2.83007713709897
2593.71602727849,-1859.19582074088,3.09398165554263
759.726741804949,-599.188853436261,2.85895946423113
1608.45039688157,-1402.51685405385,2.98905325981209
4000.78333580202,-1042.94778366131,3.21705859113367
2420.91480689662,-2015.71586065766,3.04459319712035
3487.78428308641,-730.806440290762,2.96080625837945
3982.93280499856,-866.276242619999,2.91596164412208
219.865310775158,-1371.21393436999,2.86974119961998
1081.1155903674,-16.1277179379461,2.99418893262552
1251.22331367292,-1076.75964262288,2.85955255803169
2569.14315821112,-21.1980485172176,2.89336424267752
1979.0535362948,-874.76352190683,2.98567414601593
2574.33218563776,-820.352856118566,2.91280628831089
282.198080498012,-1895.63004745611,2.96557316484181
1575.60460527478,-792.306698519048,3.10501939296998
1276.60678114908,-396.019786743784,2.86057958615718
1201.19385479152,-1374.33573180402,3.04132629908743
2810.0916310259,-64.3941233276741,3.09841194593449
1792.20010870284,-319.932521623107,3.08470816933582
3488.96523379054,-1728.77647023695,2.99856374902761
1310.04018205635,-1635.29633488996,2.9999572260128
3426.84333581381,-2115.36845223552,2.88561049398179
2832.8019929614,-962.784766072372,2.95025735809365
3392.25794155074,-1570.85692899542,2.79999704410011
3809.71015863904,-1758.67632358018,3.20090903845293
3479.1543887462,-1449.78118070978,2.92035639727416
3507.51161116169,-1919.39950562453,3.08188421213898
2839.73483135857,-1009.27206813789,2.93922799596781
3119.63245300983,-1685.19485260799,3.06619450216515
2037.69244673697,-1470.89845144082,3.03953349259861
2550.04549007858,-53.8928137078177,3.07047501421551
3126.43504825457,-162.936494923872,3.01914219477532
1766.14408269499,-1951.44465238126,2.90331932854677
3182.73941464461,-1920.26953896146,3.03273559402939
1363.66023966299,-1619.14022457555,2.85163358049221
1080.26166950895,-550.071280909851,3.04422355349312
3273.99793747661,-16.4174253262151,3.03315403784315
3370.6460953891,-1214.46376659433,2.87677840138889
1846.78644694165,-332.137204124025,2.65087324506337
1049.80260540892,-2164.15163930295,3.04002373620801
1044.39997405718,-480.547482306879,3.08266819764654
1215.64969674193,-1892.83265973576,2.95883369466455
3437.42832661412,-1254.11955329927,3.0221368442424
325.42887486899,-1909.53776345057,2.85394755611826
2995.06103777549,-1629.02588570462,2.7943318392591
4028.23517842905,-1794.38948891616,2.95061186639355
2492.79963625968,-696.575569734055,2.84912566528056
2628.2300486646,-1573.68039895025,3.1235102316217
2058.07729836648,-163.875246366176,3.02347150564351
1233.86574958155,-1693.91940304883,2.89176467603652
2758.17410783173,-136.42931080644,3.11616498035081
1719.92032298666,-1964.66836701962,3.02484719131568
2553.01368945784,-1414.91664072284,3.0178443740398
2214.33949347285,-397.104798413095,2.99998680504935
1033.55946379901,-1266.27777257213,3.12088083947571
3487.59500164384,-1314.34154614958,2.91997881442458
3224.18912467264,-1405.39401537074,3.00043347962304
2716.09452809298,-1448.8145938618,3.37114776723376
1670.66343510078,-1368.47444619535,2.991562284763
3889.70183040524,-1843.55938029153,2.9946175934713
2617.70728784212,-158.820570905407,3.08102250822716
310.65336554765,-2042.36597474631,3.09387012829627
3793.38499231114,-911.672018118914,2.81421481503212
1357.45495063935,-1465.40481526276,3.11848013299186
1267.78858957358,-1630.857862353,3.04792733703773
579.206945971523,-443.406691767422,3.09010028556175
3394.26612458834,-1699.50756696695,2.91429175397897
1745.02109636222,-1807.79567323118,2.92844501851161
2868.0300538896,-1592.65565668958,3.06839082930177
340.336867346102,-976.002290604411,3.05821436360501
3350.83780063374,-905.792369459175,3.03138859351579
3254.09947785794,-310.639253885199,2.99115970085587
2259.61952535468,-471.682990248081,2.96831514756842
2466.26612200879,-780.665705487788,3.01511968774522
804.440901964172,-307.832207805385,2.93905412225434
1211.34058903562,-630.963658972845,3.03129198705144
1888.57215328697,-2111.45245116023,3.069079734672
102.609804703016,-809.685912002176,3.03433915083167
1933.69894820208,-92.3181158475878,3.02049844060043
1611.0390975476,-180.803143956441,2.99172392480797
3369.06295616808,-584.778568281263,2.82212036741715
1154.1414283656,-618.38380266768,3.10653729041825
3285.06139241724,-1508.54843640461,3.07176604394949
282.02650731884,-749.83246455936,2.91298266051519
797.364720193246,-411.556984926899,2.99673974547371
1488.33199190242,-1954.85490278014,2.9242935423255
822.412347713158,-2203.73993765868,2.96437481391911
1761.36788402736,-726.365913994393,3.05380643703547
3599.17415719323,-1736.20259198486,3.08021270978992
625.506775948781,-58.8853710607313,3.09688310440674
844.440271841555,-1969.94721641505,3.03441837165636
1899.84634752361,-107.464343045052,3.13008486435828
2329.77612557875,-297.453696941922,2.90207719014566
809.870822335645,-1448.89016123182,3.45270351499017
3215.00167023843,-2127.30794092454,3.12872878243868
393.304738230482,-2098.42959828415,3.07062215499435
2567.09286482097,-2206.50439387559,3.02258999476788
4008.90419712126,-526.602265850114,2.98082181188772
330.872809877035,-141.277075807116,3.01278385443224
1736.0780081297,-1543.33485991393,3.13761897438499
1486.62681618133,-429.673787276012,3.0927006633369
2166.52028355204,-448.419781577382,3.02661925706492
2389.94954321474,-1033.35798253126,2.91014807061635
194.057417654357,-958.120875566538,3.0809136335183
3639.77684596356,-361.250366437146,2.81446092821775
3978.72380755342,-1855.43551336197,2.87545621506101
2154.1669959557,-2085.21363480822,2.95042343422559
1528.88379470662,-1136.84807630525,3.00012106816967
416.109030151998,-1512.46293705257,3.04820992305847
4013.86006398729,-1696.49398470565,3.01760816134686
1859.9091461247,-1428.35187529672,3.06733829736755
1663.97007188339,-576.841606471246,3.05379916706866
431.95519838812,-1480.43484980216,2.98783471363036
2064.34723724654,-127.344776070527,3.09239464758254
2887.42485137318,-1308.98983986338,2.98643498086929
807.454088656556,-150.168656423765,2.90423081908153
2161.60532648894,-540.311071389713,3.02051985255884
2677.5640445082,-497.22112784301,3.07607864813768
1457.84157124732,-1321.88740848024,3.02919949264521
3053.50125894577,-932.731585982324,3.16972190895949
3840.61376524301,-1315.01940643304,2.97520877191352
3387.70008992851,-70.9675388975966,3.17204153722822
2565.44553436163,-605.890713424753,3.02125342465743
2403.62093223339,-410.699656590124,3.02669848022974
2215.21643127276,-1340.73320321291,2.96045714000797
2637.42491776297,-40.9848534989038,2.9556721555974
963.018059953531,-1059.00839877252,3.11668290139894
3662.25528509728,-2194.3044598294,3.17122264978012
78.9717750369173,-349.655995064956,3.12431083668864
2902.42548067258,-489.922716074048,3.05769505245165
3421.07238006487,-241.881983541709,3.00610341746846
3230.30556207583,-1094.83561010575,3.0005185626171
1508.92725527498,-1413.25069603025,3.02013742340472
3198.92290136727,-1593.28933414045,3.11279150779378
746.314617036307,-1965.6367798006,3.10888266617873
1710.96455210443,-1626.22048483147,2.9819715575865
1290.76104867991,-993.011268105001,3.13203518759476
1917.51499525233,-649.893095632413,3.0259647594256
1272.46516540616,-1800.8471848355,3.06322322140383
3062.32274291232,-701.885239031085,3.02708413631599
2494.6259885472,-448.781742965372,3.12515632236404
1388.32907276736,-679.17135849364,3.01800963724864
1280.4275261554,-360.101358261556,2.96956419433205
1724.38830938214,-1807.62346873252,2.94834364133816
984.075743927475,-1750.32937718613,3.12745650220107
263.782732543677,-758.383893207283,3.12622720444992
1015.72760564342,-454.244609867645,3.01545128513268
3478.28841283369,-596.279955446709,3.00394280174133
3885.12240719125,-1489.82688812338,2.981891352808
3915.86774768829,-259.653023807556,3.05555148475265
1053.82481088058,-31.4737546918671,3.02662197642664
1432.19998336576,-1926.24392593318,3.01650033067991
1840.88456460707,-2068.15233925721,3.12587209647683
3395.73556946502,-2208.2479735677,2.94464168605892
2868.24033000985,-1640.2763730285,3.0746812817494
1809.01685939583,-87.5603675096444,2.98161968809011
600.226456981026,-266.450730744252,3.01818915155342
3195.43035167312,-1546.19526595483,3.02163751949524
481.080037203889,-357.844379999099,3.08671767176509
2986.50491133167,-1295.8979304299,3.00495991796252
2291.92668376528,-165.343203766763,3.02393503891594
3596.01977684048,-337.089510240882,3.14856441813332
1364.77812155802,-1699.20768876912,2.9611501666894
2185.35893217358,-1572.35597317496,3.09760785636594
683.116723957812,-942.351102574834,3.07032623911484
1725.93139710505,-1725.54771764027,2.96388295635554
676.175289456901,-1553.41925506986,3.10054688792349
3902.40452850258,-875.471211415881,3.19621102968663
1975.5482703193,-1490.11781530902,3.090344103491
2653.10055849949,-2145.66394300926,3.05070998955049
1569.26750220671,-1720.6714158632,3.21934342170898
3247.01746379386,-179.440661166204,3.13876925430737
3871.9780429134,-1068.81424886106,3.03393980153774
1428.04663999025,-2178.88348267402,3.12261346293734
2887.77522703034,-166.617053151024,3.00935923046341
2462.66124482651,-881.990025248446,3.10392721419593
717.134551977379,-1823.77923422285,3.11488295855121
3332.53926599004,-614.884708253833,3.08716962253292
3049.59815853168,-1328.27262373979,3.19712345459916
774.852744603703,-2033.9204671447,3.05224779408086
3302.80284598285,-1089.45188284828,3.009866563987
761.847878068529,-488.69440877219,3.06379463493217
3558.49291371757,-1873.59056118859,3.07991214660796
3544.05763485266,-449.720695893532,3.22779814077134
3289.69481191589,-1032.92962222286,3.09911251513082
574.483513899251,-1933.99091388372,3.10248578183783
2570.99943901896,-243.62838172865,3.1257730578461
1769.09868271733,-1888.21475773138,3.08202460349469
1651.24992583128,-962.539783278019,3.17367846920955
2432.79298112,-1953.64826783816,2.9854312350864
3254.70848494583,-1292.66108174075,3.11205821803849
81.1946898803223,-404.007801379155,3.13068396652575
1766.51742931412,-1496.08305439405,2.89584956744748
1828.80022894742,-194.117905450977,3.14019693503031
1836.7445298846,-1846.06626209318,3.13025274936802
3597.71385666476,-899.575682498262,3.08972921287805
4015.58281630965,-637.7799399747,2.90010378675566
1026.1807927529,-517.428764948142,3.07073587047731
2625.51488093912,-2212.2588577643,2.91119916396526
2604.71257666831,-220.346294890676,3.25749507699751
1506.91251165269,-1772.21082200049,3.1521995333908
3041.7146904755,-1855.29529782293,3.0223922053588
1996.2536507211,-523.916461023997,3.01970070126698
2496.59219280375,-876.640614114774,3.08302876467784
3122.45289955501,-742.406614717835,3.08470114427537
1465.81570910887,-844.258190348345,3.1414509757176
1174.04690979512,-1379.5136287646,2.98688376875983
1483.39973626226,-1463.93794720257,3.11536504965079
263.51648121381,-408.152055320419,3.09315089018201
1705.79809597678,-668.298941276003,3.20267763083384
564.351827274717,-1473.30084249952,3.14679950264853
771.572398264238,-900.235109580176,3.12176402097253
108.334091875617,-1435.9001613306,3.04762379828836
2954.50083442648,-153.075139475676,3.24150206969473
1993.43238309546,-1870.33069187994,3.10397474953001
1900.88480717235,-236.417159186096,3.0522354814065
700.130714623856,-742.846166642905,3.17018736221556
2663.55347856124,-937.889969907365,3.06661313648612
3318.26044706868,-532.161769240331,3.1793718233485
1348.48943790011,-899.206313284508,3.09869313320466
2480.51597453627,-642.233585571039,3.14599330804778
2567.95688299704,-1625.03031440078,2.96821508859492
2364.59331540142,-1730.91126942115,3.21517008064409
1395.8224288756,-1606.36647310046,3.1304692635842
1274.29875525259,-327.107201811805,3.15077071216977
440.677769035178,-1572.28442492781,3.14620996341856
2268.1179281962,-1645.87832842504,3.05443096485662
2392.82966215561,-874.284292208082,2.95399077911112
3689.15066271484,-1730.57645427741,3.11398496588092
1427.18082897751,-2047.45769247302,3.08847718021945
3238.25872767745,-2019.40494071962,3.16181622913715
1223.48402798494,-1027.84691850769,3.21625878799937
2170.03551125026,-924.9461976817,3.25900417139308
651.543625424441,-1218.58621504429,3.10276467789755
2465.20235221841,-370.878445498088,2.96255037243144
1926.59559831219,-1559.70337973835,3.15039988267729
819.987738386072,-2005.32292274813,3.06668049351325
2675.97965997866,-1663.40567059031,3.21143698022252
2941.09893775167,-912.024735668712,3.06585061196047
2732.91693834331,-1712.12797011691,3.17897520850518
1925.43696781368,-1332.34112690107,3.11660695337607
2465.54198522612,-180.792380479699,3.09777695413832
2208.00681273037,-452.780644394758,3.17173236727848
4034.58836639906,-1761.45883507534,3.08346831272024
2497.39623013153,-853.43814768978,3.22593627369274
261.865885261947,-810.264105572634,3.13457595894467
2566.54623638122,-917.099958085711,3.12712516164832
2677.76029160499,-672.420065881392,3.23536666859931
254.443533328424,-1469.44600396512,3.21404331428336
3775.5720235111,-652.741789482371,3.09518569607973
1604.54840382397,-300.976912733512,3.20721974531269
1617.71766424447,-2140.40253598807,3.08218151585827
1607.68123549463,-2215.360038569,3.14857004406341
1485.95900541988,-379.75943795256,3.21246789940457
1761.75037473884,-281.861135855275,3.19574804955692
868.178177685068,-1328.09758890111,3.07587749972786
1824.94506765471,-41.4715467884159,3.08189117498517
1453.75829120216,-1236.86077848975,3.31535409992747
480.886030848462,-1839.57958664039,3.22811952997311
3668.17461695419,-2019.91103300879,3.14508970662973
398.193398230554,-1193.26498041159,3.18353139798029
3487.43637369631,-1342.56332311948,3.18024353836642
3788.187197553,-488.835669989774,3.1680225021627
967.974356868441,-1430.14690669242,3.16592000102823
3369.52728476118,-299.495865776613,3.1844598086733
3754.46016679529,-1692.60972776977,3.19709312607132
3190.98731209127,-66.8203235672515,3.32310190675142
2253.31775758658,-787.817393001747,3.09921555919684
1398.82248739624,-713.017735353252,3.10288996798946
3656.02951457283,-177.510411359429,3.20865374723833
3571.68574399915,-1361.1755841684,3.19605119198446
1973.68047630559,-946.091931999188,3.33995374097464
3986.68289397992,-1137.22108221938,3.113518347252
3103.7083576839,-924.018715055535,3.15246775932017
984.082636384677,-994.894961691281,3.2746053794266
774.218828513347,-1335.75504290643,3.18800615505269
1277.78211859497,-1103.03755383874,3.213858621795
3025.40583123716,-1543.29554090014,3.18083422096571
2564.67839938737,-505.72433989886,3.10492062321666
1857.07918722582,-1956.9005128364,3.07475371779489
2192.73614756515,-797.561231819633,3.15966494034144
674.903077243054,-45.3028042567658,3.37115433296449
3955.03889048885,-918.734297292563,3.291682295265
3833.58353999225,-462.931766322142,3.23126953052652
2998.82321767603,-660.715927313649,3.19098226197139
4059.40771242526,-625.944525360931,3.20823223491885
1978.13111156094,-15.274443292277,3.19344253565018
3664.78154114202,-309.067908792374,3.24226609918173
2788.29665898051,-207.394259320287,3.19483808199037
2769.94637953217,-1872.98731164367,3.23699407844162
3933.58154955942,-2000.77352797199,3.14611969314972
1340.80395188542,-2013.8016120696,3.28513693994998
1088.18683264027,-365.641365690744,3.33676768271791
342.716282962852,-595.673042969603,3.22888040575999
1915.0730222255,-1796.14102435876,3.19351563139088
933.905238398028,-773.651145685832,3.15249867992571
2746.84268539739,-1452.24732125998,3.26018807866751
2737.15483314335,-337.405921482625,3.11722452287717
2087.99962150944,-1575.96155139251,3.20313588786922
4042.42694604278,-640.094707310227,3.18472443460995
3718.65732752206,-1739.0807960851,3.20460144462785
2184.93766173457,-1669.02186831621,3.14829232311745
474.167058393067,-1401.2619803855,3.12675937707586
1089.55072824821,-2054.90720027069,3.15020064604156
3372.99651209587,-95.62342977549,3.18736346181654
3469.4325097641,-1346.19768256468,3.04552169956054
3426.67669332145,-2176.20628016033,3.28040122797718
2744.33139538025,-599.150108613743,3.30492802054804
1699.79868054308,-1328.88960725168,3.19469321107287
3159.07310237945,-1936.07544083884,3.21755559608004
3384.73600554173,-467.006096896018,3.39060619084541
151.606859265398,-107.914080488681,3.01833033042202
2614.95103145237,-1980.01455403691,3.26074459201763
878.004559065548,-2088.69494211689,3.32067305883267
1164.48986179619,-899.406553388188,3.35414406461102
3479.01339656955,-894.126022238642,3.07977609189744
3197.06866719119,-828.018303575959,3.18006741116438
1097.17057288476,-1324.50402998976,3.16564348359666
3327.59483292323,-1837.3880341822,3.26703944539007
1962.56447836891,-50.7484441006656,3.10664490383667
2904.84201665005,-744.707528813004,3.21348808358003
310.920435529505,-1534.82929186735,3.16592061872155
1781.94939377045,-490.713871203277,3.237411062722
1492.92833079569,-1788.0102412087,3.14771355260638
3947.29826264386,-848.101623410306,3.0802881872922
3806.91715054015,-10.7141743679546,3.13139914938322
3622.32432021614,-1564.54609563364,3.12670577717551
2440.65768414787,-2142.52714813548,3.30903739477415
2028.73830019514,-349.445931094167,3.28120427043817
3011.81142142597,-171.83301903712,3.24376300012017
319.42473982302,-100.459713623529,3.34592605838738
544.068759482216,-1279.37782130308,3.31692081056373
997.811053140124,-1701.71802835513,3.21018937419009
2805.1907616438,-811.938477989702,3.09233770990654
2699.218895806,-191.438535108292,3.28729361250616
866.362114201273,-291.428500377031,3.23740162366324
1457.21562291661,-1746.75428724266,3.20423601461019
3084.93726142768,-1859.09532879998,3.08672249730288
3550.06044140298,-1159.21204064791,3.32387001613157
2533.64785085964,-182.682080098198,3.24486598731961
4051.04039313955,-1621.50700901266,3.20352093476959
828.383698702462,-1918.62889476904,3.36604655985968
2638.12853436454,-898.752152054506,3.23451297409896
1039.52200401454,-1496.97347294452,3.3181019685157
863.367175300629,-262.561542899243,3.2078007911921
3684.76337388329,-2010.06284345256,3.08646497287678
3970.80436681685,-621.529623646796,3.27055698100411
3026.49603927499,-1844.18964359693,3.21423009050484
2795.8780460454,-2119.63588979012,3.40114475642492
3217.96049438162,-1827.37708832058,3.33074280993495
1075.52204768013,-1287.9625582835,3.32442313724374
1878.96318261673,-36.8485466852065,3.32546140122586
2512.67526391574,-3.64197699480471,3.41553383109462
1507.33469699341,-900.344911090338,3.29252261998338
300.779872441326,-1949.69811111992,3.32775178250803
2337.30607461396,-69.7097362042642,3.49757736182869
892.740669899338,-1982.38432619393,3.27839010189147
3432.15269327344,-985.562109951363,3.23774560231536
2186.12791793722,-2048.478738279,3.31856133643124
3698.34474760328,-1879.5453971483,3.31572791478603
1477.49779870718,-1972.11607515181,3.24587539397369
2491.29264807939,-1483.00270237808,3.32601082168729
1987.79329912774,-1511.43895788718,3.27952849327439
874.621040261555,-1145.96507606852,3.3445832454887
3555.40227967602,-1340.55007380438,3.35562104306077
1092.58185250142,-1512.9514548993,3.34750917709768
2926.58565150189,-307.125825939054,3.34041417929132
131.78499475635,-393.035497740058,3.34307576599755
2397.10793518376,-282.488564127203,3.30717102078217
2179.31146458909,-1422.16057662266,3.28555318153651
110.806844528816,-1503.48821115724,3.18547663850057
3790.83992206308,-1030.25477730014,3.09098339294126
3953.05250445491,-880.764824530938,3.22450642082121
3297.30798245837,-914.636180854633,3.25276384821402
2347.26743540551,-711.299455071383,3.27537052006385
2360.05732980743,-1862.53092732893,3.21627361948769
2143.624871037,-627.530105108678,3.24949811107528
77.4322274461191,-492.214931278881,3.34750779857454
3575.01591642998,-1191.37726870935,3.29660802958261
1901.14839066569,-65.3072755285428,3.22082550692138
3616.8989298359,-1512.73104671422,3.32683015496058
2050.30460022224,-353.653669285417,3.37806434612423
1356.25342978561,-1318.19335017121,3.42583545154565
2329.63085762445,-1806.66667589295,3.36348169887482
434.233183804581,-1365.52346045892,3.38492699883164
1474.59963224614,-900.46382479617,3.07832982145554
1132.84005140872,-1227.81942858248,3.41978289532206
3160.9491773514,-1766.64882462113,3.38359754081999
3181.92742676402,-1871.30300671079,3.17732932553734
1042.55379681285,-710.356495158613,3.35504861941671
3190.67510858783,-1434.76457143083,3.38349722561184
2217.67631932053,-1685.60151491474,3.33020371337945
172.109860465373,-772.42681354522,3.34996435533671
2742.71123503061,-1640.2325059453,3.33895227519963
3259.65095468894,-68.7854209829322,3.20221376897358
1162.16058486234,-1146.26396022077,3.36936533535725
2924.90790213865,-744.874559103785,3.37410506308553
3242.42084584535,-799.377892677434,3.36335443871701
260.349166209364,-1353.48006714274,3.40582238810595
1778.93773546477,-2098.70013173713,3.27226907065781
2113.89050877111,-1137.61957648384,3.36646862025993
1987.12555209681,-1653.18055436574,3.44684745918959
3933.48446619353,-1450.79203047203,3.30739754291456
3909.75958658811,-1266.72425127496,3.31277749375918
1686.87214279734,-775.046976929155,3.37046319799314
3031.1720901938,-190.122221654682,3.35482192412428
2166.666077872,-1107.69231363157,3.29010952642755
2626.26063982239,-1618.97928625248,3.32912056086075
1990.27177384336,-2180.10066338507,3.36412006293307
432.831340028868,-1739.4978365092,3.41351924559193
744.941723629325,-1886.66781998603,3.34202406697743
1702.65530618486,-1476.4446353271,3.39348512377462
1150.99861647758,-1003.09567668,3.53711369272548
1299.21360523049,-1045.62288346233,3.28219165896308
2427.88341869188,-650.676957931997,3.14562404155111
3412.37044608998,-1788.10464560246,3.42424976361889
2316.73143483454,-84.0900044423535,3.39629019089659
2086.47148009696,-250.014166355958,3.44229827697095
2640.1380959939,-679.404297982218,3.45832129762926
3380.71810888869,-1530.18677149868,3.31238625637313
2364.93074184229,-1674.57647826562,3.52740619072723
2784.55581012022,-886.15119041053,3.24122499059569
2922.24107169029,-2211.93007851161,3.37636904360081
1826.90464106164,-2001.11424429693,3.34699670336826
1472.40753462417,-869.179614575716,3.26880322809962
1791.13749010494,-685.476272669922,3.43534703132852
483.604306457908,-613.447030805487,3.38614123492188
3491.04710017073,-1208.17107639991,3.37423778041724
1953.67098270883,-1441.93748827602,3.5311434673179
522.236490562319,-195.499217056141,3.39920664757885
3659.26089445109,-2131.45826434177,3.53066527919743
296.902547954131,-343.558797763408,3.46751308724242
3686.62844313452,-616.797643464846,3.49128926588495
3169.09767502714,-677.806526054412,3.47003618163399
3428.95036180568,-1201.06370283881,3.50588813972582
2214.37387033478,-595.966784073136,3.41857880022911
2128.21178223817,-235.129705328607,3.47067645994178
2678.05548316421,-102.347513471265,3.60966048828078
2180.38717679924,-5.08297157825672,3.48745928702173
3158.21313332606,-561.440579633373,3.37843975786456
175.52189551468,-42.6732793335451,3.50859545827466
3276.37640207882,-1549.40370967705,3.42424626913076
995.549092160195,-535.57074216766,3.61612950054517
3201.49838862711,-278.454708286353,3.5577275872051
940.147494804205,-2144.89861181214,3.4849713079801
2951.85970632317,-567.418947331567,3.46407473348156
1877.66325655596,-1341.45155261749,3.47502531226326
3575.96922305492,-544.069006554763,3.50808405897398
3632.85994189961,-1085.56718492213,3.55827948836518
3036.16864520728,-854.351007559708,3.53166604400571
1684.58048726925,-873.613961932909,3.57247534220017
328.389947812645,-682.92322467396,3.47167739112624
2827.91784419625,-2095.7109987321,3.49169114345573
3804.8495258869,-738.179053425937,3.51709599550819
2467.48867891472,-2017.1355808866,3.66906693447285
3724.55775628767,-613.149293342458,3.58349278595602
1811.81190456122,-514.536011327883,3.30260694253801
3096.5843237873,-1452.19532812981,3.36309698928427
153.511602037919,-165.632351469752,3.55694400682094
2788.83495808662,-827.463505778969,3.49545360130806
3088.10568538653,-37.0760801617426,3.55326539532997
2069.43605774501,-679.654349185992,3.51374639081296
667.718398865927,-1454.21875317535,3.60607144139107
2826.19512155652,-1098.79883204473,3.61817581954239
2348.76326449902,-118.451949820819,3.30094683082307
3637.09165059959,-2196.8858946327,3.53441594092359
3294.26250422277,-2134.55760317325,3.43834557530047
3180.54853317751,-99.9099767600383,3.60087702748419
2382.36325917434,-162.736087374528,3.66131624978567
2285.93503807834,-565.39876550397,3.59554829242928
273.029601232433,-7.19491679125903,3.5461343062561
2346.97367177901,-1412.15988744378,3.56333608856908
3284.83607474129,-1759.75467865621,3.59551133589945
2565.09607275562,-2027.19330993353,3.66424146285951
2314.12533425132,-1960.67262037259,3.50505907517721
1251.65059218531,-1726.31574165031,3.52872196519378
1838.07086863949,-1361.39104232086,3.55386398989563
3841.88859232415,-1670.11671104371,3.55770676589925
3478.06107029,-1028.5892314685,3.52544193902555
1873.53341547461,-1376.96112017761,3.59215570004101
3350.53796900811,-2202.25675404851,3.57302802985004
313.496518806993,-1333.8650039768,3.59484340141325
1943.94443489656,-610.243172202088,3.51462398998736
1488.91674139059,-171.134976077837,3.50909712277479
2995.23631225387,-1443.07982953723,3.63341039967609
4043.43373056947,-2055.09942983137,3.64860343000026
1308.15204615058,-457.590329770663,3.51840965383744
1680.57332582621,-2161.92507110745,3.54910453783622
1536.01339636595,-2127.1189386876,3.60341040820004
190.482334323394,-885.970484264242,3.53353840885338
2475.33953095966,-2117.81221021501,3.71897868923465
1783.15683321144,-786.279851369095,3.59583881810911
1836.74229069113,-603.513467294981,3.51672834284375
518.830316979701,-1553.70543353376,3.70310106980564
2725.64995824476,-276.04387917813,3.6975618034796
2355.52152209059,-389.435472669457,3.56815739628505
1279.62135858301,-156.963584786161,3.71945992199091
2826.68903447576,-1199.19734871824,3.48624522270506
2137.19524699174,-1290.79676704622,3.76056535180546
562.608304532134,-1911.19578391248,3.57574636535757
2056.4173276063,-1820.08045635887,3.70873130355715
2838.92495274755,-1583.3181584953,3.59528191613694
2962.95989148771,-2082.463071027,3.70357805525312
1184.39900879907,-10.3743433059738,3.62488027123074
2294.06769041927,-1086.52251801286,3.77272595747491
826.855676929401,-823.398449288156,3.7490502294928
2547.88848931719,-2155.87834420334,3.68119403172219
65.9864571502545,-1514.71892541054,3.49881085866433
3893.89491976457,-464.728479388897,3.76491354712238
2832.70475342218,-711.959669659349,3.61540664828536
3722.92679310669,-689.132181159829,3.65556290067057
1213.42196665193,-196.911062698965,3.59103483429908
102.994326631967,-1324.92405983809,3.7245069357895
995.502111973616,-1164.73091689809,3.77507602954902
2380.1090056118,-1352.44336422571,3.75774460177883
3256.51987686335,-1128.87665132393,3.87201611488908
3001.23261049581,-1675.15851169358,3.82106236873136
2280.18567300734,-297.541324099362,3.80411858405316
1002.40668993015,-897.293423194619,3.70346831056493
1510.18406546783,-1731.07486305793,3.85494018875621
3127.73611293916,-1994.80101801804,3.84781306426363
3730.89626662157,-298.688253457381,3.90405504756472
319.698011318476,-1729.27318670808,3.96268870420407
1866.63323820747,-1996.91457357323,3.88185518822177
549.194179853742,-851.600428393386,3.92327978323701
369.900041408494,2.13227990329067,3.99698178366068
572.588217930623,-162.873270704221,3.83234204537698
3060.03283360945,-761.15403817397,3.81335968143948
2701.24961175329,-2039.66524593982,3.91728598960398
166.351611737534,-303.477428709737,3.92346639385027
1362.33960427512,-1039.82358028895,3.70970003231444
1598.32526777554,-1322.9794418148,3.93137257550974
356.23866854881,-763.940121065279,3.83522921785653
3751.70127972861,-1027.74182697726,3.97812755472699
2875.22831474479,-11.5302828779971,3.99937773163279
516.208541930053,-117.788413310695,3.6874604456856
2425.13672599595,-1002.71762413882,3.84632887696651
3345.95242642914,-1353.94651184845,3.85632426975169
2813.81368156579,-384.884550296091,3.88686579329419
256.096657958875,-696.408476045287,3.85227697090804
3778.94182973253,-1517.67621273474,3.82817044552098
2461.80288582116,-311.330175428185,3.95674907366057
1089.98205030819,-231.63654596799,3.93604287868286
3015.293504186,-295.095330411462,4.13534129684813
1950.76050026573,-217.676846364435,4.10055740163012
856.558101840098,-548.291498937473,3.96502411274088
965.906168588478,-273.049779791671,3.97704190221008
97.8327363258671,-1098.4324261524,3.87712770130009
748.630141956272,-1134.41260812238,4.05002057419078
3280.67333283421,-184.568620473416,4.05379671376133
2989.36072861521,-25.444852808211,3.98857651908977
97.340787444443,-317.673696255335,4.06902911799843
1147.91210943579,-2215.10401293036,3.94016750158715
3261.82376473798,-883.825916268377,4.01113784554807
2599.23661631829,-440.730568847429,3.99076401145848
4003.23210604138,-1314.88111012743,4.03684754922391
991.012998878465,-1880.28547051518,4.05185628047727
2237.02547186838,-1976.51907803991,4.16708312122086
3312.7283667409,-1905.3504796357,4.00604713974345
1759.27448632584,-857.993422511662,4.20792547195036
2941.63697466211,-971.854093569736,4.0087793068721
1569.27302030734,-1082.54423664515,4.10989349809255
3314.72768898429,-254.138732689707,4.29154401390558
285.616979636482,-543.614585539485,4.18666542448859
3082.83676434508,-1948.03705166535,4.12983796186818
197.682416217583,-397.454217120234,4.12281967379642
832.342381260116,-1347.36100514668,4.2494049100847
3768.30537829947,-1433.52746434198,4.21143502771577
1253.42811069733,-1528.52994099394,4.08649930727298
2729.0464920996,-1964.30436406648,4.20412163131244
2441.230411149,-232.825277873113,4.40989619481287
3451.2331572884,-28.8735331903887,4.20556413814502
1235.89809183109,-807.294491711576,4.28490353191087
2584.24361044288,-735.403940690968,4.33222674608297
405.409366348627,-102.479162442188,4.37245866159708
2339.84103328506,-1816.87181090316,4.42783275720821
141.560873220717,-1177.41072271226,4.35296263504028
2534.97625473614,-1933.53829955223,4.28305951214902
455.083012020771,-893.362669989186,4.32588676213419
2105.71374880302,-24.0625484063325,4.32013639677427
1260.85641580404,-2156.95894541995,4.39492773515091
3046.5483958563,-828.28059723085,4.30461081045255
2289.5755852637,-350.03837663191,4.37569248992711
1826.08854153021,-2146.4969719493,4.18008854494534
3443.60768159636,-1658.12838515895,4.54188756339196
2483.84831418459,-1319.59229739213,4.47661632072053
2340.46291708932,-671.611736594535,4.46635131381705
3335.00004921922,-678.945681744304,4.5818940040207
200.435862393359,-1262.73589670984,4.36087284833469
1725.12025046686,-1364.59525399469,4.56597723084353
3959.13029068609,-1397.41574423358,4.34412040130394
856.844724073343,-1102.87694047369,4.66994373461193
3047.78349265197,-2081.72112796224,4.58345522702012
2058.01060690457,-1397.86766803822,4.40451679485994
2921.45903863042,-2032.04019549519,4.57651870781805
3128.99764569704,-1086.34236606144,4.767257300219
520.675664623878,-540.012678616847,4.92118085318557
2572.59295911568,-1609.65585655267,4.68729839456064
2981.56201583633,-2163.00882469522,4.50657306235684
2907.94790518688,-434.230018884098,4.86040736012459
3619.74159260851,-283.28090495671,4.80171559259545
1123.39783857019,-1431.47376088419,4.81021391532566
1549.91585619959,-668.981706048562,4.67724261882552
559.319569968103,-1228.22461730983,4.46754986725572
446.142512842048,-1290.30253181916,4.61015463504347
2174.13959752795,-1876.64136478677,4.90738018374584
2668.54538558649,-2103.09844320451,4.71115466135018
1356.72415788027,-643.967211433089,4.96526714458018
505.655503743217,-2079.64222239464,4.78109880258557
2966.91498901304,-1954.14876237534,4.88618435133563
1930.30212368412,-2190.16116989468,4.87682294673145
1116.95303675498,-1981.36611141573,5.03611827866302
3208.45278529884,-1253.42913308263,4.98145030253615
1680.72980289883,-487.641107219077,5.21364317865472
183.581054403726,-664.814851009953,5.19669207951743
2992.08722602765,-1191.57650041298,5.22626937551782
2892.46199913085,-227.189830753403,5.10634515998163
3460.42304198934,-1337.29280984667,5.56144126453351
3299.66384796727,-516.498920686859,5.32044115770141
1531.08785040768,-1010.20713232296,4.94774355707919
756.996052356422,-324.740599907085,5.53403756993888
703.831125793644,-1662.22701617782,5.50432324420996
1413.32797889992,-1175.76820729364,5.40343651566486
598.446005556799,-1019.69105777916,5.70763112736185
3639.71977708059,-2103.66193890484,5.76211883604205
2636.21702530347,-1075.54554643302,6.23897547020048
3377.08760642215,-219.656020433699,2.9717403358083
3223.74588932117,-115.289540818633,2.82293792661464
2713.32861018778,-648.45762630928,2.89540245099896
502.819948291887,-1899.96800988615,3.18362463953679
2085.60526030413,-2159.78494378285,3.22451567411971
3557.19495182082,-86.9465583274706,2.88340489803074
441.676164328283,-744.681094857465,2.87403615908621
1659.09843770922,-445.175514970359,2.98003100724943
2351.18262688728,-2056.55304993129,3.02960638786724
2983.09266362064,-2032.50193049346,2.98241786280201
2670.64712184818,-924.157073987139,2.74834216135278
384.195070003659,-484.838893275549,3.08193846713823
2637.04755991062,-324.970524764853,2.7634057578499
1813.8217728888,-730.234278377695,3.04388786067016
1584.05072432976,-2066.97589822126,2.60043446810237
2638.66453965246,-361.354819742085,2.91977346614643
180.155688471683,-617.505330991971,2.92267080131009
1726.41478361733,-965.714299279876,2.94642039723813
3085.89926310041,-1083.46697523105,2.94175368241667
2456.39712881118,-155.149318784264,2.97012732073217
2175.3382242324,-1317.58640033494,2.93424714773979
3677.782018118,-128.083623742678,2.96084865517183
2211.66828261942,-52.5407558871693,3.32280238899023
1704.25191788122,-840.819203291345,2.94683037794167
565.542162282641,-1489.83786594403,3.29394485568931
630.690585519957,-1417.67854069691,2.7830427427623
2684.14216859507,-35.1943007354901,2.95912820989983
3178.93724867246,-1604.87488995064,3.08025098242364
1214.47320650225,-1933.2951760729,2.97926620144465
3748.59170234191,-1730.08833767685,3.0819366710536
505.370343707222,-2158.5785220846,3.00430145532768
1431.93682911001,-1779.92140824549,2.84396103909642
912.227706703166,-198.134075535942,2.76419075457717
1135.85220822546,-298.102469557305,3.01900608602591
2268.0663504347,-496.626545133646,2.89074278207816
3262.37390184477,-364.401653222953,3.05951542944983
2382.64674414854,-305.775128634322,3.15432753620894
1498.77682881551,-1002.34090065567,2.85635357947803
577.155801780098,-209.99501505777,2.95225232391663
1615.46727678672,-1084.27188794794,2.93921933998114
1526.50935376945,-508.92038820585,3.47217404543518
408.492683982251,-1038.11380827476,2.99946711234339
864.208704700373,-422.270252122123,3.06307237363615
1798.92630145167,-205.136317699118,2.84065579265855
1427.14949302241,-81.5450149678907,2.92167545110552
1599.99154212535,-596.337878218026,2.89804100053199
3889.69903974796,-1303.66195832751,2.97969697582967
3434.80828849136,-252.038969159209,2.85350019499319
950.667536629808,-440.0828847856,3.30082305038496
3433.25820100759,-289.771234764913,3.53198324334152
2408.05739159437,-693.140392013096,2.73120097498193
2878.4190351221,-471.981908675264,3.19363700071503
817.421629703086,-581.209087572068,2.98643270882436
589.612368093542,-1505.82852229239,3.05542549307245
1457.34267612156,-1712.10407530874,2.89747419337806
3425.99047089991,-817.272578941145,2.65297422087762
1124.44110931027,-967.416736078752,3.05231194125463
4016.92536439305,-67.8115472041467,2.90580174971794
2312.86472474641,-992.831691851178,2.86798577952689
3539.08765025276,-368.130674199013,2.98443569449277
1396.1690336907,-95.5285567717736,3.16705887272271
3394.01765756112,-1958.76001175077,2.91653432886242
912.990458805843,-1531.33703518168,3.14098733950011
2016.19440473988,-462.923631443993,2.96688482066487
3181.82605481427,-294.749902001119,3.0794154388348
3513.65413618885,-524.046319962547,2.76505148208715
248.082813213921,-104.646641775458,3.13120001316971
1036.38303928189,-127.264669937606,2.93240807778551
347.765843465483,-526.476249374438,3.03760256793185
3093.13704912812,-1795.90062729945,3.00628349908267
3907.21580453047,-13.1642648500202,2.90909618025358
832.806034682869,-379.337190462301,2.99261823039491
3140.87448591184,-506.747741090481,2.66692105232436
3731.34649775881,-334.815535838289,2.72858026042611
1318.21741272706,-383.720959853723,2.9911830466458
432.345687773963,-1874.05989979229,2.91104924923824
2272.77173080941,-707.06984153969,3.0181266201405
4000.1221725618,-99.5836929336936,2.97868317863132
2081.30249259656,-359.478925761686,2.99901509678155
2111.53721085598,-279.174639604901,3.28569100741828
3530.96581458936,-882.196101918816,2.92209399242255
688.021434091079,-77.0678581036435,2.81159805225984
1147.88976649658,-1446.06830821744,2.86502247267887
2799.23924649718,-580.032012393048,3.04953857705771
3610.16772249974,-625.102164433869,2.86567866911733
1633.23445815442,-2136.49750140156,2.93566110882356
3165.05414266414,-291.464295853613,3.18383860884054
667.279348224248,-447.804420319402,2.94993911377405
3358.32455674151,-531.188300895026,2.71405173978027
2156.78798935427,-567.261496133239,2.99813804784251
3042.53398768681,-1642.39404112925,3.07767187537755
2047.87402364888,-70.7400919438159,2.81025255193148
1287.57908343835,-2107.05544232061,2.9941663294247
2765.75640653777,-1939.3234479653,3.00892217526673
2743.67403815393,-1837.67838101007,2.95673822693524
3572.25759495411,-1891.6418803105,3.28914500636259
4067.2736123198,-403.580392359754,2.94788055351844
2590.79336137605,-28.8483287408302,2.87872785825619
490.171531382196,-1474.75247120063,2.96943973115071
2449.60346987184,-201.757352475677,2.90886561434684
3181.71959444588,-1912.7750057933,2.85329771216853
1115.90642545898,-213.542106271263,3.25336680745792
2197.76776451573,-1655.19418635441,2.80823103745938
2038.22365911068,-260.722701735128,2.44945337473376
3123.27971418072,-441.352433823312,2.9173018381605
1919.49072566393,-414.949408564832,3.11454970764559
1449.13148601157,-115.529776534834,2.85505469187046
1313.15285883786,-1412.8656815396,2.90239241194494
3210.70906883112,-411.317411394103,3.11999354460157
2016.71943421153,-1692.62435803344,3.00225716783827
2336.21730004333,-2213.65758953859,2.89337760581139
3111.22192989065,-2198.6432539662,3.00701069423086
727.125450432219,-1024.30662109018,2.98398218479555
2971.32970645224,-333.393569663088,2.85673090546681
3529.56051709817,-1673.0476230947,2.8532566498305
985.436702127486,-43.6778586116007,2.98257813261176
348.889103774234,-1457.08807379503,3.03704466900038
1494.87033689325,-1217.12706287576,2.95951999065761
3353.5342029483,-1883.86078343163,2.98908745667314
1128.8679272461,-50.7564673477861,2.35828893734172
1208.21124446166,-1080.57948684843,2.82232847368374
175.76257555469,-251.216497404547,2.93582152491171
1332.88370546635,-1651.01900592534,2.86872480150412
403.590080859936,-64.3216160650309,2.94845508903863
1550.0747989973,-238.421756708002,3.17549690721941
1196.81486204879,-96.1881020536313,3.20096762251776
2394.10819096732,-560.961299187636,2.88430819343576
837.65613966898,-188.336693714273,3.04875959702924
2487.81613729036,-361.385109188536,3.01068762019787
1572.44596552073,-197.406490180047,2.76288890596935
242.663400964133,-1733.6221340481,2.99484831251948
2029.86563631787,-2207.59630608391,3.16020703088886
579.097138952575,-946.229242627689,2.94362102853143
193.31972489633,-1642.74357720948,3.04970496831349
1309.57037984262,-2123.81207706005,2.90762144939202
1160.92431340696,-167.91546640295,3.28900439981311
1781.75897698877,-1924.22970619778,3.09808424667462
3260.08658569065,-475.106423859262,3.31708357663221
976.540967560189,-1547.02973224713,2.88352765704987
694.652230963257,-821.657170651106,3.00715927996917
1516.25199997498,-405.481586208086,3.09947002747668
2997.23341502981,-1743.44262101769,2.98097561265422
352.814532765212,-262.378615826461,2.83360151840172
2273.48444900732,-186.92903377104,2.95364057576116
2999.46219028694,-80.270791446034,2.77495279836113
1417.4332920992,-224.141856185055,3.11268933002728
3443.52808566524,-851.664067423581,2.90679902884669
1185.33276553157,-507.109452635502,2.90012529575662
304.795151784191,-23.5308621358693,2.9355194375229
1066.38554105262,-46.2270259925612,2.95884273433784
3302.57374855421,-463.068563548939,2.86315829772443
1862.2634921421,-19.8664647772466,3.09807362337853
3333.14024805147,-643.155842578598,2.89738403533029
342.728572696488,-1586.18430511832,2.81919809483323
2417.3893688408,-53.7090505395084,2.90277285695102
1120.86870915513,-2184.91789670911,2.850795360648
1216.72570838986,-433.739934580794,2.91127788835593
3120.29149229291,-1707.7756318477,2.97618262631573
3335.76556428344,-879.789586934222,2.96235639615158
3096.58304298484,-2110.66088380709,3.03859727104023
954.747387932464,-2122.12110688318,3.03668362699283
3503.4140344081,-906.879841628224,3.00650269753614
549.802627196676,-2124.07219657215,2.91080070407065
2507.99922578839,-434.311369026032,3.01469976595395
3901.46022975174,-366.737725344963,3.10789176621705
3450.24415544543,-466.019046496261,2.82278915439394
2714.51384950737,-1453.11039089862,3.00554700784876
3683.1310384484,-496.744356362729,2.85557246201173
3713.00916403863,-2011.82830114465,3.05440629881719
3810.5281416113,-1755.83560092332,2.82217527354452
2964.8674961402,-1379.35808746182,3.0379441007176
1095.46454197913,-104.453508679577,3.07102351661432
2498.29302634752,-1932.8973513135,2.95559301041042
894.671175747493,-95.1141009792119,2.81160729450535
532.367637311886,-139.260464390676,2.91694457102381
2842.71062487215,-548.41762984883,2.97924210654891
2086.38525889955,-1954.41247942617,3.09400473761674
2605.09313895224,-1950.50273904381,2.99387813178107
164.766593779946,-1532.03848041504,3.34220768915139
623.208535538211,-1400.69029512745,3.07081000687986
359.753277605619,-127.375652424336,2.70765542628028
289.89745300967,-714.159639448752,2.83686028512106
1253.74706161115,-1496.95068067512,2.91514870863364
3043.45170799994,-1954.83879014637,2.91905770734467
1665.47610319745,-143.154821537968,3.19434091133557
1653.93422586795,-63.9616326796161,3.10627053204893
1107.88340411737,-1595.24406615105,2.91673515942269
882.621281738234,-108.5289829401,3.201875890081
235.962321897105,-1793.19059999598,2.91720725685209
88.6016154422765,-65.6635240036922,3.62443390370869
3672.15970586508,-1438.44351787013,2.85524834662486
543.326909330914,-374.959634907451,3.19458311851765
2951.33806884681,-108.169706428991,3.09990613426086
611.652377221377,-431.078991196795,3.15921404101004
2827.22765944085,-8.17898625561447,3.01584321272767
1278.78236623415,-1943.53525963734,2.93709143273525
3872.37716696605,-290.333011306155,2.86912469053993
2159.46055410711,-1590.697011201,3.1994979250316
76.92984001354,-2099.93378721598,2.84007490669004
857.044634550543,-1521.20956331358,3.0307571938536
909.796841286274,-83.0291961114044,2.95131581536551
3179.10187276109,-459.326891000672,3.20004060275581
1701.50700169059,-102.605807845978,2.8310885967325
104.960998494507,-369.864978589673,2.93090876141647
1785.94733540947,-1131.9977940638,2.94458722925579
1974.66260842474,-450.693451288247,2.92923086260437
3268.14869801954,-378.396024236792,2.97861376925722
1311.08401674619,-215.443412228536,2.80926284144202
733.029898156459,-1189.43328584913,2.98072076198141
1276.68577895298,-97.2634267598039,2.99962715185333
3284.2796670974,-866.352300829063,2.9785197963485
1219.92152772067,-1553.40450919116,2.9076081331699
363.552486270603,-884.092738609732,3.08887374639761
661.222172549761,-897.833405775677,2.99629160088004
585.204766497451,-1600.98607704628,2.97549507049911
3713.45515982814,-1671.01413735898,2.9405786401253
2419.63490616404,-232.512532871149,3.16994084118883
2803.27460115959,-1959.89850433868,3.03907443125838
1717.66877450606,-1914.48036242836,3.19021279347431
2319.02902225227,-156.597857421599,3.0071237782092
1273.16170121526,-201.438877841133,3.00848785789224
2180.17800390712,-216.818241289819,2.93275882191041
3185.60501730042,-662.648721344876,3.08952672017153
1929.46980822614,-109.154939935737,3.04247680645873
3714.9934151416,-253.448216286625,2.93461418010133
3754.836273057,-164.166358437659,2.89259712734537
1580.99688289616,-257.134220031725,3.17792746871474
1028.76928974428,-1620.68835367686,3.08391701835803
1052.84002676634,-1576.12209743601,3.05270331970657
3694.15890725279,-23.8760720298546,2.92842546895181
2760.90999870983,-37.945729870565,3.08811029988633
1389.07025820432,-144.1242141128,2.87557989820747
3103.38347986888,-1978.49924993951,3.02900972409249
1014.711196561,-1023.54744030833,3.14246769846358
1926.37458468711,-473.090918151946,2.95623549923101
3341.60128485766,-1790.71596672371,3.04945805822145
403.017194729871,-234.3794725532,3.37092185091346
2241.28736507173,-1761.43968353468,3.03767296847423
2551.65510029463,-2140.1742973022,3.20618664917644
1416.73878535632,-1972.21763852825,3.02500075811291
510.344990405864,-1753.17941268488,3.19040950010512
353.158693705677,-279.625178169196,3.11487797655929
1795.74808124194,-1643.73243281608,3.25685518658055
1898.62151447078,-2183.91682863679,3.14762968753847
512.420089000961,-502.796125897832,3.17300328589101
652.254936175907,-428.978838271201,3.09744937815863
868.17216649431,-418.392504099258,3.12823793452007
1056.63824586432,-351.573276526852,3.20994928262103
1356.37880302113,-153.244569026441,3.07589044188109
2020.87727040571,-522.674427331962,3.20047682300231
3197.3910335098,-1592.46792619597,3.21310515875379
473.739481973865,-145.495472863292,3.12761073762622
999.368175912389,-249.078811743581,2.9850669675338
1820.07342368042,-137.214688071844,3.21283718923717
1634.7341156654,-297.422500449179,3.03874378790042
1971.59162474771,-1402.77753575568,3.15240492682133
2611.06589515521,-316.131326331005,3.29524267033868
1636.31598583244,-1021.82174537336,3.28955485148094
3603.20237450932,-746.303219370297,3.38776704042603
3982.37302130752,-539.165795412322,3.1975312549837
3326.57980073483,-1710.55119674222,3.37079457144768
1321.4454693344,-1600.32061062436,3.16543161385461
1942.55961916027,-1494.92440402391,3.34571449563941
3626.29862681377,-935.608069811737,3.1341103422896
1988.17487493478,-557.053970370772,3.15200983169284
3557.35690005555,-1631.73391145808,3.62885262303287
2998.49943544578,-1641.15086581099,3.4771763349765
1181.14315743609,-1907.68234585516,3.13208737687336
2894.40769134787,-1354.77825078789,3.23810616623254
2603.54421254834,-161.521987111551,3.52995381579453
627.518070109531,-284.025356389236,3.27394718516451
2405.79190820482,-2213.25125769739,3.43843895423663
3687.30932881551,-520.130805458673,3.45030839708036
1937.90499042559,-764.752256741267,3.52458308103448
681.939810437645,-1878.86614223542,3.38250872656414
1836.8015323298,-278.699154584291,3.5301899335164
1693.71756830497,-186.063423632029,3.32318205601176
2370.56616486405,-1677.71367117603,3.43010441012962
2796.1786409799,-1380.1967844147,3.4993043649075
2414.24438450018,-2205.14578042045,3.36433843412181
3347.62174599333,-1736.02810437072,3.57309139097189
2525.94511415325,-765.593300926073,3.28264934626112
562.289687029525,-1916.92589110996,3.35495002062209
2822.16413921272,-168.192910141388,3.6351017991362
1885.9596533718,-547.024067854779,3.38700612317666
812.019671096069,-327.743506528448,3.39927071187648
2322.87763882685,-1502.39684185613,3.51510821609199
1514.10176998044,-341.724486421922,3.42627878880291
1448.10324845145,-372.091663994091,3.7822473478919
2563.9298367689,-174.19031423937,3.4495156186225
2814.9355033114,-2095.69705255132,3.63772713293426
2964.93893036481,-1475.59564190183,3.54154297704603
1481.23004181156,-317.243825149611,3.52612368625449
1450.18419024792,-265.562817192811,3.63147425891053
311.346613086832,-2203.50274172875,3.68875797478468
1319.52535552645,-1513.13322054019,3.82842704650754
520.628458206116,-304.238534698891,3.63955847955962
1913.5094109548,-178.834511798163,3.7489053347715
1397.53210295518,-345.257106517116,3.80710510360988
1597.69450592759,-1701.77763259497,3.82795305155453
2027.78149287573,-221.625262362577,3.7504884583442
3006.61813940517,-1833.81255114385,3.92190055726723
445.965059908155,-347.11860441333,3.84280111658483
1937.44007689939,-496.334039215922,3.72652172926224
1317.97673627969,-185.50572698978,4.02568708031566
1088.76937137781,-2122.34041406886,3.84579831917016
3439.93510780683,-1834.57251153084,4.03853539613126
1180.04586816564,-1509.98421408852,3.93943843964117
365.73915369781,-214.213305346539,3.73611118335366
1536.23058113915,-53.9128986300025,3.74329005960842
431.974318603442,-163.572408220179,4.09145717315033
1031.86660447511,-65.6217287627705,3.7507688293875
1542.29299788969,-1685.14135580622,4.00070571393227
643.65041824168,-176.786158183681,3.74401067181551
2320.57922593851,-518.133562995096,4.08299922491057
942.955508802116,-32.4610381767286,4.05556094898219
2389.17811824197,-1625.12788389097,3.95626937467355
979.40189966536,-64.0144001185572,3.95874991962939
3439.4477502906,-1584.47074669556,4.16385160629993
3885.39639074879,-208.906802550692,3.97979656666422
3309.03686443081,-238.631129980245,4.02100878567907
2755.9854652248,-412.319398037171,4.06194906907653
1876.22071692051,-1631.99946018408,4.0223449371607
626.321939850799,-592.928613518048,4.13809797105815
1313.68246787074,-118.303665474944,4.03734376929782
2967.77131147532,-1938.75610180294,4.21585100237729
3507.60595370843,-478.186517010979,4.37450995655937
1444.60545707413,-1445.18556226315,4.39068945341045
2757.07732067428,-266.101377364526,4.30026192973366
101.330030090158,-331.444770480411,4.66377355943963
3970.39359964238,-432.677729765293,4.3637349794956
294.479807457704,-1858.9906220047,4.32746626403974
2232.5175985538,-526.887750758348,4.40107120317946
549.688424464863,-1203.30268707666,4.41303530671252
2291.62727608577,-433.514546261271,4.40685281269005
2604.93714221736,-578.463442552131,4.56400821916509
3196.20009453829,-1251.61437192359,4.51694862644864
1103.92047615174,-717.017641845062,4.5206233981091
3402.92074321202,-565.680475834081,4.99019555860676
1522.08568253532,-516.616651519808,5.05654171099439
3290.59032501302,-489.719365557873,4.92357191879833
3660.11441438204,-1610.94934224281,5.22238559723571
1678.83505145216,-83.676639161668,5.38638380828613
2867.76935462645,-456.780122114987,5.36154507075649
3214.77347288512,-281.110129101969,5.5042819776924
3683.47999862516,-2123.03418320694,5.50271887281103
2029.56956830809,-2206.52638930401,2.94254414017323
1838.09626881493,-1251.64485940604,2.82219548736512
3079.80356854638,-1050.76311391996,3.08455728588354
3258.27578522464,-316.391001160721,2.88682850891892
1278.48577655447,-99.0092089390616,2.78553392762054
2805.52785895696,-1260.95018680934,3.04618164061377
488.421358747428,-1789.30754532499,3.00640646072098
1680.02126944133,-494.189332941091,3.25152772983102
694.871818315594,-1703.22748350013,3.39832951558799
3312.61599061274,-2165.16261540171,3.22563861514007
1312.57193465727,-641.464024025757,3.18195908452724
1702.38558315791,-1482.14061446411,3.38910803255377
3349.8637191019,-727.370667599296,3.51030699212329
3998.64297519884,-73.3760301325366,3.16429756092676
3577.06407060932,-547.635341047213,3.69052160664775
3365.73152789911,-700.762434401651,3.24128026618527
2585.06117950784,-1677.34835284058,3.54639353564447
745.152698971881,-332.962211323654,3.27767318357541
696.129886480424,-2066.00840945615,3.57688974406409
2314.86448046624,-1554.82124229682,3.67638353697572
1641.24212317137,-2104.45906315351,3.79341564743286
1498.15007567569,-1529.46608231499,3.87813205022979
784.116665780814,-1941.70975957241,3.70110490179804
1663.46884150572,-731.151783360145,3.67444756641915
1681.81359772921,-2026.06566460082,3.71792972334577
1720.79179967855,-525.893641860145,3.8448397119583
1258.52951538719,-1417.8550206716,3.70302494267538
1691.02931054149,-1185.87118866055,3.92051617720284
518.99463597228,-2194.21554247401,3.80681222434507
3013.21393395331,-300.749573130738,3.82793105163807
3779.79049565248,-908.980554761443,3.8318473233286
1943.7932665983,-495.518851444843,3.92631662417529
3910.09104921753,-1177.58605922682,4.0843342520057
1655.41005965941,-2078.32173928082,4.16072797307568
1132.98532286288,-2159.49871272993,4.02391225682051
2286.6921688486,-2200.71720995284,4.17568411560242
398.520458992488,-107.650986312281,4.29186998849121
2750.99996525022,-2068.8279466121,4.35252811365591
3814.08097715479,-1097.35361251825,4.44015502365705
3712.05019196531,-1548.63732546237,4.54950897787167
2606.76148300209,-1738.36828243881,4.55841696565256
3890.44142356108,-1021.24155745916,4.42214269116973
1873.15528015295,-900.443950953542,4.3973372394079
3919.05451855917,-301.401979107445,4.65789340739068
862.095510220585,-1100.49906888711,4.78205666075194
106.19166018978,-522.323189809232,4.77117813706691
3216.80237254744,-1263.96137288321,4.64286638977805
2107.11111814912,-1034.37714746373,4.81496649177496
2904.51204484727,-439.275153102433,5.02005866497684
2271.198875839,-1719.62662250925,4.83862375871308
2038.79222269612,-894.490076400081,5.35451191186837
1700.1963335169,-69.0300542510678,5.13224929975331
3298.99276965032,-462.961271251384,5.15801579138409
2306.13137790889,-862.279851683675,5.32610231844471
3460.73207587984,-1329.12397219135,5.36703773571943
246.895412870651,-208.314083103884,2.89259015270856
3664.52551121999,-1529.94793892946,3.0699889992552
3042.89570341687,-1462.16995226771,2.9552591821815
2418.74698662947,-234.082367869561,2.92530710299554
3115.42110258605,-1357.58098842274,2.85867062076959
3945.63521137685,-1355.82607350068,2.85910322862056
3957.78674560834,-1445.70691592253,3.08761827825118
2910.74395386153,-914.006118485367,2.81633133819112
3689.652289662,-56.1784013650781,2.89142111899472
2140.16428447632,-403.24396946396,3.45893401085977
1597.65906008068,-961.385344055749,3.19558954309339
1549.81055486649,-1487.42202940902,2.79719004956116
214.428230120292,-1949.92647915052,2.89044606353278
3306.72616198952,-370.62374151756,2.93829595787053
3778.0310613076,-164.800948684727,2.38711953380183
619.255911985139,-1203.38863212547,2.78520673905505
2370.5989895828,-1163.38816281011,2.9256147995765
2640.0506945548,-1516.01539135449,2.90733205519713
3335.31978167348,-96.8478468888216,3.0638999816036
1584.985263275,-1592.56055488555,2.86879427809951
3027.61743025472,-1268.61384097557,2.84725638165731
2036.7297151229,-1136.91280730343,3.17832670665772
3485.59021162132,-2169.24974095525,2.84041520468513
1701.38191966525,-1420.36316492054,3.19284836578609
1199.53060027017,-2125.22379508222,2.96609560458458
942.272460986621,-2102.26752466665,3.23004345034169
2522.68115011427,-883.135126615423,3.25548661109863
2927.1818674998,-320.31678044419,2.75587353807447
3865.04890715712,-1111.79861530885,3.12115695222843
3955.16229502462,-2097.66244491299,2.79677856923159
1492.91571748993,-810.091710786435,2.73917810752358
363.142239201467,-124.108887553394,2.97385527252001
3514.5771437917,-1943.92005272875,2.60489646595656
1030.77658927517,-676.645276191739,3.06192935543162
3828.29436687257,-171.038514817837,2.93898386271827
1225.95787275658,-1608.70084115464,2.94485489932466
1765.50898255847,-1987.04162114868,2.67907910421667
146.42822283028,-102.942286460013,2.85770710370193
2945.0240584207,-46.0557605245737,3.06093912406033
838.543366288787,-806.198688024447,3.06057673727453
1170.68105897641,-1802.79145713725,3.187116843676
896.712939557508,-704.828747556745,3.02331810387171
1660.15269466064,-1988.37013039558,3.05762827759996
1296.10482166621,-2034.3845182146,2.82338153440901
622.370037358464,-1785.57306640465,2.85292375605429
1817.57912790521,-1051.71270889245,3.27863568141878
1621.37058209635,-1746.81413543123,2.88896618122355
1171.83989399079,-312.940903550766,2.99412627917034
164.514187840627,-1527.89825909449,2.96029916204332
1122.92158542306,-1706.29222723134,3.27013184611345
1156.16903444117,-1620.41995095094,2.75290185304791
1490.28911758407,-502.884497319162,3.33484604811202
171.756619962335,-2135.84845072944,3.09641767966088
2800.31693195245,-38.9099022573833,3.09780301155678
3137.84078907795,-1773.83000740568,3.00067010020003
3111.0047247698,-1871.92323743851,2.67043513424293
3418.04004199856,-319.298168555913,3.25244915380223
2159.02700182805,-565.850256149324,2.89917571273734
3893.47045592465,-1797.93024562618,2.9988008811446
1172.18762325458,-80.4468883288534,3.16633907826536
2413.492712375,-1536.03763323972,3.26857631974117
2938.52252624755,-1647.1284960623,2.71735214880578
3832.0320324395,-1373.42537316387,3.38622624863588
2272.09907029,-1397.17890027234,2.79018987583406
634.185166550063,-1930.53909487679,2.89204014914472
2092.42976051479,-644.987491296831,2.57039795391786
3322.03752198717,-1192.74465392875,3.06094205270709
487.968687931269,-1040.49493033402,3.10392385705968
2861.32962409736,-260.437805557715,3.11000911693049
663.984499727319,-2202.04702426938,2.91184852734075
3307.16150581903,-1510.11626298467,3.14322438453643
1318.30314354477,-1459.16298643968,3.14492339136728
943.76897630898,-345.243823127799,3.21350824752169
443.317829049434,-355.340363611828,3.07752733172172
4014.07307069587,-894.639789260018,2.97689745179868
1150.36517085756,-1680.37844811887,2.6903769772435
980.417605968991,-491.537480717045,2.93512440581976
3021.13336509787,-492.016416311978,2.89935778236819
2934.09508502571,-1060.29267090351,2.98082570345858
3828.398085928,-252.556245110048,3.49016434890075
2877.61018520419,-2062.72503775056,3.07907434818038
4058.0218765727,-60.2242842025081,2.90322093395567
1870.49538659429,-344.324177188644,3.0468589948212
1913.70205727579,-1304.97569772465,2.77630640302451
1201.80098876686,-770.770669453397,3.0241152876822
3208.08411766824,-1894.93432066219,2.94473259652808
1406.31640841773,-2196.92074553794,3.04138259027438
1761.24089923444,-1037.75928571914,2.98708483123105
1806.50457196258,-1945.83329640034,3.03818354788435
216.537397838961,-875.491632685817,3.16045564800748
1827.27659429383,-650.599542358413,2.86608379351276
782.489643762288,-588.858099310509,2.93348577657015
3472.65732018773,-1254.98173115522,2.95097598151732
3620.15357828324,-1246.98754053615,2.72844947222042
1804.31705561885,-1387.2086696864,3.11774851296478
1031.56248218199,-1905.78664079824,3.06247058441827
854.319595759153,-835.93964362185,2.90154776107416
692.482208288277,-401.272857528188,3.00510908934869
661.844077355078,-1482.5223105939,2.89272336092662
2342.6796520362,-1962.61203693439,2.89977042035887
4005.0423132637,-727.192021472745,3.04452701916567
2922.86941619314,-1942.4859804588,3.2115706265929
1243.47607880585,-1087.8117920838,2.96909977286482
591.361118170452,-1841.9586132424,2.98459364974187
442.927111538285,-1996.28940297181,2.9344802669282
1802.13594702145,-733.649745811229,3.19246486395077
3813.69777670771,-241.394120253071,3.23835487181119
1857.81911563652,-43.3216933315842,2.95899646541453
716.128406634191,-547.500646867543,3.01086147869507
912.490738327734,-753.738958044122,2.82469266503049
2231.90895319475,-550.619106519052,3.16763737620349
2179.33749710821,-1319.03946914729,3.15223331963947
778.825759766831,-43.189420588734,3.46042304847759
1838.09868575292,-52.5866457558744,3.02957044760717
1548.70096346524,-627.377907953404,3.09091871008595
2226.40139944584,-1239.60886075539,3.40933405371439
377.192221663552,-1067.52767628344,3.07538335323247
1568.49147010309,-1339.78010429628,2.82209048145236
1129.1910887065,-1811.83636209328,3.09003749562306
960.140902574282,-1207.9907996129,2.92129659405316
230.715396605319,-608.990328417396,2.93124410373275
1556.02928545034,-920.209491580718,3.25540059840863
2646.69377675912,-447.49960406043,3.07213802738148
1337.07417709878,-1600.69836835794,3.26807644280234
2502.35965390633,-1777.28698901668,3.13658800307452
3958.58802866572,-289.806556406164,3.55897443812895
749.937455810688,-980.459100191036,3.24520544569506
2106.59498399541,-811.335411191766,3.10267333790034
437.509953312684,-668.666883538754,3.04483507343112
1678.69723523548,-214.447234778538,3.40631979101615
1438.20752642287,-1876.01194657136,3.20975850223532
1387.3275659734,-1425.76041130581,2.96643710576608
2317.11348088231,-1544.7911441301,3.20166052782263
3090.74867023494,-477.863102706131,3.2568830662448
2727.46604099715,-802.304085357128,3.16224028828941
2958.75836604451,-1409.39013072936,3.24667229622296
1467.12567643422,-1360.5025956633,3.0165604357569
1557.6217820336,-1221.5412865786,2.94845314235569
1752.57336806056,-59.3387772939308,3.27750026782532
4015.2206564784,-116.545595719578,2.95138679250497
3529.5222442858,-268.383722165164,3.38352498994251
3498.01381504779,-941.980392271929,3.48077031626693
1237.96602935008,-258.467679055371,3.06337315566723
2072.40178286108,-767.802449550617,3.23654472833022
1877.6600522678,-1045.95938468419,2.92376968291298
3243.15128129979,-1790.6201964707,3.07983900475525
234.368861290317,-822.39501058959,3.23673788561624
715.257988577387,-387.374648397609,2.88480400984283
3149.58801297076,-818.627267064535,3.48829783176687
3694.93557003256,-2083.23177214908,3.15505683580307
1028.31079757887,-2042.73612608231,2.92155626764717
3388.87969512976,-1096.96129719882,3.12042130702809
2223.03247205739,-981.384559006568,2.93736969300043
1396.51040989207,-2163.07296607292,3.0253681855454
543.131722197422,-1355.37690162005,3.31888713910337
3709.00127105829,-473.298184942992,3.43390437462654
1559.75260150028,-1283.74996249924,3.00188842637119
1882.22783622483,-1788.80638670636,3.30035666443066
1209.54040722013,-1312.70110790842,2.88212119824915
183.678608459683,-2112.12722707606,3.01110768092609
2918.94083315403,-1469.76057052498,3.1683929252637
2634.55878990779,-297.019505684867,2.77616920538017
2978.54618291353,-476.15213917078,3.22247596437071
393.408963212301,-1647.76508762727,3.13013044843558
747.670240989089,-1838.64733086486,3.10442559205013
1312.10559273003,-1603.48739744473,3.11550076555092
2417.43397360964,-349.485509637542,3.18962340179676
3715.84086618475,-255.091390488866,2.98459160788504
3695.95241799933,-588.591734521583,3.18430621492955
509.17437775028,-1414.17456887697,3.17812137619864
1246.1958903567,-91.758140901342,3.14014890230938
3091.73029637165,-1250.01316896142,3.17937180033449
4050.78765947607,-1378.73870949499,3.27021150886541
3182.16344195654,-1661.61518875292,3.68496189840281
3968.24671355014,-1127.83337303105,3.21285181265368
464.999057696295,-717.510304649265,3.16018593808836
215.752548832067,-20.2051520872258,3.01815337854754
2101.73069798422,-120.216370914193,3.24193441455887
3073.14358997941,-1764.32875485257,3.03111717121468
1316.88241046534,-1300.41740339313,3.17931704937674
3985.01172331009,-958.660975172455,3.00418872785516
1576.56634634783,-924.869648082078,3.31752586297445
2580.75805513928,-335.181252724183,3.18052346903018
3123.71980329849,-220.640423256599,3.25197827198977
1116.23498608786,-1575.63281207238,2.75451292571762
587.418163067825,-1735.35288769403,3.37213313101441
2782.71979881617,-1546.40310222024,3.14690351997419
3636.76867539795,-1968.5160174972,2.97020376014341
939.535359633985,-1778.50004545023,3.08341667550665
4005.78924489256,-264.325176105204,3.68242378069238
3933.59166372539,-1684.30702489692,3.02365834458896
365.347067600576,-1314.32352268789,2.94673547233491
3229.06335001301,-138.087647114206,3.50602680292309
3848.62217386449,-1603.41176196518,3.32501527567204
2063.63063992492,-579.232164048443,2.79452763146359
1084.99808992048,-818.940018074275,3.08567200747076
2153.09317632976,-1078.76731045305,3.07527285341043
1377.77236481162,-1232.63491440291,3.10158963753661
1401.41647136815,-485.653206969111,3.05330780623389
3143.35851625906,-1546.43130483477,3.10446103068068
808.151074344672,-2141.87085778396,3.08098327973613
2067.1712176488,-192.617689156386,2.83689368526444
2003.01419765099,-752.001742136452,3.31384621894792
3247.63564090217,-1876.02966836099,2.89133105401887
1391.01560766396,-739.195085204473,3.19669061084326
1310.60717352952,-1322.1770821745,3.17556568940483
1532.47630547091,-877.589394250185,3.16282722350881
1684.43262446405,-579.589944837218,3.24355045368371
2006.56072327972,-2125.42984385303,2.85940444872617
2942.80605662918,-511.349244581619,3.48310814368494
2851.59498826463,-1189.75636319614,3.2059661041209
2504.95387814086,-1549.68559784046,3.00644082678653
362.803423450443,-38.9594145571449,3.0117439044784
439.585711378081,-1103.3238317205,3.16036702807356
2330.93584657712,-829.645168366132,3.34379981381914
1640.77915827618,-783.499392902637,3.14729231369526
1471.82476115289,-689.710888724569,2.92840612901889
2949.36079126917,-488.719426484517,3.14670276287319
3350.82256274619,-1183.31518661849,2.97035957811048
1140.10037180554,-150.398845312976,2.96555166003265
1788.86086328958,-456.378436279171,3.31844702101701
2644.46730694628,-787.386843128121,3.36091204418971
1895.92826007914,-27.4154881180695,3.35741536585936
2245.02680833987,-1526.20431688002,3.01649025301965
3647.53485002871,-1868.52331405761,3.2005769512816
1023.66340200076,-2121.78074909039,3.13404197735196
952.26403755349,-1652.41978407822,3.60077491762816
84.2261054176726,-1368.36095964058,3.26507717265397
362.627689073542,-1525.88784472179,3.12107006081793
965.159267583235,-151.338271091369,3.02425957637922
1921.93865200034,-1136.61337631146,3.39732585920309
495.083513425918,-677.476364153796,3.31878187596626
2072.83902960781,-531.099536564029,3.54460669562862
1976.76939865499,-511.600820887611,3.27426506922324
3226.88299227581,-1369.68083132521,3.02450325056531
3608.63303766289,-394.022351755688,2.81771155379097
2022.13785726502,-1500.8693001274,3.80154061983936
904.736506932904,-228.938744441747,3.34859388788422
3235.92172243513,-1900.41806588521,3.19589659006141
2746.40733057979,-1740.83946510575,3.44943345513007
955.774399114078,-1902.01322810289,3.36564326332815
875.607179062554,-149.068607199556,3.15793756324282
2973.0168020326,-403.895054550322,3.70827000444283
3104.28679910068,-2150.49665245605,3.2810798473658
3443.75937335095,-1752.53832493013,3.3667425899181
948.289056288777,-1229.54758640562,3.51097394037478
1734.00387604748,-950.560947482313,3.18023795289915
991.174931881688,-1835.09544360239,3.45867794468805
654.367075403251,-400.347715399899,3.30735355598097
1377.2171932773,-1961.29186361104,3.23989086251435
2724.9838768585,-1578.41575170618,3.80419326392835
3617.05824423125,-1718.94646231728,3.41889152534614
1589.99775380375,-1143.26638193839,3.40744494129714
2689.41758070814,-487.202287221114,3.590724542962
3894.42479841664,-520.357966109082,3.2474484776561
3467.20943488076,-1387.23228905367,3.62307005865632
458.267386148175,-267.973649090575,3.27367821657886
3057.81723800826,-48.155473416188,3.39527455799022
2031.38253582977,-893.507336884287,3.59281708642969
1050.5535261924,-444.547750810056,2.98360457642847
2141.66936126726,-660.271238908824,3.1329422924057
1927.24133041247,-2155.76314255229,3.63580934587318
2690.58391041769,-272.440722034804,3.37354319755601
3209.03055471264,-1528.23135870876,3.36683173929889
646.795644625999,-1913.5839288824,3.32846772502271
1638.43268455227,-272.598949055601,2.99016570447701
3265.40578298416,-136.648470992202,3.5642276546324
3322.29250444276,-1611.41142820132,3.55321206067038
3842.84816513734,-1649.39746706921,3.5342319975783
3493.7826379344,-1830.42756323717,3.38903439164623
3748.62054097746,-1079.24725394298,3.33106112390146
2426.97483451493,-578.223561405296,3.34130398843979
2018.09681982281,-2048.23299548699,3.79676518952031
1125.92155462685,-552.285163973248,3.52784459424152
836.927698689493,-1023.83095138827,3.15514509063845
361.94436889253,-273.52218150532,3.56093165119271
1882.87136393578,-1249.76922849389,3.32248995228045
1836.79509725947,-276.055576912238,3.39815412721171
3942.19159005485,-994.957498461932,3.37861199631692
2696.69298628372,-684.134033473268,3.69769238956066
1263.93967839232,-863.362587652624,3.35932975057331
2789.32701864628,-521.85404274385,3.38592967454148
3619.29368306885,-1771.31691161195,3.47070642474188
1932.55776433771,-1406.50145990925,3.01663341745649
1203.82787928222,-1168.80624212965,3.29568687777469
3650.03706133065,-1665.01770906403,3.55061969204881
307.077878134836,-1976.04503703715,3.55881174153788
2825.41899699233,-162.869106249285,3.84635765731969
3609.42594246813,-1422.79753542761,3.64356322660865
4048.09525366883,-1049.77276953095,3.48673108873575
2035.63314333919,-221.667098214111,3.44871983115557
3478.50706498777,-1464.54575590119,3.36284365555601
519.959881210652,-414.674034063196,3.9524754227981
2012.91479400127,-969.260246451243,3.20049982915985
3329.06517003826,-778.509533920935,3.60205189055862
231.970888515923,-537.014353094863,3.47419555161217
1439.34042892856,-1267.23837892226,3.50886843467017
255.460927900315,-1352.19880992357,3.411130303352
2617.79260609191,-68.9141625086034,3.43362015740779
1314.8837583482,-188.321931557259,3.36263742001548
3125.44914937,-1398.61674916714,3.97268530094968
2915.62002706384,-1798.1410053219,3.45209865779831
1051.4025349278,-1681.13443791285,3.16887617407935
3173.95058555083,-1386.58706610771,3.55608912258358
597.410758456652,-77.7217624224808,3.51083910526697
414.977939519209,-574.998728997488,3.66254908569503
1844.88576098796,-743.798426637679,4.01297082059028
3751.16978868472,-397.853605009328,3.47904523389017
3688.62422231051,-1329.92160507647,3.73011026656639
1396.10975560102,-1152.29282096367,3.28277674206336
327.405614659912,-639.912073906645,3.62566840659803
3857.12993435461,-1432.96269541243,3.69962673084984
3245.2640842141,-1961.57258517145,3.52806747001511
1399.29681048341,-178.969546187377,3.57945675854209
2281.48337424651,-728.220939741439,3.67115757636534
3706.16779734245,-1982.94560842316,3.422485797821
3606.52108334915,-1189.47452784461,4.02507431131516
2170.15174904639,-593.110195995263,3.71745394431898
1013.08723197834,-2202.02276223727,3.59360133957363
2738.32516399262,-641.216566140945,3.76633084975633
2233.68452639845,-1807.42914325402,3.50526057390028
3051.91369140068,-265.409379857666,3.41327450299243
2953.25975499322,-885.583758614928,3.63587308026836
3739.28243052168,-1792.7767766004,3.69609171144631
2968.54254646792,-915.565465519045,3.48631237474189
2745.47720128517,-2078.19702320296,3.66499688338544
3747.06236108171,-1345.17855060735,3.68399212196018
2275.36842387768,-897.199414663574,3.3093298918857
1960.98818693282,-1994.20593170191,3.64382419829568
2231.51877430801,-204.424662620846,3.44922804637039
983.618594124654,-2169.09801663971,3.8884904811375
1564.91983796197,-324.12976379965,3.43841864256646
3291.43680721196,-1695.95806907928,3.48139946386588
2846.49562647142,-905.780183511422,3.52159282659646
2596.25270716278,-1872.68853109111,3.74953052209517
3024.38242427905,-1001.8051025621,3.75528707610194
3833.57915499182,-969.865049393637,3.76978686033474
2506.04625816571,-302.420457375944,3.79945728610104
3338.22495313096,-1802.69891139389,3.54671701467693
2025.01841330299,-1559.94306340587,3.80558555585948
3889.69590248938,-1468.71325115297,3.20287296010885
2919.16423204732,-871.275144237839,3.71456222422501
2048.50216151792,-2094.28156858316,3.82556985371252
2000.44802540052,-645.620816291834,3.77105903383065
2249.48581716816,-1216.30267864781,3.71038480561049
164.42511893322,-1065.69568860278,3.76174951427844
1779.95751792217,-236.928961247888,3.63614382233547
2297.8893635527,-2047.2340987146,3.72790763270206
2390.83653697647,-376.495905396992,3.76863273483039
329.723923133564,-954.153930105463,3.86135575180833
1760.65331477553,-392.736240851841,3.46919010915285
1010.01249092631,-425.035254014384,3.7998745852152
1813.8504423336,-1300.61934995967,3.84299705741418
2389.51804515779,-1420.47558422453,3.90682186395054
1530.32094760157,-968.482443814649,3.48423104281583
1636.29498687754,-1199.70734669572,3.71958558771077
3062.04503749296,-1350.75819781216,3.81562789578279
3137.2645699863,-1297.81507498418,3.76766284068115
1165.05118116212,-732.527921893361,3.67872480329109
2449.56143913153,-427.939080381386,3.71023682082483
3915.40084081633,-2184.60473679274,3.67902529083217
1653.98252059638,-1656.01307270996,3.982382800647
2102.97263988056,-2102.07059610213,4.04073416294908
3221.23781532082,-191.61635982612,3.76934891653546
363.840771431381,-2050.28006628153,3.69053393458411
170.675186738373,-1996.64125858419,3.80462943994386
3112.60865379318,-2081.73572592721,3.8509242778535
1930.0648178046,-714.917484119571,3.84341511154541
2099.10157740236,-1751.00557295747,3.85775547855783
1367.97382650765,-220.32472045002,3.87577428630181
891.005211628944,-871.783277421386,3.85818293790001
1764.71437658409,-353.603317206263,3.59068466541516
1995.76148947807,-1816.13543303364,3.87383111095403
2209.35636105864,-1306.6092116431,3.61439614778908
1803.32504128001,-1663.16108305798,4.10126972768764
2148.77333355715,-1470.02145804818,3.74535029326021
635.449347062093,-729.599372926218,3.87863791911376
2986.51839498969,-1862.2902364273,4.01353069084698
2019.16586629431,-688.027705650689,3.99241674696438
1197.90053380078,-916.798003259033,3.81638366199544
215.216267660281,-136.661913998069,3.893971079253
971.938955288425,-680.239618295488,4.16840166471768
3976.60625598574,-1813.49861975539,3.91996915535652
1745.70329514397,-1674.79150196364,4.3349158092449
2910.46832831104,-2118.67713306835,3.98373014320988
3308.85319851065,-996.815573891852,3.91706310243765
265.473643675799,-231.779400438806,3.87909414973263
1927.19120494859,-346.178983277664,3.97592435926854
2156.25710934303,-917.54083235744,4.27836229838597
2492.14385063222,-477.115409824076,4.09619757244305
807.261629461255,-924.218767689097,3.86640237717385
1836.81347680514,-1882.10438206201,3.91635739420793
4002.29405405076,-832.453282466281,4.09268122850396
2275.41295070132,-2196.79040869529,4.28653643603796
2615.15385237744,-1812.65071914763,4.03553971313385
2186.85814836013,-1359.32859472712,3.94667470668746
2439.21135243336,-233.220904496913,3.99109171564422
831.371125711795,-1783.75618795926,4.14223452559002
2768.42700896449,-263.465119117919,3.80636140909185
1160.50666318831,-1512.50219037473,4.09833034018198
726.120543879025,-1910.74999732452,4.04834790291738
3621.49053542398,-1362.61537425159,4.24355472256539
1330.38752008752,-2005.78701232371,4.0422630232229
335.289579685402,-1418.90787299446,4.00465194737801
2001.93362975704,-426.824462500433,4.24060562851878
972.340076776395,-369.029482228238,4.36775331034998
2275.26467751678,-1712.20960611891,4.37608620195703
1028.98753149337,-181.419625750031,3.66608642468416
2102.10964209202,-1923.45044092653,4.40404923975133
3526.1621163109,-558.339339991793,4.418141057847
255.490043963872,-1023.63279450132,4.11845057953044
2263.38412048497,-1368.99451526658,4.46021827537994
3703.33376956068,-1177.14990810917,4.51566424650073
1750.84219786139,-1228.7384632035,4.61712431769207
2555.45225520314,-2116.2197698612,4.72173120329782
273.835324983652,-1189.61943738826,4.68398015743923
103.727237286863,-520.417092217063,4.63017714825695
1251.40058211397,-443.853037928266,4.71986319711435
3695.69592674182,-975.525872981204,4.28490575792784
718.184643360813,-645.156068507687,4.5015261340244
935.69632033602,-1987.916693098,4.70391558366522
1337.86937576361,-1700.44190319864,4.50879368133483
268.753137249221,-1327.68854281657,4.96913622111991
470.871531200943,-1942.85955263331,4.95581428002816
2311.76515979261,-871.534181836707,4.78791675843764
2887.92691074014,-1424.0293038109,5.11123447200327
2949.41692668026,-1604.6943755818,4.9988381018477
1171.75810905495,-1802.62909258511,4.98915713432925
1685.82707743783,-1508.46988624203,5.0199667790565
638.343718399123,-1476.03040126413,4.98250552700031
3466.5369285477,-1340.59043617636,5.23303664566241
2026.7028374301,-868.130714458791,5.3001523643132
3332.91308705289,-577.824133749695,5.57255209586535
1722.46079852862,-1100.5059347644,2.76779287349217
1113.09776759741,-982.911528910567,3.05626185729442
1317.25002127564,-1412.92602126342,3.07933225290757
3433.68062286396,-820.845552468902,2.99337691587765
2550.16887395281,-1870.79026218265,3.0045540604992
1020.62620048792,-1551.8057592539,2.88965075508094
527.901046269161,-1319.67486775148,2.83266811620614
1560.09604606049,-1287.6358993978,2.90451526146073
1453.2355657167,-610.781867137923,3.09158991400209
854.243333699147,-1131.36998930621,3.00653750146794
2948.25994854259,-686.358203140603,3.01723872314494
231.396294650199,-608.251735359444,3.25087934997097
1588.80558489191,-590.363540306285,3.06586139751553
2288.16773024096,-562.269658778774,3.08530529315765
2142.26364445321,-1093.56609877766,3.01758713155075
1256.99665456681,-565.090579777632,2.78050565071179
3887.96262528759,-1304.90180900765,2.86924249524689
576.689778535199,-383.815694662747,3.25306061928984
112.12987081327,-335.31919003405,3.05675720436871
1762.77965805289,-554.48428193738,2.9717988904555
1487.28715820216,-173.397688483298,3.33160013675832
2624.41260699826,-299.352774324746,3.41735617074777
2351.90099114411,-1729.3205200171,2.69492814512809
1651.26755396891,-598.151913764155,3.34133844244473
107.267639029026,-51.251692265756,3.08587502795185
117.87833432255,-453.596540942144,3.27478846541782
199.122255147082,-548.878205311068,3.65133521602641
354.930813948547,-485.300642538257,3.41775910040077
833.22070854248,-1232.57739295177,3.47093789621908
1586.32332357278,-1689.45300190511,3.97523290801536
822.462762273765,-969.560780299925,3.21946117438882
1778.90888494199,-234.256573508246,3.84275857323023
3205.74853153453,-1892.0369348256,3.522173595245
1755.17496722927,-393.192196834206,3.71917762144113
520.573530541976,-402.213335254804,3.46515567006594
1030.44935554139,-53.9385447016951,3.85444899618194
2486.48348611892,-469.278288912027,3.69197716783622
1364.97968266181,-213.567413056375,3.76513950399968
3015.33842680532,-282.347477769307,3.7542698294888
935.131206301879,-821.963849649294,3.67504248365854
2911.01223080008,-2122.09922196982,4.02837104339246
3779.93784903999,-904.283464846556,3.64982176165853
2277.61748742197,-2196.77323033344,3.75861400226303
1487.65135280098,-873.525373858693,3.93887834874096
3896.42109187456,-1467.57524089481,3.87439493920739
414.110647175033,-116.902651342873,4.4969880821823
2229.04218938496,-545.110880736667,4.32235417728291
2107.93672142694,-504.862497298745,4.43239720903202
2207.8642856845,-391.170019060957,4.47736949461509
1165.96412637872,-1812.80364782905,4.470534173125
1506.43861332473,-494.271446567442,4.47994555851229
1563.43669373007,-999.132922536934,4.92025378259014
759.866294544903,-308.409110014538,5.17480950945208
504.735743324247,-2157.22424521972,3.12777297356057
2089.17372351186,-1955.68436476155,2.84053403976737
1881.70407283164,-1708.32281381042,3.05163253136826
3805.5792222773,-1750.30125200704,2.80341038705623
891.468975434416,-731.764882279191,3.07479231382965
770.495655218254,-2098.61922020972,3.01873688077861
1848.22886694655,-1091.17061925403,3.01946997379872
847.374922421125,-1874.97370105463,3.11276976798544
1211.54381067632,-625.440951424421,3.06527512735143
569.519770815547,-636.577171785071,2.88498342404123
781.797362707944,-583.828644601712,2.52564798968353
2648.6582995642,-1806.19103359396,3.00201103558767
1491.38449298763,-1179.28102627611,2.90273572074682
2103.29457090071,-2208.16989301921,3.25660796016067
3648.70047925022,-948.398523401033,3.12326958365844
2859.94033314211,-1911.72582356527,3.42694607617752
628.000966382869,-1929.63418065141,2.93379351871341
188.097170207965,-1478.50567175822,2.97768335479864
1726.70223952047,-967.812271122773,3.31377661424778
3485.78902978719,-892.677413974848,2.93504227268825
346.004774280254,-2185.46953743712,2.91563038957539
565.828027492793,-1813.29833629405,3.20593906909242
3655.92153279417,-1776.85939484783,3.0045917469611
1006.74621839107,-1026.20822123702,2.91103670801323
3687.1399556902,-1174.72083248494,3.28046690513163
1227.93055487607,-364.482198124986,3.41625868435069
3372.91987518565,-519.724130162497,3.53428303664188
328.003027994914,-638.249236447643,3.3341049598456
3344.5721071933,-747.872485928544,2.96641901571411
3557.61853620151,-1338.55314021891,3.43181397724765
69.3402127260793,-2104.80803636241,3.25083973110381
990.972850657578,-417.799753335638,3.40916133331474
3065.48944290598,-1360.53736971087,3.48023014779526
2263.61380075681,-1646.46477927874,3.24036860120265
3250.17431839873,-2001.36127120498,3.46539983540609
1973.31935034244,-515.797202891309,3.49356268961661
3300.2454793848,-2172.39657917302,3.47417248620045
2770.84940619839,-268.78471749541,3.24673617707122
2469.26576276202,-1716.97574261703,3.74225534936177
3625.42847273034,-938.143260372306,3.69857424116047
1049.63602932954,-1268.29047254433,3.59966296601026
1404.74050099581,-177.407329578902,3.61603370387112
2557.33041952201,-507.870873412849,3.9592958112966
3347.781626889,-1793.51575645289,3.64164579087393
1929.63155112223,-725.32529941915,3.63590519341603
2088.32915504061,-2018.0926258521,3.53632373376566
1085.18642342306,-230.915260010948,4.14706790566227
3775.11832959123,-900.370899013377,3.82329264913118
1975.23636664479,-2067.184690352,3.75069983552242
3267.00789273175,-78.1880454624784,4.02166400343624
3419.55610589987,-1817.16092865537,3.51574154565716
2488.35605125289,-461.011075005329,3.60447141593016
3814.06306435307,-197.084897752025,3.92313237681095
3810.91311913568,-1077.47259134837,4.14225558080684
3896.6993734568,-1019.91090585958,4.22797624991144
182.752468531886,-391.092846133503,4.3766402739428
1557.4806202159,-2114.04154012303,4.51093627958393
1661.73698964848,-357.27519091067,4.38954838768298
538.048296716195,-1202.92131650281,4.77366060462215
1701.87072718571,-2161.34717675799,4.89373574046646
461.296325106468,-1958.78589645175,4.84564989130673
939.023177923238,-2011.76525281012,5.01668630316414
2499.2849625188,-1930.21957329317,2.93371172457313
2158.91393350045,-562.913607556476,3.07716708869354
1260.2249228787,-567.605180285643,3.03359309355051
3139.35159837192,-1547.78820475468,2.72531001182095
905.407272229366,-754.176325680522,2.91843170369554
1545.78024381695,-1483.58879906421,2.86445848671104
3619.8662008008,-1868.94938551201,2.89573083363244
3337.96275957965,-1788.93716135314,2.75626047086544
852.184114418492,-1875.00583964736,2.44486471400951
506.65587149358,-1411.25166549349,2.99824016947466
787.357705173024,-183.187192546917,3.14540538095558
606.584150415609,-1147.15690634069,2.83504084712626
543.378891736639,-1350.519490416,2.5907599272274
3304.08240888305,-2168.17967823821,3.2161016394588
2798.46473646151,-968.810337484967,2.78619461956134
1383.35235596921,-735.412765433653,3.06584322427348
3481.56196923502,-594.522180761526,3.11848185979373
3629.36860667826,-1964.2195094462,2.85066077632192
1679.15953550132,-214.797232135029,3.11048428867589
4049.74996996604,-1373.80844928337,2.88264090312275
3147.8109754454,-823.652442201048,2.96607353319842
2076.94844130272,-530.399702808168,2.91801925384738
3320.02847794634,-1602.65720693024,3.00151397871339
3634.32445211157,-979.808207913486,3.33958772938226
3364.65987700649,-707.336222158704,3.06201109908995
455.273955336357,-275.814495049507,3.13627223447364
2694.12520169743,-480.038152161641,3.33798007984035
3191.2902966031,-66.436451044709,3.26485729912568
1052.62762638798,-440.300788023959,3.26723671127486
1487.4879663719,-171.879237092097,2.93074379530359
3937.51113800771,-992.287217651635,3.3457470592636
3031.6509260011,-185.184521290658,3.48333368947159
1502.62267730784,-1523.66324623516,3.23656965194822
635.05688668203,-660.427486886523,3.48998896020946
2297.67895282594,-2060.31805048252,3.43538072985172
1003.40717411827,-408.975581432014,3.40956319992942
3354.10021929048,-731.390050477039,3.43884827821311
1763.86672090825,-350.194524071974,3.35600003232058
2051.83930508927,-2100.77093953263,3.40677410937146
1150.72593292039,-2214.32787926253,3.54300238945161
2803.97010895725,-389.337373800215,3.42229565046001
2815.50928456626,-161.449866558011,3.81956903864706
415.970281708285,-577.868900828428,3.01836176766979
1552.65745726484,-315.748559311112,3.71645442375278
2985.05443994636,-17.0854543038881,3.55761377956913
808.950583804288,-781.597681475345,3.55748863417649
2856.05537823344,-2155.48282987619,3.74324932607587
357.778278102077,-208.380130717074,3.49370693816556
4039.71083983572,-1059.49910407559,3.65547045119555
688.756967123737,-2062.77511942913,3.51080889125005
1959.24221998458,-222.619321339185,4.01570441944724
808.429154976184,-928.582035625994,3.76674280562387
1815.30791365929,-2153.71452825448,3.74879669963017
929.157410700991,-820.006669569008,3.75565295279577
2612.18765812748,-1808.01141784968,3.84522368643999
3440.4238817187,-1824.31829944083,3.84640204938207
2052.8893895967,-1400.55014515288,4.31515882257366
2541.75942076702,-1924.7349919835,4.05779507016955
254.235957773195,-1004.51238366291,4.27733361838492
2338.22376641104,-1804.76540103319,4.48745331609189
2596.62553803657,-569.829179939278,4.1472958893879
1557.59980998171,-663.065117477713,4.40624681830169
847.411911358334,-1082.19385973814,4.55074875084092
1251.43473084681,-440.113989986598,4.65022581467173
1500.77117605748,-507.042542663646,4.98614156703497
3465.49668910724,-1353.26483359655,4.84610361352717
1134.48529229509,-523.119902879601,2.7223081374201
3080.47709829011,-580.340254385322,3.01708061329459
3273.1564112775,-944.954046245886,2.91136881216122
800.821096184389,-1209.23100517296,3.11796541610942
76.1079805679795,-1453.993135654,3.01553723119624
2221.42492679172,-47.4192508419923,2.9025940031634
85.7498290723591,-62.1783533245374,3.03211838425067
1496.80806683412,-1907.32365833992,3.20002609225385
219.036300009989,-404.183852895045,2.99101583740331
3907.34922972317,-7.14634634835202,3.06835986897213
881.368206539455,-1861.36690958811,2.64581047909646
3579.68031220262,-1895.17887365019,2.68183055428795
3657.52069448199,-1271.42351743215,3.06629248686456
3102.81383470198,-772.850883073664,2.72108010760356
3188.86972701383,-1916.92010391969,3.0481009549294
754.499169692308,-1244.17960241707,2.88633979763887
1433.40796030079,-1001.05042602914,2.92976045494458
527.380383424843,-1396.46359309923,2.78489400604415
574.428655545935,-1312.63713520597,2.51662919113381
2336.9082866147,-1957.55040767266,3.09371062737306
1882.65191634488,-1577.85380263009,2.92713402865656
3834.24621414504,-2125.21059486037,2.9154982368795
740.665570571692,-1455.73827563653,3.03011487895716
388.139995397023,-1369.48421016388,2.93672679799476
2316.76364100737,-466.574630606733,2.93325408813669
3393.65147247164,-1963.12210317457,2.82737709310813
900.213498686274,-734.839184411557,2.62050884278227
745.210443541317,-846.31272823558,3.07106825659926
1735.04290291875,-1834.32881775134,2.78656700106009
1882.0934648093,-808.379365324202,2.89482832758177
900.258348239853,-92.519223545043,3.08488422603519
3862.41611393193,-76.286328525813,2.82622052220945
2667.67793088396,-1719.06580034385,2.60314025085036
3105.37231211421,-257.331902640549,3.18903575160404
1212.47261847449,-1058.80517464646,3.24495092137712
737.000855003924,-1947.64260289297,2.85005836106822
3705.89341206001,-750.936074931435,3.80946025356918
1746.5920692279,-194.284755480189,3.05210067152474
1131.54236947299,-1157.95622547255,3.37708610595312
4006.25014908593,-1095.86477191002,3.00919962186369
2443.25476026005,-835.02847262437,3.01307303442021
2266.30744798721,-183.369229381525,2.84784657897822
3389.58636660217,-1575.24564201956,3.08848554417862
186.23332355059,-1475.53406641303,3.37727569052002
1119.11569632402,-357.760127152778,3.2825250653458
1490.27130048995,-2196.89499775744,3.29172463525616
2983.12398923245,-1986.5534292728,3.10510738808331
528.153724493582,-1324.48516613119,2.88873020312586
1864.87304593789,-1242.87343056002,2.75445198643493
2022.79161854984,-1698.2429196731,3.31865278747535
833.606856109849,-1762.79093157545,2.80009503121744
2343.20494977418,-1314.06367147119,3.08857957349181
3434.6731816443,-291.08799818933,2.43589425007928
1818.57168959433,-1713.21570570493,2.77948957093608
3561.32384613985,-692.391980549643,3.08739037852243
1882.04158829384,-1479.74256030185,2.63398643967875
3874.63273897373,-1115.55242261543,3.54841733727752
3344.73940132081,-2046.54448424599,2.91425913550219
3905.68981067207,-369.699225707255,3.10705070584029
2013.58465296029,-1856.97194152282,2.59662400181433
1889.94945835618,-957.843081855932,3.1969963314056
1958.83210263174,-967.996685966332,3.43442609166265
3178.01786786048,-295.526792885147,2.93501372066819
1665.06199887111,-139.44648314634,3.48976723573646
2981.36036026358,-1677.30109839204,3.23146313100633
233.999589668299,-2212.53417426801,3.31225572234894
82.7273603552283,-1029.90023659884,2.86318649317479
3475.2485140876,-1249.11610672895,3.19434426359295
1822.45706790087,-76.4380444738993,2.9291453476265
2584.13396234996,-2103.75224081986,3.04429040902021
1738.29704264777,-467.389553799815,3.01303046038421
3527.03494772178,-268.85022318443,3.33085329173132
3858.90985856269,-904.218929610972,3.20028145250267
3499.02069769871,-1796.87486494245,3.14336717538858
2648.94396577248,-1803.53925535185,3.01899974158579
2286.34508654582,-1649.84160779022,2.85160322902759
3050.08419221414,-1658.01650295221,3.18272196533873
1141.03388648871,-1350.58433645147,3.05625906528471
258.869354961227,-1108.57772274032,3.09210420833379
74.7562018897527,-717.302096612245,2.81635241851247
3612.89343601111,-739.501059761144,2.89565455307072
3373.17134934344,-580.412195351289,2.94381871806823
1560.75568492309,-1281.2082712278,3.30342053036798
547.657560127958,-1767.2855865843,3.35160241280048
1146.54056355791,-1671.43315279764,3.18471117930375
3832.49558387528,-1082.38014186366,3.22246510124802
3937.92440291344,-994.578243801659,3.57527310227727
3351.93925575261,-749.599700707922,3.34947856984496
1816.07989664231,-259.120293765627,3.66001571966213
1323.99982000761,-1623.47319391407,3.70800565599472
1040.95511968899,-1897.03986026682,3.08342047990063
2399.85119954979,-112.378975171678,3.7345634074651
3638.66659151248,-329.439841570793,3.55336766648821
3237.80389881199,-189.680429693323,3.83045379686114
1479.61902582651,-1729.95553673712,3.71051676805675
2597.85352603215,-427.20668992801,4.4297754161436
2391.63628563882,-1620.08529367384,4.12654444298733
2228.25117602099,-546.880847183566,4.56426939042444
2046.01718641176,-910.382883967901,4.86686496979815
3417.14938408646,-579.064565381361,4.91979098181606
650.821261000464,-1446.10003676808,5.37186160856043
1431.73231625079,-2193.20475542272,5.5277947848077
3979.92313059915,-1585.71935612923,3.26005355772469
2741.87492020595,-1843.42738207836,2.999637409046
4058.88579063176,-2193.64524893593,3.10634687629785
3686.3157682665,-1789.63166045181,2.8436013115385
863.495943708823,-1559.79628298904,3.0688625366335
2871.47802314505,-977.343959420674,3.23606299377332
1314.88594715193,-1581.16822740227,3.19032505740134
3982.11944383441,-1312.97303104891,2.79868640355755
3792.52735564096,-1266.80625262817,3.17255111903218
4008.06031170703,-100.497161278469,2.48787860305021
1536.67824751756,-1041.78732177874,3.38633599895881
867.626735534652,-1664.29909018217,3.08822048319939
2056.68683500267,-1206.92539930525,3.29842395057231
493.774888987311,-1205.93617406035,3.16829850932765
2191.34340657338,-978.903373018993,2.90414403540472
4062.08102263266,-1548.60569463072,3.02502392755419
1613.55849736874,-569.173282104295,2.75874437013728
338.963985383014,-1593.36345305839,2.89087502915049
948.793619527135,-345.67243313066,2.63767474713955
575.372336297176,-1314.25478920429,2.98962763980405
2278.62126022285,-710.038432163014,2.93279391182606
1307.83459609225,-1397.55430983174,3.41580658739019
1584.52767847286,-2063.91462130069,2.85776552111349
3596.41372746231,-1306.60805530932,2.93120237300694
98.2055716373566,-974.359387392525,2.9371967778541
2293.27968995542,-1412.96507085476,2.87121485034189
3980.96096266716,-28.1303515044783,2.99836053930935
2990.99699234185,-1836.28307700672,2.67168419783911
2035.85671250187,-1278.23244029129,2.79409300603544
1011.40228778426,-899.493340291618,2.93115999482505
745.8997478261,-849.152495743642,3.37282345424257
858.180452205035,-898.879811787408,3.06699906038454
1608.34121813079,-829.763853567767,2.90278546393343
2188.95270664547,-1586.06040889645,3.27985875468956
2642.91348779211,-363.838660741116,2.97837593861139
3273.61261689079,-946.475385341388,2.72717958477558
2091.91973093607,-2159.94184399132,2.9856247907147
2423.93337391405,-198.894862514747,3.07649356129003
529.173472348298,-629.157447726591,2.98795254815193
576.829856875219,-645.198461789,2.9857790369229
2983.49593567721,-1664.88908853328,3.1136341761975
3834.72858263791,-2125.98970753778,3.27175013785004
2074.41767115314,-1138.01150195896,2.73706611406675
3368.09832168567,-419.683933558876,2.91774876431295
2271.62184512675,-497.639619604036,2.94528781960024
2753.49475068748,-1811.92170435092,3.21149986279011
1429.97478474743,-82.3604826855832,2.8359455349918
2975.96964657368,-1040.87795813379,2.81984779038103
3832.44164365824,-23.2129194641072,2.75095302145848
487.792687708192,-1475.52286964099,3.08018817760764
563.19804702517,-1494.61150378082,2.97959746889247
3657.76866129385,-1271.18115812985,3.00384797660389
626.375853438411,-1934.62897342317,3.12993042481762
3449.10271546147,-1058.32690253116,3.34924781521338
2580.42263243243,-1792.68313426944,2.93183787596605
3873.29775137631,-1612.48042559113,2.88875838983198
559.500161593994,-1661.33530820203,3.14283559665559
4018.92370892205,-881.125347355042,3.51326138044878
3105.0954069871,-1571.69042424985,3.01312473090272
1979.04251967182,-449.567692623905,3.14374850115983
1026.27511714821,-741.849643684911,3.2071133553108
3238.29570438553,-121.573357044133,3.2621795444242
1339.51226932611,-686.770993801482,3.64080146990489
3433.23328322389,-1689.60412821792,3.05534527360758
3005.67123219541,-1845.1626567977,3.56419796860685
3104.76799934227,-2111.56212941288,3.23328007314791
3774.9631564681,-2065.83889732137,3.05840379396848
630.211381815744,-1393.52280295868,3.27480436992406
1704.33140529408,-1332.46786260079,3.30619565038041
3124.3810562229,-1388.43680355054,3.60998268671758
3005.23067558403,-1605.48446144876,3.67684044711375
1043.97799619111,-52.9743122740051,3.81164266294437
4050.2138953922,-1057.86119692526,4.04680295210269
2394.78666422318,-1621.85623159979,4.31385257969058
1478.50851925161,-1736.11666724677,4.26962403172177
2587.41297764365,-2100.06360442222,4.44975842079446
2334.86760652822,-870.815436692066,5.1407095014801
650.077573497811,-1456.59363006714,4.81833015762608
2974.06192228165,-330.524846967037,3.0310580793252
628.441856594939,-793.682286322528,2.75722715243523
2717.66693665138,-1442.86921429652,3.33969913611142
636.726061152107,-1347.61158832705,3.08406847650445
3681.13522111422,-1789.33253638406,3.08529968973767
1726.04603817562,-970.679653092501,2.97602275755108
3450.96988225149,-465.644633517559,2.57459853816822
1024.44041088405,-673.636305579935,2.8963068130185
1671.88017876204,-791.211825141425,2.93193181626395
1181.16099594185,-507.50779197884,2.98694015473711
3658.37724189023,-1272.70205908198,2.77697256785782
1835.24723135551,-2064.89385826599,3.11612665282269
2268.84707991587,-1651.8409663653,3.24187699529564
2037.82363934991,-1397.59424497595,3.93156846900808
2878.84793062714,-425.466012998449,4.76227493305452
3005.37420103999,-920.70273105369,2.59474867901564
1080.81784924592,-1127.6962941233,3.22715369005993
3619.02870633736,-39.2770814057238,3.03517897955011
390.073236271821,-1278.57303728541,3.0402280738873
280.856222622928,-463.42810135916,2.75602049257719
809.771608031666,-331.651994601961,2.98301048876675
769.089749044176,-2094.3211201378,2.85853988473777
1021.11971296442,-746.139392807437,2.84533955810347
600.557989177789,-644.979252346444,2.7944488111083
3290.22431803111,-2056.07633974252,2.92292046211839
3160.7811072602,-884.604535937923,2.99628789775236
2888.67657808678,-49.908517246228,2.95769507153401
1141.43994602522,-1342.33783677201,3.43903007913477
2094.49586824458,-635.524248389261,2.94033411001105
2757.15878340144,-1901.62475774361,3.03608086776329
2253.92807845703,-1598.10541728155,3.30473783838586
3752.48356979449,-11.1222419301095,3.22856840799955
1736.10574388333,-1834.48080762476,3.00078627790936
1570.38329666463,-1280.44769832917,3.05119841171221
544.481356510966,-426.206480351936,3.44571335752073
3769.42009340928,-1048.85346877643,2.80374896677806
3521.83724054011,-273.678679152029,3.49700048331693
1206.66790379119,-777.133626221121,3.10376714124882
2720.05697022286,-274.216274221189,3.26339025434959
408.238347313341,-1694.93869739709,3.24648513422945
989.050304132672,-1829.49587580548,3.50800275130643
834.133490714616,-972.722038507694,3.25136555744537
3123.66677808206,-1390.00274677343,3.6911114739687
2014.0897619191,-1241.77480042994,3.64269909915385
2478.05815113689,-1712.7882617804,3.70916551961955
3329.95972994682,-1122.90076218511,3.42914398820457
1460.40254635358,-692.912804146465,3.54918199626646
1210.75831682498,-1600.10476366846,3.68275059639437
1932.28690188669,-721.808119006895,3.56855931936062
1662.85046889387,-722.521611694806,3.63824063106641
2105.99383672465,-2108.08185673237,3.86421140638697
1765.7183760501,-339.051925323865,3.78907988826242
2034.06407559157,-207.600501866624,3.75493450407272
3213.89860644276,-861.177684703125,4.15662119285877
1648.54140438474,-1656.03221942444,4.00341337464597
2376.13512005391,-364.720483095292,3.97360096669729
384.324996012106,-380.484845300105,3.53456211490207
1088.03407658554,-1628.56272262577,3.77206014696227
363.150709032446,-208.687594233466,3.8764670413285
1205.85755054968,-1705.56416321541,3.88175079655217
1491.92498065825,-875.176246163519,4.29517166133899
2107.17424378687,-1761.9030018173,3.92106506664559
934.643133618951,-824.494734402012,4.19917677032092
1130.52878367785,-1143.54618979109,4.11333965526559
1882.89054319587,-1472.00823914839,4.30438704636817
3832.18475777479,-187.976467589087,4.11395863258395
3664.17357290237,-1061.15196101709,4.49268270647483
3897.25013971682,-1007.86004924512,4.66430549114106
1364.66316824774,-1689.33351985689,3.85804226197914
1812.83411614121,-1597.097785857,4.74431493560843
2283.27459362679,-1173.62016018189,4.12543666544906
1322.70161005305,-972.372501812124,4.70770912348432
1400.6783311312,-905.897065048108,4.63789295851632
3699.14231266461,-962.248102414724,4.91741684210313
2103.90144761269,-519.351388793007,4.91652075847571
462.071847982445,-1941.29173990806,4.93558978771184
4017.19143896501,-1243.0334362394,5.24061270123082
913.605379704798,-1998.29503257679,4.81088602321883
2284.57027482449,-858.652380255288,5.38164177908366
1440.25927448185,-2143.41273838191,4.95729188148373
3295.10059339853,-569.355235062549,5.67516755916768
NA,NA,NA
