3717.80300231974,-437.579588806069,3.05560606780234
659.490556449053,-1362.22587296759,2.99987357910635
3722.600888687,-1155.82120684864,2.87717224256196
813.882125492754,-1226.32698573128,2.96770892506687
976.335214658664,-674.206527702461,3.10711336048619
2463.20534970942,-2066.24585360325,3.34498082484632
1161.51544232087,-1717.34766347911,2.89569045377189
1975.41643604993,-795.491496038577,3.02134647177204
4028.26454086427,-1084.70553119122,2.9427567684465
1194.32294545771,-496.921236944141,3.03201100147047
2593.26498813586,-1859.59613172231,2.87231364830897
760.737528648548,-595.699803505792,3.00128887383499
1609.61045982752,-1400.98671448408,2.9217401886322
4001.68284847415,-1044.01791252841,3.04907306048245
2420.08234595197,-2015.13526312733,2.97915928134681
3485.02492732923,-734.917949561761,3.02007246822995
3985.46575174691,-867.768311234073,2.97266358410538
221.332779238875,-1373.51233951958,2.954386737849
1081.27712956676,-15.9271573302746,2.94544130443981
1249.35727277443,-1072.55649942633,2.96532411213699
2569.56247015807,-20.9074692389026,3.01147845372165
1979.15838119322,-874.860805035803,2.96555463592112
2575.67041738359,-820.073996699308,3.00001715319131
283.554544090725,-1895.19428416014,3.06209791146747
1576.89736139629,-793.47283683477,3.03083108580846
1277.92384127616,-396.118397610941,2.9473423490126
1201.48214322749,-1376.47077600632,3.06565167497572
2810.28549835872,-62.6117716140831,3.13666342022892
1788.95969332609,-324.106702598247,3.00763444171743
3486.82526682636,-1730.24276148823,3.03030637790008
1311.59366163426,-1633.45679087851,2.91755147397094
3427.99253783003,-2114.81775183426,3.06317581052309
2834.60511793817,-959.121635897353,2.77171700376551
3395.19659350305,-1577.0182768565,2.95564745170513
3807.81582005563,-1756.16760594042,2.90383659175445
3479.54512679652,-1448.9677604937,2.89828087531969
3507.4173837047,-1919.2626088826,3.00023842243355
2840.31452415809,-1008.82042680802,2.92653494561774
3118.63445636054,-1685.3102797556,3.02179102633604
2038.26401795591,-1470.06237406971,3.02239721090414
2550.97759983084,-53.6533403594409,3.0707097793728
3126.48670728564,-161.966715273868,3.06928073455835
1766.22284070686,-1950.13965947281,2.98812864107652
3187.61649525872,-1910.89290611829,2.87958455882559
1364.18431144672,-1620.21457447457,2.89600943754623
1081.77425276624,-551.350185785831,3.05155397512024
3271.16629594631,-19.2164411652391,3.15362604411496
3369.38921417824,-1213.93897692427,2.98548723013467
1847.77212858884,-336.300427889192,3.29905317744198
1047.44027069054,-2164.88228119223,2.91303286579375
1045.51632070203,-480.933916266035,2.96247895358644
1214.87173155307,-1891.85785799741,2.95508972390435
3438.30956510958,-1257.15433177149,2.93527412239822
324.832074724805,-1911.0533411033,3.12243902403327
2994.95567949467,-1628.13619357477,3.07444336963385
4029.71883996142,-1793.80551798118,3.06643399637699
2493.45306430253,-696.077941822636,2.91147092640127
2627.55625112679,-1574.3617229753,3.05418992704544
2057.02628087959,-162.579187223546,3.05844574219368
1235.33325886059,-1694.75903860292,3.00199719498036
2759.18626589334,-136.800861185774,3.00266659125032
1719.599452036,-1964.97433537036,3.06112604166687
2551.37758861134,-1415.21440561525,3.04349911715693
2214.26151267817,-397.191161702235,3.0131975277636
1032.85107140029,-1268.48939686271,3.04004844950072
3488.63230068925,-1313.28484893018,2.98534511267551
3224.46667046715,-1406.18240651419,3.05977863156188
2716.0895284217,-1451.20079833601,2.91331312761345
1671.51096646497,-1366.44124811456,2.94461886649967
3888.58594121372,-1840.82454919578,2.89121368034511
2618.75975134629,-156.122952726285,3.05851977604949
308.371161343953,-2043.38586267048,3.05848730915229
3792.7206048916,-909.98307094787,2.82975160794753
1355.54185496869,-1465.03009104009,3.03110136981253
1267.75495682637,-1629.80000037016,2.96125489511862
578.792928103219,-442.670023760836,2.9866340738757
3393.22922350954,-1697.12686402207,2.87006525018923
1744.25884564547,-1806.78310227175,3.00657887526866
2867.04128044855,-1594.19112615512,3.03139464038343
340.58477328412,-975.760438193595,3.04619857296387
3350.86743054669,-905.803050076825,3.01041751030054
3256.23588861214,-311.318008508679,3.02257763135867
2258.76208296506,-471.898915916336,3.10278369519514
2465.62996307912,-781.486240530243,2.93906771760556
804.066626951231,-310.324346888331,2.98313444404622
1212.34033560029,-628.053592863637,2.93345417173786
1886.96206614011,-2111.31562342322,2.99869418665174
100.945251042957,-808.615563853511,3.06425040816319
1933.62778935592,-92.6711400461675,2.94597572413712
1612.48879172762,-180.729534256026,2.9697964663887
3368.47359089466,-584.465258387481,3.01587516214528
1154.8509778238,-620.485334715032,2.96237772539127
3286.45665543812,-1507.04941288078,3.0007735216554
281.767959652804,-751.400672890112,3.17993552315759
796.382892358299,-408.128095908858,2.90928491017076
1489.08476911052,-1953.90594588078,2.99817231521475
821.390256733654,-2204.02896733077,2.98869923746898
1760.15480437894,-728.552597226672,3.08099653116485
3601.32859077816,-1732.61289732186,3.0320643622276
625.478402861911,-58.9555743078576,3.09127231676253
844.149632564421,-1969.16258446991,2.97267522251931
1902.61287557586,-106.46824161718,3.01940830828822
2329.57824885608,-297.979066328846,3.04962137740211
810.338633865816,-1447.12955354328,2.97988224493472
3214.56285210893,-2126.33156284301,3.13318140837993
394.927288189715,-2098.72532473992,3.06221919363451
2565.26875339871,-2206.69934533715,3.12099704096771
4008.79348566795,-526.016708565719,2.97769071710409
331.279383635477,-139.702177570604,2.9231621253242
1737.30638272681,-1539.78575598328,3.086940075112
1485.31214490983,-428.824775509293,3.15356877222492
2168.41589986569,-448.004784524339,3.03424612168485
2392.13689417171,-1035.22539714503,2.97190902278793
194.434993154941,-959.319332689822,2.9529670932676
3640.1105747034,-360.934650455006,2.87693003992412
3980.10864109172,-1854.22503193448,2.95265828733746
2155.5728570282,-2086.34488262423,2.89816179037818
1528.53313529916,-1138.14305528455,3.04474699432727
414.647129388513,-1513.64355376299,2.9235542320134
4013.29722048829,-1696.58144450095,3.09644493390058
1859.13167705229,-1424.8195147005,2.98191747588519
1663.30542989304,-579.479341975993,2.93295314057896
432.130319131679,-1476.36169504519,2.97546622194218
2061.98785075992,-126.988397536458,3.05984895848825
2888.757402435,-1307.38271095405,2.96908258469139
808.918225587112,-148.836393792766,2.96319035172868
2161.58686699058,-539.961553297884,3.0608809939618
2675.96157880438,-493.248780665774,2.98915383173923
1459.82748270641,-1323.36670299718,2.99077178069479
3053.33244823471,-933.217322743001,3.03506294011417
3842.770540523,-1315.01784058213,3.04895825087687
3387.73527091982,-69.2561663380313,3.09768470027021
2566.71368543908,-606.98594829476,3.09198344243621
2404.20911778431,-410.532639738165,2.966513848701
2215.78006688948,-1340.36928593023,3.03016902592781
2637.66417344312,-40.0703384686399,3.127682126758
963.247230384121,-1059.9149596368,3.06356035146062
3662.88170528037,-2195.46860647167,3.30410909662194
76.6407506302934,-346.649914421324,2.97862895991649
2904.8553399915,-489.548646027314,3.08117352883488
3419.87440533585,-241.610679902862,3.06457813115643
3227.52496503475,-1095.14038516596,3.00461263476376
1508.21615677159,-1414.09579823974,3.03572439036248
3194.30192394581,-1592.5810809127,3.01158232597174
745.417252349344,-1965.6649797249,3.14248678354812
1710.70121434971,-1625.49150393359,2.966940461112
1290.52739615048,-991.661378380967,2.93260388540922
1915.01371392236,-651.917802187516,3.09653348979998
1272.67205482424,-1799.75811087678,2.96287499525815
3062.25690800065,-700.472911636691,3.09717115697507
2494.23373830792,-450.280176536131,3.12728490801784
1390.46936721769,-679.154164554496,3.03701510100478
1280.62397402803,-359.374897525812,2.99026445409451
1724.00891073596,-1808.05047519048,2.98352335227785
985.652509295765,-1750.88942363162,3.02430618349702
265.591663690108,-760.775590508441,3.08248532166885
1016.68756644064,-456.073011794487,3.03423839001613
3478.00973885705,-595.990141601309,3.02724635875913
3884.59140832243,-1489.2711013736,3.06772400367466
3915.04593171743,-258.339068564295,3.07901218939663
1053.4208805569,-31.3120710073352,2.99667987579749
1435.42601709129,-1927.12584583651,3.01719305487467
1839.0487142148,-2068.80788014431,3.06976107793848
3394.60624366543,-2206.58539221509,3.08119969066693
2869.69713510215,-1640.24312836042,3.08841087871516
1811.88005365897,-86.9435927934076,3.04765415747558
600.770500001763,-266.458565571444,3.04105490188838
3197.36285087245,-1545.44773546907,3.00825342484899
481.695661624568,-357.225456624143,3.15010911947285
2986.92631698586,-1296.25237822402,3.03961376775826
2288.76769747466,-165.04559189346,3.02330879523894
3598.33621988056,-337.519452040114,3.12726630016747
1366.43792548718,-1701.44685308029,3.0929427325657
2186.20215437331,-1570.19770664262,3.174793817608
683.458513720793,-941.455303719119,3.2116064060007
1725.17315030513,-1725.92332205771,3.12852878349091
676.6750155963,-1552.23763764038,3.12956564282136
3902.12625584207,-875.808324104559,3.14426821814671
1975.59455007576,-1487.45074072057,3.23068086371337
2652.12345178522,-2146.6719392576,3.04588926533561
1569.28079321523,-1720.34173925116,3.14815873341216
3250.76241594927,-182.605302038387,3.17156325021962
3874.20013475499,-1070.09530722298,3.09551211125422
1429.40568470681,-2181.33506324811,3.10667517999174
2885.94744366455,-168.226682086316,3.0278307637744
2462.383745268,-880.868679266833,3.01630770143862
717.37798558501,-1823.46809907302,3.16648543775687
3334.03441173801,-616.669477603541,3.06865540511237
3049.01767852588,-1326.46182878378,3.06682230576759
774.980483081869,-2035.27928407922,3.0982184241789
3300.91640104485,-1088.75043259518,3.03114123019577
760.505058267395,-487.132087734602,3.08259581640683
3557.79318117766,-1872.38488055657,3.10707408905063
3545.13603885203,-449.683612004573,3.17934876834151
3289.61193310774,-1033.33457389616,3.05639626617485
577.304764428996,-1933.18099380145,3.11556505825605
2571.00059814003,-244.022535292983,3.13107900176871
1770.58864911519,-1888.85021025838,3.03305021935685
1650.54162924683,-962.237704061465,3.0980830160639
2431.87431474048,-1955.50259300383,2.92674696130406
3253.32398244148,-1296.34001836677,3.17128405399445
83.8009146948058,-403.571147803523,2.98778112040354
1765.18095211366,-1496.81636360609,2.98880917245544
1826.80509243733,-190.393700041108,3.07553484887987
1835.89195418647,-1843.61477567457,3.0319918495635
3597.60304327668,-900.095483142888,2.93647874280612
4018.28598789341,-640.161873483283,3.0793512004242
1026.26965939251,-514.329977004239,3.11860944236068
2620.64142020874,-2212.01525239699,2.9473105242781
2604.62520138739,-223.554359682038,3.13678010713153
1510.1544920174,-1773.9991108757,3.10406597129845
3041.18242635967,-1857.84640957927,2.98711202428479
1997.4961423279,-524.534751748768,2.94786187461646
2497.64013912905,-875.472341321946,3.10099020937677
3123.66378091288,-742.638058616836,3.05283971528673
1466.29405508424,-842.420015029543,3.16060639293705
1176.54992204255,-1380.80515665874,3.13242925794384
1484.46744506388,-1463.82437811797,3.02860870692482
262.702526463961,-407.89826706561,3.08169071224976
1704.73608695254,-668.359362572058,3.12612403718771
565.834351526441,-1475.31079496128,3.04240806524314
770.630368778937,-899.347550119037,3.17613461870215
106.397802364607,-1437.20531965536,3.13109306956058
2950.6899763449,-153.898621234318,3.15197776909288
1993.20635177458,-1870.097978434,3.17844948282636
1902.82702361575,-235.384229561913,3.20086625287135
700.629099007875,-741.825026117012,3.10075781122476
2663.57471603111,-936.914450900426,3.14182157781422
3319.12594599544,-532.627124447002,3.07561288475961
1348.02403330457,-901.921279813642,3.10924396080402
2478.82988829411,-640.913936216099,3.11547337257905
2570.63744507423,-1625.28140787578,3.03805497465181
2367.22705503817,-1731.70556904901,3.12254030845539
1396.43323132649,-1608.37084864325,3.14268367317967
1275.00857304178,-329.369678944301,3.15944037161573
439.109002495754,-1573.82772590236,3.14571878141525
2269.73405636296,-1647.36413978471,3.12237981990528
2392.54594078812,-876.253804419506,3.06814139800921
3688.77410809786,-1733.51172193106,3.0933214749079
1426.17943401486,-2047.12732522601,3.03504099577214
3238.49671378426,-2017.22576539038,3.16869923174745
1223.69962914707,-1026.70868698002,3.28984709000382
2171.86360066257,-924.657718868319,3.18390315501043
651.824413382986,-1217.46364840457,3.20500671056906
2465.80630734233,-370.346915025594,3.03635900254371
1927.83632280098,-1559.47964960407,3.1952802399964
821.941231132357,-2004.54683335069,3.16502746144014
2676.70472703532,-1666.99173589401,3.14620443345432
2940.09358150967,-914.030677154629,3.08331638595019
2735.05046568932,-1710.59306503299,3.13841984457594
1926.38519791209,-1331.24430414861,3.05597685262819
2463.81983555066,-179.304760494671,3.0938585676092
2205.188387227,-452.717600529139,3.10557739030221
4036.48881047426,-1761.16238938949,3.13790099932995
2496.72402106957,-853.052081668635,3.16970589864726
260.744670195268,-809.782063447119,3.17976174963335
2566.64983759007,-917.615579398327,3.15851680614749
2676.58195275518,-673.690922528465,3.16325255574035
253.885275805224,-1468.7792352067,3.22624707716194
3775.37592739528,-650.442600298642,2.91489259270971
1605.32178622344,-300.314308020074,3.19030688639608
1619.95504058792,-2141.48196808192,3.17539904632983
1607.00632765038,-2219.30693515691,3.14276674738665
1486.75684009762,-379.490106889593,3.14655664554017
1760.61997667006,-281.456111754048,3.1201131707266
865.839903288924,-1326.7922835321,3.26908390382026
1825.42485598935,-40.2077152818257,3.15225277311871
1453.43669127126,-1237.83454380919,3.28150329198837
479.089571376749,-1840.10598920309,3.22773532879643
3667.43511671288,-2018.76993850786,3.10556141227905
398.281297970217,-1194.1914701119,3.17979374189204
3489.44472367431,-1342.66891128756,3.23277764256029
3790.22041067223,-489.689390615938,3.16673131086343
967.231502340336,-1428.4595163724,3.12414598990535
3371.08666258392,-298.581325670778,3.1964129021538
3755.81712720751,-1692.18883432375,3.3643380946791
3188.92128422674,-67.5341586847683,3.30794760810565
2253.21371788005,-786.505026536227,3.10574154449058
1398.60987086801,-713.454829012291,3.07376252696737
3655.23280191213,-178.453121610299,3.08019815129508
3570.57321300048,-1362.82467287998,3.13292624085537
1975.68309572354,-946.610843445087,3.22967374954794
3985.37768998126,-1137.48699079192,3.11986691227343
3102.66400560104,-924.570862114913,3.12206495738804
985.161166562617,-995.107758808918,3.29985507857302
774.07194209337,-1337.98570090354,3.16556937713931
1280.07605279488,-1102.19787880782,3.20040890888535
3028.30087979445,-1544.4942431915,3.12540259779475
2565.3317557851,-506.898715776164,3.16740398354738
1856.41687786978,-1956.06341225702,3.17352695963711
2194.1092593937,-795.443419718245,3.1449546492385
675.20736472567,-45.2238479528151,3.1485094607028
3954.58112626213,-918.117296220461,3.17434204793983
3835.18568634964,-463.33735032193,3.21859810015041
2998.74089476366,-662.636994660459,3.07928203607847
4058.98589461345,-625.862564472208,3.12506089729965
1975.53966033663,-14.7425996991819,3.18205434890617
3663.15451827211,-309.631001397971,3.07599963501196
2787.61289112334,-207.131602342996,3.23615567347139
2768.27305533017,-1873.15856798826,3.20030448123532
3933.44067158722,-1997.87619973065,3.25176518022143
1342.48352587965,-2011.7751533165,3.31589086349117
1087.88517410862,-367.913669008902,3.24097628839674
345.502676615396,-595.92999335132,3.17864226895959
1913.39450198203,-1795.49236042118,3.25070810050095
936.271421375782,-769.59803036692,3.1351141906067
2747.18241136008,-1451.29356343057,3.32901729991378
2736.16576097722,-337.170564655853,3.18616082155956
2086.70966620743,-1578.08965322172,3.23929823518376
4043.62646902505,-641.843674468641,3.04470569787791
3718.08214025289,-1739.93729469526,3.164102062089
2186.16606391239,-1670.66200472853,3.08882468903395
473.414246770342,-1400.93881845737,3.18857684942082
1087.54917543527,-2054.74458780369,3.16141762287941
3374.48596541613,-94.3865676033759,3.31191093934715
3468.52952240635,-1348.40305455955,3.13127373716305
3428.68010208744,-2175.80313655193,3.18824321392208
2744.12563798374,-597.907569689571,3.20377016446078
1701.1077377334,-1327.91455285417,3.12965417876488
3159.47213365139,-1936.31946822584,3.26882779278383
3387.36269783362,-468.447969592152,3.31292913201101
144.403259113496,-108.911670590998,3.4933340786955
2613.02424772926,-1977.93225246619,3.25975647886699
874.125744626254,-2087.92352634445,3.17045562414789
1165.15600731195,-896.374902170565,3.26438618671991
3481.6715985263,-897.147868487125,3.14722178325203
3196.99622791451,-828.639893761725,3.19899143227206
1099.12419966989,-1326.63636503075,3.2971327866101
3326.72905808579,-1837.39958481519,3.27184279222982
1961.32876758188,-50.8817813503609,3.07587018008322
2905.07691745611,-746.070045410116,3.21573736233327
309.852336594026,-1535.95461744506,3.34961025926252
1783.95812129839,-488.139217703628,3.24041340493565
1492.8345292455,-1788.41455664611,3.23478532218027
3946.60918318369,-848.056809435057,3.22857199794023
3807.18824020139,-11.1952365335408,3.24007614185168
3624.28120623586,-1564.77856865421,3.06127473338051
2442.06444278368,-2141.50218261404,3.29595947469963
2029.82858222846,-349.357834824503,3.33110334845235
3009.87111110724,-173.461147255206,3.22316179690383
318.812275429963,-99.7633412873339,3.26284587043107
546.898305704109,-1275.85814697316,3.33902110463105
997.789006562393,-1698.86874202602,3.24803482167237
2804.85702151642,-811.388086458697,3.16987019293113
2699.67497958778,-189.758418940197,3.22653243405277
867.808306136893,-292.604362161653,3.28543565827289
1457.34003138821,-1748.8701031108,3.26417072392484
3083.45541938677,-1858.30858039351,3.14654880941835
3550.67450824978,-1158.66094576331,3.38325985510425
2533.59256601894,-184.457966837621,3.20861383440668
4051.21245121207,-1620.83714740218,3.15767116392524
827.030151109248,-1917.33332919491,3.14760519890434
2639.0224067218,-897.020600737808,3.13003639521391
1038.32913976454,-1499.38182827788,3.25595508667091
865.514669883813,-259.749516536222,3.24346420706653
3685.25291089779,-2010.4639356577,3.27394972206497
3970.81278263679,-621.337346242756,3.24949623041039
3028.03728060702,-1842.20282935636,3.32348092876551
2794.2664080847,-2119.32345181179,3.33232188044499
3221.91475132637,-1827.14587957531,3.2924038114451
1074.02204562168,-1292.03051313779,3.34105959290621
1879.31998605426,-38.0931166724261,3.28077559807768
2512.38962573425,-4.93845512513438,3.28473912659986
1509.58793918711,-902.100934076197,3.33874566978649
300.663976020296,-1947.00616163067,3.40530525656159
2336.32811359073,-68.2785990429722,3.27863950366619
893.171778936491,-1981.20071474403,3.21153255074521
3431.87520501575,-985.356317783178,3.19474646865495
2184.55688297194,-2046.16742446074,3.24750100534777
3698.1438911272,-1880.36264188553,3.28935628615632
1478.03986845318,-1970.92301260253,3.17570078507578
2491.55302526888,-1486.12975363295,3.4519193794151
1987.80338617359,-1511.77748155407,3.23079003971498
875.455582874031,-1146.69430239642,3.39827320755962
3554.50801751288,-1341.38520346334,3.36959818042526
1092.22654882998,-1515.46700695155,3.44123143772821
2927.31327317135,-305.220120562248,3.2786566289091
131.915440481629,-391.166721173026,3.4144881713525
2398.45484356176,-284.814245897856,3.32165516408017
2180.46961676008,-1419.74484752239,3.28090697539459
110.594960111567,-1503.90343095675,3.27710763948001
3792.0816335565,-1029.23006883137,3.13230715954612
3954.47736180895,-877.590633717597,3.21925793833115
3301.43928136212,-913.717286393868,3.26801997459037
2349.13478326166,-715.20187286939,3.31365491787777
2360.02722171516,-1861.96244360715,3.21870821520964
2143.16493534826,-630.249048290301,3.25780537102579
76.7461017964642,-491.793356726726,3.33575493649021
3575.87950174839,-1190.99227346495,3.35406420505712
1901.11990611703,-66.4891824842657,3.30434178332507
3617.5572542416,-1513.38050794419,3.28018349523011
2049.91065757566,-354.172648545068,3.31780033846113
1354.60517924907,-1319.07105078844,3.35706431063092
2326.88889069086,-1808.65585243412,3.29784625656762
434.311563219478,-1365.43306814923,3.4144977182984
1472.51495454104,-901.912347574339,3.24528496016143
1134.44222373165,-1228.21277416855,3.3978115871924
3165.624254228,-1765.19623793807,3.36231439159112
3183.58065191298,-1871.51177656535,3.33238177198175
1043.39625003697,-712.230666118432,3.40269221478227
3192.48826548007,-1433.79606639057,3.3649381580983
2216.46721440971,-1686.30718069627,3.22632029669401
171.465312230817,-772.982476340619,3.34385803626509
2743.40832091526,-1641.7042833786,3.43645256406762
3258.68744380783,-69.6519806463509,3.23311443958485
1161.12217697296,-1146.99984826409,3.3935987614526
2926.82976993054,-744.793038002542,3.33619728695776
3240.84746437878,-798.611006147778,3.41070752470594
263.788746718194,-1352.51232998856,3.3841362450556
1779.1138519858,-2100.74547216596,3.22689956430189
2113.2593343384,-1137.45908661936,3.37657342543385
1984.81323809105,-1651.99689834954,3.38796260598748
3933.85405636122,-1450.21110039013,3.28947767842555
3908.91152265004,-1267.04874766629,3.35254398849844
1690.56323886553,-772.543013191727,3.33685879118097
3031.123760337,-187.855880547263,3.25987729151259
2167.40733188517,-1105.61997424611,3.36082602314899
2625.9907136234,-1621.11496915751,3.31858272199065
1989.28336563609,-2180.02386077428,3.34550833361817
432.234372552859,-1741.61340441609,3.50486246325888
747.76982131254,-1886.84820001529,3.3919796944393
1700.86970305924,-1476.83661309861,3.36404902314867
1153.40785061563,-1000.96716866752,3.36222947129266
1300.68103065342,-1047.25537486007,3.39892139600854
2426.65891709258,-650.962661212047,3.16459649118751
3417.42260342067,-1788.80065280366,3.49875931273614
2315.07211392036,-86.5997782433596,3.41911469695405
2086.48702667297,-250.734269261414,3.59947439112949
2640.19117675476,-678.267727728514,3.57170804918634
3380.87023789474,-1531.64815034526,3.36691782121253
2368.26891760157,-1679.44623747731,3.33816391475863
2786.34166411119,-883.156423294714,3.36243417592117
2921.30111432261,-2210.07662001871,3.3986579743237
1827.92778905885,-2001.18980894351,3.23674198546164
1473.25668927333,-872.550213131443,3.3002291960917
1791.65687970412,-682.604653891216,3.51253416969023
485.12994082691,-612.852461545686,3.34881585391144
3491.09760404157,-1207.59429199703,3.39467303263656
1956.69880025011,-1442.25053802559,3.52503685973546
523.074228285165,-195.392977579102,3.32434659997898
3663.0054809515,-2132.46184041331,3.45203444529138
295.736149413476,-344.506606255971,3.43197358819835
3688.9695711511,-614.883543245015,3.42075114580144
3167.44059053929,-680.087139223915,3.42114113565377
3430.91292590098,-1200.95621974466,3.51792067752654
2215.77534729065,-596.071853351122,3.35063579910615
2127.82736143021,-232.094451930602,3.52319026272426
2680.122191706,-102.292786451159,3.59859241829867
2178.98840004171,-3.64493017839933,3.56229509486616
3157.37811408085,-560.840130751528,3.45025799781923
177.309017211691,-47.2507312016351,3.50721742206255
3279.6784105316,-1549.4178340946,3.46835301689984
996.565324384847,-532.303034906941,3.55217385835148
3201.48511118735,-281.520623517489,3.53752630087247
941.319363348202,-2145.08707602982,3.56049568139612
2952.54928409068,-565.257210496456,3.55756259714488
1881.32863095807,-1342.2519803529,3.36804784039809
3578.08527657143,-542.040159364134,3.45083180219879
3634.55238637385,-1085.70873102985,3.58541100835694
3037.72389325872,-854.376386114348,3.57985389383542
1685.85381000314,-874.099699764984,3.56626016904122
327.631451230403,-679.340763685936,3.55530950947911
2822.73943842147,-2096.42416011754,3.64653670600977
3807.11720676259,-737.353756066548,3.54696507991153
2466.63793147081,-2016.43767648319,3.46815801605711
3727.21375811509,-614.052128237555,3.59248626347626
1811.950186201,-515.994203556805,3.39271869485196
3092.63061294492,-1454.13515866746,3.40525300834991
153.489473946695,-165.91934805869,3.55400729535551
2791.59879650702,-825.859833615549,3.42453753600066
3088.38811895331,-32.888609710025,3.62576560490577
2065.56941051605,-680.737500033755,3.50326042282399
667.75957708294,-1453.49692758205,3.50004281211503
2824.43234670549,-1095.81000791797,3.50030263856068
2346.74375594684,-122.530009410405,3.3458599721902
3633.86641927703,-2194.11410141171,3.42928318249473
3294.39656574904,-2135.16306726501,3.46186407515192
3181.85068979181,-100.896340055414,3.49573484220122
2384.89249977955,-161.591242312451,3.78484032454204
2286.96330937131,-563.952487456421,3.44835753016331
272.9450677222,-11.1499497763188,3.61080424048715
2349.59842842619,-1411.61084755475,3.69263343315995
3283.5604235916,-1759.03560812214,3.60092082669148
2563.46876739908,-2025.64969056334,3.59541369800061
2313.40090020755,-1964.06313101047,3.54224461227595
1253.31576094493,-1725.08167163755,3.47256231616534
1840.04423945672,-1361.03638357777,3.69459257744127
3841.43819454785,-1668.89848610047,3.59138708690354
3477.59624699797,-1029.59050582366,3.51964036404831
1876.2600432999,-1378.37970380942,3.61100215551608
3352.42480309925,-2198.71803693314,3.57216675519716
313.533883854958,-1335.74442654191,3.65692569462917
1945.15072028508,-610.378970998749,3.52058320720584
1487.64032002173,-170.17122937994,3.43367642324038
2993.00729619177,-1442.38573733757,3.6067253511114
4042.66867358973,-2057.64227027565,3.67166911777486
1309.30221171477,-455.047873848924,3.68575305385538
1682.00542210991,-2163.51451682994,3.57517376841635
1532.34706948865,-2126.03517885391,3.73987330190109
189.640069909167,-885.275059317272,3.41598517862377
2472.13460425979,-2117.47401188754,3.7325315931086
1782.7929311281,-786.55679029409,3.58926818303964
1838.79833367152,-604.389866091346,3.58069616175351
518.94030133814,-1554.24675040251,3.73268608999632
2731.19160773456,-276.5524757927,3.64449216872126
2355.64474557916,-394.159496348122,3.61131855978582
1280.27155562564,-155.589435284689,3.68880792380291
2823.82742653018,-1198.71031135666,3.36604260357136
2135.77012618126,-1291.96636770131,3.75245542312823
561.531063050346,-1910.17599868963,3.56709987029484
2053.66287009512,-1827.07902871957,3.65779413660473
2837.82196711745,-1582.42001905355,3.63348415035309
2964.26489440586,-2084.79334251457,3.68096741687423
1187.24889839396,-6.841788585851,3.65062383465556
2294.44977517552,-1087.93973484018,3.65311901633831
827.204176364363,-822.833082056151,3.74251545819223
2546.43844190268,-2156.25920454678,3.64666086021372
65.8801483538899,-1514.58102539091,3.70144534995617
3894.49891782513,-466.548094418597,3.74973021368958
2837.24571997802,-709.286222480029,3.75078689926603
3724.06264960934,-684.81643238051,3.76606312949128
1216.65010819155,-197.916402392865,3.6903202674514
99.8627018648459,-1324.16598404539,3.74776690065501
998.84351097458,-1161.13860721991,3.69130874977342
2382.05816647354,-1353.46594987705,3.72512513756858
3256.29268185873,-1131.73870267598,3.75954587337078
2999.37713013029,-1676.97396977383,3.83724836746983
2283.46482187993,-297.643391486752,3.81356596377438
1002.58102183787,-897.002397959669,3.90891665637515
1512.83464470833,-1731.53093464117,3.78883961189645
3131.21142727248,-1995.53673496799,3.83075027727371
3728.67313068129,-296.9830566187,3.96971842326811
318.840744709,-1730.83520282916,3.96440864028184
1867.78059896669,-2000.18189366247,3.91118453022313
550.23043166587,-851.375835666261,3.89139002670739
371.311554929667,6.19436838356114,3.95689891960611
571.225882304193,-162.653814801799,3.85895629229597
3059.61608235689,-759.259237051246,3.88380129176559
2704.55237685997,-2039.21938103678,3.99168928998731
165.282949096541,-305.363458070405,3.95812143631474
1362.97674989414,-1041.04085866469,3.80469695705742
1597.486917245,-1325.97046335469,3.87609968062308
353.385616830598,-761.839151630584,3.73502134902391
3751.70795584846,-1027.03642868834,3.85765823752274
2870.09400463665,-10.6570796365307,3.93792226226771
519.537856156621,-120.807210906416,3.81346484248816
2423.13033868628,-1007.46402771922,3.82324411552328
3345.96690779724,-1359.40395084404,3.85595580636768
2809.84534357173,-388.545127382704,3.8312050048718
259.298945268349,-696.116271172905,3.95616466687812
3778.97771752298,-1517.16875638083,3.91843251940139
2459.63403720142,-312.77337801802,3.91492615646486
1091.0515294885,-235.71393013,3.890222448198
3015.39092593966,-295.696425993234,4.06360043656693
1944.76073919905,-219.160459285599,4.00732006273603
856.551846726035,-548.052134294671,3.97507935642603
961.608725390986,-270.65295860661,4.02766161039699
99.4395963654707,-1097.85012809037,3.8715811749208
746.702311414112,-1135.01192681061,3.99915750639176
3274.15455762108,-188.177541404367,3.93344573350073
2982.79695040608,-21.8841551497421,3.98804594803232
97.3087812262703,-320.709891275365,4.14479498986989
1143.05176426831,-2216.59092404627,3.97702397546162
3263.15421956097,-886.025491696306,3.79942035143714
2600.37039186297,-439.888680685217,4.0604364813184
4001.18257464933,-1314.16823815211,4.04564781721898
993.422031154238,-1882.39075568419,3.92593802015699
2238.61097461388,-1978.00275400871,3.94332855953086
3310.58360871652,-1905.70627025371,3.97989454252699
1759.14620473759,-862.102112231143,4.17054129816554
2944.36467449056,-972.234957176348,3.94984682370461
1572.62621910895,-1083.11569279415,3.99921692429525
3310.41062819111,-246.394002564494,4.28329891329174
286.271172253257,-544.682740795486,4.27625522226982
3087.78534354275,-1946.7095303614,4.18392629903861
199.301592145663,-397.215270883388,4.31692128993077
831.30627874056,-1350.17012133035,4.22603640855782
3762.63148823125,-1430.75870991297,4.13157775144086
1256.26517950756,-1528.68170106938,4.17315370784706
2735.12954868154,-1964.76388298864,4.19180324230037
2442.95574839003,-236.046776612286,4.13805146950367
3458.56563422777,-26.0977311130744,4.22323568635868
1236.13471173723,-812.014758000701,4.26929819334795
2586.8920163771,-737.151315085048,4.30446438388949
404.154851533558,-102.566636914888,4.33710924825447
2339.70339001383,-1816.85028257497,4.40201097311031
138.787807879389,-1178.0941470531,4.3375952756755
2533.72155032529,-1930.05028393164,4.28702916073853
456.719822754798,-895.819473536593,4.35072015209221
2105.52411686397,-25.1365656676932,4.37138354015448
1260.8700787157,-2157.42418002817,4.23681516506694
3044.67883109663,-833.924653552193,4.35281546672859
2288.9745008215,-353.127694794911,4.42634529868043
1827.11619274655,-2152.77458715963,4.22545864545938
3444.284789257,-1656.97903451455,4.44488870218615
2488.53067375025,-1325.88416502768,4.41079561602456
2335.9700941118,-673.512283187091,4.48361802922982
3337.25668261617,-678.594288146616,4.49865900949759
196.339268847398,-1262.51814402581,4.43544450594339
1727.77054716757,-1365.7443220558,4.52044714326895
3954.61459633996,-1399.55104507509,4.309361731738
855.850502119397,-1099.48779809022,4.76300395262599
3041.32073021843,-2084.36010265263,4.59657007646291
2057.89899610082,-1394.00831142388,4.17624952873229
2925.1248319156,-2039.08737583974,4.57993749932725
3132.10448450376,-1086.17218551303,4.72948498503778
527.126407886237,-543.349312120331,4.88973403427721
2574.69572280719,-1612.97283438829,4.78754249647919
2980.6390542933,-2162.24417783143,4.32408644518605
2910.83237692621,-432.798898927029,4.92490646907227
3612.97664497508,-284.64908590045,4.73590155487107
1124.67757382631,-1432.29675898066,4.84113621449816
1556.44946315686,-667.898836096993,4.55167280417317
550.721156905661,-1204.92970477805,4.56282911475174
448.960533460435,-1291.73846145208,4.66857555874735
2175.9227571971,-1869.58148619566,4.85597759653116
2670.28879630079,-2109.94542878291,4.74255203361337
1357.8478103774,-645.940542131198,4.94533418113162
505.062377693993,-2078.12177177427,4.87484696466282
2967.00420109113,-1956.49323260935,5.15032589413459
1932.76428954547,-2186.84074310663,4.85620457919849
1125.2565551047,-1977.05174263016,5.0965420934717
3211.68218968962,-1256.58968008422,4.72999712334349
1691.25765716754,-494.389868778707,5.03235298075186
189.749491464662,-667.535100017927,5.19075269745587
2990.82792820719,-1186.31537258066,5.23989610141343
2892.28279850589,-231.51923935055,5.1010620579733
3450.22960399861,-1330.91847209712,5.37851444811204
3294.31422407622,-472.489924408632,5.19042592318434
1539.48081111784,-1001.44899773945,5.21281397410664
755.00130509947,-327.073348174409,5.42558243034458
701.507872921192,-1661.05414377081,5.43823118493637
1404.13766200165,-1182.75130555848,5.42502614952982
603.476486443328,-1023.51848946664,5.67159138788711
3644.56689404825,-2101.087608159,5.79014697590855
2622.51406430732,-1074.1268720646,6.10584455343824
3382.80114277816,-215.909617484312,2.91176238853622
3215.90190591032,-112.335888940374,3.01600795654438
2713.49959311212,-647.4741594652,2.88166491490106
502.155464946593,-1902.41823522281,2.98208869735424
2087.97198216239,-2159.91257052711,3.00288980975134
3554.29277472568,-87.6705182376817,2.84210065664119
441.883461729841,-745.290949108536,2.9333275294319
1658.750854653,-445.494068456074,2.95977529534284
2350.4352045258,-2055.79705950815,2.90341525038035
2986.65777477252,-2034.67023923543,3.06455022521243
2669.72162524392,-927.857713455814,2.98253013117764
384.834980677057,-487.37841396494,2.93260059336164
2642.40771307893,-333.932918488439,3.40682916790487
1808.32318187359,-729.798287701691,2.76286667820905
1586.98051707447,-2064.92642764965,2.85070147340983
2637.99712498107,-363.741120748355,2.98082270600444
183.11716938928,-620.426935653419,2.92615866168459
1726.86818774571,-969.272155982565,2.91208653859126
3085.29140931949,-1083.48149600521,3.07856361862723
2458.70455654102,-155.57462501325,2.99755503782661
2177.98355220698,-1318.17738790075,3.00479556463554
3675.30355726034,-121.705684365248,2.67550265771688
2213.77231135774,-48.4961346556771,2.9154279738228
1706.0935048602,-842.77994529494,2.88528808913363
565.903611311115,-1495.0199755179,2.99500333542049
628.592658803911,-1423.74526993671,3.16003875983193
2683.9062631084,-31.9929233141724,3.05055376571817
3180.11973235854,-1605.61494282072,2.97301751819791
1216.65085976772,-1933.14928912191,3.01611506680817
3742.1531801586,-1732.78433273631,3.16208178630061
503.969205810572,-2157.64041797746,2.84983884900109
1439.4924410684,-1775.8638618528,2.61172556508836
908.203866486539,-200.55149459208,3.06593618264562
1130.4026794629,-292.157789121903,3.20337258302062
2269.36235152745,-495.34584679424,2.86160164146383
3261.58060063446,-362.557709497454,3.04232384890542
2384.18569409299,-306.175785003944,2.6968680552831
1496.65613583127,-1002.51998591645,2.97172832786272
581.357698904482,-215.447707507497,2.80067339517498
1616.62545363046,-1085.3064335177,2.85770807731349
1527.22010372877,-505.971379803325,3.09304650279077
406.610925562812,-1036.7360498669,3.0584282081827
860.137263239678,-425.819963251858,3.04754961923173
1803.15864101894,-205.58483544298,2.99257877758127
1424.74066857318,-80.6107111760433,2.9217750027803
1602.19803527574,-597.671454099635,2.80061921451081
3888.93419563111,-1305.46026180913,2.94756286199735
3430.7871913044,-251.05723820419,2.88618852299218
951.351717304902,-440.584453058167,3.03232008959276
3433.97373302081,-293.290704427571,3.10038906835151
2413.9533571388,-693.279517933777,2.9923183340294
2881.90425840187,-472.948639172481,2.76049775268623
816.08828589366,-578.31986627898,2.92619049150189
589.169156078829,-1507.49366670596,2.93810269588682
1461.33844071065,-1712.39936328564,2.97074551057796
3430.22777998303,-820.567890503915,2.8613973373911
1120.6112025223,-966.962512552971,2.80025713703534
4019.62962921453,-65.5310013724251,2.98459701907941
2314.97169995986,-992.331307606865,3.08521213465465
3537.72182981348,-364.304387073567,2.92951030465225
1389.94960265096,-98.8953612794182,3.00954571690546
3394.26810278469,-1964.3929071715,2.89653502347894
906.962007381662,-1528.71170041356,3.00906865338289
2014.13444697288,-466.417466317404,3.10052623619744
3179.92900945065,-293.432241225278,2.94269309093846
3509.96319865703,-528.894169956151,3.04860838661164
246.058270329389,-106.009488910867,3.228063223268
1034.01156826513,-123.706680864797,2.90666389094871
344.936759469572,-523.529477567007,2.93133704015866
3090.38739537283,-1796.12366781315,3.15781911469985
3906.12741683558,-12.4653747836895,2.89866342579145
828.649470169254,-375.007288333887,3.13314208112647
3139.13983214913,-507.746063471056,2.95514031415248
3729.87333884682,-325.830509794783,2.98073002079676
1318.92514525972,-384.592431567484,3.05958106822681
431.908852856818,-1872.76094024927,2.9450106033627
2276.70251737095,-706.12968471821,2.75861641981553
4005.67587307225,-101.053637105457,2.82401476069085
2083.5790851639,-360.582875603661,2.71702801394202
2110.35133485323,-279.445055253497,2.55206131299918
3532.02911713756,-879.68862172461,2.86284999538269
687.831868294147,-83.5127671952499,2.85526997879226
1149.38748137641,-1448.95209774423,3.00941787705744
2799.93480842684,-574.305533007347,3.00135499099066
3610.55109899284,-626.94208167657,2.94503172144893
1632.0289789811,-2135.6800065879,3.05084413882656
3157.94787641253,-299.988816160497,2.99640195451376
668.80203824346,-449.526089912167,2.82968938837217
3356.23307345371,-536.895938111076,3.11057032210067
2160.14985481118,-565.568189133735,2.89249329707554
3045.13883428712,-1643.69472615249,3.20934776147735
2029.3815739136,-74.4674726915116,2.96787916598894
1287.86531001684,-2107.82692781047,3.20606137617727
2766.51928803428,-1941.07203683564,3.0673040632745
2743.26837228795,-1839.33425744086,2.79585675128132
3575.36563378336,-1896.78916451413,3.06318592961988
4069.46583732747,-396.485795221167,2.7512512333755
2590.14675329412,-30.9376026004331,2.74288367176042
489.210976829269,-1471.87162968463,2.82029217776583
2451.87707308797,-198.621951291043,3.0514553890168
1116.83535721317,-219.171368630036,2.66811776313291
2198.37110085786,-1653.4055525856,2.8623967392178
2039.6613967083,-274.600860682247,2.88244138837543
3122.63477669466,-441.061415017806,2.88676019425556
1918.08630502339,-419.579212184811,3.1326776051595
1446.62896757465,-112.91464546716,3.21518985070359
1313.91701758561,-1413.31177061,2.97994810196131
3211.83687992627,-412.275130547757,3.01584239452869
2013.28217682659,-1692.97415837463,2.99194292549584
2329.62346321818,-2212.01009995074,3.0181109439154
3113.55926267027,-2200.97868134672,2.99907704146628
728.370184233834,-1026.33863493747,2.96350248114407
2976.75978118821,-334.192268870776,2.83680059054481
3529.99175593933,-1669.50548074649,3.03253196947668
985.040737126105,-41.32061164769,2.9516198826499
348.94366411102,-1453.1660299883,3.24003661703145
1495.35668915733,-1216.6715825677,3.00360788553828
3352.69654460143,-1881.80315825399,2.90634257251474
1132.03057566398,-55.6043943520195,2.7824812557235
1206.49152140938,-1081.06409788324,3.08585389711526
182.417012813533,-247.796410064132,2.77848098069797
1334.27900754285,-1652.72707869152,3.07482378805045
401.04268632365,-66.7746845331459,3.0231457798912
1547.51360578347,-237.378005557461,3.65059440206352
1199.10590974239,-99.6924874673723,3.02008721688165
2394.29223406209,-561.958982069898,2.94662970473359
846.79113219829,-187.862371866854,3.13400622521858
2484.9389818111,-359.199445260812,2.98060997413533
1570.50976217019,-198.252636901759,3.02243207383483
244.773529109634,-1728.28331177661,2.87810784239799
2028.34607777708,-2205.88925491137,2.96358481734419
578.43322549587,-947.10371007688,2.89612553938967
189.604843453382,-1644.45588169867,2.87810622115586
1306.21878073822,-2126.89357180214,3.43894763523264
1157.97231018994,-170.023363557763,2.82385347028894
1782.12177780598,-1926.61549220675,3.22127220598149
3273.97678377236,-478.57818828787,3.1373360341105
976.872045995446,-1547.42356392009,3.13296527101714
696.96607709415,-822.119018326681,2.92035236421794
1513.72988296107,-399.848219750494,2.6138996961588
2997.3819420238,-1742.73169694628,2.96409374343238
351.909574587854,-266.415482257984,2.79082872345321
2273.80492659913,-182.182755981008,2.89736348715825
2996.21570352232,-79.5718064079278,2.95921079424852
1411.93767379409,-222.5001224772,3.03025572030562
3436.99819293174,-852.537715742831,2.91850734411174
1184.28110176017,-507.64803251196,3.11109405846404
304.705917561331,-21.0391454087835,3.04260567931865
1066.44742605711,-51.2892762335081,2.79295936728794
3308.35261909904,-468.400063174853,3.15480451421366
1860.97092438262,-17.429247427675,3.06180757825378
3336.1849903648,-639.395217496939,2.97187137007749
337.978854774593,-1588.73122249114,3.14955924255016
2419.08074922921,-56.2449940159096,3.28598541231173
1118.44364736159,-2186.0637238817,3.03383538976087
1215.89408852928,-430.037741707292,3.05820828692622
3120.5631437946,-1706.99486569598,2.91943888446608
3336.03295216715,-880.90879476376,2.9970351865996
3099.29159611505,-2108.59098972889,2.97576240125526
956.204209714569,-2125.36575356274,3.00214995331094
3501.26103246707,-905.871481572742,3.031858431717
547.119412534242,-2124.747945503,2.93347250344721
2510.19779182618,-440.176786607847,2.98939653452379
3893.31970636367,-368.035657942694,3.04926132165336
3447.67113341541,-469.134360944888,2.8880354903424
3680.88464303297,-493.270830590505,3.09657209452267
3711.11283340813,-2007.18336571147,3.08178454992278
2965.24987775217,-1378.72523149088,3.00171877375253
1096.35746780469,-108.252615254197,3.27602405270348
2497.53972364082,-1930.57288849476,2.99990534417948
900.194682061188,-97.5146199163744,3.13842447906797
531.2657943224,-133.249306417345,3.09146811501539
2837.96437696497,-551.744009480988,3.07427667798242
2088.4577817995,-1958.41894078409,2.96776119954356
2604.13741401891,-1950.72557647303,3.04918125705789
160.928035435367,-1530.11149803703,2.73078890642457
625.182040406071,-1400.96698217306,2.95386319611888
365.827747011623,-128.226024089098,2.87811988386478
291.13689067216,-711.560391280992,2.89014335664392
1252.63313519191,-1498.97936393238,2.91896276785713
3040.65953044388,-1955.19996415375,2.95557448865868
1666.06286678439,-147.388538358621,3.00610980805309
1654.19003666538,-61.8890263987755,2.90370386025986
1106.96648247985,-1594.61858535188,3.06988105971111
877.838006120581,-106.641366891301,3.09742362101727
235.458964270739,-1793.5936879666,3.01171882826874
79.5879931880607,-62.8561978047609,3.24040714577701
3672.07367388874,-1438.80668794931,3.03714009013639
540.833748986017,-376.238686841678,2.9846173417462
2957.28187691796,-103.334390695755,2.98259195218868
611.224781265513,-429.166126027327,2.87867426823169
2827.6986366829,-8.0444693225951,2.79110991434801
1277.98489628844,-1942.69799898398,3.22057105423651
3870.57287538137,-290.256356853405,2.9907524234914
2153.70264681115,-1590.00284215084,3.2238718612749
72.952661508616,-2103.24930305786,3.03814343066852
857.858859132548,-1515.75129768293,3.12441938613661
909.389878321436,-82.8618309373271,3.0089071229991
3178.70349215906,-460.251876172107,3.02504872832891
1701.24243746002,-102.654628990588,3.04892524073446
102.982124545875,-371.452717338601,2.94521553114505
1785.40869122654,-1131.19235526806,3.06119503675675
1976.82489663236,-453.342026642124,3.06713145526567
3269.36573678309,-377.045527552668,2.98317772975915
1319.06096619893,-227.018469375423,3.37892866395354
735.116678606032,-1188.93951433569,2.90993389622071
1282.13083100883,-101.528441415172,2.84173243852022
3286.07543072669,-866.430273845066,2.99682602610882
1217.98719151679,-1552.51458089485,2.95455918299681
363.752596070401,-883.430783569569,2.9907328829518
662.092841379486,-898.174248736292,2.9203437528111
586.848426081301,-1603.23876402662,2.97938426557546
3711.59248071406,-1673.63996098983,3.02765937401662
2419.21493052259,-232.832202102408,2.90978744949642
2804.84768158356,-1962.768501686,3.03375211987111
1717.78900742108,-1916.64032008993,3.11947807226792
2319.05007809527,-155.674709615947,2.84183020515569
1272.72278469205,-202.226960743074,2.99010076066726
2178.25002288441,-217.237136519024,2.91397534021856
3186.86048760368,-664.446337952869,3.11448444448514
1929.67883550154,-107.123445583014,3.06671476248442
3712.86141199477,-258.715553751844,3.0382757767593
3753.78521584619,-163.731755751677,2.99925100344546
1580.74160916324,-257.004337802323,3.12805617013228
1032.28391993537,-1619.13130849162,3.15171719407701
1049.89994730033,-1574.71964073229,3.01662085870829
3696.03558411267,-27.2500725327805,2.99933725739647
2760.71939044898,-38.6203581846267,2.93775939183605
1384.81179073266,-142.507448637436,2.99287912346197
3106.54185553676,-1976.11719037417,3.12243986746466
1012.37872791106,-1024.14110115593,3.05524637869809
1925.63536178591,-476.309619387858,2.98168151011073
3343.74696123873,-1788.78084791866,3.43663875997621
397.859275894931,-233.81558942544,2.90102259161735
2240.46316520574,-1762.5262524591,3.12021997755951
2551.88446255798,-2139.95186171318,3.1342342081023
1415.71479511059,-1973.21916150202,3.02657514226091
508.788297721427,-1751.3272394415,3.36360301741744
348.215245190194,-274.680107691163,3.0356490048507
1802.30550991438,-1646.21839609502,3.13987724377846
1901.78566503478,-2179.66530952561,3.2065163739816
511.77450579338,-501.045919368216,3.21184642059922
652.327280696706,-430.741125529595,3.08070535400824
869.594748175611,-419.643380903116,3.12323827468928
1054.9495367922,-349.458307598514,3.20905749732565
1362.93156313997,-148.711467227977,3.34454985922512
2020.16629238349,-519.267430662962,3.09219218717276
476.089093051353,-146.524365291703,3.12406185724584
998.166379582613,-251.491691310669,3.2107033299516
1823.09924358695,-136.457404649311,3.12975339225222
1636.57549539029,-300.73257733096,3.06676887554252
1979.97252662788,-1410.74767083099,3.16496034895693
2612.32418824547,-314.995563426831,3.16299627142025
1638.55374681043,-1019.96971880228,3.30625670548686
3608.77804653692,-744.618949403402,3.18471060346285
3981.48997468098,-540.31719089028,3.16971061197522
3325.64841284173,-1712.5243108408,3.29402858563245
1314.00763288637,-1604.23934023318,3.26898564595818
1943.2412248453,-1495.0584188744,3.37845917366349
3625.94054687233,-934.653629143587,3.31768894903796
1989.90178070442,-557.248251579524,3.29937319957631
3560.53792442832,-1626.40062369149,3.41359125377389
3000.33786560381,-1647.05978877912,3.42981329377419
1183.0818946426,-1906.4814473061,3.08895586164772
2895.4024687327,-1356.37035957475,3.23367985794252
2600.22340331581,-162.706611727858,3.20967035958293
630.015350738737,-281.190633496319,3.45734309756684
2407.95031138221,-2209.97061816768,3.44420720479
3687.95599367786,-521.691394960907,3.49246225818616
1937.85676219827,-766.201205509096,3.58049041303938
683.126146095053,-1880.66831067417,3.32735083975263
1831.80326797098,-272.591613336555,3.49549547067752
1692.78385476629,-187.520616266044,3.18803322836864
2796.34912200762,-1380.34358653363,3.46290658455245
2419.26556738034,-2203.16801669364,3.51336271718294
3346.75185084707,-1736.86175437337,3.66710757675718
2526.05559437419,-769.387617736548,3.26485415348253
2815.55722476857,-165.700986188546,3.45359969295951
1885.58887761698,-547.374320298499,3.42517319600141
813.983047527155,-328.428750364062,3.32057323021457
2322.50032216428,-1503.06481814919,3.45362431079027
1512.48886446986,-342.072676395944,3.38520561793498
1449.43272547677,-371.883988641949,3.82476050487268
2566.57475026937,-174.697161305932,3.33398790436485
2965.45849604839,-1471.89533252913,3.55869583858613
1482.67097599067,-318.039884078102,3.61577532133065
1452.69864952399,-267.345490860192,3.64915688555458
309.908592582696,-2205.92298977352,3.75560850685975
1319.6991062779,-1511.77104813338,3.83641168707645
521.045993563338,-307.727922466632,3.68286873256695
1918.33926543316,-175.530144474811,3.74244253458571
1393.03545315268,-343.933810907707,3.81545199637006
1592.6479852156,-1692.46819592183,3.72514227367173
2037.92028699045,-210.276279417389,3.61927934387809
3008.5922820705,-1834.07286950131,3.90753102357896
446.58494248772,-347.098507122613,3.87276918644252
1941.31704646469,-494.017413942081,3.7906434613933
1318.46040895888,-183.314252040566,3.79132165199417
1089.96337520345,-2121.54783912324,3.91096207523209
3435.70560147537,-1831.6163448119,4.07405735502411
1168.73711190466,-1513.01368026348,4.16475195195286
362.013909704553,-206.813231923676,3.74814637164557
1537.11062414041,-59.1094160993951,3.94004135821875
434.522488262668,-158.242615307232,3.91115261271852
1034.93595786244,-65.9134204646859,3.67383393190967
1538.1751846709,-1687.81345949739,3.94511456272125
651.946751399629,-184.381013974985,3.89095341556528
2316.49140453546,-518.833125699112,4.07060377979367
952.890267654302,-24.5442237906825,4.03794897352938
2391.08534053499,-1625.06023821837,4.02857413427543
976.194583921876,-65.5263578344343,3.96605367883983
3441.3754203574,-1584.96405602812,4.34323951089733
3886.50310630889,-211.052018166512,3.95943811129789
2752.02926589352,-418.555268800334,4.16814975237417
1872.98129266498,-1629.74686587755,3.9185686132602
625.135982481583,-596.171105895447,4.19119654360521
1310.34683179911,-120.702774002445,3.97802767770318
2969.8138276102,-1943.94756629463,4.24223933412178
3508.9421046697,-476.192455440949,4.18391367421186
1442.40366376579,-1451.1700556167,4.4964291808921
2765.82705201163,-269.756485320821,4.34852696926945
3970.18478139808,-434.17823975799,4.38322496632887
294.049359033583,-1861.07138908115,4.43182906373798
2237.68945393512,-535.54453670974,4.39741949878264
2290.43509628039,-435.778462786694,4.4133897460786
2596.44226463065,-580.445614317245,4.5893972453916
1085.27232859161,-697.730308516762,4.38929265204154
3414.92662112481,-565.592635208028,4.86447569989969
1510.21069269139,-513.047729781881,4.98961374392915
3657.76303673413,-1609.91256735796,5.29211447304588
1702.57875197467,-76.8120695799701,5.26243817510824
2869.93648680867,-448.465166823841,5.43656015837163
3228.21220229122,-283.162219326168,5.47386943213886
1837.49385918916,-1250.90473004836,3.08273141902103
3081.74198565338,-1046.69950446731,2.93007190544191
2805.50714916269,-1259.4429896304,2.98619469047354
487.77885288341,-1787.64398287762,2.98593181387351
1678.98738871098,-494.48761731809,2.85781836595057
696.593421970783,-1702.35309472562,3.2733018778386
3309.21507655197,-2166.77425186884,3.15126636514993
1312.16224032512,-641.972754541374,3.23649944271504
3350.70470665695,-726.229231134382,3.37542089881912
4011.24276679809,-79.0573141320105,3.54058253031464
3364.3573178682,-702.25170724247,3.17965624135173
2583.795033635,-1676.70667993223,3.38485631872741
742.542642170612,-329.386847684127,3.43661937853954
702.294183449558,-2061.07325104662,3.7061844687245
2311.82610484212,-1549.71722384183,3.74767397537135
1640.04804747778,-2103.71613796996,3.59123137347742
1495.53755052228,-1518.42847827248,3.65616627307244
780.003507965292,-1941.39236508639,3.77795416589019
1665.48331931856,-733.703040191646,3.78561229947733
1678.27768290863,-2027.28396378755,3.74788446372384
1713.68072526133,-531.98078314862,3.56039507456842
1260.24390332569,-1419.3109498378,3.82530298912186
1689.63579787609,-1188.95993106846,4.00140384369056
522.169437404811,-2192.21367912386,3.9720249343532
3779.63473042002,-907.73371474738,3.92260727986846
3915.08474335788,-1175.38186489467,3.97643095728806
1644.64081635659,-2076.16774856482,3.9449144043103
1131.5406115716,-2157.13606725874,4.10839116350943
2281.9669354497,-2200.01425148207,4.14593969274063
2736.01844284228,-2086.00215469321,3.90524640618837
3820.54821487374,-1085.19097308861,4.34009878911108
3713.47307224544,-1553.39820350816,4.18016613921514
2604.05349702312,-1740.97031678375,4.65430930100564
3897.36668165461,-1020.23847350785,4.42227897715629
1871.8437728669,-900.677170661023,4.50322879771043
416.673273521469,-94.2114447316415,4.19720280352827
3918.32451801247,-299.159942956464,4.79269895795906
105.854651029734,-529.054505315133,4.69807136899763
2104.70593090515,-1026.35259613211,4.91641314779605
2269.91067817005,-1716.12907701286,4.63506688425381
2028.00219114156,-879.931999125164,5.30078349960297
2311.8379808055,-876.297447042916,5.26790146962299
249.343256531978,-210.092682587186,3.1655142364024
3666.76780038363,-1532.75157586575,2.98648984515745
3046.41005320164,-1464.64840553058,2.87275414317058
3115.4973356854,-1359.46067218065,3.01376507030784
3948.68250974328,-1348.17471792078,2.78001411525109
3958.05596982522,-1448.78945909222,3.06720117896333
2906.82502205524,-913.643248871926,3.03625451513242
3696.19898674118,-54.7084450378811,2.89469222184911
2141.26334191132,-402.284579914922,2.81982309987059
1599.19835759323,-961.240529312301,2.94663420583497
1554.20661940439,-1483.48372659443,3.03491228715503
215.193146979447,-1950.14179428135,2.97221723328793
3308.66484853392,-375.22477531239,2.80849326245489
3775.68997469012,-166.641244175201,2.84055928355526
620.35781023739,-1201.97827431446,3.07233496042749
2372.43758773607,-1159.99447795895,2.91875764915362
2643.34905409332,-1516.68318396536,2.65787422542845
3336.98735089875,-98.3632587215372,3.05704722160588
1585.58985273322,-1593.94420064891,2.7877412833058
3028.35661446707,-1264.6157649271,2.76843984152071
2033.84063584252,-1140.22244636754,3.32446518459388
3483.87537334574,-2171.43104493859,3.08368334264096
1698.2701646348,-1420.91298034496,2.60506443529337
1199.30891852296,-2128.17034218061,2.78415305884914
936.251557600407,-2097.81020664024,3.20049666281181
2520.04614798262,-882.649408323201,2.85330498602773
2928.77058947598,-318.184482648631,2.81088312979577
3880.11182680557,-1113.26972065879,3.0260694405284
3953.28323742998,-2098.42572381,2.96034739405555
1489.99191738951,-814.352194101756,3.05356225805608
3518.8945735984,-1937.17688470492,3.13073681379446
1030.84068064711,-674.636092426354,3.01278341778665
3828.59928264359,-163.369566287623,2.7822482254648
1226.17853988254,-1608.96841637648,3.06182397741218
1766.40785450305,-1990.50825662025,2.81196614808858
2946.48367323165,-40.8408155245543,3.11864936831486
834.687372641134,-805.646680795891,2.99388163625992
1166.08759547297,-1810.86049883954,2.96662115734966
895.266062077683,-704.245046154291,2.93854854041366
1658.96176788108,-1993.04641789319,3.00708031345389
1298.55187563429,-2033.85805217512,2.99278080983421
622.656701746084,-1783.02925119606,3.11780918670068
1820.57453916102,-1051.44070462834,2.76335337474529
1620.11161952426,-1746.62545549245,2.77143187399764
1172.06141893044,-314.502055143754,2.76324097778547
1124.80416398089,-1714.22191116627,2.59356398391765
1150.22781439663,-1621.13342861992,3.01338508583209
1487.64641050928,-504.781910034478,3.09997328406019
178.38661362952,-2139.07107481588,3.22361617852686
2800.15517238743,-44.0243179446686,2.86066753749454
3138.85561451823,-1772.52335693955,3.04502497703792
3112.39198744491,-1881.78838444134,3.53895510162134
3417.05845318058,-310.230692123734,3.00348811178562
3889.66278799598,-1795.87281828043,2.69983456807968
1174.46527094321,-74.3801312095015,3.28310950197662
2413.98477604363,-1536.16540426503,3.19395058837963
2937.5085199022,-1647.24312533685,3.07768904785587
3831.16739992963,-1376.92488709582,2.98997101256403
2265.74722609069,-1398.52290157357,3.22818191785174
633.39205465966,-1935.98810557696,2.85339529378759
2090.66531373612,-638.388027248333,3.22463972462502
3325.99975350691,-1192.04279235478,2.74121714354229
488.086226092293,-1043.66407911035,3.01567128215602
2852.26933395667,-255.878871459378,3.15052037875876
661.271517212204,-2203.19569266147,3.06188060943465
3308.70533914062,-1503.82208131497,2.83846947032062
1317.46930588516,-1450.67270469393,2.71575119153476
950.597068285848,-346.41824646084,2.93496542008384
438.26350447023,-359.890902657774,3.40839326592658
4023.23379853137,-892.077588291977,2.99549392528054
1146.06020311065,-1674.12902886092,3.0213967883021
979.056405415458,-489.257919354177,3.04453272446621
3018.93867607227,-498.84139491524,3.15763617239457
2932.13688220068,-1066.51010875148,3.18961026569556
3821.59562523299,-248.955558828398,3.08826924642205
2880.73122589396,-2070.27617942362,2.62033723636337
4051.4570665107,-64.6959282092425,3.05688912044534
1868.11814595493,-341.068019153996,2.8404451890682
1912.76878888048,-1304.03646031638,3.10033449643825
1200.1855870686,-769.425340105722,3.16054513718804
3206.61531368927,-1894.33316201086,3.53435033559552
1402.52749454351,-2204.05133604872,3.07491441687798
1765.82572166753,-1038.7542946568,2.91955788689578
1800.67030656243,-1946.77578924111,2.77800830392976
217.829707674779,-874.789429968269,2.90106857456024
1826.43337188518,-651.594161497749,2.69434753478114
781.638779597241,-589.56281346535,2.9633639900167
3476.1848710429,-1252.71923086726,3.2653074730039
3614.5349226578,-1239.08029321991,2.6549019840743
1805.02827201523,-1379.08514668421,3.20560325317903
1033.99755594894,-1908.13951898279,3.20149184906135
857.671258664139,-837.848018255352,3.03424093658417
693.390494702063,-403.555657048008,3.1661538250336
664.713980308996,-1477.87236422751,2.94866736312235
2348.3730892105,-1959.31714530555,2.8972933293785
4000.13599255447,-731.108970167994,3.03517094503764
2924.55078617378,-1938.62485896281,2.84700212906035
1234.62968006094,-1085.22672218973,3.00694369377872
592.348817706472,-1842.11422280069,3.18204816937297
444.431928529895,-1991.83719951266,3.01483458354773
3808.09264934392,-239.040547068057,3.12900725144517
1856.12884828615,-43.1265997804578,3.03266864871938
708.177618603622,-548.943588243605,3.1831240320733
910.898197181961,-749.825940929961,3.06934410144147
2231.57646011809,-549.534694806948,3.09446044140554
784.027879299239,-46.8145451982131,3.32510514712842
1843.93193544715,-53.7286358957233,2.90012639192608
1553.97581902191,-629.526892895398,3.39627307153843
2226.29847954016,-1246.29345385906,3.24044130672179
378.636506469236,-1064.39417475059,3.26379834479878
1573.54866057786,-1342.24740636089,3.01922125660737
1121.51900510469,-1808.48339735729,3.36236373004694
965.409827428421,-1206.77102347273,3.04479585579558
231.321334722581,-608.315275982514,3.05401712619849
1552.64659813662,-921.587522214687,3.02366137566829
2650.34267508988,-447.695255755161,3.09179477836138
1339.38800711066,-1601.67721427675,3.1443816641964
2499.91287198416,-1777.80973790335,3.2100409622725
3962.91547771416,-289.540546446712,3.74960414924977
751.143003976286,-979.276281737651,3.17061249259153
2105.71147473608,-809.363724915282,2.88679739636765
438.168365317391,-669.380488197443,3.10389755802567
1681.06949806038,-216.362435907103,2.96544767251276
1436.80336263054,-1869.10238198778,3.10286404587462
1385.19306119397,-1425.79864925538,3.29325668928238
2319.66145527276,-1551.92224766436,3.067311659773
3091.25478850732,-478.113303248702,3.20818607432748
2732.77380854913,-801.295949566843,3.15644790453059
2975.11660774427,-1402.87727166436,3.11741756653173
1467.42625216572,-1368.50949229753,3.14716841196705
1555.49854734204,-1220.74512587533,3.12766285584777
1756.80621012671,-54.0082603170087,2.79570361561032
4012.89295110703,-119.443749863903,2.95786802690482
3528.18764541084,-268.773334198778,2.99248278944237
3493.3698304507,-947.267680379967,2.63216458874434
1238.41937006667,-259.385299903585,3.10808657480472
2072.52405477132,-765.054326148974,3.09941856762618
1881.74546058356,-1048.31874161383,3.16228912354687
3248.92962585781,-1786.64783155461,3.25699492660358
229.495172659096,-824.929869099302,3.29966420869407
708.989053124471,-385.60812961569,3.27580260453138
3152.24407559195,-821.161943576163,3.10574585166036
3694.2836420999,-2082.16337799683,2.97386185491905
1026.46067531909,-2050.66546399222,3.39539187751566
3385.08715264437,-1101.71223402943,2.97791031448226
2226.87723212739,-981.935261316567,3.03496070787686
1398.68694371751,-2162.63951124277,3.09188145386111
539.545071680242,-1353.98718989203,2.80532967293802
3712.38881260323,-473.749596204658,2.96799976995557
1560.91549128229,-1283.00771070421,3.10000917831171
1880.85450929919,-1785.93005524146,3.05031649332136
1212.01815761978,-1316.71373201482,3.10701691351701
188.67467566799,-2112.86761550751,2.91504822636361
2922.46434237618,-1466.5740563883,3.1259663468605
2628.85224572303,-299.620087058258,3.09715118403885
2975.99627409513,-476.836272407919,3.08152995552973
396.442535838656,-1647.32970023226,2.91116464711355
750.99406350972,-1834.97545557841,3.38786028950176
2419.43001777959,-350.056999222368,3.44551575678574
3696.95308063649,-586.236736427395,3.04896871469933
506.620481128783,-1417.0450650902,2.77061847682343
1247.40184709555,-104.663370108895,2.96827038773748
3092.96213806094,-1250.48108373629,3.04528116827238
4050.7623358203,-1374.34429143471,3.48427423044549
3176.42720581778,-1660.6163570669,3.01092680460792
3968.23801346753,-1127.87139048981,3.3040301253023
466.448941966939,-716.298104868779,3.08076109366601
217.635435441918,-19.9500832323956,2.99110274199675
2101.09697686857,-118.372971332113,3.19084193721124
3072.78495851807,-1767.65933702945,3.11442941558238
1314.7826101697,-1301.27149902122,3.05555348616752
3979.40499750382,-957.664240729885,3.11859082343371
1576.18338513686,-924.918360458552,2.7695016425047
2580.43725702425,-332.630096885997,3.32032696987112
3112.16948941314,-220.251435745669,3.244014767233
1113.63666510106,-1573.10846468041,3.04243403723672
580.688815636299,-1733.61201338494,3.11440439427399
2787.43682287279,-1548.92896277481,3.23895806451411
3631.74986765724,-1966.73481968999,3.02300751114637
933.73053779872,-1777.2901889445,3.11012408381685
4004.25452982769,-262.748928680811,3.00282895748435
3933.73671202895,-1683.98564227346,3.27430790091576
358.761704705477,-1301.99175323821,3.10058707004887
3229.54979710798,-145.363468417117,3.32100752599245
3854.45178428831,-1602.79453104361,3.15132446420023
2061.81151879819,-579.092070796392,3.24165172071339
1086.54945469071,-818.224254405239,3.15671194392664
2158.27257268327,-1079.64284404225,3.11915208207892
1378.29358965574,-1235.08472334519,3.1631037093984
1402.07810641913,-490.31216938176,3.09367955387022
3144.05383190555,-1547.06226163378,2.96216448867012
807.232996568647,-2138.84124591372,3.68388101296325
2072.8570787484,-201.775872206036,3.06664915357913
1995.44888227704,-755.034777808172,3.38842780242935
3249.93845481629,-1879.98872155645,3.26461862444609
1390.18274954478,-737.263090785035,3.20227573924353
1310.23617771604,-1321.71971516835,3.27639335943936
1535.38928710625,-879.682578122878,3.22475092910319
1688.48727382411,-584.806301549189,3.5506856627908
2012.76682165834,-2120.96081749589,3.03735247151904
2938.63843443332,-510.573283337163,3.4924789965561
2853.39608960947,-1174.489137814,3.15804052385762
2503.12755470549,-1542.91968207101,3.43349101890628
356.346182223533,-32.1858957879298,3.37716011323102
443.668045787344,-1102.68339850944,3.24161557350149
2326.98848454871,-828.062552259795,3.08130531133415
1640.59342796322,-788.896792947831,3.02894198347794
1461.49510252022,-695.757809231422,3.4431006504817
2945.80133679095,-484.428050476711,3.32216025783086
3354.86383427159,-1181.26812677431,3.4542615175497
1142.44642808145,-145.210594375909,3.54127399577627
1792.28599864575,-456.168136135694,2.91977557069961
2640.3443392669,-784.846136142918,3.41827870760742
1896.06424176756,-28.4501739727672,3.21190429358462
2243.352885807,-1528.25035856306,3.4615728815616
3647.34435735443,-1867.26001281422,3.05625788561418
1026.03370006624,-2119.80769206688,3.27109254909563
941.113023466518,-1654.98711652226,3.40981907216703
92.9140948891878,-1363.93248026545,3.10731936611767
366.995628737785,-1533.3995373813,3.29728882131338
967.245035638853,-147.734307925654,3.43781996651535
1921.04068868872,-1137.40969044432,3.21740393622482
494.558443139228,-678.355037588734,3.22807890324481
2073.48688939224,-530.013030117513,3.51793458181953
1981.71002241337,-518.863406262444,3.50939411955168
3224.91860303686,-1369.55342523121,3.05381687206484
3604.55991254964,-400.781759830879,3.13890012034284
2019.16915953468,-1492.8360876366,3.57244829742241
905.451821103661,-233.10942220849,3.29564625918461
3247.02829263653,-1892.95460941661,3.27389044198448
2742.09457718724,-1743.2663079713,3.27053127480837
953.802418390839,-1902.85915123445,3.37789746892054
872.527246088537,-148.120711837824,3.33494098731001
2975.64322920854,-399.565389707877,3.33866146925597
3103.08542239227,-2148.78951263215,3.40485532757914
3447.26299114077,-1753.59404082057,3.30529414399585
951.261719995981,-1231.48750162549,3.24333496109651
1738.3779344066,-953.577563503666,3.30155757254533
993.741798847052,-1837.25761310667,3.39300769203331
653.56048888209,-399.720392564037,3.24904337241362
1375.95590013632,-1960.87751248057,3.20792938459601
2728.22272741379,-1570.60894013015,3.25876024910226
3615.10783323983,-1717.45403784312,3.34152123926208
1588.12935630794,-1146.55761037712,3.41106409979826
2698.78307618496,-481.927148393518,3.18890721290695
3887.39856255094,-529.235808176998,3.43063954377493
3469.64624352157,-1386.03360858397,3.55857152050204
455.066261584636,-274.592848397257,3.42961520193572
3056.52518280442,-49.9052353774029,3.30740431385126
2026.7824529352,-889.716075404211,3.25535087592059
1049.82354225696,-444.136561861338,3.25519986578561
2142.0821721432,-664.640263238951,3.36076761385098
1927.23890953668,-2150.06556742709,3.38651074195936
2698.2369491423,-275.17510593529,3.66835517675594
3207.77087049351,-1518.35014438841,2.94642681452064
646.424241725429,-1909.63178593263,2.98779258117623
1639.54881659794,-268.38407404934,3.31688708754968
3257.40762986305,-128.898040930177,3.34142853452077
3314.66406968768,-1612.57576890886,3.16033178481176
3838.25201945287,-1648.81394890461,3.39735855804707
3493.915741449,-1826.90125847959,3.45572268628829
3746.09758796577,-1078.78103578625,3.46201277465865
2434.55166902942,-577.928290496085,3.29360472884085
2015.92450102908,-2052.75302530729,3.11220865515877
1129.55978148435,-548.865925844265,3.39612750267353
841.956357247248,-1020.05990742941,3.62249221069859
373.273672228951,-277.869709907962,3.63667301745186
1882.00367066069,-1256.93145503291,3.41181785393748
3939.49407855788,-995.927295769762,3.43338093200266
2703.51335866949,-688.868580427547,3.70583725675086
1263.1334327188,-863.433231705525,3.60474025253388
2786.56733730346,-522.779260275443,3.44646927250676
3616.07264957895,-1771.29405667864,3.34262845515089
1939.31553891196,-1396.92079790192,3.41013098489693
1198.17627523687,-1165.80369937916,3.36199748823731
3651.76742960978,-1668.42472925716,3.46885826369313
318.216518678656,-1977.61727805877,3.70955251585266
3605.70680883728,-1421.73394431735,3.50888949856938
4046.84423554795,-1047.53932830653,3.68068327085411
3478.52838560419,-1459.35987731649,3.77143976665154
523.378037309446,-408.140313493389,3.65618880696137
2010.83401571961,-957.962061465089,3.59697159604468
3336.63921830101,-762.938520579218,3.63854261714163
235.13332697092,-533.480298212194,3.45585589554571
1439.55239034502,-1260.21308065592,3.54331727903268
2621.65932413246,-65.0949637169091,3.66517979175505
3125.50606295165,-1399.09278655647,3.53820413532869
2912.26036638076,-1792.37684797173,3.39121793131815
1051.61420936548,-1678.93632883289,3.3311506683069
3186.8068268436,-1373.98430436596,3.38587763752682
591.851821156014,-77.7693436085019,3.76336834861648
410.768048147288,-574.195478426499,3.53380875320778
1844.68763511101,-743.187194585791,3.64232659242467
3746.07359094829,-405.146873150549,3.50290801436155
3684.05214639282,-1332.76690672911,3.76117093120978
1398.74064520105,-1145.5656977978,3.73921508114255
324.324930466472,-634.815667897994,3.64611564358342
3864.4639018445,-1431.53094098169,3.34350515509884
3246.34713273845,-1965.80052891816,3.52796782905939
1399.0038842205,-175.547410784733,3.62107049616427
2272.48629126408,-724.748291918804,3.61641908105211
3704.76589079904,-1979.13808643914,3.29880910607721
3617.56772383854,-1190.61071356049,3.36697726609318
2173.87888298211,-594.821297424787,3.62103900971987
1007.85816373674,-2201.39012071062,3.68999373425043
2730.0316051172,-637.049208951213,3.81521736634851
2226.61350256738,-1809.0327356471,3.36806239779501
3052.18407174611,-273.608449805657,3.545879099769
2954.61724298265,-889.117041855048,3.76604261772776
3744.05748401631,-1793.78664321365,3.74355745540777
2975.27486572491,-914.224351478706,3.54107130195747
3753.58842047199,-1344.29255395156,3.71524753830147
2269.01803518065,-881.091680993171,3.82886958117598
1963.1408225735,-1997.33869831681,3.54713732122308
2242.721742558,-197.020004179107,3.63346458765106
994.521225937824,-2175.98203296483,3.24602996337168
1564.32641239846,-321.258499763448,3.7901666730774
3296.3468470243,-1694.52991025023,3.91306439952175
2855.50861739744,-905.923187350771,3.31342315171047
2595.32893099955,-1870.00266290264,3.85463571074273
3019.84725564904,-1002.59402761488,3.74740127053859
3836.64201969602,-971.223134134915,3.5864683430233
2514.68577778616,-304.71680745591,3.38466242605211
2024.51663131264,-1554.53472238601,4.00659219387209
3896.20972824261,-1466.71450142564,4.08749809331841
2917.9047055415,-890.774447793668,3.58423567104211
2048.18788108273,-2097.46717953328,3.65931458976961
1997.97211830932,-645.070638221535,3.58846222411785
2243.32482664865,-1203.72474167448,3.80155653370976
161.894212303467,-1062.11368588047,3.97560015664748
1778.20404679096,-238.672225309998,3.66162830497627
2304.13219990123,-2056.30271874648,3.76473776300512
2393.0530273469,-377.571177031694,3.74666291937581
339.39249316588,-945.412960430811,3.82107930922659
1758.47922453784,-392.85270799214,3.47868845194759
993.863219158268,-420.324938036407,3.58837388544313
1804.44694073547,-1309.26947810082,3.63374023025356
2393.79364654794,-1424.83504082916,3.90896062731218
1529.447993858,-965.900377303363,3.69172085889496
1635.1672830591,-1200.04283588682,3.64166814211166
3058.98058071988,-1357.64649700086,3.59543662203907
3136.54183298694,-1288.57908717315,3.93825881209797
1157.51585320484,-740.14118167937,3.69017940440034
2441.41442885076,-427.551628425157,3.95110980125106
3911.94703412547,-2192.7001587176,3.89894179710624
1664.79300777848,-1665.01595090599,3.85695850352922
2100.86845801036,-2101.20164214631,3.87712850442245
3228.6773959728,-187.440004173812,3.76796112048558
367.554021199578,-2056.08685836797,3.73293904516425
169.831403411455,-2000.82281769635,3.68491879763403
3120.03758553004,-2076.08713853548,3.6385569619162
1933.26231488093,-720.394681161045,3.67870272180911
2091.43394755756,-1763.62286672681,3.84508996840332
1361.49519966053,-219.838016815262,3.68542567817636
882.218685362399,-884.297715973906,4.13285582541767
1768.2363152571,-352.702175790299,3.6955693524956
1991.08766785979,-1815.79791917261,3.93392275857315
2214.79659755486,-1305.52793038035,3.90508991481151
1812.88026810093,-1664.14905273279,3.85843760965119
2146.88341933386,-1474.04192944342,3.89444195769915
631.033649010585,-732.000510226966,3.96830301565757
2985.85706770617,-1860.45954093675,3.97408442309776
2023.89478598147,-686.027842434985,4.08252231579705
1185.42115905604,-907.647464441768,4.02816241240118
214.633715765708,-132.169705413207,3.84962121034919
977.600630998451,-669.866199937664,3.70932124599833
3977.65206206197,-1809.03161196629,3.97684237763061
1744.87143934905,-1678.70750039346,4.22395011728684
2908.26219967115,-2117.09088077848,3.93468342118024
3316.09922949857,-996.386941524107,3.95549694887786
273.262596795798,-232.656691594248,3.95772007463928
1930.42931876385,-348.407070317613,3.87184128385309
2154.10951958838,-915.625724081318,4.05764636022189
2492.44154340437,-471.114246569255,3.8943095914686
812.479077994233,-925.41162459246,3.926118899226
1839.83017469318,-1874.95584453699,3.75332796731253
4002.44849286078,-838.627073457039,3.92562181748345
2615.53160262041,-1808.49140060424,3.92595853407086
2197.43343045799,-1352.247431946,4.07227909272093
828.387199690762,-1780.09687946077,4.25338380127755
735.442812923847,-1914.18025173911,3.99707077476611
3624.36610486029,-1367.80491643122,4.07966709003301
1340.76849298034,-2007.90898145277,4.1599177586177
337.435011148571,-1422.50059607894,4.29015190527618
2000.34129979428,-436.355392369421,4.38411442626217
968.613948845038,-378.53918948806,4.44119517861034
1060.88987684057,-174.076262933875,4.28900543971517
2099.96113881664,-1916.12231565446,4.26530971639578
3530.63172492616,-550.35050834298,4.20103990838542
257.387551518613,-1019.13498766285,4.24379505758561
2277.0356956341,-1354.23539779147,4.30690613934177
3704.37466419734,-1186.523780466,4.47016808410969
1098.25683524471,-708.745944648188,4.57800012331081
1755.79427685001,-1227.75032637529,4.35294008329071
2556.83123462085,-2109.39030350986,4.6996048586079
267.286492902235,-1186.22480567002,4.86197511260948
1252.69790209443,-433.621979017529,4.75739387088091
3684.47179807585,-956.29287262064,4.67769427361235
702.455268516586,-660.270417659494,4.64278075042656
925.415130433666,-2007.34803626731,5.16423375490644
1346.25960421291,-1698.2864388601,4.88142724868533
253.536457736715,-1318.51325180863,5.01783905912168
462.7943439504,-1951.27414920197,4.98567855416709
2902.81690195011,-1438.83368918262,5.06724111909542
2940.9456468867,-1611.08562938929,5.14093272461233
1179.3974159528,-1811.90824779488,5.00400757680326
1674.10072289512,-1510.8443901325,5.10670448287559
657.153025896566,-1453.28125552122,5.19369304628491
3342.64351332017,-557.65415794025,5.60519065863315
1725.97455565756,-1096.64745202347,2.94225678731522
1110.83386505455,-978.463943603442,3.02717007310582
2548.46376814673,-1870.43801414718,3.09418041882198
1017.99714702762,-1552.93821042214,2.8402634619497
532.027659289255,-1318.358113097,2.9476621236835
1453.28453906729,-609.342714486774,2.95268641990748
856.075291204507,-1135.43574767011,2.89912282166031
2957.09169615134,-689.185370588789,3.11275378751666
1588.53382521754,-586.679903616365,3.02704527399538
2144.29987864808,-1095.04669856864,3.04994219113441
1255.29231569742,-566.720701597181,2.94738429380667
572.536422548932,-379.573739539761,3.04248970380213
113.18285217563,-334.311203858854,3.19934158252287
1761.65407768569,-554.151725447124,2.95831643605199
2359.54886765186,-1731.37621682988,3.0369018659758
1649.19586875203,-597.642596421254,3.42027712475452
114.109228354046,-46.6191210413741,3.1470085254621
118.753196853782,-444.170572041361,3.15955870867744
199.038132001187,-546.768725814642,3.46367329610716
355.814780992858,-478.491400684578,3.64898586128558
832.185819105212,-1230.09972682883,3.61092731167144
834.373142292618,-970.712579190488,3.41215057682243
940.917709214657,-823.221069289885,3.9010387025533
1486.79341324518,-872.016544071242,3.88236594401596
2120.39114714685,-513.91425346497,3.84697661206465
2200.07242647474,-404.849863470674,4.41281964778091
1882.90701411491,-1705.20929226809,3.22987773868048
896.569419991111,-734.099733749798,2.99751633716672
767.603125202593,-2100.04095834172,2.58976673858552
1853.38552050526,-1089.61491536173,3.08219871409665
853.152882460364,-1876.92436848523,2.96002047825258
571.32566784248,-639.39940579613,2.92196402422839
2649.4532948413,-1806.22427472747,2.91773619482716
1491.01224945471,-1177.81616023105,3.10670169455018
2104.11025588481,-2209.91669752211,3.02808807670019
3649.20990569055,-952.429889726299,3.17932792371872
2867.24567528541,-1915.38849653172,3.26481746181919
185.156277667814,-1478.06230864799,3.24207441108387
346.202742280295,-2186.22531768004,3.09773072915441
564.639498729162,-1815.5691026758,3.17310929886491
3655.61315616338,-1776.1220036662,3.11643106667871
3687.32989042188,-1176.2405920658,3.07973447962988
1221.71366086507,-360.072331887588,3.22969103404657
3372.68868759433,-536.51227133792,3.25139554615015
3343.62485986961,-750.621562084047,3.27541348083941
3256.84184449173,-2010.26036294314,3.14475321192742
2765.71614056721,-272.900275460993,3.7794678291825
2476.88485298513,-1718.49972827843,3.65202580294312
1044.92392497418,-1261.61360324198,3.52736666535148
2085.5265237385,-2011.77023951355,3.7476413196249
1982.18704609515,-2068.28454586017,3.93649839321745
3259.39401884023,-80.8390967738373,3.95918497491382
3816.36483366146,-190.028995511413,4.08710952105571
1543.25318136272,-2120.11998319667,4.41852356081586
1679.87514412551,-354.778085267007,4.57050001422365
1713.61318347034,-2183.03366295518,4.96464694805837
3627.17723908804,-1870.99718293398,3.41593559586344
788.881232186142,-187.814704204544,2.75061779867349
612.81180102203,-1147.73076472097,3.10289453308145
2794.27114135098,-972.33123354626,3.02160754636155
3645.4901666561,-981.173334249042,2.96246706742645
638.544600374312,-660.214165889954,3.42247822881491
812.437088685973,-784.483554996105,3.66084274236562
2861.6804939257,-2148.83105880067,3.5592924481455
1136.06972556438,-524.279055327664,3.32156557657202
3075.93052206072,-580.54733311458,3.132107181638
3274.62578282921,-944.938052163534,2.89415812927044
801.647175665543,-1207.18089649562,3.09474864238605
75.7986873009519,-1463.72323651813,3.29958987878819
1495.63154543042,-1902.02589666191,2.98296138582066
222.713279189084,-402.816923279212,3.26442414198431
877.412674494801,-1862.7577901148,3.22227715391981
3660.40665317063,-1275.08623458021,2.95349401428659
3098.0715021381,-777.904558103093,3.0797672904563
756.782033457461,-1246.32474184985,3.01216932434936
1429.65157237532,-1002.36682751439,3.14044114037222
528.055201796133,-1396.68503865337,3.03002663695616
577.647548832231,-1312.53747371399,2.88389583552348
1892.81173885187,-1579.90047904977,3.07246480934827
3832.63102884646,-2127.06407885316,2.98088925581957
738.868105025481,-1454.50548683549,2.97765432545728
386.616667879222,-1374.92303482654,3.38292613735528
2314.73387348196,-469.456160253217,2.98416664037394
743.332860990071,-846.263270384366,2.78745037548729
1735.15825813551,-1831.18843101687,2.97312630701401
1877.43199674166,-808.111982470432,2.83809427685672
3859.77634734213,-81.3509180713296,2.62906967172484
2672.33115715414,-1718.06886608788,3.08943647347843
3098.8992075247,-259.400283617517,2.86096689697113
1217.59375080927,-1062.82784680205,3.10099946515226
728.674054467412,-1948.22479231258,3.00085266289059
3707.84614000048,-754.536388651017,2.68290649948691
1750.75164745142,-191.468086834411,2.88090004597323
1133.04019476381,-1155.41071839143,2.94787438585049
4010.66478891672,-1095.64381583563,2.95482019016829
2435.33337855896,-834.199851575518,2.85493107568989
1128.63052050223,-346.839441081817,3.23699749852933
1482.95474085904,-2197.67751532524,2.98608746679284
2985.93084412111,-1985.42970617043,2.68559567174374
523.719584905147,-1333.69275848005,3.10152386660702
1861.53070451847,-1244.02330594629,2.76168432293209
835.157469859117,-1761.88164348195,2.84934426370846
2338.67549906842,-1314.44326502196,3.09255748563586
1814.55743410715,-1717.3822890854,3.06944099474803
3555.23666451444,-688.00545069081,3.01635992261206
1886.94125460617,-1476.65922197827,3.03016955978538
3351.46046131535,-2042.61982631668,3.06242028563129
2017.33167360148,-1855.51746307124,2.99384139182904
1892.93472870395,-957.852451345182,2.72852094760611
1955.37823008772,-962.861710616422,2.78493786821038
2980.44568467278,-1668.74213394431,2.82260612761115
243.059689343976,-2216.85181350051,3.00703014281531
79.6072509238156,-1027.81033047947,2.98524436184357
1823.87085732212,-72.5145052247412,2.99977313785904
2583.38389979931,-2103.3140205874,2.83416185020962
1738.80285004085,-462.579122446131,3.0126216766774
3856.16421203713,-912.795795824879,2.51713924892793
3503.04026050301,-1789.46179190354,2.99027926918678
2290.68236224181,-1658.71109809325,2.973800074028
3047.08558025691,-1653.14792920709,3.17150030446835
1139.91947536103,-1346.32890650705,3.00065498752205
263.763211931668,-1106.47640791664,3.11344499190331
76.4188653825604,-722.779427806104,2.88055735888668
553.701665475611,-1766.54771141634,2.95278924889667
3830.93541022526,-1088.16806546117,3.62563483541044
1819.73618458156,-251.02034281061,3.77154574633283
1327.34099939226,-1623.89433856907,3.4989700139545
2399.56722676759,-123.005883316803,3.78607085903776
3638.32373747228,-316.848021394153,3.77089454804702
1489.4708393329,-1738.8979554001,4.22198273796945
1458.40761728905,-2175.67366964159,5.4714458350183
3981.14870306236,-1585.5776702965,3.13903013042348
4060.94755689177,-2192.13106262772,2.89934552122051
3685.74157846221,-1790.60399876814,3.01531344605749
866.464584496817,-1565.5929862379,3.14967578158399
2865.84998217513,-979.45362242431,2.98016303714683
1314.37353940281,-1581.84080199303,2.91611700828623
3989.26262991286,-1309.71743968471,3.05257685003078
3787.0995207035,-1264.33605831541,2.98233207612093
1528.42474776912,-1036.70277547624,3.09785325638271
867.259388295373,-1660.38910385285,2.65620587478713
2053.83510144527,-1212.08705148182,3.22832781879575
486.957911101996,-1203.60415188776,2.96474011708274
2187.75968078678,-970.957222867083,2.83730580657182
4060.38422839669,-1549.77507981165,2.77022998864659
1611.97766766135,-568.941303682475,2.93681952153548
1301.64496835937,-1397.13453655658,3.04819861421434
3598.48631036766,-1304.190090341,2.97664836598321
101.55998704324,-977.533537301869,2.91123557442076
2288.10059616141,-1410.36021502264,3.09077597455468
3983.63256418756,-26.979329154067,3.16648760975921
2980.9892228369,-1834.65803921162,2.68605546371345
2038.50366505256,-1280.58024639738,2.79210913514025
1004.06786589508,-895.95861522922,2.97944654163731
868.821501305312,-900.05116531065,2.9282228781179
1610.00669287821,-832.034417700717,3.35952978179958
2180.99181405948,-1582.93655788137,3.02792823427747
2421.97120571053,-193.345423596367,2.74264564479375
526.834811699371,-628.483305555383,2.9745189580681
2076.06348321568,-1142.3768242818,2.92575295715574
3365.75534571257,-431.778966891293,3.0967208569909
2747.81000608688,-1809.75911806133,2.83643615159078
2975.81582642967,-1042.95448943325,2.75889660806654
3839.59047483131,-28.3900604985507,2.90091011997875
3447.38765892816,-1058.98893944743,2.83579972677703
2586.86158633591,-1790.21853325914,3.18682276052039
3875.8208698725,-1609.72503908335,3.37731538803681
555.340167317902,-1663.58879860001,2.89113381986898
4027.07023471977,-878.116710914336,2.91163565537171
3103.83253264244,-1566.53324330898,3.6476244830207
1018.96050352085,-742.383425930257,2.99715819865954
3239.68746519761,-119.327479498609,3.45600736758014
1333.34170725128,-685.164161815521,3.46313451715501
3436.30005084494,-1684.62410463454,3.12422329328236
3004.78000554842,-1842.27141368945,3.14792985700726
3774.2391011035,-2067.54748911573,2.94209138951219
3006.17584592327,-1604.58506204381,3.68673708439715
635.968384931026,-791.474987111341,2.91102436940036
635.063710043416,-1357.0571280302,3.48665165467559
1665.39627433065,-790.862635002956,3.41588301915989
3001.46307568968,-919.30198345859,2.78560369100333
1076.58365187601,-1131.93725597945,3.11068429708076
3614.66580567204,-39.0682421461624,3.12350132149825
396.931363686079,-1276.01732496756,3.00693251514034
280.949728758147,-457.794691475595,3.20359569876631
601.983364739902,-644.10478682681,2.77144996327892
3286.75497859714,-2063.36517882136,2.74326861477202
3164.83049095702,-897.313006166357,3.12172572003944
2884.71826762268,-52.9630406255422,3.39578882658317
2763.24214568303,-1892.98230934257,3.09701036538176
2252.56938413214,-1602.10947735498,3.04819678671088
3747.68941052751,-10.0804062717961,3.00832662598957
545.631656103041,-426.942651262415,3.09333877338184
3779.58534775311,-1051.95446863637,3.18986567505253
396.187354731342,-1691.1942730782,3.07125954378795
2007.89008018637,-1232.95599678047,3.46864000779809
3343.28211554403,-1120.92024387512,2.99379811260785
1207.83275059179,-1596.2363606945,4.09815911094194
3217.526035265,-861.437337665238,3.88295529696924
388.45061573596,-374.206898457364,3.77602406100451
1099.65463941503,-1633.48439012974,3.45303110523559
1204.57133206756,-1707.51536025064,3.68968645549769
1130.30287384886,-1147.63431171664,4.07992427385704
1880.43400496718,-1492.99979466331,3.90007407622332
3655.30112612844,-1069.20123201929,4.58068822530129
1374.47376142218,-1693.89122450864,4.44814293992754
1799.07729367153,-1598.9887024249,4.47741681772546
2306.70630494457,-1176.10682229197,4.17859677017897
1308.31186099628,-975.890703055718,4.73718438756484
1392.46007067722,-884.930197784443,4.57283699453713
2090.48264979169,-517.684183961533,4.57649279299214
3989.74564837267,-1251.05788363167,5.12397221516011
1421.86459114722,-2166.42674629466,5.40387041927268
NA,NA,NA
3717.33982138269,-434.105972506272,3.01815504818339
658.530938530881,-1362.49265430435,2.95400850142447
3722.65003474353,-1158.36046359875,2.92958104273238
815.074528506234,-1226.46616459235,2.9537568059708
977.167062302752,-673.703432599045,2.97156438987442
2461.743860606,-2068.69670676592,2.95120664584251
1162.06189375515,-1718.15411888112,2.93839944052507
1977.84213418494,-798.65031639866,2.93906670500622
4025.91633748909,-1082.6591860811,2.95847985952469
1195.94515227874,-497.810835080785,2.97705469717329
2595.74568475517,-1858.44362682045,2.90313777010171
759.671373697988,-596.929432603187,2.81533145329082
1609.76362186107,-1401.09003249507,2.84550802018966
4002.83804101547,-1043.84259445745,2.98163595089806
2420.74997338301,-2014.53275696371,2.81173975882427
3491.54662621135,-731.408545821313,2.81498484258421
3983.46867472564,-867.4251596992,2.96900107785908
224.289504377028,-1372.64467846633,2.81802071040389
1082.31366307428,-16.3477062038443,2.87635258337055
1250.43311297194,-1074.26522064772,2.92223869687127
2570.96258043285,-20.849926930192,2.94587021391662
1977.07682982076,-875.22474410361,2.94928853762251
2576.53764488652,-821.173245813155,2.9487128628716
282.145166548697,-1894.65203292477,2.91805000531623
1573.07198858574,-793.521598526104,2.92321696005318
1276.96148168583,-397.348023221435,2.89958557022148
1202.57461056732,-1373.87466108654,2.92379962131953
2812.67014263028,-63.7334871477821,3.05770979924878
1792.15617495958,-321.475180503307,2.80974193536994
3489.90801584486,-1728.58285527426,3.00781329085886
1311.21916702139,-1634.542694729,3.01388829188853
3428.03150438016,-2116.2578622192,2.98437051279736
2831.133782662,-960.405509203402,2.83016624640788
3395.96142655195,-1577.9699519654,2.87815275671074
3807.83380444243,-1755.92668789827,2.92984509131696
3477.8985599622,-1447.856209275,2.97643681491428
3507.47663625826,-1917.88188667538,2.91764252565453
2838.77151693415,-1009.15112571377,2.99817764318219
3118.17899129107,-1685.47998510942,3.07500996540537
2038.57936523388,-1469.95595332135,3.09683092324422
2551.88383904646,-53.0732296330862,3.13641376694099
3127.07564297648,-164.233481832479,2.91178593423013
1768.52385965483,-1951.28047997594,2.9935586657767
3187.2847078444,-1914.80643807852,2.92064582646627
1364.19279016811,-1618.3567885168,2.93301556055543
1081.36686572652,-548.373158482939,2.97630322544045
3271.61811956298,-18.9433898424818,2.97530409378674
3367.71924218817,-1214.03156647027,2.97230488686401
1853.11977151566,-336.501576325303,2.61313899602121
1047.72297672453,-2163.78812412751,2.89623254643571
1046.97382055764,-480.060356339429,3.15630085810924
1214.98119197932,-1891.63991311441,2.79183261151715
3437.43607456526,-1251.63828506116,3.00140707058842
324.288846602576,-1911.4251915885,2.85664874729487
2995.43652887398,-1629.91502389108,3.07496242076081
4028.83991613512,-1792.16408501548,2.99244645327489
2492.83048335579,-697.296559130676,3.03052408960238
2628.58116527379,-1572.62734964175,3.09970816259823
2055.03786403516,-162.339908988703,2.87403739608512
1235.03677110867,-1694.50733512343,2.97466971855838
2758.36142524223,-135.927613521934,3.09799480442629
1719.7065313572,-1962.32079502468,3.02969497144661
2551.19740376683,-1414.28733309216,2.99046856443632
2214.88683484288,-397.208895015598,3.01044986407297
1032.78073507032,-1268.77631365734,2.97124938330897
3489.20644961002,-1315.27128753296,2.97297026296273
3223.93966183997,-1405.51033586894,3.05741840190139
2717.48272564623,-1450.89803657035,3.13114967141781
1671.9708162755,-1369.75872692518,2.96728149840552
3888.39504385301,-1842.43094652546,2.94565244040981
2620.09422980318,-158.030217583666,3.05552955757181
309.728199658488,-2043.32922195359,2.87669022916365
3793.64657888043,-908.985015071195,3.0187917385677
1358.63394135893,-1466.49836463944,3.00076638524336
1266.99964590786,-1630.60040691597,3.0377254144577
579.147054847845,-443.404012789737,2.89237594291505
3394.01549116912,-1697.14409484288,2.93157864666195
1746.53018045666,-1806.84649586825,2.97531362118829
2866.74569301754,-1591.95134690968,2.96610090013171
340.096289952422,-975.656023755456,3.08707485708563
3350.50411743067,-906.679361969875,3.02994657517129
3254.03053118485,-311.932677337384,2.99291894921638
2260.76537271975,-472.699854161731,3.07439026925274
2465.51060883245,-782.266830983474,2.94190959619645
804.310382732594,-310.669612476474,2.98147097650725
1213.20216173712,-629.147592600604,2.98168395572005
1885.84994308615,-2110.06720560525,2.94723175695341
102.170439242345,-810.277982836706,2.91366356458815
1934.66819724962,-91.7807411697701,2.96978160426229
1611.61578249194,-179.513778182218,2.97012657935755
3367.2373090173,-584.256216910105,2.94790571935391
1155.76767221963,-620.332484940287,3.05434702577582
3286.42585358266,-1507.90003823926,3.05339971868086
281.807463977317,-749.759300037695,2.97978018937477
797.116786593181,-409.630651779083,2.93285769536048
1489.18189385307,-1954.13197362792,2.96826698380767
819.680244083762,-2204.58496773339,3.02509758564418
1759.33650685643,-728.775500982801,3.05297428594785
3598.49556119338,-1734.58903216501,3.03209294505154
625.074687745211,-57.3800973336531,3.05186696733177
843.80796655007,-1968.15143053325,3.00897252344603
1901.54827530072,-106.842339828203,2.97343259863333
2331.04479631248,-297.137221572052,2.99069943633342
811.514731955295,-1445.40901164091,2.92496484872143
3216.17669240267,-2127.2191485047,3.09924670161126
394.208382288072,-2099.80156099488,3.11296704647309
2565.33401388586,-2207.22744626168,2.78678810349399
4008.96797949792,-525.568558540906,3.01603980465064
331.916912285745,-140.040109245655,2.99276202451581
1736.90554213645,-1542.84562289505,3.04403122359617
1487.30343273039,-430.172276230789,3.16926240987255
2166.735561492,-449.438852344012,3.03120098192627
2391.32384914569,-1033.83524372808,2.95158759325316
192.277081817862,-957.790614976861,2.99346031551435
3639.95806938948,-361.285173562851,2.97853571342458
3978.86519597758,-1853.40402060371,2.83585143957277
2154.65188339509,-2086.00257532517,2.88101486757525
1529.47099822841,-1136.04867573283,2.98676652780061
416.751336266496,-1514.42423712567,3.16320682511971
4012.55807167503,-1696.1542496905,3.00275647557228
1859.17465638136,-1426.21554302336,2.93693522164169
1664.30792185764,-577.85969983903,3.19111352668379
430.882214466561,-1478.2299689179,3.00752105433267
2062.56862426764,-125.491526457464,3.03627809657546
2888.62108418193,-1308.05483176338,2.95901352301464
807.806459412206,-150.714387559218,3.0326826187717
2160.45575818459,-540.119580015982,3.03922063082265
2675.1539893979,-495.903653550097,3.09687767909343
1458.02960966959,-1322.52150639467,3.1124632040302
3054.89530218425,-931.333798657303,3.05849807026472
3842.22334003285,-1313.4168257198,2.98963328147435
3386.86766965809,-70.9306994293613,3.12962936989495
2565.23851652654,-605.385551990023,2.94753445445691
2405.52026134651,-412.730084911317,2.9712289432918
2217.70987818603,-1342.53766698389,3.04465634634098
2638.20441040241,-40.5902918018694,3.12726960499742
962.518267558658,-1059.77071301721,3.09383067023994
3661.91665178083,-2194.25008626173,3.14102871918494
76.9195086991461,-350.22866821475,3.1223870110545
2903.74720312256,-490.435969410291,3.08658740020686
3419.88813056613,-241.87975825478,2.98104091421008
3229.64926474213,-1094.91093646326,3.01451737823165
1507.49461688615,-1414.00913243099,2.95593758787716
3196.31902005366,-1593.4381852946,3.06136667577986
745.683852418388,-1967.62188149568,3.03984249079486
1708.78862414656,-1626.47215411068,3.0884804123621
1292.77473312852,-992.190129426752,3.23649862794955
1914.96126446479,-649.560266149492,3.05241922143161
1271.20991450688,-1799.803863913,3.01445915780602
3061.95707755419,-700.353120195115,3.06307387578778
2493.68487500506,-450.640568280421,3.12213860338047
1389.17476667727,-680.056994145005,3.1243873276182
1281.10320041059,-360.299994415691,3.20405100826267
1722.87778658513,-1807.34722778719,2.9682433663243
986.832118075483,-1751.00997136582,3.16391963665347
262.934258677617,-758.713669497112,3.10067620826367
1015.75980233541,-454.447565592252,3.0343314464798
3477.49216064222,-596.786630729222,2.98172963624221
3885.40454235394,-1490.36358525339,3.09256964480022
3916.02347581488,-259.538752655197,3.18708448422562
1055.65046627495,-31.1300104260027,2.89087129880591
1432.94793758636,-1930.06498083516,3.105049923575
1839.95117034454,-2068.03260061479,3.1330753564009
3394.34106698759,-2206.93479947201,2.89736883290457
2869.84908887525,-1639.69504687656,3.09407282350699
1810.63148887557,-88.2434408220464,3.0388363648765
598.459652186508,-268.837118848625,3.09548353517626
3197.6565790152,-1545.37534617622,3.08034782779335
479.668642968911,-355.791047366654,3.14742723014451
2987.48454326519,-1297.44058428678,3.09722029795733
2290.43253046157,-166.926179131204,2.9875941933134
3597.11408382939,-338.379152896797,3.12464776495182
1367.27786916701,-1701.42799592296,3.14119877860167
2187.12606014574,-1573.20787791144,3.09285659016006
683.27738435059,-943.566921138669,3.22643111687253
1725.19459956069,-1727.21648512082,3.2614785660764
675.80600654575,-1550.46109855469,3.0778047657921
3902.15304459178,-875.068751173691,3.19870223980324
1975.89197352015,-1487.44459316555,3.11845650538645
2653.42334019731,-2145.79443743433,3.14747115437196
1567.75600304505,-1718.42652184294,3.1505737382975
3247.79605671035,-183.007803316341,3.11184724297986
3871.22818734232,-1068.54698765527,3.12264433680339
1430.6150017841,-2180.81708429569,2.99296520909532
2887.54311508515,-168.614381037659,3.02318497478007
2460.59538630956,-878.079263952306,3.25944815015137
717.644109894604,-1824.30143901371,3.19899033183031
3332.97845513367,-614.47938789523,3.00891118904877
3047.656618139,-1326.99493025692,3.1098480828824
774.551241573695,-2034.32599888942,3.006355468967
3301.43000206932,-1090.00114647387,2.97750353066266
760.874001931919,-487.821724716773,3.11127534081396
3556.80054001692,-1872.59845827466,2.98487097516035
3544.25804232827,-450.296738956567,3.23606411844696
3291.33933329925,-1033.47813860089,3.18472231918007
575.561269153612,-1932.38965752062,3.12928327591098
2572.15054032404,-244.090932931151,3.04911699320495
1767.73497344474,-1889.73009291183,3.07842271149675
1650.57376563106,-963.631257643835,2.99505075888591
2432.16556489835,-1954.13978342534,2.88968699280117
3252.69258494518,-1296.46689907344,3.1888366395556
80.3891544003635,-404.06859277379,3.06053147172128
1765.45814975738,-1495.44664997285,3.01775791966164
1829.29340429445,-191.388398268686,3.10222665939604
1836.24810960256,-1845.93049166524,3.12151292924885
3599.53189136796,-900.157668228942,3.04092311586592
4015.3545278385,-637.938989284862,2.95933903288474
1025.65460609517,-516.589423391215,3.11632861653729
2622.86322213458,-2208.55494686802,2.94257832510188
2603.60729527583,-222.657014796154,3.14302450731531
1509.4698532261,-1772.43592045475,3.04027584213837
3041.7120206589,-1857.32920633268,2.97823740805081
1996.14922042789,-525.23972849829,3.09272226077798
2498.14252037795,-875.300753340721,3.11906794341917
3124.23887278863,-742.114245990993,3.05658464348965
1465.58230554535,-843.040964898796,3.2062073659585
1173.1653542589,-1378.33940256372,3.26382045894153
1484.63472831683,-1461.21937763646,3.21705266814776
262.885441970799,-407.200674771503,3.23728705908176
1707.79844940881,-667.693411258608,3.21440425717813
566.886717147819,-1473.27256968375,3.14844529411565
770.687386128002,-899.243582927475,3.23196611916347
106.602650697918,-1437.40022955503,3.1445261709624
2951.98878123078,-152.312732453606,3.25467156643229
1993.9989564218,-1869.6164524033,3.14773630292205
1902.01486573413,-236.907928457185,3.1114300532119
700.700490585772,-742.589623658336,3.19462982495416
2665.11402563354,-936.611423650089,3.07125998327683
3319.61648856186,-531.447941013631,3.19316892295346
1347.6410612205,-899.451297855521,3.12992791631371
2479.90360570827,-639.334837321157,3.05420908373236
2571.99224362852,-1626.86241665566,3.06869673615015
2366.4500209734,-1729.67697368282,3.06519782040861
1394.97328245851,-1606.9896002414,3.21968535895281
1274.59086013033,-327.984638944302,3.09957439907003
440.51636819766,-1574.50736958935,3.13090993419429
2270.5566220335,-1646.90739961259,3.0794266730827
2393.34438931748,-874.99193054499,2.98417031502285
3689.7790608167,-1733.24555467507,3.14361867495794
1427.52919366883,-2047.15452751427,3.15849905601001
3238.32689965198,-2020.56500039883,3.19220256990344
1223.85014399882,-1028.13311505147,3.22200444381301
2171.3975493056,-924.734433594805,3.25974545600698
650.329695521961,-1221.37675195578,3.07823064983792
2464.75657130067,-369.064418166471,3.25252172320224
1926.43061744291,-1558.56903049757,3.05703271040912
820.66299818473,-2005.33948276174,3.16701388214625
2673.65649284356,-1663.51525740549,3.19526344359447
2941.35123670586,-911.854828007775,3.03582809830083
2731.73835632752,-1709.10706088916,3.11807569949581
1926.64961981557,-1331.72605124149,3.13156783330819
2463.16163974335,-176.563570413771,3.12414046177362
2205.59010484453,-452.491597909591,3.12516938266546
4035.95594300087,-1759.52593571716,3.11717675813337
2497.95301698206,-853.714020260756,3.16366527583289
262.435644933585,-809.55937141913,3.2091741825163
2567.30480800046,-916.758919163755,3.17422661276841
2677.0146518843,-673.803053840017,2.91563529841589
253.687971714769,-1469.4716159331,3.24539484323659
3775.47938403375,-651.005805750776,3.05927186163121
1604.86400181555,-302.753117367094,3.19097880240926
1618.48604674204,-2138.41125872264,3.12285755126837
1607.02274799778,-2217.26626791549,3.03412511524102
1487.74911533381,-380.627569420411,3.00347876041234
1761.19822432834,-281.290610968544,3.08827864332559
867.809473651556,-1325.72316683742,3.23231050377895
1826.91980605925,-41.4982367418454,3.15871695601073
1453.74963729967,-1237.48031345512,3.3113116235135
478.888376010979,-1840.8600813664,3.25937126611869
3666.61671832264,-2018.84653708077,2.92521792503281
399.526717454174,-1196.89018823025,3.14896730978783
3487.75064141823,-1342.66070038067,3.22653721188257
3788.4745514116,-489.512620796324,3.11677317179635
967.25036650686,-1428.905642014,3.20854176942094
3368.82231129689,-295.125252204522,3.22673982212214
3755.64726192833,-1691.68362967713,3.15702636436139
3192.10595144973,-66.8367339973271,3.25421796511184
2251.06570419987,-786.167530031409,3.21273933252795
1399.05587207482,-712.832090416572,3.17557628957266
3656.42256907227,-176.273338332981,3.09845107395626
3569.5107457725,-1363.3055478773,3.18473948424255
1975.02030987497,-947.129437959775,3.17630804043215
3986.69755219114,-1138.44488095175,3.07264260330415
3104.02785430543,-923.340103993159,3.17327371648173
983.092459216358,-995.897503742209,3.2822921914864
774.218820065239,-1336.91510124394,3.16883552865923
1277.47143673469,-1102.0628157324,3.13675329591572
3028.06744402763,-1544.86854071839,3.13471758755654
2566.3634291992,-506.556616635476,3.14972683947138
1857.25447015738,-1955.96360233296,3.15583475366266
2194.71918099332,-795.023904578887,3.24973323817003
675.289924096338,-45.5275051966845,3.2227246801233
3954.61949067206,-918.143175736831,3.21816954391758
3835.37836637681,-462.046811861683,3.20005591047018
2998.0243625675,-661.59046473937,3.10673045079815
4059.69588152784,-623.989275786788,3.08155840809179
1976.81592866718,-14.3403828877538,3.26140644131397
3665.50222141272,-309.40809551384,3.083370484393
2787.36504075372,-206.859846320292,3.2473950185193
2768.77435188962,-1872.95350654411,3.23644464833851
3932.93092486178,-1999.65735018675,3.2769621226022
1345.29896609173,-2013.71246055133,3.30384452334836
1088.05136723087,-364.923944522813,3.29766488441666
344.049204547846,-594.526275815862,3.19458271827316
1912.21262431369,-1794.82237558269,3.15262265909563
933.681581090046,-772.406454046517,3.18861878123111
2748.30849412387,-1451.75365177228,3.24923641789509
2738.55715653023,-335.420236182687,3.10704558538911
2086.08845096042,-1577.97595879629,3.18971826575142
4044.30830113234,-641.689833251837,3.10200961107325
3716.33917708402,-1738.08116634524,3.16381577140112
2186.65017835663,-1670.9783549705,3.12543506419092
472.495672092268,-1399.89679613265,3.18593707480126
1090.30587178337,-2056.54385141295,3.25345627368301
3373.50231943761,-94.8900700505944,3.18853126942525
3468.41586021499,-1346.54524496104,3.04591974530921
3427.94220604332,-2176.58875923622,3.21496952548977
2745.331618392,-595.841528854303,3.13354463710466
1698.51455791025,-1330.06318004987,3.21145400989622
3160.53426407956,-1937.7189535089,3.31173104406626
3386.45089610222,-467.986291721449,3.26301653766479
143.017142501339,-108.697446804054,3.38543689974145
2615.8278510288,-1979.92874862555,3.26986724919466
875.435054599059,-2087.80557152685,3.30065320300832
1164.78762073087,-897.728739002311,3.31837989794517
3481.2398165428,-893.772846589496,3.08785534680827
3196.04283563579,-830.153827334272,3.25289733149694
1101.04596068211,-1325.54799159674,3.09723746357949
3328.18305316016,-1835.36442928302,3.27113344851434
1962.57253915163,-51.1729111008312,3.1326983696881
2904.75059902094,-746.352263814252,3.23645911917199
311.797587422213,-1535.0144246001,3.28173888160569
1783.32849097743,-490.421939528166,3.25837296228567
1492.0816923002,-1787.39623180847,3.24771610009278
3946.22816647574,-848.112365220181,3.21695467019592
3809.14000766821,-9.81888802279363,3.12834518745778
3623.57051995742,-1564.05853619244,3.16894199202098
2442.74328135437,-2140.01868526477,3.2890945175241
2027.9462058073,-349.247649919803,3.21913873340381
3010.191777771,-172.460687338442,3.24629499717867
318.557838641747,-99.4164750277087,3.32796363606119
545.351255878678,-1279.04255749059,3.42052323943182
998.875501352841,-1701.34128895238,3.25202849522571
2805.95549733848,-810.056727170336,3.21804047155739
2698.19041533657,-190.864059192897,3.38960955839228
868.025519762362,-293.159851195596,3.31115149346342
1455.44096353884,-1747.09854768889,3.3340128101568
3086.76794659189,-1859.21589854226,3.2995365924168
3547.89011069463,-1159.02752754578,3.30117784702316
2532.32531284136,-184.823209556089,3.14488529692599
4050.46319295754,-1621.63299509437,3.25153948450658
826.087364535864,-1917.48429485651,3.34979861878646
2638.1358996247,-899.080723755334,3.27467453341825
1038.50200995132,-1499.52420963366,3.30074310436287
864.27551790852,-260.845361390079,3.20656893422982
3685.99064755082,-2009.84489370729,3.23116856243332
3970.52500799498,-622.119895538246,3.36247209746995
3027.3321394309,-1840.75093125063,3.28612783319591
2793.97732092232,-2117.46249791291,3.32404372770421
3220.54059799825,-1826.57298902733,3.27651262457381
1075.18716580237,-1291.45906697063,3.3517714226281
1877.53959626129,-37.8940538918468,3.24221803870846
2514.97274987001,-5.4538889659451,3.37591587115678
1509.70262892318,-899.983771472996,3.30330179163293
300.834588316831,-1948.26675909557,3.39312482891468
2337.32655588412,-69.0078337547664,3.36781562343566
892.664519058401,-1980.24567079912,3.17374384470187
3430.50525878822,-985.84025798312,3.17236638839216
2184.285948209,-2049.12079475814,3.4328175431551
3699.30651932906,-1882.44715648483,3.32526678698726
1477.18693627139,-1971.7458397093,3.18049337088223
2490.66366149635,-1482.31317054953,3.30852719849278
1987.81288778131,-1509.72239575758,3.29285935489849
875.170842474675,-1148.48786330006,3.35998181041302
3557.93748654275,-1343.19586568196,3.32242582508759
1094.10098561286,-1512.97459035033,3.30249042282928
2925.59724138382,-304.226993642662,3.28500309302493
133.309181503846,-391.911091461112,3.36490083970051
2399.26652331028,-283.432767729618,3.43597755231311
2182.01494485649,-1422.77237406356,3.34992638325381
110.513076186239,-1502.16308807499,3.3400487727425
3790.92838226061,-1029.48787420353,3.13237901544983
3952.98869010879,-879.483454145585,3.34933767628332
3301.32927213421,-914.7176173352,3.42540865926888
2347.89901341159,-714.073256458131,3.26745192350573
2359.06547751292,-1863.47823216592,3.36875409224345
2143.56534498597,-625.797216375883,3.30988994510273
77.9724037670322,-490.847580492844,3.32463492653151
3574.15013041988,-1191.45177578965,3.38007268930053
1901.87924505155,-65.1386414583353,3.22052494566005
3615.57472338344,-1513.66152791456,3.3317078019113
2051.60657850696,-353.452698509618,3.21565942812944
1356.30135595355,-1317.51640793006,3.37960289292661
2325.48456684863,-1806.79155692809,3.24050121850761
435.148351387486,-1366.80924947254,3.36721802715803
1475.28870983349,-901.49079864844,3.2929561746856
1132.18024232483,-1226.49261360722,3.38185469534644
3161.07350843077,-1766.56045629294,3.4022485805271
3185.06953815273,-1873.36280682846,3.30294997908117
1043.99824273458,-709.8302492784,3.34470782478273
3191.03317908977,-1433.96824431162,3.3856122218247
2217.36155184532,-1684.48508212105,3.30761024059342
173.733026895964,-770.744032021031,3.34774451970433
2746.49512454261,-1640.88255584869,3.35596257411284
3262.2195477655,-69.1375535106679,3.2309289993453
1163.80900036378,-1144.89197210244,3.41798046724699
2928.07644440665,-745.823063305061,3.34611643520017
3241.78567244892,-799.131992424435,3.34438299310915
261.059040048481,-1352.82516016561,3.4249184310202
1779.74150202148,-2099.05822870242,3.21776261462621
2117.34015582545,-1137.89966835809,3.39279746040614
1988.6690505263,-1654.86863140152,3.37732368907231
3931.66100066566,-1451.15147211505,3.1981260611703
3909.37214575777,-1266.60632599464,3.33695202734061
1686.70729234382,-769.150724378487,3.30990397895309
3031.39967470235,-188.009016433562,3.32924124155351
2164.96185649687,-1106.2181849478,3.31417697555169
2626.69326677725,-1618.86001093793,3.30333995781197
1989.56526724187,-2177.18556354841,3.31583717655723
433.676312438616,-1739.76891251074,3.38375477939411
745.05287013868,-1887.97063998124,3.49192915225023
1699.19097709311,-1474.89016376701,3.27293747822653
1158.81512127325,-1004.79307324707,3.41343448446827
1299.91787850585,-1048.21552372028,3.35433570574007
2427.42734882549,-652.368106009125,3.17386730157942
3411.67863590828,-1788.0794718488,3.47968838291317
2317.31747835327,-84.8821637939025,3.3603620880603
2087.62159119036,-250.112036245503,3.55514857646225
2639.93699008326,-677.255167700613,3.48551876629047
3380.68135633771,-1531.88915460481,3.49244513529758
2368.79637377258,-1678.7112454473,3.31753809781716
2786.21058850739,-882.225837379961,3.44928841908973
2922.55971954285,-2212.30096976134,3.44970874147176
1829.03676046614,-2002.8861863965,3.3598126344365
1472.32228763882,-868.355341313768,3.26349314666419
1790.32910774205,-684.875192522338,3.50186445024505
484.043009224674,-611.663211646005,3.48268615971799
3489.22444208256,-1209.26355780435,3.54328002164837
1952.7057540456,-1441.27747684967,3.47388492663943
523.343341106695,-197.492980926758,3.33578123621697
3663.81723929944,-2132.38566759878,3.4218103315828
295.229702104031,-343.888733887708,3.39922556819169
3687.30335832751,-616.816955829697,3.23857279944887
3167.62716870668,-679.714317776291,3.64760485553345
3427.59779370954,-1202.69953313195,3.40338506715124
2213.6415565013,-595.544589987811,3.35541901438787
2127.98821005375,-233.091105241331,3.45207984592859
2678.10884764872,-103.983129138413,3.50452395724529
2180.90161739311,-4.04418913403388,3.44967355102457
3158.68032733132,-562.453601048183,3.30920790833195
173.758236574955,-45.3572370862355,3.38236281278943
3278.80688443672,-1549.96745925049,3.39318682770398
993.068135402106,-531.385327714169,3.55771000148275
3203.94812799262,-282.813704141677,3.57289379522555
940.409310277967,-2147.30343869794,3.4445884543067
2953.42306300322,-564.365095936115,3.49905247305434
1880.81267577047,-1341.41798756751,3.49604408318282
3581.16102177149,-542.320191075221,3.5267951815297
3635.03900796314,-1084.84935226633,3.48814835669925
3038.77730581871,-853.535170458465,3.47271624108229
1685.79268450706,-871.915224484558,3.52016921009805
329.031230386332,-682.541772037769,3.45259048649018
2821.6676059701,-2098.10435448064,3.55298113042308
3804.04737177683,-739.186907077775,3.60608783336929
2470.02407053963,-2016.86061429974,3.51943365949808
3727.11940732095,-611.028170218574,3.5676036451544
1811.74794452084,-516.333680087161,3.4294641028815
3097.02972804609,-1456.08508023736,3.37294203926283
151.553104727635,-166.342882563719,3.53186220994714
2791.66135421608,-828.820691009605,3.58298310265081
3088.36567403059,-36.4432197477314,3.68355516912488
2067.49456991489,-679.566782429921,3.55342799410076
668.076343370779,-1454.84771542012,3.48926258425504
2819.43411640104,-1097.16517581045,3.53843935572151
2350.87390096248,-119.448830456765,3.33159189888003
3634.87236859385,-2195.82500210715,3.58612684024228
3299.88355500324,-2133.08002610875,3.49849493145336
3180.75325090943,-103.549395120291,3.66342301783246
2381.86707309801,-162.086885239406,3.68599411568696
2284.58708706559,-565.063828976354,3.20129861212105
277.625418195184,-11.8283636953716,3.56702677318803
2349.92470783658,-1413.24894428641,3.59186130473782
3283.1657482486,-1759.18641111366,3.58679861595158
2563.94290434576,-2029.26452609042,3.61173601611354
2314.43324853837,-1964.22027327484,3.49428780592747
1254.64967908325,-1725.25779579569,3.48590772338643
1837.25804896163,-1361.13162764272,3.58894939240669
3843.68664926643,-1668.94057100361,3.71190878520694
3474.91017011244,-1029.70728321467,3.40572509199381
1877.36713641773,-1378.26147820908,3.61257728461532
3352.82622952348,-2197.42677731743,3.66771066439037
311.136942981801,-1338.60406509604,3.62230122726766
1943.45169724949,-608.683781898009,3.4451825835337
1487.47628609664,-169.249531516287,3.42414911775289
2994.26301889432,-1440.75555076945,3.63111402065652
4042.02246790963,-2055.23035919984,3.60328996775907
1311.68732317061,-454.80886616932,3.45972734004646
1681.87517126389,-2161.58494827149,3.64014776474121
1535.56155575312,-2127.75310867273,3.59736433792764
192.489050172029,-883.884829241309,3.32212426994036
2470.57622492245,-2119.88002020947,3.71510750266905
1783.91643097657,-785.0291777318,3.51859597355503
1836.92245772804,-601.39976205816,3.60937751878707
520.949081767258,-1554.76732602409,3.57726474861957
2726.96476002116,-276.002044702017,3.48103598249049
2357.33585412448,-393.831749090289,3.50941395545907
1281.36355851458,-158.236802793676,3.80197395648122
2825.78449789813,-1195.28915864152,3.53147709218986
2134.72426014836,-1290.73514195113,3.66538683522339
564.115945939081,-1912.34839209786,3.68766852290875
2052.05096485813,-1822.74804456219,3.74364976274258
2835.79062298397,-1581.01341119038,3.61884401568705
2963.33541044192,-2083.5258214308,3.73992263514528
1185.86592406208,-5.7313931302534,3.56956263690908
2292.79665845014,-1087.27692459038,3.65290201636017
824.063928101264,-823.781874569963,3.73621464891053
2545.28876371458,-2155.55841319794,3.72567405295437
61.2110999184471,-1512.96838844496,3.62890840157664
3894.27115147862,-463.213978340732,3.79173314800525
2832.35183676892,-714.289765088503,3.76578149089985
3724.67165652783,-686.185940735543,3.68673177570004
1217.44907357804,-198.612045292928,3.64262505546123
100.082274138851,-1326.45474663954,3.79699222924631
999.125511743771,-1163.00277569002,3.79431378764035
2380.51678145495,-1351.73293563157,3.82439056016095
3255.36025204808,-1132.55003606151,3.76356067770077
3000.7880611107,-1674.02872858577,3.90147211737361
2279.53588236752,-297.400557495386,3.81412392969733
1003.34677576809,-899.314721591598,3.81508120260284
1517.01340383204,-1731.25173479877,3.80977269342619
3135.13056574798,-1993.4326481451,3.87614967262593
3732.41488321185,-300.895452139737,3.88750909691786
324.661539605277,-1729.28559959909,3.82938889271626
1871.65738863337,-1996.77153396575,3.98682318191517
547.036879820461,-850.689656000334,3.88721583428414
365.086069476453,0.247669486659236,3.83711521705786
568.333987288106,-163.18787800936,3.86285549233729
3064.80799740005,-759.662108103742,3.81551597596496
2703.7418984504,-2038.20383368818,3.90569882919265
169.052179221481,-306.436130705808,3.96407896169764
1362.09960585488,-1042.82953029603,3.76372913232363
1600.38882180158,-1325.83044451677,3.92971074820569
354.039086330319,-763.405610956872,3.6964899398055
3751.21243065824,-1027.25346668537,3.93566834305815
2870.90201221321,-13.6425850947108,3.86891321635794
518.637487190082,-118.763033503335,3.84633538858005
2422.60069848184,-1004.84045587604,3.81292953278377
3348.48199272136,-1355.95838365397,3.91443986847769
2810.56631933404,-383.89826937541,3.75365997774773
257.609409918504,-697.566776033477,3.94933746622043
3775.87065044988,-1518.2842905136,3.92139616245804
2458.02710670446,-309.640408138569,3.94846297123111
1091.71670900124,-234.762119132004,3.90726647514623
3014.29726392192,-295.041983451922,3.95510229464466
1952.51937359986,-220.934286563073,4.03868664241246
856.5674684591,-548.313461061834,3.97265158595904
962.604069423273,-269.352983749539,4.00847603110477
99.6091193532977,-1096.20594777364,4.06181888605328
747.133120442256,-1130.97744486558,4.02551347577
3276.7797666385,-184.405725935215,3.94423926654389
2988.9745796949,-22.899034431918,3.809902266311
99.7494623288981,-319.353411520901,4.00798190567739
1144.80262864943,-2216.94870635227,3.99709005690224
3261.73482443071,-887.107430135518,4.01001514065066
2599.41211602926,-441.797950986115,3.97416268470687
4000.52842534321,-1315.26122980144,3.97927009095566
995.380910283142,-1885.97468663487,4.10700648627812
2236.84028352252,-1978.23224406885,3.95228692350564
3310.52323512429,-1906.71946552313,4.03551914109544
1756.04064375928,-859.116396675887,4.03262347389048
2943.71043273782,-974.058008023121,4.06716545431403
1568.28075459335,-1083.20990954083,4.05238158077641
3314.46124170858,-251.942401783348,4.16429718765012
289.215171445558,-544.716398902068,4.29674048902466
3085.89309401969,-1949.17866553785,4.05579878709169
197.651787821442,-396.413196860778,4.13927400118345
829.789397723492,-1349.97021112384,4.2808890449988
3761.46225688202,-1437.48983390535,4.16370417505602
1248.47822384131,-1522.93231941283,4.16645066448323
2731.836654188,-1962.21664790574,4.13855523069032
2443.34519706443,-236.649942271374,4.11976595527846
3453.16555642254,-26.8131785333047,4.20741850841089
1234.47903640167,-805.809416965364,4.31435347071663
2585.14750663167,-735.015652556444,4.30245662415051
401.611683229296,-100.489217316773,4.28857616655687
2338.54686017878,-1812.19334872781,4.35125688105223
137.884347373505,-1177.62333744754,4.36810696982407
2534.26241392964,-1933.7091701162,4.19281034406109
457.482628543206,-891.890941974393,4.47040677385709
2105.83451888978,-27.1880570659316,4.40993240122046
1262.87911978759,-2156.08555204124,4.27360795431287
3051.02838438469,-829.175086829461,4.36032512551374
2286.75750160363,-352.674036375017,4.3969360408826
1824.18607709395,-2150.33173743831,4.19847924581028
3442.81405777056,-1662.39445074213,4.45325624883461
2487.17353019584,-1324.35309382346,4.50797193523694
2337.8543639843,-677.250419311774,4.49262984014167
3336.14876452051,-681.334359566846,4.52697904000374
200.675792793373,-1261.35393805643,4.39805744713832
1728.01389155483,-1366.7581779763,4.60393117449451
3955.76475064258,-1397.57364365733,4.41854022650319
853.382416324288,-1098.50237039372,4.65493371132441
3045.98178420955,-2080.96378172357,4.48942518790026
2051.699758031,-1397.53211191822,4.33317100648603
2923.21949330587,-2034.08979682632,4.39697960099314
3131.08201202617,-1086.55322788291,4.71677033581043
528.021467002251,-545.225094214382,4.82154324358718
2573.56341982255,-1611.65332577819,4.71918761902231
2982.56580463351,-2159.3647607756,4.59437587776174
2901.59725549539,-438.391597164919,4.7365295876696
3615.98672952789,-282.710601197099,4.76333450798934
1120.1472815954,-1434.46365113793,4.78162518251761
1556.04923532954,-666.39516589814,4.53715918581154
548.209135592273,-1204.63330799496,4.46154068110962
447.607172819849,-1292.29865233994,4.61711830883442
2176.75602558961,-1874.26333605673,4.87235931346662
2671.4260644382,-2105.81631631885,4.766832181406
1364.11297071332,-639.090428599121,4.98716085957834
506.068010720556,-2076.17534271327,4.84531597952755
2967.10341305046,-1951.47061604995,5.02592081518
1939.5181394332,-2184.81027645606,4.87098862086257
1121.55180719064,-1977.88101318776,5.08388232062256
3211.02811316823,-1255.92589327507,4.78845555314572
1686.13014307519,-488.162236698874,5.05104206563028
182.983511466233,-668.389295539955,5.05578650111395
2991.78529999926,-1188.70940011726,5.3056527864203
2892.99720323837,-235.197939647495,5.08504834154683
3457.18064803417,-1331.5940938744,5.43000132443527
3307.98551144457,-471.992242364442,5.10379156796762
1538.02722331857,-999.458349413418,5.14308366976658
750.690974912589,-321.063952179724,5.43781208832865
704.902466661037,-1662.32418707796,5.48354120152517
1411.4432207961,-1171.34959136096,5.32329947357117
604.91679431844,-1023.9461003034,5.73322049869163
3649.04191293219,-2104.7921674435,5.76923796857976
2627.4257768771,-1084.00180519508,6.11087865035244
3383.69037010933,-217.499463611951,2.90825280799993
3213.29538273404,-116.573181670151,2.93933098583469
2710.45441596156,-651.286751243576,2.95575575721613
503.513087837354,-1902.32620791404,2.90623120508842
2086.25489168861,-2158.51593752268,3.06228406980122
3556.10633749228,-87.7879196998374,2.97821220759833
438.0211534106,-747.235846174263,3.10389892368713
1659.81143946595,-444.667430879919,2.86955744570522
2350.98298819905,-2053.76355492119,3.06821801237246
2981.44513849123,-2032.22675961114,2.96121982560559
2667.91507700525,-923.87037135963,3.03609156610897
385.408679050013,-484.15757148817,2.97888410466205
2634.74078094085,-326.492028798609,3.38059746715573
1802.97338045909,-732.17261141819,2.77080700586148
1585.60241959858,-2063.16475493593,2.88426663907176
2643.13572001099,-360.237351156007,3.05390637132599
182.603337294748,-620.104215397846,2.88151075701876
1724.56589457613,-967.843807064266,2.85085436517378
3085.8793237093,-1083.65788684071,2.88213912978915
2462.22986692023,-156.236656635626,2.55093422437012
2176.99748476947,-1317.15244383584,2.71943163854159
3674.80356905973,-126.233831139598,2.93572318061243
2217.84299511377,-46.977446415999,2.7243078147134
1699.33339763673,-843.254832590522,2.97195561523678
563.669253810985,-1490.63866262693,3.1553411213695
623.248205497058,-1417.74063006848,3.43225825215485
2687.28304804719,-30.2523646810798,2.97954580749144
3179.84441741021,-1607.66342220432,3.17696238943278
1215.13198696153,-1929.08067710636,2.97491554636305
3737.88764632787,-1734.39521332672,3.16032609275511
502.876747041038,-2156.67407289311,3.03061984064908
1436.70851172184,-1781.66967506863,3.11001175811863
908.785913854563,-202.330016645789,2.65514319438105
1137.26347167345,-294.641547639435,3.08107916972802
2268.02315756435,-494.965936876406,3.07412379894168
3265.53805203551,-364.618768934725,2.92244383424516
2384.20329103192,-304.03169327095,2.65391729035669
1498.66308313012,-1002.21745541847,2.78465457478477
573.251140263799,-215.587179639508,2.93186486295645
1616.26507012782,-1083.65224793072,3.03164598361006
1528.40567966736,-503.397744928751,3.02126618290483
409.064648802846,-1038.18898744146,2.94540909239415
857.842026175004,-430.284117425735,2.622066348198
1802.01381181008,-202.47965064695,2.89724358794628
1427.02987731498,-80.7882393983575,3.42119431597185
1602.09057941293,-598.560194564933,2.94519070786669
3892.16669455522,-1305.42317580549,3.12092323089218
3433.35637801832,-250.14923242726,3.08884927179616
951.584996812178,-444.203605310608,3.00285507334373
3427.07019163227,-291.146966202266,3.24209017071686
2408.39399750637,-694.674283165694,3.31962947633588
2882.74542804166,-471.479324046152,2.86077766297753
817.241181602851,-577.917984783844,3.12446866759797
592.01474991504,-1504.94155428124,3.00526546513488
1458.93665744467,-1717.02031371306,2.72258477527402
3428.08562186153,-820.957436527696,3.08095077549504
1122.17414717934,-963.593543384869,3.13903543628901
4018.9148465865,-64.8991239020686,3.31826153044453
2314.08620537861,-990.571323701988,2.89213745444565
3538.11809395299,-364.242861510708,3.01001265286882
1393.59613074505,-99.9826329816658,2.98674525211052
3391.30070696701,-1963.04429172586,2.83695847498526
907.935053037293,-1525.98912377191,2.81295442358063
2015.88725316459,-462.377237907019,2.92381819828288
3178.86365932089,-294.76623810735,2.9429444494843
3513.18564218666,-528.948573957643,2.82707236064968
251.63957610293,-109.488474814109,2.95927921295288
1032.12069148991,-126.059149550077,2.94863199445185
348.151820630295,-526.467711448546,2.79714830175046
3094.39401763402,-1795.32072575677,3.11987061389707
3909.03522004175,-9.27784088882456,2.90511834898702
827.260223271059,-375.321257885679,2.8211123143285
3140.32937749578,-506.095164516069,2.86506400715912
3726.13704708598,-339.011082528654,3.01754596838644
1321.76012379834,-383.030260399047,3.48477274365375
433.017443432416,-1874.5275131545,2.83628802734272
2276.82780675638,-711.19220668935,3.15767836569844
4000.26202046456,-104.571302326648,3.19290225637476
2082.47474658666,-351.690133444388,3.12003479576259
2110.60659364335,-277.358676372733,2.65414642152485
3534.35825789948,-879.39308521968,2.94938168789177
684.28560659105,-79.259318933718,2.92404903120306
1148.07164595708,-1447.4738578467,3.00751267466519
2796.63900259955,-572.54668397109,3.1348713562559
3613.0604332527,-623.12139193245,2.89889653178055
1634.38764823461,-2134.51671472407,3.11353885542465
3162.36050443688,-298.738767050495,2.90993350968012
668.829368143425,-447.914771898776,2.9359479245421
3355.22533728302,-534.909800663628,2.93547731755227
2159.93824075761,-566.124628440073,2.98393459430432
3048.34685071765,-1642.3269251553,2.9431126491625
2037.74135287952,-74.6904504823241,2.94736071088336
1284.56004714321,-2107.12825585073,2.85151505152237
2765.11964358357,-1938.49593034931,2.97605510318443
2742.19873498943,-1838.70771108083,3.04988129472642
3571.91117266692,-1894.80088072827,2.93586982294563
4068.78134750374,-402.582944057154,3.10657605416714
2592.31735768855,-26.1397217180908,3.11342749601197
490.35472422263,-1473.96110741832,2.89308556567787
2452.94439420069,-201.478768818394,3.04361225662424
1110.14544635314,-206.730664221782,2.98730661337881
2190.95847916838,-1656.92248385981,2.84392366085557
2037.32873051704,-268.545419460714,3.09812765776152
3123.75087219173,-441.367812985144,2.99316999826156
1917.74053065831,-412.48188824405,2.98693215392451
1456.15335638906,-105.951687833548,2.89156050837532
1313.73195749128,-1413.04673734762,3.00224326916794
3211.75313894191,-412.443099458395,3.0040241536592
2013.93590529341,-1694.34427093243,2.82080423514806
2334.0912368426,-2216.11195899992,3.0380900061458
3110.43014085297,-2198.73910434065,2.87015625540056
725.835617753768,-1024.74936217879,3.0144989351491
2975.66950911571,-333.389028740624,2.85191781784429
3529.72652031198,-1671.50888084852,2.73375402212021
988.841694487004,-40.9682719108642,3.07409134500323
349.687249464972,-1456.23816756888,2.77249812318489
1493.8863169453,-1217.06829983134,3.03674778294803
3355.49846887125,-1884.6665195003,2.91214756691279
1129.68264818112,-54.5933292528491,2.44438638048524
1203.21319286833,-1083.48442196206,2.91836265334487
171.410890201094,-250.443818500608,2.89556226875576
1335.45323545908,-1650.42642095581,2.82605187547176
404.266996401035,-65.5139994036426,3.08413947559104
1545.86125968182,-237.282631329619,3.84685952565797
1197.42901457272,-97.6928987223375,2.72134446039016
2395.05096074211,-560.485055898025,2.9258691288741
842.928432156649,-187.646641788505,3.08663744220663
2484.82409420669,-361.558298147328,2.98363898030022
1571.13295378253,-202.090525667756,3.21933968406136
244.519967671583,-1731.20169627077,2.88796090156286
2026.94087177118,-2207.23852666759,3.04027410455025
577.340580856253,-944.738493712485,3.03720241947173
189.823824673506,-1645.01029228117,3.07415321965811
1308.46573415131,-2120.79959853889,3.0376669033512
1163.70293148781,-166.570246878343,2.50977418938475
1783.42526451287,-1921.78478918937,2.84871042865546
3271.95087974903,-474.239915078182,2.90281029588431
978.652587853787,-1546.96146404309,3.02966069458742
694.694785755564,-821.152358456193,2.93453691827724
1519.29183807904,-404.68220912377,2.94173101387032
2998.27817087837,-1742.72265889456,2.90474257477735
349.638854537849,-267.081834212264,2.95745059763176
2268.95409175793,-182.693108198517,3.04256845575064
2994.20493677505,-81.4671886348174,2.78760163205044
1413.86453111112,-221.148037298161,2.78221972606726
3438.45815643015,-847.195052688391,2.46336305225011
1182.92196101396,-505.321148332958,2.9674429186724
308.978893557719,-20.6654789871905,3.00153658011376
1068.67648632598,-56.2448185928885,2.97564914233679
3305.28284746312,-466.278635014351,3.01046495775221
1858.36570104917,-17.0571149007577,3.28386350798896
3334.78618284709,-640.339344603312,2.93857002131586
336.368402283882,-1589.4766940639,2.88365642080671
2420.32183064155,-52.935861687821,2.99000915205903
1119.43721558469,-2185.26249731486,2.98552821260256
1220.81372621959,-426.818475692791,3.59661229460397
3122.07984603837,-1708.07689437109,2.90560690278227
3337.24252478575,-880.786693880915,2.93410133292343
3097.5079282426,-2108.56878688319,3.14486162926842
956.546872104975,-2123.36232375953,3.13256036595433
3502.4009164479,-906.659883656973,2.9480384303409
549.526098258729,-2125.45124788617,3.0075033394956
2510.40137438882,-440.182021795105,2.97697871827948
3895.25909201733,-369.929708191566,2.96054020154214
3444.02611027383,-470.629315439811,2.97548571290993
3687.07411362992,-493.113022348758,3.20986153812123
3709.93841713411,-2009.25870344287,3.03103697240362
2965.0465138356,-1380.0234116317,2.9920020792669
1100.61496903066,-108.352914630776,3.47080147676574
2498.60008709974,-1930.40735837146,2.86965909849856
897.601844806507,-95.9930836555908,2.91544419673653
534.396285302786,-142.342398151445,2.88669317741809
2840.34759581323,-549.661433536998,2.96570385123513
2090.17666819,-1955.58839583297,3.04083182910408
2605.46224148292,-1950.78751912781,3.0198938532131
166.145284312539,-1533.10992522104,2.93885256121865
626.44587096401,-1399.84904071165,3.04535538301324
359.609779162582,-129.593656522621,2.96807821137912
292.573661103507,-712.987130391594,2.94183489463444
1254.55569526228,-1496.95309781779,3.0077028706051
3042.37239603943,-1954.98679091957,2.93091961020346
1668.67322470852,-140.794070967092,2.94325962428592
1654.58900417722,-62.4655771631804,3.00457105792081
1110.12225707807,-1593.36882993859,3.02543330702607
879.360442305139,-107.043322180443,2.98299676238357
236.005692288443,-1793.78076739625,2.95361821169031
80.8643978901522,-63.0231306819396,3.24445183307065
3670.75314562352,-1436.89272249616,3.01704226490187
540.421268725831,-375.822371883802,3.06967626990499
2957.45417156901,-104.279833666529,3.1528090740567
611.198454552002,-429.526382691698,2.93530390251805
2827.72971250409,-6.24419841564038,3.01593506625255
1277.67664914678,-1944.04163850363,3.07452585137691
3870.96545396419,-290.675754711138,2.95733825547644
2160.48159293455,-1595.95888417275,3.10371815248985
75.0047785350411,-2100.92977201982,3.08241126767087
857.419796466035,-1517.89540260156,3.1519376572994
909.104942542589,-80.6754744770654,3.08659584102594
3179.08332209225,-460.5956457874,3.00023790749327
1701.19776047896,-100.407856221448,2.74206577168632
104.206766242109,-368.914292911096,2.99196921485394
1784.10586231529,-1132.42240432865,2.96885222651706
1976.31882525303,-449.992833667559,3.06840990074172
3270.40894252136,-379.842151621275,3.02017630812723
1311.63980168922,-223.935692963988,3.26854176756417
735.274859567968,-1187.67169773786,2.8694590111118
1281.18930043025,-103.779388819913,2.89057424962907
3285.00694480377,-864.876218409312,3.08997484167465
1218.57198506735,-1551.33692758675,2.93761284543767
362.797886659647,-884.992836198346,3.03142344672917
662.811311114087,-897.370034649221,2.96633754789907
583.051043388027,-1603.44180371139,3.26442128128168
3714.24346952169,-1670.6076036829,2.97141760573263
2420.43384852113,-234.808159674379,3.02109955829283
2803.6098912266,-1961.58294744477,3.02472007164624
1716.66679343041,-1913.69623070417,3.06280657145286
2319.80007658429,-155.226535484905,3.0217348450482
1273.49018150242,-201.743501891622,3.01918946614425
2180.00455420796,-220.131572845811,2.93145442344769
3184.00257172973,-662.85940390942,3.12536869207205
1928.62743944946,-109.219267660804,3.07852852016504
3713.02212119038,-255.100707473878,3.03691833733081
3755.11698236074,-162.591857076151,3.01021152822469
1578.14353732992,-256.041771281552,3.13890520753262
1030.40004953682,-1621.28638969703,3.21019552440452
1055.77574574109,-1575.79074082474,3.18230154164814
3691.84677171168,-21.0413932364645,2.97768079420867
2761.09464395602,-38.742898981103,3.02500197506348
1383.81078054882,-143.499499360446,2.93788101842398
3105.434288766,-1975.58333391192,3.05066272230154
1013.89933439259,-1026.99056900289,3.01755770609983
1925.12795261991,-472.603870729919,3.06257976019533
3341.37009030988,-1792.26667787823,3.42063612374596
395.328431245559,-236.864202700206,3.10050930370711
2241.71105423995,-1761.70597677362,3.25927820143706
2550.4888853015,-2140.80630690917,3.10944640312207
1415.79515640034,-1972.68829316484,3.0664539111181
512.477309199801,-1752.98921042609,3.12901438973921
348.284567667689,-278.674127157212,2.78403763495961
1794.76045706,-1645.72456405297,3.19143960069233
1902.71942405564,-2180.7119393399,3.29261799074677
510.962914875405,-502.636665293828,3.23170104840083
654.158104277216,-430.547417874775,3.12528459011563
869.191735363366,-418.03012957513,3.04930648967485
1055.60207398608,-349.193869053241,3.23473851123301
1364.84308022195,-150.180978108264,3.20918267695015
2021.71413917236,-522.260372788643,3.09991689121247
476.57121716501,-144.948310415625,3.03867407716152
995.089534015304,-246.088554453072,3.08362999153098
1824.57723586241,-137.78310095054,3.16149492784237
1634.74670459082,-298.768261128731,3.07264962151392
1967.78031631783,-1404.51649940783,3.28430208092375
2610.91141031163,-316.233642888502,3.17786995848901
1635.72698050499,-1021.08458067632,3.16022509586448
3606.57534521088,-747.978243522473,3.45116358367664
3981.70402042559,-537.968281915463,3.214446322394
3329.76127789672,-1713.04738423578,3.2953597751311
1312.78388765281,-1602.69733425764,3.20049228056081
1944.49247026912,-1498.85017154377,3.46867338582299
3623.39351977223,-933.699969847219,3.46442585581485
1986.36804248495,-556.06388189735,3.19328970160271
3559.9085412013,-1628.73924399277,3.53034296510855
2994.20111852248,-1642.81370307286,3.33877182562468
1181.1178116564,-1906.17386290843,3.28826420796908
2896.41420294452,-1355.09691753649,3.40249141947122
2604.20612713378,-163.017359863143,3.38066811886662
628.909801791551,-281.609364203539,3.3132482399459
2406.76891061556,-2210.93568894284,3.33730406789175
3689.34116449865,-522.964094122175,3.45966634229957
1941.27752831164,-763.332746468992,3.56403721381316
683.32784042676,-1879.51414013372,3.43421754425885
1837.52069038657,-274.977220310222,3.49643782808729
1691.61612531375,-183.647982727414,3.22084053615023
2794.93258681098,-1380.27121218062,3.32736227809689
2422.63338729193,-2198.94778436331,3.46592239199999
3350.76223410562,-1739.12697968592,3.64222707768453
2527.08133487226,-768.127765143279,3.41684035772063
2819.51968651516,-164.526708672437,3.76563431735156
1884.95343685876,-546.798048487621,3.5183884202031
814.616008343979,-329.103745878779,3.27453801688141
2324.8317326122,-1502.35637912612,3.44394746434558
1515.13843078251,-342.035147748831,3.41543306808391
1450.6626617724,-372.85199644653,3.83503379151607
2567.57828102147,-177.335883765392,3.39459166838573
2964.14326640954,-1476.43186070923,3.54422928105423
1482.90017383692,-317.559743146038,3.59837524131599
1451.3302531687,-264.744819368586,3.58111782524449
309.264437677378,-2203.89392995866,3.81500442274057
1317.49649801051,-1515.89860502362,3.86762102494173
524.23123589406,-306.998086771922,3.66714553119282
1919.8463429334,-174.104303872934,3.67792511326066
1391.72428579416,-346.055777451467,3.76684280443292
1590.0877690516,-1691.00860059408,3.97133591929487
2034.27739870704,-213.633454512498,3.70578916426341
3008.40887595333,-1832.97321865128,3.81594401682094
447.174897373874,-354.544317868988,3.76114422232117
1940.6176783696,-494.959466141719,3.79871952244244
1325.40684884848,-183.146742434244,3.76481208720776
1088.32854073354,-2124.8765084212,3.94979815434282
3435.79984287784,-1830.91637842431,3.99441763073718
1165.23741861863,-1513.62991538518,4.06599779964273
360.146277909276,-210.683005441892,3.66888267417735
1538.00177047808,-56.5862986607314,3.82672557620537
433.805793401183,-156.812839746785,3.77329564273227
1032.02672124712,-65.2372420168976,3.74000017092941
1537.82166026409,-1684.38285422606,3.87499894582389
649.533736952138,-179.090683838617,3.89492798822045
2316.09321833778,-520.246278390077,3.93599850037883
939.431570469808,-17.1703223713823,4.15238711763622
2386.88497642883,-1621.73924779367,4.14013233490501
977.796448908356,-64.385406602454,3.93726894813478
3438.56863304615,-1584.18563615235,4.28914459806427
3885.00478075652,-212.729604792315,4.03799048910443
2752.72114193577,-413.046297404859,4.05624166897797
1871.90835828362,-1632.98651583928,4.08443186113923
626.696022293335,-593.716189803885,4.21074420447223
1310.68680168647,-124.981144110075,3.99016263414106
2966.66827909291,-1938.05787125935,4.29326485798295
3511.34030053216,-475.127129691643,4.3040295468835
1438.21389725361,-1459.2554605815,4.4733022065785
2765.33557645284,-254.619549271915,3.90798354964956
3964.63290304914,-422.247289054365,4.31527436852016
298.373434923625,-1853.03961824804,4.36939046640809
2234.45473366379,-531.857680885968,4.51275052594606
2291.09026702225,-436.502673093079,4.49756416807204
2598.9733054483,-579.999179997327,4.53253101743027
1097.60516703578,-707.624246846106,4.58884085119653
3414.19588697592,-562.081883589491,5.03523042777953
1508.06979937282,-517.324203708257,4.90100419933776
3648.05337648629,-1610.68934458271,5.28290991849226
1700.33760474708,-76.8409972241548,5.24117353496693
2859.62324843468,-451.388358384563,5.4378362731611
3227.78444634001,-284.813688452591,5.50733707661882
1837.1882421074,-1249.70456807989,2.84233346760132
3081.38028537657,-1046.43563965145,3.00248548825202
2804.47361999334,-1260.81276554683,3.13410281337537
489.431407655734,-1789.55178082897,3.0975427378677
1680.68723073946,-495.283697145791,2.88573188022617
696.936960494514,-1702.23758850331,3.32628243848187
3309.79771389588,-2168.26086890524,3.10633777533757
1315.41840291769,-641.021502427343,3.18506783698249
3349.91138413328,-731.400213926375,3.57294167311185
4001.39538426947,-80.6197429179997,3.11387264392805
3365.53704134238,-700.125510647178,3.20622947471185
2584.97621379791,-1673.54674489435,3.37502751556603
741.645658327104,-331.781790767393,3.46758235659613
698.940208816,-2062.02819458446,3.6539270541096
2321.12584285858,-1560.66893911289,3.6300043871348
1641.05668014136,-2106.57852583144,3.74568217104079
1496.42123101555,-1522.95604502097,3.8431924658608
781.507583612896,-1940.5712399284,3.68959727437431
1662.96660136312,-729.629220656361,3.66372345999088
1682.21891838224,-2028.4654205278,3.81000572133102
1721.11455086271,-520.670388597749,3.55297226918009
1260.88445378761,-1417.72990951501,3.84805355796495
1692.43159085609,-1194.5866667171,3.9178147550883
517.746905048758,-2195.86811931171,3.86608243372069
3776.66160381996,-901.618718601812,3.88325978231142
3914.435260567,-1168.97374107575,4.10512906169521
1649.98883375888,-2072.91027055892,4.08618393082158
1140.98572681327,-2157.61934467068,3.94896498722711
2282.93830639102,-2204.85638372601,3.93061343853913
2741.28952750518,-2077.98704940942,4.0484588193663
3813.2217017235,-1077.57302548295,4.34017227947748
3712.15427311247,-1549.05130740541,4.06510338696757
2605.17403279863,-1747.66537524704,4.59817537600536
3899.28339378083,-1019.18724805458,4.42787199013637
1877.96057739125,-898.647869618403,4.47827472747306
411.041372248056,-105.193830695806,4.71272755219997
3925.04359983314,-293.102530941641,4.69306526855421
104.426672412862,-524.56997288491,4.71358012378283
2109.85652388535,-1029.65155587426,4.91553837525112
2272.43477286827,-1713.89444776027,4.4214577333803
2033.78006523048,-874.923105353042,5.27882119093584
2315.09157581365,-872.582335784487,5.20774330264336
252.411813376969,-211.050618819285,3.34995463004608
3663.35527735001,-1529.7931601047,2.9155599962962
3047.2189576113,-1460.07891003291,2.99509560140505
3118.48127110099,-1362.79655533429,2.91001247388761
3943.09178642749,-1351.97812597058,2.90598689640409
3958.59899692965,-1446.34111172137,3.05844601325082
2906.90392738481,-914.177514469929,2.71889168187582
3699.14095224943,-61.2731016260953,3.68293817966428
2149.11052276199,-405.355226003368,2.82054850610928
1598.63750534735,-959.027659350959,2.93770841402281
1551.1872433436,-1479.11200957054,2.71842221900671
214.204745017195,-1951.09105857695,3.014931818135
3308.19094605316,-371.876954827803,2.75036751356999
3774.74752173129,-164.154083088043,3.14556717151193
620.907140572389,-1200.94652929914,3.16831933721697
2370.95875888046,-1160.82474279091,2.96779606357657
2650.04145716334,-1523.10563420019,2.79086195646119
3336.71352004363,-98.5879980288992,2.995052266072
1590.78223903383,-1592.79735802078,3.00152614937136
3024.15875735978,-1267.07964228956,3.27628755188621
2031.20413768741,-1137.95945663401,2.56538577764958
3481.32992525557,-2171.61373989116,2.62053330829576
1703.43599051452,-1418.04811458476,2.84774615220808
1197.07936880668,-2123.53873003134,2.89675397924496
940.827503098912,-2098.09472093255,2.91894708668022
2523.62295773967,-877.146617409187,2.87518707889418
2927.98699558168,-320.065959379752,2.62908579325489
3878.06206625033,-1115.45661523198,3.02621547048415
3951.54579620405,-2098.94902012306,3.04778989514074
1493.08232667547,-816.899155658214,3.05283377202723
3515.73482484829,-1939.69073467704,2.93864975389698
1030.59349142437,-676.247337652356,3.08314707333989
3826.52499323381,-168.344947289328,3.10189652392952
1224.26635464884,-1607.97184898514,2.90987579554355
1764.63101209203,-1990.68553693788,2.89176238650512
2946.82285870121,-46.8713542480953,2.72858327996512
839.374166507164,-804.654959759395,2.95875879873609
1163.51210688707,-1809.58451652581,3.04338745863465
893.771488117488,-701.408636208454,2.94103379096007
1658.6977883796,-1991.71365946918,3.1007700329678
1298.65348185293,-2033.17580292896,3.25597758707337
623.319092942272,-1785.9287968094,2.9529680479181
1818.84763667059,-1053.2064218873,3.21345123363803
1620.36036482187,-1748.75440451084,2.62376318027036
1170.66883800842,-313.185201472493,2.80345129063574
1123.35466832548,-1716.06039545025,2.57110990452402
1156.63296216754,-1624.24255967902,2.79317298359348
1489.54731169328,-499.225036987227,2.93317958139356
179.434985490373,-2143.13761370099,3.32620848358883
2798.2086414267,-40.8695764325315,3.17075934310658
3140.83933329178,-1779.56272199928,3.01097076168799
3108.69935617378,-1868.85419536567,3.23341897754659
3424.85722375722,-315.253532380099,3.08747875325254
3896.7570943864,-1792.52802757,2.88313723337461
1173.54236836025,-75.2929475646901,3.21893428558068
2417.25263532364,-1536.4418776317,2.94420260430183
2940.54247845175,-1645.12040348771,3.28568114397686
3835.53663547874,-1372.19121870916,2.79796483025707
2266.57265744947,-1396.84817470175,3.75069918839778
632.646705743847,-1935.797385285,3.02585666567615
2093.1749076502,-638.440191217126,3.01528931260225
3321.5786378137,-1185.81418002388,2.87237465919135
486.913865513714,-1042.65928374321,3.04496333041337
2857.61023108207,-254.376955045184,2.90387887236906
662.183404881257,-2204.73606242356,2.80746880244511
3308.21294488166,-1511.77875456085,2.93784069104327
1318.28549881506,-1452.80308360159,3.10421473315873
946.330319071305,-346.006927217851,2.38563290130403
442.492123965131,-361.476256219504,3.35008072337303
4010.3870342019,-891.40253384119,3.02932941603676
1151.10512315286,-1676.83712044272,3.11013511288602
978.943364237862,-490.376807989289,3.1113176076963
3023.50158973784,-495.141881011874,3.16582144718422
2933.46557903997,-1055.39369218464,2.62047819850433
3821.03620193666,-249.835598889413,2.65814727044277
2882.45676563451,-2066.69565018951,2.99519408904085
4054.67310465136,-61.6398053234858,3.06316027764341
1863.7003457553,-346.290334702563,3.2181523616278
1913.27634370059,-1307.42348600922,3.07106393490755
1200.79345700115,-770.741179981599,2.7717841174374
3202.99224305752,-1886.05232011102,3.46714109436276
1400.44486433978,-2196.10295127597,2.95844468698391
1760.63189747438,-1039.64325441827,3.10352679857857
1802.50766438754,-1946.69257004775,2.95468292082724
218.666643587211,-882.619994337171,3.06356500049139
1824.94922933436,-652.654171650629,3.20912926703182
780.613969070262,-588.820024853948,2.94940633470934
3475.22095736054,-1255.05594674949,3.25444049136789
3617.07470330395,-1247.92142829797,2.85969290120693
1807.01200231617,-1376.01132572571,2.82066577661452
1037.05644426474,-1905.63682823531,3.52455092405579
856.195753079702,-836.955043380612,3.08580234047908
691.101926471969,-402.090305817838,3.16648396557116
662.472936404454,-1481.22590239346,2.86129984663956
2344.43474716712,-1959.79042251694,3.00038204143375
4001.75598251713,-727.698436529441,3.09835482817195
2924.48830352621,-1941.21542674093,3.00655679279128
1239.86896964498,-1086.90182014864,2.93530080071526
592.237039488344,-1841.6191018464,3.04129018201668
443.206547147033,-1993.2869973607,2.90469010067969
3809.21552792831,-236.713709327186,2.8222976494435
1852.95097086265,-43.3281800853824,3.18954634623818
713.349400193231,-550.061793312901,3.27880055355216
912.819479795908,-753.48814023045,3.04277006491845
2231.05362694328,-551.982594663285,2.81474484327913
767.583176867992,-49.7257155157806,3.33249236721377
1841.99458484562,-54.971769897455,2.95725766426038
1550.60583804622,-625.853025108699,3.70391855680534
2225.58137000922,-1243.44417123929,3.08118157639421
376.170340100432,-1067.58779421579,2.99973448651807
1571.00588759387,-1343.52257591597,2.85541005490992
1122.36703456822,-1808.92271461341,2.91779046235053
965.257298754222,-1209.02649669929,2.92308777381258
231.192381380519,-607.318947361441,2.98073565803589
1549.57707281316,-924.798018302943,3.22288762375509
2642.88999145593,-445.678897819461,3.15809458091249
1339.76092546169,-1604.4236382635,3.04430894120348
2501.7695444461,-1778.98082008126,2.93582094220024
3959.09859073307,-296.905193842827,2.90164817502481
752.035758867315,-978.540439771385,3.16106125587812
2106.23784426694,-810.891059998936,2.98769302923245
436.278985084463,-665.974201140171,3.10233593983311
1682.94284961456,-210.883672320115,3.25073795830128
1434.65968438258,-1875.63756923959,3.07186545217615
1390.51692806222,-1427.65899995016,2.92023951577017
2323.71383973948,-1548.39875491019,2.91716046017819
3094.67508579098,-481.165498729131,3.23025430537286
2728.33659415568,-800.521130435509,2.9217664779698
2968.32557795956,-1417.35703285792,3.35335416172202
1470.79018422156,-1367.45659766482,3.02969681128146
1558.41361813824,-1222.69623098065,2.87715264921249
1756.98831602737,-54.8928392089131,3.02517418539758
4017.16617143427,-128.001231120361,3.22570436029969
3526.6035673836,-273.304854479914,2.98406213264888
3492.60603610659,-950.884428190883,3.47550405288778
1237.06424688485,-255.198048472052,3.01079902283021
2069.68654534925,-768.566546187282,3.09234280277418
1880.10804744482,-1044.9349257244,2.97316080418638
3245.26268533116,-1790.55042163484,3.20579487898315
230.067803757202,-824.981148917076,3.11205428248587
710.466675640575,-384.558806101118,2.8935248813568
3148.85907672257,-823.991528350582,3.16564178277802
3694.72575141487,-2084.23761394017,3.27193602617405
1028.79580754142,-2045.24050055098,3.3830141830501
3389.38284879428,-1101.17857944798,3.04929667081854
2232.50060438061,-977.008063841066,3.5640522344036
1394.74183936996,-2163.79897876011,3.19078632786119
538.192183461077,-1357.48872306742,3.05508321347027
3712.15511262062,-474.552483278847,3.17384576119754
1560.40097794295,-1284.87735850998,3.02602395908783
1875.47568922407,-1796.39541260607,3.15021873739322
1210.86714508267,-1315.26226051152,3.17991879099356
180.460493849075,-2116.56815097378,3.67301907316441
2919.92467489029,-1473.59907014297,3.05628798265476
2627.93556605877,-299.978623725388,3.09379665145235
2979.13195294632,-476.427679746988,3.18913864211168
391.323390249191,-1644.22514293312,3.26524012001455
749.620605017615,-1843.06130837128,3.31935107507924
2418.75112395446,-350.221142717515,2.90275001654603
3690.87663337199,-583.77920694144,3.05103669397898
504.092981510499,-1413.05038277497,3.2092337992895
1249.58207122401,-87.8867383461707,2.70229396926212
3092.03026952867,-1251.16951887457,3.12230494962268
4053.51244620466,-1378.78595788546,3.18744604840261
3178.96446403022,-1653.5122251249,3.02735035179914
3967.34777457928,-1130.23898797135,3.10080454939216
465.281101442802,-719.01446650778,3.08880491602678
217.904848592697,-21.9052059007286,3.1575258421633
2098.07500805557,-125.538266994227,3.26691812469958
3071.19603422583,-1765.84429828958,3.11711838268703
1314.77809895124,-1303.52286963164,3.34135786443132
3979.26115626182,-958.593574481516,3.30142501848515
1578.5463885936,-930.001770903218,3.19213761740952
2580.33319596362,-333.093141115488,3.3534410477473
3119.16617248665,-223.608512894029,3.06045561835631
1113.65349329936,-1569.00448413838,3.18750939480229
588.644933056544,-1735.01992527297,2.82059717998265
2781.33724339637,-1543.83927389504,3.14112244687946
3633.65725179002,-1966.72161334133,3.16323863272798
929.598632940584,-1774.03354174756,3.12260426924021
4004.8489248656,-256.733756876509,2.93805992630659
3934.9598831505,-1683.52854800915,3.20969540701395
363.017505121394,-1312.17370607829,3.20882337813313
3228.33209094115,-140.584514107091,3.01892059392529
3852.89029402766,-1602.75181283733,3.19053091403045
2063.04250570187,-578.477479919438,3.20575867021778
1085.20228183709,-820.844116779334,3.02838772426096
2157.45617808635,-1079.29091635665,3.21454945863356
1377.63285253014,-1231.21565089787,3.30954206672099
1402.09032151559,-488.717640657494,3.11602036445174
3145.4460212322,-1549.11413852645,3.24430205648255
805.363334982228,-2145.76477241089,3.07432323853098
2073.78652382513,-197.820202692741,2.89736183041148
1991.29250664559,-751.890969941766,3.34037445559779
3250.18689133424,-1880.99524345416,3.3080762177685
1394.25375685658,-734.676219418834,3.11730333651988
1314.99035535211,-1321.26373634245,3.1786813691453
1535.94472406567,-880.068216113252,3.44045826819529
1687.65181862895,-591.319891390582,3.85157657215479
2005.88106951229,-2128.50025084668,3.21421103567616
2941.52035754015,-511.489331692931,3.0399882981962
2850.54093867742,-1179.10881891612,3.53330296748029
2503.76805852565,-1546.85839526891,3.10581511824024
363.819386647662,-26.6089626645888,3.26603721877265
441.532447437071,-1105.94748345196,3.25509078157245
2327.70529021751,-820.811964284493,3.21649878015023
1632.584271106,-786.540949450144,3.10140678324181
1459.83007304652,-693.085621878979,3.7163914572319
2956.43482343119,-489.525236284065,3.07020263345482
3351.74561137621,-1190.43670661652,3.40405419695204
1137.4084727591,-149.296009187635,3.39397805769754
1788.2475103015,-448.266340356825,3.35099445733365
2638.9433657082,-783.641376346262,2.9754644035377
1896.78643527337,-29.5001661946857,3.17589125015416
2241.07981618044,-1527.90511350212,2.9763545199143
3649.18833457268,-1873.72024682871,3.13728039372991
1014.9277104992,-2119.60957680893,3.20018426395637
942.769633995132,-1656.72453076243,3.22337276491064
90.0974465874354,-1366.86192107889,3.26713767812852
374.471661077432,-1525.97994486286,3.11920379407474
959.434564691553,-149.175064929715,3.1837085546242
1922.08825125912,-1132.14623125985,3.05180258522738
491.15040736842,-674.475274771444,3.28768167609933
2072.69991123553,-529.240603285627,3.40416303711004
1972.72941347551,-511.342099182969,3.42789023442159
3222.50067606544,-1366.5427736004,3.27318400650504
3600.95487912368,-394.515467540188,3.70203261268519
2022.59877268877,-1494.69445257721,3.18986753251466
902.491073455789,-230.841856849803,3.20602874919724
3251.1343582284,-1894.82771750795,3.2217032942642
2741.29771978087,-1740.01284523076,3.17674019721191
953.120750111879,-1900.93058563392,3.40707013769735
869.86549853155,-152.502711678331,3.38636864496217
2974.82966287613,-405.760475858001,3.74283537285776
3104.3242289385,-2150.86262950823,3.31015006563262
3438.18731464933,-1753.9167285633,3.37430739993194
953.430134409905,-1229.7843869645,3.45237837610508
1743.11532232662,-951.906083264558,3.50334391072376
991.220347697148,-1833.903029963,3.31726254442671
652.561989618992,-396.741463690621,3.31271395303927
1376.5242299569,-1958.72553551555,3.26474434828759
2726.66595532709,-1577.14287660197,3.50516154875965
3609.98879534091,-1714.75889719085,3.28988100584554
1587.78345263702,-1148.22173802884,3.40509167360823
2696.45914654357,-485.423671264555,3.350862658824
3888.78896542868,-520.42895891563,3.34400032659679
3467.25620839495,-1376.59717134107,3.29772090987573
450.401257775411,-275.451196662602,3.22379169757322
3057.34975056271,-55.2688677173001,3.71200562736224
2026.6221716495,-889.442384563859,3.78431328891491
1051.64629239268,-444.97412346737,3.26947127911221
2150.59919002418,-657.887524653527,3.5730163464002
1930.40506273053,-2152.04647456925,3.14486256996433
2688.50319858329,-278.390355310621,3.34788411115738
3199.65918744398,-1518.72438059247,3.59368158676292
645.492290466643,-1918.1461290484,3.25087910035594
1623.88433002545,-269.387127273044,3.40143620449802
3264.54485763032,-131.09517227006,3.09044793538834
3317.61621553747,-1609.57239791808,3.35173919942938
3839.12808567569,-1650.12471143289,3.34317688705296
3493.42043632173,-1837.12219796737,3.24481020309952
3750.81039037678,-1078.27648651493,3.10717597352949
2423.71699315495,-569.673091461294,3.77404331200694
2006.11792190096,-2046.67871929931,3.37259801050125
1122.05499575886,-549.570880270443,3.37442660267132
834.816550412964,-1028.98896133737,3.60148210365452
353.256443198178,-274.793308117724,3.04044710502929
1884.29745893664,-1251.75800370231,3.3561327653438
3946.47501334436,-994.106998010011,3.43356717305932
2700.88568579764,-694.651918853868,3.95955821046824
1259.90437338176,-863.379116760274,3.57684610230823
2786.21556064092,-524.009970302061,3.40413013623842
3609.31825599177,-1776.27889505847,3.56545425665903
1936.6977294117,-1392.5715589183,3.59105453464672
1210.97310414178,-1171.83266271249,3.43593563305189
3648.73552861395,-1660.69617195492,3.67600686532776
315.102068133023,-1982.94201305254,3.71268362700675
3598.81733548689,-1417.74055634831,3.4301019451061
4049.00145624308,-1048.7714014218,3.68742613232617
3479.70439888424,-1465.51967145898,3.62701423834463
519.800310907993,-413.695149386584,3.86341150765327
2011.63462154361,-959.231597752889,3.40919648191005
3327.81364989428,-770.862628444822,3.46824955186216
233.554844286718,-537.752434997251,3.34770077039308
1442.17249341186,-1267.98768574053,3.64110128871407
2624.03570798177,-68.9881755477066,3.46619771586167
3128.01775657722,-1397.32711504957,3.29423326771575
2906.77575130287,-1781.92234561409,3.42091064951468
1059.0403487366,-1683.14604227768,3.44723929078963
3177.78008999413,-1382.9434925225,3.45057805149182
597.239340892677,-80.0065090340463,3.36542767061824
408.997638681172,-581.638779132443,3.42609444243171
1843.33561690071,-743.403909529996,3.72804216912526
3748.71401095884,-401.639421063159,3.71155049994501
3682.92469331249,-1325.86713631985,3.39847589573553
1382.48330801031,-1144.40589106311,3.49564535687849
328.031645782755,-635.753643545324,3.47349710958944
3860.60139265516,-1437.64984363637,3.44457279925548
3247.7972452326,-1962.60775573079,3.61041724838906
1399.25132054942,-180.859628506114,3.69680274499033
2277.42990107508,-724.00842491823,3.92399664237276
3710.42983067367,-1985.69646411124,3.60836019014743
3614.62890424701,-1193.71202661482,3.81312563505456
2181.36851593834,-596.662886298603,3.58638764194303
1013.99787849461,-2208.10190479556,3.45770274844015
2738.50151036575,-636.504703074356,3.85209715234832
2227.73097109516,-1809.94041082873,3.49947165909177
3052.24051171422,-261.730300949716,3.86534298648218
2958.69247194664,-882.01645313485,3.59830747123892
3740.31899512062,-1789.13497410635,3.78486237448036
2971.02464325475,-909.258089431923,3.47992882266843
3754.81926170659,-1349.02045914589,3.81651847616297
2276.04451462715,-882.086784339952,3.31365129355279
1961.16165664356,-1996.72317200758,3.48912318565747
2240.25752996185,-196.141923698288,3.52391303343381
986.735823591974,-2169.25282341569,3.46285514730589
1562.12396716284,-321.34809676026,3.54845675309269
3301.45083969876,-1695.98323096638,3.82661189866967
2853.50020676459,-906.673937466247,3.65488500790976
2607.35582485007,-1862.17152395299,3.52215469019833
3028.43578968722,-1003.51162461171,3.43778630421386
3838.80785129783,-966.305988140884,3.80983347273146
2505.22437236389,-307.276550520993,3.78553152098368
2019.58037330807,-1557.1017787805,3.92680887750555
3900.76069341318,-1465.99603154142,3.93123850871528
2912.33173964957,-885.997271822074,3.57532683248215
2046.18769139801,-2097.14696256476,3.77050082836172
2008.79764981468,-647.800283001513,3.78403784197504
2251.06145280989,-1200.69933363064,3.95959647787886
153.524554427767,-1060.26914391089,3.65326827099168
1781.19779353914,-234.933863447573,3.60760353329876
2302.59249409157,-2058.27139168206,3.43745921750883
2391.10084878955,-374.177617010908,3.71285548312811
333.979782141386,-949.752201812085,3.96445314670173
1763.80153434647,-389.465961077787,3.66923728942153
993.686161299128,-416.83027093212,3.6788568075239
1813.71378050493,-1303.38979412105,3.76990228824045
2385.63855706183,-1423.04882729487,4.10195049196593
1533.448610384,-958.226496533933,3.77049411856337
1637.43394197335,-1207.45650943842,3.48691003745498
3066.11758720581,-1361.65938469944,3.50753823317922
3130.78733586766,-1295.20453373123,3.97415527038623
1167.08918621015,-740.920470372385,3.7519796430274
2435.66463258195,-422.926123251802,3.43500823069491
3914.05448948908,-2183.38777595939,3.56798353665257
1652.9699709794,-1657.14608070209,3.95562961700577
2098.27905767668,-2099.76358069603,4.07376513370189
3230.90230678614,-187.721094308997,3.78768026373066
374.989078333917,-2044.26929242683,3.46212378582942
166.427337840788,-1997.3768563139,3.78062519725405
3111.41357487372,-2077.97443958738,3.98769524659676
1935.99706811914,-724.542568786747,3.71701494374959
2093.39115474826,-1759.16885339627,3.81524007902956
1364.87126601158,-215.756453944142,3.84033406942688
886.009245161897,-876.896917591272,3.65415736122239
1763.4159952159,-347.813030155351,3.65505072192708
1989.55086082971,-1819.44669378334,3.93507467494655
2200.14575162248,-1304.21506464435,3.7217484232639
1809.27679987159,-1665.02908422805,3.78458220065573
2149.90346486556,-1470.22607035909,3.84213472034148
627.59619327568,-730.97812642113,3.98044643342701
2983.5159018272,-1873.97119711021,4.20566747935883
2022.44449191852,-682.601902776637,4.01764842332106
1194.70832330124,-922.980185300942,3.84667245982829
216.09386407082,-142.611935254874,3.94012603044631
976.730713692283,-673.066526113722,4.05074648232291
3975.83495794523,-1818.71143478137,3.91828947869157
1745.94211252483,-1674.79573179761,4.16493843163357
2910.19926493387,-2121.08568571395,3.74560563046455
3307.26511877662,-1004.44044794575,4.07854208028388
263.476770435734,-228.685145632806,3.8797464305101
1925.59164608706,-348.701795647219,3.84747664540421
2157.34215659596,-917.578669061609,4.07193492399128
2492.80935962932,-468.286625556291,3.85448337487315
805.072470931922,-925.616319773607,3.71286224475229
1848.55833829795,-1879.26168596367,4.03285866822443
4004.43728424935,-830.394564407185,4.06349374584432
2606.67865476196,-1811.75984522243,3.9940291975593
2186.01662490172,-1361.41342339037,3.87064788080231
825.326254413434,-1787.9709646121,4.10594523571195
734.075684909062,-1908.2091139159,4.06904046166779
3622.81258010122,-1364.67565224679,4.22121384312621
1344.39563914901,-2010.45363780033,4.27274130223452
346.831996762357,-1422.86127906208,4.41780853510572
1998.03171709331,-427.154270306224,4.32083913637812
975.168069747251,-371.536863392158,4.29712134183755
1045.332988588,-190.762530088529,4.10389052177936
2098.7656603208,-1919.75624827249,4.33467656459586
3514.93557219581,-560.886089635343,4.35190976647902
263.94891899413,-1016.75523208068,4.3157904774482
2269.04908291415,-1360.14216651507,4.30982302711826
3705.11920021715,-1182.05580509429,4.36250545018611
1093.47834103572,-717.069252706558,4.63120465949275
1735.65210521791,-1232.51817322429,4.41009750457473
2552.4674344278,-2114.73656136149,4.7923493392852
288.216019386515,-1208.08924720053,4.6181488652684
1249.84660653452,-435.123069739293,4.6705761634747
3689.88756781348,-969.943362640706,4.64763266640265
710.336526261368,-659.606510285446,4.90027304085234
922.371389918199,-1996.6573833297,4.8292333125529
1337.40617073873,-1699.45585954656,4.83293367615252
252.804409181454,-1322.284397065,5.206957737009
461.997914001067,-1953.12216396829,4.94212839350968
2884.88553096814,-1413.71145763183,5.02861497768881
2945.79007358092,-1609.53736437925,5.20201402087166
1174.26013469915,-1812.54457416399,4.86662356520378
1662.45407373954,-1509.92607628194,5.08908532617228
653.146703383205,-1441.88110229441,5.26509507498468
3330.31588922651,-558.629097488826,5.62520479494976
1723.26631489097,-1099.4500213745,3.17402683000029
1113.06693550377,-978.435676719294,3.04182513383809
2546.68694657257,-1867.67644861204,2.90176025161065
1019.41173084921,-1552.62885742111,2.98918938471674
531.91309854803,-1316.56866607715,2.85100544950171
1451.2899454147,-608.601975079188,3.02696767365116
855.315450361388,-1132.81371313404,3.02865058428391
2960.56664354082,-691.17294991369,3.06608543235831
1587.37048976726,-591.828770881106,3.06650955345715
2141.87291949549,-1094.19163158736,2.91865541826802
1259.09606485883,-566.444210289845,2.80844887900288
570.045634049811,-380.202767516475,3.49744831727329
114.562874568552,-332.814920454793,3.12581856444874
1763.69096639666,-552.117038745292,2.91390834815801
2350.67696253267,-1734.17517851375,3.50929238405342
1650.12166880828,-601.07148053843,2.96419382787391
120.005778326295,-53.7956710601342,3.21136750889803
120.866971349862,-441.697397844748,3.25751100207924
196.660865653758,-550.932233741992,3.48291097689896
364.009078929779,-484.114115901995,3.35453597096027
832.207870489401,-1230.90692874213,3.55944378831932
828.957586592109,-968.332827722125,3.24158490087967
939.338334116047,-825.425560226342,3.84703886213415
1491.41437654751,-869.862787439759,3.83853130303752
2119.24981917905,-513.498420277647,4.44939593289141
2202.18665842697,-410.773759327287,4.34540017078375
1884.14036720917,-1703.52613492054,3.0185903183028
894.202354332853,-730.217560681972,2.98154853162059
766.599418727453,-2098.97324992162,3.03244728450424
1852.59879391268,-1092.51244855204,3.00010037454794
850.758029990147,-1875.72873607462,2.97430811064527
573.347867505857,-644.25220896772,3.18773201356619
2648.24755229294,-1808.83747112196,3.0259116242255
1493.13559325097,-1178.36910272533,3.05437214325953
2103.89411277056,-2211.784541967,3.02592427303441
3655.82152456589,-960.087424447444,3.08472948993366
2871.03260729561,-1912.70503561594,3.18597786491717
187.018729093172,-1481.56090606984,2.90617056726583
343.429786029085,-2184.4038106729,2.96743590749327
565.810299672428,-1812.79825187758,3.25053257587916
3657.27686380364,-1772.95115652622,2.9079619559586
3687.34049935447,-1179.14033277028,2.66699671964062
1223.95976127236,-365.681910627468,3.6385696490718
3381.91574300601,-535.548597802622,3.38248762273895
3341.1550438951,-748.078222985455,3.18942274364086
3249.1619782241,-2003.25645984615,3.33186208840932
2766.39656875336,-257.885259285726,3.19673883736145
2471.98752180019,-1717.04855370317,3.5277411152279
1046.05797981694,-1265.77188536552,3.89863445864158
2079.78126091871,-2012.22984259074,3.51964738757278
1976.24778333284,-2064.51454903932,3.77933529528594
3264.23845872742,-78.8103708036403,4.04825035680417
3823.60581486618,-193.705940193815,4.18260103007518
1555.16843526541,-2113.53740628298,4.47149683249872
1678.83045887421,-341.109008562607,4.69684639622409
1710.08947989427,-2153.57347733543,5.11212715000023
3620.07874583069,-1868.110182484,3.39462466730281
787.295579977378,-186.671149027427,2.94746603379153
611.491601108741,-1143.13802102796,2.81883351680745
2796.04563202993,-972.106914818612,2.82948434401217
3629.5432070997,-975.526075580028,2.91088472386501
630.56672093371,-665.290680292858,3.40704027533084
814.556660511139,-777.799694906337,3.70154719238072
2868.3188335171,-2148.7626975079,3.5267813251225
1139.95282847369,-526.957481948531,3.15484373978109
3068.99484255039,-585.780462382566,3.23001778303622
3277.50024919997,-945.164775259792,2.78182044237773
794.981042844832,-1210.62974747169,3.37950827270397
75.6202066319371,-1457.21123797778,3.06764090128716
1496.95918419085,-1906.33204215144,3.12664030821823
225.745768118649,-403.839147415736,2.96052468318687
885.996050501606,-1861.25332020216,3.25551748333843
3659.75429128699,-1272.60972709092,2.72862927331048
3105.2225719645,-767.884695055675,3.12255938054345
752.983922898311,-1244.60332205551,2.6282166549751
1431.62571512348,-1002.08132734313,3.03188863579733
528.204228108521,-1400.23423723957,2.9407916945937
579.02226774378,-1316.82472664149,2.9088315067487
1891.84569507547,-1580.91086793596,2.88781183743805
3834.48254834352,-2128.93581416642,2.86469441039688
740.185728570091,-1458.51965229754,2.88993993994742
387.037140189058,-1370.18413285431,3.2216293710995
2319.61018401642,-468.582918015605,2.87966294281009
747.233598107004,-840.241166810503,2.81599997077224
1734.16682408508,-1834.81474727301,2.90504163199545
1879.6842986721,-809.156722368456,2.82323289026456
3865.28982581635,-80.8693768876632,2.98491812964274
2666.34153867771,-1716.16530672404,3.14626455579924
3101.32357019417,-260.265323566934,3.14641944023752
1214.00675182233,-1056.17933869992,2.75563356601307
730.570686165953,-1949.19847341456,3.03679253412675
3705.58187405711,-755.721721203673,2.97648071002433
1751.56318058156,-190.716046189383,3.13669793512331
1127.19313771154,-1155.18190478948,2.76725604189232
4007.05805838811,-1097.14495113908,2.98773539169244
2438.09610919648,-837.439270928607,3.13689906591643
1126.58295966201,-354.014643612072,3.12777697234687
1489.130126574,-2191.58193170946,2.85028499359675
2984.79027651707,-1988.42176109392,3.20127762158632
525.443670596434,-1329.27763244824,2.82614535060979
1861.70366074713,-1245.37610858235,3.18798722448256
833.514990075208,-1761.74458124146,3.01936835230199
2341.45006101183,-1310.99011265356,3.24247566195834
1815.96853867258,-1711.24673633654,3.08493232364305
3558.00727989762,-689.207119879315,3.45160100988725
1884.02430051375,-1476.8740482409,3.00042912945097
3342.35626362253,-2047.92150753183,3.27036277414511
2021.04691635158,-1852.97559007928,3.09387920234076
1889.57078743075,-958.116689004542,2.79437572107573
1959.42407058091,-968.493498993447,2.91576728458658
2987.87017890528,-1675.37434828431,3.22406054820955
232.571070483491,-2218.77648350629,3.10062979835862
81.0091755434529,-1031.90348589911,2.80864773377104
1824.98199346275,-78.4875209844694,3.19299079485803
2586.80660410594,-2101.32943242051,3.24740623469892
1740.67248515136,-467.206117033964,3.05571412521167
3862.15446745227,-915.416833131995,3.09365157485695
3503.26604326684,-1801.28420314164,3.61524036712368
2285.12524479196,-1659.16764415223,3.0881493883052
3044.39709872228,-1661.37640415199,2.62439433284952
1142.68236616788,-1349.41229510546,3.0746260561286
254.956367478031,-1103.61257560511,3.63190136486835
72.0357736153599,-720.617077628302,3.27708608870893
549.551218623269,-1761.24685022644,3.09394767470654
3834.66918198897,-1075.47378286421,3.57845068778234
1800.96923101318,-258.591929730403,3.45272729659754
1332.43908385378,-1629.87551669127,3.66597659158553
2406.70474639364,-118.768320514383,3.67435666839381
3641.74135187925,-325.060634255165,3.74657675360269
1479.51888443906,-1727.92539776825,4.01599006403712
1460.14233802068,-2163.72294977624,5.30447738740087
3984.37763975413,-1586.20401662804,2.85375128051341
4058.86526018325,-2193.82160713794,2.71299804361437
3680.56037980381,-1787.87351290546,2.99968803709714
869.639349393504,-1557.41525215376,2.91186986749234
2867.911650343,-978.580157388451,2.9891729390085
1316.17252568623,-1584.90586947963,3.215548939168
3988.90134517178,-1311.33242427515,3.24086470002368
3789.70679238205,-1266.19427782191,3.06131812951543
1538.3194390602,-1042.46017945552,3.05543606025201
864.428404757728,-1656.94209676334,3.1170881298134
2051.88263957775,-1208.06302771615,2.70756189314883
495.002356205081,-1204.76491315073,3.24125114790303
2191.46236896032,-971.174025076786,2.94615737729024
4061.55621263463,-1547.20663921758,2.73832062541514
1610.36329306111,-569.750162468729,2.85982700055346
1302.41642668727,-1394.81648056847,3.06231199137357
3594.73664548526,-1305.52635255908,2.99185163642008
96.0788061713423,-969.526625630162,2.77792593702655
2293.27611779089,-1412.6472852085,2.89804726344783
3979.47299844566,-25.7565580230508,2.88786245248436
2978.79417663284,-1839.85061629042,3.45217878699037
2036.71575547658,-1281.90139194742,3.14832836789095
1009.33029241196,-893.069014694602,3.15448310872419
864.731263232985,-897.017697401331,3.14114564182614
1608.85136611577,-833.126665104293,3.03287927503467
2187.17847276862,-1585.99066087724,3.13712332102294
2420.49713235808,-195.056703723004,3.04119275431067
527.933905324515,-627.225992414971,3.01971270380891
2077.05783224674,-1145.27263093691,3.32403121037113
3362.05211571698,-418.905374798795,3.25444934760199
2748.54132726096,-1808.11706359685,2.83477229450576
2975.56190475909,-1038.96741996519,3.50406891846221
3835.82114960773,-24.2308189911301,2.97609750554364
3446.79721811072,-1052.53872109061,2.61812807301067
2584.2612939485,-1799.31804983092,2.99433048879856
3868.28936227244,-1614.11438038353,2.95488508147937
557.011718700995,-1664.56814527559,2.99912665768463
4024.61578095209,-874.948833475857,3.17258508571612
3107.46180477739,-1566.12947746876,3.18393488343531
1021.36962939508,-743.336713072486,2.67541290041222
3230.1474336305,-115.757479267439,2.70046700724436
1337.30742946,-685.310972306254,2.75897599483036
3432.65799507968,-1686.10984390381,2.86840175189601
3004.23948741881,-1846.29502120538,3.16659437291898
3780.19478609255,-2068.69077021547,2.7725682247741
2993.14369592503,-1601.73096419677,3.50199394513046
637.311567803771,-796.181008448279,2.71554989453308
634.106685424476,-1353.62086858979,2.96780928534188
1670.82489099597,-787.171712790017,2.98702809730511
3006.16204031676,-918.858817615876,3.22193131221315
1079.86880110001,-1129.11692118381,2.95248033900229
3621.16990925106,-41.6851991319051,2.56469429402201
389.562608706821,-1284.21919055227,2.8449235896208
280.644756764877,-461.36859923621,3.01740855993763
599.292540321594,-649.503935315029,3.19555775796326
3288.37597092315,-2056.4543764339,2.9719977477968
3154.95672232254,-883.752750691662,3.04759307056007
2888.29671403701,-54.4692720310251,2.91538620795527
2757.26511026542,-1905.25879629812,2.79754817724463
2251.57049177472,-1600.98275634169,3.14208235888227
3753.16536809511,-12.4103682799131,3.10904418205743
539.275727357946,-422.170721016586,3.30634118282047
3778.48390422239,-1054.48082319991,3.22182150532917
402.293381673037,-1700.76304162811,3.62499378954174
2004.78031061716,-1238.94182791385,3.62375587932895
3349.56000960323,-1122.23423241345,3.61649160640551
1205.0301610979,-1597.07970993951,3.95881898388688
3202.22987593807,-870.074515856593,3.7106776699824
381.186149214943,-375.017508487241,3.49592486851621
1088.83094100505,-1622.23211796582,3.90758875439436
1204.37203161866,-1698.43156096907,3.8053632992714
1123.5535623722,-1134.21861512285,4.16422447530276
1901.06210840035,-1479.44244362735,3.99344517228314
3653.21014536416,-1067.81432557765,4.33832200661088
1369.08130592709,-1688.95533150475,4.5758692992967
1809.23103833489,-1602.85503473976,4.29314733394374
2307.09889501897,-1162.0632586176,4.27071548756809
1325.94998470528,-960.638215318394,4.53961599725765
1406.82113422068,-886.389672502466,4.63984297473335
2092.70176504241,-507.610745371931,4.7057491205681
3993.25027267335,-1272.31035300031,5.12719210422366
1419.70684709001,-2179.06008982454,5.31256600352727
NA,NA,NA
3718.72143314079,-436.364629547739,2.93412020974663
657.138664894593,-1361.71481247063,2.99784211083459
3722.13985270965,-1157.4247005273,2.96396860923692
812.780109083723,-1225.4152286466,3.1227567754819
976.198871979763,-674.519995125411,2.86460903295636
2464.01433171235,-2063.86038882294,2.8131331814627
1162.55315563605,-1720.57378581685,2.69013212055242
1979.61974810205,-798.168867492989,2.9760259480802
4029.51694848409,-1083.52195543466,2.91210615789209
1195.11093010168,-496.003815556511,3.13793602010666
2595.83509142297,-1858.53513026976,2.99182166233816
758.164896154618,-598.81496538893,3.00449111417049
1608.25290532544,-1401.35397182188,2.93053752467675
4002.69729702563,-1042.56043325448,2.99030680503995
2419.66746499087,-2015.44822244137,2.89293583302689
3488.23285727315,-729.519831592083,3.00323512866879
3983.87800111267,-866.835875240195,2.8494722344043
221.156124368412,-1371.20859375875,2.9619117509949
1078.16414689575,-15.0686156617066,2.92948447073061
1248.75780550172,-1075.04154002929,2.94037658280584
2569.72241427028,-20.7051729536763,2.97555931653412
1980.01953863897,-875.332602202216,2.87079545425311
2572.69332000196,-820.521964759444,2.92425538611117
281.525577991385,-1896.30692611507,2.90279253232473
1572.59446888456,-790.420701581457,2.98694540503416
1276.75719182554,-396.928850294894,2.86250392169819
1201.84511282575,-1374.02427884068,2.994732398279
2809.99942903079,-63.7743727882496,3.07228231441717
1789.55375506614,-317.965235618239,2.88992745844441
3489.60877870873,-1731.53705125765,3.02778214642296
1312.21462012876,-1635.79831138116,3.04473255006602
3428.5466155774,-2115.88678882033,2.73677911536877
2832.05801663307,-961.453701351335,2.78572203620846
3389.61406157755,-1573.86003338088,2.9861604304165
3807.64110786457,-1757.96178593213,2.98603959358764
3480.76480504385,-1449.14077399642,2.91445564792238
3507.54485936746,-1918.55424497323,2.84741743980067
2838.17138856451,-1009.82854965462,2.99982260657359
3118.23171161273,-1685.81460123333,2.97840098710576
2037.00706372925,-1469.49789504806,3.16674554696572
2551.47794983058,-54.1725158368475,2.97934285224588
3126.79517474703,-163.642392955116,3.06906953782769
1766.2080930953,-1951.69108032436,2.91817073946154
3184.79412663666,-1912.82416958924,2.98166212336382
1362.63496730683,-1619.62035054029,2.9324960953934
1079.25377849974,-548.763052351222,3.04311417804927
3271.5359560382,-18.1583756348719,3.05519731979867
3369.13501080185,-1215.71563138023,3.05809372352642
1852.02452539678,-336.570937419371,2.62675184124095
1048.01183244484,-2166.39475575674,2.81634860158684
1044.72418844379,-481.031587773368,2.96891616360173
1215.03411048164,-1890.45215394422,2.8079848500395
3438.72898855626,-1253.97269040072,2.94411660671822
325.087017597328,-1910.19933362264,2.94098027315818
2994.26016516127,-1626.73914597272,3.02894892386728
4028.86550460077,-1794.28269438759,2.852171545602
2493.77417843757,-697.05285297851,2.90146750491265
2628.64948529852,-1574.34454394411,3.06003668826544
2056.4941968471,-162.366016784916,2.88317886241828
1234.33537090317,-1694.19663303017,2.95084443197842
2758.8419730281,-135.512316101911,3.04439928481717
1719.33246614334,-1963.5395931448,2.92001941172149
2554.04685416761,-1415.17477882801,3.10467677777986
2212.94261931735,-395.975699985768,2.94478343356667
1033.62671956551,-1269.52222567919,3.13749323119125
3489.52116938763,-1314.58436850675,2.88177737703506
3223.03929810933,-1406.99811851449,3.01476286255597
2717.05653006886,-1452.55054238132,3.03611213333604
1668.76396488777,-1368.09507231171,2.98514199774986
3890.43400959723,-1842.61104580131,2.81032612046892
2617.71375762152,-155.394663586384,3.02034771192714
309.409457164423,-2043.0009361513,2.98757405956034
3792.82745185003,-910.026325015518,2.90421657594459
1354.87381259091,-1463.74693775769,3.02238530752983
1268.1496087484,-1629.47616543425,2.98637515496647
579.540948569539,-443.101111767176,3.07963935570899
3392.85933831245,-1697.51356285616,2.95184485830055
1744.36755151738,-1805.74772559365,3.04530958478948
2867.29688980903,-1593.94337443973,2.95844130071276
339.377780365337,-975.36381768086,2.98931924086669
3350.05541606318,-906.280317862679,2.95893615048387
3255.88856100341,-311.763203990257,2.99800205616768
2259.95935419758,-472.405356251089,3.08869551605663
2466.5949212325,-782.903733305713,2.8943641924747
804.055158158919,-308.983111752925,3.03591403021242
1211.64213667156,-631.246945740133,2.87720454934292
1890.96952440989,-2110.77573684713,2.9323392859373
102.837177829718,-809.344049120617,3.07225582619163
1935.36039049754,-91.1969191064345,3.01759903378953
1611.87825553663,-183.929409202534,2.91443337733968
3368.65119302366,-584.750883299662,2.91268651044382
1155.46709445762,-617.517055544289,3.05507431652561
3286.74611216433,-1508.19248398155,2.96888415102645
278.126767767714,-750.299595400232,2.97002524876324
796.730305707356,-411.419672356393,2.98338963145679
1488.46474106572,-1954.08317588306,2.96775360979461
821.375642484514,-2203.42259390747,3.02773380389589
1761.03205030681,-726.807997327088,3.02505811185776
3599.12580296401,-1733.71169780069,3.06117266525152
625.218546362501,-58.3618440340376,3.05246957141575
844.387369901428,-1972.6297784051,2.95681545867783
1902.73099036408,-107.596239748395,2.95019917642814
2329.85998119666,-297.127269389179,3.082401416907
810.45466568259,-1445.9761829157,3.00604195527832
3214.10192557457,-2125.58226501978,3.12714691450279
392.316784483258,-2099.18047155567,3.06226658173579
2565.73679231965,-2207.11676791064,3.01035608053297
4010.10202332097,-524.527660841281,2.95283005555397
330.235343710649,-140.542310025759,3.00644346270511
1736.43794083874,-1543.36715416134,2.97904068416165
1486.67550665106,-429.635575587754,3.0468589233635
2167.38226039006,-449.763294875226,3.13051279436138
2391.58544251739,-1033.73387275887,3.11682393326792
193.733954429185,-957.900532954025,3.00099737609714
3640.01371492966,-360.092823762067,2.95961475610003
3978.68475153702,-1852.91523920296,2.95216060717833
2154.33215039476,-2085.5779886347,3.03480087963724
1529.97139760504,-1136.35724061742,2.96324585829412
413.944831076364,-1514.07343187381,3.17914684145992
4013.99376009266,-1695.09881168238,3.05050014295959
1859.51175926493,-1425.89905578812,2.76515532962882
1662.80553912519,-579.040674647593,3.09898655935004
428.448749374169,-1476.89270012475,2.95258798736992
2062.328268923,-127.421431133918,3.14222186021366
2887.39467016657,-1307.17981553396,2.8825562317265
807.863865130479,-151.139382264233,2.94078435018258
2162.06704803115,-538.445534674599,3.04107038913121
2675.23650904543,-495.930678853768,3.09636214523966
1456.52412175075,-1323.04737974499,3.04702945182619
3055.42016103341,-932.754234462598,3.1329547452272
3839.13938234618,-1314.6883670642,3.06143351932446
3387.34818210917,-70.0881342183426,3.09067680789229
2564.19615566731,-605.568978860709,3.10551781658924
2404.64573569488,-411.44860618695,2.94048667319194
2214.80769663749,-1341.6098867457,2.99131771461371
2636.02747501,-39.9301996405536,3.13570023355766
962.596374395046,-1059.31103911631,3.03308196859962
3662.71372342475,-2196.49362893931,3.03468119329358
76.283964626114,-349.543529507576,3.13596934259577
2903.86566163259,-490.853086614127,3.02741939120776
3419.50737183742,-242.395478373141,3.01805979223723
3229.89933829493,-1094.81683162331,3.13080013452141
1507.52978127339,-1412.1213106462,2.96553019263031
3196.71720567658,-1591.66359401222,3.04165918639065
745.078642750646,-1967.38623283989,3.16978811993223
1709.34147864448,-1624.69607664367,3.03725247712878
1292.15019058398,-991.781625245184,3.15675087790274
1917.352404593,-649.369560046566,2.96743207406965
1274.62916885478,-1800.16631525682,2.98137304672576
3063.3569272632,-702.265445604956,3.03161601082468
2494.38996654891,-450.129842217326,3.03846130397562
1389.72130260535,-678.666383574649,3.11354593289656
1280.24808783623,-359.753606614428,2.93898834146202
1723.72954213652,-1808.92938142288,3.04200700861817
984.914351767703,-1750.49159051014,3.15399030224561
264.613514294822,-759.361621280922,3.13261508252851
1016.71689092736,-455.330825614834,2.97235257493034
3477.46198232764,-593.771913487438,2.95016996035704
3884.76335163215,-1489.97658475237,3.05663387908025
3915.5209018799,-259.605129528776,3.10222636110218
1054.46411065783,-29.969496968876,2.99345073767723
1434.25397879995,-1928.58473783718,2.95428173459605
1840.17872622681,-2067.81182435075,3.01916811384496
3393.48768258581,-2207.60417163471,2.98442722954768
2870.13778462243,-1638.97202038011,3.13856502499756
1811.74037447146,-86.2610222042317,3.03801911683408
599.555111898904,-266.11003208224,3.0462489013855
3195.58849322572,-1546.50027961647,3.13700811755925
480.774538890341,-358.315584514418,3.19020418116801
2986.5581951414,-1295.64014398312,3.08098347024469
2290.72799696353,-165.348408088038,3.13773777243963
3596.36201484881,-337.079158215432,3.08361358749841
1366.80983315638,-1700.04331325322,3.01105588989818
2186.16991801942,-1574.35458728553,3.04921335691382
682.958098696527,-941.051158565233,3.15564629620838
1724.07166257924,-1726.62019745515,3.02253405270761
677.19863834457,-1552.24298639408,3.11136300634777
3900.88451230684,-875.58041813603,3.14241660156288
1974.86963646786,-1488.29035944844,2.94793748056046
2653.64774727327,-2144.80726505459,3.08558969753128
1568.10454156567,-1718.85580238328,3.14003734677288
3249.34422545526,-179.339220094506,3.14612407716781
3872.19257299202,-1069.52701369294,3.05719476596696
1430.44865953905,-2181.73957239776,3.0944597101762
2887.67038735089,-168.588398767711,3.03616364555049
2463.63901492801,-880.897428876064,2.97458877810946
716.046704791212,-1823.77195160545,3.15470413556925
3332.22245721417,-615.746619447659,3.0960219525011
3049.84984877699,-1326.23031025259,3.10354186321592
773.612051180317,-2034.19666358609,3.05065171132309
3301.99647151001,-1090.46743842627,2.98544068564087
761.453871097064,-488.127896910275,3.11789833762514
3558.52642392189,-1873.47243069909,2.97785289342146
3544.69116271121,-451.488009276648,3.19909886085591
3288.82741328992,-1033.68481626486,3.04230694189211
574.011646984036,-1933.61316449707,3.10860721810935
2570.70357271037,-242.559997549125,3.12276657903004
1771.18059894525,-1888.35345079704,2.97473870907226
1650.72121616928,-962.772786564941,3.01537360498903
2432.51542000949,-1954.28646374418,2.99023786084432
3254.82857532343,-1295.28448794463,3.26269248347793
82.9281472675296,-404.411862624805,3.12078530348117
1767.9464190925,-1493.85637701317,3.03535319876909
1826.82228389912,-192.889328086855,3.13288271031476
1837.20583224035,-1845.26975503418,3.05924732356586
3598.6901640975,-900.334761060844,3.04089493720173
4016.0908777999,-638.923817360818,3.01547182278863
1024.17388052296,-517.236704034236,3.1035519811084
2623.86141326506,-2215.30956096727,3.06243346757105
2602.3384983489,-222.045444616509,3.15026414106527
1508.37045990813,-1774.36997677266,3.0714335431898
3040.34624636211,-1856.69435433516,2.99451502034418
1996.84140799926,-524.152548489309,3.00640881677717
2498.00641202295,-875.168452458358,3.12573877773238
3123.9149900669,-743.939725840334,2.96861711200122
1465.13376998371,-842.570463457607,3.25864304257837
1175.13482657234,-1380.02589309184,3.04739710382668
1484.55898854795,-1462.91534062905,3.12910751095842
262.854852876743,-409.341037555454,3.11572470293368
1705.35628987529,-668.808494326474,3.11416160515429
562.349624947838,-1474.59877545359,3.15059107321617
769.137685706148,-897.915489492109,3.16916731939814
106.745241210714,-1436.63072344205,3.12800561730729
2951.24076821141,-153.880160528112,3.15721513408636
1994.52445865847,-1869.00721176342,3.19068302495704
1902.49571824514,-235.560668568008,3.12279725284543
698.82189832617,-742.785442518049,3.12804427619717
2662.99654272759,-936.563461553242,3.01089276226501
3318.63156711975,-532.069439500517,3.15913009805165
1348.98744985547,-898.715539172784,3.05848937281101
2477.84065419598,-640.362178431789,3.18465758566272
2570.63655163123,-1625.20672774707,3.00754117606849
2364.72742925516,-1730.88588610681,3.18876372142583
1393.22417000691,-1607.68383935006,3.2384427877836
1274.51211702361,-328.751903026325,3.17937671255037
439.695982382927,-1574.15301968851,3.11894714457903
2269.81335316906,-1644.89103904598,3.1762186814864
2394.04893260137,-876.046393948401,2.98875213044772
3688.210921227,-1733.74449013251,3.13376582551375
1427.17781343773,-2045.68460755212,3.03617159719204
3235.77475379531,-2019.38659205656,3.07586399767866
1224.83193420625,-1029.34154105443,3.20324444335288
2171.42309756973,-925.509718851137,3.24601155517863
650.943406032403,-1219.34201063541,3.05832812164196
2465.21200352005,-368.961636020237,3.10238078747551
1926.88579113131,-1558.5787790331,3.02538593734421
821.811954203013,-2005.52671892601,3.16759282589035
2677.2718299535,-1663.91075658448,3.17444763352816
2942.31284159675,-913.16816258547,3.11036853833482
2733.68841043438,-1708.31320341951,3.12784475195565
1928.67954611826,-1331.86400862808,3.22894895731828
2464.81805205827,-178.761569482798,3.05169338805839
2205.11895574151,-452.273648526789,3.0537986554508
4035.71219805724,-1759.38421005512,3.1175212719009
2499.96880502425,-853.825478414768,3.1505455295094
262.244432642204,-809.790775506379,3.19612127844915
2565.21251019672,-917.463014993079,3.08129540507763
2676.96731416255,-673.633762052886,3.21884559008957
253.627034321862,-1468.99956881068,3.3348953185047
3775.58626911305,-651.914306814828,2.99803490452341
1605.47752897076,-302.009583593162,3.17057518371001
1621.09945687434,-2140.94761076408,3.23148360100472
1606.87244101809,-2214.69282864134,3.15951028109565
1486.32299860531,-378.933159074318,3.22259093701185
1759.62893750245,-281.598593273854,3.00377131028891
867.144475740886,-1326.99103292518,2.92730064148597
1826.60245069147,-40.303324121862,3.13753606039751
1455.38375107252,-1237.61499923725,3.30645583014246
480.501716780292,-1838.71774174969,3.30914752470571
3666.78409213553,-2019.5685136548,3.21376414437976
399.192361990125,-1197.65127296677,3.2941769085969
3488.98903885545,-1342.95438613396,3.06683095151062
3789.42183937865,-489.755487672118,3.16181435604416
966.510492753838,-1429.70579567843,3.19439781546892
3367.97369412246,-297.25067279015,3.27185180025529
3752.43719319368,-1693.97201841903,3.19274221330781
3190.98589728781,-66.7652459172094,3.19756629504227
2253.50786517805,-788.065954695041,3.15537764617028
1397.88147091801,-713.934766107809,3.08013029983335
3655.51474317136,-176.456828031974,3.07710625136849
3570.04101555193,-1362.75011168137,3.20071796917301
1975.16593566578,-946.222627427355,3.15804478275489
3986.77335337568,-1137.17522777928,3.05062383160181
3101.41938154327,-924.364446905212,3.1819252339513
984.596494360865,-995.802364349441,3.26195941543518
772.32187164632,-1336.98914590634,3.09641002412613
1279.39415329393,-1103.60523830306,3.12510968666467
3026.95174038231,-1544.19105953329,3.14901214113492
2567.06535365421,-507.145812211083,3.04760746253859
1857.38640326825,-1955.37072930587,3.11617786334309
2195.73155064103,-795.614417338956,3.24830951313854
676.670943209494,-47.0435047651442,3.18681921325631
3955.59668168708,-917.688671678186,3.27332873631779
3836.05388845165,-463.929904089473,3.18477727497318
2999.02175382776,-661.379123048921,3.14609825717611
4059.7947082817,-624.915334238534,3.16954040152891
1976.32725014747,-13.0798474303279,3.28479819379592
3665.23422169969,-308.531593134397,3.12304323325962
2787.67455571008,-209.207015450027,3.24872585997125
2768.13717973288,-1873.48771489471,3.12734318912333
3933.88106317545,-1999.95745841998,3.26028599353402
1341.24631249112,-2013.63694567857,3.24962503381847
1089.46349007027,-364.842754855675,3.30908673889965
345.125912659788,-597.22656683505,3.1649584328895
1913.74076730162,-1795.76812006589,3.14845051775524
931.892142099894,-771.287034682274,3.29692695061046
2747.17038063025,-1452.02436496073,3.27749841845552
2738.47561885955,-337.80309823207,3.23240158519183
2088.44390854884,-1576.50826209831,3.23368740605983
4044.53885908742,-640.959072723904,3.14875279719328
3718.41355573607,-1739.90563878169,3.04275231215083
2186.62718541398,-1669.39574417223,3.15550358196817
472.336065496224,-1400.81027669407,3.20724487442069
1088.23601810974,-2054.77397567138,3.14011356854069
3373.407615415,-95.3597667413518,3.27299451816283
3468.33891444176,-1346.46501726611,3.04163739703458
3426.67081035719,-2176.58158324936,3.16211840429701
2745.52545785654,-598.89155076893,3.24947430080944
1699.55992901253,-1330.6984742129,3.20262376831016
3161.32455909027,-1935.74876083265,3.18617184298412
3386.33205338434,-468.867937655651,3.30079779492038
151.049015850981,-106.112230514945,3.05572176691815
2614.93300409133,-1978.32462437743,3.25081620519648
878.632971466205,-2087.98815429807,3.26237381726085
1166.93416921577,-897.627048759559,3.28859788257114
3481.0543359394,-895.725712841324,3.03366205287177
3195.24672948865,-830.280130556636,3.2403807069328
1098.49632193457,-1325.59316372223,3.20070963413095
3327.7616015785,-1836.09215798995,3.28668835654885
1961.37207808189,-49.7143784523194,3.10022970594477
2905.26546356604,-747.5572261315,3.11717633589543
310.39433820134,-1532.74943619922,3.24159547375125
1783.95239836993,-489.056052501006,3.24496004398008
1492.89304146404,-1787.70842605548,3.17562152375374
3947.05369892993,-849.086445479471,3.16134231120433
3808.4124749567,-8.86830532821656,3.13714633512894
3624.08324683335,-1565.39509857615,3.09444262125018
2442.25125237917,-2140.66630698486,3.2721158437064
2027.66691013068,-350.114358913937,3.19485453778504
3011.10251598598,-172.804270314869,3.32909711713537
318.682857060147,-100.898819292017,3.25517834493067
545.633992898262,-1277.61393862072,3.3686011138693
998.910663946629,-1700.8976211392,3.26997000421765
2806.00984496697,-811.930685541654,3.24316749208595
2701.53553436025,-189.764807521144,3.22318082949783
868.431087997588,-292.7814373489,3.19636891567672
1455.10683641852,-1746.97181461284,3.26870113054624
3083.8947881257,-1859.59634108735,3.1677003539882
3549.73252352886,-1160.38672885574,3.2817684521789
2533.32870543792,-181.043828694782,3.23544383400693
4049.38712480954,-1619.7586456889,3.11981093243028
827.855664736729,-1918.31313402725,3.28249106431493
2638.38353003828,-899.071319825201,3.26863612420406
1039.00574772181,-1500.03944572638,3.31152265947827
865.966749772334,-259.820110414201,3.14446112375414
3687.4956714418,-2010.74538686037,3.22850967173518
3971.71666194924,-620.966335315515,3.31653491888937
3029.06458432596,-1843.66900062128,3.26530925790349
2795.34371883046,-2116.65734772975,3.33684823263897
3218.35719825641,-1826.86495466043,3.36456629298296
1075.74983089184,-1292.74648057828,3.33741083954211
1878.20845234946,-36.8231024129539,3.31308295117327
2509.97890233856,-5.62210261245248,3.27515562472435
1510.24890928137,-901.885290464899,3.30861064143328
298.315346808316,-1946.76614956072,3.41573050182058
2334.46926403891,-69.3180255016806,3.30554357159698
893.93706488753,-1981.12682719622,3.1641561503113
3430.49750715326,-985.887388727228,3.25031365015609
2183.76470942467,-2046.64152566395,3.31383358070023
3697.19677304671,-1882.52716980153,3.34443039930172
1478.74744638733,-1970.2183858564,3.18890318726065
2492.80471009044,-1483.71686813427,3.34834027624504
1988.39194517782,-1509.78559204482,3.41058507580405
877.206716277394,-1143.70061691239,3.36516643706645
3556.49536104132,-1342.72227467897,3.31738684830299
1093.60426655325,-1512.66149740723,3.33045177362048
2928.19015223197,-305.101351624253,3.29813696472716
134.029233307514,-392.534676456025,3.34805751333893
2397.68657954423,-284.860720033991,3.36326997303458
2179.56007573397,-1422.30082315904,3.27652993818355
109.742165247131,-1504.25333302043,3.27054894747992
3792.51267056235,-1029.16644975483,3.05822535190033
3953.4091104542,-880.714263112519,3.31441117983471
3300.76901387086,-915.463523580768,3.32533378203322
2348.65375565438,-716.30986496927,3.22461388355966
2358.11956194083,-1862.77938324096,3.23184661004949
2146.20463647119,-627.967548403025,3.29117611707771
76.4334874074292,-492.931809186985,3.40212745795635
3577.10048663095,-1190.48545431983,3.32002611445574
1901.51896026232,-63.8870539427081,3.34989895182389
3619.39811235307,-1512.91716769647,3.25249422236051
2050.33473700248,-352.608938394384,3.29397036943115
1357.11192854813,-1320.20323414339,3.34262328003739
2326.77870519139,-1807.30620614494,3.33826887979917
434.468242244736,-1366.32604563801,3.3778942204919
1474.51077632821,-901.798911237899,3.35409921669526
1133.98610982794,-1225.78017596193,3.36833975666042
3163.86275659073,-1766.29443428476,3.38736736317051
3183.56488322981,-1869.36815020567,3.34817658144976
1044.05192082469,-711.914878397636,3.40456417915667
3190.18604961562,-1436.07760161364,3.31145584905522
2215.76189296721,-1687.34225168018,3.23151146516178
172.89301523074,-768.667277863363,3.33739520449662
2741.54151041909,-1640.18807840687,3.41719620634753
3260.0067248661,-67.7943348969903,3.21838375853662
1163.23668123852,-1145.72192804389,3.24019856700882
2928.2778745754,-743.895251145124,3.32872290156199
3242.47705711091,-798.442013264878,3.3648161593116
261.042303666036,-1352.77997345702,3.38557461977262
1779.24854488413,-2099.44212385387,3.1698448096904
2115.12060051765,-1137.78941975371,3.41973265309994
1986.534581251,-1653.98830034748,3.40073131926209
3933.34421947433,-1452.21782191,3.3256990931574
3910.81728704108,-1268.35947255364,3.38762596576328
1688.96394372367,-773.257122989737,3.38596084474892
3032.45631269338,-188.930312441735,3.32313345094023
2165.8629649289,-1106.88567766592,3.310650560706
2626.28846209723,-1620.4550508945,3.363064420064
1990.42464997494,-2178.24231778843,3.40330753050451
433.888468895249,-1739.51808602414,3.29434337970204
745.930276128322,-1885.34791074736,3.40079070188785
1700.13888681398,-1478.05817655322,3.36580928731675
1148.6669836793,-1003.60230516477,3.31363751757895
1301.05453178273,-1047.79550699996,3.32037540301986
2425.63355070084,-651.349721014869,3.0973622744203
3414.82258127948,-1787.78325558826,3.52061222270318
2315.24443869282,-85.4964652952988,3.40348510915646
2086.28180782972,-251.043010104625,3.31157875029457
2643.10623196766,-679.508077355769,3.42540676535135
3379.12301300943,-1531.13471970394,3.20061123368004
2368.89540535493,-1680.84879012285,3.33045240301908
2786.98414334195,-882.391879143664,3.39110331113206
2921.39554849685,-2213.68992290505,3.39580768204461
1827.91571356706,-2000.62327592759,3.46035604554602
1471.58252543788,-867.939785027801,3.36262813609806
1790.92067891776,-684.478343865493,3.43517771647963
484.231646429281,-611.11722026171,3.2978555701768
3491.1456014419,-1208.65217457578,3.49822016496159
1953.23457136642,-1443.92581707419,3.44469667886352
521.164705206972,-196.340639431602,3.33007804973832
3659.4121788925,-2129.27065550881,3.38738198630011
291.704748107492,-341.406471829476,3.48474877691526
3688.58538015766,-614.955787489839,3.38494687701866
3166.0293351505,-683.195458338198,3.52475059762034
3430.85111597648,-1201.08290158224,3.52466205365004
2214.46210413365,-594.528939372724,3.35219343809677
2127.85567744486,-231.916814205987,3.49116255596942
2677.01427766082,-101.778280961445,3.54551136574114
2179.3463489747,-7.17749612168646,3.56732017919796
3157.35508475865,-560.888123908504,3.36842671099616
175.173487944513,-45.1633842472821,3.52317176990209
3279.5741046131,-1549.67240919654,3.45372637501917
994.819637085664,-532.316123100365,3.5716336983537
3200.84811940417,-284.05095860021,3.62602700041046
938.718397689714,-2144.0213279342,3.63175703133831
2954.52861624088,-566.51512856677,3.51966262180669
1881.65491897673,-1342.20470703191,3.49111486548585
3576.95204516113,-542.676925931486,3.4980893029474
3633.67843944684,-1086.21050515046,3.66002849855876
3036.05547347045,-850.544502449206,3.53205412012058
1683.96546874632,-875.077667994934,3.56185787119772
328.291867173824,-680.120099279226,3.46582506582127
2823.24754679048,-2099.14327235194,3.5986548127703
3806.20739802069,-739.772397847966,3.52354423975594
2472.65189293271,-2017.18213766861,3.58373758082209
3725.92009576941,-611.198351767474,3.60426147666788
1811.55794238261,-516.297586239677,3.40690157195569
3095.89554497684,-1453.9511129405,3.52421549738191
151.734701811113,-167.696255561185,3.52077326250833
2790.46886161243,-827.001731791755,3.35691642928194
3087.97128854409,-36.5680017368281,3.64207925224026
2066.42950621004,-678.12583445655,3.4953197535455
669.050470636452,-1452.26093171123,3.48621301645878
2823.2206367191,-1097.2177989688,3.59425439734589
2347.936810464,-118.626939098129,3.36700685425679
3635.12443182693,-2192.15193596639,3.36011975320566
3295.25579178604,-2133.38828065844,3.46491642795526
3183.46902533927,-101.038680737349,3.61207543498357
2384.15245834967,-161.288228964363,3.59514521263085
2286.09646064639,-566.216769476422,3.24938001836219
273.363280054662,-10.2367335942411,3.63318472040366
2344.08878803384,-1413.66139920004,3.48593727729649
3283.97636879054,-1760.73671819234,3.65971751264236
2562.82531115808,-2027.08784544871,3.68425165112223
2314.7091190626,-1964.16965195072,3.47075878053998
1251.82770162941,-1725.33109270302,3.58225519164212
1838.26319170342,-1360.45745068271,3.58236872304662
3842.28726213263,-1669.15861617569,3.50647694682838
3474.83335052817,-1031.78431132446,3.47087402432178
1875.53318954478,-1377.3547686921,3.61488808751893
3351.96939771241,-2200.67535742927,3.57510289235125
311.187366609749,-1335.14048531493,3.65232088952838
1942.43034609288,-608.463660005733,3.47228355159834
1488.26783375945,-171.327733076396,3.39795898289947
2992.38139716081,-1445.60534008193,3.59272719347627
4043.87193504743,-2056.91467245228,3.61041236298087
1310.37285998993,-453.721659818899,3.72368946432005
1680.70906431337,-2163.2505414736,3.55958320706089
1536.84149697007,-2125.34423071151,3.70113224599544
189.552489532499,-883.877900122094,3.48633639314868
2474.99428062889,-2118.92910190317,3.76431010127203
1781.42619113776,-785.814009074296,3.55857251723746
1836.62376148446,-605.693701962235,3.52329502168799
520.896620271857,-1553.13062531944,3.69717654123238
2729.48687981323,-278.962197720797,3.57213983516175
2353.22614855849,-391.307794210865,3.58554453413546
1277.77114111907,-156.510400876307,3.73031210971099
2827.86159738017,-1199.1641013818,3.44798331454668
2133.3185893176,-1294.21078681698,3.67093365223373
562.317956344185,-1912.76875305715,3.45193796197565
2053.45544369281,-1821.97317482769,3.7411434394466
2836.79091749984,-1587.14700337817,3.53570499581819
2964.90689246237,-2082.47751221299,3.87158764636152
1186.11142569432,-6.27060495920663,3.68526010077244
2293.92466606225,-1087.21581063339,3.71202959298083
824.545103603512,-823.440844456633,3.71363480029992
2547.77461774597,-2155.64068701765,3.74502154715742
65.0158127996366,-1513.23914206444,3.6803281825637
3895.8074257542,-464.675240377111,3.85760920232821
2835.19156726279,-710.635021865846,3.74205952989429
3723.67401697364,-686.811020873738,3.55179400364164
1216.55766609867,-199.609359880115,3.71209752218062
103.404518939106,-1324.89775632349,3.79353136103168
1000.82781778567,-1165.56068299547,3.662151667417
2380.87261787207,-1352.71776767038,3.75070233552964
3253.93636036791,-1131.07180773649,3.7698423873669
3003.28596468488,-1673.55656952715,3.8163016620054
2280.13608599263,-298.083262456109,3.80023811708757
1002.29404811677,-899.961837524366,3.76817860045349
1514.06892008148,-1732.24450631722,3.88327912835459
3133.4648496411,-1995.52210147604,3.82446855849425
3731.46323032751,-301.975738475473,3.95850702217752
321.002034020853,-1727.21334242666,3.87027538054906
1864.9493899046,-1999.61907624649,3.95826734708846
548.120653489048,-847.563743828179,3.91699990311524
370.749559017176,11.5010003474513,3.84263050463479
569.324086324045,-163.382239495072,3.70180562368723
3063.02097548174,-761.735828153211,3.82019905919115
2699.89568213783,-2038.44366689886,3.8526740607426
167.996545576473,-302.112957469261,3.83467680382419
1363.53081112509,-1041.66987046783,3.82587721501574
1600.99016019704,-1326.01692698111,3.91937782946096
356.249247625475,-760.438149831372,3.7871928863029
3752.39903302238,-1028.17807883705,3.91185268335866
2872.52345958515,-11.5363037820393,3.96961121964095
518.898877008014,-121.8249867524,3.80172368443133
2420.02097869746,-1004.62402931384,3.83919156645583
3348.93626819565,-1360.47134498948,3.85135149459548
2806.85486395785,-384.026072085457,3.80841884661166
259.226481097552,-695.187206403137,4.00991422841304
3779.0175645771,-1519.51544661563,3.87556019642673
2459.47653647507,-309.811249265241,3.89010865148294
1091.04350764459,-232.806769475442,3.95265427126637
3015.06070148349,-292.643305566934,4.10090111799001
1952.6349053834,-216.479510477468,4.00120616222851
857.600094397219,-548.961299251689,4.02590653856721
959.676474616868,-272.253342320971,4.08666090952676
96.9547494340731,-1096.59790757974,3.82330373939533
745.783814568548,-1135.3368999581,4.02917923655877
3276.03630499282,-184.646443098375,3.98805723461737
2988.36000098085,-16.6145230984488,4.02596762413762
94.3391186666079,-320.782420082205,4.13148233357526
1146.91558790022,-2217.25396300981,3.92145396055513
3262.28254556169,-887.361093399146,3.90065525749791
2600.42378615963,-441.000626813088,4.0545144246625
3999.37342303779,-1313.70215901681,4.06317356407555
991.086162725672,-1883.08505861319,4.23369417907625
2237.2970010918,-1982.51424004448,3.98791270735767
3306.96735082511,-1905.1064473665,4.02706190434867
1759.51324867734,-860.304634246572,4.15294806666234
2947.34100935556,-971.722672670478,4.05003215243853
1568.99177490431,-1081.76349268485,4.0937915800729
3310.87229238407,-242.339434481919,4.12175060549097
289.434750155269,-542.701332058696,4.16086039906166
3087.44969563194,-1947.45215627192,4.02721038007873
196.289807483203,-394.316370363457,4.12829733224577
826.108658628105,-1348.46077467406,4.28520812584575
3767.09051793989,-1436.66047467319,4.17406837690404
1250.2879325393,-1524.11714513307,4.17846593867127
2725.41869682252,-1961.82539633593,4.12265240337531
2443.75412298222,-236.447021242977,3.97370941957245
3454.92398375734,-29.2084012585762,4.20206318308277
1239.81809784199,-809.34635123265,4.32374758406424
2584.90324654966,-735.258488146316,4.30411362974382
407.139566930099,-102.74211162644,4.32069486776471
2342.91865850832,-1814.81559496403,4.33447285845559
140.075832709804,-1176.56558722133,4.39883252103166
2538.91097401879,-1932.43353976474,4.27406209620619
458.203159854855,-890.455909297271,4.39150277171105
2108.01527799684,-28.4097516264621,4.36235058281231
1261.18201510967,-2155.90214545326,4.27488115171379
3047.99863749799,-830.460654151203,4.2257243560527
2287.59686678232,-346.953966215753,4.36483364370124
1823.27977835821,-2149.60925557661,4.31760624057405
3442.30968073134,-1660.81587281494,4.45773129479074
2487.16071248731,-1322.76236474247,4.50272924671789
2342.10386868449,-670.983437494536,4.45366180262086
3341.88264864205,-681.245614120897,4.46314578417496
200.693255878928,-1261.07253749969,4.21319293867217
1729.19329526791,-1366.25633277282,4.55212848737313
3955.44471152881,-1397.09062477969,4.40555882657785
852.293232857071,-1101.91262246124,4.79717590784062
3042.27467848599,-2081.04813287867,4.54269785288469
2057.54282484938,-1402.17254526281,4.37530098773513
2924.26053510307,-2036.33712552682,4.5982628100585
3137.7142748579,-1085.8427163512,4.70600421592725
518.96874750225,-540.034824157058,4.87903225007505
2578.41034239499,-1607.23683467171,4.7448543803963
2974.3726325223,-2158.77470228076,4.56514346792581
2904.00924874733,-440.534631479794,4.82816989110024
3616.46319200136,-282.94168794962,4.79419379468991
1122.2523500772,-1431.38295334881,4.81439400973978
1550.97959041375,-667.570364055216,4.63068556523032
548.022445709318,-1203.67749982254,4.49677663441764
446.943791834977,-1296.05917360055,4.54826324063263
2175.60541198546,-1873.65472253114,4.88389597994925
2669.93713068664,-2108.03189675081,4.68563609643536
1357.9481941211,-646.804253851749,4.99274613443182
505.470791388004,-2079.3664502965,4.72405490199314
2960.40824732626,-1955.42341510293,5.05214580663765
1935.25765907643,-2192.97231653236,4.83701290146078
1118.84378688276,-1980.30481383923,5.10683889667708
3210.09932697334,-1257.62267368031,4.74743657365774
1681.12804843085,-485.173213678149,5.14409133664008
189.564809725968,-668.60961776771,5.12254373149984
2995.33704683082,-1193.55521188937,5.20782632125823
2893.48484298362,-229.975540537214,5.11180028890358
3455.69451193211,-1328.85422419165,5.44843212557226
3309.58594615273,-471.892623198353,5.22042090637467
1536.80079269079,-1008.16782254398,5.05595514133717
757.199688190342,-328.280433284775,5.4743259636236
695.28495332717,-1659.38891560765,5.44480930142466
1420.24649555286,-1172.25847025096,5.3317692339639
603.151849181132,-1023.37109633652,5.71205181817292
3647.8196484148,-2104.77760510643,5.83200119184508
2626.88651603962,-1071.02695556343,6.08839631334753
3383.0619868365,-216.715171217346,2.82102572638008
3218.89449333454,-114.520357896339,2.91531240105675
2715.8670261277,-654.953055325471,2.89343579284809
502.911890716236,-1901.22086783017,2.99815120660247
2090.35826016921,-2163.03340345404,2.92438697105501
3557.45681857108,-86.4246259622059,2.88774662490522
443.11982965965,-744.499725537628,2.7971483455362
1657.94745742426,-446.079909928361,2.9835818432583
2351.2901015403,-2054.54911608343,3.11962858953636
2983.95018078421,-2031.85662444678,3.17082860993256
2670.70291411015,-923.040789799411,2.93653278302513
383.819489626825,-485.425585766105,2.96741137479124
2647.51728142561,-329.941310043303,3.12727124864844
1809.02864286058,-730.623974382903,2.82299594669045
1586.90279494547,-2063.87948088126,2.954152366088
2640.28089702796,-360.604869942819,2.81013074226267
183.767638810751,-620.134236563376,2.92164880483285
1724.6577490898,-968.783782856148,3.09203395240197
3087.17807288994,-1081.36972955407,2.89194247643646
2456.39751956991,-153.819614091395,2.7351526764567
2175.73702824408,-1319.66844596543,3.12209748937779
3674.03337704862,-123.798284186912,3.14952836597376
2214.9459678982,-45.1877317900313,3.08716198837775
1702.5050636281,-843.660322989456,3.35659696252302
564.635391176109,-1493.03222832539,2.85223630414434
629.931877035155,-1417.19480484809,2.81326301541963
2687.2172505618,-31.8930010004217,3.11868733580335
3178.7728144156,-1607.75280273077,2.73215360840057
1215.71333190742,-1931.79496864819,2.8956115860993
3749.84024862138,-1735.71894024023,3.42203580711343
501.406647154569,-2157.78733215572,2.98349583072414
1436.34854206599,-1777.2482150826,2.81745061617741
910.772006562269,-196.910660516939,3.00923861488418
1136.3212706093,-296.912989396128,2.74736764895718
2269.09470089319,-496.73101043801,2.88041452119028
3262.18136949843,-363.154203292256,3.0140398212551
2381.93563194586,-304.944358911592,2.72663753624684
1497.75151891255,-1002.9165022425,2.85308743064282
581.914695405611,-212.911290439139,2.78775212238162
1616.699567532,-1084.40683243755,3.07596615962713
1528.3529752635,-501.309483454907,3.04104675172261
409.461365233489,-1037.46607246642,2.94091465095352
860.248194043836,-428.064224336455,2.9748481324761
1797.36725478825,-201.168602881492,2.72560679574149
1423.37493539505,-80.3906551731169,3.19801064451564
1600.78558393085,-598.422886801234,2.88084213353797
3890.00756808788,-1303.97843200585,3.04735522061303
3435.6911885769,-252.342775182458,2.9464445806742
951.785496513259,-439.181561043187,2.9693644211489
3431.17912799488,-290.509489221151,2.96326022446714
2408.07847247366,-691.713488755142,3.20354078525984
2879.93300616345,-471.568937857163,2.86997503820461
817.676921188588,-578.799236798977,3.04835258023134
587.583937841545,-1505.083594336,2.97785777767106
1461.97504222986,-1715.9775542907,3.095868179129
3426.01870178626,-818.263972938415,2.81667106392042
1120.35564329656,-965.494383015816,2.95452005560186
4021.83248591645,-65.8320465585568,3.07640978372167
2314.79139711687,-992.521069687781,3.03227302852628
3540.3745136357,-362.388070890598,3.07021315935029
1397.68824418027,-99.1528352223834,3.21521749929857
3388.87227854233,-1966.68057524603,2.95752067963338
910.531231485505,-1529.97762778705,2.96294896024124
2014.65592727512,-461.963693734044,2.98224075341773
3178.72430698447,-293.204937412446,2.96442694614104
3510.86672659002,-526.080744106925,3.53044633251969
253.604656041524,-113.326551543045,2.9503143566326
1033.25009561702,-127.559520038659,2.90740463747214
348.836590276738,-524.78098306042,2.77489844055426
3091.54634819707,-1797.36542462597,2.92493227701179
3909.24002602255,-8.00040895150376,2.98691311016825
827.704381910545,-375.922855162144,3.04653379751295
3141.65012330523,-509.378131055409,2.893634535945
3728.2954860413,-335.272778318693,2.9246158161901
1317.87156431389,-380.59407726643,2.77395413614504
431.435107443614,-1874.632042017,2.9132763545199
2271.44261655814,-707.395618336684,2.92596698588165
3999.95793647236,-100.459117132466,3.03100803109403
2078.34864778384,-355.129346891813,3.2689460100789
2107.51127619359,-274.767065652104,2.75604649777377
3533.63214628444,-879.078051284463,3.05170519942266
685.405961516573,-80.5164033848124,2.82970094263174
1145.85301591052,-1448.24645634111,2.94232037386116
2793.68458364873,-575.224164687204,3.24948059937373
3610.84645229593,-626.384384161008,3.04380760268864
1635.59269282373,-2135.41263688539,2.91053506346592
3159.18470532971,-299.633514127748,2.9266972201704
668.143563327081,-447.846204173449,3.04275079303328
3359.55522061983,-537.846647944398,2.88425004237866
2159.4016745239,-566.311167597827,2.98274199824381
3040.46616134914,-1639.21554237235,3.08528991645819
2030.50268897322,-73.473305562497,2.89924591573563
1286.02923726707,-2107.96304738873,2.88120363980935
2767.25543155512,-1939.05968418329,3.09323954489266
2743.08376660891,-1837.34617363526,2.86414004428909
3574.52854552042,-1892.38653420261,2.68630383978058
4071.33774388394,-395.941426679902,2.77720274789307
2591.08399036811,-27.1168046741162,3.10407924154154
487.441129006388,-1476.35126167799,2.96500488142261
2452.16420910429,-201.021836549686,3.01437571137806
1117.47970048805,-216.637870937955,3.26805702301261
2197.95036821861,-1653.94199386184,2.69678474201815
2035.91000254419,-271.13824244406,3.06657521937667
3124.0243520227,-441.23008753717,3.00416935693642
1920.87577234567,-412.779024284488,3.15447491267575
1450.61587936895,-113.302083416226,3.18096176651533
1311.19826138801,-1414.22310362039,2.92351137579267
3210.46460534561,-413.997725776938,2.9145231174713
2012.88841186259,-1696.91642970078,2.84534999636658
2337.63776980767,-2217.07035109831,2.74394662025542
3111.16343301477,-2198.01096762367,2.80079666631442
727.528850534761,-1026.8160927251,2.99512406979756
2976.25807325451,-333.171983164875,2.93005712422016
3533.65675792826,-1671.42732070783,2.9984854582443
987.976876335072,-45.3459591974549,2.83699183164091
345.619603490999,-1453.65015899026,3.00381494741844
1494.25767233594,-1218.42324819302,3.00188669197022
3353.64160206002,-1882.95834539705,3.04034540689102
1130.85808446914,-55.2443708035209,3.39079685868483
1206.37094756598,-1083.94008746386,2.83060889875247
177.096645974981,-248.795368837863,2.92447175823372
1337.03813535943,-1653.8852452206,2.94163200462551
403.32412030509,-66.8726732045588,3.07989081762233
1547.46031486601,-236.980233181539,2.90847327397008
1196.74279794661,-97.4665074757316,3.01464297064161
2396.4243599375,-561.985428699411,2.94920929382303
840.040059920076,-186.17695292619,2.89309114806575
2486.89563239085,-360.045209623975,3.08418730224097
1572.34037459104,-199.426128147466,3.01314449739224
242.636647759123,-1734.36593641097,2.83604225030535
2026.08583212911,-2205.15507004058,2.91721957489001
579.676333336128,-947.180189141348,3.09261233374236
189.66674078789,-1643.56158203422,2.89283417699449
1311.1851719993,-2124.46446252477,2.82884570203649
1159.96431580822,-170.407020356231,3.02686073087556
1784.74280047546,-1923.45225726742,3.04634546862959
3272.55715719584,-472.890224546695,2.92498379820113
975.493813501284,-1547.2200068121,2.64933225705586
694.62403690119,-824.612260390581,3.03553463518627
1518.63695216958,-407.712046979037,2.98865533829199
2997.34085991633,-1741.0983175665,2.98461574622442
352.354986073044,-266.682560234957,2.8942199681242
2269.04987461962,-182.857149248058,2.94289123098834
2996.60585328596,-80.4821110406324,2.63351662896853
1414.79651129792,-223.975368655014,2.89987737574489
3432.290741851,-850.560531774547,3.03483545223449
1184.97140255198,-507.52668556641,3.13670866067876
309.142613509328,-15.2662628546325,3.10420626598771
1059.37516418142,-60.7620624762852,3.23901845242383
3306.6197186936,-469.83467835006,3.08082637973177
1858.90113108763,-16.3423711075126,2.74182911906512
3333.58455859503,-639.513015972233,3.02405710675915
336.846886603303,-1588.32265673258,2.79367117791711
2419.35570678831,-53.6589112446228,2.77377947400093
1120.8596755852,-2185.5314481948,2.89123028069707
1218.36733824885,-426.030657188278,2.9446919935269
3122.56064602612,-1707.15265024086,2.98599488637994
3334.47181599308,-880.595921612334,3.01496249396731
3097.56007564421,-2109.74295054175,3.02153886563868
955.436790881695,-2124.24466190885,3.08617062190803
3500.45689357159,-906.046268992491,3.02540977336357
548.469231864946,-2125.19693472963,2.94327622748885
2510.09500444675,-440.872787940652,3.02352137107656
3897.83488132801,-368.401826397623,3.01969229641097
3447.1254617767,-469.171454281547,3.01441137475307
3688.1107564672,-495.674391596204,2.83753613676572
3711.19822611542,-2008.67078410312,3.18264069650991
2965.10502367056,-1379.37835044501,2.95979024831426
1104.10259913592,-105.464720916477,2.89877744024224
2496.44136706475,-1932.8684872579,2.88512383719551
898.549341091616,-94.6911111358151,3.05486861231056
534.374364245786,-136.196034407523,2.90805703654652
2838.69023422911,-550.077653799588,3.0503950425394
2089.96603913548,-1958.63389600028,3.03425198868412
2605.50857654507,-1949.41587962791,3.0297618448667
162.871402008055,-1531.45404680704,3.0525073532108
626.114271635463,-1400.52036770366,3.00100255041005
366.654094818906,-130.772243908538,2.6084945615311
290.964807675194,-713.049025295118,2.95065147234425
1257.24521091266,-1497.71219807233,2.99129025316287
3045.76023514099,-1956.19874319418,3.05876291345568
1667.70615619608,-142.55663187312,3.16391225834858
1656.46604601142,-61.3965251431056,3.11155166246373
1110.11048715316,-1595.54927968401,2.94067921830854
878.350355469086,-108.249207752405,3.06879365372752
236.777659446936,-1795.19506338894,2.9694797370975
80.3809917831463,-60.4983919971474,2.89439335369186
3672.00808132917,-1442.14214728788,3.122340638807
539.878149547024,-375.253231648993,3.01514404179434
2958.55549810696,-103.849189044533,2.64922761081033
611.791659490837,-431.315547477466,2.96127615133651
2828.52510469753,-9.94244977245161,2.95900152345913
1279.05255821821,-1943.20171894926,3.07484059816613
3872.68453941359,-292.138422326946,3.15082008831477
2159.57229111998,-1592.55149560186,3.31678117431456
74.3966269207327,-2099.56902346772,3.12033573537011
858.317972052348,-1522.51240026882,2.96205039750564
909.665792964794,-81.3845974668113,2.86217441677033
3178.83639044271,-459.225137870184,2.99542747213289
1700.56746335578,-101.221451283141,2.8574866048079
99.6817074814224,-369.976141991209,2.95419908511982
1782.53057952598,-1132.03405810758,3.05920792460952
1978.26723752399,-448.02647876206,2.94355660565411
3268.24093229597,-377.969862267363,2.96332606447962
1310.7157828163,-226.143898404688,3.29846741738925
734.518617708671,-1187.59948224172,3.02045761732611
1279.45764287689,-101.058618301649,2.89982863938544
3284.55882344572,-865.701390309242,3.04970007417684
1216.70274298332,-1556.26198666115,3.05827617267921
362.741717238115,-885.089164552931,2.99048249801047
660.246220398327,-897.337433482619,2.85739390407633
587.47320026262,-1601.57276563875,3.04612627091368
3714.47003655671,-1671.26388590457,2.95315019669741
2417.13908708018,-237.961278249645,3.00618712879584
2803.62756138822,-1960.08660657828,3.01847825606336
1716.43538755876,-1914.85409021244,3.05463907407825
2321.25498228199,-154.579478482286,3.09306839560604
1273.12606520584,-200.916433500397,2.9701083704328
2180.41831688423,-220.048438187975,2.79716720473699
3184.42604659996,-663.861310442653,3.12780067442323
1928.89015506726,-105.4155907411,3.06541350310305
3715.35151507143,-256.194260469403,3.02998939221781
3754.69050029054,-162.752713050712,3.01029261036196
1579.08060182467,-257.745480858193,3.09348922256092
1031.12467095451,-1620.3691902305,3.12396756441915
1052.7840736427,-1574.29983407241,2.96582579190084
3693.29225700303,-21.7056688305444,2.79913386879803
2760.81477295126,-37.4637990830145,2.93014588968762
1386.93650940195,-145.484430446905,3.05926983246243
3106.61593906966,-1975.65723927793,3.06846098680074
1010.10926977261,-1028.50636325868,3.09364860368086
1928.67608701365,-471.926038487979,3.10258098983384
3339.02308752471,-1791.67542158216,3.1250420556081
405.534680884873,-239.671903228646,3.12317524301111
2240.81351286945,-1762.16837696176,3.15744672541571
2550.59540127355,-2137.27754114177,3.22332079456715
1415.4547835593,-1970.20390038275,3.06972457616652
509.7422757229,-1752.95658151911,3.27891807012633
358.711191951411,-279.569608067973,3.42796108808009
1795.88917064907,-1648.71295200122,3.06202969490534
1899.50869900046,-2181.29512932877,3.45441754029575
510.829886757641,-503.172827356536,3.06852622456451
654.58978179369,-429.144569130618,3.2408867982353
869.438714307897,-419.630185376112,3.04799220988527
1057.24777727322,-349.442808761966,3.08136874505263
1363.24390704323,-149.613107095968,3.228378510722
2020.86799606344,-521.818031974752,3.1267710523543
477.382227502242,-144.749065052536,3.12644707044852
999.24260831554,-246.476045168919,3.06889216867306
1822.81927796787,-136.185314599754,3.26976015092617
1635.71131691698,-297.713033294336,3.07714457240635
1969.7995490607,-1409.39983630363,3.30611873568246
2609.85720754165,-316.10513115064,3.06724087949536
1637.93503679104,-1021.5087945735,3.221964518453
3607.04741296955,-747.472100966153,3.12214703306541
3982.7275012433,-539.500012539358,3.19190536893469
3327.19588801457,-1712.73221641462,3.26173098529545
1313.63264674757,-1603.50979971254,3.2129442046097
1946.43079192928,-1494.17813588922,3.55160966569551
3624.25116341497,-933.313338733577,3.05472002350182
1987.63505297986,-555.457587256551,3.22094808092704
3559.07356480732,-1628.99870911588,3.4925978219925
2991.47309672623,-1644.16662968272,3.30208853114426
1181.85249545672,-1907.53420871288,3.13763668531702
2895.9248029256,-1355.69485195475,3.24096617280325
2603.00408666636,-160.81604286975,3.14220484636851
631.729509914846,-282.658734400521,3.44698361269965
2406.74539765074,-2212.65577710338,3.42032475461816
3688.61161301839,-522.334323662231,3.41130520946972
1938.89992971783,-764.511689552701,3.513734105053
683.982969923769,-1880.20954037191,3.36979492864431
1834.13437821047,-273.656578042796,3.3596199891646
1690.92715247967,-187.037318007301,3.26166036457511
2793.69204848327,-1378.83410140788,3.39135569675592
2417.097048358,-2202.61127628876,3.41017947047449
3348.78730557607,-1735.88568762627,3.57734989912786
2526.26273296922,-768.190146325384,3.34969976118506
2819.57645963944,-166.938188234847,3.36574741339623
1887.12621331045,-548.863101758581,3.40563148586137
817.207677295036,-329.58157977489,3.25956154444021
2325.13713368881,-1500.46780890495,3.55613685610175
1515.68042382653,-343.785882559464,3.3537454615007
1451.09580634159,-372.872603314634,3.8057340225927
2566.17885297536,-175.880517224728,3.25697810293631
2965.59738813932,-1476.14978193861,3.64954423029122
1483.52818755069,-317.623583644954,3.49562735875156
1451.46847393686,-265.168056057299,3.68034998387577
308.553718851459,-2202.12383355588,3.76176751126984
1317.62211776731,-1516.13103639274,3.89694631213538
518.452283007043,-301.378573762487,3.65540288385918
1919.22361674985,-178.34266984139,3.60885681379409
1394.21050021675,-345.522744921013,3.874154034703
1596.65848231708,-1689.24259099268,3.87795027118031
2034.96189430793,-215.913055505509,3.61643087226806
3008.78200045351,-1833.04040265609,3.85730008432714
443.290688057719,-347.336587832936,3.80169288694075
1942.56336258408,-493.46435029865,3.72967254021976
1318.98814777998,-183.654075082492,3.72409197494092
1089.19906865422,-2122.66536754999,3.93264601635454
3438.15801392754,-1832.78858083279,4.00334324651415
1160.1747226621,-1513.76501585302,4.11736999358505
366.365461825604,-211.224310126349,3.87429207103531
1536.80596520821,-53.7063249792544,3.9365649381552
436.628621097715,-160.120919202185,3.94632403946324
1029.64089774413,-64.0521441711433,3.74134521140471
1536.93205502541,-1689.39347614303,3.981258231918
647.446540560313,-177.749690567188,3.96298188143383
2314.28771705085,-515.216940284782,3.91463145387132
949.028422506587,-27.2504589760697,3.9664173651867
2382.63345121356,-1617.732427256,4.04691949166502
980.345969105788,-59.4710844494141,3.9580966255032
3437.89439285408,-1589.90432103049,4.19298393220755
3882.58633052747,-210.006269378943,4.02703684269764
2751.94438733339,-414.349676690885,4.00239116348472
1875.31522552005,-1632.60156587541,4.14431519807531
626.459369974662,-594.741846740915,4.09637155451051
1309.62695336023,-122.516855001921,4.06962971248296
2965.00645501695,-1940.83549186786,4.09618786393978
3511.81130230527,-479.125255838907,4.35077164354055
1445.87888082749,-1443.59527584973,4.47977103398201
2774.74367708354,-258.9186541209,4.35840624312675
3974.22520557788,-425.589054694906,4.44580232544847
298.850947964784,-1861.78530259279,4.3576915429977
2231.91471123094,-529.878221999561,4.43043328465894
2292.52820486091,-436.110392070274,4.45587831181378
2600.80518827227,-575.613862119266,4.44769412666383
1092.69528107382,-710.232234121075,4.43415503732801
3410.27792568221,-564.23151667941,5.0122813106607
1517.16094081558,-517.825997708796,4.94401482483994
3661.6250450918,-1604.38296166611,5.291075025308
1705.83439737109,-72.8226462064726,5.22886401803022
2864.26008878831,-451.438783731184,5.38548561989858
3224.5257455355,-294.207862804558,5.44250474447567
1839.04660810869,-1252.02025413202,2.88903457586815
3078.11423149719,-1045.90843914443,3.09500107160071
2804.59781035945,-1260.20824481162,3.2273468650608
488.537875829997,-1788.96027274254,3.01594894467271
1680.51203717085,-493.994574338862,3.06969095164559
696.126911620239,-1702.09990127848,3.30174968859712
3308.61734366106,-2167.59951501494,3.39096995338052
1314.0431348361,-641.586662021887,3.35338708325653
3350.97365669353,-731.938484309074,3.46589526945257
4003.23391069441,-79.5610305650442,3.52910190598352
3365.93887042816,-700.565403852468,3.21313854712202
2586.65026251665,-1676.66079798538,3.43093535079462
744.437883515291,-328.342171839888,3.41220126371212
695.381885925023,-2062.52635342237,3.71519692906856
2316.09409542904,-1556.8634159201,3.64984183757168
1637.05007854617,-2105.74148021395,3.78447268187123
1500.32820898706,-1523.13366795187,3.66120727453066
779.556589272613,-1945.29069240853,3.66930476541444
1665.89767687445,-734.538722148754,3.79275785308115
1685.69934063541,-2025.7959969162,3.79021306486398
1729.86248323921,-519.473133872067,3.71707159125353
1260.47853379522,-1421.03916351979,3.85294518426808
1687.20309736487,-1185.54369668452,3.95359266692884
520.957950267435,-2187.83405273238,3.74417661854972
3779.15432034673,-905.764708420003,3.75170425634555
3911.35145432687,-1165.85076357054,4.01370699795376
1641.55681378385,-2073.61265625174,4.06305118930603
1137.76425525761,-2154.43028078035,3.98805086646278
2279.61588388175,-2199.88625402083,3.96053606345724
2743.01543252055,-2068.5252908122,3.6392010214057
3819.99361139922,-1075.81809173195,4.18991456432316
3709.27193684552,-1548.47264831089,4.00260853729459
2602.55815653899,-1740.8523104932,4.46568942588361
3897.75756025971,-1019.26665513434,4.4354027923319
1874.90792875693,-899.002613171342,4.49458413112883
397.511463150551,-95.863522548176,4.70850787012756
3917.17830915186,-296.740045540774,4.66520443364381
114.918585807353,-524.259444751252,4.59920231200141
2103.01685725844,-1028.81854219179,4.95303395656905
2276.81515290155,-1720.62761990142,4.59089993223785
2038.06767066047,-873.560233503944,5.09040400686414
2316.09444437107,-867.233164775011,5.21177151732274
247.940321187235,-207.000788481186,2.78709591694342
3663.46448133295,-1527.88457307344,2.78851046844716
3040.12927724743,-1465.49446488819,2.89044057075288
3111.11131776843,-1361.09098169077,3.45998726328689
3947.31247599056,-1350.29131163333,2.90578451050637
3957.4292512081,-1446.05893142323,3.02708877924723
2908.22109828562,-915.819969449947,3.02920116081665
3688.67191429555,-63.9796476360085,2.45513108915891
2143.38497820597,-400.873784792321,3.19137151007331
1596.68889598779,-959.981263569422,3.11896845791597
1548.28886092632,-1484.61084151633,3.12218748079991
215.069197225801,-1951.96645743398,2.90155242923819
3310.3843287306,-373.558633168603,2.93769515478423
3772.53937261059,-161.077707139765,2.72924920647024
616.356976218156,-1202.59484211373,2.80681672013927
2375.25599514424,-1159.89210274715,2.92411165499952
2642.21544841458,-1521.73067525895,2.62258949851808
3334.79139510306,-95.6701537997162,2.84305491135607
1594.78292227862,-1594.97367955949,2.80099082225194
3025.36970837892,-1264.94474965142,2.9558371316596
2031.29672242859,-1134.09505398663,2.64380045356151
3483.37585607662,-2170.81250768333,2.7992450298888
1699.70093244888,-1421.15417546447,3.36618153698963
1196.97296781486,-2124.90870416364,3.11952026192954
937.802135629767,-2097.65611243812,3.07989525949693
2522.90377709467,-882.402197322252,2.82208379569292
2927.24926637735,-321.057516422034,2.90707740128516
3875.02818845704,-1113.69522618286,2.98017571627033
3953.61166511898,-2103.60667932353,2.97201914225842
1490.71621997707,-807.284152811089,3.30621224630989
3524.55142274354,-1945.84002443419,2.98481577283162
1029.88629451438,-674.630524531488,3.07940906149664
3831.14788807804,-159.415096371577,2.75394233912648
1224.71765955547,-1609.71161444054,2.93554073887531
1766.59264664442,-1987.0262176315,3.01448292803302
2949.70915560642,-47.1967406753179,2.84017430862073
841.325996072842,-804.325696441528,2.93142182886817
1168.4870472095,-1802.92824298464,2.30527517256
889.030974860983,-705.453698994421,2.98770923097639
1657.87709124608,-1991.65443372814,2.9698687478308
1292.41006969212,-2029.74226608989,2.95255486894456
624.616132506664,-1784.03854870152,2.97550704872121
1821.41785556122,-1051.88205197604,3.27370034228505
1622.01383309488,-1747.2889047529,2.97609743629928
1170.14864279264,-316.406431397936,3.07206801295415
1121.91606243335,-1711.36497188821,3.17922794363265
1151.78117693624,-1621.79149909755,2.83108208744689
1489.94974182017,-505.307704263246,2.83463730036926
175.952048506586,-2136.93339498275,3.29219229049489
2803.30232947647,-44.5460971891224,2.95998598831535
3136.59053977888,-1775.8121170187,2.89958868545074
3117.73807204733,-1873.55618797954,2.92726043742859
3422.57978929891,-318.440633788697,2.77289102433917
3894.41024838219,-1793.45441576256,3.10898248956882
1178.28665077084,-77.2794978133388,3.41482714615335
2408.43619789126,-1530.37654669631,3.05154475931052
2927.46120137269,-1645.4505905037,2.9764732372753
3835.1136826758,-1377.37530445357,3.02194373763099
2267.05031901765,-1399.64048924575,3.19320187809907
630.045023865028,-1932.74225510319,2.94298852501782
2095.70988778383,-640.052861045773,2.93578330760533
3319.28237221328,-1197.89078622897,2.72726595805534
488.412119941749,-1041.9216058828,3.00500562545961
2853.2187096957,-247.769524810512,3.02748298696357
664.43223220093,-2205.23156049811,2.9561549119974
3304.27543197781,-1509.0812590023,3.11966094582416
1322.49447169127,-1451.67110892627,3.00446517822335
950.348843413124,-346.595092806384,3.03160472007351
436.42391049315,-359.222390601254,3.3112181124531
4021.0256868688,-894.817985587345,2.93333906706132
1153.81826358699,-1677.5315104892,3.10799763629035
981.670990715245,-486.185667925626,3.02433762105493
3018.77264247186,-497.490881105697,3.02099024743944
2933.62694888627,-1063.0023920606,2.79142544100849
3825.33691052605,-245.442459623497,3.12731102030324
2876.71718372668,-2070.8706887343,3.36560494011352
4060.56583897287,-63.8299620571292,2.90119448596202
1871.72766180898,-343.730952170653,3.28078177969216
1913.33593600586,-1306.24458397025,3.05239320295069
1202.39535935534,-768.501681796809,3.04311352314945
3205.85516186234,-1887.60989136034,3.72535145919832
1404.52386378699,-2199.55293294846,3.38212801095808
1761.84096208636,-1036.49256521412,3.16229816848819
1803.63548525097,-1944.71041049931,3.14682314223268
210.832610751916,-876.341252431758,3.26267365958972
1827.09650197412,-648.758701689208,2.85973034861405
781.479277012165,-589.490753194859,3.02847027238401
3476.32490622115,-1257.14390852792,3.05938733265543
3614.38324419682,-1245.62667424623,2.98128649436178
1803.69307196665,-1377.84207699848,3.26101195279426
1036.35903837291,-1907.48206947172,3.37469075234449
857.673678823117,-837.771136401609,3.04970307338086
692.684582119407,-402.799835755079,3.10342359575988
663.125819637046,-1479.36917733789,3.13205580156674
2344.12439973973,-1958.50153580579,3.05672791236111
3999.62826960672,-726.625669135272,3.44081533901162
2923.87428556131,-1943.67519126965,2.97333288938506
1236.91880714507,-1087.03996711488,3.00838321186512
591.417289830942,-1842.32155074721,2.94911544360243
443.537160656896,-1993.84656599392,3.01932224073269
3810.75497829853,-238.292904633904,3.52492766956111
1857.44904168748,-45.0070422272371,3.18391333564849
715.403626289373,-547.460726280925,2.89866350946048
907.037270098363,-751.187436881551,2.91951899092319
2233.59656525006,-551.411991776967,3.16941553932069
774.30494569851,-45.5669373384246,3.27023173052765
1844.52575713627,-61.568445737338,3.23948655441104
1548.9561058242,-622.738174532875,2.95765588624719
2221.49090358149,-1240.38686824941,3.27788179378777
373.519143974414,-1069.49951175442,3.23131628816037
1572.5976903669,-1338.4280446874,3.05060566973494
1124.7416846778,-1810.43168922067,3.02923438704403
960.536544948502,-1209.87668608531,2.96827510332034
231.579157396878,-608.426522553265,3.01144679361743
1561.17511842654,-923.769709086724,2.93509141948567
2647.26379582889,-442.175018388713,3.05401062694425
1344.82529009874,-1600.62654184126,3.40410253643247
2506.11184824866,-1776.64272285757,2.95148037981064
3964.16875493597,-295.44232268043,3.28966263106678
748.142531141247,-984.434716422648,2.86455174540993
2104.9033475378,-810.148364573608,2.93378906898488
434.668937185594,-667.287211927351,3.09232868416404
1684.1896679899,-213.656528745866,2.78832038350291
1435.04875686937,-1872.5654275826,3.38583304432871
1383.06765714469,-1425.82400757052,3.33364600880079
2319.8388564041,-1550.91580933059,3.23925148645661
3091.61699538984,-469.5429732415,3.30073865848479
2728.76094061317,-801.368505597197,3.10834695891179
2973.73272499745,-1405.24413033321,2.80512579721006
1472.56347464335,-1362.05468230969,3.1588554212507
1556.51852055437,-1221.58533194134,2.95176214059323
1754.56512843545,-55.2826632137965,3.26687460266825
4011.10879562369,-126.288769876759,3.36800560467695
3525.8436827331,-272.879076245334,2.96660269247742
3497.47896198328,-946.226817719474,3.29840094621973
1235.6686195287,-257.650095646148,3.06881469041271
2071.67490299024,-768.585126007068,2.99887283670936
1878.7556335919,-1047.86432801891,3.24553040155722
3249.14107196027,-1788.7454739278,3.06564612497418
234.045665032548,-823.381523709796,3.20950075498113
710.552329766786,-390.223164010653,2.88859685649688
3149.73201414276,-824.400783941758,3.09098676458683
3694.27548957133,-2082.54816333577,3.0749757046969
1017.3882760334,-2044.53039448414,3.16907331925925
3386.94885183778,-1098.75540336484,2.93428543119499
2220.60092996476,-977.380950172911,3.57475730800157
1397.23170280423,-2161.70558000214,3.05673277904103
540.915445752473,-1352.82899272202,2.98465603571825
3710.86522221366,-474.384422370806,3.50728555841329
1562.68839802651,-1280.89575844945,3.15533350430758
1877.40475945599,-1798.89248233557,2.7208029256378
1207.80467129704,-1323.29823643617,3.24531349906379
193.107768520074,-2107.16506586646,3.24811170508819
2919.56330906818,-1465.05356899518,2.8545229524948
2632.82466468648,-292.948820389072,3.06677813334289
2977.8085580069,-475.305173187394,3.09940673853865
396.218863451055,-1643.63883817709,2.97499610912016
749.466530546756,-1836.69641755268,3.3980542594065
2420.43953548121,-349.608968376346,3.06458206346373
3693.41393755944,-584.910570273711,3.13628732908858
503.233997299318,-1413.19918354338,3.133086514781
1257.37185254483,-93.2170218178777,2.30650498478536
3091.43326706074,-1251.07080445223,3.14131638968886
4054.28601790408,-1371.91795309601,2.97308152143657
3177.1656980447,-1657.44629756007,3.09955867062996
3970.34838491355,-1124.99682543727,3.35092855187426
464.772983639555,-719.297743226602,3.19944285288562
217.253945654489,-19.7885905635957,3.03119377612773
2098.99850281797,-119.456144694169,3.02013192382225
3070.6347895635,-1764.32263160758,3.07282182767268
1311.57741406679,-1296.04549787991,2.64972740228976
3985.62065670346,-959.26207592411,2.9984793085994
1576.58329672684,-927.413741328885,3.24942440479056
2580.93993382513,-333.482378984047,3.34318410934507
3118.51345279981,-220.542666505147,3.0940422019706
1110.29772496347,-1575.86119293846,2.93517960990854
589.3876213408,-1738.20365982631,3.30732235752562
2784.58061998718,-1549.58700937408,3.16070944110671
3635.45567652236,-1967.04209147556,3.12122768730557
931.487272753551,-1770.82372656564,3.15341576359032
4005.59013303858,-257.811481984947,3.60485995685793
3935.28143049908,-1682.10998016707,2.85626857013278
362.904112424004,-1306.18730670139,3.16298092900727
3225.66984771767,-147.172519539392,3.33259128880265
3849.71883062746,-1603.3761486164,3.20939163781388
2069.80165412001,-577.718800461055,3.41909206282373
1086.00760563438,-819.944436918461,3.10790755592678
2156.06784818746,-1077.1598755301,3.19403697944233
1375.3263139844,-1231.05039452841,2.90046741972125
1399.99226273005,-489.571253472745,3.06370783558728
3141.66990393627,-1543.11023931771,2.85140756594002
805.016128012104,-2139.46121408275,3.32126659978468
2063.74325566372,-200.67347106695,3.31333272320888
1994.53019735391,-755.537448073536,3.24028158225404
3245.04795407204,-1878.74262031502,3.05752847447926
1387.63205935382,-737.816366252378,2.97001180382724
1315.88008627913,-1322.53729362037,3.13847108382261
1535.80631561694,-882.790305059039,2.73854731907613
1682.24381891098,-579.822541408777,2.84908590683967
2010.16631581547,-2118.19269630542,3.22415080491221
2930.43625245346,-512.319820861028,2.94304584009067
2848.58905533654,-1191.11466657388,3.2213689631685
2506.26833852068,-1546.87938337084,3.13252887606169
363.94136356803,-32.2475964870361,3.29745170222413
436.08165221786,-1103.4505355021,3.12659721816688
2327.24925240666,-822.880578806588,3.13258503690784
1635.46336339152,-780.604963067092,3.3004522331125
1463.6219330784,-692.8572977189,3.812811138053
2958.75401751074,-487.183714295013,2.97170999405187
3351.14605205999,-1190.34882639322,3.15459022309045
1147.97864499529,-154.743087533257,3.6955048710999
1787.13836534003,-462.179242142239,3.47048326428548
2647.22037599776,-783.362858459805,3.51375403718042
1896.50588203281,-28.4789391229872,3.07879540282881
2245.72064700676,-1530.22052778711,3.18032378487461
3649.43691085126,-1869.05434254637,3.09846541607323
1022.1347658299,-2125.61828016943,3.40035306200754
947.802201195495,-1651.43844056424,3.3104758775104
88.6471982602917,-1366.84132396758,3.24538817833221
366.296881833893,-1529.47262258423,3.40772909625922
977.137339557573,-155.485216230546,2.98913101072092
1919.72527235071,-1138.24203024313,3.34344111071855
492.062659162458,-675.824038039111,3.42911751680103
2077.59561201895,-531.514695748793,3.49017903893482
1975.49853099346,-513.4853217633,3.1414636195059
3228.36177142389,-1368.69225494687,3.05459165577404
3600.86415770965,-391.269275474666,2.94073352194386
2018.5584233315,-1499.72345722941,3.34052047029401
901.685478702705,-229.717043562424,3.3777468535049
3246.9180043299,-1890.54748881084,3.40986267494272
2742.53613992836,-1739.84909605726,3.18770600881361
954.970477882672,-1905.77691457088,3.31501601963433
876.100173634005,-152.0198540977,3.29140548728562
2976.18678622239,-407.678844261775,3.46051883594557
3106.17232303954,-2152.05973212474,3.23807727650181
3439.54307328625,-1760.47375638333,3.20925598220831
954.329836462448,-1232.94899290354,3.24882118173289
1739.1258218697,-958.594144760207,3.38941670291137
992.072087350171,-1836.06342269564,3.3859519147425
649.980529713977,-399.055728675066,3.33468929319177
1378.82460758111,-1962.39017315229,3.29597709547016
2729.21697532617,-1567.5200434041,3.35561703329766
3618.54991248591,-1719.14816627987,3.30257267982921
1589.31807289637,-1147.47122260505,3.37057535834355
2695.84889487239,-482.299414069607,3.36751290322612
3885.79641010705,-520.620059872227,3.08551084090832
3462.24515276859,-1380.78713584575,3.39894979947641
447.487576066509,-273.021985676778,2.97814696056966
3060.6793216757,-51.128844282923,3.42166277770023
2035.10636409087,-888.472395086086,3.10199019127861
1048.60483682815,-448.049190750882,3.22286090121225
2143.86214597246,-665.441689440711,3.58559059675447
1926.07212360164,-2156.25423618375,3.18271216264211
2687.64979355374,-267.130517491381,3.42823042906983
3205.12507759066,-1518.53127765321,3.35081361478961
652.157948166848,-1905.44319854001,3.28651252408394
1641.34512768775,-267.768793532493,3.3299929252519
3261.13211687429,-126.253676454459,3.28626960302521
3317.09010482552,-1611.14245573146,3.36560801467547
3839.49421038667,-1652.10127599046,3.28917718083657
3487.59225971517,-1821.17329750804,3.54062377955419
3749.59767022762,-1080.49152327743,3.24997791669695
2429.27292170382,-583.984800326413,3.3245122380976
2010.88358792444,-2046.95448248326,3.85058407652953
1126.07843335217,-544.121686046497,3.24948154899324
837.144524918584,-1018.83973252443,3.40398660412934
1876.99030196147,-1254.1463093593,3.29650314060312
3942.93778283372,-992.164585335298,3.44776001931267
2708.72398736912,-693.641960356367,3.39701980406922
1260.95111543963,-868.546296838889,3.3085838695211
2789.32903400459,-522.8065741288,3.41524336284438
3617.07769752309,-1772.12293268642,3.68039546747311
1935.64340788213,-1384.95874301726,3.64310604679958
1199.76350601929,-1166.79083516508,3.5604847825123
3654.56574119118,-1666.27051078992,3.53029481321613
321.152915558414,-1977.81895472497,3.49907867792622
3603.00261198274,-1420.75356577293,4.0558106510077
4050.21268923981,-1051.25558288334,3.71355622764789
3481.81285100608,-1461.45691324369,3.69838381596436
524.997120263134,-409.587027651597,3.68277163015997
2006.29785021831,-953.291805871904,3.53348851483783
3331.8227192508,-776.211778976732,3.55060786108364
227.501473208458,-531.883701097818,3.36278318731935
1438.94105839585,-1257.80162727461,3.3022482344643
2623.74222183911,-63.3644681809252,3.60286490350095
3130.25019934055,-1396.33943048592,3.13830330313097
2910.81916870759,-1787.30260889438,3.48053399180049
1056.30835656088,-1683.18516408262,3.71835471139588
3179.71618543554,-1385.43658997761,3.47859827974364
592.820385407361,-75.3388684449155,3.53309418360845
416.30989651514,-576.047800499052,3.56219254333531
1843.23408347808,-741.086745515701,3.76192252994903
3751.06071419714,-399.478411842524,3.45542827695278
3682.51423809765,-1327.3899141882,3.47393816511182
1396.21324818109,-1164.14973940968,4.03378473961462
325.04620225132,-636.790220667188,3.40469936942807
3863.23592319693,-1435.51230410454,3.38648402800902
3245.96556724642,-1963.96752816103,3.53574426157493
1400.19627978672,-174.200893623839,3.61833594588679
2288.58471382537,-725.533493489021,3.61422439197276
3712.22629298994,-1984.16391229544,3.42810662580646
3607.9216760069,-1187.88816689235,3.59890870983812
2172.90386856668,-606.464108325642,3.7979100889237
1012.60316384201,-2206.57793301246,3.46954279951841
2738.66016171142,-641.542182266281,3.53823347220235
2228.84612222156,-1809.62026029725,3.40386933688771
3050.77508241985,-265.789164174072,4.23242867569351
2958.5713540543,-882.6152606668,3.77119178963089
3740.58822255869,-1796.42806628771,3.50497931792989
2976.28123621719,-923.1519655803,3.58979448314869
3752.47251950944,-1338.44040843371,3.69194560731908
2274.35076602046,-873.823781268464,3.53633131695853
1961.60455839735,-1996.85905192947,3.6547882219787
2240.19228044193,-201.663231032305,3.57660051923483
987.755367343785,-2166.89764680912,3.8732865065635
1562.37326265447,-321.437079801924,3.55263080659916
3299.29801047266,-1695.86994593655,3.6898101132841
2846.99471537725,-901.230461641408,3.85614523957176
2600.52994293653,-1870.22417986664,3.79516624093351
3021.08623792184,-1005.91734636858,3.89099753973775
3838.3960154919,-963.848117287904,3.73790412242105
2502.14274102276,-300.00251135394,3.63221428518211
2033.26552876729,-1563.08294927651,3.34422064994862
3897.43805018226,-1461.83229695222,3.82135933051493
2918.76721099717,-884.913360865925,3.73187354419003
2045.70325299029,-2104.56060335664,3.62749826516381
2012.55717846764,-654.855618715705,3.70103960972168
2243.14029601475,-1201.84851127899,3.51530771469933
158.958290298749,-1066.73471885317,3.64983184519087
1781.27262135579,-237.72540031495,3.73790947864207
2304.75976086749,-2053.88446946966,3.48232933814801
2394.81235568371,-380.350010945011,3.82936757358658
331.595668771947,-954.040289570397,4.04418137974022
1757.34903402648,-389.606263534032,3.59188791180677
995.53426414519,-418.116300885096,3.79020813773287
1799.3528392754,-1307.16873237378,3.93452838336811
2382.36993334045,-1415.35022370089,3.77279922563389
1528.62683049042,-963.447655481734,3.62855029048499
1632.19386495862,-1206.72177300854,3.60535268973317
3062.64532754587,-1359.18002411312,3.5120139909029
3132.0064962503,-1301.64762136777,3.77481853936083
1161.97747293823,-729.351526550256,3.79157843040374
2442.85912197995,-431.903182125279,3.58595157885789
3912.74001247049,-2188.79422649407,3.50120746017282
1650.81638210611,-1654.67738141339,3.90378050967532
2097.81698015795,-2099.15176311523,3.72007465279422
3222.71540573917,-190.261786210175,3.83894511183371
377.428268393825,-2055.77056250416,3.91201479056994
171.300505876991,-1998.09180918134,3.76593994485695
3123.95676920183,-2071.24524359472,3.93776382574504
1932.8275129931,-723.17088136893,3.67968872941028
2095.97766524359,-1765.27804826676,3.8241041749948
1366.78206823865,-216.456931815965,3.74471538635122
889.157806982604,-875.050748262949,3.99310218170504
1767.11808621446,-350.153872984517,3.70211581031908
1993.49792340287,-1815.05515889132,3.90067801200538
2214.28471566607,-1309.19593937821,3.71915273515031
1810.26492025754,-1664.51969635975,3.77265628212382
2149.18231939932,-1471.67818194774,3.78012557263951
629.060107613109,-735.307380314877,3.83384788418862
2984.67976175854,-1865.41584599438,3.66739187644384
2024.64350958466,-685.609408366679,3.89248292667312
1193.02139813709,-913.037289209473,4.28040419742806
215.122823521506,-137.155172302137,3.85519904024112
981.367180755722,-675.703351767932,4.21402227535369
3974.99131440125,-1810.13902881788,4.10638587009992
1745.66866008214,-1675.2217262374,4.23022849699247
2906.52623312246,-2120.4743172201,3.93228481496277
3313.8774931446,-1007.3266480145,3.85769544003206
263.736473334694,-238.296768825981,3.82136230907167
1925.57224524463,-346.562227915992,3.90979915874971
2152.09833727729,-917.671138441901,4.09051337592116
2497.59935385283,-472.445795669615,3.88997625849309
807.300316496431,-922.801656574271,3.98422401537067
1831.17725278158,-1871.84122818872,4.2326064754003
3991.59528819847,-833.588603290131,4.0593537675213
2611.67622429111,-1810.76359670798,3.984066233857
2189.43665541966,-1379.68723783613,4.12861881798734
825.049613469858,-1778.62442635523,4.12168863932568
732.831221254278,-1908.17756574326,4.1594425996821
3624.07798883622,-1367.98657217573,4.08643751218795
1342.43964727944,-2011.36552068573,3.94137051356085
346.851940868592,-1436.502903068,4.09611101389957
1995.79412351678,-430.184676173128,4.38364749731634
970.701033778807,-370.051398993751,4.21697193238675
1047.95580321684,-184.472639394488,4.42063715220785
2105.19344076386,-1919.23190269559,4.41530317971723
3536.90014446585,-569.853495649491,4.38071668422227
255.44763919183,-1015.37107163676,4.23547900467781
2269.88551781806,-1349.98836643645,4.29814012788255
3701.98734814849,-1188.36135188487,4.45604755762324
1100.14033139126,-703.341169142519,4.46267935732144
1745.16546453145,-1230.89580641066,4.21469044910834
2557.00075607501,-2101.57211580694,4.69390650448749
273.411397620755,-1191.64743871959,4.89046480888151
1253.32226040949,-439.473922282084,4.64495398417062
3690.04549165507,-954.897970309727,4.90812475545297
707.486229808356,-663.515705016238,4.82280109850439
922.858537656343,-1985.91013358923,5.16654381973046
1329.603134327,-1709.76999321408,4.58984307092056
259.174047333546,-1327.66280017911,4.95024274817812
463.821738013862,-1958.34994998193,5.06192802167315
2905.33703694916,-1403.55018109305,4.95385657971585
2942.90618971536,-1604.87969365727,5.10578685712467
1172.92275024432,-1818.86426220222,4.97774558182338
1668.44554602044,-1511.47303381012,5.08315254826301
644.083913102223,-1445.87007114971,5.33622784951441
3335.82295332311,-562.868083557388,5.60222895484674
1725.91124695765,-1098.11658012246,2.97377351370802
1111.86087293818,-982.156035247881,3.04515529345123
2550.93154034579,-1866.35827947616,3.03632035889114
1016.10120614817,-1550.6718240458,3.08205460312218
531.999726084278,-1319.16601323402,2.83116649151619
1451.44291665281,-608.909853115025,2.81753572436597
855.620664105676,-1134.37260448502,2.87065528678166
2954.16118014538,-683.653592070332,3.26045598753086
1588.83862987259,-591.893131029707,3.15305927578737
2142.49731953155,-1094.28063461374,3.03918419097102
1256.57002734097,-565.53912982392,2.75076673471603
569.17443740107,-381.958880213923,3.00453817258869
110.805941590317,-331.200411144969,3.10863074074737
1760.84979310193,-554.361042064338,3.16463006236002
2352.25230110642,-1732.77833074091,3.5238091989244
1646.42750925477,-603.093311260936,3.032253485996
113.543973751709,-56.1182077889246,2.99417125767225
120.642772729588,-452.837398056536,3.39575570353517
196.763976253585,-551.009536315767,3.42114980408957
359.44954215204,-489.720397411292,3.40232252409694
834.339524801265,-1233.42081849709,3.40100459371408
830.347839209804,-965.956934892779,3.45519574187696
931.841429203659,-825.345407751963,3.93865960980963
1481.93690161761,-869.924826477855,3.94947401255718
2128.30587446861,-509.547436885307,4.16381731408822
2207.06589094032,-400.834423059784,4.4385810765776
1881.48132365457,-1706.76798270021,3.20747924001514
894.828557653695,-733.096446564239,2.93414123889863
770.053179632563,-2098.04626850227,2.89426532895029
1851.14496812786,-1091.4201165151,2.89151931748987
854.112412006202,-1873.28385617568,2.87909509625375
569.85571382433,-640.133924902141,3.19510290001546
2647.02148730228,-1801.00808846557,3.14354916403221
1492.89110140008,-1180.59100606178,2.83284130464342
2104.22331571254,-2204.83263571872,3.18810723459086
3648.89993119771,-958.042591408406,2.84128901919742
2863.66567513336,-1912.42855275261,3.16610650074849
186.073382697769,-1476.56557392929,2.97238900825744
344.100957387346,-2183.24210946895,3.0099363022886
565.376537847192,-1811.68331130145,3.10564838417303
3655.40377557123,-1774.02101327917,3.08887216342611
3684.75948090706,-1179.90227338595,3.23289604346582
1224.35156512997,-368.057690579031,3.14135728848504
3370.40561883626,-528.286496510018,3.16446748989866
3341.96549482702,-750.632868490993,3.31671075221022
3255.24544644205,-2012.67393349561,3.38580025269766
2772.24797557539,-268.603923253562,3.80230658728219
2474.89102360541,-1718.14723035228,3.54978423750405
1047.88150543395,-1269.21274075477,3.14574157859962
2076.40089702124,-2009.9539381889,3.65250619796284
1977.38977904073,-2057.05857142252,3.69262338314105
3257.57038378775,-81.6700397774677,3.65838044222271
3823.47241875872,-193.556870010682,4.00664105975674
1554.76555941418,-2116.36572852491,4.29408849024877
1670.63615737443,-346.387222997658,4.19898382717964
1714.48225599383,-2159.94474645082,4.67118452595916
3622.78539825149,-1873.5931257377,2.92905543039282
787.290978592054,-183.568340324568,2.97668883363382
611.684712104132,-1142.09472204862,3.08043961430135
2794.00689834056,-970.298112196719,2.95545538105024
3633.3712336397,-971.387128368736,3.03607004909744
639.088396859253,-664.249071758544,3.21064503354325
825.375494821457,-777.701656402597,3.56558803884953
2859.64487506812,-2154.77487020913,3.41419931674366
1136.98533165043,-527.560225440144,3.42715545745723
3078.78410627087,-581.819252300959,3.34831881450105
3277.15510382439,-945.452506023168,3.12743189505516
806.75269418324,-1206.27526573806,2.71750021385525
75.1377433952141,-1453.74015578968,3.04170255705076
1497.46248962738,-1900.47221989458,3.24532110769201
222.463933731172,-398.908968950039,3.11685877908929
880.520339131865,-1861.04571071531,2.7783659495256
3660.81747701512,-1274.011733052,2.9052984358684
3099.6625423357,-773.245199982913,3.0258222990894
753.767803652735,-1242.69355763928,2.74423380159053
1428.67832602109,-1003.98422126537,3.18183860976533
527.698526428769,-1394.23156905646,2.93174971061468
576.595660839525,-1313.78398761263,2.85893916029741
1885.81918069645,-1581.13351900942,2.89416047225871
350.619880594094,-277.232292308963,3.09989658864858
3835.37653360207,-2128.37075543668,2.89603849258755
738.456358009963,-1454.8652761953,2.61119705776258
393.114578444731,-1367.57138217002,3.27981884608648
2316.44842120664,-467.864008233666,3.04594256491617
747.818099272534,-837.231011768413,3.01169058332905
1735.87003407189,-1834.98884181673,2.8166246922473
1882.22700062044,-811.369729507981,2.92369827366174
3863.11841730855,-79.1599225322405,2.97729967432431
2666.27668878756,-1717.74330254835,3.04942071397044
3103.2946677581,-260.159948540941,2.91991564670013
1212.58259965925,-1055.7128083105,3.05114496611556
729.428156946232,-1946.09288534879,2.68772947855174
3705.12168346736,-758.906323424906,3.26525290995159
1744.15462208983,-191.037592549139,2.91394675638149
1131.04552178519,-1153.29723700702,3.07369587667228
4013.87747914546,-1095.73065687014,2.93731688690532
2438.2831364606,-838.242513465437,3.05929567710399
1124.58617193072,-352.693621891969,2.90618910381946
1479.70617651982,-2191.31118771259,3.44682577882552
2981.09292150182,-1993.26742167605,3.15736883386345
523.323284424674,-1330.3879632683,2.77774132571819
1860.04437834929,-1245.39851128772,3.12778801188119
831.382832049357,-1762.15230517481,2.8276676928517
2340.78369087784,-1311.89577443893,2.68946916311275
1816.52261220884,-1710.21395353588,2.88546959478514
3558.4815509705,-698.232404165328,3.06445785390345
1883.94521428828,-1478.55480637664,3.3070545670519
3338.96737598339,-2057.28162447879,3.15530812317274
2016.95051426816,-1854.28604954999,2.69910075035111
1893.39622812714,-955.892509168969,2.85337289279997
1955.26860391998,-965.057499108549,2.94229429615547
2985.74880901382,-1670.764897146,2.97758151422871
228.242646024753,-2214.49722073744,3.23172485968389
77.6803281984564,-1028.25269962531,3.04698054354818
1825.12201946954,-75.8252739523208,2.9249461456949
2582.76826663054,-2098.08405207966,3.45845877222063
1734.48185359581,-464.802061920834,2.92175542174321
3855.58612871608,-911.010247476046,3.16839175444529
3502.27637853118,-1795.91694243126,3.09790560211828
2290.99732021729,-1660.28151781143,3.02550226151857
3052.00876304542,-1661.93081457762,2.82531345466542
1145.99192001138,-1349.25086122187,3.02960096491537
262.636872892188,-1104.04476269689,2.93253108054098
72.1414493927971,-722.219515133308,3.09016521809662
550.507395247717,-1773.07712964266,3.28175566830377
3832.18808536985,-1083.89123474379,3.561164712661
1811.8490954157,-254.714405592663,3.66836095915728
1336.24630020748,-1624.78236312279,3.38149723179735
2400.63611226543,-115.647933643722,3.42233860072207
3643.37417295763,-331.398878063735,4.01048304595497
1497.44839491871,-1736.40434702747,4.11403319296933
1455.17850170999,-2169.36175531373,5.58986945586725
3976.65858189751,-1582.52290853927,2.97391016068591
4060.16565441013,-2194.05490974134,2.84579529299559
3686.5722280552,-1786.1697440041,2.74740230924448
864.258136633478,-1565.62147738183,2.52442819909121
2867.91711614227,-972.804009845023,2.86177572150346
1315.83270920838,-1584.81995326889,3.38289895437958
3982.98103548846,-1313.52641249645,2.71942724789798
3793.8525274961,-1269.63802045855,3.15586912341955
1533.42411921571,-1041.65318177891,3.14231455463703
862.329191579505,-1661.03417510507,2.72769285900305
2054.02434661639,-1211.02784649397,2.90371192231422
491.858028273419,-1197.95907822123,2.80767582993507
2190.61062330843,-968.722101191993,2.80039104387359
4064.97290111379,-1546.11865887034,2.89218051281695
1614.61277800266,-565.882996130493,2.98938693719129
1303.87374731209,-1396.2283535241,3.05262141426271
3598.5474098632,-1301.85946810281,2.96907463102385
96.4797980744407,-972.114024609323,3.25857446165311
2290.11206463447,-1416.03383375291,2.79127246520356
3988.52978562275,-28.1120162757805,3.09109370419877
2980.30466249527,-1840.51326842181,2.88007592980609
2031.71687078576,-1282.14194011519,3.06119728999344
1007.51437864193,-902.334960259582,3.02144029273761
869.136912823252,-899.046722425494,2.81066338038261
1611.75258116536,-833.539916866422,3.1326921548048
2191.29734298122,-1582.25721499546,3.22083771705807
2418.25282892535,-199.741760656459,3.51929666935754
529.519513859364,-625.929474528709,3.03677292324354
2074.23923897686,-1139.91746197877,3.22659904377528
3371.17490164435,-423.598402857659,2.77483096479634
2752.45636501427,-1810.58553383416,2.91069565732626
2974.3380028783,-1040.93935936223,3.214293768589
3836.81044530426,-28.5683703896766,2.80349856850314
3451.57067241895,-1061.99128354862,3.09712409053446
2581.30569971354,-1792.94109895419,3.13385140775862
3869.36868633655,-1610.87307866382,2.95593742824265
558.839863332066,-1660.16506932639,2.98624304218505
4024.70078097543,-876.4711165468,3.33467585294422
3109.64611274537,-1561.49480544672,3.23451768305151
1017.92885709649,-742.380060117421,2.65625674680439
3241.62188177458,-123.751306924204,3.04438513172723
1334.35528599922,-683.183871771328,3.07218829853427
3439.17780106994,-1688.1687458856,3.38933677039289
3002.58002060237,-1840.03485958593,2.70323480080523
3783.66374769663,-2071.50665675299,3.22949570731421
2998.78324323425,-1599.37942574501,3.44966985351606
636.667302843094,-797.611039126169,3.03332821998791
634.671263300931,-1349.5613174544,2.93903862065254
1669.5705525433,-787.729385869308,2.81226876424887
3000.98513209703,-920.667516772983,2.8182119683896
1078.12277884885,-1128.86224383591,3.05407545022954
3622.23575573045,-42.3685208495112,3.04723724649547
390.835463896754,-1280.98313975306,3.23137577169022
282.9602259273,-462.636628161729,2.62100140153369
594.079953455711,-647.529399433267,3.17239583461722
3293.58219099353,-2058.14500458267,3.2717435483157
3157.29302392276,-879.162484346436,3.02710544653758
2888.41832106161,-57.2843000668573,3.17243750039666
2756.44546882096,-1905.21479287767,2.67790609842945
2254.10671033635,-1603.59003087999,2.97223868659913
3753.17408600309,-9.7825174769162,2.85374578221567
535.440735625332,-420.991171652981,3.38817068943328
3780.6762857134,-1050.1250048064,3.07436210571208
404.141124722122,-1702.34673965263,3.36564389992342
2005.76563621579,-1230.08568284389,3.4332085404965
3347.79967902129,-1127.13303578584,3.56357350025229
1201.12328216816,-1601.44541107043,3.58149792552525
3219.14246238137,-864.1680852742,4.01660550778002
387.984337615032,-375.057630457544,4.26395469653288
1096.52345918632,-1632.80699527956,3.98369622358641
1196.23330871408,-1727.4974734372,3.92181807197006
1126.2519309227,-1134.28235621255,4.31160185215135
1879.50405762289,-1504.31438144374,4.18207240967362
3656.59935190526,-1070.93621162405,4.08706579010806
1368.39556290046,-1686.87249339974,4.40539769966345
1788.94588530181,-1595.64889927503,4.22761879860622
2308.16195300574,-1161.75566288784,4.85800282437981
1316.72320806009,-966.005616414971,4.30461913418008
1413.28733218977,-912.393960794122,5.08981585158161
2092.71203009247,-520.671915380641,4.40308242458377
4009.66006037908,-1253.28964841778,5.02576721759372
1445.35633708818,-2157.81928692585,5.24304192710532
NA,NA,NA
3718.28551132351,-436.544688724966,2.89951324592109
659.116082468562,-1363.89615033651,2.99480913855385
3723.3416118578,-1157.06274095907,3.03009013654747
811.983711144463,-1224.66451235505,3.13679778978288
976.029991423771,-674.916350126987,3.03200700668237
2462.31010531141,-2067.94012469782,3.18410926451045
1161.65923169388,-1717.83773754431,2.79176708818233
1975.95827676989,-796.598959987139,2.99219885606487
4028.79103027328,-1083.16925140977,2.95260925875158
1194.92579511097,-497.064933512325,3.02714076705153
2594.93065883269,-1858.11930902692,2.88099685096616
756.034970669311,-597.280930146919,3.00844706688641
1609.01209653118,-1400.96545520095,2.96392377008458
4002.13204260689,-1044.45794121657,3.12462824265784
2419.57719973385,-2015.7866205392,3.03781754284195
3490.88043786529,-728.523263994857,2.75473258353431
3983.33239147853,-867.294921208274,3.01458504644907
221.136872210597,-1370.62230477269,3.13574367171891
1083.04484200917,-18.1926438329385,2.92995996382622
1250.26527603391,-1074.31176369778,2.96825236091032
2570.88186179438,-21.4244885593628,2.94018831716779
1978.33590164806,-875.979164209643,3.00656078282621
2573.73801875547,-819.166951624491,2.97179926271
281.050174701122,-1893.95669378355,2.96853083862369
1573.11907923752,-791.989748464787,2.99466080679873
1277.25298030607,-397.325702452024,2.93835902795436
1202.55737414839,-1375.88594317662,3.03171872495495
2810.3155943846,-63.7057664094679,3.12813054028023
1787.63169053953,-321.531370079439,2.93227675772757
3488.83720020151,-1728.74053447537,2.8996915595509
1310.78947904373,-1634.17707080707,2.98067932520719
3427.45610761936,-2114.77869755986,2.97520283085758
2831.21854820013,-962.55803329919,3.15438220731103
3392.21866607689,-1575.64871929955,2.92091360079693
3807.78279360536,-1756.56980960903,2.9403494332548
3477.07454363087,-1449.80504134939,2.95988548848131
3507.05891325891,-1917.39692684425,2.93052592221181
2837.49384516751,-1009.42015044364,2.99127912129066
3118.3135105805,-1685.90646205322,2.97956711609376
2038.49745336609,-1471.78099102494,2.94233111749777
2549.7070598711,-54.4162226498217,3.05617107874624
3127.0838267511,-162.897420818095,2.89344761072277
1766.69062205989,-1951.07889289278,2.97980636507981
3182.68489508679,-1914.67361826982,2.8323377258575
1362.88135620157,-1620.10651746688,2.99807930021713
1081.25962840665,-548.531317230947,3.08040645274209
3272.0258564132,-19.905544501676,3.09070449451988
3368.61156128234,-1216.84537850258,3.02673877881485
1848.30246577225,-335.647494402227,2.71769553785287
1049.70735760051,-2163.90039199439,2.9971476636594
1045.74209725042,-481.891429717068,3.08211120479951
1214.75251974318,-1890.70809960233,3.07626667833052
3438.58131216127,-1253.97536169493,2.98743178588358
323.740282870127,-1909.98953540315,2.93870272879451
2995.04808409144,-1627.9976178601,2.98199601052274
4028.94455274428,-1793.45339559038,2.87151534194521
2494.82764700082,-695.363240572176,3.06498824160923
2628.35916761467,-1572.36375001023,3.00767275031739
2055.50644103124,-161.88710170536,3.09317035628439
1235.64980746675,-1694.08179057184,3.03372095967564
2760.01346041131,-136.085597015272,3.04510047073116
1719.88873857888,-1964.67986566309,2.98347189236478
2553.26365795047,-1416.10470632853,2.95739864530982
2214.95923794082,-396.40369435531,3.02365889620615
1031.5242406129,-1268.09448411712,3.03598744231467
3488.77156373874,-1314.43892413369,2.95672712043165
3224.14549383022,-1404.2960122772,2.80961944843515
2714.93033252872,-1450.86398295593,2.86445222411338
1670.64107036379,-1366.29924154138,2.93343981920763
3889.79479733243,-1839.90521639976,3.00514210642294
2617.42729746911,-159.414624999043,2.97279065543094
309.162051228827,-2040.96671198132,3.05349883818106
3792.59981367734,-909.98523641282,2.96068340968925
1356.22119289192,-1464.94101693828,3.02565074851951
1265.90214989691,-1628.91708496367,2.99925177895496
579.770049109524,-444.407534254195,2.92133069098096
3394.54059861466,-1698.75351599612,2.97125420023334
1745.0807457699,-1804.92542147997,2.9695829979021
2867.82792576348,-1593.25622538648,2.94580630460255
338.573879924285,-977.018326123299,3.00028378517307
3350.9679641891,-905.20789737214,3.01170949751006
3255.39413372686,-311.977349079879,2.97023706263462
2260.27469006975,-473.773625661129,3.07411125420357
2465.75727543332,-781.529278708512,2.90028631412614
803.897247617868,-311.139924894147,2.9155826760981
1210.79501446507,-628.538906263651,2.87462633513209
1889.8534585783,-2111.64921885068,3.05666890256788
103.510567637183,-810.405961431971,3.05321963623002
1934.04825208863,-91.1322440534119,2.9597903341313
1611.24391439741,-181.345351706,2.96167492661585
3368.08962205656,-585.167103943017,2.93647772958668
1155.44289429984,-619.351177193865,3.03828699432415
3286.45269581497,-1507.46096141408,3.0090710724663
280.156659971023,-751.16154642749,2.97283623334434
796.581331600985,-411.998135518897,2.92981091405812
1488.46599058287,-1953.87422188582,3.00704924260511
820.982705186381,-2203.10939719428,2.95949745338614
1762.16210124789,-729.058350571594,3.07918616045265
3597.53129905632,-1737.83553712013,3.12243809748258
624.748891023984,-57.410830059127,3.11376301843602
844.297431449132,-1969.39920740633,2.91077161493264
1901.06875607759,-108.818806647454,3.10211998501814
2327.95786543001,-297.444384774593,3.13332987042303
810.71808995901,-1447.66183284135,2.99689291810981
3216.85872327021,-2125.56777982662,3.15099349424286
391.662806601873,-2097.70877330066,3.11727173364777
2566.29462163187,-2206.14364470949,3.06144962446161
4008.35562725003,-527.135019579662,2.96939424699709
332.35863942478,-140.408352844741,3.00183259344367
1736.22879949498,-1543.04200499963,3.08636467872352
1486.68949976199,-430.758073999343,3.13927943112217
2168.03560398002,-449.551562442351,3.18237781594605
2391.63639142083,-1034.63203415601,2.98818844680544
193.866239127205,-957.851302920624,3.02919315333521
3641.03378749815,-360.761226219102,2.92788143938718
3977.91103343236,-1853.62439361465,2.89509563773887
2155.28144616044,-2083.65616389703,2.90289417468447
1530.47305027898,-1135.0089963543,3.07460874478449
416.873974867107,-1513.13270814273,3.13068144974657
4013.23816625067,-1696.38488675594,3.10121803077773
1860.24319304228,-1427.65536719349,2.90581093262328
1662.80539989691,-578.470028453757,3.03849675186428
431.739359668935,-1478.08024262086,2.92228969008604
2063.68727023492,-127.60246056708,3.107121920693
2888.24821392333,-1307.54346879846,3.07218056539648
807.4130911048,-150.047314857141,2.99849147044892
2160.70373656272,-539.453443416035,3.0934546491832
2676.3618566731,-495.425773605108,3.06024111347271
1457.61601351089,-1321.65846094952,3.00801641815952
3053.81221369956,-932.489726942369,3.03553156259151
3841.30580641256,-1314.52979389949,3.04469359831963
3389.62806317612,-70.1477132641196,3.11159649522377
2565.48334287473,-607.402838582575,3.02636764885617
2403.52930557552,-410.84393468312,2.93498998703483
2216.30903474065,-1342.48361399656,2.93686129703504
2635.00075278096,-39.876520931147,3.03453683256649
962.143753473355,-1058.90021107626,3.04840196376805
3661.18029833,-2194.63880702521,2.93311530809408
81.7459092322817,-348.029632006028,2.98108882454739
2905.38730906827,-491.82971996827,3.07300548333527
3419.99701169799,-242.365851243063,3.21365272929819
3228.87921632594,-1095.88334415001,2.90420683859606
1507.16364988118,-1413.08155035264,3.00421658420096
3195.5745220775,-1591.54353110003,3.08637846841897
745.415934040759,-1968.00898104611,3.07891076177231
1709.85775967809,-1626.89142110297,3.04924696223308
1291.79068573618,-991.764995942473,3.14462609279495
1915.6357224534,-652.077567149054,3.03998800054202
1273.67300876156,-1798.91752733968,3.02432666759595
3063.91320739933,-700.653859594274,3.13065356308561
2494.3488751596,-449.300805495302,3.08079972908385
1389.95876874456,-678.470653474599,3.04978881852983
1280.23712465764,-358.250010682618,3.1003307656437
1721.70725838731,-1806.41208477039,2.99018090162179
985.951610169887,-1751.24047550845,3.14245326813831
264.606376577706,-758.687873852118,3.0672774454196
1016.97801380806,-454.750282676993,3.10958200554586
3477.91356969662,-595.893447599326,3.08561688292301
3885.70456297887,-1488.9602575111,3.04090235752373
3916.7089253184,-259.07552051108,3.05378069234566
1054.80514824408,-31.6993164421794,2.96227078688316
1433.88405455489,-1930.39761950317,3.0617786744312
1839.50828335524,-2070.48501180561,3.15240676904107
3394.01342636429,-2207.24807548015,2.97016638239694
2869.25727701464,-1639.99701172454,3.17795724701447
1809.52521223877,-85.2644038937678,3.04393495251115
601.618262119809,-266.530951899235,3.12163179652851
3196.20427805253,-1546.64729544797,3.10333703086727
478.976082414598,-357.633676095233,3.06671433200646
2985.0918428719,-1294.24105244863,3.08649932903867
2290.65213924534,-166.04435363939,3.1388494506814
3597.544844655,-338.777684604795,3.17930976404805
1366.76865514452,-1700.12273915565,2.98409160881791
2186.60015311539,-1572.44479172812,3.10281402895154
683.00629664449,-941.493392765125,3.16491915234936
1725.00623032181,-1728.03389983747,3.32257706088396
676.561116050289,-1551.29515041708,3.1063866169721
3902.03595692543,-874.52360831614,3.21933720197503
1972.73389949415,-1486.4295269935,3.07192910855462
2652.40427444237,-2145.52430746785,3.07315416248673
1567.09949417185,-1719.46339026609,3.09315980428136
3251.55670567695,-181.241662195816,3.14761557405707
3874.23113704941,-1068.47578833518,3.08739199011741
1430.26212071567,-2179.64945027403,3.03645505045693
2888.76064907864,-169.038331042915,3.14180373576556
2462.46170756072,-880.960611781079,3.23956835367121
718.121242898906,-1822.06854061249,3.03816316762491
3333.2443496464,-618.244058623137,3.0439518397145
3048.79694838743,-1328.39308946994,3.06496927999893
775.967845465918,-2034.33344348863,3.06043110203965
3300.29226588443,-1089.73612150768,3.07603179080154
763.400188094176,-487.89150279363,3.03939422646126
3558.2631925504,-1872.78796141756,3.05155775273946
3544.74912490124,-451.816098945265,3.24223786017261
3289.5480463936,-1030.79587249933,3.20659762459285
575.684865274509,-1932.99923636079,3.19311713752605
2569.9972881456,-243.41620144471,3.21962925682861
1771.69325709497,-1887.35723723244,3.08580296872589
1649.58549453505,-962.467483926428,3.20110002293574
2431.52166805492,-1952.21130772159,2.95327955167677
3252.69715254754,-1294.13140309508,3.17921589996529
83.131064313547,-403.87653608012,3.04754565326637
1766.05777886975,-1494.02726180811,3.04556164670412
1826.00366865916,-191.009055009447,3.05280997780105
1835.91361492971,-1846.10511340897,3.12974885910464
3597.9710926798,-899.430649923869,3.11714044493866
4015.84363994323,-637.673177929433,3.13249853238501
1024.78984226462,-518.110741599477,3.114847583073
2622.2305460025,-2214.76098369689,3.49562282784645
2604.60565442212,-222.648811920821,3.12592229876536
1510.03091631679,-1771.96178694401,3.02625487835607
3041.08531466453,-1856.3957689833,3.00558082896922
1997.11754695216,-523.774952999775,3.07563282900752
2498.57465336962,-877.350772421139,3.08100207931265
3123.9372854007,-742.308679156596,3.05081425887026
1465.20935328827,-843.796005632549,3.04319115963555
1175.59397913933,-1377.62739127839,3.03061471888837
1483.85568371609,-1463.33291068451,3.04744598336032
263.527806331352,-410.002209791147,3.05908418887358
1704.70840305045,-667.696413334099,3.13902826728273
565.100227651464,-1475.08644620606,3.03969737385357
771.93612783797,-898.755366061091,3.25028482536318
107.224812050721,-1435.99991631465,3.02024078967336
2953.67421924189,-153.030776490533,3.23432180801494
1994.24767721774,-1870.71259508758,3.16260611704739
1902.80648588998,-234.959311100164,3.12562858122127
699.66938392822,-742.64249817414,3.0735932306396
2662.62356871112,-936.608223551507,3.0356821836004
3320.59747140941,-533.302694005159,3.19131814329594
1348.4460691493,-899.779166340103,3.09689748007746
2477.94412808822,-640.512992861547,3.18236488479222
2570.00840212004,-1624.601740276,3.01145606547422
2365.25406849398,-1729.3084306607,3.16800288609476
1396.52439687879,-1608.06346944339,3.19573012987441
1273.60925211432,-328.975545844255,3.12056625577425
439.276117029366,-1574.26530938292,3.1383876588575
2267.92732551143,-1645.0792600462,3.1626260491872
2391.92022435541,-874.137376183399,3.07719124249441
3688.7525090108,-1732.32539762113,3.10368446921394
1428.19152603445,-2047.47061087005,3.04846451912167
3239.0136775452,-2019.11195052593,2.90119371251069
1220.48400212616,-1028.58833422047,3.23383409978682
2170.98347262217,-925.865394882671,3.19573457324705
651.137842953265,-1218.87965018747,3.19835214772102
2466.59211217403,-368.193440942172,3.10663377370287
1928.16200488056,-1558.21584286169,3.17180165772076
821.519734424657,-2007.34973820837,3.08979547748549
2674.70372524255,-1663.38182325707,3.23971846087264
2941.77934870693,-911.679452582279,3.03430594199172
2734.39080834554,-1711.41317698644,2.9426089248551
1925.71247849079,-1331.04226253487,3.21943183802968
2463.43473513318,-179.175999146061,3.10097358413904
2205.44797440391,-453.587170599622,3.18102180562656
4037.55764954272,-1761.78744249409,3.08489758772596
2496.69430297429,-853.031309694479,3.1021278650237
262.917825926006,-809.527344124162,3.18518695612714
2564.11065129602,-915.466400930654,3.30325587399787
2677.2221260767,-673.988637570395,3.07782913348971
253.024641674258,-1470.98676738589,3.15070544276351
3777.37838267451,-652.919264656246,3.24089994698222
1607.77158988864,-300.515571687436,3.22983993187762
1620.20329837943,-2140.64700479644,3.04994750446784
1605.19930739583,-2214.67042300929,3.10900106178458
1487.10558984487,-378.403842865959,3.23355923090957
1763.60330081221,-281.924891198916,3.11491505846588
867.677662696127,-1327.09752817172,3.2921437008741
1827.58358263435,-40.8951405651657,3.15998672436231
1452.56201968866,-1237.37150487144,3.32269599455547
478.676182404295,-1839.8985341008,3.28161203073853
3666.35730260667,-2019.48428338965,3.12826730098787
399.145974384113,-1196.35367439212,3.20636634155639
3488.28006822113,-1341.68720094452,3.10120193438575
3790.58139022445,-489.643421299078,3.20951180624057
968.086746500737,-1432.17142976743,3.10201616653327
3370.4386936559,-298.830289396389,3.16417330724751
3756.1565175855,-1691.70697453189,3.27664351377947
3190.70641130759,-67.9094843905749,3.27909392237647
2252.56278449773,-788.077830793656,3.18525217222712
1402.32675730683,-713.866800762894,3.15769151458249
3657.89011056108,-178.675593950109,3.16962155781461
3569.16468823248,-1364.75679752566,3.30699521575354
1974.39267834846,-947.605719359008,3.17933692262315
3986.93095024544,-1135.8191918115,2.97513433608236
3103.45333844213,-924.923310593907,3.08044055714219
982.977684814825,-995.826871014616,3.28794570673857
771.785210302619,-1337.48598889331,3.09896005590772
1278.92226886494,-1103.77416837403,3.10681658607714
3027.9578433798,-1544.96998131646,3.1254753152072
2564.77740492798,-506.471341082568,3.16872672804463
1859.12699195133,-1958.11229604779,3.07480166134695
2194.74293561743,-795.227351359993,3.04105262652196
674.199504249172,-44.9624799137729,3.34307536063864
3954.71108323606,-917.539766711245,3.16256049908996
3835.86847572182,-461.343579661178,3.31123100343232
2998.65346217783,-661.949094672174,3.25594771237563
4060.31985458219,-625.327937585315,3.14772260395926
1978.32474892464,-14.3544024960106,3.20193230260499
3666.57667350469,-310.805166107534,3.13612073626186
2787.36490233325,-207.836578109674,3.25801367033134
2769.28008977432,-1873.25796143514,3.23735530414912
3934.32764627789,-1999.30626238471,3.14102221088759
1340.46200630232,-2012.86591646707,3.30355680133023
1089.50532019779,-367.952848520955,3.19846581706302
343.485150506549,-595.827042349348,3.13936804181103
1913.01353575886,-1796.75901520965,3.23607725911465
934.056516680094,-772.060369069315,3.2684201745159
2746.37803057516,-1451.92312938344,3.27981858383839
2735.8575603227,-338.817361683964,3.12486834355949
2085.4279502346,-1577.71451139331,3.12849199724114
4042.17178236282,-641.081051438908,3.09347341000571
3718.02936372302,-1741.60225324351,3.38780999254422
2187.32795314262,-1669.85337139285,3.17746209652968
472.163936737423,-1399.65606733564,3.26292141286803
1090.12448265386,-2055.48004432309,3.09803855295701
3373.68685423518,-92.9859698742658,3.2238696687283
3468.78364806159,-1347.23401085102,3.00818891982042
3428.10813492563,-2177.28495241287,3.17673025717177
2744.01156175457,-598.577809001301,3.14333099340179
1698.57952741737,-1330.3721085043,3.2651132765789
3158.87430492205,-1937.09905014575,3.16205070630914
3386.70632895947,-470.012452047414,3.29756979269961
147.784040400238,-108.771821038788,3.27215336410979
2612.3496215059,-1977.59940468616,3.30904676618305
879.028974131073,-2086.99773255015,3.3520435538247
1165.50532503912,-896.929029360904,3.25650454313594
3479.53117063334,-895.601785705976,3.00148365002076
3196.63158579902,-829.227080066989,3.28443858856001
1098.49282040742,-1324.88035943111,3.18901159147441
3330.12686538286,-1834.49351839351,3.26682597479991
1962.38475377921,-50.6195977730211,3.18369797805479
2905.13238416545,-745.777009117106,3.21079265187959
312.054120434367,-1533.62964938747,3.24493948392637
1782.08110171914,-489.062324697822,3.27200526401256
1493.09070224038,-1789.19654922586,3.24006111173529
3948.09280718247,-848.797061348421,3.17954579749071
3807.01342728621,-10.6208461830418,3.20869954908446
3624.12609543164,-1564.41287979847,3.28661752800169
2439.11360543676,-2141.75407074096,3.24663343230719
2028.83937864787,-351.073408542956,3.25805498976693
3011.45635841322,-173.160650942358,3.25876187462975
318.926122473487,-101.365542415358,3.24432264782896
545.660513807407,-1279.6676364246,3.34151063304846
999.137273186265,-1699.9572943192,3.13248739802119
2804.14289558823,-812.233789515808,3.19582259259972
2700.79624126227,-189.126149673411,3.28483857469489
867.372430125304,-290.888262716599,3.26067165505098
1455.42837017603,-1751.65882920317,3.29443504087197
3084.95794370944,-1861.02278666726,3.12071481705586
3548.26531143867,-1160.88487514531,3.36378275722277
2532.84709931092,-182.449541653347,3.21806899240606
4051.42703689499,-1620.57057287332,3.28663279308166
828.482746872203,-1918.67843242099,3.31928343069759
2638.29637946382,-897.35788199028,3.26642152166074
1040.43141563188,-1498.92522550944,3.22536674742915
862.204865692065,-261.521063043182,3.13863831715663
3684.35163790571,-2012.54714374109,3.30577162573003
3971.05121751258,-620.771449451725,3.33464673865852
3025.62146230191,-1842.25596494569,3.20255930678366
2794.51831405576,-2117.34814365614,3.28083660447371
3219.52792353397,-1827.31438930697,3.330255388095
1076.59517582634,-1291.41277449199,3.37172767296825
1880.52743945494,-38.7256251496859,3.2892499822523
2510.94772478802,-5.097960369048,3.27307759297226
1508.80306679868,-900.66222798472,3.26674728571037
300.43672328389,-1948.37582378891,3.35790762616261
2335.19482511272,-69.7739682430972,3.23208809232207
892.280914918832,-1980.72790862549,3.18022036304049
3430.38066945045,-985.530161165273,3.11170214857801
2184.14533901966,-2049.23992297181,3.34300525534643
3697.90431238142,-1879.81971796765,3.29482117370018
1479.05551439397,-1971.4073152458,3.16245547857329
2492.62717051266,-1483.203597309,3.2025312215233
1990.60884691622,-1511.31171892451,3.37173397150022
876.186290850381,-1147.69410782793,3.33585206949145
3557.5024368123,-1343.16127503891,3.36202258777725
1093.65894464017,-1515.47312772782,3.29731071853372
2923.14394139756,-308.25430685535,3.30866830676203
132.937818463979,-390.529397414909,3.28887768187389
2396.58565860665,-283.631377706945,3.33861750048042
2180.26081760483,-1422.26865448465,3.30443564393687
109.174683147151,-1505.60746819132,3.33316591700395
3792.07861100273,-1027.85853540934,3.18481622445643
3954.21335827798,-878.335343247599,3.24097168836329
3299.1800148928,-913.867041739312,3.4477093490794
2349.34658318453,-713.755867450457,3.24362846690493
2359.30488774883,-1862.29257172251,3.44836227722111
2142.48198606872,-627.491511294677,3.32036780526516
74.8227414626406,-491.781458163872,3.39271246584834
3577.32941339064,-1189.54720929741,3.38134468133881
1902.71046322264,-65.2355818189106,3.34146905540025
3616.68033565083,-1514.11302516965,3.25641949113046
2052.21534403535,-353.395832872933,3.22677118855219
1354.96459743034,-1319.68157930265,3.38613918865604
2326.71756582052,-1806.20250622318,3.22897010238845
434.309693584026,-1368.17070571383,3.38030087722276
1473.44508642358,-902.585712913121,3.31986495838664
1134.40069284771,-1226.06989333931,3.46352939252683
3161.8783930627,-1766.44587422516,3.38688729608466
3184.59797086498,-1869.65817580898,3.27499974971968
1042.69395686833,-709.644410118043,3.32239295596482
3189.25513474776,-1435.44981030856,3.38553353395264
2216.81387359177,-1687.08998568184,3.14026305197187
171.243434907555,-770.408760707386,3.30872067355325
2740.66554072159,-1641.56303556963,3.4319193759749
3259.55601131735,-69.0514531966396,3.41910629110416
1162.65142036625,-1144.37368979265,3.36337708790385
2925.12873013462,-745.325058778929,3.27934812621976
3242.29671910686,-799.154571322203,3.35019263759081
260.195765012785,-1353.20863927534,3.41449302603017
1780.49872379836,-2099.98133146382,3.25868784382358
2114.20627858669,-1136.92206689515,3.34654783312924
1985.80671185028,-1652.39755293434,3.43211086846404
3932.10319681669,-1450.00955679087,3.3183871192294
3909.87206327671,-1265.27749141396,3.38438852710783
1688.20599323564,-773.830649867036,3.42945889204464
3030.80583320124,-187.776985852573,3.25316218468079
2167.62099637387,-1107.0173883868,3.28927058951139
2626.40535945266,-1619.90786431208,3.30424813177531
1987.70626370573,-2177.95299185329,3.32150494029362
431.248337617575,-1738.87645642578,3.3946554812172
744.871697915365,-1886.43979169241,3.29951066642124
1699.45330528206,-1478.69241914726,3.35365677488651
1151.01378953804,-1001.26708726759,3.33781415360263
1297.94169115883,-1049.73443890843,3.32099208774309
2427.38095432197,-651.295885587153,3.04989125348136
3414.4508513768,-1787.7616625924,3.48937088923777
2314.2299074796,-84.3489760444976,3.38172968620998
2088.47019298691,-249.7867834389,3.49694837121365
2642.46693783467,-678.165476723153,3.46981355767977
3380.97614669992,-1530.96138462606,3.31735674861399
2369.80244174886,-1679.91128688634,3.38767209464951
2787.08232133264,-883.639535662509,3.46704428735106
2922.99909074035,-2210.67410956088,3.43087780363165
1828.19391149948,-2001.98537860803,3.32977577729538
1472.04216761222,-869.101006620771,3.24934069230256
1790.58188102571,-686.007605328697,3.39269947088944
485.041195803252,-612.177911199394,3.40002959020519
3489.32233031157,-1207.93269320171,3.46226960016529
1954.90361180044,-1442.76081727867,3.58959088222409
523.925188632646,-195.242444034914,3.42254803004041
3663.57002704704,-2132.18091394989,3.38599747937847
295.071706974981,-342.04781615884,3.37912960795166
3688.27939219811,-618.820637457547,3.41210821588995
3167.73934235132,-682.485673095607,3.5061835850886
3429.15147561322,-1201.33026208554,3.45351380759395
2214.86243855597,-598.53449885997,3.45480494043819
2128.00382108093,-231.108350700566,3.45701707372394
2679.78936818876,-102.201900561559,3.45683172387435
2181.89230073522,-6.43088676006955,3.40906195292007
3156.61463898187,-560.928616127371,3.36605692118254
176.407338714096,-44.0485361431069,3.36514796613223
3278.25278039742,-1550.37938434792,3.41341000358614
996.311316720642,-530.313854759776,3.5664137478481
3199.7774002335,-279.577093746565,3.51838923496179
939.097674126603,-2145.2049880841,3.59709962475608
2954.20103262061,-568.502409278344,3.41971156161266
1881.36722999772,-1341.83711600171,3.45404226905158
3578.97770130768,-545.837518495798,3.63133026002983
3634.08907403313,-1084.67929168291,3.61953155423899
3035.9204680072,-853.76378347021,3.48491339801061
1685.33493340196,-874.805024786129,3.57604810789236
329.49690791224,-680.91451925237,3.58401269143095
2819.00836988702,-2094.45057928339,3.53393951384925
3804.12584741214,-739.301921342321,3.52729087716965
2468.37437717971,-2017.02533306185,3.47664494718635
3727.11064188509,-610.681360210572,3.53813858234636
1813.49611423797,-516.644366624781,3.30801311494521
3095.47434836678,-1457.37553088218,3.39755488220479
153.759223098237,-165.578395363039,3.49310623165605
2792.73212687442,-827.722479781756,3.5046782016297
3089.76726484934,-36.3279137931652,3.62090583685122
2065.41178806846,-678.66839308062,3.55907244493968
669.376115287248,-1452.40443016005,3.44749839118065
2825.56205244286,-1095.83157450567,3.51788856716833
2347.0937003821,-118.756542866101,3.27711930656691
3633.852284636,-2195.5197939291,3.54168891614949
3294.58322976572,-2133.35319645051,3.43245017877314
3178.7600173853,-97.3430057412496,3.50249200761858
2382.08543809827,-160.095373697507,3.69228742318779
2284.22468782117,-563.660822613477,3.33711838194918
272.553637067569,-9.88470276619772,3.58733797312383
2347.72764598203,-1409.94786544878,3.62999605986267
3283.99618814333,-1758.32826219006,3.60694036403971
2565.53497802835,-2025.96921702961,3.76419879473379
2312.24563613966,-1963.38695574285,3.39226738208813
1254.84116307497,-1724.0498654561,3.52576025189627
1835.6130837288,-1361.38399783995,3.5361945730214
3844.36171773455,-1672.0336304389,3.58891698774765
3475.53102976346,-1028.99733836117,3.52577961336727
1875.86256994597,-1380.50713187365,3.62021216655244
3352.09744921186,-2199.78233541226,3.57140534131731
312.0560844997,-1335.5390955112,3.60761726941902
1944.29483470291,-609.833945606437,3.51128732453802
1488.18647215341,-169.690576569598,3.40587806607455
2995.65710446225,-1442.93968352924,3.62101895809229
4045.74039139577,-2058.45622954673,3.68846015588672
1312.49592384899,-453.653634662287,3.76060596200025
1681.40488074465,-2164.49801760741,3.46913733085372
1531.30080580588,-2128.70425798844,3.65818620734245
194.14549175843,-885.936161737395,3.42762998102647
2475.58929615141,-2115.45625428078,3.70796679095269
1783.44887203452,-787.310332958003,3.59057972573988
1835.36739713114,-602.478656252631,3.61055547717018
519.349796877904,-1554.0534183396,3.64669862282468
2727.32315246988,-275.870846236698,3.70458566193731
2355.24474998934,-392.663721621717,3.65497324725999
1278.76646275693,-158.70001438019,3.75021005992571
2826.91590869676,-1197.778540334,3.4663171508849
2135.43838595543,-1290.61181317148,3.7326542327464
561.930315020698,-1911.93394478799,3.56680848305034
2058.2832724662,-1822.72349653094,3.63117553414656
2839.4860438986,-1585.24864291629,3.61615346464065
2965.19823837583,-2082.80087327009,3.74223945874445
1185.54485444719,-5.41992258797572,3.61784899732315
2295.23071739572,-1089.03060464562,3.73604583662809
826.339853969511,-823.057353431901,3.70055902055747
2546.70077838737,-2155.23781693588,3.69615229796909
65.3075139604859,-1517.55392223323,3.64762586017989
3891.54026497196,-466.115657104934,3.7551243944136
2832.34392134132,-708.700466545627,3.78412859482857
3725.11892020223,-686.219487061446,3.63898504666389
1217.8134589433,-195.836256614389,3.72311610258518
100.645105374446,-1325.8327679753,3.80027729532743
996.445023304433,-1163.67204643677,3.76263663538622
2378.73169968812,-1353.38550213325,3.84788638289763
3255.0524302015,-1131.65260068136,3.76673889360866
3000.20755287353,-1672.99596515899,3.86017850377326
2280.5865437572,-299.310090265909,3.7124325010437
1001.83479392745,-897.318293912507,3.75433927821367
1512.03899409035,-1731.97244299252,3.91375912320977
3136.4208221331,-1995.36107934641,3.79433921579644
3733.23084555551,-298.497832719418,3.8989906018576
323.808407918927,-1727.84072197136,3.83671002952515
1865.7617395237,-1996.0741485071,3.94581578219824
547.511761923735,-849.321821916639,3.8872167594542
373.327193655459,2.67415716180981,3.97932835105484
568.473167859608,-164.499841163349,3.86424160898764
3064.13359757205,-760.973674269909,3.82219112571265
2702.41974161035,-2035.74079182131,3.91594521466885
168.073498438223,-303.941310034468,3.91619016931662
1359.68356907907,-1043.15568346982,3.83690466787199
1600.08245799093,-1325.49139338843,3.9623496458998
356.347559864463,-761.316627617535,3.79236358333098
3753.32645772972,-1026.71224006772,3.91631912807284
2871.04415135364,-8.59007783975867,3.94306891666887
518.885901724839,-121.563714065943,3.82803419744896
2424.6636916637,-1002.35770350769,3.82097215653197
3346.06596859451,-1360.68603910474,3.85708121525825
2807.90151806647,-382.877219234309,3.7854059683648
257.870672236719,-694.163898352585,3.85683575418716
3777.39245735698,-1516.77916261536,3.8128889632239
2461.84833221969,-312.361660960721,3.87313173303009
1091.93978098341,-233.757006404715,4.01221945698877
3016.26759584218,-292.382785130796,4.05981285187842
1951.62039878671,-216.089769602944,3.94501395340218
856.886681723593,-551.435930559237,4.00407366399748
960.032218624621,-271.356896187119,3.90519677633683
99.8727096784387,-1098.13259326622,3.9229733275401
743.914272786285,-1134.40773204745,4.07623831066827
3281.31938580411,-187.252398540283,4.01266306135713
2987.95339884612,-22.2748202886406,3.85326322623059
98.9681572220842,-321.850975957747,4.18642238623015
1144.99674166934,-2216.74997222092,3.8751587093742
3263.54365205719,-888.212247005895,4.00977969584182
2598.4895378998,-437.770093134219,4.06484664431684
4002.22293628241,-1312.53163613234,4.03974815559822
992.511035268416,-1882.34696321583,4.07207186601346
2239.84871496484,-1980.34320786207,3.9312777527223
3310.74077682615,-1906.9010488463,4.03896231268718
1758.19976354433,-861.689939304735,4.11039480195514
2944.80816652344,-976.531784530111,4.12436467528076
1571.70311224095,-1081.29347040654,4.08833538444023
3314.23482853785,-246.814231372869,4.09892769090055
287.188471715711,-543.35567260853,4.27400768897343
3083.12465846259,-1950.29288338959,4.14307697214447
195.255600086567,-396.323954278796,4.18163824866983
827.349280268926,-1348.53177258053,4.27080138853909
3763.12504432427,-1431.1059418808,4.11253723150672
1244.14705656498,-1524.58009391651,4.23578272268282
2730.19830702231,-1966.05793193913,4.23458865086633
2443.57853818793,-233.743198524144,4.05404138419747
3458.75565663971,-21.8947718402974,4.22918532219092
1234.17482013061,-804.940877666278,4.28530588712042
2586.78659736016,-733.159883044094,4.29590173577811
407.084331567649,-101.41231789731,4.16060871677224
2336.23398680244,-1815.21025269553,4.39771772250407
140.620641293722,-1177.73514797213,4.37112035079097
2536.34248895484,-1931.43991713623,4.34143672843168
458.868445211493,-893.964391553478,4.30841984572162
2103.97929283279,-23.9792227212626,4.28023367719775
1258.66021596997,-2160.75539726471,4.28484165523828
3051.13674363864,-833.191042732103,4.34179399760545
2287.93043254125,-349.527341122324,4.40201800245269
1822.36312282239,-2147.66658548884,4.18793806602229
3446.36226408204,-1662.58778939846,4.45438179028719
2484.5876308807,-1316.83794968699,4.5548280614834
2335.71555309508,-673.741603719451,4.42139747537735
3337.6773234713,-683.96142099558,4.50210545754049
200.219756630886,-1264.02709959711,4.31602556101734
1729.60301395281,-1368.77098810838,4.67809909140583
3957.65125157689,-1399.9607039295,4.47034517967265
855.603401385814,-1105.9912993442,4.56397725811698
3040.95983019641,-2081.4137393388,4.51150483450698
2051.28556389159,-1399.71284768563,4.23203491913047
2924.61154810624,-2037.93350941083,4.50506403213273
3128.32882000238,-1092.49617371184,4.76657713955819
524.15910049707,-542.998464387001,4.83228914052769
2574.1454066935,-1611.44597479545,4.62775249123131
2983.00464056784,-2164.37827340718,4.60115343928013
2904.62414226683,-428.548473803556,4.69525127929411
3618.71095271482,-291.444644686191,4.75095328894757
1125.17893384193,-1434.71393440838,4.80681895668696
1549.12990462861,-670.045845828682,4.57787131927681
549.396048730957,-1200.38494606107,4.51863629812038
450.406433530769,-1295.49532177213,4.67920493489317
2169.14474913595,-1871.61057645375,4.85560124753016
2675.24562140815,-2106.32211639373,4.75638893643544
1360.33888877792,-641.216000146822,4.99758479128807
502.224405125851,-2077.45744634955,4.82616333810626
2963.57505546157,-1956.31459831467,5.01221866811155
1940.7140630591,-2194.55607966937,4.90670116745167
1124.22745591633,-1974.54762243333,5.09922211669421
3209.79500801696,-1259.88955595938,4.77439470360385
1691.07200950229,-485.324308837669,5.1215577960986
187.477420411794,-666.036153952599,5.16842199642968
2988.55639960239,-1184.27789925542,5.20534891168395
2890.35353157766,-229.394835403082,5.11441550619357
3450.17490307209,-1335.92668184065,5.33878214192785
3300.04804934071,-473.819818120786,5.05068621119269
1536.83132670245,-1009.34811303501,5.18645622321521
755.326780515861,-319.611962569957,5.41213021437893
697.262775252192,-1665.88642077788,5.50185818715621
1407.38500507366,-1178.89286890036,5.47071083093311
602.104626037773,-1032.17572816277,5.67394551954759
3647.66170277942,-2112.42721146379,5.77537411381107
2627.60544479283,-1072.7995657009,6.11956853410402
3383.24736445114,-216.253664045654,2.90652665858117
3212.57054218985,-112.691133559688,3.08351189211328
2715.49664267375,-655.794154978119,2.88252843875832
501.997363820988,-1900.89998188525,2.94678577789903
2084.63155498411,-2159.41558484155,3.01581644251377
3558.10702523013,-87.7049941644197,3.02612693358347
442.828861007482,-746.542665734063,2.8553895322847
1659.01016712658,-444.114034936317,2.87801140182627
2349.76990017477,-2051.36985756406,3.02548590434145
2984.43401395173,-2035.66083707402,2.98350230863735
2669.13848543427,-924.287692986187,2.84039303549056
383.376397096088,-487.685945833078,2.92878804346918
2637.82084600833,-334.806791569519,3.19596523933621
1808.97684502716,-727.328242290951,3.00498639741105
1584.86345615248,-2063.36719465005,2.8988189055924
2643.51981783319,-358.067490864043,3.16934141724816
182.153535666918,-620.320059784088,2.92655573141564
1723.91555101141,-969.014795737575,3.03373859887609
3084.51646340327,-1083.38976273646,2.87299194011807
2456.97533419888,-155.334691990538,2.81916087798976
2180.009303851,-1319.67547883888,3.21310512550463
3671.13554115307,-129.722327867383,3.3205911674146
2214.54046833044,-46.8705397177389,2.90765550047758
1700.68705652326,-842.82785113458,2.93072847786721
565.364125866373,-1491.65570682883,3.01043390585614
629.257227164347,-1415.84286878471,3.19892531484747
2688.13353130235,-27.6369283679573,2.73872922262077
3179.0634908584,-1607.32687476499,3.04319815730598
1218.35431405104,-1932.31097743027,2.90242264995223
3746.44089276028,-1732.86852414174,3.23435790576713
505.628875990748,-2159.15256250986,2.93422477294118
1437.8392075182,-1778.98255761307,3.06432229287588
911.353852324343,-197.345615921227,3.1208573610438
1137.7323154818,-293.911889924023,2.98039072161962
2267.07261668603,-495.044093726245,2.87617157426342
3261.38154025627,-362.9364034855,2.98944216850188
2377.32891207305,-306.468326331173,3.09869767970176
1498.28283184838,-1004.44049333737,2.80025418724927
572.501466473624,-204.309067142218,2.56422622092299
1614.77450181948,-1083.50830635411,2.89192229707396
1527.13023215222,-503.515291407966,3.11974870224274
407.296258033985,-1036.46315042907,2.97235817137409
859.299245126048,-422.932859116574,3.06209204134434
1794.11130164666,-205.84059739473,2.73674036112827
1427.82855447278,-82.6858036275134,3.13058160276458
1600.62463850309,-599.152005779121,3.05375726123843
3888.11866084421,-1305.26509498408,2.70347881248828
3434.09232570777,-252.273101926928,2.93027397672787
950.527632418749,-443.468480362354,3.01005522219761
3432.29103629041,-292.001399121287,3.15592409981012
2411.85290524545,-694.768960846007,3.11733965895763
2882.25218767668,-469.463948910046,2.94463341218014
817.078460310818,-577.629004127116,2.98567061794512
589.153673492064,-1505.69315336727,2.91189853897877
1461.96810159304,-1714.19316282564,3.05107493157844
3429.32728062171,-823.062954810464,2.84389771703261
1122.96031862599,-967.158717209565,2.86241461182003
4021.23677551904,-63.2777561940633,2.82628869490605
2313.81423044113,-991.78173149145,2.96892193955307
3537.35054291804,-367.25114277962,3.15775486723521
1394.91393673763,-99.9849954203922,3.10998151629727
3392.26569496809,-1962.26531952664,2.91267776359883
908.97642704613,-1527.6783870659,3.04678879275912
2017.08856600807,-462.870593041858,2.85051918932143
3179.73416986731,-294.610595417078,2.910997688145
3506.33768831191,-524.864489263677,3.27235092626793
240.790490472584,-112.838398887802,2.86312662843182
1037.62620283281,-127.758939446186,2.95934684828085
346.358790352721,-524.720596435194,3.02568378633644
3090.80107792395,-1798.60666552633,2.97614058588492
3905.06691982955,-9.81473499925207,2.79341595059841
828.865582869388,-373.442052849436,3.03766820656362
3141.2058783351,-507.589383997025,2.9059261890586
3728.00031085761,-330.860974115647,3.06563886213771
1320.11836186821,-384.207943266754,3.20833959382074
431.90767274879,-1875.8386445704,2.85226376288275
2276.12242339419,-709.848754694438,2.90165963106863
4002.37307533914,-100.267806283856,3.22374217991256
2083.32887400384,-348.136311623851,3.3566954598537
2122.65179487715,-280.66583904763,2.81070486105699
3530.71995763965,-879.914695762464,3.00461519231848
688.205667290111,-81.5524554916431,2.83957987186711
1147.94709791766,-1447.50192010905,2.89821184033634
2793.46182105674,-573.725097855708,3.08386027793996
3610.69734052066,-625.052085013387,2.86033887511852
1634.396150889,-2134.43278547596,2.95457019661203
3160.11738111796,-296.059086555839,3.37603253390646
668.720284081192,-449.46258387762,2.88052149135873
3360.16401085788,-536.462776654859,2.96271983840171
2159.02526120758,-565.709384661171,2.9573766831067
3046.24214598438,-1640.82277205174,3.08704462130306
2041.03574851911,-71.6770891865815,2.79242904405475
1284.41196329833,-2107.67443830151,2.74622195601225
2766.32050166893,-1937.44430542091,2.88323567098858
2743.16673003602,-1837.4847037602,2.97361492918253
3575.350526846,-1897.54330145088,3.14954829953093
4062.54123259916,-396.629240880914,2.75574825002788
2590.21855416404,-28.3543747741332,3.13561657290104
488.671258510566,-1472.31279241002,3.01327543083225
2446.29324792516,-199.739890014371,3.25863586708562
1115.00385047069,-213.963687910722,2.79133023112796
2195.05259085033,-1651.74134395322,2.78772149810282
2037.91005115094,-270.431885324349,3.10357789371454
3122.16335000521,-441.161227157089,2.89623845528001
1923.10424346863,-413.863539266166,3.1484861948773
1452.12923249234,-112.469437222457,2.85514225547136
1311.40524212014,-1413.10646822179,2.91788545348893
3210.33336544859,-411.634756303428,2.97418999520621
2016.93143333708,-1695.12423560568,2.93694348253082
2334.54291682201,-2217.57162465794,3.03707203577616
3112.43889673105,-2200.55238125671,3.07409105543828
727.458650930128,-1025.89266314438,3.0180593539441
2976.55936681758,-333.966291830778,2.95736570646189
3532.27095035053,-1673.30302627443,2.81739203395724
988.785102878208,-40.9254541055018,2.85603389716686
351.183835636911,-1454.88454521626,2.99763095248873
1493.46135576356,-1216.74019201965,2.89519284960935
3352.75906861338,-1883.00157093681,2.88629986615601
1130.78962079995,-60.2121480349528,2.9521450276976
1207.54731097332,-1084.35556182553,2.94195060741657
179.611608548529,-250.304800943047,2.93309466155781
1336.24736973117,-1653.30840899032,2.7867503533844
403.774005891567,-64.5872535536401,2.83138807616328
1543.2291257258,-240.585702247504,2.45267276895315
1201.38084389233,-95.9906765444469,2.79521489498214
2393.99395549971,-560.324173971815,2.85495003139948
838.948119168488,-188.623214550762,2.78408194807112
2487.46546912191,-360.546529362593,3.02384625054306
1573.38830602532,-199.242597260681,2.74291177903559
243.806055548923,-1733.83074181869,3.08711449519301
2027.07110301323,-2207.03014153253,2.85547264661211
578.068364072493,-945.741399865215,2.86008637181931
193.131704361214,-1644.93721211328,3.04186277703528
1303.86409875016,-2125.59976911334,3.15086634663374
1159.5524318939,-163.869105933123,2.7561976407823
1784.05793543363,-1923.16148776307,2.7748676765944
3269.85873208417,-474.319629078423,2.55889994464677
976.340017673427,-1549.25467175753,2.73701307372447
693.837422252722,-822.718847692861,2.99506522166375
1513.86626060735,-405.961584348802,2.84862543108114
2998.63003967354,-1741.08198946672,2.92661536500589
353.797048828402,-267.294185120655,2.94437619238911
2271.68218475759,-184.355904541922,3.13962395495773
2994.64961279268,-81.3750012907982,2.6194901071733
1410.4799959288,-226.06630369228,2.97857548548866
3440.4798261407,-851.838467535889,3.43421466244767
1185.15020766661,-506.219992862835,3.03705925867544
307.924850466551,-20.971860809701,2.79581118753217
1067.14839481853,-52.235284897999,3.39275149405476
3308.78623534948,-461.456539752451,3.05875689860444
1862.52171301198,-11.2258557457945,2.88844588425705
3335.66550146043,-643.245988056624,2.84380868834311
338.17562881838,-1588.64507821512,2.95184460804317
2417.81302964636,-54.2933901646574,3.01368180888784
1119.92637540579,-2186.18450988116,2.92623069100635
1220.07737412796,-430.370196019784,2.92983403678198
3121.72954317183,-1707.43817100726,3.01830079925041
3336.33268289865,-879.443659769565,2.82236760867263
3097.32696496534,-2108.11896795342,3.14917303588462
957.890358000859,-2123.53143566288,3.10238215341909
3501.37373209568,-906.118792133411,3.01252285892605
547.64711411609,-2125.14584892047,3.06344133037205
2510.07560821014,-438.078146419609,2.94964498322145
3898.77853570461,-368.033485907394,2.90974948975829
3444.49259716916,-466.168177053454,2.93591149748516
3684.63135054271,-494.370830272654,3.00915185479926
3712.55375875878,-2005.93469474031,3.10960305848787
2965.3229806019,-1379.28860140339,2.93816715826429
1094.09771104431,-104.836441685576,3.15594889202333
2500.75729247085,-1930.41065880054,2.9804076140216
900.016533532244,-90.7242864919125,2.88367733526072
530.34033179458,-141.56753887151,2.86748219890692
2840.40584732641,-550.80189542181,3.14366759413257
2090.95723383508,-1956.55605031356,2.95952444547844
2605.6898033484,-1949.17899092268,3.09703072628389
163.723796776685,-1532.50492845971,2.89831008899934
625.59615760667,-1399.40394520996,3.00393681900892
363.685852870184,-132.671112872638,2.80807221018977
289.905571663061,-713.421251800728,3.03213110372797
1252.44829622301,-1497.89228949688,3.06041856808394
3047.15718066706,-1956.04273136298,3.09062542623125
1671.22397326901,-140.274836481691,2.62752918528237
1654.89730922894,-59.0008745413491,2.8835672633926
1107.82989349417,-1595.38077558674,2.92540656635569
878.57763125567,-107.920106241546,2.89850836136102
236.009295464181,-1791.11642792456,3.02988246654897
80.7467456092065,-59.4042490525929,3.09439285779444
3672.70358272223,-1439.84462642287,2.90817864529095
540.909690952421,-375.722327564965,3.12501040654069
2955.40573134142,-103.196370215943,3.1247054161984
610.897070600014,-428.577637934351,2.97877622195945
2828.84279056242,-7.51427434413794,2.94659087891865
1278.18296992343,-1944.24074769937,2.82834600548661
3871.2852442067,-287.888825314297,2.89244182237936
2158.96617326648,-1589.12901783515,3.06918805285865
72.5028198633508,-2101.16021085616,3.17478339383164
861.7713401272,-1523.70961731312,2.99077693390089
907.934510241121,-83.6099404811079,2.81430944785735
3179.60228081642,-460.195833365178,3.00741806807511
1700.90274106672,-102.946744336483,2.97303273536651
103.102589110851,-373.762900362387,3.05777520693058
1785.17754798841,-1132.45402843707,2.97158908841152
1978.73359090961,-451.109547078903,2.85181629408621
3269.71317566846,-378.39683838361,3.05486422254523
1308.73652193913,-224.145404386565,3.20003327097137
733.348274147027,-1188.81496678375,2.94411519657916
1282.0503408335,-94.3985683100855,3.08447287202502
3285.79013144783,-866.23876772534,2.9457418132237
1219.83930714836,-1551.76677840213,2.87630407637653
364.877971658075,-884.635369245494,3.13815560705891
659.20229271747,-898.465522720422,3.03992653631752
584.629343496285,-1597.58212991984,3.08214795167221
3712.67488927609,-1672.59796608712,3.03144701048435
2419.64646496124,-234.021166174676,2.9616067326774
2804.33664081855,-1961.62791650828,3.02573665408331
1719.84255497242,-1913.66541467982,3.06040016559205
2319.18100156337,-157.010176412935,3.00649866574348
1272.80472989294,-202.643165982225,3.06872584712096
2181.07426601501,-218.273855519677,2.94464647983984
3185.35841581201,-663.243328091886,3.07392589138361
1928.14935496234,-107.954307970472,3.06893098864088
3716.73746502499,-261.087755928571,3.01331739457395
3753.95002398807,-163.0671293773,2.93397613537465
1581.54528499119,-255.768860779076,3.09951060156406
1029.03078620604,-1620.39524754435,2.99809715673649
1050.26694265025,-1575.38265040623,3.06796388830121
3692.49220362346,-19.0354310837035,3.22680970859534
2758.80055580092,-38.2051567244838,2.95354644308418
1383.6481330125,-140.55502544121,3.24802428711354
3105.21318872357,-1977.53967037119,2.90091939505843
1008.27667409895,-1023.46850857096,3.19739896805464
1926.77491757889,-472.146805212292,3.03564510493192
3340.0906017638,-1789.23937240125,3.29434931946448
401.25958444609,-238.786509597063,2.76540339640022
2242.1998670664,-1761.75450112394,3.20605842496876
2553.18776642195,-2140.07865635319,3.06184070787968
1414.95144887996,-1970.54204844033,3.06254140695208
511.076581282501,-1751.68017203851,3.23971999528364
351.003825761924,-280.061213946087,3.48469605341433
1790.00615211751,-1649.48883738708,3.19081789999396
1899.16283176443,-2183.09236056661,3.33808401671916
511.997767659798,-501.993281124761,3.12099807850517
653.287485627995,-431.094888334701,3.12027319135856
869.189136949789,-418.238383848978,3.01732957263983
1057.06663189949,-352.690868178714,3.14131936603302
1363.11397248834,-148.39468046852,2.88124209705602
2020.65058007579,-522.987357384762,3.16250432864324
475.989702450953,-144.661613891843,2.95750980454541
995.516484153282,-249.581764368361,2.97218481625968
1824.50509406259,-133.821998287171,3.13937927704097
1634.9020298185,-299.468510084736,3.10711790838876
1978.19680925619,-1403.41066467557,3.22591862678594
2612.57913485209,-316.241815648627,3.27925360614214
1636.15868924633,-1023.30495713439,3.14845451497677
3606.42066536722,-744.630899564819,3.23844272112704
3981.26752349673,-538.109379120514,3.21793400004876
3327.8738017934,-1711.41545512372,3.31433195151086
1314.36631914246,-1602.61499729403,3.30729167276948
1944.62646845823,-1493.77656489096,3.45276534952523
3623.89251843741,-930.632001327682,3.52543455413014
1990.35875235059,-555.924785511148,3.2136762551817
3558.0280276682,-1627.395680311,3.42713938918782
2998.026360954,-1648.06275111242,3.43686410186485
1181.79497704881,-1906.02322802293,3.24430649691622
2893.41227537494,-1358.40569246494,3.50922761214445
2602.64191567756,-160.896204686046,3.18791674604754
631.697355815174,-282.211595279869,3.39752587726422
2409.57736127008,-2208.17790017868,3.47038809471377
3688.68190756452,-522.358811235568,3.64158489141939
1939.09810638098,-767.100515446107,3.5339111205754
683.303332603968,-1880.8783913588,3.4283105117565
1832.00379738921,-272.768585237761,3.53450842552696
1690.67603029422,-187.659200279403,3.24358464583237
2797.87077102062,-1376.75494694833,3.2893370798096
2419.11429249281,-2199.81649708846,3.38371256100261
3347.76064108501,-1737.17828303807,3.51873497811923
2527.09700650182,-770.43915367483,3.42766841756304
2823.39345126503,-162.02491290892,3.4989684909632
1888.51718366374,-545.484813094739,3.36619759751386
813.151300393819,-327.791165182245,3.45350003025021
2324.53172017523,-1499.75841554478,3.49674548181828
1514.07375615347,-344.313155172448,3.55920706039459
1454.14202110012,-372.500385478106,3.93502969063214
2568.72952827779,-179.590072765083,3.32393874807099
2966.59848451678,-1470.23850230503,3.5632564392511
1482.6654649675,-318.177060864598,3.68252713782543
1450.87657698114,-268.116641328048,3.63383620961403
310.722385631331,-2205.80724102048,3.72044543891958
1314.75599774434,-1514.59993778827,3.86423397372481
518.590521759353,-305.291181542231,3.78475911902858
1917.77789504292,-174.243850993338,3.70831395452737
1392.42658361924,-343.777958099035,4.01514181899519
1597.41069104597,-1691.92240996125,3.74866518087527
2035.1154795082,-211.425377697999,3.60475153092589
3009.9461794759,-1834.47004468198,3.91459134151486
446.436574091754,-349.488549058019,3.89995182028285
1938.32684668294,-493.259794030305,3.71675046551359
1324.71897801544,-184.530099041555,3.73507514436493
1090.42542587709,-2123.414645003,3.9479379882441
3435.86972798914,-1832.35635387694,4.01891401244005
1164.34726196975,-1513.93792059711,4.07880247069302
361.674526016221,-207.810092769282,3.67587668428456
1537.85629191773,-59.7941029388023,3.97321297328566
436.76816832353,-161.749110221618,3.74840640702148
1029.1111143858,-66.9875920593267,3.81968790741486
1539.99138953328,-1687.24114180011,3.92636302210441
645.227132724315,-180.20323579134,3.82552954267903
2318.47418939047,-519.330759864425,4.02104318620775
946.463265269746,-39.6299868620854,4.11686971297312
2379.82549795806,-1622.251264185,4.09577603128308
977.280135974111,-65.2216042606462,3.94101749015332
3434.40005848915,-1588.88623760387,4.3903717787733
3888.01588624882,-208.987515707991,4.13825568858742
2753.81056610252,-419.29316668758,4.05387650602742
1873.05829183907,-1634.69140841972,4.09412261707856
623.307724241835,-592.362883846542,4.10588879130686
1315.50166560877,-125.421581073203,3.96918356488628
2970.90545476637,-1943.06168390098,4.31622846130369
3506.97838031024,-477.891546590902,4.33401099535895
1439.96959763723,-1443.96110213804,4.356283532186
2772.33970915917,-254.774754786355,4.25926792292262
3963.39445164493,-430.364835551153,4.34664285422545
300.569358077531,-1857.76512403063,4.39444646339421
2235.14779944443,-531.437686917472,4.47216441161821
2290.3688986214,-429.690948601985,4.45285896341767
2597.44450351743,-577.051905042292,4.49179126546944
1103.48327904858,-716.499383216749,4.7676741011626
3423.45280579962,-567.513793440781,5.0612206447691
1515.51395805345,-515.944321202778,4.89691170814212
3660.78765523611,-1612.75410378595,5.24326451696529
1701.69409082309,-72.9559158550532,5.29030917751591
2868.25927990286,-442.622881548066,5.39394111607645
3228.87559662692,-287.724244282615,5.48057717493011
1837.25848569804,-1253.12943059715,2.9703006689618
3085.60374151969,-1049.74624773769,2.8656362567294
2806.25440338798,-1261.29342589223,3.07089628910439
487.811749600925,-1790.75110666193,3.16732749013908
1680.13231133281,-493.431888705373,3.06319853325215
695.688225212732,-1702.69782040289,3.23331994752837
3307.0856546931,-2168.80239843187,3.25888414637924
1313.94488706333,-642.29303071741,3.15908180324585
3349.03924064854,-732.427002513172,3.50092146197407
4004.07599935797,-77.0988240637546,3.17401876374378
3362.65183413214,-702.267868685446,3.31941542074837
2583.3221053845,-1678.06361702962,3.44777292013529
742.783021293416,-330.194271203037,3.39157411929097
696.371551618435,-2066.93173527411,3.77674755675936
2318.06232110188,-1561.55702553292,3.71251705024513
1640.58902244465,-2105.03962862016,3.68336141622772
1497.41376745826,-1524.40877739697,3.88361871587018
780.316865694363,-1942.81113325347,3.74883255585706
1664.40580283804,-731.094315040705,3.85936531561671
1679.94528213178,-2029.00222689075,3.72567459254642
1719.3432235136,-530.340031849248,4.0514821889395
1260.54386506091,-1420.82044878088,3.82301624831006
1690.06417388126,-1186.97620049961,4.05579893016634
521.51069885585,-2192.45564629465,3.89167260927418
3777.00324568354,-901.264330743031,3.9002591489409
3923.35733360155,-1175.75946390641,4.04988608425874
1643.74566003395,-2078.9989233698,4.07482291569839
1135.8230419845,-2155.57628923798,4.14315867494969
2276.2050770624,-2199.4495182178,3.93495806189162
2748.0753896037,-2076.33518163718,4.19777309506598
3822.10594317584,-1082.45616861271,4.35911278275641
3712.68930567847,-1555.63537206328,4.50257669633256
2604.84672312203,-1744.80587190087,4.59296048483985
3902.95109599601,-1016.37126440054,4.42756326190636
1876.36793835606,-901.406960018189,4.44267731733922
393.818871486153,-101.211900297037,4.58595336955986
3915.69693948092,-291.815104841106,4.76024239580642
104.380617950518,-527.616032236122,4.70804315834578
2111.42329012708,-1034.54758513005,4.84120718317605
2276.37405318196,-1721.58227361205,4.57721251115331
2032.17108693027,-885.608343394867,5.34081331345807
2324.4295219933,-876.891183294943,5.22622348766785
249.412212657129,-211.759892225122,2.75139929533375
3662.8545910712,-1532.39292471518,2.76290244568682
3047.14027669138,-1462.68736078259,2.81871412811293
3113.17345806609,-1354.52636788036,3.21504158400151
3946.41957693424,-1352.33715152498,2.98747476276128
3960.27237768377,-1444.56753172054,3.08978720929247
2909.87488761192,-910.95636470721,2.85543253506225
3694.55996269943,-51.1741523419531,2.87332251483215
2147.91006612315,-402.365797429464,2.72751274675127
1599.02885603631,-958.988413025548,2.95239447890512
1552.1524291161,-1489.61883291798,2.93444994581911
214.684501017459,-1952.26469596584,2.87172018463757
3305.24984216308,-373.456802808337,2.7049703711118
3776.66297796224,-165.472692698767,2.77369707135065
619.316679942716,-1196.38530302857,2.90599876744611
2374.8807634181,-1161.69805705004,2.82269741880667
2641.47146268407,-1519.38365441209,3.00995759501948
3331.94515395572,-94.4312517906028,3.2914746544468
1589.88987216055,-1595.22805250781,3.10051954956255
3025.94494880028,-1265.70142044274,2.75470976290461
2032.56184563592,-1138.65410936124,2.72425881543504
3484.08991568932,-2170.68656089247,2.96061102219573
1698.49874592596,-1425.65802420011,3.08716840497958
1200.56895479078,-2125.68768172917,3.05617180967163
940.984153280181,-2100.65571158195,2.64002115428066
2530.60711881622,-876.756550930055,2.88994503947929
2929.49676410852,-318.892099588187,3.09846808421517
3878.92429335023,-1113.32672824376,3.04431191333265
3952.43593685155,-2104.0264216781,2.80076933361594
1495.41835402597,-815.224503103966,3.03162444520959
3516.42356414961,-1944.4977298041,2.91856258316159
1028.31974894628,-672.796051611367,3.01674375318124
3826.44144492997,-168.058791770608,2.84413698383286
1224.67182290816,-1607.43235419714,3.03338967029195
1765.35165133693,-1988.24636505736,3.00331187065628
2949.60995658399,-47.2987348838716,3.10810456257421
840.279725228895,-802.814517688154,3.12395359710121
1168.53836035971,-1808.85541752352,2.69278534415261
894.564879627076,-704.239991277302,3.01955129301391
1659.4107240372,-1989.61756948701,3.00276458296858
1295.75007384998,-2038.09129166649,2.94969045656595
626.713046696882,-1785.98594207343,3.0429260179373
1816.45743130324,-1053.03685977981,2.7292336548761
1620.54401221919,-1746.88200182122,3.13423313753362
1170.67065100881,-313.981160177872,3.64778798199754
1117.58144550729,-1707.56373523777,3.18182820946616
1149.31606543142,-1626.63148144059,2.64993167027461
1488.15277586341,-505.911683784462,3.11917260249923
181.53107608054,-2142.40650734197,3.10543842645166
2801.81444929867,-39.5970105108505,3.04011582422216
3139.82764780387,-1776.74436526561,2.907838017077
3114.32460296988,-1869.25962656513,3.09464296300741
3424.10848934762,-323.901569337664,2.80021324195069
3893.86425323583,-1794.27419142738,2.81952046221276
1169.47239369308,-70.9390332302829,3.1212123488301
2411.94113642041,-1531.68759061758,3.1428832095896
2927.21659439793,-1652.98391745447,2.97901192278029
3831.69007038252,-1376.36846912609,3.30192634631942
2264.43981531869,-1392.14870977618,3.2402053100671
627.166349402581,-1928.94014781327,3.1741396319922
2089.11141895194,-639.814169744249,2.97541698218818
3320.82632267317,-1179.38743802651,2.6400968736791
487.447974200775,-1043.29155348815,2.99924864629827
2858.39182936998,-252.469812247294,3.11910179839776
665.304440687663,-2198.93561607121,3.01360894033887
3312.07643690711,-1511.61020197973,2.94765167723065
1321.64534004339,-1452.36532239807,3.22557713470045
948.646128693929,-349.836346949624,3.30243259232992
437.163377335044,-365.182556670414,2.97203243272162
4013.02925035175,-890.323511819225,2.94518970554395
1149.19339407359,-1677.0955576509,3.1423698681049
976.957700603704,-489.804526809292,3.13097400237706
3018.8103764878,-491.055465601683,3.17427798741429
2934.87777813924,-1059.82563238327,3.43277663866302
3823.60403738195,-247.290096717731,3.24357827093261
2879.52469961116,-2068.75860387783,2.8023245495413
4056.24488528806,-66.0342381132745,3.38649695480333
1862.63550781015,-348.163962977239,2.99197007515535
1909.25975750043,-1307.22547283132,2.79652414887492
1199.62988139906,-769.514976827939,3.16805846114189
3206.53213208046,-1892.09319564614,3.40979428221041
1405.57630334015,-2195.04956195425,2.61729763202488
1761.35138974505,-1033.00101968257,2.95656313233324
1804.61939692986,-1945.95730851447,2.90761869841769
217.726102567858,-880.918302420292,3.13755073403925
1827.56431357294,-646.440578002631,3.56746524807847
783.423720648702,-589.92828133069,2.98441467437384
3477.46425436129,-1255.65072164454,3.11929348178577
3616.02177487814,-1251.89012083586,3.22968464646237
1804.7766517171,-1379.1483785431,3.40308655315917
1035.31478764789,-1901.71921563049,3.45427382790589
855.245714611504,-836.16482653898,3.06024408210218
690.650237233649,-400.265915441867,2.96613903608514
659.912652699407,-1479.55979160682,3.07148874137632
2342.67743459617,-1957.70030257459,2.94997138532745
3996.9955804173,-722.757451140013,2.78721209121993
2920.65245738411,-1942.82686598105,3.08467560973809
1239.33974511912,-1085.83144505339,2.95619748102675
594.006672886415,-1842.12990804283,3.04936805231195
440.769687707974,-1994.05265526156,3.13423122674632
3807.48614076131,-237.10117147263,3.26685878938428
1854.64683968864,-44.507673343632,3.08878923081912
706.454526603271,-549.823405265043,3.05785241077947
907.236763074045,-754.368057628725,3.0028691713112
2233.15216778977,-548.361400584523,2.85551226822508
777.114535804067,-45.8281670910461,2.87245544425825
1841.46658522199,-56.1807051777662,2.89229700771532
1547.55185325707,-624.589945311722,2.91693975858998
2223.68004613719,-1241.38661255337,3.00052211063479
368.329137483979,-1069.02022480309,2.86756747347166
1572.92258956776,-1347.88616981082,2.88085577933151
1126.61547814371,-1809.11686086252,3.16076962706275
963.042678081077,-1210.95695713224,3.12683295999811
234.041823271198,-608.022305141043,2.91849197225554
1554.84677247589,-918.298305121126,2.60043661160062
2642.80380663049,-443.004829747666,3.1394977209965
1339.38396976378,-1608.39438466035,3.07655260825985
2503.01417090445,-1781.32677719772,3.06385513920801
3965.41941843026,-290.574553078734,3.05281132943878
754.959166753889,-985.769042145958,3.03477549199889
2104.19148394722,-811.322480474603,3.06429259454019
436.713869046658,-667.872627323008,3.08666024786246
1682.0089341422,-210.645333474552,3.07467805863127
1439.48715815313,-1879.23826825995,3.10310748674388
1379.22664897283,-1427.47879064668,3.11221657948889
2319.36226662033,-1547.51209327433,2.90958306760739
3093.25158965554,-478.638503303707,3.16557798160077
2726.46194670777,-802.504680296481,2.92942959557117
2974.06020319662,-1411.17191984881,2.88489734831259
1472.6263861602,-1364.07471559335,2.97619302027308
1555.63336377171,-1222.36126946076,2.9349532675726
1753.81459836448,-50.4018490863876,3.05529141378203
4011.73298590815,-124.484805952922,3.199287687395
3528.54502909443,-270.516893170343,3.09111193783693
3495.41077117121,-948.88421180088,2.4199962887089
1238.16640514191,-259.779285761993,3.02922798720901
2069.60315617407,-768.537133994991,3.09165345622642
1882.56825523072,-1045.45444457049,3.07822310419037
3249.94659462753,-1787.667487332,3.04200445444943
232.197490206598,-823.869205022401,3.20045104825657
712.812253770361,-390.000077471535,3.4079925062672
3147.06739670345,-823.245474396165,3.17132372305962
3692.19083642687,-2083.73045510045,3.09388242185831
1024.75677855339,-2048.38961471177,3.32891759040804
3384.84464965275,-1097.98074786621,2.97316728690127
2223.22605924439,-984.1503453168,3.46564042141312
1395.04213554334,-2160.04409855752,3.20390714396835
540.893639178054,-1354.54395333493,3.05746657095961
3714.04567599914,-469.644860791739,2.90470097956416
1562.28914636083,-1282.85195141404,3.02537060578819
1880.49792711622,-1794.9812070878,2.96539336833813
1211.66608703355,-1318.43791883696,3.56300533637532
188.300660061425,-2111.21570737106,2.81369233705098
2923.27412748896,-1468.02471114405,3.17571813082039
2626.3124621725,-294.574803974611,2.99998122817703
2976.84961705379,-478.050666362425,3.24882858365583
397.107941087749,-1643.14714289594,2.96257503872154
748.580700325547,-1840.49393004715,3.18012486258447
2423.21349120634,-350.380730082194,3.10639964050589
3694.50271871354,-587.925843119773,3.18908230034133
507.195183718822,-1417.69295691475,3.17256557741703
1246.62281512638,-94.5368138852375,3.29895131420589
3091.0371746216,-1251.05867893037,3.03087291986363
4052.77320976789,-1376.00850845721,3.44670797050193
3176.45932676515,-1656.41995399128,3.14179194467218
3970.00838102597,-1128.08363555551,3.24738675515789
464.681253659893,-718.351924644333,3.1486451310905
213.163727467671,-21.3897886805878,3.11803836142359
2097.95316951083,-121.461858492387,2.90966368456684
3075.3149883641,-1763.38276204646,3.09776733060204
1309.15336254294,-1296.64119671754,3.41962133319894
3979.33078513797,-958.091797789004,3.09744757451342
1574.95691518699,-927.853027360814,3.24181924643552
2583.80656873117,-332.205640727658,3.29153486961125
3116.20997650705,-217.835475502173,2.97336582230925
1119.22119300171,-1579.5299703383,3.23188216795071
585.466716738859,-1732.24161652964,3.50771519659375
2785.67170460677,-1549.75727112138,3.13170076239863
3637.11943790275,-1968.36994905143,3.02722836214526
933.8676376581,-1766.31500213445,2.99912255339376
4010.36482244118,-260.382726246096,3.49455162111992
3929.97763002203,-1689.39434381462,3.05981836375832
363.013786179597,-1311.94770487603,3.08360252306131
3233.07073770395,-139.15227791085,3.08371336746411
3852.76474825015,-1601.10712513105,3.20693624225062
2064.81074530488,-577.465632404646,3.03553302839565
1085.68796405244,-820.359754743204,3.1061623751769
2156.08135206058,-1077.74970129378,3.23090847386711
1375.03544647914,-1233.90725493537,2.88683189951453
1399.29271460891,-488.028205279852,3.1276314633347
3140.46111475716,-1547.70266019762,2.90480083102883
809.153483677796,-2143.19048584209,3.43836016120876
2068.81464876417,-191.307859994403,3.21375135232972
1993.78816802928,-754.794467584836,2.96783784543003
3245.75522478882,-1879.23052101045,3.38729160482213
1388.46149294231,-735.937328447932,3.06374343920393
1312.08282519963,-1320.24308659681,3.1137805325005
1528.96359922061,-887.327167127065,3.18156344893451
1686.90549688057,-582.199894984676,2.70606713145815
2006.89820950827,-2131.09342254939,3.18984822086445
2938.27003588126,-509.497655249595,3.48892623527434
2852.23773718082,-1178.11012116208,3.41141874078634
2505.14805975982,-1546.85703100231,3.1101060037783
363.242649604672,-23.3475893297425,3.39814903542664
438.824650844224,-1104.4565311729,3.16880308573843
2323.61667795211,-824.478128052784,3.32151682364681
1632.91899810491,-787.214266462749,3.15578075539063
1460.92046710427,-691.513327025907,3.35788381642787
2951.53500606433,-482.407317428982,3.04735367669926
3348.10590165255,-1190.39790345715,3.15992093234685
1150.87095224011,-149.152919535634,3.63643231637103
1787.13385938195,-459.114630308925,3.12581369216714
2640.24964321129,-782.567659789277,3.12602686175322
1894.35999405814,-29.9657516753015,3.09098699449711
2242.90150751243,-1534.80649954269,3.12084506580855
3647.27336889122,-1874.57676102359,3.15358104930377
1020.72096941957,-2116.46707524293,3.44954935209676
945.121695500809,-1651.71747940223,3.25924425518292
89.2229823895813,-1365.03715054542,3.16407797859294
362.493675857743,-1521.00096012382,3.28465787738227
970.975570616654,-140.083955826651,3.17451987607577
1917.48642071302,-1138.59218935937,3.30892050154382
490.597594130385,-680.009923055022,3.47962962190664
2075.68057522073,-526.976273101004,3.11809639439192
1978.15164595141,-516.78659729233,3.12165423715848
3225.67650965694,-1368.28013471944,3.3544772837516
3602.46662090389,-398.391302812889,3.26389748937926
2019.61763773387,-1492.39378539342,3.05765610035483
905.017985506752,-229.66366721894,3.50451063091688
3244.51416102788,-1904.0841291457,3.11258914935016
2744.99630435882,-1741.09975654804,3.35208491036247
953.857377010632,-1903.74949933046,3.31893172976137
872.996249195041,-149.20725792173,3.22914349098816
2974.56904986695,-408.396876949453,3.29243683147926
3098.90799512416,-2152.33982675557,3.18466745390401
3436.81960557383,-1753.69868533939,3.15450346810459
947.318718879908,-1235.01356991731,3.31751830696935
1738.46159301913,-958.197966474459,3.18192804358416
988.109235186948,-1834.27967205012,3.23738146174782
652.596722674824,-401.046365222369,3.31152287387069
1375.6620323203,-1960.4608046445,3.27020073646725
2730.01692485514,-1573.23610783754,3.61048966358721
3618.03695356174,-1713.81213211077,3.28284280162366
1590.65320746104,-1149.10302051918,3.38919565063716
2695.80311101394,-481.133571775554,3.16713523318836
3887.2493635782,-526.171207090009,3.09611725890009
3473.55042480035,-1380.01295180988,3.19942148924639
455.711192103455,-277.135866531646,3.31871459033046
3055.61906931444,-52.4034403300566,3.53632248172451
2028.08075312234,-892.694302153678,3.00733269701728
1054.83861390797,-449.26354255086,3.05183714208273
2139.84010887163,-660.989102783916,3.47179681812721
1924.52529840945,-2155.55566984723,3.37090514096066
2688.2441374933,-267.552349205393,3.40017955595295
3206.57435843646,-1523.19429104272,3.19784702978474
648.589648635182,-1914.62111195492,3.39270322052925
1632.11110890224,-268.121360385998,3.52297323438922
3260.51939732151,-131.906651838281,3.74332086807807
3318.75145724839,-1606.6546055146,3.26967952911267
3843.86596072961,-1643.25230131744,3.30038385053328
3488.36048736826,-1831.40542307364,2.88152736069815
3753.40065231851,-1080.50193528608,3.45755970741552
2433.94684087144,-573.374086414947,3.28504545231871
2019.31164136961,-2052.66329164338,3.67900661352431
1128.58259045961,-544.380387017215,3.43387090769573
840.929719233758,-1024.12717948144,3.31229965551269
367.630102941986,-275.933251756758,3.40519727282657
1891.72813091732,-1250.44072437215,3.67639198444167
3938.59478488554,-993.853722593366,3.46283235136358
2700.43031486751,-693.251069917648,3.04887319153825
1259.65782021841,-866.631749283114,3.36386143774258
2784.47547142438,-523.751518399464,3.40408668384392
3613.49576145409,-1777.16447643966,3.34999360089972
1938.85809663947,-1398.6020234234,3.59435958194568
1200.74658706945,-1175.00000148822,3.67559939494214
3648.20175567429,-1667.57689441207,3.36764819591593
314.78090040843,-1980.08212678449,3.64512723848477
3607.65287512313,-1421.67885229046,3.5144748139315
4046.81149601014,-1052.63813078567,3.4582882482648
3481.29306991378,-1465.72945232699,3.48133038391186
523.579965349253,-413.934051090989,3.71545078043887
2005.21468077703,-963.63713917701,3.46568304846805
3333.99574617367,-773.894360175733,3.41125892483414
229.941575211109,-535.887798676851,3.20450149048311
1437.28251362334,-1273.39764565651,3.61041880302972
2620.07700464706,-64.5486804718394,3.29970300909817
3123.39751056903,-1400.33811608561,3.54499665228621
2912.35863077206,-1790.73577419838,3.44891263692073
1055.7430145617,-1679.79038700723,3.5021680876908
3177.2742056805,-1384.33201696788,3.49534052572996
591.094222981669,-76.2137572033529,3.77416155751913
423.319653406214,-572.212819156102,3.71191955667544
1847.1554889294,-749.02571568582,3.54503929583024
3749.16434127494,-398.286241686958,3.29694212568027
3688.3969864178,-1326.2900996919,3.42821998213271
1390.44427734412,-1153.35950085259,3.71473658586645
329.014137051308,-633.897884837433,3.38261283989464
3854.89695023401,-1425.62318830895,3.54650834480192
3249.02945698306,-1959.2124880901,3.33356755647803
1398.30486863451,-182.671564297594,3.57250717955424
2269.04063279881,-734.112604382922,3.93562180345397
3708.00898973145,-1980.06880144332,3.44108192817023
3608.55381216157,-1188.43864224397,3.59248740362666
2177.26678996564,-596.204568152377,3.49881350665318
1012.53125349496,-2208.11365809269,3.54996988876651
2735.06635259858,-629.807622284545,3.40284993221283
2229.09565090653,-1808.77460478299,3.48829226407289
3053.77349738205,-254.291524643241,3.34079134985362
2950.61854774374,-879.753221283854,3.54868084797783
3743.62255362845,-1788.41187961466,3.66291238147586
2970.93481350577,-919.050754045789,3.79027645122106
3751.69599008885,-1337.76682724768,3.91544690038243
2281.97296125531,-886.239468919997,3.54432323783402
1959.49653092943,-1997.44573266883,3.6366361625118
2256.71216312721,-201.73330011336,3.47111202251019
980.002500056249,-2164.30285499969,3.18701565488144
1563.27629464177,-321.403906102228,3.33866975883298
3299.42258729063,-1696.04347447458,3.77642858162385
2846.18004493477,-908.955455081429,3.92450596230739
2600.98635864168,-1867.62377665877,3.53001750204399
3024.63684629296,-997.622403599362,3.81102064648903
3834.40022635166,-968.638197883308,3.68474675295505
2515.66661978295,-307.226086519968,3.81206373401549
2022.58368188059,-1561.64115657258,3.9476524243063
3897.50405918407,-1461.69369199407,3.87104053233864
2909.3637198116,-885.278221220948,3.78932317472608
2048.13362223022,-2096.95047794178,3.78885360893553
2000.897862463,-649.214707356669,3.72314071597702
2242.5223611361,-1210.46812063341,3.96629514496548
158.802050399111,-1065.66336245904,3.6649555678645
1782.65118206705,-237.259620632668,3.75182254675547
2301.57212131977,-2053.24034149929,3.59862932691516
2392.20874791641,-370.60349608841,3.68759194339439
329.261130733511,-951.987840073924,3.86610014228811
1764.3575159757,-389.381750887783,3.42588642888697
997.721369598391,-418.019352263997,3.54268521186758
1800.7342527362,-1297.02807482121,3.45849070049228
2386.44232694959,-1416.62364428125,3.75499890284744
1527.2766550236,-973.448874031824,3.66338798551004
1634.66088365889,-1189.22136845225,3.6552578551731
3061.80404519115,-1361.54411329143,3.46288022709098
3131.51639420747,-1305.43650733892,3.52305391976683
1166.298629628,-735.529995039951,4.01423914334621
2438.00947173858,-426.15692889207,3.65988241954474
3914.91336550975,-2173.71814481388,3.48355299666474
1649.33934128807,-1655.26091712065,3.79563107862906
2102.74080631732,-2100.72844396955,3.88271933626596
3224.86604832262,-190.352975987131,3.90544108534012
370.552702076934,-2051.83970055819,4.07547539027549
171.508380109958,-2003.32606585883,3.81570083728957
3117.47240902797,-2084.45259786441,3.61483315487804
1929.56099094742,-719.867958483933,3.7362376160946
2094.66503790438,-1753.20880736655,4.04478047084483
1368.04241530082,-214.652810882015,3.77585291386738
888.807067648084,-882.629885035639,4.21602051931476
1764.94144757129,-351.353144221511,3.67552141241919
1995.31657129779,-1817.45718060909,3.92712250439704
2207.2922902452,-1293.79444345075,3.73775492615923
1813.97924488927,-1662.05919480781,3.73714281935999
2148.94856669973,-1475.24760939277,3.92229647497551
631.582302361958,-732.635917881262,4.03448363318626
2991.33154677595,-1864.36203276994,3.57366979302557
2022.18305803752,-681.462319915659,3.95999069562699
1188.95235467945,-905.841900586555,3.48392932047673
216.282218641051,-140.149800035648,3.82381917758341
976.843731880182,-666.548806595321,4.12581723419696
3969.03988713806,-1812.24795978119,4.06039615177392
1739.99029542253,-1681.73693955304,3.8446285846136
2906.71077512629,-2116.36073162956,3.99570918999049
3307.73011587391,-1011.80000619286,4.01516644171607
275.661466250448,-230.171441205129,4.07506033273294
1924.76528663067,-348.368348248815,3.98272826363998
2151.56882323151,-916.105099793552,4.02325773638241
2495.55848631465,-466.157320976012,3.89024816800648
808.668274108183,-923.873143586065,4.00166653505987
1842.43014456811,-1878.15515288782,3.73611898517214
3990.60313145399,-824.062066068961,3.94166478840595
2613.23515960289,-1804.71650867041,3.94038375373461
2169.88180097139,-1360.34570106602,4.01909020852257
826.417367486032,-1787.56448278137,4.11094947258515
734.453921033998,-1902.25228589623,4.06367369591135
3617.44273929036,-1370.84196583512,4.31206759224945
1339.35624933753,-2009.06632711001,4.19628895557971
344.069444193242,-1415.22796329767,3.776863298004
2005.48187398153,-424.560758188269,4.25991171906312
980.537477077406,-369.723228535726,4.22140649136209
1043.3058439092,-190.121756595311,4.02235438486701
2099.24143990141,-1924.08798200172,4.22290147394663
3517.57343023347,-556.241536268434,4.18998304218485
253.624770692206,-1015.71603915172,4.3078854788704
2276.35291881598,-1365.12299438582,4.22454013639077
3706.37044046775,-1183.11996723248,4.36032534763911
1743.80971503222,-1233.55433464044,4.38919380349751
2551.96586284206,-2107.67644157995,4.62781025589403
265.364124596078,-1208.54072618323,4.54410048933764
1251.00481217957,-441.972266927458,4.65295214975278
3680.56862316193,-974.453551526392,4.69195767300489
701.877705331974,-652.202426607051,4.7626592969438
933.718807471482,-1994.03656352061,4.91996452809102
1321.17524275973,-1715.14995020475,4.59951679624512
262.176537589548,-1327.12802099965,4.9538602193877
461.76319419564,-1949.79966172674,5.02588802076092
2894.29972954696,-1414.02687927972,5.02327241567616
2942.18664868623,-1615.63237083314,5.18488785425098
1169.86105169075,-1821.09278164919,5.04200979997148
1694.43310995003,-1506.09027412243,5.05295614669589
642.949228248518,-1453.24431354148,5.17590176944686
3332.73694845947,-560.855950619443,5.60270888955807
1723.67045094943,-1095.29668705521,2.66138833901469
1110.68533266844,-980.793205812847,2.91523760816068
2549.78586027786,-1869.69628193671,2.97035607762076
1018.79212655118,-1548.59827949079,3.22665840775397
531.875253524682,-1320.59494926803,2.88979450298633
1452.69122860881,-612.644818296093,2.89854684143481
857.194880280437,-1134.3948654648,2.95817792584621
2960.27781577387,-685.525956341784,2.83588768464018
1586.02595161737,-589.331634684137,2.95749905284562
2143.67623383976,-1093.51241405099,3.02004375227155
1256.11623626575,-566.111298898296,3.14439813038589
577.437555913377,-377.869232960105,3.07825190789181
110.018748528305,-335.760710990656,3.11606080853215
1763.52718279681,-552.094578314853,2.94711215031936
2356.60867037393,-1726.46270422877,3.49934034504631
1651.16253061897,-604.917544238718,3.15951896177083
116.871562465981,-52.9419423950441,3.30121304130257
114.638355648412,-456.388474965466,3.73469575020096
197.534084219823,-547.95900142874,3.59179168530835
358.211475084481,-486.167356867364,3.32690463887312
833.035259682807,-1230.87049495288,3.7499271314553
830.477338785784,-969.769951818835,3.627398823521
930.592632934205,-828.660480989687,3.93076052312953
1486.97826216284,-875.93684960037,3.80150388505509
2122.23085299535,-503.345189338706,4.09440658824506
2206.85963976905,-402.513557626234,4.38316997473922
1881.55451114035,-1704.77029459388,3.07516028914693
895.214925941611,-729.469705093772,2.96686284224884
767.201993326823,-2098.49069577498,3.06570813090461
1852.22640266551,-1092.61011399201,3.0215768806932
849.491947269039,-1875.64239418117,3.16815471840964
573.816938627278,-642.71166753301,2.85935556601057
2646.23779027493,-1804.41504233263,3.04188555731552
1493.96013884341,-1178.74200243159,2.7745008559721
2105.27896652361,-2214.06631426967,3.08455538109354
3651.95658779292,-947.68094154689,2.80473976236557
2868.88940797195,-1910.36837503888,3.41646150360978
183.832888427387,-1476.8987642172,3.11579011909599
343.726510520066,-2184.79186267499,3.04757527207374
561.6048133512,-1815.69474972139,3.14898495389972
3655.78036286714,-1776.01368758979,3.00642478000655
3689.47819556711,-1178.35045149228,3.13590776162727
1222.63054189378,-362.943039055443,3.35196425265885
3377.81133356076,-535.436574743135,3.39852922546885
3343.00784089291,-747.765427159075,3.21547608159538
3254.80209752301,-2002.70072142906,3.15979016139969
2763.59729240198,-268.718112045318,3.69667179233855
2474.62808977415,-1714.41331554034,3.41061998705615
1044.29506318805,-1260.26314539271,3.71012317918245
2091.70735796656,-2019.37484240402,3.45690896391665
1973.18762395999,-2059.1807924758,3.94411104530518
3271.65232306263,-85.0827100737663,3.64024514393639
3819.21376293691,-197.18252103015,4.06477862595655
1547.62439624544,-2116.00183884037,4.47164781891397
1654.36247063951,-358.263250713322,4.46379898352789
1702.85704386543,-2174.12552782599,4.38895664911867
3624.51365403956,-1872.04218383301,2.7144181156036
789.816835252397,-193.305379789716,2.66745371996138
612.83963978178,-1145.78496084795,3.20313335814743
2792.36710777172,-967.655944732023,3.01153409839926
3637.15296320716,-974.991435085349,3.25354990912885
626.380657095719,-660.711940570439,3.22691380420227
819.599862220463,-782.772624460338,3.90596540577409
2868.25969901464,-2150.31133531556,3.38192979042013
1097.38725250202,-713.649947761457,4.40951542968294
1139.83411605107,-525.387850476755,3.26091576928647
3076.07424803488,-585.49664736945,3.00168138634811
3275.42058611153,-947.544744332154,2.95542458863694
799.571491886318,-1207.83177657972,3.08605660015646
77.4800809157048,-1455.67849241718,2.982632089632
1498.12848430617,-1899.92100045459,3.05318977853595
227.163719593834,-402.282443792265,2.9066554866958
878.796648800965,-1863.90395348725,2.76227134368074
3657.092218048,-1271.68690679576,3.03254636867819
3101.22346764439,-776.424054375393,3.13716162117274
754.664732440565,-1245.45680441999,3.02433324028708
1432.53209033186,-1000.82860082536,3.00846674674288
529.661637882993,-1398.05091997516,3.00122019940596
574.507608649408,-1314.31733331935,2.66800642997595
1888.62887638772,-1571.38696212328,3.01480514098745
3833.56110837971,-2128.9141819723,2.9003018972971
739.573206712387,-1459.82428995524,3.12269950483251
387.924231748355,-1373.33930141309,2.99893731177041
2317.50813286396,-475.649699850708,2.9565772891827
745.447849738402,-839.897518482462,3.1330462155651
1733.81647056118,-1835.03007981953,2.86436185482057
1880.22978364271,-807.553815066902,3.16322987248754
3858.35924102796,-78.3877828907423,2.91580081181242
2670.97704318735,-1708.99276820424,3.23321563763894
3101.67352425103,-262.266684817773,3.05834598236257
1214.84581707893,-1059.18691447079,3.16611322354394
730.483668165581,-1949.46748077003,2.63120502299579
3706.23818067406,-758.148688065289,3.18155147691718
1749.28019542948,-188.126223708245,2.89947898864943
1128.97656866845,-1154.9175060556,2.85682698896762
4008.07594484307,-1097.57922990032,3.22740755260734
2436.7601197407,-836.253179722534,3.11422435386348
1126.62129256648,-355.574787588634,3.32136580785081
1486.1535147456,-2194.70501266711,2.9153197548077
2982.25028634252,-1987.17244316438,2.8455023455066
524.95424138694,-1330.1158853568,3.01864396834884
1857.44754682938,-1240.11844414812,3.21304521379408
832.204175347475,-1761.89855057094,2.970530368552
2345.06281188832,-1313.37203878479,2.7276788052501
1820.48387035887,-1712.93160446634,3.32508083031955
3555.70277814036,-690.297478447454,3.10976184410089
1884.32250823966,-1476.91519159293,2.99201931480733
3343.58913295504,-2042.17472508582,3.35670721178073
2012.10048444977,-1851.37395666169,2.76288377058654
1891.84476452925,-958.97220668148,2.95907735248292
1961.64796722568,-966.849065949776,3.08753894823468
2986.53034251938,-1670.37626448952,2.80873651129803
240.30030393732,-2217.42389036155,2.94422267201972
77.2907057128306,-1027.621912875,3.12131503208347
1829.80012237624,-74.9811287182197,3.09807838207683
2583.48630998233,-2101.4334222894,3.22599098400926
1738.29607974251,-458.973315992634,3.07254691131553
3855.30637350343,-908.844250414063,3.35331744192208
3502.10376289265,-1791.29801527008,2.93850907166386
2287.65973828734,-1660.36958845127,3.00755130171862
3052.93204370451,-1657.15503704223,3.4546737687482
1138.03141935905,-1349.15132486795,3.00180862432888
262.983757938439,-1106.59836607869,2.9785518317144
76.8948351398522,-721.163245590583,2.90840865174793
544.602992798755,-1765.5255577041,3.3711417147416
3834.46101713082,-1077.71331896971,3.30175384138258
1816.8453872771,-260.43522239873,3.60691290790279
1336.66751487307,-1639.49538994285,3.76101058408605
2404.18339505892,-116.033378726891,3.78114389412478
3638.22488423897,-320.072346664671,4.10635351573681
1497.23081405503,-1738.66589960755,4.0547654458638
1457.29489962019,-2146.55044954392,5.63623382211963
3980.86728229968,-1587.90550692404,3.02236660125716
4060.95542570518,-2195.18103099709,2.96347205284887
3681.02324591898,-1791.78909755305,3.10424461269583
859.746513940671,-1561.05238563921,3.51744893193332
2866.18307630298,-978.00625942062,2.84863769988743
1309.69651197472,-1583.40631109102,3.21360767707027
3986.51919163917,-1309.86276101176,3.13607734087693
3790.25006319324,-1267.26126763425,2.90440414331015
1531.39130080992,-1037.46206545796,3.28085416938598
866.431364386271,-1656.76662476457,3.07668978550045
2055.99136952552,-1207.99610137988,2.82489045543912
492.169512538724,-1204.54387631129,2.58628428385923
2193.20604745819,-969.037634282722,2.79811800013109
4063.51634388592,-1542.86778529224,2.81385079722749
1610.18816280322,-568.864978587501,3.35963312651063
1300.22337635858,-1397.67716870572,2.90321294326148
3589.02629666226,-1306.48142264981,3.25719535897868
96.7021303599215,-975.082996149308,2.89588608871516
2292.74366767035,-1410.50422509968,3.11490836380774
3984.98853252658,-20.3395422023656,2.68592894555204
2987.40854631079,-1837.2926543448,3.04150100397076
2035.94151142895,-1286.47654483048,2.88370741348904
1009.4711084405,-895.920543650986,3.14381509637271
869.214946626778,-901.602611689426,2.96686908075049
1610.04889166987,-835.122221271934,3.053757631125
2182.17715185266,-1580.14311253657,3.23449193445826
2425.64590588171,-198.48497207352,3.08691933554649
528.757130475658,-629.899586256191,2.89816615819142
2070.79987214881,-1140.33978934729,2.99507601028754
3369.37107355924,-428.392966474575,2.77918856012134
2753.28450103557,-1813.05105790485,3.25096717821537
2972.28521634161,-1040.79863040263,2.86801888478658
3838.34376634937,-24.5979042143568,3.16593107288725
3453.41205158216,-1053.14596675869,3.254084824381
2580.50381063394,-1796.24818283588,2.92198511350577
3872.47462461891,-1615.09039902724,3.09805489643948
552.972827107189,-1662.19128252691,2.79276939651995
4027.6290391114,-863.630613655011,2.941995149977
3095.03228473975,-1566.78964448757,2.99593262271258
1023.1586634241,-748.517116443772,2.82239619278879
3238.88164298821,-120.543490017681,3.21868694440969
1341.62039210775,-684.708462645858,3.17257369335239
3436.55351633975,-1682.00470252167,3.2915164767816
3008.81772886205,-1840.69968399843,2.98671256259996
3780.86673765524,-2075.88298574168,3.19059911897636
3006.55339737854,-1598.83623729096,3.19820326291019
635.631316435097,-791.398504132308,2.88176122900502
641.608309259077,-1353.61152381672,2.89885073870447
1667.68950617103,-787.857677276903,2.93721145512181
3004.54223942347,-926.405369852241,3.01819773623226
1078.25990920092,-1127.26031151239,2.6293332848922
3621.59471453744,-39.0788366649975,2.72707553453421
389.449928776501,-1277.94446794275,2.84655865273466
276.213719330742,-457.649362315555,3.08032862588294
597.63343114011,-649.962124883133,2.79108163140874
3287.69717745937,-2064.67210799471,3.12344523666922
3162.33677613644,-889.38271646034,3.12271650972802
2883.97302450623,-46.6653959522652,2.57738340530302
2754.76388778504,-1900.47797970242,3.22586304926461
2251.73993549693,-1603.64884545803,3.06857044347635
3759.2166352462,-13.3463168737185,2.94460550084956
543.29361471147,-425.981786906129,3.16512196849759
3772.60658755559,-1054.31851660215,3.17059549262629
403.783850251349,-1695.08238514594,3.43574296640201
2008.75375965748,-1235.29585212417,3.9844637423263
3346.37184947634,-1130.14375919203,4.00556143310071
1202.16267393852,-1604.0602712473,3.67449985034169
3215.63208136476,-850.519367465728,3.8418419778537
376.044638712615,-379.864768546918,4.27482090111222
1096.54862455478,-1614.86569092559,3.92352175431795
1207.4560310234,-1704.24510843854,3.99320695012876
1120.50489758024,-1135.77148689294,4.28076203079706
1890.47397204453,-1483.19835610801,4.49271019018387
3659.16285560279,-1043.1071491046,4.13509655184005
1365.75544818513,-1688.22015599578,4.44715415702569
1810.39474082086,-1599.06607449039,4.55987414419557
2298.31228358441,-1164.22810885063,4.11835033992277
1309.57187903213,-964.430061936631,4.5948783341685
1411.34717537767,-907.152526000939,4.55763257147717
2095.75376734605,-509.684244270186,4.63871932353215
4004.43033745981,-1255.79425307952,5.18596814293382
1430.81273276026,-2164.65237276327,4.88233158673707
NA,NA,NA
3718.56496126632,-438.170760750075,2.78944594003427
659.000772893477,-1364.04236720023,2.97131465230986
3724.2808158686,-1157.68311102943,2.99250721474249
815.29001962651,-1228.64812524766,2.99121108409834
975.046134834353,-674.681314320811,2.92838708564566
2463.19223636648,-2063.81189394734,2.93100881567356
1159.38237625358,-1718.21631712848,2.96495388830963
1977.0995512291,-798.09243358716,2.90446856246258
4027.66485348195,-1086.28750594402,2.850888814527
1196.44459260124,-499.27468409542,2.91725888127342
2594.17669406928,-1859.13003947231,3.06994293861265
758.0359488409,-595.735291700732,2.84605549232067
1609.13090262554,-1400.31361028836,3.13079059225898
4001.79087025059,-1043.35925426528,3.05997816099155
2419.96274179874,-2015.0063109557,2.93471832688769
3492.43616657217,-732.132866421351,2.92574059221714
3984.5545554856,-867.378909652343,2.93636358559539
220.415677335857,-1370.93891440554,2.97417173479405
1084.72132989415,-15.5429410450083,2.91980063222948
1249.9866232284,-1074.89572485826,2.88354805678625
2569.99343275831,-20.0259999730437,2.87566173681856
1978.5285329092,-873.218068142853,2.98740870078533
2574.90136778394,-820.144453982451,2.99973201800317
280.538803631263,-1893.28074039295,2.98873693035402
1573.60158776195,-790.835940627793,3.08859689432359
1275.66609128612,-396.850751373718,2.88513319856184
1201.42633376884,-1375.38963359104,2.92409282744646
2810.17435066877,-63.3257908748952,3.09759975498739
1791.79287326332,-323.273012074652,2.91656727561681
3489.13297245067,-1726.99193966043,3.04148520738258
1313.21722684231,-1634.435968033,2.91907260871257
3429.19862244101,-2116.59438829597,2.88387513477852
2834.71025533752,-962.075161257582,3.0803870778973
3397.00953919556,-1571.54339622619,2.95288866904546
3809.2169976021,-1756.97082611988,2.97531283878398
3479.36086427504,-1449.77054185226,2.93731355952691
3508.07558065931,-1919.56869088486,2.94842054309076
2838.94355351516,-1008.88659072862,2.98295948134244
3118.50076409815,-1686.58422213215,3.00945347550793
2039.15796924731,-1469.79790130957,2.78529036689398
2549.33510651085,-53.9995777338778,3.11202485696623
3126.28070926646,-163.114236194887,2.98020092448879
1767.0529861508,-1951.383696821,2.99280074672574
3186.3702692672,-1913.9885683378,3.02809971203324
1364.64173064493,-1618.83949213982,2.98150744922501
1081.17660821824,-548.219116160126,3.00895337820352
3272.29374736639,-19.8385334436177,3.04755919097435
3367.60058468276,-1216.48518683354,2.98159101821553
1847.8126001676,-335.117030232464,2.89727306303603
1047.84965475536,-2162.77056247953,3.05975585799617
1045.25251709722,-481.904621242521,2.97806629640536
1215.1944124449,-1891.30823066287,2.87808738277453
3438.64584691113,-1254.64559106044,3.0269993888317
325.082412633194,-1908.64872245817,2.85150046350344
2993.62888582583,-1628.71209193026,3.045737852941
4027.84257515629,-1792.97490481001,2.971706028503
2493.37861978764,-694.902140694344,3.02002741381386
2629.31030035689,-1573.23079997184,3.13350825849251
2056.49539740211,-162.466099614813,2.98365141898599
1234.49292935308,-1694.55721685445,2.95082248271338
2760.12557491001,-136.916661236139,3.08487170598244
1720.15916845897,-1964.14776609784,2.99929452466842
2552.74395273012,-1415.98894219933,2.89746154432351
2212.76899352422,-396.879240365228,3.00006159780941
1035.10198470474,-1266.80679136543,2.93718645937036
3489.17335553477,-1313.79047613803,3.15828723372045
3223.28389455945,-1404.88242326122,2.94430428520639
2714.52787716914,-1452.62932793515,2.86676376217334
1671.25414477237,-1367.94005820182,2.95092769807788
3889.05845847363,-1843.46586393581,2.96354450428674
2618.78050867546,-154.965307045176,2.99000426913625
310.8801863211,-2042.81520947717,3.10283922711926
3792.3690534908,-911.122844591587,2.99475941407378
1355.95823816685,-1463.76181784813,3.01252805533512
1268.24947611716,-1630.93846354787,3.01403621432001
581.986941595364,-442.795175884469,2.95194581600634
3392.87029460086,-1695.73032757853,2.89017595261879
1744.82167226817,-1805.95237941324,3.03569341385897
2868.2742176941,-1594.03079772989,2.9590185500515
342.826324148191,-978.039736142807,3.06901719530788
3350.92940878436,-906.349262885721,2.94495737795879
3255.63465330533,-311.230759441584,2.97073805761832
2258.91601516334,-472.867121751999,3.06333350062647
2464.66193657524,-781.73303260346,2.9925662620789
804.295352048081,-307.707633163686,3.00460220128498
1212.89915421516,-629.437194611226,2.98409383461483
1888.73976569942,-2111.49526323972,3.04216835730569
102.506483128352,-810.587907023889,2.97282920702848
1934.58053722165,-91.5629272602643,3.01908340980285
1609.22062412875,-182.59492329591,2.96886730260373
3369.91667517055,-583.690274365393,2.93853136113536
1155.5980933761,-618.891705094507,3.04146963587588
3285.91868828614,-1508.12672833218,3.08230063077757
282.104563595085,-751.239309620692,2.92584495581451
797.75292069734,-411.917155170775,2.86924031628235
1488.34928565997,-1954.48499807506,2.9480484297804
820.233712103444,-2202.19705534519,3.04254314961923
1759.99455026006,-730.802633462085,3.06570187410054
3600.54669080012,-1735.73354950806,3.07884679232726
626.421671160124,-57.631093208451,3.00017908618206
844.89030280581,-1970.97002261383,2.97428574014988
1903.77933195715,-107.990316966428,3.08848072007371
2330.51085563851,-296.895990632363,3.09034201410563
809.484998295403,-1446.00311928152,3.05076655582206
3213.43660770864,-2126.75483132163,3.06012015876233
394.269299806819,-2097.59686966551,3.08861748405733
2565.10739170589,-2207.98699942704,2.94755290695329
4010.41790239921,-524.730947133557,3.08265236043405
330.476439189964,-139.659894227417,3.0955155709183
1736.17153529359,-1543.94315492359,2.9810858456324
1488.24601797294,-430.35901473849,2.98684190215919
2168.49037399097,-450.241847757563,3.16379625076217
2390.88891966579,-1035.02436876111,2.95831092378799
194.635469564385,-959.541754041452,2.99441956411818
3640.7142573474,-360.163555416256,2.93213611172136
3978.3750594338,-1854.29115335567,2.94781114744592
2154.56978459844,-2085.86593725462,2.95057103346664
1530.02500610007,-1137.64862338213,3.11623750273081
416.255187909136,-1513.57025643403,3.10232213733578
4011.71823702209,-1695.65595764319,3.09586959583093
1859.81306661483,-1427.88443334383,2.89920715743504
1664.96887564212,-578.360016585669,3.08322376209159
431.18359477103,-1477.09790772871,3.11643477520172
2063.32971508274,-127.728949005749,3.09652602221395
2888.42622129147,-1309.52072873731,3.04843580480257
807.360278721855,-149.662711459245,2.94750856654783
2162.66318648296,-540.258691957191,3.05815825104816
2675.89319015888,-494.53841900442,3.03826195504841
1457.78067717335,-1323.74833157083,3.07698834401832
3055.6505448234,-931.881824337529,3.14558469924657
3840.65140381891,-1315.46984918199,3.00770600804832
3388.51304541302,-70.2538860690229,3.12899403218342
2567.71454138064,-607.8389249525,3.05027144256234
2403.73882561264,-410.605816553685,3.00639605830063
2215.70163599518,-1339.09657201085,2.9808322128569
2635.77623537851,-41.4320591855278,3.11410878095084
962.562292497771,-1059.48444310362,3.05632775342237
3663.1119844375,-2193.96481382777,3.1082838836565
78.4961581679579,-348.60248155382,2.89090867916619
2904.13416191138,-492.158754045085,3.13320289513524
3422.19712296082,-241.745448121316,3.0693884196338
3229.40492514523,-1096.76967961901,3.20114283389397
1507.93134785611,-1414.2118121958,2.9892710760667
3199.52291250704,-1591.8767521578,3.11213580492298
746.165691768118,-1966.31194642847,3.06407422630846
1708.54345352813,-1625.39106521822,3.00267932737504
1292.11075034759,-990.265702578983,3.13824738964044
1915.18484306858,-648.986999070911,3.01532323357797
1272.15626816113,-1800.34593280576,2.99231919249704
3063.79817948631,-700.652197370317,3.0052614836875
2494.3438864987,-449.087500308102,3.06411938175306
1391.27309500848,-678.845827180756,3.09182693651621
1282.10006852097,-358.513302043273,3.02667889131374
1721.51214867972,-1805.83923951922,2.9501642756177
983.258049417323,-1749.49123127868,3.03663605824544
262.741730364768,-759.157265945952,3.09512944822321
1016.09233239104,-454.948149494347,3.11245184109773
3478.40473862671,-597.907387136576,3.10963742167348
3885.30169991318,-1489.55704494648,3.01169565271927
3916.6291555344,-257.309928268428,3.11290476185292
1055.69041649358,-31.3388864615928,2.94519991911446
1433.65433511155,-1927.97072884815,3.11009580357185
1838.99530085899,-2067.05989712333,3.01682424055899
3393.26935378138,-2206.30957759194,2.90485734960996
2870.80328594277,-1637.97406662416,3.04524186009029
1810.48064104865,-85.6400446275054,3.05314506530002
599.989800214402,-267.83804638976,3.14229588969617
3197.79321640833,-1546.4407585258,3.1179312802598
479.523036230352,-357.559844295329,3.10265099219031
2985.54878736255,-1297.48015820078,3.07921836118843
2290.87430725099,-164.573631299094,2.95821689809156
3595.86110770845,-339.888680041886,3.12931956048521
1365.51877423466,-1700.46649138508,2.99969431840757
2185.76194291272,-1572.43590458213,3.12543280891903
682.630998351972,-939.171255899537,3.2107380371304
1725.75548215607,-1726.89677025243,2.89615942766813
678.322293177523,-1552.05395975745,3.02986565717926
3899.46121225789,-876.288956096143,3.13542443053599
1974.89813732512,-1488.02941159925,3.12264556153355
2653.06204885412,-2146.1208433557,3.03171842572456
1569.08419595409,-1719.88577424977,3.15843196370573
3248.16557369745,-181.467184936438,3.02600295330282
3873.84222088088,-1070.19941359552,2.99662532286926
1429.76129372643,-2181.70798928329,3.0687288232614
2889.74242938767,-167.174102090317,3.12330676327265
2461.30413010761,-880.166701172156,3.15330753202812
715.256074892851,-1823.12833634853,3.14411942648314
3332.05271737644,-615.703585437102,3.02058543511324
3048.01787354128,-1327.4829861086,3.04833911475522
773.846633078574,-2033.69640105602,3.09970755428477
3301.76993353261,-1090.41842992217,3.09168302181705
761.935108399403,-487.73605670314,3.0289727430042
3558.93612069334,-1872.71691011801,3.03011738824203
3543.0484423899,-451.171019115223,3.18214423618909
3288.31727401967,-1031.86275516383,3.13000258264571
575.857259127678,-1933.36145573409,3.05716235870361
2572.51177884993,-240.526634526338,3.04137957214166
1772.54595773366,-1888.03398311913,2.99633630348946
1651.1465770315,-962.768528802305,3.10166968286623
2431.57729978165,-1953.75718195297,2.97268116027246
3255.09511411334,-1295.39673274818,3.07749773226792
81.1800504847347,-405.229407067983,3.11824863193927
1767.93454490928,-1494.80718958894,3.07992317060627
1826.19869126164,-192.519528500286,3.07334626101773
1835.02157673136,-1844.2657517501,3.15854612704875
3599.01236788967,-899.474641676118,3.10909848885816
4016.9436987122,-637.814298531487,2.97656272096805
1024.8782746025,-515.9151360223,3.14554489899054
2624.44384864368,-2212.19281029546,2.89312075199527
2604.91468907838,-222.091779106029,3.11718596360718
1511.76574873212,-1771.03434391185,3.00027569388623
3040.09867069698,-1855.29618773093,3.13829741818363
1994.84243325819,-524.040780396263,2.95024887469038
2499.98643720139,-875.224842541416,3.13041489908018
3124.05374905118,-743.870450433192,3.11891090031531
1466.261829476,-842.338358776106,3.10071357787636
1173.96877216638,-1377.39809722637,2.97423138821381
1483.99416279804,-1461.42401346501,3.04493924462064
263.750982770221,-409.584252528179,3.04066263472131
1704.31545050512,-668.95443368082,3.14922734361381
565.127723558933,-1475.13994428886,2.90193263185056
772.04760836061,-900.113008861601,3.08672771579903
107.75925787451,-1436.32914909705,3.20379250974344
2952.47444051645,-153.882948006565,3.12456263999417
1993.114283405,-1869.32479057257,3.03507091293999
1901.3532010154,-234.092310790317,3.18160493023158
701.358392268316,-743.319505247934,3.0876232157548
2661.96639822031,-935.63862566697,3.07791408593338
3318.79672240272,-531.493627358753,3.12346128332326
1346.87028495009,-901.894433217347,3.11834323398268
2477.28993881057,-639.443755342518,3.08688285311056
2570.07852626747,-1623.6258320298,2.98886435186996
2363.38182684506,-1732.05799762322,3.17103588340101
1396.8966403636,-1608.52712987261,3.15332482468563
1275.32515840903,-328.942526765221,3.13759845864227
438.985982291184,-1573.66349015668,3.1114943844187
2267.45715504613,-1646.01917850038,3.22909335534796
2394.9491388113,-876.407009648855,3.12603747360345
3687.84718894125,-1731.25760404376,3.06398428710678
1426.26037343853,-2047.52529226291,2.96988006758656
3238.07451639561,-2019.25587777375,3.19148555807646
1223.17735475727,-1030.39917890109,3.19037450172067
2170.90416352969,-925.624036124635,3.26218368122918
650.458902441453,-1217.38443674645,3.06713065951579
2463.39162753673,-370.007784987856,3.04707642607889
1927.04443848614,-1557.5671237869,3.08184054908778
822.403169184981,-2006.63048993552,3.15536188561696
2675.29147596479,-1665.59433231053,3.21476679637461
2944.30242555708,-911.596897523127,3.09577794216956
2735.51080313226,-1711.13539579126,3.1512319601372
1927.30086169419,-1333.18262091737,3.21607529231221
2463.26113373573,-180.05292880515,3.12917972844391
2206.71636912627,-453.515122878388,3.07676229866213
4036.44310498132,-1760.43520205788,3.09865081598311
2497.13292291358,-854.271275763023,3.13728604576287
262.145035733851,-809.860509947948,3.19218752701452
2567.11396286549,-916.591785854459,3.18359896047666
2677.26463828447,-673.740942855354,3.11528558311217
253.608619217415,-1470.39218381815,3.33366400578088
3776.10770469227,-654.162067158322,3.07703811108041
1606.01279713692,-301.357793499935,3.27780648342327
1621.5887280242,-2141.67594292495,3.05915600591847
1607.14316868751,-2218.00876740677,3.1389492445845
1487.40297331271,-378.623152658398,3.18682692558358
1761.14725639104,-281.163462280742,3.25390490329149
866.817817224724,-1325.94324020685,3.05188884443407
1826.95424015532,-42.1424215154431,3.13072401845302
1453.03661004641,-1237.02987153252,3.23563555580193
479.585090067711,-1842.37344779424,3.2850957832381
3668.17748126595,-2018.99543556012,2.9891610968942
397.384306949399,-1196.31922067652,3.24225838388805
3487.54759851181,-1342.36199420213,3.03015826286339
3788.84007216712,-490.751056016505,3.14779771415367
966.290026731685,-1429.96482948207,3.14525673165523
3368.53278522637,-297.647995461005,3.26858763890623
3755.47174731603,-1691.43341904834,3.2927338226534
3189.38238271753,-68.2441059534994,3.19763409928629
2250.39553837071,-787.365509090293,3.13806569564052
1399.84186274931,-714.396920678425,3.1709502334506
3655.73253502374,-176.67005052822,3.17843624560101
3573.85710435434,-1362.3045097067,3.26179816619168
1976.37814152901,-943.090431167035,3.27213765015421
3986.41310362697,-1138.12818570146,3.06810222232844
3104.11585620058,-923.759883320959,3.18525922641207
982.472519712286,-996.394799807764,3.27189118198402
772.394932914789,-1336.7880730487,3.18137358335545
1275.41925752632,-1101.9522518013,3.18153108411775
3028.06691348306,-1545.75461634895,3.16776572809916
2565.64096350786,-507.108824002551,3.07856358723959
1855.80523332493,-1955.76939057369,3.03326037794352
2194.91526403593,-795.266911991256,3.28413558096494
673.569580613573,-44.202143236154,3.17090847019463
3956.32692321048,-916.329581381617,3.30152708354495
3835.86105847592,-462.980958808268,3.19747366278596
2998.75358915602,-660.127394138951,3.16738414441469
4060.92106376209,-623.827338743949,3.07282339466199
1978.3287442528,-13.9981963163068,3.27206666250762
3663.18731414451,-312.203971681689,3.14636994581869
2787.03853425525,-206.772532694509,3.27264311543894
2767.53771861511,-1872.91214067719,3.17636719468181
3932.38145332597,-1999.06775555018,3.22344661166619
1343.51330705136,-2010.7494846597,3.35886415317211
1089.60002945989,-368.464373030636,3.30969695220064
344.609005484169,-595.68298954614,3.14057143620659
1912.59004967591,-1794.80471975232,3.16080868506027
933.654227105996,-769.718710784083,3.30866228715059
2747.96273743317,-1450.97283186213,3.22919720700831
2737.34696915846,-337.367931622491,3.2446037519899
2088.14403030101,-1577.04784396792,3.14720139017787
4042.91040289584,-641.105196670576,3.15883690211117
3717.52954359175,-1739.12712743633,3.18309287921873
2187.07453709363,-1671.65508933348,3.18869758942317
471.089978402838,-1401.16604076482,3.14050469334395
1089.52639451682,-2053.9668763123,3.08966725665685
3375.84884187348,-93.196921614005,3.19916218851566
3468.6820704711,-1348.13318269903,2.91466835284391
3427.50934926631,-2174.12521798403,3.25219384237696
2743.22434331006,-599.168083353883,3.2790407870946
1701.03579747995,-1329.37011663513,3.22934950549071
3160.62965855878,-1936.7189990144,3.1913011894372
3385.13803722555,-467.98781468287,3.3606109192261
148.539973320992,-108.54396056345,2.97826051125303
2613.59162759366,-1981.59464760298,3.3206060323136
878.636119285987,-2087.53786128058,3.24710187895099
1166.68135886594,-897.923337505438,3.23983287664856
3481.05598302436,-895.978043258924,3.08747907722169
3193.23303985551,-828.480251980436,3.25532889750062
1098.17315095096,-1326.51421133334,3.22465411436418
3328.78329897656,-1835.23273787177,3.30867164371043
1961.02817346003,-51.7043185137166,3.16513591036767
2904.28676805285,-746.47743517745,3.17809496083468
311.345068835104,-1530.94115374075,3.29748887295543
1783.52224259643,-488.858927294955,3.22728651208847
1491.57697765409,-1789.67379924929,3.19304168558272
3945.83999467321,-850.210617832122,3.13739530786745
3808.72701017605,-12.0063666849703,3.20659253828083
3622.04496691112,-1563.79348449006,3.1919510366067
2441.57340316471,-2140.64699451426,3.36782751416305
2029.48201802142,-349.877947217755,3.21878846381265
3012.41546814633,-173.04872445805,3.21895862461673
320.264784663619,-99.1988091217804,3.23536066348303
543.298858259156,-1279.5956182702,3.31811614437985
998.986616166822,-1701.12641225395,3.26130268401368
2805.77217009866,-811.324550828617,3.2038112693488
2699.63087320674,-191.301445318788,3.25320018044091
867.978400610342,-293.167805535203,3.27153553704672
1453.21618954498,-1747.99843694009,3.25541317520017
3084.19162650708,-1859.65844078205,3.23278790878242
3548.66943552202,-1158.06247173397,3.34505885723096
2532.12234480195,-183.744840596869,3.30174901361352
4051.11361210345,-1621.31115690689,3.17728367141126
826.990322967314,-1917.45421443187,3.27289226858796
2639.55110281704,-899.9247961752,3.22926887791223
1038.25815770556,-1500.27757017418,3.25190072409356
862.409965368859,-261.914130555032,3.04763258919162
3686.76965269609,-2010.26662728103,3.23770707361367
3971.23325687515,-620.286212552761,3.36277143959208
3027.37263302128,-1842.33962887902,3.24835992227937
2794.53011650598,-2117.70573452627,3.33659952120275
3219.99326193738,-1825.42252578809,3.35595808560752
1077.49090368428,-1292.54702321096,3.407830767448
1878.84121708518,-36.9423239412462,3.19457828580875
2512.85451047239,-2.83384359451925,3.33207752717079
1508.7135475941,-901.826296998274,3.39344316574501
301.397238452649,-1949.1193798304,3.36702639967526
2336.00693851589,-68.88799672909,3.25139604869711
893.923586465432,-1981.45400987937,3.1937112910319
3429.18914782135,-985.279630777203,3.19666062432473
2183.25658245221,-2045.91096663406,3.35551649591306
3698.13892750586,-1881.96245262959,3.30825433041023
1479.14598428329,-1970.2973653012,3.23777054805258
2494.56770659454,-1483.06666655049,3.23664858582223
1988.9759409589,-1509.91300560895,3.23209943349114
877.238924754203,-1147.71382166115,3.26319471167554
3557.15297490503,-1342.01308763157,3.36251799111041
1092.76660065434,-1514.04062124813,3.43844228834417
2924.32768332033,-305.914650630365,3.27290029396224
130.74327189759,-391.171549243712,3.33515394094587
2398.07818252605,-282.555480972438,3.3584827786548
2180.59641543414,-1420.92092996074,3.23458857671071
109.427317718166,-1506.75992140822,3.30778987331037
3792.27554506328,-1028.53672531458,3.10930616030721
3954.53351924412,-879.519575173265,3.26138160841228
3301.91325274287,-914.815576934058,3.37741633607131
2345.44364739655,-714.259527879326,3.34288494424493
2358.81282756745,-1862.94584387991,3.34234621720466
2140.59571713734,-627.172174883417,3.2589610580763
76.6858933031295,-490.849381468116,3.3712713843561
3576.04330562146,-1192.78821190723,3.36148795025588
1899.67638725863,-65.9549464566661,3.22385603798952
3617.25971077274,-1509.178154338,3.252922770185
2050.00381125828,-354.942647120566,3.20634546317357
1355.19303525699,-1322.20460758511,3.38090695656889
2327.06256978717,-1810.26063717053,3.35424686796972
433.687791852532,-1367.35538008794,3.36076925598825
1474.35576504777,-901.022667846449,3.28678893935074
1133.78633517338,-1223.5998958058,3.41616700861407
3163.33355513375,-1767.71005912865,3.47012968468102
3182.96996914539,-1870.94053687766,3.2813114706431
1044.03606658704,-710.593447097311,3.39167149342076
3192.07984523044,-1434.7392769198,3.3214915201714
2217.86622088979,-1688.19039435942,3.25925520704405
171.375528348144,-770.067807855178,3.33146132911448
2743.35365818983,-1640.91624085889,3.3827906861145
3259.97956815398,-67.746678700272,3.28265620803692
1160.29342206452,-1146.45580062703,3.33902724715589
2926.11037141264,-745.013282478523,3.25000850062586
3240.91173872202,-797.92707466833,3.49455104968334
263.258461333812,-1354.3490072514,3.44279420304757
1779.37847442925,-2101.46088329695,3.2725059155402
2114.79920560329,-1136.31299657524,3.36500827552129
1988.24039219256,-1653.177388616,3.35938361993339
3933.30751267889,-1451.95030237017,3.27640729406253
3909.87118641022,-1263.7479376117,3.43736443634389
1687.61018380036,-774.056490121513,3.31691882410198
3031.94845420998,-188.745249117009,3.33668545906026
2165.2430912754,-1105.77225595724,3.33163755630056
2625.17296871979,-1619.39570904183,3.24797666517641
1988.83049079066,-2177.41932878135,3.36148313785978
434.24046040334,-1738.66052733459,3.42558302753687
745.198483936346,-1889.63048091936,3.31286541437422
1702.75925448005,-1479.14459880372,3.31982910823694
1153.03385613378,-1002.7128818847,3.40665947807111
1300.19009134033,-1046.25897992768,3.21174392033177
2426.28477988347,-651.758781612148,3.03009137992244
3416.59299787844,-1788.106271561,3.4301196469094
2317.06782733894,-86.7212207961989,3.32000987309936
2086.69070561093,-249.030508517658,3.22735781122186
2639.8290165956,-679.200143166586,3.45596636564908
3381.00885428215,-1530.57313067786,3.41170120224634
2371.18293756596,-1678.92907180335,3.36396850591605
2787.48115445173,-885.024102499794,3.29847161037185
2923.0285055101,-2214.60268562699,3.38839185343297
1829.63904953442,-2001.63744945567,3.25267323708538
1470.94972036931,-868.659695191558,3.31111815755025
1792.15042877954,-684.779465155974,3.46109738152382
484.694341160735,-613.402274706511,3.37250426024947
3494.42532044691,-1208.64189935803,3.43460473716938
1952.70510256961,-1443.56006820472,3.59225667329108
523.903399108162,-195.57604074574,3.32062790728622
3664.79680452888,-2130.31915474747,3.47314910549529
296.86124092975,-340.501200353211,3.42661442788345
3689.6156630371,-616.211031225267,3.47905535271531
3166.1543564228,-678.733619599856,3.45651659053856
3430.90081406372,-1201.61854202808,3.58211538399496
2214.79983582902,-596.186201619379,3.38732777274373
2125.08751787555,-231.716260615911,3.50978657870605
2678.41128692049,-103.64111581644,3.63088286143677
2182.69206020633,-3.73261853457633,3.43994735769353
3157.06756111982,-560.924373068186,3.49045010098961
177.416194875487,-46.2716367730946,3.49972295691074
3278.01388157832,-1549.8450137887,3.41895050603178
994.241475883836,-530.946855760195,3.60094675604788
3201.18775709545,-282.115064844211,3.54649282353894
936.002473764363,-2145.30243077991,3.43410187734789
2954.95153554042,-567.120302704103,3.39231186222013
1882.67192949615,-1342.40509672849,3.61753076669385
3578.67969750268,-542.019247633992,3.54714024592994
3632.72049547267,-1086.43103244927,3.54497725515552
3035.84121773014,-854.966905602714,3.55422027147867
1684.83877544455,-872.629718853768,3.51760903756843
330.55367638388,-681.084046476833,3.53503494599908
2823.64671978872,-2099.15223478815,3.54753759856429
3806.39685410091,-739.301073286534,3.52708872062962
2470.10550665847,-2016.42195588863,3.59903539165777
3723.32446307626,-612.960539835256,3.60374330477083
1812.86131736481,-515.419657136671,3.44594760652271
3092.25567662442,-1453.61759914441,3.37303435728195
152.505355018442,-166.953163754395,3.53605508447029
2792.53673181558,-827.257050309526,3.3821076962941
3087.30125395047,-36.461222696979,3.63816023694802
2065.01185329721,-680.879105610863,3.50544120326533
668.186998572279,-1454.87594902809,3.46352451932508
2826.68461110752,-1098.22447575228,3.53564059195942
2349.99816729742,-120.952044346566,3.3905738630722
3633.13583281871,-2193.55604958037,3.44732996156094
3295.55159131027,-2133.38262765921,3.47831482751175
3180.37017097285,-98.0035045377573,3.51370182885713
2383.89205675559,-161.364956882769,3.55610679333565
2286.96728699728,-563.272236427129,3.64385030838187
273.131170859049,-9.43844002588367,3.62849419402037
2345.61390214453,-1410.96720587861,3.57021657321278
3280.92335435734,-1756.77117921931,3.65970474337218
2562.85458444313,-2025.35670833588,3.65208177351903
2314.32916000343,-1963.37048201202,3.417062652855
1251.84204987252,-1727.83884118309,3.49190291138893
1837.66930080027,-1361.20704324367,3.57229676018118
3844.21730984732,-1668.98556023656,3.62721786980829
3476.4948696268,-1030.01558309002,3.53370549104732
1874.12899964941,-1379.62511688129,3.53638709930071
3351.45247679512,-2200.8913100201,3.6506802711937
313.637495570412,-1332.89335068638,3.65027413823128
1945.36063607152,-608.224024549565,3.46928164574736
1487.52288654656,-169.851021321273,3.37097186940844
2991.99792653151,-1444.06101415329,3.62065911271519
4044.05600073968,-2056.81549240641,3.6413408984027
1308.80268067661,-455.422455443004,3.68053468286474
1682.12394323958,-2164.23713142313,3.50732618277613
1535.20103562114,-2127.2556922177,3.64317087507525
190.438976899049,-882.109137730496,3.36594571785294
2469.07773558441,-2116.21055679312,3.85613772164738
1783.8879824432,-788.689806549698,3.57167777161134
1836.58577517265,-600.910670130418,3.55025130726764
518.395390489763,-1553.48977291208,3.73623056405888
2731.13412787705,-275.839386873551,3.57009248440709
2358.1041653598,-392.403420500502,3.55293707997803
1279.24511055102,-157.7767047268,3.84651715740205
2824.36876141976,-1196.39952009178,3.52237599296478
2139.0227378737,-1293.38871365777,3.72156736995947
562.265904466333,-1912.16772033289,3.61413570566783
2055.00781857819,-1823.49217802364,3.70999518160812
2839.45299941502,-1581.94720551983,3.53281429518082
2965.98506448532,-2082.43694932808,3.72446402526528
1186.74534536112,-8.10036824892157,3.63493225825332
2292.1246038752,-1086.54892488841,3.70415196859547
824.748220979507,-820.604714072593,3.78350070969029
2545.99878996388,-2155.7612877283,3.68296558015762
64.4770473959801,-1508.54002231112,3.67405418878426
3891.61384860877,-463.63170215303,3.73693290601829
2837.78865929551,-709.576848427773,3.73116203311729
3725.27413609543,-684.530597668891,3.68532946437692
1218.98835934822,-197.76526877166,3.69505068817083
99.3608733489729,-1325.35091534354,3.72063673645645
994.093833186641,-1165.08498970536,3.76337709898073
2381.99288681915,-1356.47976604678,3.69935407290727
3256.1253827776,-1131.47661132644,3.76139051818913
2999.42231043538,-1675.46733640992,3.86792869082879
2281.28964075234,-296.84348163982,3.80520571805062
1003.59319965823,-896.843825949011,3.95625176819702
1513.09404253149,-1734.14575512197,3.848801022202
3131.0672209117,-1996.35416162415,3.89402849789172
3732.25970964211,-298.43494378706,3.82006366624146
321.433327021355,-1731.81487468348,3.86349426343984
1870.33066240721,-1999.19869678384,3.93415286801389
545.02745505412,-848.311624047859,3.827489253012
376.320790220578,0.959873007002863,3.92102922611047
569.655552196871,-162.767675844946,3.80263530018131
3061.17020006489,-758.897984011682,3.79588139566321
2699.4464998225,-2035.1208773762,3.89737769550554
166.033273960092,-303.259724228568,3.81905914701082
1362.05549057888,-1042.55040255369,3.75360203105601
1599.59100542951,-1328.42928321833,3.86912321644426
355.949506178628,-760.812243620471,3.80230548010551
3750.62852493001,-1027.38313254863,3.91588402723176
2871.86860271857,-13.3747562040858,3.91466632651218
517.849245990776,-121.825471605978,3.90684253899467
2421.06539746476,-1005.35496957511,3.83697706943477
3348.82369398439,-1358.68620123706,3.82526055219114
2811.29354688891,-384.023892202214,3.83000824873171
256.8300352305,-699.252511216391,3.97547025065554
3777.67959185452,-1516.54722342117,3.74074757307493
2461.70438446444,-311.093145845931,3.90441060693309
1090.67004359447,-234.34219716103,4.02457437519512
3014.59991373997,-295.036470152453,4.01106904719877
1947.16470785647,-213.670160928836,3.97740873288103
857.295329349306,-547.871442428507,4.02658070290639
959.660025751665,-271.193822943308,3.89954405100103
99.4640807249383,-1101.30446331253,3.86615184670915
744.592189712613,-1135.72910554352,4.06456355747466
3275.84531152691,-186.878647709264,3.98729182537364
2987.13785850606,-20.1426144016138,3.98398462063869
97.1671870604464,-323.710581305441,4.08013414970351
1147.77819182381,-2212.52833393244,3.96043811752342
3262.82848783221,-885.050305321601,3.84956314619476
2596.72344807375,-439.899545349225,4.06223704532088
4001.94892818381,-1316.87219921996,4.02995713337961
989.722424385089,-1881.23014227607,4.17827878981203
2236.95750709387,-1978.70589458847,3.98286856276583
3310.21000705959,-1905.18541269578,4.02596040407975
1759.24919436348,-861.828191684922,4.0777794820922
2938.69890424777,-975.908606440976,4.07746059289049
1569.68258537508,-1077.60900400973,4.05300658440479
3316.45702604852,-248.651527778554,4.16278441035643
288.87589780364,-543.684772981646,4.22370027163176
3084.25570701445,-1948.70293679133,4.08042876042301
198.248243314137,-392.352939446049,4.13204635754316
828.125380401684,-1347.59405363266,4.25592953164276
3766.89717154531,-1434.77356317859,4.16914342213561
1253.19009510253,-1522.5250018185,4.14117283387955
2728.7709215035,-1962.5401487491,4.16971193071009
2447.15622873113,-230.924305126819,4.05868634399837
3458.84610358016,-30.2129002089415,4.17296117132566
1237.30229612086,-807.980912457298,4.25138166845285
2586.63502061045,-733.807529832467,4.3883546887077
403.70617226939,-101.380680955267,4.40010981323374
2339.93012916902,-1817.00793055751,4.41455629794914
140.546432618597,-1179.07984377499,4.36189663613217
2535.29281805698,-1935.56923743452,4.25501882639132
454.809685124199,-894.810748453748,4.36404329398707
2101.40904572151,-27.2453504894031,4.40742025617677
1260.4323754293,-2158.48619057689,4.30501399015079
3046.92917087012,-827.697441870788,4.35949499988862
2288.68870478566,-347.113281949729,4.42163771816216
1822.75695816813,-2153.54459888729,4.18876773656865
3445.61373676549,-1654.41040190541,4.50144235074344
2486.71773909175,-1322.25514638787,4.52593485441558
2339.1440176472,-674.593162182951,4.41807491758444
3347.50084074699,-682.208671565778,4.4882510392762
196.310844948217,-1264.72176727624,4.32595273434771
1728.49755922022,-1363.28089472875,4.6361714222731
3958.47414782533,-1396.3002338799,4.3719320085731
851.403914080842,-1096.75735660164,4.71199953622753
3042.77665857917,-2085.46192879106,4.48438494430936
2052.71062143841,-1399.63961267563,4.16510964142913
2924.0069827901,-2037.05888126192,4.55927079307956
3133.99959790046,-1083.72001219924,4.68124800707634
521.057738641967,-538.799130812352,4.94011150801501
2570.77595165099,-1605.19106406514,4.67414912694441
2984.10375172634,-2158.14216964167,4.58307150195693
2900.00121238923,-442.073156890168,4.87158410834849
3614.11851822982,-281.769506459583,4.75181962623255
1121.95286236253,-1433.08154635881,4.81048003966552
1553.10784802676,-668.260612091096,4.69445597983936
548.926332159568,-1204.3099363339,4.4678162374046
449.614663244266,-1294.18296067622,4.65021707344844
2173.365988395,-1874.82840729116,4.88287029859329
2670.66469078499,-2102.97890050418,4.77393745207634
1358.03947415288,-639.84151305099,4.89179127563612
502.415677705195,-2077.16145821115,4.78629244620489
2961.68675558642,-1956.97406560383,5.08920508819751
1936.71509406169,-2187.07634088628,4.91144738021358
1122.07903127128,-1972.89847257567,5.11647548346309
3214.0345039209,-1253.77584928389,4.85731245421479
1684.16438005278,-484.866069921164,5.07759617323031
185.778203282813,-669.967724071133,5.14732610554244
2993.25458195485,-1182.29128410816,5.14152580911616
2889.63080842809,-229.327309999276,5.13517191241119
3459.43216025487,-1337.76409724942,5.39810214282942
3311.20130723862,-465.06905243091,5.14508894009789
1537.24768575674,-1003.89003315773,5.25803385686268
757.277066415942,-328.976424717964,5.5023449136864
702.167315803429,-1664.82844467435,5.47920012767045
1411.5658341387,-1175.88887109976,5.47066667924631
600.043544328263,-1029.1462115388,5.74504559186667
3650.51617641123,-2110.62272630094,5.7775264671685
2625.00752509729,-1085.68384746686,6.16737489859135
3384.27426932631,-220.483439348854,2.87890056778254
3216.74176343776,-110.682273279489,2.855352988114
2710.43572159309,-652.036344737832,2.83273793877378
503.02419510565,-1901.61693692391,2.78216506079327
2089.70232452888,-2160.71321750898,2.89372973039307
3558.50184390078,-87.0099732943714,2.99129390975799
442.325622584022,-746.778740767367,2.88384407082139
1658.69060720201,-446.528271801208,3.01671364500843
2352.31840104996,-2053.41649892928,2.87586395391541
2984.22112720593,-2036.27485408153,3.01947128987396
2671.00664976939,-928.193240009702,2.95268084997742
383.867783917445,-485.641211505446,2.88233053817715
2637.1899329316,-337.20583798233,3.09458077214357
1806.14496704549,-732.649507902919,2.82072064360941
1586.59422024271,-2061.16524511998,3.10863462010551
2645.15879571329,-360.71265700793,2.63265353898123
180.568575986383,-618.240551191111,2.97252863276289
1723.96100378751,-968.114067220216,3.04458029243195
3086.36191686136,-1082.09992090016,2.84174747111962
2457.52195562311,-153.642294155309,2.91832937934892
2177.97190443167,-1317.18726768782,2.79576690337064
3670.81848782857,-125.93632686854,3.17604613253054
2211.65044959657,-47.4595724069701,2.99833240622267
1705.06581639896,-843.847389615013,3.10709869085078
565.148797955774,-1497.16123826231,3.24256556587709
624.557714549632,-1416.62109247666,2.90854613090525
2685.91652171607,-31.0797672855984,3.20662720082687
3179.03024596529,-1606.03405875982,3.20791981356889
1215.61838754715,-1932.98067428043,2.92652562253727
3746.12360231948,-1726.28549809766,3.04475421480702
503.897122883574,-2158.32709076859,3.17195266824053
1427.83779027223,-1775.28903032543,2.80714919642229
910.107018249551,-197.549570484092,3.12449888563858
1129.57650930594,-297.609140291472,2.78541134288745
2267.1447358089,-495.389934422478,2.97774064255728
3261.09366279373,-365.428994907243,3.09714666091219
2382.71309380484,-304.02078521702,2.93893056738845
1498.58265259135,-1004.31401668999,3.05016481486915
579.963003923217,-218.213909402808,3.52128335080758
1615.23313448013,-1082.1702705438,3.02976239744742
1526.6814849577,-502.933685895595,3.41226830171788
406.549839519117,-1036.3324132405,2.93388236111069
852.697165322087,-423.738700944577,3.07094519387342
1796.09622567442,-203.39851729732,2.90574903632735
1423.97745000228,-79.8846422448838,3.21098494882458
1600.72702047796,-597.401947325147,2.88068230531305
3890.21028321798,-1304.01859860925,3.07896638975957
3436.03508323645,-253.908869961216,2.90379576146638
949.355363919238,-437.988671587671,2.56477478015061
3432.20768141247,-294.296492164134,3.30722585929461
2409.92057411131,-692.049485806956,2.82826251186599
2878.63945768656,-473.216075596341,3.1562474178235
815.491519601334,-578.211676893093,3.01305023702863
587.140962554011,-1502.85082592712,2.98097191025879
1458.22542026886,-1713.02182987783,2.91083543640504
3430.01593546185,-821.868924166624,2.82233376586855
1123.19850241742,-968.173157542831,2.99552176568556
4021.44679003774,-63.423645493095,3.16930895966415
2314.47127346912,-992.736337541528,3.01871617312373
3535.38044099184,-366.564353576837,3.1618508643128
1396.37052413607,-99.9192518949916,3.20959086313416
3391.93129273124,-1970.03865936572,2.87303702907981
912.414061527601,-1529.08541508208,2.98742117794909
2016.05499605013,-462.790681950463,2.86508061188771
3178.19132621063,-293.772349145387,2.94704475801893
3509.5182042894,-524.170570659556,2.72134660291257
246.403843476174,-109.796281699724,2.6958402625488
1035.39993872492,-129.349737518744,2.84435695041798
346.837817421933,-523.636359819122,3.11923873837892
3094.66082627092,-1799.03723258654,3.06178980490066
3906.58956578859,-8.97452827507073,3.01890748216843
826.474743259795,-375.528071577445,2.79691342077635
3140.72159296907,-506.405552741099,3.00536814394912
3726.16404100556,-333.950350006707,3.22590926430272
1316.90907328165,-382.954710285194,2.89179493258814
433.317126513543,-1875.51763340257,2.96201957373529
2276.09862982372,-710.50247784589,3.01697389828076
4000.80751053886,-101.524069072506,2.73705136968908
2081.69075621726,-357.044061245688,3.1323096442534
2110.36225197475,-278.098798557035,2.93136271555494
3532.11810827855,-880.488490210558,2.77398339085397
687.383457284588,-80.3480669038656,2.94563845149011
1148.21204343067,-1447.47715349329,3.0174346102222
2796.67907949106,-573.877247626647,2.90043793980098
3609.11068779921,-620.934743484954,3.0757846137975
1635.3152967325,-2134.15549603452,2.89559644505014
3160.1697930299,-304.238347993455,3.16289110341426
669.712927190858,-449.112735621523,2.90491642073993
3361.92498753008,-536.137459972367,2.85162481052871
2161.23392308681,-567.071594384083,3.0495522617765
3044.12739208109,-1641.41725209442,2.89192963849238
2032.59867950176,-74.7933991580974,3.13698174371318
1289.62620030024,-2103.86143713121,2.81166164188763
2765.60721545847,-1940.64768725217,3.02573130154085
2742.00447143752,-1839.66975035839,2.98599930114963
3575.68711794638,-1898.28123521557,3.04530796801192
4070.40920656947,-397.605891760541,3.0935934616765
2593.78994712178,-29.0491799144031,3.19576833571931
491.452489052533,-1474.08156869993,2.91051060341983
2448.81361057209,-206.364719371293,2.98714211887189
1117.9754452632,-215.96577029009,3.29459160651628
2197.46022584146,-1649.60499148597,2.83862278971041
2031.86673138338,-270.320488163286,2.87509447315271
3122.63612291333,-442.493823584179,2.86591587581054
1918.90800165896,-409.895843311777,2.62072960729343
1449.7628364176,-114.530021918497,2.98869523722255
1310.82419724241,-1416.54062542961,2.84934367009693
3211.92658622147,-409.300611628202,2.73571726185697
2012.63145618215,-1698.36728878149,3.13824438076921
2335.72374721257,-2215.78138053329,3.0020482004696
3112.52431860521,-2197.99923705705,2.96866386339181
726.356389006137,-1024.17118326814,2.94111940630771
2974.34669046013,-333.852306939239,3.21592529862005
3529.29018448964,-1669.59468227551,3.0381748467739
988.936169911867,-42.8108397019266,3.31213090061265
350.079157870495,-1457.5548916167,3.28951231175531
1494.16497381541,-1216.05667391347,3.02920092022998
3356.74838452514,-1881.75377645891,2.87449638864205
1132.69932685755,-54.8824141281609,2.9367258957983
1207.23575249452,-1079.59145514027,2.81323770375779
172.098912404888,-249.034508602477,2.93764418484434
1337.65955018097,-1651.11272544263,2.84771832460086
403.106560629702,-66.5367417061704,3.20686937302251
1547.40919103115,-236.731578812804,3.2549575241626
1200.33142050349,-95.1789651935206,3.11629622908151
2395.63769141577,-560.550105314711,2.90940098859098
836.101909081288,-187.62467383186,2.90917345024937
2485.30753725394,-360.324336454787,3.05760100894847
1577.69926708704,-200.148234523095,3.12460363292916
241.331956065845,-1729.79940338268,2.94364098618987
2027.97175658576,-2208.22579621459,2.90768420261146
575.870199062545,-945.452634365227,2.93378332284835
190.202648609447,-1640.74500800152,2.91678722591613
1305.87435045188,-2122.40765918675,2.67909487592857
1160.87178645473,-168.501110673951,2.76906185209552
1785.68095151546,-1923.04564979636,2.99469840151057
3271.77920449757,-477.485245836289,3.23258050324869
976.472799866073,-1547.10682407083,3.01534404231102
695.969441540911,-823.127640026533,2.92784945505665
1514.85214358456,-400.585522904956,2.73841829658463
2997.41118636695,-1743.49733305195,2.95983990250872
350.147553082312,-265.404351754011,2.8688325454899
2272.77228221729,-182.662041598411,2.86518987314359
2998.39009433745,-83.6813940934422,2.8086735406221
1410.90159967339,-222.344422234723,3.31979254409815
3440.24851385156,-850.933804800787,2.58705880732881
1182.7267997179,-509.286622999774,2.84844429447356
305.006080319439,-17.3388529105647,2.95706207999173
1060.82889412814,-56.9830350778937,2.55891276550017
3304.38770249114,-465.395402498101,2.76192171564159
1859.87303902301,-15.4485612369802,2.85814034132855
3333.17715618854,-638.345589249752,2.82814555763909
337.553831663563,-1588.32847550497,2.92982273856093
2420.0464423924,-52.4603895873831,3.35361309524304
1119.32170028429,-2187.7235809207,2.96260848051675
1220.44156832326,-429.222322735851,3.42444654318621
3120.48736285895,-1707.3843750329,2.83284929643363
3337.36724103218,-879.786386330599,2.90275787858714
3095.94280611,-2108.84799846892,3.13153041243803
953.089714835686,-2123.76204733878,3.17479716083569
3501.89882021862,-907.246066751406,2.97780503263742
548.679102584204,-2125.92083509475,3.00409064827112
2507.87809338194,-439.097762633877,2.95448093847328
3894.51302396228,-368.508019949863,2.960238587796
3447.73231617182,-467.400148554859,3.00720843567938
3684.09996777377,-494.709447561094,2.8193850352714
3711.28728836729,-2007.97896740541,3.04753034706005
2965.41409258062,-1379.59458692426,2.95533894414091
1095.07163846107,-97.65085565981,2.83081607176872
2499.23079991753,-1928.93714469724,3.02994327154204
900.755150268596,-93.9361747719204,2.9465168397444
534.444182329122,-145.662531224732,2.89772723876873
2840.86182600438,-547.436788833729,3.05471955960943
2086.81637541796,-1956.95927467439,3.02280675981539
2605.65677106824,-1949.57724708069,3.12040746071924
164.848620381665,-1530.71624157404,2.80616651151873
625.01490083458,-1399.99563374958,3.11875432351496
365.967555484673,-131.939976099079,2.86875635543961
289.9549055238,-712.08779585314,3.06613094009367
1252.93975221652,-1498.8190760211,2.99480139420452
3043.42773761316,-1954.35869033626,3.01534161904028
1665.90748846422,-142.757608133263,2.95469732858322
1653.24600288365,-61.4932743631753,3.15637645663313
1109.65808847752,-1595.24968484295,3.11852868266282
879.291287769939,-107.087004540865,2.69371844147854
235.46093123928,-1792.45166262191,3.02014343339233
83.2053044568124,-62.9775662563457,2.89639307512255
3672.10920656554,-1438.55290010811,2.98228786079527
540.509086588526,-375.050584924167,3.03572761513206
2955.01255065676,-104.797512151618,2.95944899240543
611.886277857128,-429.975714873053,2.98886941526375
2827.34782337904,-8.82265880130376,2.98728213674092
1278.42704616884,-1945.58203121456,2.89016995360576
3872.04990567702,-288.508965198722,3.14862879239657
2160.3801219401,-1588.50029388703,2.88758953297395
74.4446577053617,-2105.68213206892,2.93572142103948
858.428392857198,-1522.04405527468,3.11277997788248
910.333991465043,-82.9447236472297,2.82694567189317
3179.01698963235,-461.223684661575,3.09392430672837
1699.10176134194,-102.96726814119,2.95956145207203
102.731044462304,-369.914897554744,2.93705551223511
1785.31124373957,-1134.01186422464,3.13543120191781
1976.19757244934,-450.11799494115,3.04870349965118
3270.60217349836,-377.28682840868,3.03326582333292
1309.64268041414,-218.857825835585,3.17117850409393
736.04248787603,-1186.56895120491,2.92049231117992
1278.72194617992,-100.215306946597,3.107419960672
3286.79991115089,-866.447016340541,2.98997226289612
1220.63810118798,-1551.5451645654,3.02675084407579
364.235947739936,-884.654290364542,2.89544034713202
660.236634221934,-896.476648404755,2.96549362988916
588.261694019991,-1601.60356534042,2.84326990542259
3713.2973242214,-1671.14149428436,2.97020006831393
2418.17717219872,-233.993190311383,2.91843859332337
2806.64283667497,-1960.44167060822,3.04559991097291
1714.72946917101,-1915.70512443613,3.09107705436924
2316.44421163242,-153.773470929909,3.023942346825
1273.10803225951,-202.98694127011,3.15215450503669
2179.24878217081,-217.590588339983,3.12923926868146
3183.93376041169,-665.210435150345,3.18437111721838
1927.67541770154,-108.247509883139,3.06722628612858
3715.55005367427,-260.53608841511,3.0611079054871
3754.75172300446,-163.009382252365,2.90958272831262
1581.97326468024,-256.575872573894,3.16006272591846
1030.47417787838,-1621.90266966641,3.11545946885228
1052.14907885898,-1578.10422070733,3.06153239311207
3690.81591380229,-24.1757747842283,3.23661692244704
2760.46363732439,-37.0310776914624,3.02111888426131
1385.60747510568,-143.65353731987,3.13932143971467
3106.61229006646,-1976.95318405055,2.97146998427179
1014.37086498981,-1024.33220552753,2.99195384038675
1927.49523020615,-471.034291144116,2.95272324700047
3340.62181164596,-1792.8513351061,3.25336127297259
400.957905936059,-239.746284123331,3.15897764804086
2240.05248051478,-1762.2916849185,3.15286289270871
2553.12816632732,-2138.96490361818,3.1711170185091
1417.27110719216,-1971.17885017129,3.07987695498578
512.220133086968,-1753.49561708124,3.30601226613453
350.209360608711,-274.258461933309,3.0497050444639
1793.28843004838,-1649.80250833032,3.64427680363717
1898.954967676,-2182.9073264284,3.16376702885984
512.078351778958,-502.495696842557,3.11167733921414
652.327494070925,-430.623113434103,3.09425939793061
868.449299751301,-420.796047337285,2.98693714896974
1056.76267143956,-350.096525597922,3.18819394015715
1364.15304813955,-147.057202930034,3.007486093954
2019.42103599724,-521.005207969205,3.11549367302887
476.33626547154,-144.233277832929,2.97377394634746
1002.90086236501,-250.087566991796,3.17203772882341
1825.02751929198,-136.758797608891,3.2581888674132
1635.76011365831,-298.868071012249,3.09655615721041
1976.79374204843,-1401.37260411152,3.39029712393517
2609.35020909606,-314.780841948387,3.16759977724742
1641.25285647832,-1020.5105941432,3.27125195634414
3607.67201438086,-744.106742647681,3.20646079421937
3979.53952535098,-539.466935179561,3.25070833122953
3326.81090060434,-1714.37605373033,3.31098242071322
1312.96374891755,-1600.82793741523,3.25526816165988
1944.3457250969,-1498.98245357427,3.40206929847393
3626.3639969207,-934.312273761626,3.29349147462156
1988.16276413772,-554.373148463126,3.26861243300245
3558.0084424895,-1626.58121685961,3.39790772952793
2999.89239564671,-1645.43847644893,3.28259692707359
1181.2477578762,-1908.27378877805,3.15133842906066
2896.59539757646,-1355.56534043473,3.21980943814127
2603.43436863472,-161.122052711759,3.14570532691378
630.928343619192,-284.163430953177,3.52828177930186
2410.91770635354,-2211.11063050309,3.40055850312388
3687.72334120816,-521.231613085223,3.55472606837348
1942.21666963886,-765.941838976911,3.54333105929388
683.382745130127,-1880.13692206385,3.46331495285277
1829.72186678706,-271.8359146067,3.51627211672027
1694.90644694209,-186.772939567789,3.31819452398828
2795.52623997146,-1378.84180608853,3.43486121420464
2417.0552885331,-2196.29984591333,3.29265972973799
3347.56314322598,-1738.0386364192,3.54549202532153
2526.35361958643,-770.684142446397,3.3725310997857
2818.80310531734,-167.534987673639,3.5420428708092
1885.8050504569,-547.357136207968,3.49390118471217
813.017275848632,-331.311194241148,3.2208172758867
2323.20000486816,-1503.52687173005,3.49541611353518
1514.47272145495,-341.092955278082,3.35864607750426
1450.56994800497,-370.77108142515,3.81228040887238
2565.14443684929,-177.241399790151,3.45852846912731
2962.78706850332,-1473.2688463761,3.64691345097407
1483.79471446433,-317.227822113525,3.60730662879122
1452.09873910288,-261.334868723455,3.68129451691317
312.171241030594,-2204.58498005683,3.80173103575978
1318.6990174328,-1516.12538735693,3.85839982410422
520.671920000871,-306.654113522379,3.80853757202519
1915.55382578572,-174.673763742025,3.75308704872553
1394.72234513744,-345.449331018677,3.81952953684359
1591.54126365787,-1693.01621707585,3.7612271413803
2030.51804076488,-211.727661929706,3.48204835843692
3005.34212936133,-1833.22016364251,3.89188605471158
443.537028467774,-349.827793811286,3.8488788984801
1942.52361144568,-495.351014739742,3.85121055035099
1314.96971382206,-180.65910278963,3.67479213364702
1087.72184129154,-2124.24219363623,3.91619997630872
3441.05657041228,-1833.95358036475,3.88698643308312
1164.54513662812,-1512.64988715066,4.30309189845283
362.862782678878,-208.330226634846,3.88546241813122
1539.42393487712,-60.1100834865669,3.76414393597705
434.764623134524,-157.904194692265,3.92306813718054
1034.41660518347,-65.8219810741728,3.76836516334866
1539.7869758889,-1686.57469754989,3.85903320963521
646.733321388982,-182.690535995185,3.92769388733411
2319.53087796874,-517.176235144638,4.07331468595625
949.543401091267,-13.9175952466494,4.00224198801973
2386.43476641691,-1621.46830527344,4.05965102221481
979.712531988916,-60.4975587392449,4.00343297035931
3436.42095176183,-1585.52515177121,4.2931568806176
3882.10963263911,-204.205940964555,4.06215987015674
2751.63432340845,-414.568442495891,4.13074942866552
1872.11203795774,-1633.25632254265,4.07970422437202
625.858685042901,-593.735152939571,4.20301525195986
1311.77626997288,-121.300354962624,4.00786943523324
2966.96164192546,-1945.89088168666,4.15386766575145
3506.2290364513,-479.536438843413,4.25363383057246
1440.33694881338,-1452.7887749693,4.45141900793061
2771.0916221532,-252.346518222207,4.24409479253075
3965.42138632312,-440.86968579815,4.35684434723455
296.420328546302,-1857.36727424017,4.42844606896059
2233.44684061421,-534.080541331104,4.33663178875948
2294.0842447468,-435.806119155238,4.42361921037099
2597.00262474495,-570.177840025418,4.52540956050322
1096.88077370277,-704.100878993373,4.54915404884848
3408.83738486757,-555.82759144143,4.99633569813912
1519.85858268193,-510.651764288636,5.02011511612664
3653.32777982195,-1609.07748494609,5.25601495322243
1712.56779295443,-68.0941240565327,5.23199488344176
2863.49645045164,-459.501630811018,5.3698760988964
3225.76990004652,-288.976171276737,5.42418694278012
1838.44484083067,-1252.18657056548,2.9657811129452
3078.91312705961,-1043.01189694727,3.07031442879697
2805.56008331898,-1260.91059315531,3.04405711634064
488.291293507897,-1789.05655482836,2.8859912095527
1676.86604563033,-492.95033667297,3.06298760360432
699.017125348788,-1702.77273709337,3.29212443931103
3310.32015332267,-2168.04774038688,3.1523379091638
1311.7321327212,-642.430564421696,3.26295771634775
3347.45447631776,-731.60424939795,3.75149413120504
4011.76179793904,-79.0212014494873,3.40829451581515
3364.25615674002,-701.971801755136,3.27998824070592
2586.21041353629,-1676.12871371857,3.56208839006269
743.588596319412,-330.741251065475,3.468465070209
697.682174197536,-2064.44384877072,3.68983650362405
2314.12864645734,-1560.38804456977,3.84422008015301
1639.49087741287,-2107.12892836045,3.82515434714285
1494.78130534438,-1520.98324802564,3.97930725032614
781.766800310642,-1940.45100893121,3.72996769016344
1666.10331944317,-728.161244833349,3.78931392610579
1685.14500820717,-2026.00687954119,3.84152859761236
1730.11193388592,-525.550873142441,3.54509484241089
1258.80594705483,-1412.79711348659,3.85139753325735
1691.86369005852,-1193.64866959218,4.10701155984347
517.720401538249,-2193.58341501207,3.89349551228071
3781.56379269371,-907.70427313192,3.81748841413998
3917.31181654924,-1178.69654664214,4.02965414640533
1640.91580239134,-2078.80427290769,4.03366840861429
1134.38011301184,-2154.4186991401,4.00950250582174
2279.76348291619,-2204.91394396078,4.26705841436063
2736.39648463003,-2067.86243879746,3.50421501970304
3827.71689281221,-1078.00481868174,4.4427200901445
3707.97732786535,-1548.85128053276,4.27573113796467
2603.59074249018,-1751.80779938687,4.58566732170476
3900.82890253675,-1019.61399262147,4.47086435410029
1876.66345863446,-903.674527662322,4.45547980251726
425.169790808977,-95.8886211425302,4.33442069137793
3918.94811255436,-307.051477866713,4.6008702584028
103.607873888295,-523.989935727814,4.59101429194758
2104.20711347465,-1029.45474881116,4.84808145195372
2276.99672351205,-1720.24847054791,4.48743446893282
2030.05111367298,-892.40668198732,5.31258984907316
2311.23954993101,-863.585156816452,5.15172946548306
250.463213901254,-209.215111154371,2.88923103565244
3666.74875182119,-1530.48302988287,3.00685533987973
3044.85792347797,-1464.53022966528,2.97498099200403
3114.37329006113,-1360.85673534578,2.94813462002354
3944.45365523255,-1349.04747545594,2.58523336077668
3959.32948999476,-1446.34074561842,3.05743286074836
2911.13226410757,-915.640297194341,3.19289354336593
3698.08325921582,-59.0326958551327,3.33397319324835
2145.16952466449,-395.867963400441,2.90694407213119
1598.86177483495,-960.028414061649,3.00818411131816
1547.59456587965,-1476.73653009383,2.85077518672667
215.54591050895,-1949.93317106192,2.97699108155492
3309.63458878761,-374.211422325653,3.08856299107443
3773.20733737776,-161.802819485098,3.0554321697681
617.850172187275,-1198.03638518456,3.13141201338348
2374.84863727274,-1161.6537871558,2.95522405732738
2645.21757613219,-1512.94802458093,2.90479711680207
3337.31171571976,-97.5438498153925,3.02807940921887
1585.52403650001,-1592.81917901375,3.03496662083852
3025.57401169866,-1264.1377597289,2.99510418050121
2030.76828422103,-1134.31947775135,2.90421629863992
3483.63061342072,-2173.12316450143,3.16921554781389
1700.79658747765,-1424.28569194892,3.10429226097761
1199.31155285752,-2126.39016679282,3.01314169630794
943.269991157148,-2095.46537282864,3.00415161108401
2525.57776335731,-876.409721394644,2.98086752305292
2930.60709080845,-319.517466948742,2.83516153239911
3878.15643877018,-1112.67739116511,2.96115204758299
3952.88547266431,-2102.18556934001,3.11392258953535
1490.58516255422,-816.551819619272,3.07114139325196
3518.92497555523,-1943.76974394308,3.21621700277069
1031.78251218589,-678.370120323196,2.74667267760781
3826.74659214797,-165.209728169151,3.04510446320883
1226.3387793006,-1608.54312827691,3.12284461813657
1770.126725561,-1987.1081351617,3.11922245946903
2944.35789333893,-48.8393030261269,2.74350344554983
839.572899581489,-804.419709547102,3.06813303433844
1167.60576093122,-1803.05371846275,3.08731273172655
892.558554717813,-702.84489671198,3.22806061761902
1659.61075845502,-1993.32695096674,2.95900790504899
1300.65414840705,-2030.40335150988,3.15107973056177
623.562613814968,-1786.20107551783,3.04583635544196
1823.58110719737,-1052.76921101933,2.74509444130496
1624.52763397647,-1748.26520606527,3.08948223220186
1167.69596138472,-315.797009254766,3.00436059168868
1121.66378721615,-1704.27487048565,2.80241708153368
1155.86078165199,-1624.99186583652,3.18435358697827
1485.79186741319,-505.051753138377,3.04178935960626
176.542535955166,-2136.57110769563,3.01676107685599
2801.4259960645,-46.3670661286269,2.75910809000899
3141.6484065285,-1778.23665952672,2.91650613842063
3112.97039640651,-1866.32309200294,3.0785177697837
3422.0281746467,-320.235771564922,3.08929306890524
3892.26729220837,-1796.25253616304,3.02979760141469
1173.39722117568,-74.1642173325213,2.79647342093735
2412.44887981598,-1538.85472182529,3.28175116900028
2935.27133660095,-1645.49118928681,2.91499977718284
3827.56583083931,-1377.2293796748,2.95060495275669
2267.44170400654,-1394.1709786482,3.24132942846709
626.262696655319,-1933.28997119579,2.8498980350129
2093.17137465071,-639.735896866348,3.6600368932123
3318.4464063269,-1190.66937644255,2.52055947963184
487.005303603725,-1042.58387703154,3.12173798393328
2851.59100026117,-253.22518355047,3.19851376990369
663.57878745175,-2200.52639589342,3.0961118239839
3308.18610300772,-1508.36421145523,2.93262927412115
1314.79561220492,-1458.50852071592,2.89784928069726
947.070982622384,-344.770190086139,3.12331896262928
436.098787979178,-360.204807150943,3.58564971683474
4011.26754423197,-887.590033171876,3.25297748390159
1152.85729190889,-1679.22730634291,3.12684575377153
977.689759291362,-492.056790653991,3.11395196254295
3020.24402197162,-493.572253132959,2.98989547738902
2932.54104554698,-1055.98960266293,3.27991230799871
3828.2633201813,-247.311172256702,2.86755808222237
2877.75820778258,-2068.13754102304,3.13546444124759
4059.28108721237,-59.5301564702305,2.87817263769401
1871.26930782673,-342.273737821657,2.73025311130223
1911.85015488005,-1305.51857984072,3.08159088776523
1200.56525080477,-769.576396696866,2.90872789104946
3204.12748448524,-1895.63949877931,3.09880722766082
1405.18370017118,-2197.4146994891,3.33988933829815
1764.57451785912,-1038.96061750368,2.89862626260804
1801.06703023396,-1947.91312910626,2.88337417241959
217.234795436691,-874.264947012174,3.14042627241414
1830.7695825325,-649.821667882413,2.96122789930333
784.376909312316,-589.00941974642,3.03210127222768
3475.89669978479,-1258.82511687737,3.1135601546164
3605.33055285116,-1246.04995329325,2.98900877272916
1797.66624307154,-1375.50098172269,3.49125799755857
1034.5628002316,-1902.73267585379,2.94176734891143
855.048528443249,-835.171593493078,3.16270277999648
692.436166058115,-398.998257981115,2.92042655274713
663.007241257319,-1478.87115776888,3.11185648680383
2347.28155360264,-1958.08565923166,3.05106750094693
4006.86868473191,-726.322631773626,2.94242993132986
2921.37153445539,-1943.39752230967,3.1948196749465
1239.78506105914,-1086.68247936146,3.13941839902252
592.101474402883,-1843.01091541198,3.0807800703984
440.076050581126,-1995.05913461158,2.98824256746553
3813.56121173896,-236.689916885233,2.87428890508293
1849.59381777814,-42.5658527284746,2.95364855759202
711.300205088475,-558.287165766429,3.16049900461812
910.003785069656,-753.791617844482,2.88267576262189
2231.6245793529,-551.519872230098,3.04487585518686
777.857512215448,-46.5408514828757,3.28716322967678
1843.85826127133,-58.3716288344722,3.02725564020643
1549.45534551401,-624.757066351122,3.53882493090263
2225.125782704,-1240.09465189162,2.65524006114944
373.603142211939,-1061.2205426219,2.77016127905995
1568.03751000709,-1339.74099599871,3.10687484293851
1119.67090331663,-1813.65376508763,3.1354618995416
960.987860700066,-1209.67004624027,2.90873258205597
230.465845709297,-609.533246230465,2.94009163594954
1548.20131664179,-925.148288864493,3.1612047983674
2646.62673893984,-444.567028102122,3.39712192323338
1341.21437397498,-1602.08118871986,2.94141979797111
2505.07252784696,-1776.24848848027,3.13502890379944
3966.84697590853,-286.202016047384,3.13554757061637
746.674106961382,-982.63836685306,2.96338273500806
2107.27765058625,-810.778981673861,3.08966615463131
436.719821615268,-668.777842981243,3.03622784042669
1684.48054279571,-213.184563014891,2.73873082991912
1432.6247215103,-1872.76728431968,3.28876931436611
1390.14055231796,-1425.32257097883,3.06159864941213
2315.83189055924,-1547.60279638115,3.03862553775653
3096.23249931239,-478.447771365108,3.01677999653243
2729.32141628953,-803.318670752138,3.06593645627031
2975.41567486932,-1407.76768436578,3.23667845285127
1468.56298168345,-1367.23707966868,2.96895747344382
1557.44649601375,-1222.69694741764,2.85498557771226
1756.69471365533,-56.7203822026627,3.06305250586742
4011.91096508463,-128.333129228802,3.25928391260964
3527.94794658352,-270.382875923479,3.01908851115901
3495.31483419629,-944.612251164413,3.47573406696637
1238.56458794451,-259.218183755299,2.89422051192616
2073.83383292093,-768.196357114884,2.98235100291567
1880.45408595811,-1048.21245600234,3.25887768770953
3250.19643984336,-1788.17029205149,2.99150158816502
229.775140878479,-823.957850522484,3.06761813982301
712.253618914652,-388.182633018592,3.12623239920072
3150.07491942132,-822.538607499911,3.02841566226051
3691.70115598672,-2081.39449743162,3.25690524648453
1028.42483005938,-2047.20540086311,2.88694026177182
3388.82358267002,-1101.14020742154,2.9994812996163
2228.23362609256,-985.642432987191,2.83285829780191
1397.31253525326,-2162.27599029424,3.14321476690305
541.277659161243,-1353.14079823332,3.14810885750889
3711.95958595513,-469.437604548528,2.7033619707898
1560.35280297299,-1281.2305671824,3.01291409877998
1882.54807072209,-1788.8147748405,3.67584510501842
1218.85435677718,-1314.54893100484,3.23323244879304
186.644763016298,-2110.59224721435,3.09162371436351
2920.10501316596,-1471.8367772468,3.03146815949624
2630.13898850625,-297.758271831701,3.10459563761991
2977.6513072052,-474.883730085974,3.17228462518459
392.137294256539,-1644.54972575852,3.036222013814
750.672638618731,-1841.92315371499,3.21472167532496
2412.16396184796,-352.049127781116,3.07291781776483
3694.24384426062,-583.625615992013,3.21430800856729
505.902332217736,-1415.67914083956,3.04245413269529
1254.02348622523,-95.0312346859999,3.54148589849437
3092.39966715066,-1250.61017512609,3.14429903438989
4052.90671877399,-1373.99552036694,2.89466362351071
3179.54436358708,-1663.8863825458,3.0173208394769
3966.3166840084,-1126.1966480187,3.06896878492659
464.800153712878,-719.401700072202,3.05089919618301
214.370787776665,-19.4810863151118,3.03711104487772
2098.64575517771,-122.022533718773,3.15777672210119
3073.60373730316,-1765.38482863774,3.08963135145846
1312.06398597132,-1298.71613747889,2.95201397293224
3983.40532204379,-962.206598443855,3.17128118593087
1581.85783911751,-929.574778855733,3.10872463112589
2583.02803718991,-334.314495611227,3.35174118742393
3120.11156503758,-219.413891835114,3.26499778576613
1116.55995238033,-1573.04272952373,3.35219270781908
588.329535134322,-1734.62326223336,3.07096269138017
2782.3651795412,-1544.43902956826,3.16441374660306
3633.62475702369,-1970.13214366947,3.02206367488781
932.889371023775,-1770.12125969606,3.05591425710803
4003.81582212841,-265.063011993453,3.50232742952667
3927.80415222761,-1676.58262127153,3.034228524145
361.239340209305,-1308.23364993822,2.98491250324118
3231.60841757402,-141.532216678756,3.35728730003276
3851.02806436082,-1603.31038810154,3.16099903312909
2069.13957663726,-578.158999039254,3.19007185417405
1084.51630587448,-818.832725619886,3.19874356088588
2154.89035960252,-1077.85483946701,3.11389731137434
1376.71978652518,-1231.05487570465,2.9780941884038
1402.46886018801,-488.092503669115,2.97988200867899
3139.44333717796,-1548.90794020533,3.11743553895615
812.558973573478,-2138.08403448584,3.07231512519781
2065.14355065042,-195.452174699393,3.00082753706903
1993.22454534748,-760.825466443903,3.34688840797667
3246.01137293612,-1870.87587616253,3.27405163129384
1387.42302977652,-740.03565500086,3.02155298798541
1308.67806116336,-1320.91427015514,3.14583299753334
1532.22042112247,-883.462941419122,3.3831640896654
1681.07515642019,-581.102463501999,3.52863491448791
2005.16458504342,-2117.61045632719,3.28992711071136
2943.44040157114,-511.82468857305,3.02238219143173
2842.92235438572,-1179.78488825925,3.08938290854315
2500.52631573876,-1546.99050955157,3.34365355194295
362.973262337815,-29.1129535041325,3.19013712313993
438.112146890191,-1107.62571201108,3.11403313943129
2331.51961623615,-821.713769373105,3.65624655717951
1635.15981130766,-785.841976139975,3.38284830480613
1459.40060782141,-702.363363320195,3.54913770430631
2945.90990043806,-490.922269207167,3.32168811059018
3347.21188859121,-1187.51010231914,3.96934079279586
1151.66580670601,-151.105742227671,3.51415416103187
1795.09492322827,-459.269988039455,3.23828853539494
2641.56433167404,-781.40983115916,3.30517188272948
1896.99898911154,-27.6134573683111,3.18950703074423
2243.30312542828,-1531.22036624915,3.09584171624245
3645.66968683494,-1870.29321730711,3.11346568488124
1020.57639077683,-2124.95331098558,3.31782718495222
946.465867403241,-1649.42186723266,3.34916915009788
87.8907935382806,-1365.54630134335,3.30888133302523
366.233431376216,-1524.9713591746,3.1369425830177
965.847846767034,-150.713900127009,3.17969179475311
1919.50193381152,-1133.89543526005,3.13512651057433
495.049996353575,-676.498842470534,3.35547290721527
2075.57396485457,-530.816615808865,3.11346426671408
1976.92875103404,-518.974177612366,3.15437090994344
3228.48238567021,-1368.63918563603,3.03857242735133
3602.62955204216,-393.80641704534,3.60243967908304
2016.37805322182,-1490.56197775232,3.43450220831932
901.124688834102,-235.394569484098,2.83354597977257
3249.53042155567,-1901.46653592637,3.24865473231047
2744.03277671989,-1742.12158602924,3.31065438978638
954.460291295929,-1907.5763295073,3.49402975371211
872.596938563387,-152.254236612113,3.21761107589156
2974.24983476136,-403.753381789306,3.28281088605353
3103.9134346926,-2151.51559815272,3.13982009243031
3434.12192549614,-1751.8283874023,3.66512324342001
954.384945991917,-1232.60161190248,3.36651694345531
1733.49349014013,-951.803913109706,3.47363254478411
993.756097163084,-1832.64755690474,3.40142786097825
654.687287098625,-399.367702522656,3.3150025837209
1378.2524131386,-1959.31198540295,3.19834227030391
2730.71692977498,-1580.79235626535,3.54191402465447
3616.3646348057,-1720.30448512856,3.21205979614197
1588.51288143557,-1146.5931662846,3.53425736995507
2702.38200579736,-489.461004219759,3.29980170441481
3885.38410996154,-522.326987220952,3.56184784734526
3461.32610097708,-1388.74977163848,3.54710366600936
456.560757795599,-275.598332014328,3.19273162459381
3054.41111601347,-46.9690589930544,3.36872147509029
2029.63537120867,-891.180029216724,3.63480909511134
1051.0745129072,-446.18848963116,3.20633254763037
2135.07923689155,-664.181881351462,3.25310877243101
1926.41768593678,-2154.56397171608,3.48373083337519
2689.10826920133,-269.483280350534,3.31972951601668
3201.77809817779,-1516.91538379282,3.50119101268959
649.036158948351,-1911.42526189175,3.56418737203772
1634.30095954201,-261.852650161125,3.65336556304087
3257.45441191868,-125.751609573815,3.19453788028929
3318.37276731568,-1610.77433822572,3.27312142458262
3844.78048751148,-1647.75062965271,3.47573870795771
3490.80333693507,-1828.28371392506,3.7183263348715
3750.71106561201,-1079.22313210721,3.41947473589857
2434.27326084217,-577.026892887111,3.6627864510918
2008.34267299029,-2050.67523942407,3.62554992742667
1124.19865708486,-548.259693734209,3.1398370975116
843.111340985181,-1022.70716763058,3.44060000511494
368.552431640479,-289.030279562468,3.48243178632456
1893.95813351224,-1249.91672903894,3.37204979890208
3939.79933901689,-994.978610336098,3.42581945203292
2700.52631976417,-694.824068576993,3.38841991834747
1261.11279903001,-863.324981842963,3.44898156236531
2784.51575126239,-524.275069141897,3.25327382393955
3611.30343587371,-1773.06055202226,3.42905362511363
1932.09254687356,-1395.98353277946,3.43002865240734
1207.02354779784,-1167.50318449875,3.63585732897418
3645.15766381174,-1664.05122914828,3.36280157407104
311.077085181192,-1974.60124383109,3.28771678461109
3606.20989405418,-1423.36063924628,3.49410369921203
4049.36991855542,-1050.31773191689,3.69548253130573
3480.26331596129,-1459.2132536939,3.3775816358072
524.350821771302,-411.31433719575,3.48169721854164
1996.27606964556,-956.590188124452,3.47044329028598
3335.87648078641,-768.851368017339,3.81202203505777
231.092610881529,-534.358857096126,3.47132222143212
1438.35108694331,-1258.91019326775,3.51874916944579
2623.22112394519,-55.1025776704194,3.69383867880041
3116.64031009691,-1393.73492950371,3.23102463561644
2913.76079261383,-1786.88808833778,3.16278658517526
1055.94895935245,-1680.04250561196,3.65884716576328
3177.88663675373,-1390.06606407263,3.49694606133694
592.67590564677,-73.8174896770761,3.4814766521227
409.077218111671,-577.422910914943,3.68628661294115
1845.38234655714,-744.072940485194,3.44067552900908
3750.5366200673,-403.911044027122,3.73803122988444
3687.19958446297,-1322.51249584727,3.50950342414639
1382.8917663007,-1151.00325613605,3.8693436807594
328.437033499277,-635.255891185194,3.48088336947122
3855.01691033946,-1433.90885756506,3.50686035680607
3246.74515228875,-1960.41535593868,3.45315569417594
1401.25910737583,-181.550114137733,3.50458230485424
2286.92384157118,-729.492836481442,3.60001826251057
3708.77778676199,-1988.40384299321,3.65706018719609
3610.42109082759,-1190.3219025069,3.56270940251638
2178.2067804255,-595.506460425207,3.51366329491922
1015.30531630118,-2211.99470043069,3.64329161808598
2731.64562321889,-646.303941076144,3.72003156255256
2227.03386122508,-1805.15537248664,3.43243748572046
3053.22308567082,-270.508419406864,3.38638543476663
2957.31476473367,-884.915601801232,3.5699742045133
3739.51508906247,-1792.88438191241,3.63772806243694
2973.01758775263,-911.014129510345,3.59438550422753
3755.7176927572,-1342.91692094069,3.46351270449923
2281.49304213427,-891.035497852519,3.44180267113392
1962.01370942778,-1999.28737603269,3.63248241488851
2238.6472617175,-199.850652934293,3.74897741045348
980.750352997508,-2162.99388826588,3.79875208649092
1557.43815323369,-320.024667324754,3.19626360668225
3299.52464552657,-1698.607233836,3.78136976724604
2854.37024341043,-902.120159456244,4.21496509757451
2603.34957131325,-1874.11291930812,3.60774109347405
3016.62064853727,-1003.38266605461,3.94160195679664
3842.10079644397,-967.854708938704,3.60288946952574
2497.53426869204,-310.563087148808,3.78987128751312
2038.57624204538,-1565.34393859856,3.59778313082713
3898.74733740372,-1465.33058000732,3.85824677957595
2917.48745701116,-880.006844512778,3.92822315570644
2051.0659017831,-2101.19922610545,3.41252967757494
1997.29472312206,-644.29995371579,3.87543230841173
2237.90240875715,-1200.00305637501,4.03607629128801
162.820712604314,-1060.12319668212,3.5448542369002
1781.93628841971,-239.547177759174,3.71871935928503
2296.113569942,-2052.5200934776,3.58326527654792
2394.42492053116,-377.483191263204,3.80486461738225
339.061605186727,-946.091985167982,3.85901842184323
1764.58890734886,-388.502789685449,3.62098966521986
997.588284230632,-418.592249971103,3.59939894713193
1800.5258969621,-1301.07785705955,3.56843968510583
2383.74630972907,-1431.07372793246,3.96555008555236
1532.57097046134,-969.745026140754,3.85134406824969
1633.03684107613,-1189.0556517281,3.65686742273984
3061.0445106069,-1355.66243543158,3.78842598177906
3130.86330336772,-1300.82567284583,3.70511122222757
1167.44730876374,-736.036195113554,3.69449926091917
2449.92183834362,-433.149022808086,3.6238941823719
3910.51491655775,-2192.89139732027,3.65027143797006
1653.34203458564,-1657.85470355903,3.83548380541227
2102.11009255276,-2103.02095395002,3.99320770226058
3229.66715676669,-191.204851699282,3.697223784091
366.682798272481,-2049.07058958009,4.06023256709682
168.257422613667,-1997.90054178731,3.79544709129845
3117.42099481387,-2086.54586249729,3.7459824347508
1928.23040860387,-721.941150259322,3.67007456076538
2096.71220288965,-1758.99619473166,4.12217496775412
1371.07404962614,-209.299749720656,3.59011029050469
878.906635290528,-869.79917935856,4.12492495947408
1764.67699131066,-353.825265050792,3.64672924462776
1991.54530155608,-1813.4890709884,3.82908440139534
2207.70807776804,-1309.28676814943,3.90758993796565
1809.62147567799,-1664.65064075496,4.07192717891086
2148.21047309863,-1469.74980378239,3.82184029218547
631.162417065585,-735.001545987434,3.79433282149011
2997.34292595368,-1861.34630517732,3.74893703916598
2021.43211784206,-686.227279454362,3.93029555980246
1188.52073929642,-918.79652840325,3.84165678738207
216.783484396704,-136.495255658414,3.89451498280879
976.818959740231,-674.438286750345,3.9206241413136
3980.28230356184,-1806.2826755953,4.0865245667717
1744.00632826092,-1669.48481303086,3.83293619681916
2909.7134732271,-2119.56636339702,3.91786027343097
3309.29107212284,-1005.32994102391,3.93769808897007
273.090016472418,-235.067197642176,3.97142897375798
1927.27676693799,-346.752333702692,3.85870733730333
2160.30294830224,-915.573847680095,4.08544116890496
2491.805696893,-467.300831403393,3.88832125038062
809.993739142823,-927.783945668264,4.04659178858095
1849.52980173144,-1880.50454429186,3.6810723535139
4001.57449109661,-834.854074858213,4.14829528556345
2609.64540178683,-1813.43149084622,3.92330119843651
2174.83445353403,-1351.83415216231,4.10677095722528
828.814253372521,-1786.62469176154,4.1776451326492
728.857411553236,-1906.80089262326,4.06767385042971
3622.6292393056,-1368.23237125669,4.19985010145551
1343.10324389497,-2006.64086454457,4.29821409581303
342.462353125391,-1427.94896514193,4.00694399699067
2004.11978715958,-435.467820176325,4.32526835520403
976.351730291056,-353.899052625363,4.06111653441746
1048.96451336766,-195.237108150509,4.35591719471409
2100.29174175568,-1917.87310368141,4.30067435060145
3529.62299978492,-560.571134100426,4.50573288742601
256.220852579172,-1018.17731227867,4.08377942420625
2256.0206573768,-1371.09939836598,4.425508788503
3700.24278874136,-1187.10563558671,4.42018215245026
1098.37786492503,-700.578196838771,4.53690246373726
1755.2795308561,-1233.54669765115,4.41709014911681
2563.92381425965,-2106.1156294882,4.65405806853079
265.134773060388,-1193.6753665311,4.32253655753158
1245.97938648524,-441.877872795746,4.60422566824551
3682.68300626915,-959.016858245171,4.94859456044019
704.654259899958,-667.930125545544,4.72174820444266
928.088728326627,-1993.62647741734,5.0055623335346
1340.8252472043,-1708.46426806054,4.92117845006733
263.393560017365,-1322.01357332878,4.89747992447818
463.316821831865,-1956.83669220087,4.85496507043451
2894.66129500287,-1407.15528747233,5.04316698708482
2944.35528197763,-1611.70369291843,5.10665714573433
1176.82792668536,-1811.74909514842,4.94873368397879
1676.65462885424,-1498.2561177569,5.05913603424015
666.804019434439,-1448.61406523185,5.42858046151482
3318.75539782091,-558.068992665254,5.67841508317146
1722.30878998184,-1098.58172344086,2.89041718659709
1111.95154018677,-979.164978175498,3.28573266516756
2546.43964907971,-1865.22159472377,3.0556973335981
1020.75389105418,-1551.5261267055,2.87080606848711
535.045815439574,-1316.33854117628,2.96840298821568
1456.2766533978,-609.27576852025,3.11834066913336
858.318437923415,-1134.72401613315,2.7103562554285
2955.80285247661,-691.35416094784,2.68552191730196
1585.72090984718,-588.044431383635,2.92065161759426
2139.16840838435,-1092.32458075831,3.18277954486672
1257.09523689826,-568.747225454074,3.1845943112787
575.73254879902,-387.50006735604,3.10064298099385
112.516317746776,-337.629603972781,3.03504996881498
1761.84390390846,-552.15547015964,2.86126939811053
2352.6733274373,-1729.59565208612,3.55322347065545
1654.12197282242,-602.181401730139,3.23687868166728
108.363367157931,-52.0362204489932,2.982271360057
117.683134651122,-453.604235673422,3.02785019400296
192.629400595484,-550.647386170618,3.13779190104431
357.75251736615,-490.113513161315,3.42820601628684
832.877704623863,-1233.88622633677,3.49601802124771
838.479368998545,-969.0327478034,3.51231562041047
934.72027685009,-821.504171773867,3.81472262702257
1486.0805374548,-868.210031256913,3.97280888693547
2139.03279649912,-510.861487575602,3.82238103069759
2201.8008963189,-396.468505344532,4.52564243597235
1877.36723269758,-1708.20409676216,2.79444930440991
894.138017464323,-733.095381511743,2.97774686026519
768.122502397718,-2099.34608812649,2.94475895310687
1853.35844946179,-1090.83138806076,2.85052542277007
852.747259463245,-1877.63654022426,2.91671228141731
572.105462820349,-641.475850810802,3.11905371234713
2650.74291807076,-1808.46113018737,3.12455065866546
1489.31360102548,-1177.27268503572,2.87193391954664
2105.58124347233,-2211.26188023245,3.20196058918893
3645.6045918549,-956.443440254464,3.26191482628336
2869.69144851099,-1918.24369020603,3.34961993878101
186.126918831227,-1474.56347044915,3.07010292371166
346.378727289504,-2184.48460823832,2.95870776493253
565.554953863503,-1809.39794049347,3.0925027373838
3656.56666511041,-1774.92342393565,3.12366452343165
3685.0652896967,-1175.93920596449,3.22197189387977
1224.60291538191,-358.177454667895,3.29103454074432
3377.29954340307,-532.183273705583,3.2184272732255
3342.70416764263,-747.831000900488,3.27284410578894
3252.69625457179,-2001.63716753373,3.53725010440677
2762.67516630464,-267.958681103683,3.15372481683949
2469.80810320265,-1720.59724940912,3.38975133806942
1046.17834909614,-1269.10814487656,3.4574789890587
2086.39596566132,-2011.58953799467,4.12727117607189
1967.24644711107,-2061.42863533778,3.59542380819449
3266.00906273249,-82.6755614187752,4.1437341504269
3826.51655054091,-195.128672649789,4.23497886280033
1556.14477212914,-2116.21152939662,4.46900843394214
1663.18236291527,-346.93212618973,4.22960840253331
1714.59322433824,-2190.45727292717,4.9054656330928
3624.88084194685,-1874.36473657793,3.30692078646872
786.532563828776,-184.621733158884,3.01039805563802
615.398572803677,-1141.17991928863,3.18917888684482
2794.25386779333,-969.478505793616,2.9638527826538
3634.81803930883,-978.11812024416,3.18306328170195
634.372646173885,-665.345573962436,3.52457586475182
807.966608885454,-784.605190968969,3.88118481458295
2872.54289682576,-2145.72179305816,3.50927805979775
1135.15806427401,-522.249228598136,3.30173697092291
3073.71011265025,-578.4088781247,2.62837273138397
3277.00006384824,-945.206166313688,2.90280586843607
803.984500792113,-1207.78782989012,2.81553028441611
71.6430591665203,-1456.8636483889,3.1096536120001
1494.42148406735,-1903.19229959962,2.87186472974888
221.471795480011,-401.493315012224,2.74786489655327
877.724148322077,-1862.68865904682,3.10731573025893
3662.03678648199,-1272.3608873378,2.90806740003753
3101.86202647997,-771.867146191485,2.46113213308887
753.218878784431,-1244.66179039817,2.84974730161364
1426.09669902564,-1003.44881575574,3.04456454603942
530.623087176456,-1400.0761793519,2.9465789765218
575.476368059957,-1317.05382740669,3.06824785312335
1882.58596816771,-1585.14668105053,3.20886568321289
3835.17533044563,-2129.52199845326,2.92694083094957
739.873221928525,-1454.97850436501,2.77795402762235
387.235099093023,-1367.52367602976,2.96440521983389
2317.72671105676,-467.769224540064,3.03266540312988
746.727414612957,-837.321588118266,3.15076356227418
1728.99979639003,-1833.17393245413,2.88131846240041
1883.0218313019,-807.87884057092,3.13060476371381
3862.0866444733,-83.6877578057764,3.14724053931057
2670.8179970514,-1723.61025970235,3.28489454483467
3096.41453757457,-261.088149795665,2.90406047128113
1214.79036817212,-1060.35408228302,3.11695435480767
729.391638139834,-1946.26821253321,3.06133068583238
3705.81700307311,-747.59616766693,3.16429334143012
1752.96987279637,-188.654020473822,2.77571029971414
1130.1087862131,-1153.44457455036,2.74386607674195
4006.78482314818,-1101.78781661081,2.79773713135909
2436.18719241238,-834.694160266857,3.06818710595183
1126.58973924511,-355.692211920359,2.90859932621748
1487.32676640334,-2190.41015795666,3.22389736494855
2981.04117539375,-1990.04785654249,2.95498182134007
523.042010789551,-1336.15168504364,2.87282393280441
1860.35972367837,-1242.22493162905,3.05105818240406
835.480165709342,-1764.64873558218,2.94067273539444
2341.12835762245,-1311.14150416603,3.05371472074096
1816.52056534729,-1714.61480070001,3.03204885989316
3556.37435409922,-692.3787415249,3.23925152257622
1883.94140656279,-1476.15063876411,2.99985808816687
3346.51213650683,-2051.16337605352,2.98113772046843
2016.6645391395,-1853.15135194349,2.95155294100319
1893.94260068197,-958.401838859947,3.09104808013274
1956.889251109,-967.518685134003,3.03389776057729
2986.4947928918,-1673.3042046388,3.25006361170705
241.521891126412,-2214.1055502958,3.32204253288273
78.8388207596604,-1029.37919744653,3.19393563425121
1828.2340896112,-75.7247635991989,3.05316444794806
2581.84241429561,-2100.15104877176,2.72340709529883
1741.45541435525,-465.068649655898,2.96473498454221
3858.94669343297,-906.178190243895,3.5894685147618
3504.73015929781,-1790.87541320121,3.26172358712985
2286.20394911958,-1657.37638479629,3.05414371438042
3045.33391147466,-1663.05735358407,3.39066745112435
1139.44037795194,-1348.34485241653,3.28356329406474
262.713625043839,-1110.55278009282,3.14535968521582
75.8827937936285,-713.674959824529,2.82986907212972
552.942605750074,-1768.7913800969,3.38252889888888
3834.92722147463,-1084.4524972063,3.24518556231305
1813.75976227194,-261.127433995057,3.9626579203423
1333.08396376619,-1623.0048252456,3.55652287918261
2402.75452700112,-118.893856962158,3.68458571193134
3633.09778831736,-328.446996303082,3.8485297065059
1489.18199006387,-1736.6737156201,4.09811918013605
1442.50735513552,-2183.98634012958,5.50887864916355
3982.3606898996,-1585.84746697454,3.06322891986813
4060.85071736493,-2193.90065150653,2.8634617644963
3683.20520885731,-1787.34803006282,2.8981521651606
861.650215699276,-1566.62866746271,2.63461577011921
2865.97121546071,-980.849707206777,2.75074368915384
1313.9081040659,-1579.97396393044,3.03760584568717
3986.29641485758,-1308.76941124931,2.87784225628055
3795.00736288768,-1266.09696824172,2.64712872582463
1532.19524268759,-1040.77832859066,3.0566766866572
861.780191976771,-1659.87894319335,3.03833391291874
2054.3809935449,-1206.83877425075,3.57169967286048
495.792075413179,-1207.29275664902,3.31284645356536
2189.37777033833,-972.22882723727,2.86108047212012
4062.88033308375,-1550.91694135574,2.81100089379573
1609.43282809869,-565.076183124725,3.12875210911713
1300.94646671246,-1399.88912541639,2.94171589505292
3590.8508177777,-1303.72599884816,2.64992166904727
96.9502464582998,-974.877549406144,3.0205600780563
2289.41816688968,-1410.2657402962,3.1466944726201
3982.85223944636,-28.2927387170243,2.94565455428673
2988.43744715847,-1841.8167473743,2.83360135709386
2036.41429818706,-1279.31490122262,2.8367484031855
1009.80438903606,-894.876006273089,2.87058346313543
867.63585614659,-886.471929995141,3.48322601551405
1606.9305995284,-831.213428226246,3.2574424434051
2186.89335068616,-1579.23748006869,3.19501756230576
2422.11521635507,-201.866599063576,3.74738090252705
529.949167875606,-629.751944653176,2.96996440964554
2074.15674188101,-1139.42832447384,3.20047996689421
3367.18886980472,-419.952181476604,3.1243672969908
2756.72793089602,-1810.62272296122,3.01423916654186
2974.99138264964,-1034.80926746195,2.87423067978332
3837.73066856282,-28.468280840297,3.05617686294662
3450.12894206094,-1056.42200109525,3.07374543191855
2585.77851799449,-1794.44605152845,3.13836861360837
3870.63834518005,-1605.76046101304,2.83737214566907
555.40114336139,-1660.58925078714,3.1182352551435
4026.35196445585,-869.891693233164,3.05985452470566
3100.39005342707,-1570.64927649288,3.42926550467233
1023.32749098949,-743.402893522975,3.14226781606027
3235.18016742424,-122.242320582313,3.12049677177529
1335.3307777563,-683.4370657797,3.0436954284111
3431.22066526005,-1686.0316234615,2.89746258815393
3003.58934465031,-1844.28686199343,3.07601190380468
3779.90249574869,-2071.08081732001,3.30719507206519
2998.32808699192,-1603.63692881841,3.599303355873
642.575804389864,-797.612661660391,2.92107093527216
637.144118085979,-1350.24817584891,3.07457231147339
1668.77403582115,-783.621283987257,3.3771269112045
2997.08779699286,-922.789321332701,2.98123013816531
1082.16271284484,-1131.50638746819,2.79921203752436
3617.18565336428,-42.4592416924483,2.76059070068214
391.010758925109,-1279.41981131873,2.77353672718149
279.711363052688,-454.643942019801,3.57078700147552
597.926026883142,-647.493587443965,2.93290600361831
3284.85069473498,-2058.4699036775,3.21279010957295
3157.87766530336,-883.361822286383,2.660978772821
2888.830447979,-46.5388912346367,3.0627500420919
2765.67638187469,-1897.26164895645,3.05061848287109
2247.26261837468,-1608.99430306207,3.31011699203312
3756.2884543423,-13.3551282686111,3.02330270905924
539.854538006172,-423.767193101029,3.08154533632361
3773.69811253089,-1044.77855285982,2.97407607071404
405.772821352795,-1703.24373127934,3.29988863940161
2016.86705852841,-1230.55692505873,3.57867766393235
3346.3726467738,-1119.50851266422,3.84299465013225
1193.26226057272,-1599.84923404203,4.10033491635433
3213.11327751495,-860.1898629964,3.91449768093069
373.363777090087,-385.569773022568,3.78411835934905
1091.17069867713,-1609.16353738143,3.95033491115502
1204.37900981258,-1705.55785999704,3.81367541550158
1123.40895138934,-1139.3886809632,4.05339200834532
1887.26590721374,-1486.9920813605,4.18198165222355
3667.97430289923,-1059.6142642493,4.49125544047728
1366.87482579995,-1683.54448643242,4.42031990923512
1801.38049008562,-1596.44958009619,4.48667376985668
2311.4671736489,-1166.32331290153,4.65962661201804
1304.49711518911,-961.279410430196,4.78418237836953
1402.12117557906,-885.94658585626,4.62680855044351
2091.81800613717,-503.496302368194,4.79847624478109
3989.99086502394,-1256.36643610288,5.13311829445774
1423.82349998644,-2142.74183823212,5.09000213657522
NA,NA,NA
3716.70175665752,-437.660912304274,3.02549089131914
657.40504233263,-1363.85171289328,2.89585184949153
3721.7276058234,-1158.37086788393,3.03543735680696
814.834133403195,-1223.00420610726,3.18854864226517
975.271870001651,-674.595367639012,3.03468907300787
2465.24464823923,-2068.78692288324,2.85968834883692
1163.38967163737,-1712.79223469961,3.03201127298955
1977.35967082784,-798.758361260681,2.9145896264505
4027.6124103792,-1084.07780721362,2.99420552160779
1195.2696093392,-496.954204156284,3.08853258624769
2596.12111520278,-1861.40283377539,2.83820725318534
760.060346753564,-596.447878660753,2.91820732410359
1608.8377399469,-1401.14256476811,2.91924650431483
4002.23383180829,-1042.75827195931,2.98786050113406
2420.03668751205,-2012.89664713875,2.85074868292539
3493.34775930349,-729.601713090896,2.96154641119715
3983.81625531505,-865.972172073635,3.05004602016393
221.800073074899,-1372.10585880782,3.07714655850454
1080.74561723285,-16.445889293095,2.97842854246288
1249.613962376,-1075.61961968311,2.94762539571464
2570.93136652303,-21.3452997859278,2.9343718958608
1976.75401485889,-874.151263260638,2.86760905779918
2574.00020779126,-820.445383045371,2.92681234939138
282.555268744727,-1895.22502431967,3.05219246532922
1573.26162674445,-794.55021651375,3.13574779329457
1276.68401674895,-396.037935807644,2.87620870060949
1201.02935885568,-1375.65332200415,3.04925133594521
2811.45439071819,-65.0097059050241,3.03513779259325
1790.97002622926,-321.67874860064,3.09516961994779
3489.91368083998,-1729.76736677175,3.11900539182245
1311.75318024821,-1635.38027480326,3.03887931915036
3428.2057651199,-2114.80008886153,2.77342236607832
2832.66104655962,-959.778099290258,2.83264614519735
3394.19606707005,-1574.01451246729,3.26532837677819
3810.94352515815,-1753.85962434518,2.88073530300093
3478.58930409799,-1450.79267626241,2.97149660625578
3509.35237517763,-1918.15258171677,2.92300451115097
2839.07916019196,-1008.84340337492,2.92294924794938
3118.48816726719,-1685.67682611893,3.0311800078897
2037.52678821925,-1468.95874025111,2.94316496803768
2550.78135250091,-53.9900825749749,2.9686123957491
3125.875345154,-162.132493364911,3.07362881917565
1765.34489811231,-1949.90348146165,2.97744995372398
3187.53346553214,-1915.45430524519,3.00024642537466
1363.72707602269,-1618.01311759612,2.95514573642239
1079.45937228574,-548.325997831209,3.07406069910573
3271.11644860424,-18.8682002498433,2.99174483595313
3369.15652090888,-1217.70261488585,2.94395856112582
1847.96422835048,-342.929824079573,3.00493892957966
1048.87729500552,-2165.22978683123,2.88325401522789
1044.78129124119,-480.447599589254,3.07065790206181
1214.99904301838,-1891.11962240061,2.94567541876573
3438.57527614341,-1255.38545195465,2.96578788393304
325.284917136942,-1911.00809767995,2.96259213803861
2996.43042418929,-1627.36806669291,2.98671591521943
4028.82692185584,-1793.45754209951,2.97452160707704
2491.93868681912,-694.585385870861,3.00926173133751
2630.84527667154,-1573.6796286088,3.14645260127659
2055.85823986117,-161.664404116057,2.97232463583315
1233.98640570316,-1695.15576284828,2.9524089182231
2760.34652475081,-135.619964164959,3.09232705381265
1721.45959242047,-1963.23401970277,3.04719058048606
2553.00249692107,-1416.01625386844,3.0140593096249
2213.02133728512,-397.940318189898,3.03361439418421
1034.949280627,-1267.42163482856,3.04785789965683
3488.96687510794,-1312.70881718694,3.03475245704674
3224.59162165886,-1404.92645440182,2.98338028188249
2715.68776002675,-1450.36695820135,2.93396473596784
1670.98370979624,-1368.36839920914,2.91719025463287
3890.06397708237,-1842.05424813183,2.9263310123463
2616.43520124813,-156.509034641963,3.02521616211664
311.376273214603,-2043.14379932651,3.13077454390015
3793.76034273773,-909.73665929094,2.78213119741481
1356.16216728497,-1462.77595849378,3.00338617484336
1266.05053366113,-1629.38132717061,3.0071671424366
580.501890014521,-442.099024153523,2.99859954744829
3392.6822773195,-1701.0389105205,2.95617533533838
1743.8230480722,-1806.21270035896,2.7759964684794
2866.98657814252,-1592.81027394342,2.96935089124425
339.449431766841,-975.957093448916,3.04097240944492
3351.47264165998,-907.003812640408,2.94789009923168
3254.75413766696,-312.773274853378,2.96071521701071
2260.3774703518,-474.460582199144,3.105893395634
2466.53554088998,-782.956533556982,2.93149312115357
804.838818789059,-311.906031949979,2.95635916639804
1210.85078636588,-630.778217396245,2.86785836292022
1888.50637814962,-2110.36704445802,2.95558033325095
102.468213568335,-809.263802965578,3.0111280370976
1934.31495577324,-92.3592812108248,2.97339210052656
1610.74950912819,-182.157141770801,2.9153371727543
3368.77974798756,-584.837862461381,2.95878969921092
1154.88656391817,-620.232060520815,3.0214122183241
3285.89095870413,-1507.59301197859,3.0017645280523
281.041621496074,-752.291377897205,2.95578417281803
796.385328202394,-410.322173017731,2.88897533203525
1488.77025430539,-1955.33910014649,2.93706052025032
821.871573624495,-2203.56197378223,2.9939981590113
1759.29470752436,-728.51671662312,3.02407355208585
3600.01923044046,-1734.39868014428,3.08119843028615
625.254010751697,-58.7363135435239,3.1173120538114
844.797383707821,-1968.79317929449,2.98664941444376
1899.68782253928,-106.987060163131,3.41560914344004
2328.31448661328,-296.903701177282,2.90227687595797
809.486391822006,-1444.56404880542,2.94284081568729
3214.43513004421,-2125.4986366177,3.11694750737538
394.473201407933,-2097.88025684913,3.10879855626994
2565.45949209272,-2207.07111817278,2.83306893202175
4010.33930778505,-524.678482626215,2.99909057784426
331.110144249758,-139.645283076026,3.00009610779136
1736.26200385396,-1542.21316569385,3.0866930910105
1488.12614332772,-432.367423297428,3.09612874403791
2167.59044583603,-449.33656330122,2.93329544319985
2391.26947906467,-1035.2880807446,3.09254112143751
191.954326582427,-958.847844782994,2.95780729790569
3640.06342945287,-361.015177857086,2.93403304806331
3980.41764766846,-1854.92684789418,2.97572581666146
2153.79447238707,-2086.24167019505,2.89238382232432
1530.09441655593,-1137.63149354452,3.13014215588592
414.010048697325,-1513.90618828748,3.13577948322926
4011.17566321176,-1696.5865614198,3.06578973992108
1859.909045306,-1425.82254989966,3.0651054799331
1662.68843217405,-579.220605156349,3.20281013620122
430.324834284723,-1477.07576989753,3.12532194856469
2061.93297772594,-128.785471206189,3.07659614450182
2887.54845348885,-1307.68640041985,2.99729161794906
808.918960676612,-149.899194789415,3.01324996914026
2161.76165881955,-538.599749126908,3.0520213090057
2678.00479925592,-492.822188230135,3.00468121377531
1458.63618171168,-1323.24805870183,3.03034515099727
3054.61093734481,-931.483396240905,3.15754726119879
3840.73178772022,-1315.76420014719,2.97770956231837
3389.39165810402,-69.7587903425808,3.10889321667621
2566.36585222106,-605.177763433346,3.03970029876539
2404.26437864688,-412.073892677403,2.94771899061363
2216.25291320804,-1342.83900408712,3.00505774303197
2637.73983745462,-40.3555545940469,3.15213523596782
962.048968204382,-1059.4955826301,3.01095306550046
3663.12359403499,-2194.5762994723,3.1265947163958
78.9560792639836,-347.71788623326,3.01051740352171
2904.90735765962,-490.343981730353,3.06664908495984
3419.00266418868,-240.700647854839,3.08361253038594
3229.32098086942,-1094.28151871806,3.08041562489029
1508.75711928482,-1413.63474781515,2.88497618047458
3195.13465560169,-1591.95605105171,3.10829167442062
745.218207472183,-1968.37249163283,3.02513381114103
1709.63693747751,-1625.39843510381,3.12699381121564
1291.0392892606,-990.659983977986,3.10667093243791
1915.42237957729,-651.050698829003,2.99501781757853
1271.64739990872,-1798.23173866849,3.00464232860645
3063.08994630071,-699.283196733289,3.0989435218429
2495.54312926112,-447.114360658942,2.95941713296759
1389.71781030482,-679.555253375698,3.10380220972279
1280.80551942462,-360.051674489978,3.0198629120921
1723.518090973,-1807.55612310833,2.97026743756782
986.093830773517,-1750.41413129337,3.14533924401474
262.893305526977,-758.283188765094,3.06369642405762
1016.19365143872,-455.463043386487,3.07065794375672
3477.32146942929,-595.186623120389,3.00844255453572
3884.94966412677,-1488.92406792701,2.99281474262934
3914.21248896346,-258.711688270227,3.06071340285276
1054.48916324104,-30.7982301396893,2.90103639282371
1432.08639613603,-1927.18237484908,2.97560070769597
1840.07154239325,-2070.530010846,3.03922186830687
3393.06657287224,-2206.99465757091,3.08724880485214
2869.46140250609,-1639.3363508157,3.04972995524605
1809.91238372924,-86.285554358172,3.07182274472676
600.312348859941,-267.566737868431,3.0650049749948
3196.22942804112,-1545.70094947847,2.89866157204147
479.383358864427,-356.337150630891,3.09695019916543
2987.15216160592,-1296.23167631451,3.03104786459997
2291.09745813158,-166.218139245503,3.05157127848255
3597.4065946271,-339.883562195061,3.20554818177858
1366.05560450537,-1701.03673413551,3.03068915261473
2186.14324206099,-1574.46258608687,3.19965016542887
683.098181210679,-940.427656886685,3.2750000846084
1725.99199041605,-1728.61604257113,3.03819834102028
678.24672398207,-1550.47257146666,3.03179267994422
3901.67956997129,-875.132768536491,3.0079335990044
1973.28193466122,-1488.8307889321,3.22076014489194
2649.65783399764,-2145.64964539889,2.92020445884383
1569.08643446865,-1720.09736977443,3.15820377656886
3249.87044234626,-180.975643936325,3.15541466898597
3872.72740624021,-1069.20284914224,2.99077050681149
1430.11836298303,-2180.35850078255,3.01307274718567
2885.76081011423,-166.368214203897,3.03387548281386
2462.24308099205,-882.233382814999,3.12443244187941
714.576446996965,-1823.57672322753,3.04907675223163
3333.41014201513,-616.815339169133,3.02678317773755
3048.94626629723,-1327.74198604702,3.09543090598225
773.817973064685,-2035.52111376816,3.04650734159825
3302.26196716363,-1090.84715630078,3.05072494857915
760.722797828843,-487.820933272455,3.19382522027177
3558.42587193473,-1873.52937339248,2.9555752357667
3544.33873738242,-450.773059701401,3.13494352575754
3291.39842408284,-1031.6374802165,3.14823505496158
577.143593599355,-1932.06655070108,3.01768743109362
2572.8915282398,-243.620720380188,3.16698785067141
1770.74625525205,-1889.84208503326,3.00363126417883
1649.861904809,-962.430391646305,3.08563615133528
2432.4164476709,-1954.20815167318,3.12253049205027
3253.4149934489,-1294.51331493591,3.16706484313913
81.7781651238168,-406.144553505789,3.0692659117774
1764.45421803886,-1495.66886732742,3.05485532952932
1828.26846000583,-189.87198563342,3.09876066757739
1834.70187941611,-1844.789390183,3.06569065148851
3597.86238293435,-898.367149824992,3.09878475251445
4015.95446469231,-637.438258897961,3.06168140767969
1028.35526669491,-517.394001755877,3.12073541821419
2623.51372732947,-2209.77799457558,2.86953266747903
2604.8564760169,-221.412769192816,3.07236942588982
1509.49768302081,-1770.02142389233,3.11469061025324
3040.92208006289,-1859.5265755094,3.07755826999832
1997.44539265252,-523.918553386561,3.13006165745497
2499.08840611491,-875.880208807374,3.14637354004525
3124.40139573066,-743.291461966661,3.03729392394192
1466.76823901005,-842.32597603992,3.12820576339208
1176.84137637064,-1379.47851329618,3.12056971448132
1482.59608416628,-1460.70461555268,3.10512036602404
263.161991627296,-407.078765320982,3.0388756236607
1707.63827866683,-668.714447810368,3.16041400865416
566.210597615887,-1475.8315578767,2.98674710995704
769.818779244081,-899.643900057726,3.23603138674125
108.147959908404,-1436.17128278392,3.17287676480646
2954.50272576024,-153.229068792627,3.10923935831182
1993.69018849504,-1868.52979748548,3.22683425704517
1902.00312539877,-236.000022608575,2.98964288222554
700.361511175291,-742.945516077551,3.04065172107247
2663.59321319283,-938.243796799999,2.97062140870691
3320.58939344486,-531.231927530496,3.1619828046479
1347.2527041917,-900.961364908262,3.11201435037142
2477.82477694087,-642.154211325061,3.12549104801519
2570.43540924842,-1624.62773853343,3.03678905103629
2367.30812765967,-1731.11821783035,3.15992257809809
1396.6026656695,-1608.3775063902,3.23283304153781
1274.65494670586,-327.682350705595,3.03955696510354
439.135616884892,-1574.42000523236,3.13285244509504
2266.40284623725,-1646.74298446624,3.20590746057213
2395.78004454401,-877.950637788906,3.01438531215037
3689.1799106619,-1733.58433885447,3.20380911980948
1424.92733491623,-2047.02879073251,3.02551798342137
3237.11093672911,-2019.04819995425,3.00759449749627
1224.18468652428,-1028.20019324683,3.27083569637546
2171.83694035025,-926.574368160677,3.18328576457587
652.421123242374,-1217.93692431935,3.11508997468863
2465.73074144407,-369.789148278751,3.11244334939685
1926.06079137735,-1558.5098049073,3.11698141111279
822.121171862181,-2004.54922436678,3.12536273353015
2674.51447230168,-1664.62998275391,3.11791907691116
2942.830453671,-910.024464991461,3.10812563014394
2733.66919758184,-1709.54323055898,3.11424046312126
1926.67481020588,-1332.46402601148,3.04776522959194
2463.3629064556,-179.652974803627,3.05369497702147
2205.21257864788,-452.021796183289,3.07370086903753
4036.93617887078,-1761.51786955314,3.14181118236974
2497.88981162483,-854.666127200499,3.09691982509358
262.266144432918,-809.605622612155,3.1676859426232
2563.59516930975,-916.39021530152,3.06922446820328
2678.53850448336,-673.536539574348,3.19428447011296
254.162861009246,-1470.07095619956,3.22553665012387
3773.91582047644,-653.168346417083,3.13370314103454
1605.61542846325,-301.380455860369,3.02321468446607
1619.32588986403,-2140.12396613926,3.23940745876576
1606.6874197693,-2220.75070145892,3.15142963934911
1486.06560129516,-377.337686706019,3.16643792581283
1760.50087394662,-282.323481992173,3.218410321046
871.434687832361,-1326.94743760345,3.14676673743878
1827.31622870841,-41.0994695558093,3.13541640425569
1453.74252717353,-1237.45149068274,3.27240248650547
482.153160451673,-1840.40892587738,3.28763876637921
3666.62396528707,-2020.39445402652,2.98772066281607
399.619848158135,-1195.40389083929,3.12564776305458
3488.19924185498,-1341.52165223907,2.99694157708906
3788.33283462101,-488.8979866737,3.16181381768547
965.79298409075,-1428.28384732467,3.14818894207459
3367.65434086678,-296.777232988638,3.20632434072808
3753.77583937278,-1691.73932914546,3.35160723085752
3190.43398681463,-67.2252962779112,3.24602057475632
2251.78012986258,-786.4433421381,3.08135155680138
1399.01197351522,-713.569375677071,3.36639392103419
3654.50802652677,-176.748262070372,3.17204394264295
3573.76127125996,-1363.35439707391,3.31930317264715
1975.36380519947,-945.877660059078,3.2367554227556
3985.01285559433,-1135.90227300749,3.11210792119978
3102.31800045743,-920.84679739058,3.20744229999966
986.146798877656,-992.55821153774,3.26775429417257
772.561694300259,-1338.03479664836,3.13423849876987
1276.85402893381,-1104.82926675109,3.12968169119635
3027.94179088596,-1543.92895225375,3.19827122548488
2567.05501090559,-505.352538484693,3.21277461146708
1858.04690068976,-1954.08860136846,3.13539450712645
2193.02392101358,-796.332513622999,3.17998452578644
675.290476981622,-44.7420294165885,3.2174272595608
3954.0354255149,-918.643936381726,3.10842694942825
3833.73511663551,-463.480518832142,3.25436895199974
2997.29458176565,-661.074019078812,3.09212210889634
4059.57382064986,-628.406008924709,3.08072372167662
1978.61188841329,-13.1350529336016,3.27931941440025
3664.56452360399,-309.494277890009,3.17850027645508
2788.1043395201,-208.232390344996,3.26262787325348
2771.3022446554,-1871.80079520864,3.16382194617923
3932.43464292947,-2000.50318684273,3.29067720928238
1342.62803013334,-2014.30174227531,3.28227497318159
1090.50102494362,-365.375368206038,3.26920432811746
343.550802312177,-595.567950961519,3.14958510554948
1910.00926922389,-1797.77717796993,3.17930464320245
935.371944900734,-773.011916750468,3.22744816710125
2748.04960203398,-1452.40417207249,3.2847627135468
2736.53361943098,-338.73342345348,3.21187088560507
2086.7811744526,-1577.06795452193,3.19749672062612
4044.44868430291,-643.051142377837,3.12592392988595
3716.14715637623,-1739.59857552209,3.16559091482649
2187.8658858136,-1670.04048390516,3.20262433793158
471.318042618208,-1401.81920384433,3.21964402980695
1088.02128451152,-2055.97604894213,3.08590179599629
3374.54793307221,-96.3601754504483,3.21627347076749
3468.37119210444,-1348.44203876133,3.04042539700795
3428.80452274668,-2177.56399672112,3.22942960782223
2744.05120942654,-596.952878004969,3.21606132793969
1701.66202485516,-1330.26380331862,3.14275882513354
3161.66544928053,-1937.20805908745,3.28436819899476
3385.70969969909,-468.008947410009,3.37550993619557
151.227922212898,-106.252749594778,3.42582353415982
2617.02728070448,-1978.38874954204,3.34840231448749
877.817784649569,-2087.9906639298,3.30977484435695
1164.64617845635,-898.666853890214,3.25127651151518
3482.75990631738,-895.29247513995,3.06179019669199
3194.32207422113,-828.770083180083,3.29407557605971
1098.71614231393,-1324.05605238956,3.29990420541543
3326.37628907954,-1835.56959825365,3.22126284876805
1962.20566337523,-49.0671651048777,3.11466254346939
2904.92848222696,-745.498760066851,3.18381516198745
312.383649427851,-1534.63164968642,3.24832064596817
1782.53938157799,-489.083632626831,3.29574275001749
1492.99505803282,-1789.01861679234,3.19183335538425
3947.65021700007,-849.944871066126,3.23492312386187
3806.68312139446,-10.9063513575362,3.15682653483657
3623.08507176859,-1563.83822380367,3.24375038705759
2441.43445991725,-2140.88947363327,3.23194656379668
2028.81839778741,-347.893852462309,3.23354108464055
3010.3357588327,-172.141606291777,3.30755009610273
320.140137111057,-99.8584315462664,3.35094767646487
546.073617381562,-1277.95169190771,3.32022696055083
999.304994734929,-1700.22836547005,3.18804779781536
2804.93518650635,-811.816577136766,3.18213520259185
2699.32729628437,-191.573264291645,3.31663127620732
866.168336486871,-290.507428080673,3.25205204057161
1456.64103535051,-1746.34989621905,3.33181336941968
3083.43684221754,-1859.16321423641,3.19442322429505
3550.04535457365,-1160.46864377036,3.32015904489723
2534.4789508096,-182.418217473934,3.23293820485671
4052.8103952108,-1620.56078434789,3.19302236396011
827.705176269641,-1918.57650012171,3.31227726304223
2639.66744226616,-897.402399021521,3.27149110496664
1039.25676360923,-1500.97108805715,3.27915380843473
865.142846714838,-259.795507198075,3.23438492980293
3686.45711439363,-2009.005246109,3.27517728219535
3972.3305742655,-620.833955517028,3.252944993135
3027.33648969407,-1842.37831158359,3.11607362585296
2795.04916622524,-2117.6510417036,3.31411901692883
3221.50210726291,-1828.15932319644,3.35522251905136
1075.41730219627,-1292.09489582324,3.35152051103715
1877.4718257704,-37.4614936979667,3.33229656159921
2513.04733054231,-5.7458461187034,3.33479884395655
1508.99577448496,-899.424205281852,3.31553694127653
300.303256824489,-1947.98290669158,3.44726228601984
2337.44053406688,-68.4068155740455,3.39137001537497
893.008681615315,-1981.39589488229,3.20560508307588
3430.25347156304,-986.930506241795,3.16313919954007
2184.01708096438,-2049.36961055737,3.30735030812901
3701.57330126305,-1882.84073364843,3.30430356642074
1476.13914546299,-1969.81617085144,3.22150396573655
2491.35581544339,-1483.39599663724,3.43410748498494
1986.22152302944,-1511.10451471063,3.38965129994146
877.215083139975,-1148.99237211485,3.44321923993852
3555.33919094703,-1341.88939742398,3.29087725878084
1092.34357363553,-1515.01232171559,3.35088272891011
2923.60329249687,-303.642418870794,3.33748511222537
133.896603874462,-392.936122141181,3.3372617392857
2397.1315805596,-284.4422831393,3.37378680532515
2179.38070472863,-1422.74245380114,3.34510279976032
110.493220159344,-1506.38911261949,3.27748586417672
3790.74150385366,-1028.61772509125,3.13227184618181
3953.66404197967,-879.369081710077,3.10259294451363
3300.99780860295,-915.605806151872,3.20751834950243
2349.95680598956,-712.254108326729,3.39084804441312
2359.55583537052,-1863.07097179191,3.17368104481827
2144.15556159293,-629.466436988262,3.27748548965324
76.8971899994198,-490.768318711293,3.42371654175939
3576.24321734586,-1191.98877650827,3.32330850677427
1899.40679265394,-64.9031151267687,3.35993825496571
3619.48318858832,-1511.68488325516,3.33492950362635
2051.33852854997,-353.107219359861,3.32908115917427
1355.56565244638,-1320.69332938904,3.31457315672152
2328.52585493955,-1808.97246243211,3.41163335738258
432.894396673872,-1366.25996492935,3.42130849988314
1473.98278283954,-901.32357096291,3.3547689509448
1133.69144691758,-1226.23806427655,3.37170474697973
3161.98773819612,-1765.60885397403,3.45244413111748
3184.09285450614,-1869.47959002255,3.32787751307533
1043.46801719806,-709.140647225952,3.45102921468986
3192.28346266047,-1434.36036962419,3.43361277538295
2216.74259049062,-1685.26231207485,3.23820681907714
172.360381922084,-772.656200239559,3.44611330291713
2742.35711120192,-1639.00042459603,3.40704640088018
3261.01116529711,-69.3476918520973,3.28527823300032
1164.82954687677,-1144.88188802866,3.32787292500427
2926.05810428292,-743.747875492099,3.36501592340183
3242.66284584392,-797.335947925812,3.35516233575669
259.966370604242,-1353.12007968389,3.44046660393338
1778.92135688301,-2101.11068506004,3.24998498681583
2114.6305027024,-1138.89172926416,3.38893972508318
1986.71364096801,-1652.79697380415,3.43458671264307
3931.88724594519,-1450.91359527841,3.34707901061279
3905.82006199553,-1267.00717810071,3.31115128487584
1690.51756784094,-772.9063051015,3.38774481427888
3031.32854413067,-188.999991529297,3.18712092339343
2167.70697616941,-1104.63123074247,3.374094259854
2626.73296265922,-1619.35561246963,3.3294925659371
1988.88354429712,-2177.13454761751,3.31542894500889
432.781958511701,-1738.74637945204,3.38121694892402
745.897744443508,-1883.98793320537,3.40103650750521
1699.43630065118,-1479.60640074951,3.33112207359997
1154.99623456115,-1002.44305264689,3.39291291390673
1300.53295817966,-1049.23837245951,3.34401805281872
2425.72222581392,-650.19603893592,3.07147910525774
3411.81083625552,-1788.11176525519,3.51009432735919
2316.14232164232,-86.2827752370216,3.33285735644723
2086.04793167677,-248.759819259387,3.42717688459079
2641.94639063724,-680.589692574857,3.44556840950212
3379.96224396442,-1531.69934326399,3.30280959419837
2366.86381810172,-1677.8494643448,3.29433093727821
2784.60480392479,-882.805070204725,3.28315039932652
2922.762825173,-2212.82055163705,3.38167349997813
1826.88792869672,-2001.19016256477,3.30369154081201
1471.1005546394,-870.62875304955,3.28225294989602
1793.25730250748,-684.632386250657,3.58284813170472
484.433626156463,-613.619088833167,3.34741359497202
3492.53667372334,-1209.38052899076,3.48456367561095
1955.87985376523,-1444.10957901223,3.4655570887341
524.991047810549,-195.549070760877,3.39829448245643
3664.69139657065,-2133.59265151958,3.5397977643794
296.530633899539,-344.66077573616,3.40416113745348
3687.48873539059,-616.282048624887,3.38766025642104
3164.37675320358,-680.287190921646,3.38726842232893
3429.04675856193,-1202.08349947496,3.5265368124001
2214.61213002347,-596.484718940938,3.36709591625306
2127.13066915219,-230.95404842594,3.54450395391636
2678.15033521333,-103.017550397921,3.52419363414298
2181.20868942327,-3.29087796231119,3.51518602608246
3156.7152130962,-559.868724994152,3.34572776163834
176.465098597098,-45.3696507443073,3.46971387811572
3278.70083150291,-1547.89423987396,3.5285217792789
995.588242700619,-532.88958338635,3.57980983633278
3197.546201047,-280.667155444389,3.56118391598982
940.170710642487,-2144.21915369519,3.48934076580315
2955.35393150194,-567.26474819547,3.63283411261519
1880.95630109089,-1341.04295624479,3.52415288121932
3577.99424908349,-540.214654328657,3.50079084671005
3633.46980588894,-1085.42815549046,3.49550005914746
3033.89727461347,-854.069365278107,3.56146409632998
1686.37344469694,-875.432627415211,3.56238555754287
326.034337587227,-681.852314150866,3.49059213010212
2823.31835765313,-2098.36716683646,3.67302937208193
3804.09878943176,-738.308068545649,3.58839923413075
2469.36565297788,-2014.59527479187,3.51042320892165
3726.1284080628,-614.235552886725,3.50909260265955
1811.82718905141,-516.629500154241,3.42163762544029
3094.64007875916,-1456.63639704306,3.4266672815365
152.804491258427,-167.439614150032,3.56236334927259
2788.14968938079,-825.262785143102,3.42711165220453
3088.13124958281,-36.0091645602601,3.69526211795625
2064.61533695527,-680.830978126244,3.58233946112997
666.960387856729,-1449.88263093959,3.53856696287795
2824.14634269682,-1100.60250574921,3.59127168027555
2349.07060085273,-118.017295424382,3.39877061349114
3634.80170192478,-2194.19636155647,3.45208016208436
3294.69604548838,-2136.43325389435,3.4707119500806
3181.59177730168,-99.1774962724923,3.68286426370877
2384.37381943673,-159.222285449114,3.55125612620502
2287.46209216782,-565.519536872958,3.44344131360817
272.643645018005,-10.6750710100025,3.52498557937502
2346.94279880179,-1410.33845537457,3.57220979599978
3285.2031172553,-1758.53610533773,3.79946604897756
2565.6812683145,-2023.74534973188,3.72769042310881
2314.17300050952,-1963.93093926414,3.47800312015374
1253.67111029714,-1725.5141020999,3.69728136791864
1837.49340570869,-1362.03462699815,3.55273622035912
3841.92344653059,-1669.30995321068,3.64286741060781
3476.42092488526,-1028.66509879445,3.41041128519937
1874.00444864332,-1377.44195961264,3.65339164572407
3353.53673159167,-2199.64657477329,3.5952169480327
313.525931252355,-1335.05586147793,3.63514099591243
1942.14107571303,-609.689259296596,3.4586639403482
1487.76148878411,-169.980310835691,3.43614522668696
2992.71910000975,-1444.77904309192,3.65495340475378
4043.39625701829,-2057.69658097695,3.63003708962635
1308.36490722723,-452.636070175577,3.65713452143113
1681.94689367542,-2166.79909431777,3.5832867967828
1535.67874622657,-2124.68996295087,3.69333669668209
190.832971785031,-885.870981465969,3.55812224759975
2473.64597160389,-2116.40794241422,3.62904876404875
1780.63834400023,-786.939283754075,3.59524603063968
1839.63331169122,-601.86732586291,3.51556449711884
522.605795696974,-1555.25746335556,3.69555630114297
2727.47439025451,-279.676275812501,3.70501956027263
2357.02546397741,-390.620300106525,3.61440955845006
1280.2846134022,-157.357128358063,3.70026651278481
2825.89635327889,-1200.08959998329,3.50944186290058
2135.43652357625,-1294.44003365594,3.81454513697153
562.03801049744,-1909.98853369237,3.4795144937633
2054.80967180566,-1818.17346812791,3.79872391737071
2838.36728868013,-1583.43798387627,3.57617493889613
2966.10914992319,-2086.11363224453,3.68610433262024
1186.95736294602,-6.09793686551475,3.69827731672705
2293.29126106875,-1088.638799581,3.74038142287524
823.125201637277,-820.153622309621,3.68366688983558
2549.01871592118,-2156.23924027541,3.66801214208335
64.0681937227903,-1516.10168528885,3.73326418857564
3896.72707479043,-460.05748958206,3.82632391267822
2834.6115005596,-710.87067317286,3.71183509006321
3724.03243807785,-685.597074846362,3.75117067159842
1218.1176686341,-197.885113864305,3.70541380753261
100.697596294761,-1323.50320247579,3.79191271114552
995.950020291267,-1165.38334536562,3.772253476615
2380.84097842607,-1354.45746792133,3.87543465657901
3254.48827131036,-1131.24059106397,3.84259590890255
2999.32486433571,-1674.79490779459,3.81021400559145
2284.09346776471,-295.440409771463,3.76013471404165
1003.318826497,-899.488609270662,3.81458081432376
1514.70244578449,-1728.8943667721,3.78373429246274
3130.96372996467,-1994.14844664292,3.91721522210079
3732.53675342853,-299.006218868389,3.82513831831375
324.086630771464,-1728.6400235711,3.91231254022942
1865.71447409488,-1995.8011442871,3.78462510904012
548.383662650819,-851.351061426283,3.93979808913625
371.376434228911,5.70544946158348,3.99702373345271
570.455464115436,-165.826735457977,3.94536480847766
3064.94090442173,-762.62533306084,3.983440289952
2702.93615148438,-2033.56958260432,3.87171472870743
167.496923540365,-306.549725950246,3.91275709013247
1359.58635077878,-1040.88196583338,3.8188986486308
1600.26764357574,-1322.38906357132,3.95134829890323
354.013640188545,-759.850261734497,3.76337685956832
3752.89629905507,-1027.47312751368,3.87227964365601
2871.79989895264,-12.9858328762541,3.84914254960592
519.731714525616,-120.921350226798,3.90023035702045
2424.09831216054,-1004.99017090598,3.82632288250322
3343.47257525726,-1359.92510333351,3.82203042928145
2809.44214280748,-387.070800273857,3.81439056691042
255.175738427741,-693.980405397859,3.92367695796537
3781.89136775036,-1519.09736570086,3.90511819485103
2462.16218060606,-313.858193582068,4.01407782716915
1090.75860679131,-235.19186201171,3.92734434795885
3015.24103548744,-298.029894249394,3.98027257897285
1947.05336919471,-219.070813262313,3.97974226770488
858.141970888541,-548.885454717868,4.01937588928455
962.770409844611,-272.336727638421,4.05700095730394
101.064637131958,-1097.71697064303,3.8956772247722
749.326835196764,-1133.57614841262,3.9968183544985
3276.08740097133,-187.695865211468,3.98253609528887
2985.7431381161,-26.7475014706919,3.79643187116558
93.912906302731,-317.659373253079,4.07875372750934
1146.78528560194,-2219.27140613733,3.95343672591293
3263.1466887272,-885.578312881917,3.91672119120248
2597.24294413848,-440.433223605618,4.10453114048877
4000.1609576806,-1312.9105608487,4.00842946748748
993.055293811422,-1880.17671011683,3.98115980516982
2238.63692081908,-1980.23880751177,3.98619740883278
3312.54059042561,-1906.71978360592,3.98312685676653
1758.33343741937,-861.822850848726,4.08077858413956
2947.15855048682,-975.142456305442,4.00391387995532
1570.02382891016,-1081.71872761522,4.13623925764283
3309.45306753868,-240.374151659583,4.22656229364621
282.653385255164,-538.42174212584,4.23054814887963
3084.17579479598,-1951.10259561726,4.06334685434038
196.247517984067,-395.724401534186,4.19900022286545
826.743187367046,-1346.30084616879,4.28328008728675
3767.33377958486,-1440.94854586416,4.08480962584385
1250.05356190672,-1524.02970798981,4.36252391315753
2730.76898984601,-1962.92668186842,4.13924367306566
2444.83454470593,-231.575361906192,4.09124530603926
3459.17260263958,-25.9525965216455,4.20639830621596
1241.55607254529,-808.333031895327,4.26001208167437
2586.57940228909,-734.767086028562,4.35435016859027
402.473549262234,-99.6972280945198,4.27293076530755
2345.23387487813,-1814.92967929356,4.32911212944883
138.359905887392,-1177.07977418717,4.29743066890786
2540.22591631353,-1930.95868213748,4.26181244250992
458.873751048389,-893.413984429523,4.38002903893478
2103.13804622891,-22.9800593790595,4.4162998602939
1261.0674010728,-2160.0149143021,4.26454370073087
3052.0025439585,-826.975756941927,4.40185583327631
2289.24240667729,-353.86909350482,4.4686419866572
1821.92875658704,-2152.25375260633,4.17793045453038
3447.14232927945,-1660.82523952272,4.47824501032571
2486.21491924173,-1315.69298068794,4.51553941897851
2332.95527115312,-664.626032195667,4.49986906014544
3333.52135493245,-687.215368126483,4.49175788289883
197.798715095756,-1259.37821820629,4.39701743934243
1727.34004984498,-1368.90924173866,4.56055527746034
3958.52083285345,-1393.44588431881,4.34917302335646
852.983833952421,-1102.86454720762,4.57837833428642
3041.07724060256,-2081.66353097111,4.4102678550676
2057.22760432844,-1397.41872270429,4.40090458227349
2924.66578639013,-2033.59795087139,4.51628997219548
3131.10240900563,-1087.02140803517,4.82866078426467
522.741560327548,-541.353296086898,4.81350875865174
2572.55839321357,-1606.99516625116,4.75055032757786
2978.53455577051,-2161.17331527209,4.70945172621533
2900.14020489313,-427.327094002406,4.85263466357875
3620.04975716633,-279.519637082726,4.74188805460138
1120.35868619602,-1435.55357618368,4.77931797018267
1554.45839818064,-668.580200915663,4.5538851397428
550.491258668742,-1203.56848159167,4.47186043395213
448.697307550909,-1291.15950190691,4.59394214131409
2178.82541421452,-1871.49840413675,4.88213336670472
2669.55428185351,-2104.81952263633,4.76817455891133
1354.34464637518,-641.311827036437,5.01752669101382
500.213410369433,-2076.85057729484,4.85044629773476
2956.16670048832,-1955.28215255374,4.95666312985389
1937.29147702217,-2186.70217783587,4.78346122517931
1125.30970818984,-1981.35286395357,5.09579979564115
3215.61938718767,-1254.97463685038,4.71198979558132
1684.70026925268,-490.479758974239,5.10755596206842
184.520235219977,-669.804317704504,5.18187320927188
2993.08692724342,-1188.76120083161,5.19714366177302
2894.7052967855,-225.187062662179,5.15386986312754
3449.53999231045,-1333.23014785677,5.44162050729325
3307.69419984436,-470.450431054209,5.13387598321372
1536.59100246151,-999.028557550377,5.15553909110228
749.807830747761,-334.802722773504,5.46894155210448
703.469403967809,-1654.31746090426,5.40539742064299
1407.087018838,-1173.61676303355,5.53448777428893
603.411118632023,-1022.44126135612,5.68677161066998
3643.87467399441,-2103.4143070998,5.78239145294677
2629.09509615698,-1078.36938995906,6.16009666258666
3383.44608749758,-218.413911523096,2.76752326810646
3212.8496527896,-110.136391004098,3.06638775386458
2710.64179548847,-648.611650621898,2.76298521190757
501.805417113135,-1900.11229026612,2.95586179455149
2087.42177647021,-2161.52940908718,2.81949000372766
3558.78414490607,-89.3274237766301,2.87354217180593
442.496607719403,-748.05785667383,2.82985449031874
1661.00283854327,-443.930865488858,2.84344541692284
2353.35205168767,-2053.20999102367,2.93768113129615
2986.47351758149,-2031.04643496857,2.98238073009922
2669.03207736741,-922.457945901893,2.93550163413301
385.590814953119,-486.352068227012,3.02795623446766
2632.57327550204,-327.355802884717,3.23003570396479
1805.07875831341,-730.06637023644,3.1499260313225
1587.29925808706,-2064.2384517499,2.97716548292126
2644.20893686592,-361.447063105426,2.77408879889105
182.785022412831,-618.031410471642,2.87273666918993
1726.59229083786,-970.651577374854,2.99137128776121
3084.51749809153,-1083.75489223786,2.796559401818
2458.33909347418,-153.494545230008,2.88672197884573
2175.8971864603,-1317.13681701266,3.10583338723962
3671.34400795381,-122.788450401527,3.37294930549101
2213.347001334,-47.0450774830211,2.70743378828836
1703.1245706906,-841.463308308552,2.91424422299041
562.868978368738,-1493.33420994543,2.98811703189644
621.160757113017,-1419.71970697188,2.96382988442606
2685.94666105485,-32.8541263089986,3.0070866159975
3177.10840639383,-1606.04613119163,2.97980912619005
1216.33450973849,-1931.92797362788,3.03050568968227
3742.52348367662,-1732.70783985265,3.15318045107179
507.090949795769,-2159.1615520281,2.70266578235121
1431.45120148417,-1776.77047376118,2.93495241270066
915.364043505755,-188.855445358558,2.65113194645327
1139.72587797742,-296.442826968942,3.01260874090626
2268.77940720206,-495.610067005717,2.90487883255931
3262.24002198645,-365.227903411097,2.85971000762972
2384.10356368227,-299.131397325425,2.71959739515993
1499.48669099372,-1004.03978606572,2.96462057016436
581.526357621418,-212.315698518931,3.47028603071032
1616.26359242003,-1082.33471240447,2.99101921246807
1528.01081107923,-502.827738774912,2.88400695173887
409.382763535892,-1037.42452391907,2.94474319126439
855.073636618178,-423.942019835025,2.88771142104927
1795.29642338224,-199.355364498603,3.25616581709434
1426.47357895539,-81.0236757904476,2.81125795874636
1601.41236557027,-598.706172816281,2.88297653777063
3888.31457286269,-1304.89882816082,3.09541962366543
3435.45713618346,-253.504873324896,3.00252888924515
950.581319215579,-439.699731941198,2.96693508552996
3430.78037524369,-291.1233232922,3.17860579509074
2406.7254847363,-686.803181681386,2.73726351401384
2878.39614969577,-472.134639552132,3.19242094358682
816.885252470468,-577.570336049293,3.00970061492292
591.640092133048,-1505.13117761367,2.85547084763439
1461.35622213516,-1713.17965514386,2.96750243221615
3430.92562100145,-821.312133087181,2.90792593898325
1123.72697933345,-967.488235504372,2.89898886641874
4018.83856673763,-63.8626195992761,3.04898061688115
2315.06950516556,-993.424832665617,3.00912078579891
3534.26030551805,-366.146486648848,2.92134291665636
1394.26670019137,-100.156792076938,2.85266009089569
3392.65017187424,-1966.91899071046,2.90299204867667
909.108969653927,-1527.15985059244,2.96722557532834
2014.04560351089,-462.819829254595,3.25744992950369
3179.68727572968,-295.135104693084,2.99833090620225
3512.45082121366,-532.91260519259,3.12535763856309
243.547981778918,-111.231669209065,2.79296739758863
1031.10839047414,-127.005740147491,2.76011999023718
347.926467395445,-523.465675340502,2.96641189636408
3092.22007286982,-1799.10671048154,2.96994974809347
3908.21559566499,-8.80169967059874,3.048524451091
831.586703107728,-378.457216173731,2.90095351367074
3140.30937901888,-506.428580283119,2.99708627955219
3729.70674450549,-337.373860823541,3.07184095155921
1318.97889871355,-381.94014991161,2.90241135320659
431.24949762336,-1874.29422708662,2.96401096485374
2273.35052280865,-708.289540757637,3.04089267767079
4001.18622448777,-100.767799982938,2.72470829987814
2073.87164520326,-356.628700742745,2.98493377822065
2110.82241098944,-273.980728525758,2.98930393638585
3533.22196049722,-883.555949130932,3.03041940981735
688.050874354333,-77.9986752609135,2.89958139417623
1146.27827841931,-1445.83664583184,2.72497141434272
2797.48780138408,-574.408092809841,3.04472624628146
3613.28770905783,-621.475989153759,2.83333304077458
1633.35023183905,-2134.40237701528,2.93225945746309
3167.53011668764,-298.84630905822,2.75422922161754
667.071910897415,-449.19100935782,2.87399362950151
3357.4344806944,-535.324825856842,3.13334482221308
2160.62259337562,-565.842525441922,3.17357187615201
3044.73951963077,-1645.06250604332,3.16055300822903
2039.62794896286,-76.6988778236605,3.31228355261901
1286.89732027076,-2106.95485838159,2.99971010684292
2768.48107011797,-1939.98810756476,2.91949031376641
2742.31335955264,-1836.90901079733,2.94085761553878
3575.74164668692,-1892.07106247156,2.94649058161261
4066.85636219188,-400.752024111748,3.09122420907268
2594.7321779843,-30.5804393376117,3.14833072232759
489.086875557682,-1473.95269322252,2.81724583952303
2452.43998406089,-201.00350445208,3.03783379524345
1121.01980930715,-217.933331113218,3.09869166816089
2202.20442922891,-1647.74802546619,2.99145006674009
2037.35481970704,-268.215612253321,3.08874277808404
3120.77198422254,-440.830174681509,2.89879939029809
1920.08908789502,-415.225096414156,3.08485513170912
1449.17144695051,-105.277313192965,3.09416127850695
1312.56036868456,-1415.77416163136,2.92208278810792
3210.41161310681,-410.980820722201,2.96970690074583
2015.51842995416,-1694.10838795856,2.80234336236272
2327.34500695298,-2215.05007898699,2.91440171934497
3110.30276974518,-2199.99454293881,2.96356739875698
726.525473445719,-1024.16734062383,2.92798197409925
2979.53780772764,-332.441146394414,2.97623400757736
3529.55401619851,-1672.4123608313,3.00838756409421
985.651406966339,-43.2525456529738,3.39043277283973
348.20043309035,-1454.57993991098,3.00252112228934
1494.57265871342,-1216.6704726575,3.10782826170747
3355.24403087941,-1883.05668833254,2.91284780558314
1130.6882289419,-52.3065161210707,3.14022303767306
1207.80643116362,-1081.14963162825,3.08495902049437
172.242575009793,-244.827210748297,2.95162946679031
1334.75704481281,-1651.35781328506,2.85377649175293
405.201768130932,-66.7937804947025,2.85188330792736
1542.31905633361,-236.247840963487,3.22832726430254
1204.90933535992,-96.1237181461348,3.08966915068226
2394.09838513846,-558.751783855814,2.99917494163289
833.574531534458,-186.809168611483,3.02089486531973
2485.62348813127,-361.081624598193,2.92528659650548
1575.45826171934,-203.929382887964,3.35693957265494
244.5262915626,-1733.52378138531,3.03997973691106
2023.97556586733,-2208.38865068735,2.87988474528538
579.377943879701,-945.965051448572,3.05667740068137
188.860841084698,-1642.52334969508,2.95823486038512
1308.74664582055,-2119.07720757682,2.39814137172671
1164.29815817516,-170.626667770072,3.05167755927782
1782.61878683542,-1923.94023566808,3.16770863727186
3268.23697384117,-477.271954926342,2.65485824082083
975.480815147424,-1548.71485548276,3.06217283908472
695.379369140865,-822.771878061708,2.90638641477724
1514.70911087845,-400.688514061903,3.01508171463468
2998.92649369083,-1743.95471510555,3.12778322596799
350.508154085195,-261.384988474309,2.78338145052508
2271.9901011681,-177.637155767025,3.01477901664532
3002.71702531968,-77.4661958150475,3.026581032331
1412.06842823711,-220.172146685782,3.46787173036018
3435.34237451127,-851.531707143467,3.05247349467231
1185.60369931672,-503.477915380356,3.0066570237486
305.048640414435,-13.8219936928318,3.11118917367709
1066.95748563551,-51.9468630342722,3.65575406230087
3306.89327041438,-465.124875941696,2.67278796465804
1858.29987384724,-18.2900841796113,3.40543638962054
3334.57275094693,-639.698768134121,2.94793931130138
339.032471081723,-1588.74064621461,2.99806900050205
2421.80722883985,-53.3128497743257,2.6470507938884
1119.64649626666,-2187.9222029173,2.96070231618267
1218.92756431279,-431.992536807927,2.74372512087258
3119.89172776806,-1706.50684997994,2.98445554026121
3336.17693952243,-878.995880812166,3.08801491039241
3098.12545040216,-2109.78087251435,2.94548316560659
957.988442951498,-2125.00014416838,2.92600092387397
3501.53475359343,-907.936889518302,3.0620815534103
548.014306133082,-2125.43049588916,3.04151817914312
2508.40221738349,-438.809754009564,2.98238584550092
3898.92879425515,-367.162658949687,2.82023912777137
3449.16472818236,-468.818758700787,2.95286991809397
3686.47752444749,-494.231928379943,3.02567190934787
3713.89703904408,-2007.83450233285,3.19000813983522
2963.80832565338,-1379.17815279833,2.86941396645019
1091.59741581026,-109.430097403389,2.85537983643145
2497.84301582684,-1933.398359775,3.07959457224226
897.415951016378,-92.5382274554751,2.96580380226197
531.787459699123,-136.666770671614,2.91373813913138
2843.65953637554,-550.760895313651,3.0638783697767
2088.47629264951,-1956.43295489257,3.04037458809777
2607.30763594525,-1949.60590132928,3.01448744072972
160.59059835018,-1530.71497269592,2.88975709222884
624.87302616129,-1397.92602734293,3.07266073074447
361.547264843496,-129.592454774158,2.87913958379115
289.477607727027,-712.643138295479,2.9251643903427
1253.76430726215,-1497.33814848951,3.00417365540055
3041.57660371581,-1954.55390672439,3.08140766564709
1668.2064643496,-142.819280577252,2.8350170085986
1655.97657197736,-61.5257160153634,2.91512291303857
1107.94203296062,-1596.32621390787,3.03237383743837
880.206794914214,-110.227922721123,2.78430765502856
235.550569103066,-1791.03521597882,2.92876791834587
82.7038904419138,-59.497847310113,2.80464556871018
3672.44442348925,-1439.59759312301,2.87940725804545
541.974573953697,-376.877695569858,3.02530898747924
2958.07347227295,-105.934770173016,2.83653440031697
609.785463600369,-430.442422585541,3.0726633564586
2827.13748280205,-9.64252518055179,3.0093703814144
1277.55420267186,-1943.02932024422,3.12968850588348
3871.17146453764,-290.301611146833,3.04763447341796
2153.84748073213,-1585.79576624518,3.35156974236781
72.2829066494716,-2099.14457515748,3.14557574785736
859.900827317143,-1522.39250786879,3.00905776523177
907.952992501401,-81.578792645649,2.90463671600283
3178.80753879003,-459.964300715442,2.95659188003477
1700.88317326482,-101.588147824812,2.91973558167731
102.556478849338,-370.27291979539,3.12220531140014
1782.0193473555,-1131.14671171522,2.95128549541505
1978.05053596911,-451.16698793017,3.04973616391852
3270.61015504231,-378.532550062411,2.95048404450268
1314.02025001098,-221.188696879979,2.79257549277159
734.516069416005,-1190.35663697466,3.10772636915418
1282.99966244461,-94.5795224320676,3.05005233518533
3285.0928156117,-867.275903537529,2.97847417135628
1218.65779531342,-1554.04945971552,3.12429323053837
362.85786957639,-884.321622059412,3.0470819231609
660.834276603038,-895.972205629494,2.94442855474715
583.886892459517,-1601.49473249461,3.03618712983529
3712.20453782161,-1672.67751763923,3.0261898162003
2418.02974986372,-233.312051869798,2.98169508893622
2807.77317911217,-1960.48394821752,3.07244261817231
1716.54879876907,-1918.10796362511,3.08437165429187
2318.21546924443,-156.480558149413,2.76968583622746
1273.77899310407,-201.747507573873,3.0188091302992
2178.96234673519,-220.049496010798,2.98462758761806
3181.56464990348,-661.681457635347,3.16215920763899
1929.32818373064,-106.674036456625,2.80928388309851
3715.60381041248,-258.667891089682,2.85882730569328
3754.65705665469,-164.325359462077,2.98105060386548
1580.28831374817,-255.988976176275,3.11829931861836
1030.93659070213,-1620.19121914294,2.98778081795107
1050.22697354211,-1576.73873289634,3.04946689012531
3690.94576548319,-20.5198622582837,2.95289556072124
2760.98317077042,-39.0046635616472,3.02129441145708
1388.22790480844,-146.446488788924,3.11038611936634
3104.28317843857,-1976.85787821131,3.10710025803781
1010.66667039829,-1027.91731537143,3.30747758357399
1927.5958598896,-474.804969086599,3.11707266241387
3342.46836517084,-1793.08714778154,3.28975980910447
397.754060053964,-241.194693954153,3.3428356106996
2240.79906711294,-1761.4933278509,2.98769945860423
2552.47765748796,-2138.62965505007,3.04893677798441
1416.39447741263,-1970.97938755024,3.17745505415086
512.860862066823,-1752.92675329005,2.96561086616137
346.202595808388,-273.884682663239,3.0555660073102
1795.11220242065,-1647.7325523084,3.13047178367221
1901.78772506132,-2181.61468347318,3.09382026420453
512.596591853392,-501.704998179234,3.21762976528415
655.612001946357,-428.44342294005,3.03728567011547
868.828874115696,-418.950143262439,3.09363079132978
1057.10275982942,-347.95813463435,3.19354919508726
1361.56405772825,-148.977814610198,3.17968663947182
2020.41248338931,-522.282996428701,2.96673509987929
476.125560131575,-144.990197252111,3.17406063768668
999.535374568141,-247.627910429549,3.09170423216405
1826.45405790613,-137.002789910531,3.15540078052704
1635.77992232505,-299.559702110753,3.09555626610398
1965.08726043468,-1406.70260035727,3.25063371136681
2611.39718859012,-313.662148953563,3.12952261045859
1636.46398468029,-1020.18648946731,3.32526328417981
3606.19102123237,-743.544359473797,3.24847601502149
3981.42376760158,-539.749479296881,3.22130838416446
3326.3308648821,-1713.06099497067,3.26096063990639
1312.08287626253,-1603.02734781523,3.24233700613938
1945.25030558749,-1495.60555714307,3.43347454682929
3626.41573373254,-934.159125119894,3.49564663182364
1987.39506828344,-556.360852717555,3.20089145080637
3557.48106218316,-1629.20509357823,3.43366076627269
3001.15698370892,-1641.57129407546,3.61976722869604
1181.8222594846,-1910.33907594996,3.12581728713495
2894.67842755121,-1354.28761815503,3.02511902445585
2602.05756177552,-162.652864489483,3.21996643935079
628.581376555319,-284.442541529735,3.3740992901227
2408.59913776044,-2210.0598736501,3.30437475138373
3689.1646972734,-521.677456517386,3.5048682391962
1940.80076637159,-765.56334448898,3.52276247112916
681.935655213651,-1882.04224663108,3.35230675343281
1832.80660603354,-275.757304337325,3.49548563406618
1693.44874221296,-187.350197007229,3.14112624509238
2795.22418052426,-1380.69996260985,3.40304233957238
2415.10263844243,-2198.7636252402,3.43955792172978
3350.02837131688,-1735.20244198801,3.57214172327473
2526.76099191084,-767.870567661809,3.3219075337946
2815.0624925083,-160.333375539799,3.36989969695293
1886.36121526374,-546.746943529889,3.48121588075701
816.010538080845,-326.615299098321,3.39441100015307
2325.81389611591,-1500.01875799604,3.43219920905487
1513.03536892521,-343.828932940473,3.48906326840694
1449.55997323698,-370.730040738776,3.86463969763793
2567.52981570155,-175.893778226377,3.33528439930918
2960.94257239502,-1473.99630474136,3.49846747828323
1483.02063453705,-315.903830020841,3.5647299795091
1450.02739410784,-263.019832347072,3.61021102950871
311.158576993325,-2205.40678029173,3.85563286948903
1317.78414714797,-1513.70051234561,3.80352723919905
522.544309837323,-302.672039902172,3.77092114083093
1917.13445281528,-175.674381422999,3.7183856876547
1394.30119771083,-345.487954176126,3.95394540350397
1597.5548316521,-1693.13926196083,3.95547375374482
2034.66514893518,-215.254901625948,3.5749132205114
3007.6824801203,-1831.58652854456,3.83051359878311
446.626560546373,-350.235624159749,3.82693860902518
1942.60034124787,-494.799043370394,3.82582188117894
1323.70933006275,-183.778705629426,3.68541107109423
1094.63790645687,-2123.10396369354,3.94840740009639
3435.90916647088,-1830.86739262885,4.08489804984896
1165.44911245008,-1513.4359338811,3.91528237653356
363.138306576702,-209.132126819045,3.69427544100549
1539.62990468123,-61.9746736090191,3.92337710566446
437.108891694969,-155.917177386237,3.70475983260278
1035.30805439893,-65.0228477429606,3.85640252714269
1538.47436887809,-1688.75893566918,3.90605821941915
648.578927331209,-182.131811585227,3.93407601233406
2319.30472511269,-513.459482055102,4.03764209125177
949.03661998334,-24.2727274483863,3.91251107138129
2385.13830208669,-1622.02510887032,4.07613876728429
974.642012303435,-61.5520500616436,3.94195885161017
3439.5680492841,-1583.60083157479,4.30325350799062
3887.77831297767,-213.61235601767,4.00652489158125
2755.22492589644,-414.174249645167,4.10258550730571
1874.96105096215,-1631.66862348588,4.00608140722173
624.714716083167,-594.470471064584,4.24246948598628
1306.83677330631,-120.087749295249,4.03937940463611
2966.07769550496,-1942.98580350315,4.28132979885739
3509.41358229635,-481.749739227803,4.29854727081001
1443.67721996494,-1448.29205486052,4.43754981562999
2771.68203030969,-265.263110560372,4.2921983107564
3975.50692541169,-427.601998994338,4.40070862661769
293.890371589638,-1858.37027415077,4.36264245137687
2231.92367293252,-530.886368099062,4.43598766006185
2292.98129658289,-435.444936832469,4.52814939647219
2595.9997404769,-583.582415590615,4.45174981094249
1095.16837894008,-716.810328366341,4.56740289731949
3414.26414333895,-561.771496159039,4.98373677333264
1513.04896653186,-512.618856247931,4.98325224735316
3658.40004126718,-1609.91623777698,5.27185635289372
1710.34955605656,-77.2671950856564,5.23903031960121
2869.8486866954,-444.364024994178,5.41697162968612
3224.23718337128,-280.920243382195,5.50845038487231
1837.55655213407,-1253.24590147648,2.98595915483288
3077.63761537399,-1050.94256982295,2.79918871841004
2805.65441268803,-1262.0366751465,3.17449322014398
487.028862605277,-1789.60097271071,3.11845998411878
1682.56259173928,-495.915111313145,3.02668540580718
699.053090634555,-1702.49993670137,3.21264512490682
3309.96251314232,-2163.97290249726,3.05099906809934
1314.95452521927,-643.642093852437,3.27165617882839
3349.85331175629,-729.862120882432,3.51787332769997
4010.49827148161,-79.7118909284577,3.26356623891975
3368.32589153194,-701.994130299185,3.26432101674672
2587.10242374534,-1675.0476520577,3.37551610180812
746.700169485647,-333.60067082969,3.5408147662757
697.5450547718,-2064.82497902794,3.66794449035384
2325.14660384443,-1551.43490117342,3.50488605644283
1642.34473239178,-2107.46420904706,3.70227805499203
1498.60764655139,-1519.64448021856,3.59371402300903
780.438623794802,-1939.69836186472,3.82041139510741
1664.88630252997,-733.25551030189,3.73830732443963
1679.88390793767,-2028.87590178817,3.83807632246573
1725.92533904442,-542.21619992183,3.74791121849638
1261.71473958593,-1419.99340432161,3.96007578402436
1693.55251363198,-1184.4713545453,4.0577304238433
522.680621303448,-2195.68313146904,4.09749867455762
3776.20185355878,-904.528530522055,3.84283271819201
3922.56527055472,-1171.06407578681,4.18851889565612
1644.09422402014,-2072.01551059368,3.9339331685334
1132.79008854487,-2162.09466968367,3.97548816968921
2281.80612242001,-2198.90413469291,4.19001323787093
2745.33467254969,-2078.92621810416,4.07920911602546
3822.45175481271,-1079.80161239015,4.387719954208
3708.23061644329,-1553.76420701942,3.9337317957964
2609.96860766407,-1741.51197915121,4.51996773840802
3897.08951836046,-1015.48162985984,4.42867441053119
1875.74077769773,-895.634926842259,4.36423794438519
400.146688255284,-105.530104167289,4.59635955369245
3920.26964981487,-298.485911108016,4.7634955662089
107.700898351096,-520.026932452533,4.77821928650954
2106.74463981204,-1041.12301828737,4.99139054991643
2274.52729190863,-1719.08997950925,4.39673597361095
2034.81021584139,-874.160005996425,5.19763080369569
2313.93723878889,-866.386475920328,5.23753265298924
249.52300503385,-207.690320271591,2.48073926887636
3662.44546937245,-1531.90855496432,2.8922062168007
3044.25563936054,-1464.53436306967,2.77789951856821
3108.73565770256,-1357.01511283923,2.93705480239177
3945.46250734224,-1355.2731845593,2.9398175949023
3961.71852150103,-1446.07512901046,3.01456507727644
2909.4670240272,-910.389084959188,2.91940371434513
3696.47709023317,-59.7352189974242,2.98838541050982
2144.18463956399,-395.497463410337,3.10280092539508
1599.97915872656,-961.464443933944,2.96490552849422
1550.97740886145,-1480.70396270337,2.87453985477931
213.967887418373,-1950.22257368387,2.88782348289293
3307.30729227373,-369.189108116433,3.05286653285773
3775.11947475954,-165.180989054101,3.00759565073608
618.984649111924,-1197.95872189258,3.2994486104718
2369.65641593886,-1161.08452191197,2.98852665577793
2643.4303097575,-1523.62058768292,3.32126860550357
3336.1905264128,-95.5966473724196,3.0239386934815
1590.28298828714,-1594.01432868408,3.04154845191167
3027.76725808635,-1266.2322445509,2.89795569170858
2031.69148841668,-1138.71290735083,3.01229434273947
3480.01176684837,-2168.9502079507,3.08548515467934
1696.0908127783,-1420.91052403718,3.06090794553602
1200.80562732212,-2127.401770275,2.90608725036236
941.178742672435,-2102.58298018219,2.93977789230402
2520.50741008327,-878.278680195328,2.80405453776815
2928.10237432522,-315.739483755039,3.01183065854156
3875.05665086181,-1117.30836431591,2.63449945379545
3955.26301833808,-2101.16100575756,2.83510962266134
1487.67410719567,-812.02682204609,3.15417901090778
3517.44579724827,-1944.58712543234,3.00415617839948
1030.69342581207,-673.781349254904,3.08805339195158
3828.78861873711,-170.702283819191,3.19981430204217
1225.15659006834,-1607.99230737899,3.05379699919035
1766.39467351416,-1994.65268259001,3.08202886463216
2947.73698910772,-40.2312030453765,3.24183278456212
838.959351133683,-803.725593545625,3.07779926618234
1172.54247657714,-1806.2143319006,3.5220924952656
892.754572183503,-701.883804283401,2.84037290443496
1659.29004201415,-1991.12883675919,3.05607897759564
1294.90869201751,-2034.34584705401,2.98686328048883
624.825295965519,-1784.01806602059,3.1921136760654
1816.15533643052,-1050.81489810401,3.22986527309087
1623.8715892877,-1746.74135992845,2.90692261722032
1166.57454160427,-316.483306187056,3.21136579818097
1121.04014046423,-1704.63909455224,3.40279874043342
1156.38936362474,-1624.97804094276,3.32327807337138
1486.30591416925,-500.591666106336,3.08646168679595
179.603565451726,-2145.39997058241,3.16648413901649
2804.25517777189,-44.1906979375628,2.90502639347494
3140.3144408563,-1777.30881045858,3.11992490046498
3110.82042500105,-1867.73492909499,2.87507936285121
3418.9709331562,-316.503272060023,3.02841987972084
3896.94822942225,-1792.8118427214,2.93137747176417
1177.25243795052,-74.3085426492295,3.02234066525831
2412.7397836588,-1536.42098993109,2.7916640254349
2934.7015057502,-1650.41016269701,3.22483756528362
3830.7222485717,-1370.35379431075,2.94329543467599
2266.10127230425,-1392.80239794464,2.28005536506817
632.482792967212,-1935.20249980782,2.98874839908487
2094.53310014098,-636.439740419371,2.86549264651643
3319.28318210674,-1186.03268886326,2.81969821575273
486.9383609704,-1043.43778730701,3.03925693275183
2855.76957106655,-251.293508498521,2.82240287905289
664.654243077238,-2202.7013740005,2.98252018566166
3312.30468938484,-1510.9754600931,2.73168794856946
1314.28308673591,-1454.93140111192,3.01823702232369
946.212079032997,-345.104786016109,3.07594859790069
437.943688052566,-366.679229150937,2.71300324732063
4010.83717978769,-897.411426709093,2.99473071192429
1150.83316641255,-1674.91297518168,3.21481061478824
980.815347443622,-490.540666014235,2.97197063164828
3019.3221838169,-495.266390236834,2.89368842466346
2935.96845734294,-1062.32737936779,3.19341594117179
3819.90683635784,-243.881075982365,3.19125948317224
2877.46475004587,-2060.86024225989,3.05462957658757
4059.87991788168,-63.9709753801101,3.34185830065511
1867.65503148357,-346.2093034259,2.85195728363214
1910.86971666705,-1306.51687405791,3.030171236352
1199.93474441969,-772.652288689771,3.1068291567108
3206.21963149965,-1887.91487595035,3.48241285224677
1396.99247689881,-2195.7665331541,2.93549215180392
1764.31337215516,-1041.02984452743,3.08883888669543
1804.53974756898,-1947.79796929336,2.95543545495969
212.717226159085,-871.983390096225,3.11679493700167
1827.35934696505,-645.427910498893,3.0579664718717
784.442865962292,-586.849875678092,2.7591681568053
3475.32520952329,-1257.0182726187,3.1366567762943
3611.75472914147,-1245.62539731842,2.99486950159911
1794.02211217275,-1385.79691100367,3.15353148186854
1032.49065230255,-1906.30806088521,4.01435268713869
857.407815450301,-835.827178360258,2.93175286685791
691.176423727421,-399.802315013297,3.01268042319403
658.590127254629,-1481.29163439207,3.07352610737247
2350.42874471323,-1955.25701157229,2.85813656860737
4000.28560861701,-725.736076090778,2.90601083226064
2923.06300463694,-1943.51941980809,2.94076255401462
1241.41258861772,-1085.87019844995,3.0870014306861
593.024158063614,-1841.90175204286,2.98247869031917
444.056555940623,-1995.70315378988,2.94400578814075
3805.36112009989,-237.319170543775,3.15260245375221
1853.92395809243,-42.5393128740253,3.14655562479857
714.182766897544,-550.513243587451,2.89446343034783
906.096367281283,-750.539846853892,2.95709601860264
2233.8630202103,-549.725171552406,3.03395908547261
776.11736478217,-49.9235341382156,3.04420551345592
1846.00097122356,-55.2575562931569,2.95031516483191
1549.39168152893,-629.316487809874,2.93119989309949
2231.12865657486,-1241.73322749635,3.19371367908007
375.221960629569,-1067.62971716844,2.98095709751537
1570.71314647277,-1339.76991238651,2.76304676778551
1119.01560244174,-1808.17112228371,3.29085235774084
964.9363464485,-1208.13683372002,2.9829093621548
232.291099356683,-611.367759611392,2.84003519033237
1551.74961846704,-923.322368362647,3.24836016973149
2654.52247988179,-442.575446938121,3.38497772455478
1346.96536014985,-1601.9267660237,2.99779096444391
2505.19282744762,-1781.44950009427,3.12036052795734
3961.69766711896,-291.041016856203,3.49095169065218
758.88343270137,-979.993925648498,3.06926861850737
2107.28656610263,-809.973028424792,3.02706890162729
435.87340470361,-666.929146969223,3.04277561590935
1682.04460048194,-215.363124327517,3.31632823551137
1434.07269182884,-1872.91099944876,3.18905765358586
1384.70622410395,-1424.89330358933,3.11575003097917
2319.53090916304,-1544.92276441187,2.94015203871612
3095.5714346454,-481.779515767889,3.16596226166933
2730.80451221822,-801.40165933917,2.98958191534739
2967.37557251087,-1406.49953141672,3.24803088480712
1467.35548183722,-1360.09620389019,2.87404529546259
1556.87880223854,-1220.95219856613,2.94353354945672
1755.49538203047,-51.875724068322,3.33433167227554
4018.3644258636,-124.340906816409,3.02457698385233
3525.24190368875,-272.516137988151,3.11596717372562
3496.269459392,-945.378541575708,3.2685549032813
1233.17930376004,-254.929584563591,2.9889205056321
2074.18564207939,-766.66026925543,3.01973465535839
1883.60649918712,-1045.7484708346,3.1286534726666
3245.93803747578,-1787.88972827836,2.97394916305547
228.75094808566,-820.883546298286,3.19061289557452
711.826081166511,-386.135531122266,3.29618996370619
3147.85293743884,-825.931542254011,3.14333925518868
3694.07341020908,-2082.05421056589,2.77079137247194
1028.3135171769,-2042.71246261062,3.25645465109711
3385.40452320551,-1100.10468938159,3.15051991321228
2231.07758697959,-979.755113688485,2.84079315149797
1399.48182942056,-2164.21174796126,3.19051907974002
539.700435056303,-1353.17989254843,2.92131029261521
3710.54805035366,-477.109845289161,3.09073645170319
1562.58826230783,-1280.859159022,3.08258709116869
1879.12581356483,-1791.03910668071,2.52661709333717
1211.48773957775,-1313.3706141005,3.20247506518339
183.860192578611,-2111.247875362,3.00778688512365
2916.46528026261,-1470.53730453972,2.90170238513052
2631.11139077579,-298.433875765088,3.02100505365162
2976.33393072258,-475.773731237039,3.21856736925578
394.730778368029,-1641.79503739201,3.00512791638191
745.559148887207,-1843.93219188147,3.14157454219688
2413.39873364505,-348.154251685041,3.34555404105935
3693.9399337667,-587.651014908849,3.22023772755586
507.140938395749,-1413.80290172701,3.39840579662981
1247.40711161345,-107.0217501316,2.8375948138052
3092.12262769045,-1252.50306005287,3.2043343270703
4050.94994999898,-1379.01988182814,3.00690854201923
3175.19393835282,-1654.03967061897,3.00452626837329
3971.93554565045,-1127.62895965795,3.14703890789819
464.580086966641,-719.460457164496,3.19861803569747
216.886023813982,-21.2962717866626,3.06722471018736
2099.19473420951,-121.993747339918,3.03606206540941
3071.07674955111,-1764.28931131357,3.21049855026923
1313.55356306327,-1300.90539613514,3.18042269308094
3981.19673131536,-960.576237027706,3.14111800186865
1579.42592431399,-923.849831617015,3.28016329976576
2580.32254880898,-335.640402050587,3.25651332099686
3119.46389500907,-221.312100477311,3.27371563811027
1115.67370929377,-1575.35439190143,3.06406828188114
583.495688741542,-1738.40782112011,3.38553928233366
2783.9701954109,-1546.67511026162,3.25444319250269
3633.94219251697,-1964.51578686256,2.9440161767592
930.98234526729,-1771.4393683222,3.12465815450803
4004.87008374551,-258.8704646497,2.95601310427018
3931.12344277517,-1690.04880367835,3.40002564967935
367.640275351111,-1307.20676410353,3.1816118586818
3225.75961032342,-145.410451730358,3.43522098508154
3853.42493045969,-1604.34253118135,3.14104204176369
2062.58265324173,-578.790204008362,3.08874189827703
1085.26590260331,-817.722417462961,3.05450278797483
2159.81147924649,-1076.64556134304,3.22205876349346
1374.2103857543,-1232.58855573395,3.27787456169122
1405.68460624191,-486.797108128309,3.00383175008141
3145.14697179703,-1545.60109838182,2.98247081914585
814.03466864886,-2137.82315395123,3.4165750116145
2075.27992380879,-192.341822911903,2.97736187137088
1989.42687071784,-765.570180508238,3.1322567734482
3250.03279906987,-1870.50546876173,3.25675550746048
1391.11412237886,-737.40230750305,3.05237514589805
1314.11275903472,-1324.04453915137,3.25899694726136
1532.18749056525,-880.399460050572,3.41071345468426
1686.06691454606,-587.972171341672,3.31889946476963
2012.27364111232,-2124.95983183374,3.17449137705534
2941.61049615904,-513.160219245543,3.0425569336565
2848.78395327046,-1180.10580814076,3.32075714678837
2501.20910772896,-1544.61708788166,3.08074308128878
367.33068003139,-33.151887568695,3.35596087046121
445.520803767108,-1110.90039957745,3.23550443271119
2326.24741098545,-824.706369794153,3.2608842810422
1636.75969930386,-781.145252054641,3.3096000251762
1460.54181757434,-694.811545551278,3.69666821433123
2949.03345462502,-485.015790212021,3.50643770981235
3348.07273370413,-1193.53574544542,2.764894928192
1141.10603555071,-152.294999791781,3.76763552200121
1787.93782797062,-466.238307996085,3.12988772821356
2638.68032890766,-783.185713370985,3.24471573088677
1893.67243567383,-25.1600726223987,3.27032131523011
2244.22742540737,-1526.5663492359,2.96090443987961
3649.70802309844,-1871.65075689971,3.18815702875987
1012.28515365821,-2112.56198037464,3.31079264577322
943.050922914604,-1657.36965092894,3.3935428312003
87.8760638534591,-1362.63772118421,3.2616886440579
368.380656352331,-1529.23547142332,3.20801078257042
962.661858394647,-156.680214350722,3.16838547696522
1930.94154671834,-1137.44499537082,3.28952076403805
494.183441304392,-677.647160245032,3.27170242409073
2074.66807374217,-532.115764361474,3.22887556914313
1978.7622680192,-514.252130824559,3.32056610675562
3223.59511942146,-1369.87839985563,2.85596321201486
3605.36891283664,-395.214869344408,3.07369350748872
2018.39007652195,-1499.81565040508,3.37258709115376
904.011434722342,-234.409970539002,3.35013073239899
3246.29090840611,-1884.78448799211,3.45755218136424
2743.87962800399,-1739.28076285362,3.33269468432633
955.385663025708,-1902.13526945229,3.35636630180922
871.544471764821,-153.188418458231,3.03988594214516
2987.56643445702,-400.490081907978,3.08428250318274
3101.01562977013,-2146.68041921656,3.08998557022002
3442.68997283606,-1752.58444317077,3.32095287668191
946.983984920143,-1230.56056313178,3.16550879751546
1737.15292361173,-955.882588558953,3.17143198262128
987.15447137874,-1831.91389093741,3.19065824062802
650.973314036642,-400.484411049191,3.24349477799323
1377.30739019816,-1959.75283503003,3.27113589967061
2728.38347200184,-1571.1523467812,3.70864811997301
3612.038329283,-1714.68926159349,3.20086541350541
1590.32844753829,-1146.14793520357,3.47184914808135
2699.08491597291,-484.912583486382,3.14699961799323
3890.97870772822,-524.688276169641,3.17540011252128
3459.38241366016,-1384.77512587583,3.70570356143561
452.084621294971,-275.941541496976,3.19282542101163
3056.40857018146,-55.6402161930911,3.6857846454346
2041.75181049174,-900.354533785469,3.59693833425603
1046.67834939446,-447.082542164606,3.47422561948506
2144.90617093893,-661.68703800968,3.32506059786383
1925.44341217549,-2150.80356396857,3.37862579684482
2686.26363759723,-276.77527945335,3.38634556220739
3204.28487850246,-1523.73641314698,3.83571247658918
648.204221407575,-1913.35643893926,3.31050078064699
1632.23204900941,-269.225546318871,3.82250594426136
3254.82448175446,-133.604847077568,3.32686213342825
3319.11893965697,-1609.51023920382,3.47475691110313
3837.98372780885,-1648.04255881874,3.55711130416512
3491.07308167124,-1830.70819010226,3.55422361697504
3749.28557078275,-1079.36139264111,3.30326290128026
2437.86518823159,-582.782547871968,3.35898794770547
2017.78660732659,-2049.728839768,3.31165919629436
1122.10430175023,-549.823384411326,3.18472993923217
840.696615975074,-1026.5840296928,3.46123203042955
369.141767967135,-278.740045889304,3.53419636108436
1894.58313743626,-1255.23306623784,3.38993590680814
3936.8489055817,-996.3788261032,3.39084764571862
2700.44540206301,-689.91883128046,3.47225247365288
1262.80975975203,-862.34392162776,3.43019952837072
2788.89015583464,-523.915938191416,3.40098542108804
3614.49333519432,-1777.73205948616,3.26416361623659
1937.05709502624,-1391.92601001217,3.55589429580986
1204.24251918507,-1168.42858607708,3.53353249862784
3648.91143248334,-1671.68546533999,3.48706304058447
308.425950910905,-1984.09229917599,3.54793657481118
3596.02358618421,-1421.96388233297,3.34290466647532
4050.42209457058,-1050.57567536777,3.48916096841965
3478.71748134289,-1463.94323150342,3.34475763759781
522.359448553537,-404.565567536002,3.79247496165883
2001.02507246833,-967.871180052975,3.19990538366589
3336.50594648844,-777.110858711842,3.55679385993785
230.770428730798,-538.121855754906,3.42978328612925
1443.25693515568,-1266.34939236687,3.37654390663223
2616.07942735416,-64.7798455417265,3.32863437052837
3125.75632200904,-1390.21023596771,3.32771756330157
2901.58827315645,-1793.83710593517,3.63698736906124
1052.03294993398,-1677.5487432251,3.44223012288848
3174.63843799878,-1381.21497127937,3.43285401935597
594.280409768074,-72.203321225176,3.39082132059461
416.717386384925,-573.295548398616,3.51224624077545
1854.93304047721,-735.484620525775,3.66808597387077
3744.52228760736,-401.225489403862,3.95891155788065
3696.00128104158,-1324.40849001723,3.48675425880613
1386.83231540978,-1148.4361998984,3.80366541992436
325.458301997731,-633.773398482475,3.37477707965353
3863.36858700476,-1445.73063164674,3.54964285854595
3251.66098728794,-1960.21903994705,3.52551920055644
1400.43396738394,-178.163583508515,3.70493197387462
2278.08910522281,-733.113153526776,3.81651028033795
3706.80238843441,-1975.75485094831,3.6662209111527
3604.13700454279,-1187.27749793579,3.40494739955148
2182.99501405195,-598.811375038893,3.60348299379776
1012.64690499808,-2199.47564512756,3.49405794922277
2734.70413356667,-644.182086404852,3.55391434308061
2226.78417430694,-1811.52984127329,3.52969970596618
3042.45763510806,-261.263902144809,3.84052201194956
2955.03547094334,-883.739683078983,3.46981153217854
3737.06110300671,-1792.17973738848,3.61170771187647
2976.54138856692,-915.342483031296,3.28667640288571
3757.5672419237,-1340.77031837258,3.57037224631768
2275.21153116291,-884.44229059603,3.49075745030652
1958.10792316598,-1994.26825057497,3.58597047103171
2235.55253817581,-198.125243295943,3.72347617550623
996.328752571915,-2158.13546326664,3.49092849650547
1561.4928136973,-322.594292988649,3.33666822321467
3299.06067979324,-1690.71724034089,3.55348870991011
2851.53983940272,-904.933787794966,3.79843519669199
2603.19866667053,-1874.16971995517,3.49155108850117
3018.62723818936,-1006.74320061453,3.79449956597968
3839.11372806492,-964.125129664614,3.722658049604
2510.21469788956,-304.425227135087,3.66510212778955
2036.7954197409,-1554.3403206324,3.85031515009579
3890.20644573045,-1462.19727787723,3.90507509503655
2911.54533434697,-882.98992418355,3.83687837267079
2049.08344729091,-2101.94980243199,3.50241022231307
2009.6193817812,-649.889002682806,3.57366789663577
2244.65502597141,-1200.77579270891,3.66860177822945
164.047935053122,-1057.45757625179,3.58691820352168
1777.44360770873,-236.498354676924,3.81143537612943
2301.48099366253,-2055.88417737598,3.56572681394563
2391.36570576274,-377.332062490065,3.68245703306058
334.722124186464,-954.070071627178,3.83868125964455
1762.18298189523,-393.842363076114,3.67232024800599
996.812977473914,-419.539365189318,3.5745277718854
1812.3982524253,-1307.93031311492,3.7186801076827
2389.05188257857,-1420.10513870686,3.95344693692107
1527.10735183417,-959.097994750898,3.77002238124638
1641.96214179505,-1192.07782283212,4.14576471468762
3063.54883185233,-1355.68658491291,3.64273901067299
3134.77540745664,-1291.32763081809,3.77413100399977
1168.58598191594,-737.64218880873,3.67536885714363
2434.73999290304,-431.40295694405,3.65542270954981
3917.74302693434,-2185.78053710044,4.16100583595949
1654.10135573604,-1659.00896720889,3.86945206383779
2100.84706435225,-2101.43439291537,3.93411276753689
3228.10758714413,-190.662302022328,3.76523851950963
370.107738194747,-2040.61867585049,3.63233030331667
170.809995014593,-1998.22997910921,3.75362314084938
3121.23466425311,-2082.00192875506,3.91195119494613
1928.04692245794,-717.966099837649,3.68167088175815
2099.18528924276,-1763.98861462878,3.95309050517474
1362.72949251531,-214.817298776159,3.67817897319006
869.519887676978,-873.376046173786,3.64960671847635
1769.75820534775,-346.759542577085,3.62689938157715
1991.65245232263,-1816.18659454168,3.91441092635856
2211.03632490205,-1302.690576989,3.6620290760317
1813.84701742721,-1668.90146167581,3.84152297022832
2153.32885661958,-1470.80865320628,3.77158038112368
633.368510824329,-733.985791577892,3.88839583402921
2988.5361050212,-1870.57620936595,3.98868705196314
2020.5341406057,-683.815986526884,3.88921770722421
1188.02991187166,-912.623457623925,4.02180757783849
217.736945831068,-144.360263231001,3.92866758477504
977.4653941423,-676.753608493756,4.133348590206
3972.26711939598,-1815.23808684122,4.29102167598541
1748.80362643712,-1668.21577925185,4.2688812642954
2907.95722885479,-2120.18209646864,3.98137698942449
3304.2910028892,-1004.80828837458,4.03652494682933
265.770611498295,-232.743333070964,4.02369803261436
1929.42635826323,-345.878567432302,3.81889079673278
2156.21863545455,-915.490006053953,4.13266856793818
2489.93631360218,-470.996328159689,3.8919098778201
805.318443260836,-925.08682351289,3.99929808847763
1852.28717517428,-1892.77582532049,3.62858555045975
4003.83816051386,-839.080608256241,3.77453291571617
2614.73509951455,-1812.56727084947,3.95346801838714
2192.59130577381,-1360.29574457031,4.06556820682245
830.431703580084,-1784.02541659876,4.13483959986533
734.642776393659,-1904.20434614449,4.10478831719306
3625.5283911965,-1357.40506675492,4.18423543352477
1330.90828591597,-2009.4926493909,4.38216051714308
353.92930378091,-1437.26391699866,4.07119218559872
1998.70846632182,-429.264058901552,4.27125621915197
969.19615906997,-362.870999894414,4.25926757378818
1042.29528199703,-181.343996904678,4.19470533204473
2098.49062254152,-1921.87672007921,4.32269356079706
3511.21364718344,-569.22406180704,4.1672011467896
252.169200825109,-1016.68895827002,4.24911660689051
2272.85326690046,-1354.03618575551,4.21621981968198
3701.88685585977,-1183.47349728637,4.43171543252245
1747.38702126896,-1229.62898506691,4.53575959051393
2554.01018839748,-2117.33996579471,4.62761171261171
277.881331033059,-1191.20943523312,4.54475065922836
1256.1169562469,-437.899426952641,4.69025304393562
3691.04566265025,-966.142545220426,4.74122503957931
712.875799848539,-648.398745970074,4.66724670321567
919.695849394871,-1987.66663511113,5.09030078498376
1325.04318938632,-1708.60612316624,5.01861889883083
263.188307998541,-1334.59253766901,4.83892578492988
457.866671426165,-1958.93638615218,4.83450399936122
2897.02902649625,-1417.96006930303,4.9809428140183
2946.24628742721,-1604.71766359246,5.11683123528899
1177.11670628234,-1809.14119647227,5.09527429146508
1676.8405798324,-1511.44227053989,5.014922301017
640.527743896839,-1436.34759542454,5.37875710713951
3309.9012100115,-558.490471263425,5.62063845158082
1724.53423133138,-1098.85615979877,2.95856065777613
1109.84229246677,-982.082370595052,3.08144474550625
2550.09272567314,-1863.93732154771,2.90722479832918
1019.93084284821,-1551.34937500266,2.95194630257502
533.676557928199,-1317.22992226545,2.7792428763927
1450.58738269503,-609.804324866877,3.06162964774869
854.513960411408,-1132.48369982135,2.74789309954821
2952.66454606663,-687.379702918537,3.21228754343504
1591.00024995451,-589.412980985387,2.92796038557019
2142.29150185466,-1092.77542098747,2.99261777012525
1256.42649848274,-565.539975536049,3.08166410179234
576.077495030129,-384.469083986442,2.70822862730556
110.133131406139,-335.56214783943,2.94538112731361
1761.36042722281,-551.36576054177,2.98781311292439
2349.49005050705,-1730.41950093022,3.23318763798655
1655.59001270165,-605.080187948742,3.20956490544432
116.249064434107,-50.0946165792921,3.06115147639038
116.802803668103,-448.366540324869,3.69083831806629
196.127690824162,-551.397480922594,3.34154469234561
356.230695324715,-483.160872125689,2.96748481071505
830.723205682003,-1231.41329185646,3.61541133036612
832.306380247602,-971.188910322796,3.33398693507333
933.858660361455,-820.02840245017,4.10440373588363
1485.49009375572,-872.735585876265,3.96021054266023
2127.77986988963,-506.673905404779,4.37731178061618
2202.5806310358,-408.783442115529,4.66994130871363
1876.4571229077,-1703.11296897557,3.15083220658795
896.912121061855,-731.8402710863,2.92272913087187
765.07166558386,-2096.23539292975,2.96382877710482
1852.28842828919,-1089.02265169813,2.96503298174765
854.04705931211,-1873.81244623669,2.87331529805626
572.665808305771,-640.797068676267,2.84513143901615
2649.92648682289,-1803.64794498879,2.98543005222323
1491.68697554222,-1181.415921909,2.93472051016933
2104.43569751604,-2208.00607261943,3.23253095050143
3644.93061050167,-955.705899164462,3.18784872181305
2864.50270008197,-1919.93850194387,3.30806427984925
186.285281837643,-1481.60482338853,2.88342556085033
345.936990234032,-2186.57604547933,3.00419578765155
562.981786793364,-1816.44500413141,3.07974761809493
3657.4513810527,-1774.70287872472,3.063412125299
3688.29976273141,-1179.2432405994,3.13394589155331
1228.22545031347,-360.665815391012,3.41763549521509
3373.34934107333,-531.526329274327,3.26590692320997
3345.01462475431,-748.518538683529,3.38966007016013
3256.75308301872,-2002.81304837835,3.30370480610839
2775.44037459075,-263.629062279463,3.42458628575059
2468.93024600289,-1718.78347103048,3.63889337824861
1047.82327827535,-1265.66427692848,3.85074541475028
2078.51811815589,-2006.11593363641,3.59883454240275
1982.27953201678,-2067.92928809442,3.77003772162299
3268.70930140245,-96.1085719868978,3.89369742211157
3825.03205013509,-197.798373131265,4.15510040652386
1552.58494146331,-2119.98604991972,4.11770618844745
1679.50216234863,-362.258874713446,4.55948795166803
1721.0885088025,-2170.83619989778,4.77784788234248
3623.85593779403,-1869.43779479296,3.34403673317729
790.89748364526,-187.795825070948,2.50599881958048
608.191631739794,-1145.6358003396,2.78034102790717
2795.32514170294,-970.00993272022,2.93896997776185
3627.89396239718,-972.760475581635,2.93537827762495
633.126850927417,-664.149894859141,3.5410446563345
820.653173772656,-771.554990476855,3.41672297352716
2868.16564045398,-2143.43966061351,3.47149776705421
1136.70798741255,-523.370663821758,2.97960108376706
3070.90935025709,-582.437970230126,3.11555475500583
3277.71507237884,-947.808351856035,2.97506588657843
800.480914917719,-1206.83165644311,3.07637315359402
75.744570416421,-1459.74409237831,3.09460617140109
1497.25825563281,-1900.78952963416,3.34205946704589
221.490240319293,-401.01835069881,2.80116729926056
883.723100675966,-1861.79448154647,2.84901341174789
3659.38508031386,-1270.55533225723,2.83439699495263
3104.05909720006,-772.108718895635,3.06590964976344
752.804193470215,-1242.74011082822,2.86319798621438
1430.3568443971,-1003.90143606268,2.73822130736782
526.552762723047,-1397.97722858525,2.88220268229978
575.042268841718,-1315.24135944613,2.97073469835628
1894.74952603488,-1579.41317525091,3.02038992955678
3833.55566226168,-2129.83805833762,2.95000150499333
738.405458749022,-1457.37342048538,2.71590895677854
391.477984247711,-1376.56913308245,3.1658234419139
2316.95668184271,-469.837128753771,3.11828996877295
744.706329632864,-839.35864214886,3.36983046399974
1735.33968992821,-1838.38429145119,3.0401633647354
1881.22278187397,-806.998561940543,2.95135767588176
3862.50709741778,-79.6296975420564,3.61335011824077
2670.94761468732,-1718.16401725211,3.14790245950249
3101.20352292607,-261.804175004278,2.85890406544048
1216.88359345339,-1064.91699190784,3.14755470197365
732.115024045231,-1948.34401778423,3.00798106527149
3707.19562863043,-753.66098809584,2.91765398391756
1750.2889766787,-188.977895849917,2.8057800755639
1127.49225143559,-1154.96308342635,2.94106785500434
4007.69684667472,-1094.24064689151,2.85941292717564
2435.7031027033,-839.264933953708,3.01452857023793
1121.20444117443,-355.645402781428,2.8917314661858
1485.99789379772,-2199.05610010894,3.23552161988593
2985.32274691377,-1987.86615883046,2.87157955146469
525.67155122261,-1333.87791132495,3.04200970606397
1859.07340463031,-1242.83034207777,3.44726018727418
833.140799068428,-1764.50008520006,2.92884323086584
2340.78538346931,-1313.33752481878,3.16424178794302
1812.35051812412,-1706.21409191371,2.9104440574801
3547.51648446478,-695.047470834138,3.24167609096245
1880.71543286322,-1483.46710061743,3.13052564424966
3344.77425531665,-2048.34698335707,2.94378812716348
2018.34970355417,-1849.73794303292,3.03254234686558
1892.68284578547,-962.485650893685,2.98484932309211
1959.26257306741,-972.01549374071,2.88365143245766
2982.39996877643,-1672.33460663836,3.04156191985592
235.668495976754,-2206.5670965114,2.9495180812117
79.9066919373251,-1029.53087881014,2.97903736275154
1824.98991927132,-73.9343984159935,2.89718278689076
2585.05686070529,-2105.03493463425,3.45051382734936
1736.30360783366,-468.24162808908,3.06035794281441
3858.3130446128,-913.461207181068,3.24246607758118
3497.02690438527,-1796.53331263446,2.83703723386186
2282.97275148539,-1656.94290659042,3.04287374337848
3047.95506862848,-1659.49660354028,3.04939107606713
1142.86280348149,-1348.4693546894,3.2002171074676
267.250966273255,-1109.92561409806,3.06813553815696
81.7312510006728,-718.964584802231,2.77822087567697
550.595962099456,-1766.63899545685,3.66131926744632
3833.13149983695,-1076.92556994096,3.36081576058427
1818.97289665123,-245.629736699031,3.48659508796935
1335.88346788862,-1623.61320591864,3.50056340107264
2411.39123406014,-110.652090871421,3.52878310045604
3629.07558372627,-327.263620459884,3.77990505965808
1493.43286872035,-1729.73354726066,4.08589510204488
1455.77962874031,-2175.09083865547,5.45095453298872
3979.26108044117,-1584.31947810676,2.79117421341674
4055.61344399456,-2195.70832153587,3.04067262310019
3682.7509171018,-1791.39375955235,2.90918863930896
864.989907024518,-1562.74531995292,3.40838553590209
2868.45041066796,-977.442943958288,2.97334212365807
1316.51023794091,-1585.95435087594,3.26094369691058
3986.15361593901,-1308.92796120175,3.03269365940071
3791.60386064113,-1267.81889992872,3.40051467586404
1532.04047618665,-1043.21072984367,3.15099908021893
866.552567624128,-1659.27062092756,2.79091878942458
2061.36082036964,-1211.30014728939,3.05540427435735
498.146122252335,-1204.19176947149,2.99032659636132
2186.89416518149,-974.059055523121,3.07030558678454
4052.97891661202,-1544.84851302115,2.86171475715066
1616.68922411357,-565.429262370342,2.81343519491122
1304.66874227409,-1409.98184809785,3.14263739249887
3604.17341173932,-1302.50690623979,2.76520340733397
102.009683855514,-972.560869611143,3.05088225518824
2293.72672843426,-1416.91840618951,3.02966535244918
3982.0236220324,-29.7490410711224,3.13310897272134
2983.04877703333,-1833.97283958137,3.02908872133716
2035.83665014819,-1286.27206859164,2.79715809043818
1005.95021934918,-899.671021429006,2.90826448432486
865.163182237436,-892.9425014567,2.84603824570603
1611.06265667738,-830.475214552721,2.65739904757182
2187.31918225916,-1592.92157517875,3.03701217780414
2424.85843768051,-205.553914331101,3.03608554150467
530.859911168612,-625.557465682301,2.89870235775831
2075.83023718672,-1138.29873683659,3.2328916035574
3364.04627948124,-421.857085641946,2.96998227406364
2752.9445459265,-1816.27167317261,2.81461506015162
2970.86366073806,-1044.55333799957,3.21881462435202
3826.95138378441,-25.5927175584206,3.28560241819553
3448.10752089979,-1053.71253689062,2.87779030438378
2582.24501463139,-1793.10080067745,2.83358058890017
3871.89366768718,-1612.62187814657,3.38409648351111
553.354150474272,-1658.29454363017,2.93259427788185
4026.52488348993,-875.323168716785,2.91284320076362
3103.02917051844,-1568.90797323355,3.1647626065712
1020.47855109746,-744.832334150819,3.05350524558805
3243.15291249411,-121.839344853185,3.27558021978121
1337.38254618043,-682.826961942715,3.22946061601324
3430.51733452347,-1687.24330357523,3.23594795805658
3003.39496817922,-1846.26281500014,3.5142931380237
3782.14349139085,-2072.19809030715,3.17402578501159
2998.79685104331,-1605.22750530875,3.5149637108921
642.687017562691,-793.229857297586,3.06420727397507
638.175059811926,-1348.15516902891,3.24870363014235
1662.44450210656,-788.632160286725,3.19068688885216
3001.18524431395,-921.086445524544,2.97596943286158
1078.73222096258,-1131.80742433222,3.1089640570149
3614.21863443153,-38.7424343405871,3.00737414863631
393.339261916627,-1279.48171236895,2.85231101349491
284.002737173205,-465.932861266373,3.10523812767085
597.215443549019,-643.123964441878,3.05756505971423
3282.11932916138,-2067.5354660687,2.88005803877144
3157.56962451605,-892.214186671639,2.72196643162497
2889.46059080114,-42.4023422161301,2.73493587023367
2759.35354726453,-1903.14099632177,3.02059495989642
2248.01091295425,-1600.36081270528,3.10076719005011
3751.3881687078,-9.77303389332824,3.15627935827754
537.898499537973,-433.843656040434,3.36657228893631
3784.07417284149,-1047.10019716427,3.07655642154671
407.467689378184,-1698.42892731428,2.77363152867147
2005.45836942973,-1223.95672986891,3.54377634987518
3335.61299578687,-1126.09109948291,3.78803874756346
1194.62090010703,-1592.66457537044,3.81585353803216
3210.94458699306,-860.797586429519,3.72381578736543
376.343071213701,-370.432085532632,3.67290683564636
1093.65134234817,-1631.38737943769,3.53111257711614
1201.8664163695,-1707.27483417804,4.09559744066004
1112.86756561209,-1126.20184729959,4.02532595198289
1870.22323598009,-1479.49746409607,3.70887164919979
3679.72960557606,-1055.42159678744,4.69992108677602
1354.09621716519,-1689.41084491553,4.51368253411449
1813.73675116014,-1596.55103202293,4.4544796537219
1113.29263533805,-710.746674408274,4.4772091763208
2296.93805181718,-1179.24557031656,4.61450006524738
1326.75177251809,-959.106908886177,4.76601083892949
1412.13604638888,-912.817255283116,4.54245975805417
2104.89359834835,-512.995031323806,4.54960428859196
4022.18317476716,-1243.14212562083,5.20297011277396
1421.91487854002,-2161.82412149342,5.43883048560342
NA,NA,NA
