3716.61309236977,-436.756401622207,2.8879183816178
658.96312380748,-1361.74887823643,2.91046739932798
3724.04790454009,-1157.40460855478,2.92269858892874
815.102046654673,-1225.90017967372,3.06105872240766
974.501292729019,-673.73583507542,3.01942479257525
2461.36596153581,-2064.43642351277,2.65259932109563
1164.99847576404,-1719.78325984207,2.99412247010781
1974.41803239647,-794.763119124838,2.90105166360678
4027.83477579203,-1083.1719218091,2.98916965750789
1194.4348804796,-498.530934595329,3.00291793505561
2593.20679532875,-1860.49706194509,2.98554989291623
758.847208910297,-597.670179263922,2.67829089764564
1608.1342246192,-1399.43338504257,2.99407857985348
4002.39072732401,-1042.23742042506,2.9246037346079
2418.48893648597,-2014.10234525073,2.91578435478439
3489.15115773736,-729.197156006098,2.82868482282524
3983.05873101768,-868.218431060749,2.99250346759444
221.944697237231,-1373.42882585329,2.87712676402486
1082.89214268201,-17.754902712691,2.91869556026299
1247.9539600275,-1074.84711888832,2.81452921280743
2570.39078012588,-21.3101971336366,3.0778841516179
1977.33621988913,-874.334891745369,2.93043678759772
2574.32313128218,-819.99043558011,2.94881675492431
279.954947035559,-1895.42506778193,2.93408309952399
1573.06002232001,-793.260363693337,2.66601635602397
1278.03550962417,-396.9096438416,2.86647523458207
1202.30923241732,-1375.89218832461,2.96086326667854
2811.04032117795,-63.5905527421151,3.03263289697277
1790.83723638739,-320.304785594672,2.89571847474147
3489.07160275999,-1729.55164397995,3.06536293477831
1311.15142850288,-1635.79734826521,2.81576438617076
3428.06557674395,-2117.86463460185,2.93811464549021
2832.62649101098,-964.858409374357,3.1101915552621
3391.40434356372,-1574.41966379575,2.90605816603367
3806.36238761166,-1757.38922014053,2.86470492199632
3479.59085002737,-1451.35575563036,2.95556862482062
3507.64846381147,-1919.36756153006,3.02725815304482
2838.33754399369,-1009.65122121634,3.05462489589481
3117.84817148125,-1685.1508240812,3.01410263659851
2039.64688366718,-1470.14734870838,2.95826908958158
2550.56785150089,-53.2400420526668,3.03912315410529
3126.94389019679,-163.581281084898,2.95231633349191
1766.48167924868,-1951.20549769291,3.02907452122436
3184.71571976648,-1915.20442172815,2.958845865962
1364.39802527394,-1618.90584738228,2.97377396628989
1081.74539998804,-549.757525248262,3.08873503463419
3271.00091689456,-18.4453544864935,2.94659874690469
3369.72504626473,-1216.72662421302,2.98048386480378
1844.53748347813,-337.264338198042,2.84862970175265
1046.99038640471,-2164.17276069277,3.0802682702214
1045.36543859918,-481.044153173038,2.98322678568697
1215.27081395931,-1892.79129190506,2.92965053224734
3438.78528302679,-1254.64957982753,3.00861583926527
327.796086183539,-1910.99775437042,2.92252309581028
2995.08508990671,-1628.19220117259,3.05548571433462
4030.63660933861,-1793.70687491067,3.08889896932188
2493.92719913362,-696.977892472548,3.01282222248238
2630.31323018963,-1573.04425279713,3.02564699188159
2057.10219521765,-163.435387821944,3.00177773810905
1233.50394399578,-1695.88387008775,2.98246111006654
2759.51441670011,-135.856968844139,3.03718806985176
1721.59142993047,-1964.16427296692,2.93160905381912
2551.94657554266,-1415.50454464505,2.99267430099272
2214.34963255052,-396.839453023777,3.11429506087603
1033.61980514894,-1268.2971294113,2.99453588706183
3489.85332091472,-1313.9777952026,2.9805865927011
3222.63599543066,-1403.78039308222,2.91778328326939
2715.05013960857,-1453.12346170888,2.93233031577513
1670.1921587978,-1365.07402346852,2.96500228647787
3888.68252221688,-1842.29294518094,2.96663945563045
2616.45365551651,-155.688170687367,2.97871673734097
309.076586758726,-2042.72008677858,3.0578671672998
3791.53115557938,-910.900485822966,2.88260487346979
1355.08515829724,-1465.18499270146,3.04885191927058
1267.26104940521,-1626.91393453772,3.0606047037333
579.094494566724,-444.229251203649,2.88130514526322
3395.59140943844,-1696.87870774237,2.93706257951581
1744.6076932953,-1806.64050970677,3.03733530404007
2869.72603119682,-1593.46264393304,2.98967023710591
339.83785900068,-976.866156794599,2.9608286675481
3351.38096392752,-906.755673630362,2.9129492299387
3254.06788297748,-311.907259786399,2.83846740299651
2259.06059301039,-473.665928246206,3.10163281015838
2466.90502670904,-782.345441669056,2.95205193676039
804.368840675359,-309.792926711797,2.97867713538304
1210.24501469741,-628.779592857273,2.90755474160046
1889.39128171956,-2110.58858113601,2.95904814714394
100.851442525225,-810.499910458535,2.91534270644223
1933.50447889748,-91.6882953551672,3.06638875935163
1610.8967215912,-181.561365588811,2.93020349511574
3364.8964588947,-589.544113062643,3.51133674973443
1155.83780904559,-619.731930164899,3.0192735818292
3287.39477708305,-1508.13822947544,2.96086014167708
280.160033976983,-749.629132333946,3.01474074781502
798.440240710921,-409.92254176872,2.96032094857458
1488.67896658545,-1956.46539049211,2.90884840149024
821.826990352083,-2204.1461105528,2.98239023019072
1768.28508829235,-733.007511479153,3.11578186561022
3597.90428831034,-1735.24401567986,3.05171000582067
626.698118114875,-57.9725694473967,3.03343561728216
843.677764705202,-1970.07169723302,3.10300954813996
1901.33963824116,-107.327495251139,2.81660050050417
2329.9446014513,-296.356021357049,3.07802478821797
810.877685832064,-1446.95990479189,2.99178865218881
3215.97635077854,-2123.9930401992,3.11133059231153
392.990110886077,-2098.65575188176,3.12300160767576
2565.62297968409,-2207.74139249425,2.93776705580034
4008.07696437649,-525.536619851685,2.98703625794836
332.668645403597,-140.070366933294,3.07888946306688
1735.60638062675,-1542.34134632523,3.0108470701247
1485.585714751,-430.301114437176,3.04915169689363
2168.27455134581,-450.603845243329,3.04370420970031
2391.09336025381,-1035.27369165231,3.00680957047759
193.278853161573,-959.145578959125,2.98281861576316
3638.83303421112,-360.884877507398,2.89054868373042
3978.63189802342,-1854.88866813911,3.06645938864227
2156.46874295878,-2086.43779559069,3.01302776780775
1528.67854313173,-1136.26774180904,3.01030529050489
415.335012530278,-1513.94460911205,3.09860753024471
4012.43970673856,-1697.64254430086,2.95390299329989
1858.05502052319,-1428.13926515378,3.10387285459125
1661.98816549945,-576.886936341433,3.04342846328693
430.431519632848,-1479.419462552,2.92303406221476
2063.29657119737,-126.480394180486,3.12189760154876
2888.19348621608,-1307.38817557954,3.02927448089195
808.473677011367,-150.964360877182,2.94775277680992
2162.3516062268,-541.584204837237,2.96296879708374
2678.95522281931,-490.805903403665,3.32963799191075
1456.85680168789,-1321.33591922616,2.9868208077229
3054.65930678991,-931.582706512502,3.03385413540319
3839.67364043857,-1315.50868134078,3.10131450606958
3387.98813366459,-69.5450539307437,3.10186491040442
2566.51250446595,-608.125969673209,3.01656846084425
2405.36104613674,-412.205124853703,3.002043334442
2215.57263689067,-1340.98490862011,2.96445184057421
2637.58545175923,-40.2202245069137,3.10226908100931
962.856541292587,-1059.6974063601,3.09735902941202
3663.53090131904,-2195.09961855746,3.07531976636775
80.6338503639589,-346.478762701567,3.06247250093329
2906.24318980814,-491.331182610146,3.07001496437006
3419.62264063477,-241.822118682512,3.01028814579936
3228.79112561092,-1096.63608508392,3.01740554965216
1508.06753692353,-1413.17735040147,2.90915871675085
3196.62999901322,-1591.10858977481,3.08333443673072
744.692657487973,-1967.87768996435,3.13254919594677
1709.13382596488,-1624.49266176432,3.15531274753208
1290.69051366531,-991.050475755236,3.14765580390808
1916.1606037511,-650.374955033985,3.02184002008509
1274.23426484662,-1799.74029010788,3.03969761078912
3067.23067644647,-703.077966729164,2.95287660726244
2494.04548576533,-448.426922562417,2.99181778652894
1388.59208805588,-681.70649355219,3.03521745348992
1281.83533262579,-359.474390001925,3.10233684971665
1721.53561052566,-1805.7396314296,3.03313982007196
985.019269392332,-1750.36495668962,3.03172384086727
263.257394798879,-759.256864875657,3.03243839238178
1013.69378140485,-455.282020958708,3.0761176605493
3477.81016855075,-595.162739254853,3.01520954929914
3883.46274480431,-1489.00950707614,3.0423368308466
3914.61824557771,-259.450297532961,3.0848952984276
1053.65032856934,-30.8438888052617,2.96916522168245
1430.95660148187,-1922.26784364872,3.27213030334138
1839.74634844101,-2068.7563469238,3.05518940106476
3394.20684632938,-2206.66378277899,2.89299104106316
2869.10121462191,-1639.62154218955,3.08406510653835
1809.53793047023,-87.9135568509708,2.92660027182103
600.477113425207,-267.032871232394,3.05329061314355
3197.50726864908,-1545.3280585279,3.00002938483216
480.698237086042,-357.039133749582,3.10400784034331
2986.86620572534,-1297.09412682393,2.94143217294868
2291.32522135185,-166.617154928062,3.05355267119608
3596.19121451653,-337.437895464092,3.18287897208588
1366.81108186798,-1699.92682050245,3.13842732694034
2187.71140765329,-1573.59823420269,3.0838989277023
682.856383616059,-942.503243549997,3.16491100721779
1726.70712642105,-1727.21683644531,2.91991932840118
677.27690567419,-1551.98115327831,3.09689136579588
3900.91176935518,-876.601673950425,3.10208089577973
1976.34141555123,-1487.58063997236,3.16023614326172
2653.44667912592,-2146.04237484077,3.0668708104089
1570.8962979047,-1716.62327822344,3.14378792894363
3250.41445399179,-181.02691609804,3.15659881881323
3873.73434173757,-1066.55007128163,2.93737128948862
1427.21817291096,-2180.5894143244,3.11698062931931
2887.01588238182,-168.781614109264,3.04312828919355
2461.9862152714,-879.624176718637,3.04108554630984
715.297483960593,-1823.32064758588,3.17206506731939
3334.15341324124,-615.762840945191,3.04412717756224
3048.44418216052,-1327.30602920769,3.09636027344782
773.733527717106,-2034.2654557847,3.05446707066157
3302.47099094136,-1090.63355263403,3.11616057831291
760.211567274492,-486.868335017983,3.18895665781907
3558.91768664969,-1872.20131299597,3.06384121928728
3545.03127973104,-450.304097492913,3.21574794118383
3288.79352513762,-1030.93803349312,3.04084058162826
575.966725295493,-1933.03390882676,3.02390414294665
2572.28962186326,-243.711557070823,3.11986179436047
1771.28167926493,-1889.36715559805,3.09152183231275
1650.19819544372,-962.82495109397,3.10339100657533
2430.41895416918,-1955.61933366693,2.93891243939212
3253.11867981633,-1294.88487938787,3.11084846493395
82.2626320035249,-404.073381687222,3.10357141466361
1765.36617526828,-1494.64947637731,2.9693703123281
1826.90910562776,-191.555238888361,3.02541702512272
1835.46636936642,-1847.13102976855,3.14853700090335
3599.01759925769,-897.619068316108,3.0548893386674
4015.61391588679,-638.626138788665,2.93275038543496
1025.51295112889,-520.715304842293,3.11250283416113
2629.25167613604,-2207.77785005845,3.35713214720015
2605.8855225621,-222.617943136348,3.20004690759064
1510.52769134781,-1772.93458687328,3.16051809753699
3039.80865566528,-1856.50426061695,2.97589882715014
1994.28907967337,-525.490199929021,3.14404075666876
2497.8359555263,-874.938612955796,2.98389388787615
3122.45448165793,-745.274974737439,3.09411731606144
1466.45963721701,-841.644218990144,3.11087977172658
1175.38309034558,-1378.46506775497,3.0567149886225
1483.51881826129,-1461.40212297317,3.17166853741347
264.7026616145,-408.211945781934,3.15892813123277
1705.84251299997,-668.278030320382,3.08333592584436
565.957031563263,-1475.33467577154,2.96250804826198
771.801834932121,-901.767410386201,3.2249671843831
107.544891572065,-1436.52730862265,3.10093862513105
2951.04259298195,-153.067351236248,3.13763346113403
1994.16033790899,-1869.76129667589,3.15763396277808
1903.19571846027,-234.531493442045,2.97292421998212
700.663131065346,-743.240814519609,3.17508382782351
2662.9387350401,-935.384885557358,3.16787315471511
3318.67602213659,-531.726989104283,3.22135649596466
1347.42722049842,-899.619940842178,3.0743182178953
2479.31644004627,-642.48983085386,3.17391851078628
2570.72193169894,-1624.9269092954,3.02461746271637
2365.69721250641,-1731.92638172424,3.02893698910059
1395.63749248841,-1608.41166781043,3.1484600192628
1274.95909146998,-329.012037049642,3.15092991612227
439.290806301809,-1573.30847297924,3.15678751446402
2270.72317916287,-1646.04994007309,3.23219577421702
2394.36945912314,-876.888004885351,2.97988723878142
3687.63700150854,-1731.06815431956,3.12171361856253
1428.24083199785,-2046.73107475793,3.17224457432953
3237.78696061494,-2016.8912459433,3.32351522171679
1223.3071233915,-1029.15811397623,3.22211717450051
2169.84845606291,-925.819949330883,3.27967409287985
652.362851373956,-1219.55456270943,3.16151810047557
2463.44102116734,-369.071627824819,3.14583172230626
1927.24130894017,-1558.40811749198,3.26217919550256
818.590913883449,-2004.92422035946,3.24123813555749
2673.91534210533,-1663.71187752394,3.17310848698505
2944.24475251695,-912.34643264666,3.00966419357589
2733.617131355,-1711.44983478834,3.10745450687526
1926.5190480176,-1333.3205989974,3.16984013105911
2466.28144682801,-178.968044109101,3.06145621954666
2205.79462301512,-453.051481737727,2.90605982678704
4036.78947384747,-1761.42376846324,3.16864768429835
2497.30029275117,-852.169535059516,3.16508557164254
261.429234216083,-809.88858642362,3.12071932248367
2566.20260878719,-916.17379988602,3.15375255382203
2678.71656627102,-673.050200377021,3.2651297409192
252.569456231822,-1469.88082073088,3.28904259346506
3776.19070251907,-651.779831370298,3.02812524823743
1603.81813665501,-301.563969000063,3.34369182628171
1620.11536870299,-2139.66246767959,3.15937120327776
1604.92299724232,-2217.54073059478,3.01219524836576
1486.83911467799,-378.72510782547,3.12502573368527
1761.92519035552,-280.397738680219,3.0944364804535
867.498297957421,-1327.66209895666,3.18227147171256
1826.34836112478,-42.5617676795961,3.17853631272133
1453.46470808524,-1237.86335676139,3.3039740397508
479.905991869337,-1841.13684975879,3.33539594475105
3665.48534076398,-2019.90813649382,3.10354934638222
398.349939437577,-1195.17985208682,3.15138970170127
3487.70740409121,-1342.03573318459,2.87816258679491
3789.55427393048,-489.523619332522,3.23949948227399
967.827175012919,-1431.60823860221,3.16086564760188
3369.13242918494,-296.946551043098,3.19239121363079
3754.95912000906,-1692.17211238348,3.20309018472631
3191.57811778278,-69.5033386811456,3.28563146983252
2250.55845415281,-788.083072233073,3.21022590327469
1400.97451703359,-713.575540931108,3.25364221946588
3657.57386068707,-179.129644485379,3.22438234130179
3572.6446126828,-1363.46734060887,3.26251491489451
1976.61852484686,-943.797642563866,3.17446100948253
3986.60934121682,-1138.16520250335,3.04890428073264
3102.0242757783,-922.090450234141,3.13048664369824
984.357145474991,-996.040988412055,3.26779469345407
771.768576728971,-1335.66394972044,3.19112277871093
1278.78601498275,-1101.93078268358,3.18641703652206
3027.90044012115,-1545.46933730013,3.14102886587043
2565.88283814924,-503.532083923201,3.06938522891656
1858.31777288523,-1955.99151702074,3.07291180894535
2194.6815456703,-796.44972882475,3.07556092459042
675.642017476738,-44.2569020233757,3.29651715777002
3954.16827101849,-916.375544971582,3.08909284306127
3834.86364137489,-462.567117327108,3.21361030465853
2999.78116319138,-660.642655129537,3.2006892377873
4061.49363077548,-624.987959171808,3.07653115987765
1976.73276046157,-13.981824244751,3.2409571679169
3665.22512651643,-310.15298993646,3.15535298402927
2786.02592291067,-208.1354167488,3.32097329935878
2769.35407353316,-1872.30877590427,3.24297421416692
3933.61359792822,-2001.6173961071,3.24798244071239
1342.50930431739,-2012.77306190856,3.30010905288733
1090.0959993643,-367.171144606079,3.1637056505308
344.075673426108,-594.69957979035,3.01632825831622
1912.14513544043,-1795.17183322291,3.18904874344854
934.583083052755,-770.179763878862,3.28537537021015
2747.78321268994,-1452.71246066657,3.25913587085948
2737.95827794366,-337.239036112076,3.17977854818562
2085.24531075109,-1580.42176141988,3.23113864336266
4041.32740528734,-639.769009459963,3.14300211345866
3717.70097156397,-1737.3004904475,3.15628127558232
2187.20894625972,-1670.53484986366,3.18384850973586
473.667994661051,-1399.04868798655,3.19680794443876
1090.43738360924,-2054.10607091459,3.08843867080908
3373.62011153177,-95.9512340611522,3.17110040344964
3467.47652112159,-1348.55916514759,3.09906646491797
3427.39624408218,-2176.36013792448,3.16933856455587
2744.09233148564,-596.254746446443,3.18532367256976
1698.62195293175,-1328.67693685544,3.13731719615918
3160.76391174417,-1935.34541135757,3.32643400558987
3387.26659769105,-468.127486649049,3.36470856446339
147.669062921659,-101.162275472115,3.50966903490828
2615.15241650111,-1978.54252894836,3.2516465459779
877.35711259438,-2086.88691642978,3.20576282003353
1164.69713849146,-898.567104361374,3.33491701573443
3480.2238116162,-894.858010883593,2.97901690537105
3195.43533694035,-829.862221216071,3.26328786649815
1099.79027442947,-1323.09474825351,3.24486184613873
3328.92319031666,-1835.93452550428,3.28280580184765
1961.7454759507,-48.9800728682248,3.14395663525029
2904.77900280556,-745.436310407699,3.07850164418158
312.372068437222,-1535.74948913364,3.25420979040109
1781.7041518205,-489.24830302809,3.41902240776841
1492.14610882341,-1787.46993534835,3.26483280203174
3947.57008762029,-847.952995478888,3.14926708886401
3806.55173564279,-9.26071693248064,3.02273265245387
3622.39690758915,-1562.60319453155,3.19817730722954
2440.29001940952,-2140.71322277749,3.33512775186808
2029.30134250433,-348.449199285161,3.275345748064
3009.8461621633,-173.140282931262,3.24723731262551
320.197781615248,-101.099195179563,3.31733412494288
544.727389125417,-1277.80995428704,3.35370831717448
998.690287287023,-1699.16409564211,3.32793819481198
2805.18468342671,-810.239953161149,3.22186902490234
2700.94066010288,-191.414027361306,3.26171072540012
868.052181563627,-293.331212647369,3.1501852377626
1455.88756074526,-1745.18484598567,3.2939475259858
3084.92451617995,-1857.81980077436,3.15680930690602
3550.32678857472,-1159.96446893725,3.24786545463151
2533.39512361627,-183.016158411599,3.26107395526187
4051.4025938464,-1620.85391303577,3.27790620486239
823.896657420729,-1918.72688402416,3.34742311193506
2638.01860699341,-898.704709405257,3.29093628869567
1038.98725922753,-1499.88741344906,3.30788590479268
864.569226437274,-260.493219575804,3.21483491891646
3685.9599663994,-2009.70045322402,3.19483700786894
3970.55438476836,-618.841845248668,3.35941608510311
3027.259834737,-1839.89604594933,3.19360953749417
2796.58631242805,-2118.84185113675,3.31242984560017
3219.38911688448,-1826.43763965314,3.33293156529873
1075.46292095997,-1291.55788427382,3.26915198562984
1877.45574389278,-36.8108594257175,3.28118886897789
2511.8747369459,-3.75889570263182,3.30951560448584
1509.82916855995,-900.648507631743,3.27147599379526
301.932978209676,-1946.42236870472,3.26237906217653
2337.29986751305,-71.4426955545406,3.28289687944703
893.220777337927,-1980.94018278624,3.27595003054486
3429.29353107869,-985.590450383653,3.13425468143124
2183.17194865959,-2047.35277450465,3.29853216124741
3697.45139294825,-1883.63127361495,3.21601714809143
1478.10156915647,-1970.53177612917,3.15729237380428
2491.37662834767,-1483.60243530688,3.31029050174561
1988.12309284846,-1510.84538234458,3.32131012013601
877.608152585825,-1148.21459036883,3.29825239674436
3558.04278456393,-1343.07225210471,3.33121638071324
1093.64068829546,-1514.65627475154,3.41247125151523
2925.4532896151,-305.208696174577,3.24107274466807
131.571483624691,-391.510590634862,3.38327194252305
2398.93691495522,-283.07269639521,3.18590653511599
2179.67398909032,-1423.88262460535,3.2616601694659
110.762832033815,-1503.29999759225,3.33449269860585
3791.33964401831,-1029.29080240133,3.18198007101624
3953.81277896121,-878.178907271568,3.24117134992614
3298.02648308965,-918.243454507171,3.48640917629204
2348.19669365748,-712.493478765859,3.18829137337181
2359.68552905166,-1863.00231297853,3.30756437997103
2144.29659095167,-629.362456685416,3.21278757567963
74.3892164149554,-490.38373050422,3.43004312121348
3576.38891604541,-1193.99078203881,3.40719945427911
1902.07084771517,-66.0891933668995,3.30774919726339
3617.8866280932,-1513.16706470801,3.22223092525932
2050.44953826806,-353.341145246092,3.22315898978317
1353.76370740835,-1320.98659122586,3.31662539174018
2327.45967582413,-1808.71642748998,3.41605823328586
434.14225594517,-1366.19668036108,3.39469921981462
1474.84834517955,-901.54757751319,3.30554117978869
1134.46389099361,-1225.70403245326,3.37470784177159
3161.40643445731,-1765.29168322635,3.49030678930656
3183.12759988501,-1870.99351541023,3.36509521663025
1043.2174990072,-711.875888922549,3.39245402006347
3190.379826821,-1436.25334017102,3.36729811862689
2216.46374176194,-1686.99711747437,3.23359035396975
171.930973780247,-770.280604283869,3.45300147897662
2743.87423411049,-1642.83913431969,3.42863644776978
3260.76632018393,-67.7886066131188,3.3089608176262
1161.00703781589,-1147.84195609362,3.40314500498445
2927.15474978247,-745.069444472882,3.21759392011372
3239.57024914077,-796.214724349734,3.36579221333031
262.07691712353,-1355.33986388181,3.44125586981055
1789.66118952151,-2100.84211227479,3.46944201402791
2116.31907754509,-1137.6745867469,3.35814030291921
1987.88221357151,-1654.4319652802,3.43703193054418
3931.50491926084,-1451.15505349089,3.28223599681582
3908.52298040324,-1266.04172789916,3.37134294026913
1692.40787808168,-773.325078359939,3.39195353674266
3031.57863864372,-188.286374402208,3.4210340195481
2168.54698725008,-1108.66881966258,3.40934402142091
2627.75333594648,-1619.03352989753,3.24545819109129
1991.18055757748,-2177.20543915643,3.32790730402181
430.18057710249,-1738.15809747879,3.48721037594451
745.988421724731,-1886.05597252895,3.41088439424763
1702.1350127116,-1478.84198326807,3.30332488352084
1153.6655635418,-1001.68535095555,3.40000563000174
1300.54130809995,-1048.08121059537,3.36356647451149
2425.2710802128,-648.760522178416,3.07010584480218
3413.78560081047,-1787.76568759539,3.40068028452994
2317.6969447515,-85.5068244717026,3.37278603570901
2087.03914447952,-250.037491516079,3.47590878067294
2642.46582861483,-678.021921143558,3.39950264049041
3381.7713968092,-1530.53039994372,3.34207243174756
2369.95771007822,-1678.33226546602,3.32242262264917
2788.02463382764,-883.547403667402,3.38138334599714
2922.41247251321,-2217.00825430673,3.41475687699395
1829.64331414483,-2000.18491739225,3.45216597548162
1470.56084675324,-868.570559571519,3.19339777646898
1790.67536128419,-684.520425396711,3.43832942904678
485.035948607062,-614.486364773993,3.48408143242899
3491.55621643937,-1205.45108162632,3.43312644712238
1954.38981644444,-1442.43289878311,3.45334273929743
527.259724370374,-187.734654078224,3.66296965493327
3655.48227461855,-2129.21955002058,3.50865305954662
294.906103270281,-345.309943893754,3.4225922803656
3688.01798516153,-614.122912369384,3.42027968586038
3168.29171153677,-682.016253679083,3.55932443597363
3429.04226405863,-1200.12289041266,3.40352263182215
2214.87012488566,-596.280734398865,3.40024029261512
2126.13282242985,-233.833496643521,3.66922822330136
2679.9149661351,-103.146785653968,3.56442844295284
2181.93660473816,-4.74894574942204,3.4021018329741
3157.72579360913,-561.541736630074,3.45147507604357
173.336998859857,-46.1219469536423,3.56238459299257
3280.19007705844,-1549.89364257869,3.44705927080442
992.277293719046,-532.375382680036,3.52125572432513
3201.47751468336,-281.677987298432,3.59481061912775
940.737995563235,-2145.72442714808,3.62230691485078
2955.63475342936,-565.900254698458,3.48198410860312
1880.55497109994,-1342.79862550173,3.49185038004661
3579.37596218125,-542.997423537135,3.46988838631678
3633.79412145949,-1084.90663576113,3.57810886607707
3034.95105504482,-855.998832630509,3.48322315654826
1685.10067318258,-873.949984789591,3.58417322324334
328.386397194765,-680.197885259096,3.49223454500454
2820.99438863014,-2100.39882134729,3.69075586094449
3805.2724435954,-738.610624260661,3.51899472497122
2469.48117502602,-2015.77953073792,3.58874985029042
3721.3889330851,-612.839790134488,3.56924755639967
1811.15604311007,-516.877947165036,3.45202521743524
3097.10934948173,-1454.42705342979,3.28687071539865
154.397310272983,-168.36676556886,3.46732301517384
2791.73222850259,-827.625542196681,3.46190679356604
3088.14507369896,-32.5954284979402,3.64546306784904
2069.33166032164,-683.440006399862,3.61189738586613
667.745170975964,-1455.1875638861,3.48923542830161
2825.11361217986,-1101.60976449963,3.51252776926194
2350.29375192557,-120.38651340201,3.3600198289723
3633.46454341728,-2192.087038749,3.58771575956225
3297.89750242327,-2131.35832122046,3.55435681198112
3180.04030708635,-99.9277755337452,3.47229755599846
2386.81424683689,-162.665521449245,3.54669211726183
2281.09781096617,-564.502242323502,3.63036314972445
273.502304830794,-8.06754170879444,3.54452943790023
2347.16396188692,-1412.88345435192,3.55927805496457
3281.95103739872,-1760.42965903612,3.79876261023142
2566.44003804971,-2023.70842213141,3.5624856656699
2312.29151376665,-1962.78565165083,3.42441750251449
1251.36738294616,-1727.43874701654,3.5135899707721
1837.04526878664,-1361.79847915479,3.55718383293963
3841.13345541826,-1670.59495082301,3.60633703206127
3474.79133485919,-1030.87132581043,3.59524093793992
1877.27534451134,-1379.82443116667,3.62327082645778
3353.75865855741,-2200.61017479023,3.60734793897499
313.613535710138,-1333.52823830701,3.65560106366457
1947.96591714971,-603.036645773451,3.65897931113268
1487.58561879114,-169.781389100277,3.43406427897006
2993.56557209337,-1445.19903622705,3.62734636340393
4042.69875734883,-2058.05923730962,3.63667214084167
1309.41140992708,-456.966830177807,3.52233112524224
1681.32494085867,-2159.91882481294,3.61563275859793
1533.7671501074,-2128.51673352836,3.69337558453284
191.217381070963,-885.840149032289,3.37493388652249
2474.29232064419,-2111.15025522776,3.76287050026819
1783.31445862735,-786.107888873316,3.63028458804601
1836.70719968978,-602.532534928848,3.51177878901195
519.600621116427,-1553.42339239965,3.65945591087671
2729.47831926316,-277.902402574869,3.67329367122177
2354.93670399014,-391.663094740198,3.61998000105965
1281.59575583146,-157.64849274982,3.6989056512739
2825.69064452472,-1198.15699434284,3.4901423395565
2136.5071336584,-1292.52322886839,3.87585365473094
561.781451902772,-1913.11908628245,3.66344090401726
2056.27871000554,-1826.11206577116,3.6964988005458
2840.83610113666,-1581.60642457548,3.59966959031605
2966.13492279339,-2082.26110277054,3.6814508089716
1184.74667009511,-6.88250478689347,3.63771165268566
2293.26563356091,-1088.77947819307,3.80106747141404
824.548763914698,-819.01054014045,3.71744810300594
2546.05511437231,-2158.00303796416,3.69814101133339
60.2181559626737,-1513.05522485758,3.61152609995728
3891.57708417316,-463.547494795906,3.94442194546369
2833.48393795325,-710.365512967455,3.85879180564602
3723.97403632632,-684.817682153309,3.74454874491763
1220.33947156015,-202.829996936192,3.70922638764238
103.612765143746,-1323.29160529008,3.73668900040465
996.362695800182,-1166.13172003834,3.73332999301526
2381.82705620251,-1351.85622108079,3.70445471831115
3256.41844554239,-1130.73085775324,3.82651384687996
2997.0070104066,-1669.85830455969,3.77413192333001
2280.30741829354,-298.099786051405,3.81400523868703
1001.69575712009,-898.224865907076,3.65388336911444
1513.36083557336,-1729.8170389427,3.82922651052697
3130.77822364377,-1992.52653361605,3.83101955707822
3732.1878333042,-296.417559594645,3.89367757847284
325.757535237548,-1731.12277825345,3.81682420393516
1868.11451184072,-1997.60055298628,3.90236934912599
552.916462975009,-850.441215217983,3.88098619368744
370.292931206238,2.18266432481287,3.82298398623969
570.084013047799,-162.139004923553,3.85567738310782
3061.37054041316,-759.093606779345,3.88003105246541
2701.24479984172,-2039.58547683959,3.84317983762682
167.445990182581,-304.315822319213,3.96600474218761
1362.28019275309,-1040.16630551967,3.88444926252223
1600.26400759958,-1328.09369740423,3.95475079353991
351.573876567921,-763.075444417981,3.69858241338848
3752.44695141611,-1024.76031121663,3.92628819273859
2875.92976940459,-10.8368137988195,3.9345966454216
516.636947701665,-121.755157955037,3.8488937756105
2424.00569565027,-1004.17278399793,3.81478956315661
3346.71446924515,-1357.68176020982,3.89783687555653
2809.2897284822,-386.733182737813,3.76968860873687
256.393036065609,-698.121357007393,3.95811279196404
3779.58980410225,-1517.21500079699,3.78492389298558
2460.26368826046,-313.512457067568,3.96345570614439
1090.62184369934,-233.594109536382,3.8941722694157
3015.06789787022,-292.783651562675,4.09545103489047
1950.19126324166,-219.371936744969,3.9985306454668
856.039550053279,-547.019691479421,4.01553756379455
963.984994374947,-273.179617233893,4.0545985477891
98.167210182245,-1098.42624964027,3.94221593086176
747.573794776627,-1133.76051417329,4.00781642508051
3279.79631636635,-188.098957912536,3.98989716306648
2989.26456483343,-23.7794196302117,3.90614687965436
97.1689842064674,-322.065849371209,4.07875564438834
1149.0102256783,-2217.68365320125,3.94783265468654
3262.74582808407,-885.640560172054,3.93936223928979
2600.954999349,-437.938910643454,4.09597536576956
4002.0335786431,-1314.13772010392,4.01847656856829
990.279179597226,-1881.85225503451,4.18753776644108
2237.26875729389,-1979.58116221351,3.9749505899255
3309.2978325172,-1907.13643864171,4.01324568749571
1760.4225260584,-863.879451846748,4.16308906371645
2945.48622009524,-973.046455612936,4.05324095828815
1569.76306632088,-1080.2659561467,4.02737638568525
3321.83399262578,-257.264375893721,3.94920894659218
284.43982590646,-542.630419335431,4.28761495921737
3085.30526950306,-1947.14880693047,4.0943805743686
206.658423771679,-396.384808424961,4.17229635790355
829.796881381123,-1348.93203733509,4.26577985530736
3764.58023823552,-1435.06215607061,4.13288244277007
1252.7738077343,-1524.0325078473,4.16413746726391
2730.92436566304,-1964.91718043637,4.14203196850952
2441.20470070062,-231.886321119345,4.11251059301371
3455.54744514672,-26.9871796425038,4.03401563333304
1237.81269229166,-806.020771400908,4.28099769808616
2585.62381754167,-734.755889120451,4.3027338700741
400.634380248012,-105.267642724659,4.24933694685688
2342.14584493549,-1814.38818244158,4.35760669842298
137.36490021194,-1183.12437995355,4.34899830960822
2537.47571343966,-1934.49316660886,4.36957571821513
460.836319666304,-892.739130755905,4.41129621046492
2105.99534767345,-25.5787619767164,4.36626420441783
1262.43083452719,-2157.82297487832,4.31057917762392
3048.62351239882,-832.105490758825,4.33790175168511
2285.58668108454,-346.387242228476,4.34974336241091
1819.99278025188,-2150.2372583214,4.26186713413971
3446.61058776478,-1654.89298094804,4.48836589113103
2487.27255637707,-1322.69771002043,4.47698289948538
2337.31396857248,-678.612559657778,4.55789847841454
3339.07497754171,-682.360753212342,4.54183428161341
194.252624210102,-1268.39285893283,4.40064194957032
1728.96084749419,-1365.987451147,4.64065833807323
3955.41874279198,-1392.20706196679,4.40125733351076
860.262167168492,-1101.05327598701,4.64808842250244
3047.41520473442,-2084.31680707035,4.43715954972199
2062.30633123814,-1399.15463290579,4.22836081354379
2919.63755821062,-2036.37475367964,4.53153043506112
3133.71548868597,-1080.22495758383,4.75366648221797
524.975591455194,-541.638086791195,4.85024857584016
2572.29870449002,-1607.78985401092,4.76100543994148
2983.34375303831,-2160.11334470468,4.59551412666257
2897.91684616689,-437.023984998041,4.74933064685785
3622.00801870794,-281.151875480879,4.67265457956948
1117.83360177965,-1437.50014030224,4.76272544266016
1548.58796126459,-667.713216410315,4.65897480196997
537.800528675563,-1203.39698221083,4.80608170556596
447.592585258764,-1289.27137760662,4.67142898956013
2177.72820235234,-1875.9586853009,4.94288990265347
2668.2219603807,-2102.58249110615,4.79184820416351
1365.73722938108,-640.275197383178,4.87178255137235
502.415725641741,-2077.70666901726,4.79065404469876
2967.2505754175,-1946.23862592225,5.16507541496522
1937.99545907784,-2185.3591165655,4.76055222566803
1116.4964014821,-1979.45823035338,5.01963135217608
3217.24443764046,-1255.55818318287,4.79419674590236
1687.25961512111,-489.19746096994,5.0782623142431
182.389565079384,-665.652188083361,5.20592205160902
2992.42310098824,-1180.92945025664,5.19958564691017
2891.95737512833,-226.439468874668,5.10267290934923
3454.87186922304,-1325.7376016371,5.45368563209819
3309.75573180873,-475.469872875629,5.11188483367653
1525.44018673681,-1012.31453895999,4.95586190354961
758.059784475366,-326.004481296899,5.47022195807271
701.818334493002,-1664.33311003992,5.51183724067071
1409.37065302022,-1175.30130698513,5.40059131753339
602.35318924988,-1028.05147469007,5.72114415815636
3651.21261467038,-2106.99136829555,5.78894230721814
2624.28199969894,-1076.16787924368,6.16021597789557
3382.18932613756,-214.771639820244,3.01849484740861
3214.9714694318,-118.663424337874,3.03809997108318
2714.30814949634,-653.273261926302,2.70345105800865
503.591506585568,-1902.64464632321,2.97760575829932
2086.72172164442,-2162.88232502637,2.70985945151603
3554.32777797062,-87.7071237703481,2.8485369912761
444.527272561403,-745.151873424521,2.92399429137752
1657.7506735564,-446.156226395867,3.07557143684644
2351.2628161632,-2052.31868334054,2.94033404714381
2985.92483848566,-2032.91879974482,2.75076621761851
2671.04533937188,-925.480711982593,2.90685992217785
383.672401994409,-485.239298283113,2.88918259471454
2638.43670298998,-329.287764215959,2.95730322238077
1804.12040724726,-731.402020179165,2.84847333498222
1589.61583394342,-2063.62435341322,2.86309884385815
2645.57744201168,-361.864525140767,2.86489837652278
181.27417138804,-621.344690407241,2.8525691330479
1726.22747183008,-968.680745461164,3.00894426710979
3084.33089793546,-1081.89561000901,2.85131831242116
2458.16512663714,-155.506351341524,3.0493804265013
2172.26967605719,-1318.06475760178,3.06246704005835
3675.37961515862,-123.898079542401,2.89520957733944
2215.7993692698,-51.5129102397318,3.08585150958006
1702.13630587365,-844.507490576193,2.55201963698879
562.383228148114,-1493.51335305317,2.86658773039339
627.261399322728,-1420.21352961727,3.35535507111268
2682.24841751892,-31.4384972218788,2.89702293716251
3181.38027975924,-1607.99439422369,2.88896661660303
1217.00853731189,-1932.45022505708,2.90367045040383
3747.57952436489,-1731.50773019135,2.89922309541034
501.072874228296,-2158.5146587856,2.89421238713009
1433.42520993396,-1776.48348576141,3.06877037879836
909.633869843643,-197.570764742152,3.365298216657
1132.23661731002,-292.776424239585,3.26914561841599
2265.71304891798,-495.924562554044,2.84927594566254
3261.93563991874,-361.831257227856,3.01747373850656
2381.88941105365,-307.691344904253,2.54740990389796
1497.80941676339,-1003.03971753809,3.12691757287346
578.774773286265,-210.796424413053,3.27027554706865
1614.80342775738,-1084.44297470739,2.98914375434017
1526.6056479251,-500.835153106169,2.93350406719998
405.657664449595,-1039.45929566733,2.94081644995424
853.746060700712,-427.995061345896,3.05686848794197
1795.91044169921,-207.15796047321,3.3756550996212
1423.93279718627,-84.3394989230714,2.86410548033287
1601.85319771947,-599.500877503742,2.9615099760346
3890.31186515907,-1305.56088742224,2.91903503694126
3433.84839508474,-252.449883414647,2.99669224339978
950.711781049382,-439.404583401198,2.7732892094049
3430.95798043442,-296.588573602993,3.15226097773413
2408.36414684211,-690.554768193802,2.94115332646077
2877.53987788594,-469.914917592401,3.01971210810769
815.842811810774,-578.076469172,2.97878243668994
589.018439661789,-1503.95146772516,2.89500686889507
1461.35759889703,-1713.82555903428,2.92337224214912
3428.49018224153,-820.90639540189,3.13499964782138
1121.22010951448,-969.325174718496,3.0319106978426
4019.87032191261,-63.1272627875645,2.81904859722589
2315.28242494824,-991.842182538281,2.84791123043746
3537.82119235496,-367.035107179221,3.05125452339829
1394.83182005888,-91.0846635458645,2.92808108238394
3396.09816013045,-1961.78844651521,3.15615422024593
913.953886869544,-1523.94521401182,3.07422863156649
2017.76228231553,-464.302725931452,3.15023158436522
3177.27532001881,-292.309957891191,2.95302710822665
3505.60778754444,-526.05799411843,2.58593360345556
241.562188101959,-108.011911829026,3.2645947257865
1034.38606999698,-124.360933077199,3.38434848017661
347.418711110263,-523.016496429212,2.90908414040161
3091.65654792617,-1794.76045228486,2.83701478636033
3908.2349199018,-9.38400119841216,2.89931601608985
829.276680648773,-378.343917932086,3.0880138028918
3143.83836714767,-506.644597377204,2.83118813620163
3725.79875233327,-329.908438280979,3.40549498105713
1317.18439135545,-380.618417919319,3.38622243732423
431.016213112966,-1874.03183077421,2.9657878093143
2277.69195392665,-715.51400404907,2.84680936436596
4002.47746173451,-98.9829579639927,3.10852811462031
2082.77929670269,-353.592596718701,3.21713976789279
2118.35869466107,-282.465145033771,2.65821907955332
3531.57306097866,-879.416608354997,2.96806309211208
689.102261909072,-79.7285802862924,2.88474322339051
1147.28520877976,-1446.26891908343,2.85132059990082
2799.93366817359,-574.852894842344,2.82543779836106
3608.7141717268,-621.307025510585,2.78151920249182
1633.65256930878,-2133.88382882135,3.03136050607957
3156.011249535,-298.036053483442,2.92124808431462
668.632599044623,-448.659772970264,3.16891819674466
3359.25918346127,-535.999442090961,2.82373192348738
2161.3758174983,-566.627643067395,2.85208574277332
3045.57062795921,-1639.31272418972,3.01510531264171
2038.84221452965,-75.5728481740076,2.64891329128665
1285.18172000205,-2108.27846664462,2.92763179966697
2768.56116473603,-1939.74245288058,2.89811308938297
2744.93223960878,-1838.00349592321,2.89859184401253
3570.94402905219,-1893.32023692831,2.97839585445486
4068.42496344649,-396.944618148896,3.11745870510107
2586.1711326813,-26.5691321012388,2.64393205481206
487.816560227884,-1475.28800592621,3.06156930480614
2450.69495675005,-202.30691411871,2.8148102093168
1119.64267387909,-213.775428092451,2.97676917769246
2197.56230390117,-1652.05526833561,2.80386827015904
2043.44288642343,-267.268561712112,2.90381809626627
3124.6267753442,-440.570094175439,2.94312796020518
1926.0103514585,-415.089124554124,2.87014876280218
1448.83308482511,-116.189852987787,2.85691548120317
1312.5094136867,-1415.20495434566,2.87214848699411
3212.82212961419,-411.417895895421,2.980801757401
2014.33361766307,-1695.92542893748,3.01431458702622
2334.21186284652,-2218.52475250437,3.24724991550967
3111.40323709894,-2201.40240825216,2.96460025473372
728.069969196014,-1028.22833686182,2.92903049215467
2979.68971118517,-330.764690658357,2.82576923964356
3527.21084656742,-1671.05371014895,3.08880277354981
984.850220533847,-45.5554145773692,3.05765325779047
348.179119895194,-1454.94276997931,3.16687157359792
1494.32446445195,-1216.44220386864,3.02970248434683
3354.79542581176,-1883.39712428899,2.95250926870794
1134.65286953786,-54.3848819256471,2.94489476713077
1210.21545769362,-1085.57265090864,3.01393338035706
175.780215151271,-251.546530385553,3.01152428698321
1336.5027405074,-1651.67100849034,2.79813517406688
403.428290068857,-65.136100299172,2.80962916369251
1548.29917276218,-236.518441535893,2.975640004334
1199.34136616857,-97.3982536955299,2.83905405663185
2392.98443259365,-562.361689315898,3.00788278651171
839.320479207214,-186.357581282243,3.13758104921905
2484.17464293435,-359.627939724615,2.90678151417656
1571.90518530494,-200.470669751776,2.98589133914996
242.379442352055,-1727.16859188728,2.8149089027854
2017.00488565613,-2207.20606420409,2.68050628699301
577.279921927036,-945.488882307573,3.23369580917711
189.817268809152,-1642.67897765028,2.89296918015729
1304.89462110253,-2119.52933567827,3.01641768006728
1167.15045958708,-172.059685257566,2.83549579921323
1781.56359530278,-1922.55506089412,3.03655420958317
3268.66588942869,-478.338583061513,2.86407075860619
975.244401546434,-1546.0664558485,2.76091899718941
693.740260462085,-822.485566362621,2.79897570314051
1509.22850371271,-410.719137981864,3.19643643843478
2999.57052081231,-1742.42462468041,3.00905701184196
353.531393591325,-266.988711658002,2.89380967873044
2268.67652193932,-182.552773920237,3.00769381903449
2999.90590729738,-77.1371266935961,3.19335658061732
1416.88315607093,-224.962255124809,3.00883526310072
3433.70861523945,-847.825687392587,3.05573928850722
1181.08443966902,-508.33672145478,3.17686023469085
307.835029738097,-27.4753018738801,3.00197122202496
1063.13886697599,-55.3619464733485,2.96301236724054
3304.07417141543,-467.016662336932,2.79084195838934
1858.66173193339,-17.2003452387919,2.83008549820086
3329.39299472322,-637.809831479522,3.05414232420222
337.854549035888,-1592.08811191518,3.0086830033964
2419.19726722041,-50.9676648427005,3.21421355637997
1121.50131444653,-2185.9696540722,2.84696827837414
1225.51206696811,-427.534225788043,3.21987026906125
3121.10736053243,-1707.74486124914,2.91149437708839
3336.05862547745,-880.576486520312,2.9009577787804
3096.82322765887,-2108.53860902206,3.19856862184627
955.743865162426,-2124.62281026738,3.06549168682101
3499.8040173769,-905.541074822633,3.05948803951394
548.222726126061,-2124.06055391658,2.87435014159818
2676.65614320181,-494.657248864162,2.99207553792013
2509.53098186519,-438.611769478823,2.9781257436479
3897.48090059643,-366.647095871647,3.23985860342212
1433.6402180712,-1928.922269364,2.91188202723502
3448.8772819781,-468.458750712532,2.98308547449016
3683.71567903062,-498.730354342471,2.90892774651086
3708.87326745846,-2009.49792666908,3.02093513688931
2965.28803008405,-1380.89269555695,3.06630716343679
1098.44766576411,-108.18314250301,3.09967297788183
2496.64375819786,-1931.69277058074,3.0268179572445
901.248733734744,-90.8745546636258,3.29876826570137
532.378805186594,-140.158099293461,3.08397171338738
2840.43463344323,-549.022972240372,3.12456889935589
2087.76929274541,-1954.20523924844,2.90478902128826
2604.44697535023,-1951.00118890345,3.09250299268588
164.378549094897,-1529.24876701826,2.90298837568812
625.116606137066,-1399.12303467184,3.02757333138071
362.606212076942,-129.994392834358,2.85466417684665
291.607627533432,-713.135137459851,2.90021555860605
1253.75551023604,-1496.671630204,3.05785678787746
3043.91031638323,-1953.59225054601,3.02100665406154
1670.07713765547,-139.901170790292,2.81625846490141
1652.69177704044,-64.7533523595933,2.80145600494645
1109.54987109197,-1594.95325378824,2.96238654392033
881.875070594572,-109.925956074084,3.20551798583684
236.4368445137,-1793.66750494861,3.14667746716612
82.3760989405351,-63.8135421759007,2.9078686711517
3671.66659834842,-1438.3076499036,3.15881498637123
538.864320786573,-375.84032607054,2.9623877175322
2956.62317506905,-104.359113993061,2.9869570002511
609.822502531836,-428.782828730045,2.9098005273471
2826.35344059426,-4.55889623618051,2.92330774436361
1278.39433892328,-1943.04491544279,2.96543143782169
3870.51918293141,-288.931198872071,2.8860786858092
2162.82428416563,-1593.86322153168,3.03006325204345
71.0784217276277,-2103.27276679399,2.89491308608694
1785.37615951029,-321.400681912026,2.76650216481421
856.473354279521,-1518.99322819069,3.17773612286753
908.9650133983,-82.466797402279,2.94585029101343
3179.46808095838,-459.420246146046,3.05970355783492
1700.9703120266,-103.168299375553,2.96485860368417
102.895007329662,-370.602324031863,2.97117384925269
1784.38494375141,-1129.97832413522,3.07215733737987
1971.33796426951,-449.969741476372,3.18477907851491
3273.26490133765,-377.1108803383,2.96855871839189
1308.85210526417,-221.442419223135,2.69136362305079
733.48132026908,-1190.37021313268,2.98786110478652
1281.38762754172,-100.991003197899,3.13082260969812
3286.82825569248,-865.281156090588,3.00857618766719
1221.5805681928,-1553.4896164994,2.96832119297015
364.328260015244,-885.063929178383,2.93737754291779
661.363057583623,-895.72929054532,3.00119003120052
586.862575932774,-1604.30913210778,3.03471109833058
3712.56335663579,-1670.59908475057,3.02300781710702
2419.40873108026,-232.562011348582,3.00299738197798
2805.09526962043,-1958.94929954337,2.95774222334528
1713.79631008858,-1916.20579044498,3.18747732679891
2405.53148121857,-412.447707499697,2.91252320988725
2319.25266355205,-157.050117178727,2.91416462660307
1272.02586198327,-201.538897674763,2.96051033323347
2182.23499636795,-219.195609005027,2.94511381577159
1760.44733565795,-728.263077124955,2.96584380429835
3182.20627874764,-661.228358077935,3.11624845379733
1928.85726867875,-107.397704333607,2.94558880166624
3713.29577299439,-255.932226565301,2.95805480149292
3752.81430929958,-163.191572867165,2.99643019574615
1582.93564110408,-256.728536544256,3.10326438110404
1031.97495036177,-1621.88178069526,3.10968334245381
1052.81638572389,-1576.85652750859,3.17283124414125
3694.89253821977,-20.3637764197898,3.18030561798287
2759.71834630419,-37.5095021834916,3.06773282335007
1390.15960577523,-138.485648077413,3.04361756752222
3105.32841990658,-1977.4539002795,3.00154770568822
1012.48804605288,-1024.67827024375,3.04155900072351
1926.82414595045,-474.71475133847,2.98889056493117
3342.11151197095,-1784.68265509006,3.12194857020405
403.101797606702,-236.460705316425,3.57279025906007
2241.20213247347,-1763.16860489343,3.17898863102646
2550.8664111722,-2141.25449371838,3.14407837063628
1415.03129191217,-1971.6428228502,3.07367066847834
511.652214859235,-1754.45262782344,3.16321329148155
352.779136382727,-274.249074317522,3.09235127284467
1788.07128631072,-1649.87977667072,3.14943389603608
1901.92724380579,-2178.34417894169,3.23927705708976
511.905601898831,-503.386507689501,3.25263348967167
1777.8567422504,-2097.80294025334,3.23384543101576
654.184446516629,-430.738213605017,3.02828846997523
869.822387804869,-421.810841663712,3.1323648938963
1056.83052477939,-353.222892273516,3.1718448699789
1362.00348212786,-152.402390077087,3.18862677599142
2021.30969027028,-519.621841376004,3.24329688583742
474.437440805901,-146.220502752428,3.03764145332861
997.527140045481,-244.869599085884,3.12956273485579
1825.60809273755,-135.771435002305,3.09516677217167
1634.79434066911,-299.960027679101,3.1896661972106
1975.33789363308,-1409.39087022263,3.38748094110047
2610.47355033089,-315.358815283789,3.24157821419453
1637.8972410712,-1021.526604819,3.32597839102849
3971.73301440047,-621.199989703217,3.31151204036929
3610.49551566202,-745.422192771159,3.35516843745443
3983.45137169737,-539.828957103406,3.3183223398801
3325.38874933786,-1713.3343920318,3.28866386094082
1311.18056021392,-1603.00062677831,3.50018881189477
1944.95091789711,-1493.02000968595,3.48090129683063
3628.07478372154,-934.376802697201,3.41223233221721
1987.80213142907,-554.837563730195,3.33286112863909
3558.91176577386,-1627.42132944637,3.5466225275773
2998.88761587928,-1651.37264569764,3.37213367169341
1181.403861815,-1908.88411457275,3.24583105604133
2895.48865189328,-1353.60383310167,3.24562861264132
2601.06023158932,-160.395924780927,3.15183302900823
630.667922202487,-283.192130124716,3.31550452291391
2408.21658895084,-2211.75468960996,3.30972048644912
522.469470867822,-195.926842108756,3.39886428787926
3685.8694270597,-522.620137973841,3.49762149568808
1941.88184148361,-766.642775555361,3.39707701836253
1941.65681952657,-610.119182549554,3.46808618713356
685.396190352103,-1878.0453504558,3.3104710201777
1833.85100602332,-262.869688427086,2.92281727776199
1692.62970891089,-186.183500329892,3.2836973430925
2794.20830415502,-1379.90747979856,3.5005146517899
2417.9242449596,-2204.36817767417,3.41590215460129
3348.0472733433,-1739.18892638489,3.44892612084051
2527.36503425681,-769.064734176428,3.37826670271179
2817.01299317394,-163.376202441624,3.5016742591634
1885.132035746,-545.941287799809,3.39016595864814
815.514510485567,-329.919434081532,3.35420539624557
2324.91754628595,-1502.32822719217,3.46872353020232
1513.64032944405,-341.665305282626,3.36114753302199
1449.99532771175,-369.081716748341,3.70892381821402
2567.11034681352,-175.91172196655,3.47865067738078
2964.08465220643,-1474.24631761722,3.5456260901098
1480.62677729061,-317.940263212583,3.61301842208877
1449.59702615396,-268.483789186878,3.58357467352225
308.024544703384,-2207.41571002323,3.76215041307095
2473.60651023244,-2117.97489507412,3.63788023280123
1317.61170076202,-1515.44754541476,3.93792057596771
518.164150917893,-305.986971156343,3.72901900629309
1916.33399067493,-177.614206236486,3.89130260793285
1390.41619847601,-347.336556332638,3.86150590851915
1589.34913258467,-1695.32700988619,3.67528781331179
2037.07003144499,-213.735728981591,3.63841718908527
3004.94988049284,-1832.12215479481,3.88648088452234
447.151490273243,-349.412243792174,3.81977332790088
1937.85310830438,-490.574464881991,3.8856435585081
1327.30958545617,-182.544330231005,3.9039492118332
1091.10136823555,-2121.79713844749,3.97744319093418
3438.75218358813,-1834.95267054429,3.82055230910915
1165.3790881804,-1516.08766433316,4.0551498840959
360.293629995266,-209.709821714974,3.91634396971089
1531.90257766781,-55.7526835333267,3.86435443122068
438.356137074962,-159.626059447816,3.88252876019998
1035.01910295641,-63.7394560249861,3.76950140528338
1538.796815474,-1684.85117924782,3.9911754340402
651.407495538369,-178.568053837133,3.83645209164673
2319.25033145697,-519.332376469959,4.09093775460706
947.891196422908,-37.3633085368794,4.00959064105817
2389.2691057918,-1619.23621238273,4.13741471683122
983.094428942875,-61.2477608332614,4.00734913315511
373.962916783248,1.97465686796262,3.70416244956516
3438.38363423796,-1586.32476850118,4.31621123490536
1147.20215871243,-2217.73522935714,3.93551901343699
3884.19649255051,-208.692288103593,4.02449869586048
3310.35741182798,-241.091483262792,3.91606355301991
2753.88762932022,-415.239884158049,4.03701457047989
1878.49647891004,-1634.52430661214,4.04505602359838
621.231811302909,-597.628430504413,4.06617102338043
1313.72636610178,-121.279260669029,4.04537201901873
2967.23017450587,-1937.39481866217,4.26883031775899
3516.36917962669,-479.868544583496,4.3201707176745
1437.67316324496,-1445.10552238874,4.3886810869931
2760.71668893361,-254.365308065336,4.17611161783043
3965.52738814766,-421.350674901729,4.27209387239106
295.058969919123,-1859.57302055541,4.32462346918098
2232.75048704591,-531.70945352893,4.3260891065992
548.069281496386,-1201.48159515822,4.51940503786883
2282.80380160054,-436.165212654504,4.4541042946331
2595.55794951099,-574.530170690981,4.53677718391673
1099.25307480974,-707.578364044627,4.57557384462664
861.774418035825,-1114.40966790113,5.27763705557234
3399.59997716963,-566.046345460964,5.15376295333956
1515.00548698209,-513.359478369142,5.0651529089113
3661.69242204186,-1618.89890128385,5.26212494622681
1720.73425272449,-68.9466482989394,5.13954978295442
2862.62714558414,-456.21024574039,5.39473100581107
3230.26042038422,-277.508572949687,5.47476186526626
3678.44270923845,-2130.68954644139,5.40660170944614
2025.21781535628,-2203.74762540707,3.04302083688128
1838.0849880158,-1250.56637822553,3.01584067946653
3074.5345580608,-1046.11803045655,3.07066625203557
2803.87096231278,-1261.92238790515,3.14842969948629
487.663745321167,-1788.63920764716,3.13656437532805
1681.15284661984,-496.595616515335,3.18018296346709
698.779025047273,-1701.35089105741,3.24372716977335
3310.91897423047,-2167.93077087406,3.2313429968493
1313.87257083087,-641.05416077302,3.20931563701944
3348.71675030209,-726.356799337308,3.51291930185871
3304.18283296771,-921.680057690041,3.20570861665236
4003.64088997679,-71.2223610540711,2.985457649081
3363.87686515299,-707.656406437179,3.30662032725046
1526.0450840931,-343.68798094854,3.36981201601937
2584.11236312052,-1672.71758421671,3.4386030777578
528.070576924151,-120.314051278893,3.48297785134564
742.022570207676,-331.27281435552,3.32562753026524
694.982402220068,-2063.15230086918,3.70783538322065
2317.5466886169,-1556.20319049125,3.69134753175238
1641.76782018457,-2104.83885528693,3.70018884480532
1501.13876539909,-1527.89753946077,3.8946314972284
780.004674306899,-1943.45919670305,3.71628736708754
1664.00539310428,-730.618131885725,3.8277483267447
1684.68888606807,-2026.46176615892,3.70898247126993
1724.35446649608,-533.841601558491,3.85613780955386
1263.35191770663,-1419.00086741985,3.78129070923559
1688.93424053299,-1190.37182338339,3.97157636947979
516.430127312188,-2195.84284903522,3.83787096166176
3775.40949256394,-907.369768731682,3.91560502636123
3916.36325713523,-1176.05638299388,3.89601911729679
1647.2977800565,-2065.16474857723,3.90166128279503
2481.97519054908,-2109.22282277939,3.95005428225455
1131.86196663254,-2156.40804054323,4.02010974970891
2282.61486818457,-2198.31790638414,3.85302271179778
201.322156533951,-384.104405376816,4.33063193098667
2746.08987644864,-2073.6383529591,4.23390765272093
3824.31611978945,-1092.64241433963,4.33995780701574
3713.2754537209,-1551.89152033167,4.37405861595983
2608.83679955564,-1733.38426207583,4.36141200019622
3895.11580206382,-1026.1480624052,4.4567838994918
1879.91247402328,-890.519551080317,4.63852507485469
400.836468346068,-93.3858403197296,4.51943875498285
3920.84706264036,-300.276885905967,4.81696551074511
97.8130369328304,-529.158384385947,4.7274284850951
2974.99282894401,-1956.63968827048,4.74567928131398
2103.62857607976,-1038.69423605398,4.99264516258351
2276.19717873328,-1698.40332501792,4.90654312212619
2052.92014188014,-885.68121113491,5.00540348252911
2308.1971247919,-867.028431844082,5.34762323199323
252.896991459321,-206.64062842375,2.8219119989069
3662.25275433903,-1531.62685835668,3.17899174885203
3040.11573632436,-1462.7071600315,3.07623906555034
3118.1294095463,-1363.90349269906,2.99861855053073
3944.07826862281,-1352.18107805527,3.07673928951523
3960.24904628169,-1444.68412048043,3.12833616801516
2907.26065128614,-917.215325841951,4.25789985729586
3695.38171095001,-55.4043372014081,3.32267981446499
2143.30774367339,-396.929618745095,2.85537012359918
1598.62019711921,-958.01168293859,3.03386424214361
1549.9886334138,-1481.210908055,2.83180725802298
214.746205960627,-1952.31890675741,2.98889390859287
3309.16541738377,-372.487785053305,2.85095079066319
3772.64437708819,-164.125368860752,2.78933556912534
616.857097530351,-1201.51823313618,3.12306597605189
2373.72667938405,-1154.768568581,2.94307182294543
2641.71963735215,-1522.58424973924,2.73798088353769
3333.1531433823,-93.7966288964355,2.8944458643683
1589.80292152432,-1591.71404654596,2.93562884367902
3027.07729897467,-1266.66275497485,3.05898984027096
2034.10784591083,-1138.87628080719,2.99295266585918
3481.6391432328,-2172.19910541697,2.90881008830642
1705.01151628393,-1423.22398577463,3.04493725173172
1197.30592202159,-2123.05695761662,2.97342266433713
938.540859841572,-2099.68951661995,3.04125705016234
2521.55400145161,-878.346779479439,3.05821913760653
2931.44317114829,-318.611461559004,3.17729784698397
3876.49329505105,-1120.24533733269,3.11018558106263
3952.01235536476,-2106.99815063102,2.90220128914091
1480.78328823217,-816.013279633106,3.15864443387928
3514.57803703108,-1944.82534527304,3.1875915167434
1029.32737372612,-675.484712894615,3.03673259306282
2623.9459718856,-2209.61811138111,3.02663304465098
3832.831123372,-166.520250844353,2.77216795692524
1224.55595578596,-1609.24202103447,2.92032819750744
1766.32877986304,-1985.48319717284,3.24010687118332
149.98467106048,-98.4838560204206,2.85940887702571
1975.58339347053,-451.512307776473,2.87066717229266
3368.81044193303,-582.804267048896,2.95684891129405
2949.07091327412,-41.0366619791337,2.69029561683153
836.512119666144,-804.966149809835,2.99790618445627
1173.05669698653,-1806.1739100156,2.85721781273027
893.677924272218,-704.242371690719,2.81456446929777
1661.52187372991,-1991.12215704287,3.02426144648771
1296.35807273293,-2029.83218180581,2.88716297847284
625.766652397901,-1785.96742060892,3.05625417763663
1824.37637730944,-1055.70845359191,2.86253867863661
1620.66050457259,-1748.49687052194,3.09409633108131
1168.68245816138,-311.570994274441,3.30539268167816
1117.53996871179,-1710.59365379072,3.14068228498594
1152.23488346081,-1616.03837179811,3.10468981523128
1487.715483064,-503.134304924929,2.82968437436403
178.090596016171,-2145.59425261091,2.84288692442315
2802.84661219057,-42.8138916396807,3.01463597809147
3142.54740242805,-1774.65961824191,2.98058238559517
3114.84547245484,-1867.56311303309,3.01474697764137
3421.80468607375,-313.563282341264,3.03577102471584
3886.74980426887,-1799.07905928349,3.17554978410275
1169.09439676337,-76.2241145395814,3.33838666232401
2412.95809774072,-1536.36612651322,3.02141020224617
2931.15688542026,-1648.0439013482,2.82369963203207
3831.73116312753,-1381.74827656881,2.81190396232057
2266.80144913599,-1395.04923717669,2.68536978948834
632.541315220236,-1934.3398782327,2.87858974634943
2091.52168635145,-639.161999736526,2.80093221045546
3324.25083674431,-1195.18217616956,2.98732345413943
488.263670704782,-1039.89575289819,2.86977779946114
2858.35771520702,-254.778597144317,2.98952200685459
662.008380456003,-2200.80892302603,3.03508277087111
3307.07568199297,-1506.96515036736,2.8445021122226
1318.73958016959,-1452.80986974297,3.00050736633488
946.271773486005,-346.35276491999,2.98971467385863
442.598925944257,-358.757494701001,3.36926249105972
4010.78137716261,-891.351761357632,3.2740532905906
1150.23285474004,-1675.20434791939,3.12256287164605
976.629904257099,-492.887363135958,3.07547599107698
3023.38982431945,-494.668054682787,3.16684521591575
2929.2477543127,-1059.15659013888,2.93999136322585
3829.4506198725,-249.379175222641,2.80101463684153
2877.82186553257,-2070.73841838579,2.75256448054076
4063.0831469023,-65.0028853140477,2.8550462602935
1866.23340070742,-339.916275941117,2.61497689276411
1912.02069231589,-1305.79619116197,2.98531303265114
1204.01863047306,-774.453849175548,3.11903346978364
3210.02654697878,-1893.1726237295,3.18651375791945
1398.12547732387,-2190.33263210047,2.80537326810578
1762.96034751248,-1035.17652115132,2.70488349479001
1801.67792960994,-1947.91924464268,3.02229392097054
217.513025274511,-876.295500746746,3.10913575588435
1827.92777011051,-645.91049764986,3.14215000517519
782.066168937296,-591.21559561826,2.91929134938257
3473.94702931904,-1256.02671304269,3.03452454190005
3620.58391999807,-1248.23932474185,2.69770987629219
1797.92439121104,-1381.58118530106,2.7829404519331
1030.42279506118,-1912.09847470011,3.26325772317046
851.364046980051,-838.108881786376,2.96868308091087
692.556601521159,-402.344150028683,3.23144392979289
660.418093053729,-1481.02552945696,3.11633770352187
2347.78458071374,-1958.67532691314,2.88464150810779
3996.81899936514,-725.720194289091,3.05402926180993
2920.4678626108,-1942.3719846773,2.87500856079596
1235.52560784245,-1091.59330890873,2.88231015938728
592.675423298441,-1842.77730028608,2.91321733764517
442.806538448631,-1992.5282676926,3.05328700887586
3801.61095064317,-234.439792418399,3.06287874310339
1856.5294636013,-41.7442357980934,2.91864114441523
709.190078716641,-552.344890606538,3.0910284846843
908.323068462207,-750.712553091502,3.00695662813494
2234.64741894273,-554.087329620752,2.8488954624634
2181.91579940087,-1322.73778771666,3.0783544809781
780.092339170297,-41.9328786035237,3.33964367721764
1382.45646713441,-141.557375188266,2.82403897931779
1844.23271879341,-59.79584184851,2.99952419194899
1551.60344996197,-624.302335238534,3.55275898626424
2228.30606155763,-1235.35608786734,3.14620179913627
375.047568280212,-1067.4202839232,2.5296948131379
1568.18376448312,-1341.96248209103,2.94887241834307
1126.53252652227,-1806.11284084785,3.30786618238796
963.951447452969,-1214.90071007846,2.77720683583542
230.807405531288,-606.478629345048,3.18021055827129
1551.13655799803,-925.23488180594,3.20572577014874
2648.29304840897,-454.553605847277,2.9706796076637
1344.51405237757,-1609.07865732656,3.07116147076445
2504.9153873426,-1781.83942661259,3.10232052676858
3964.12173426169,-295.070450891421,3.12654594818717
752.016626918533,-979.424660949083,3.10451662363372
505.562496994447,-1903.62776584863,3.18065719029913
2105.57833901968,-809.812265305171,2.90672670905175
434.879131019126,-666.378097014508,3.03080441637295
1682.69793122835,-215.28327982202,3.01169787401879
1437.18228387031,-1866.59310361954,3.31174047817326
1386.46508229471,-1425.46897544921,3.16319737416278
2323.54579730802,-1549.2947018019,3.00794261318613
3097.59113981702,-478.572901327053,2.93332803362125
2737.27422176392,-803.899062513176,3.16855162342358
2979.63963488868,-1400.4895432821,3.18045200732825
1464.62738241029,-1366.77596914163,3.03696957582157
1557.38081981542,-1222.30110000255,3.1787562419094
1741.62121468285,-54.0904562798389,2.97403350951628
4016.67626502476,-123.534256680689,3.45629707887327
3522.56993241137,-272.158918891055,3.08950571141928
3498.53568451064,-949.507405165425,3.12017544281058
1235.54083228037,-254.683449819054,3.0743656158562
2071.25611416983,-769.793591593488,3.00275355714246
1879.24856448463,-1046.45269475757,3.34855934310561
3251.16814201008,-1783.57922306181,2.79627459962716
232.254876056621,-825.602897927295,3.14454265769992
713.389138585328,-389.870400819012,3.10909072510715
3152.42677046061,-825.400763873935,3.04065079084399
3688.89849962248,-2080.55391262937,2.95384261240793
1023.94797022414,-2053.28422845638,3.35601140319549
3386.78412762151,-1098.15102304181,3.00322914737335
2227.71418275876,-985.665535181002,2.89249432621846
1397.72666266852,-2164.39918623338,3.19474727328855
542.350967700799,-1354.25475356407,3.17540653745029
3712.0665421605,-473.183972716375,3.19770929576929
1559.86727201264,-1281.69557755293,3.0370980927321
1882.4891261804,-1790.93651025464,3.14278140648397
1210.86925222412,-1320.41528490242,3.34504258890177
187.214735663972,-2109.11988322253,3.08885388024263
2919.23748300523,-1464.17519747267,3.50002519642081
2633.62483806504,-294.600821941107,3.08598034133724
2977.12574757318,-477.387148774005,2.99031748437022
399.451404613083,-1646.06651784441,2.94940309982074
748.326865688401,-1839.1060548996,3.06449781133949
2424.28444221927,-347.452431946705,3.10175902213715
3692.54202069146,-589.224050807669,3.04389906256083
508.962014360682,-1419.62914053372,3.41124456726594
1251.90292299519,-103.318684518166,3.59533397839488
3090.04434377771,-1250.37608225075,3.06257048114618
4052.37886112613,-1374.27368259736,2.94402502562219
3178.20531163939,-1658.80803877198,2.92271111183835
3970.27322100262,-1129.49461756057,3.12121845068388
464.389991164678,-717.755635772104,3.08070177671305
217.634807093288,-22.2885627510367,3.18753672399963
2103.06227383533,-123.324204661214,3.49880370575625
3073.04628786036,-1761.79061075381,2.97330160081451
1313.86215878482,-1300.32506616423,3.24630139451139
3987.32652035963,-955.361006078203,3.56302990539489
1567.91881429633,-922.909166535012,3.17334533437625
2572.96109915352,-338.742143198352,2.97721065238175
3126.10157751566,-220.163344474705,2.848564717783
1110.04282636518,-1575.01944749031,2.88553081666305
585.0066019449,-1732.89871267623,3.44766123572298
2783.45609878701,-1549.09132905141,3.04892212707596
3631.67961402856,-1964.33992905226,3.17446631237705
936.718424944522,-1772.06346988566,3.14218655954612
4007.92703990571,-260.437931709752,3.23687285163391
3932.27545372575,-1684.09490238997,3.38785793844533
360.472649938385,-1311.85533038883,3.09439861712179
3226.13855139369,-141.908485014257,3.0510070939329
3852.98057125588,-1603.03839509471,3.17988865091736
2062.69124960775,-578.147422742876,3.09125256076662
1088.5549524615,-819.71280876211,3.08603925170414
2156.45599527213,-1080.24801350876,3.27261793865151
1375.14526996456,-1229.4834129334,3.23495741162056
1405.25231093454,-488.67994921826,3.1303769524684
3141.01744615424,-1549.42830349078,3.07856537117065
812.013402046657,-2139.34203224642,3.36335486909739
2064.89863324678,-199.755398492337,2.93024752459459
2006.0519026636,-763.9782843696,3.11767312545624
3246.48285189608,-1876.84035491914,3.57204195605108
1389.15903785384,-744.455557299898,3.48650306708323
1309.759088702,-1320.28428961871,2.7904157319473
1533.30494110113,-881.584011171264,3.00015348856921
1681.9143663901,-581.274349374552,3.19208758304711
2010.36218815461,-2125.45490654071,2.99454717101843
2940.47395828405,-506.813692120417,3.63547446370739
2851.54147026478,-1182.11149684375,3.27748032032979
2497.279838277,-1551.1168583757,3.17750239955643
363.334859134486,-30.9110275010118,2.99374457991905
441.91005232966,-1104.72659350579,3.21669689909234
2331.50972864018,-821.758596487153,3.54644194144089
1634.60631028907,-788.959674945134,3.23021856308361
1464.37256110228,-703.659507036513,2.96973928259902
2951.35452052285,-485.703984395907,3.58745212162937
3353.06260642867,-1180.38866832088,3.04102684565167
1149.36638929286,-150.915932187443,3.13586736500525
1791.99383688107,-458.17830114322,3.3051262743415
2642.92203449029,-787.740180310467,3.44195088123428
1896.51479866597,-29.4971779709935,3.10919729201282
2243.29827582653,-1530.2289851899,3.18042304389638
3648.06731941383,-1873.04324109531,3.11475603596746
1019.9267634063,-2112.18917238576,3.29636103051824
944.842607513132,-1654.5148572469,3.21740256348464
86.105812718514,-1364.11580150272,3.1318198653062
369.321753976381,-1528.75061155869,3.25166241025852
965.154615162326,-155.013695661457,3.25408257685943
1918.56650202268,-1143.97736548125,3.24397675654508
492.068555509127,-678.562357079662,3.37581358227353
2076.76548478126,-528.349139449627,3.47284841782331
1980.61741827085,-516.725372516733,3.38136112134983
3225.41382874508,-1368.06469594059,3.20654606940921
3604.33467525616,-393.97517761607,3.13441631595074
2017.55944939774,-1490.72084398052,3.22535454721233
903.33824109698,-227.840782308222,3.48140067538039
3246.22190649417,-1891.72286420013,3.05611468300608
2746.43958572212,-1745.85452085186,3.3910496627922
954.264215692984,-1903.96912315714,3.56185237018436
875.793380800551,-156.962554325328,3.41398448064777
2978.69991960602,-401.740871288439,3.20787461083133
3096.03300756401,-2151.6584378719,3.62807286843853
3439.59008428427,-1762.58699314938,3.52491004580737
954.016587403214,-1228.29348030766,3.32189691916506
1742.08760293367,-957.544095200949,3.57516468756584
992.179358231186,-1836.35353987146,3.46202969974387
653.017486683249,-398.873690884282,3.24463429107122
1378.28824622876,-1961.08371337745,3.07912004659966
2727.40942316052,-1571.04072709777,3.33299943294554
3614.78302317402,-1717.70013333156,3.49307665290509
1586.28779856848,-1146.36201253732,3.47460229572227
2697.68796484235,-482.052874650646,3.21001666591991
3893.65169361181,-522.184195873739,3.28763378472363
3465.83818352879,-1384.63974395839,3.28560704027589
457.695092333784,-273.120932416937,3.17859508344369
3054.97106407263,-51.2705455383471,3.27405724993638
2033.99186206486,-889.996285751174,3.70511135054223
1050.30039185453,-445.676418682719,3.35430246151807
2139.96360266649,-663.81095601083,3.33976261204171
1923.17866543056,-2159.25290312613,3.33713663624974
2695.34198028569,-267.485108727133,3.13889262744236
3207.30174433067,-1518.86364787317,3.41863110303425
649.584030911777,-1912.39350323091,3.53477796350143
1631.90693144389,-273.442728433147,3.38283675124363
3263.68991401878,-130.088288068572,3.33770042686304
3318.37128299995,-1609.42417895745,3.43322931231539
3842.92217283895,-1647.50321951142,3.46569583452005
3493.10283856921,-1829.06528696734,3.57902514104044
3748.01758919422,-1079.86227027997,3.38200829418462
2440.71708529036,-577.944984376874,3.40282626649209
2017.47937848637,-2051.75728880728,3.13662145221864
1119.86967774651,-544.592242571475,3.84255044420029
841.957482095821,-1026.69469485852,3.41310304651737
361.597783328996,-281.918919837977,3.71353031507033
1895.01917974441,-1248.89186208109,3.37691930385114
1829.92656337192,-272.478401058072,3.48860745139163
3941.30232720822,-998.151995415316,3.48921341736275
2703.29156218484,-688.353377890123,3.49845048033826
1265.74171383319,-863.789226873312,3.39824757701608
2790.23698349825,-525.54059408112,3.2998473376933
3615.16324613372,-1775.43402372185,3.65348880533513
1935.85302618306,-1398.11162685745,3.2289790571588
1211.5261432948,-1164.84126693946,3.63321962772803
3646.6077952081,-1669.68804212837,3.16783557053931
310.158987769796,-1976.40778179156,3.39492495236833
3607.92466851578,-1416.17207194612,3.44257691779339
4049.37968690973,-1049.71228353411,3.42017036186655
3484.04243779547,-1462.05702182547,3.56284491897527
523.723284533425,-420.102898302772,3.70668807933334
2002.06649570288,-958.539855614843,3.59575321791236
3336.94853643075,-759.073643334523,3.53566424339998
233.644269054306,-534.648331413823,3.4358697919911
1435.55980053187,-1266.5254696491,3.42316499917398
2612.62636642415,-67.3698623355994,3.45923785316858
1314.44541380014,-185.979236075084,3.47467452022689
3123.8188373997,-1391.34131988395,3.28601988411426
2920.94212132902,-1780.29100770338,3.90342653888157
1049.43057272061,-1684.84399071505,3.45375564785226
3172.42633656767,-1382.30696090684,3.5823438923962
593.96136011191,-72.4522542696348,3.58571989646584
413.43928888721,-574.419597961654,3.59213982507622
1847.58337309263,-750.156361943861,3.56886733178288
3748.79172266734,-403.321889256729,3.75988107633647
3697.88767672272,-1325.77970905608,3.14054514768421
1395.45888690502,-1150.48661423016,3.39910700013193
326.514657689312,-632.846748262412,3.63197000311282
3868.13221018625,-1433.13883085565,3.37019343640429
3245.16914305341,-1963.85326880541,3.22299016565272
1399.09292162027,-178.775167483082,3.53972597278113
2280.27502750344,-732.095816201086,3.59261575694366
3705.71752910834,-1980.27933690235,3.6212158490109
3612.43810098805,-1184.29633707908,3.80529899671574
2180.51114706228,-598.807780223581,3.4240327389609
1012.99607091208,-2205.43690478702,3.59431963682909
2736.52445122911,-655.921447029404,3.60046598801798
2228.3876896932,-1810.66515131072,3.47015581213864
3045.31330469202,-271.372657476105,3.32052878997935
2952.07011993704,-883.906217392216,3.80720464492233
3739.96319895127,-1788.01307095756,3.81393186853323
2975.24032665928,-910.490711558937,3.35042053932562
2736.70108397696,-2071.57029609115,3.42696244849571
3750.69217685878,-1339.40430186672,3.64835150299499
2281.88350821854,-886.448292455867,3.51412299014574
1958.7557847368,-1996.40324181873,3.59745680876225
2242.14578001464,-196.290381109464,3.79363538242983
988.015797860417,-2166.18160441449,3.48348680151372
1562.7564277046,-321.318375365996,3.53791239870273
3292.35322877773,-1683.60290042836,3.98284113106192
2853.42113309746,-906.209940958844,3.50266804985762
2600.70183102186,-1875.0742530718,3.72743863686342
355.315988544505,-217.229734881512,3.47524399713708
3021.12609462855,-1007.16078028334,3.73408574302376
3840.72615887492,-966.477248577809,3.68108047272698
2511.60022908631,-309.56164346015,3.72758705770386
3333.8603099307,-1804.38706818216,3.66551923381232
2043.51056617713,-1568.020523566,3.69796541094261
3897.91959299238,-1463.7907342262,3.83709430551244
2925.92742493993,-884.461569594151,4.03365196921661
2059.72266590843,-2095.45254875076,3.68006011676429
2002.35402880607,-640.614394655072,3.92253282340848
2241.07055387006,-1207.83035991,3.43589542294406
161.432234289904,-1062.02073385435,3.5940072683742
1780.29615315577,-237.291016343563,3.62182393966267
2298.54581125412,-2054.70296008013,3.4562033530443
2388.69644419111,-376.640300657448,3.84876078894252
329.642123228155,-952.476776913603,3.92423786564976
1763.74804632192,-394.080596728177,3.64614962580647
1001.13312814759,-423.246655755896,3.58529030295374
1799.40624306616,-1305.12305151235,3.78290503442524
2380.21174917542,-1428.15193209984,3.54282316817494
1532.47968925309,-969.241689131849,3.43007915116007
1633.70826667249,-1189.28495212793,3.83605325096371
3064.77364167075,-1359.11373472457,3.47972687543634
3130.58723795619,-1303.58157342203,3.76436495425056
1168.35329541781,-733.17512404259,3.8260155580755
2447.74830574454,-425.505509938476,4.05469996320442
3914.5698239295,-2185.40836019298,3.71358636368888
3352.48442640529,-744.228307330717,4.24353664826541
1660.45448422901,-1655.35770290524,3.84733117399059
2099.17582897147,-2106.81837341018,3.864138223661
3229.20531614959,-195.155419672731,3.93035715240223
384.836495717456,-2067.80124324943,3.52133111473232
171.620711003427,-1999.98534000204,3.78728690562964
3121.6072857568,-2092.26704202841,3.74791189536712
1933.73229764984,-727.023203261684,3.60625784640984
2095.99737429189,-1761.05807775888,4.12703691308251
1363.62037376194,-215.812459023272,3.67043594618728
892.202012825521,-882.452372011465,3.91124565473385
1766.53707904956,-349.720459372762,3.59630429039828
1994.2415880102,-1817.32875027355,3.99220702156402
2206.67334047867,-1308.23644279931,3.84773913084948
1495.78104730236,-1517.94787658211,3.91999394791259
1809.89156291672,-1668.81102933423,3.96878946981371
2149.96866506853,-1474.94272408544,3.74440569608984
636.11493099291,-733.990047825068,3.70912999497423
3000.67256416107,-1866.28317826123,4.20658049883213
2021.738577605,-680.94362869333,3.84521494556015
1192.12053021316,-912.139712939055,4.21994574703037
218.804117277861,-135.470138902485,3.90344032462086
978.844981144379,-674.433713664932,4.12017182597298
3977.51238530565,-1804.19733873399,3.94755307543476
1744.84272665308,-1675.01192537249,4.03647382132999
2903.03519265109,-2123.0715300457,4.04617802652199
3309.74568222742,-1007.27448245649,3.89178045892676
269.076793380285,-234.386949523358,3.91281719502493
1931.20212305354,-345.688840139445,3.84164644938968
2156.79239457875,-917.496476956496,4.01690939189999
2484.77543123325,-472.976280201729,3.78265817930999
808.670586960024,-923.381420979871,3.924325763638
1852.43937919294,-1890.47758097728,4.14340070210371
3991.10341017535,-833.300133717519,4.20558588516063
2282.45530380321,-2203.58073639254,4.08572314350647
3718.09867013418,-1556.69461709924,4.15016730235135
2608.50127327811,-1805.53879931977,3.96749099473169
2185.0004483858,-1363.55395207263,4.19332399094136
826.643029941401,-1780.65313880061,4.1047068320946
2775.02758002141,-266.59257134423,3.93323129973546
3919.58874465757,-1171.05959378604,4.20861499542722
724.575612345434,-1901.9651939588,4.19597030313423
3620.52485937799,-1370.00530418652,4.16708127048461
1332.48517579482,-2018.79686995118,4.14898261243618
351.55342690219,-1437.9638511513,4.14083272081581
2000.20410580531,-436.764677538405,4.26275946706391
976.136803855591,-370.5439860724,4.2069862419757
2279.03485791369,-1714.30966369093,4.49000480948103
195.16466003003,-402.713980425778,4.28338316137711
1039.90395790645,-174.174179659679,4.16967436003307
2107.04148482845,-1918.84334780645,4.32241672884437
3534.02923809362,-552.842338373525,4.44670055953441
265.053407370455,-1014.74900222561,4.15903128602898
2288.68096779169,-1371.08479346998,4.32320832430212
3697.37991467178,-1192.56073150892,4.24600196173186
3906.65135190391,-1008.05036134212,4.60128485294501
2602.33594963993,-1735.4397558122,4.59434395159129
1752.24940368491,-1226.20027390609,4.1803926724757
2557.65498284321,-2111.80343570656,4.66336552534484
277.203326300852,-1202.5750719716,4.91977065034369
104.736070083934,-526.966877091843,4.69797350267807
1259.71941574427,-430.005176503319,4.74582705719969
3691.01003946319,-984.315924161215,4.44651906432642
698.073415579939,-659.140219947586,4.65377263024638
928.154839463142,-1973.81219798979,4.91279431671533
1337.52430605518,-1714.54416200085,4.98188630881469
258.818942545827,-1326.95245320846,4.91495531185253
466.147456810972,-1952.72771601358,4.82235875596991
2314.23149948044,-877.422370100921,4.62452485720457
2914.98653819617,-1433.93967184637,5.08905742150875
2949.9297621657,-1599.10128753119,5.00842785743778
1170.90266660034,-1820.32707286523,4.89309486512871
1684.11471532564,-1521.23631516638,5.17790123061122
655.635606609644,-1438.52533367577,5.08199340705386
3476.60442858047,-1336.42386571733,5.12828288877982
2014.40107834482,-864.534619573574,5.29135520360684
1669.89984880428,-94.7075717972201,5.29584695934909
3342.74001442158,-595.108529228069,5.26290007459463
1722.53001425084,-1100.21255968241,3.01462510479747
1110.5995931864,-979.906713552941,2.92708746235484
2313.2769601622,-988.05705443071,3.05225869196791
2543.10168184432,-1867.32180532476,2.83328550863607
1826.90811388042,-136.809835948447,3.0401743288725
1016.78638722141,-1552.54083622483,2.96393315323382
531.593293567015,-1318.17151410041,3.19317603061072
1448.46298621565,-604.18624237212,3.08170496672432
853.901585463461,-1131.43463854699,2.79546472022038
2959.28015820125,-693.747677894891,3.16593778672313
1596.2733591767,-585.208075019729,3.20389406936734
2289.81762262129,-566.552189349785,2.76862506921675
670.757311782516,-2201.39450880086,2.82503463014766
1206.71094734246,-1081.36954361864,2.97037559447212
2145.46598154709,-1095.11540000871,3.01974515695585
1257.48934712205,-566.214943511044,3.05653610371184
578.097006473691,-383.314776536329,3.00602408400276
110.078671005303,-335.351139621298,3.1218429689308
1761.72908814139,-552.752320082229,3.04193925595111
1492.26983126575,-168.169692801051,3.45761357679273
1238.68982894355,-1086.38329753638,2.94817281736015
1083.33514408572,-821.407587839505,3.19947624804941
2628.58607348173,-292.453058563167,3.25452005298017
2356.25567343845,-1726.14822792279,3.10965415868441
3033.01810772941,-188.421710759252,3.08270133339783
1649.74314127675,-603.613474670162,3.19078927807002
103.909811853942,-45.8082313785691,2.89865080918859
122.369948512402,-446.177761118146,3.08436461982641
2030.8485541423,-222.408389332493,3.22961400642457
196.300330628264,-548.927883685089,3.22498597214402
1590.50783202667,-1153.06896377045,3.31632686100964
354.476376062545,-483.593417604568,3.28758797057185
2578.67020657489,-330.38436597103,3.45750170873879
362.779428736068,-207.696495511076,3.58339802854977
831.062542466943,-1229.4443982012,3.57596962924306
1596.90605325977,-1703.89512163892,3.53342782178057
833.138509292693,-965.21667308969,3.2231484785498
526.932205588084,-115.758497095451,3.80312025337154
3203.00756885572,-1894.15167946604,3.78385875010246
1765.66921037228,-358.877936492657,3.62476840446738
524.700218945952,-400.377254489686,3.68793024928686
3014.86483559137,-282.464825119968,3.69851710196433
935.094074983548,-824.2653839391,3.97744608946969
1490.89102103866,-873.573299816509,3.87990336723391
1871.61078039081,-907.683876586426,4.31299110912262
216.65931255438,-1259.12237989371,4.10307701577356
2283.18616059878,-435.927830992878,4.42969567116336
2123.24287263654,-507.118928173404,4.09053437649392
2201.97132974199,-401.005993199451,4.33311795376612
2113.70781484775,-1052.19521209136,4.8048817907485
927.666844280323,-1999.47619401783,4.912768653476
3314.49606489789,-462.845458727264,5.05333999877978
1544.99137145378,-1004.50352497395,5.01678160348425
3534.29145749362,-1674.65540481308,2.76792455493119
2089.34271159213,-1956.12118145405,3.17615805619297
1886.32282529014,-1703.63371679985,2.81374974774316
895.959852551729,-730.109060513264,2.94677700245209
769.997497035122,-2098.79510789087,2.83485294895269
1853.29813924014,-1089.89154908754,2.84530197659658
3097.74571021422,-1800.74265280291,3.35032383582222
852.628044290051,-1876.56915048337,2.9788942214202
3476.76138634313,-1454.16450612855,3.107548223667
570.209752015037,-640.26302372388,3.18464494165895
3098.66075330947,-479.606775788048,2.88041655824335
1839.15920569108,-1254.05222284861,2.64496061537187
2648.52880183029,-1806.73329566363,3.06131503869693
1801.22787416927,-1948.10697431631,2.84105781449056
1493.20356996443,-1179.15158008238,2.82422649718724
2103.15229824305,-2204.47921401739,3.43558917372133
3645.92410163781,-953.762439219122,2.99783341537445
2866.4522149817,-1903.87359564107,2.86596508257142
622.274112499055,-1929.52098153443,2.84155245904872
191.16662089127,-1476.38412953778,2.90656443045967
345.258817587395,-2184.10458570794,3.04241476071626
563.583245095214,-1812.53846527413,3.22615333393776
3655.91683488172,-1773.20104136037,3.14991752263289
3684.80005154318,-1178.99146301293,3.3201822190083
682.780608703977,-41.3265059825237,3.07145858200616
1084.41181754373,-546.850640919549,3.38672597325069
1312.22109582256,-1323.95146940673,3.05312652245765
1570.55350194776,-1715.10810503077,2.79885373731374
1232.39151116588,-359.809692113145,3.39956949236936
3978.38900891032,-959.153357061092,3.25975174617668
2971.5447753453,-481.045748854331,3.11519685437683
2742.97148993325,-1740.37454277368,3.0159193515
2783.22315399148,-1543.38125201067,3.20111195358857
3366.11859162823,-533.000236147066,3.19725794585657
2503.9733975773,-1781.97294989058,3.25575630039165
332.289581542704,-636.914443989729,3.30541825597355
3337.50178768766,-753.294184659278,3.40027101233999
1591.1010646922,-1146.14535452175,3.38465846979097
994.773509981966,-424.09473085116,3.31424130544129
3258.5234369541,-2007.46401638955,3.59151629856725
2761.35914331772,-273.419988675456,3.4379245141673
193.471942515581,-547.742107349936,3.5205236976303
633.309433370744,-280.962899833563,3.61900221060342
2472.73078939425,-1721.36953514089,3.37720265485283
3615.09777725005,-930.153078035552,3.42393437748459
1043.47895010372,-1268.68026484149,3.53234054615332
2562.94090395074,-506.096141775832,3.52565193123257
3333.42340372712,-1790.55777813017,3.18880580726622
2087.51360195284,-1762.74153191358,3.7274651577474
2088.34442855556,-2011.7049730599,3.65025650511418
1971.95228571805,-2067.94064852413,3.46269988101538
1489.483982182,-873.40744341407,3.72434558060188
3260.47665194066,-79.6072228280583,3.79062778247353
3812.07349276101,-191.980218616951,3.93346620302427
1883.84476995985,-1630.37753131462,4.12413275869593
3820.59230925869,-1078.37648550636,4.15291492599947
3890.25725460035,-1014.39219056356,4.34107711724798
1556.9929712498,-2123.32354021625,4.37007889961722
1666.84342357282,-341.456988185421,4.50599328177142
2236.35072793233,-416.729373742808,4.38476755694717
1708.92802667065,-2167.76760578216,4.58431996357727
3286.04284323814,-538.12775679452,5.45593943090655
3132.86297646139,-1550.29026770888,2.96941813708421
3626.50679908911,-1865.47648796812,2.87372271159448
508.46908000913,-1417.4217106499,2.85779640473907
784.109945146934,-185.478021762432,2.90148358370255
612.05253488049,-1147.10640406444,3.23965735468289
2552.94969211032,-1414.73662743303,3.08989817419019
2798.54622657544,-969.820229242421,2.66576586599444
1384.4606481763,-735.096077386544,3.05751512493347
1376.78354519909,-1230.35308607432,2.92886730535981
3979.95018829405,-536.226627121138,3.23352696721601
401.012664860376,-1646.40531268391,3.09111332610772
2101.02847689033,-117.215053864968,3.10251299703885
3714.45490083868,-1737.72420666174,3.16350163688892
2068.80012392181,-531.151124303149,3.43204723659318
3635.83997975512,-982.578612687277,3.46999826969248
645.227815946012,-1908.40445676017,3.08608865526857
3932.00654712719,-991.705749102341,3.25459088114849
116.321136313659,-455.438816966561,3.3669492292678
636.756510389518,-662.301157360263,3.54636824638195
2042.18863098447,-2111.23528610231,3.43978321121045
1555.46599585514,-324.564728393672,3.56484487829215
2980.10457717285,-20.7544867791574,3.57365526651464
1999.54066768923,-649.135909887794,3.43155178855573
814.942432891495,-754.425199017242,3.65819755015463
2867.50364716995,-2159.0105530523,3.30314262489086
1387.23675237035,-338.910617446535,3.91137267691652
3227.58208644469,-191.049706425712,3.72365555494403
2018.34077170812,-677.895912557982,3.82634094351523
2970.87261616803,-2157.56276756355,4.04776943474277
453.324103472721,-1303.38087754398,4.2610864803135
1568.58185693906,-658.363785886762,4.20585114615618
853.133825298499,-1070.10496213983,4.62350929882422
1249.82665987376,-460.8689941711,4.69649065233953
2883.31494276725,-216.881414671748,4.95439229904392
3305.06162399964,-553.420724187423,5.79099738395723
1134.96359781161,-525.498021619359,3.06931938787956
3075.0208379504,-580.778841915241,2.70008447342565
3277.38603366296,-945.692570705865,3.01502581687625
801.128647884655,-1210.49051350421,3.1178213526302
67.0559201839931,-1449.44303232616,2.76166540738147
2214.31856146472,-45.1183096285185,3.10066313375332
1496.95335178528,-1903.5772184765,3.23274645472044
223.624667448141,-404.091644437478,3.10601164771519
885.418688362732,-1864.11398753217,3.3909829258599
3572.93045106537,-1895.40861487751,3.0529057215351
3662.78822580494,-1272.32327307859,3.26554258101301
3102.582307092,-772.71686580685,3.16090755073223
750.717172622362,-1240.63572762558,3.24569099240869
1430.78123487564,-1003.20871140752,2.78845341724252
525.84080333148,-1398.18094987966,2.69804882942744
575.866273015715,-1317.02440877943,2.93181715834252
1890.22374923621,-1578.75058472118,3.100733095604
3838.52769236795,-2125.64669709988,3.05361910563815
739.287851246641,-1455.42686943975,2.95160678708676
383.173591542173,-1377.09472651779,3.20037277873536
2318.70937149704,-466.790686266923,2.66574871377021
899.71849850876,-734.665795827617,3.11893526891746
742.39805805298,-838.925443654292,2.8242064532696
1730.38120579107,-1838.46133394793,2.96939018165812
1877.04388258669,-810.316449521778,2.64704406575822
901.296601075238,-95.7385600997594,2.89354863633424
3861.69336301791,-80.3809519969959,3.00833294051778
2667.23437934797,-1722.8242410642,2.90522595589235
3106.0953772367,-260.811922367831,3.04098612212391
1211.91527158718,-1058.42362362187,2.65666782622621
2671.02796121677,-922.263615661831,2.53596824926773
740.017237377831,-1948.60316757121,3.0080333008784
3708.283662338,-753.288236474472,3.47919449724161
1749.74428740371,-183.551444907057,3.10348807880698
1124.14448136135,-1155.87511161111,2.88766192196511
4008.11189039996,-1096.62310596151,2.89256975486068
2435.63827507212,-836.770936111487,2.79689791389787
2274.54453684413,-178.631568523693,2.93532478830073
182.935387912661,-1480.66874502323,3.1801443102311
1130.67123440075,-360.685877757839,2.89616348743088
1485.83216756802,-2193.25825616418,2.81569087461407
2982.34883367868,-1988.60710959837,2.96935514740369
520.32477744362,-1328.00759747826,3.04080415514001
1856.65925895345,-1244.05499273596,2.99666787855525
2924.11524757341,-1941.35615371649,3.34425822996793
527.983039166282,-1319.23625825948,3.25709645756632
830.801306382093,-1762.56211185431,2.99582257294646
2343.95726361157,-1314.78233972819,3.07015340081657
1815.30183704392,-1712.66053896988,3.1539873657671
3554.45250473918,-696.964039880775,3.27960136657258
1887.22473466281,-1479.9491562032,2.61424699122628
242.990532775073,-1733.48192777929,2.93513292535435
2231.13457637745,-551.52408731321,3.00741505817167
2347.20358502507,-2065.05096686739,2.86877357512725
3878.41677172396,-1117.9928015778,3.00880858076392
3346.11349673421,-2046.77480548843,3.07341585405775
3896.45467876917,-362.419316325532,3.23407984541047
2019.98586012308,-1854.92545885093,2.94233538507492
1890.40309106011,-959.53240458163,3.10618280527234
1957.79361243527,-972.704155651253,3.08901979751448
1496.876330535,-1182.14370182477,3.07491386910539
2986.75337134276,-1670.25803725747,3.00019997056595
2175.59789062122,-218.513497781056,3.08558563861939
235.071185163216,-2212.56508200363,3.00593906646403
76.7275568721665,-1030.50068228242,3.05773941206096
1824.62547573522,-76.5147451773441,2.96193321632744
2587.58951365275,-2097.23777873484,3.04186021959568
1587.73828019047,-589.517292244995,3.15479237854662
1740.53987198761,-469.361322711077,2.92822070396308
3335.40310479464,-645.606966053804,3.18724456657033
2555.09224446191,-1875.93854254871,3.03568557734548
3854.42460057442,-909.683924628648,2.92189248452013
3500.39330339935,-1793.02124314476,2.93923605247921
2291.3170511341,-1659.39318800957,2.94924647054862
3046.90634748303,-1659.04174867139,2.99995765270457
1143.1248562295,-1344.63482133092,2.95855509234915
258.812367794481,-1108.95226194178,2.76267077219485
75.5997039113228,-721.878684981676,3.33252533195026
69.563593191871,-2101.65432327097,2.96543172147464
544.206613578114,-1770.96164160125,3.21109995344316
1146.72497568026,-1673.83084760835,3.1814246906896
3834.87053792202,-1079.33021200348,3.43458537466633
3661.0060448077,-2134.15404443947,3.4609489732945
1169.06818595562,-887.772680678657,3.79991196409011
3345.71904320323,-749.367108447405,3.57024814158705
3704.01884528493,-1986.80174636233,3.60485584609434
1814.58410267202,-259.410116389578,3.6689481048982
1339.46330121685,-1623.13881014173,3.76492193155379
1043.30344709164,-1904.6397551486,3.39369454161299
2398.0966950927,-114.859504347438,3.61642532693274
3053.79550894102,-41.6932162551121,3.77108536794658
3639.58887777007,-325.716971149856,3.42300604390574
2472.54577282287,-2124.23408891521,3.58567125056056
1490.77090940847,-1730.87761823479,4.18498103482119
1599.91722095229,-1686.83691587854,4.27478555057842
1130.72557950176,-2158.46617774552,4.5324819008243
1562.31113309591,-668.972781750093,4.82721186233945
3037.62336904376,-2081.80427477932,4.50503831681762
2052.78958980689,-888.652023353556,4.69908212849922
2952.30234630173,-1611.1947117879,4.64718357101079
1468.24057993474,-2157.06424914132,5.10252868187044
3979.27926588266,-1586.69518765521,3.20569370614602
2289.45943066587,-559.853025815334,2.95753174373326
2879.34333270676,-468.014635926996,2.9699882474145
1961.05704786661,-963.359474097892,3.25028308234601
4057.66208503786,-2194.13011629577,3.11173451820292
3688.32073622538,-1789.07471181847,3.02750592728936
859.185019372118,-1564.17714081438,2.96832831113085
2869.29154036433,-975.78581817952,2.83323175977972
1313.68652686898,-1583.35856375693,3.12790289659214
3989.37642732853,-1311.30810729205,3.14242949211313
3792.33206394277,-1270.69046398931,3.01649968876492
1530.48020473857,-1036.22944316356,2.94974066102631
868.003193143826,-1662.70581197272,3.05167302846578
2057.36542102922,-1209.04218390187,3.09871461683071
491.401134973893,-1207.54440999862,2.93356666967394
2191.378934955,-976.530711040584,2.58080781673418
4059.44771989225,-1553.00909713984,3.11658155195445
1978.54946038115,-800.821544030068,3.00375432196727
1614.46030156685,-569.316067828212,2.72731032131624
1311.98084775536,-1400.9638785494,2.73071882915747
588.484741189586,-1509.34987625966,2.9113151628992
894.898296869284,-730.8097425647,2.41423041474304
3588.61605783177,-1298.42517719667,3.12967389612431
97.6502318922791,-978.286633393333,2.9231079088222
2293.79249083286,-1414.84827818086,3.4294767246951
3987.28361656055,-23.6412043411895,3.19048919498824
2983.59923946943,-1836.88662953279,3.59730623724357
2032.50999518849,-1277.57192338293,2.57418126806909
1006.78323304975,-898.743041260495,3.15792738130232
743.628189094197,-841.77467177392,3.15107014372444
862.06482695556,-899.390997339827,2.84160265536261
1610.05782285933,-829.862444086306,2.86388256907441
3211.66668519949,-417.697234188177,3.07283477814564
2187.63584961625,-1588.64992709321,2.97834271892611
1153.23784267525,-1449.23547112703,3.07597191460592
2428.43609490735,-835.056850109791,3.43156091711913
219.995917421508,-408.731822904498,3.15008168635898
2088.95873066806,-2164.43929009592,2.84436147868143
759.694723957967,-598.952739711536,2.8687671687666
2428.45691279577,-198.312037912699,2.85035349351119
526.417460727387,-629.02339911546,2.91677109933967
3181.04440054239,-290.459276088225,3.04040603195462
2078.56328125998,-1148.2429407199,3.52765993297825
3365.74783687366,-421.581319580207,3.16056384580753
2753.12085402908,-1807.52867692821,3.20635541321618
2973.91316468151,-1042.29208762423,2.86930806911471
3837.88166524503,-30.3059390070644,3.18182524001591
494.466950013487,-1472.7683265427,3.11986839480668
1665.54653077071,-449.52050355473,2.85338258672972
3892.80291215432,-358.428096160877,3.02723173270834
3448.38199244782,-1055.52009665313,3.14971272803947
2578.37311634853,-1788.68241391859,2.99961869479968
2796.76670145118,-970.583734738495,2.9935692371198
3867.64600514335,-1615.18411219744,3.72605670867521
555.107942933048,-1661.8361740471,3.21277439885037
4027.88608893298,-868.524240804294,2.9227798223092
3102.0564716716,-1567.73007495206,3.38393364610911
1023.59906392077,-738.423201686886,3.56257290795626
1503.61453555595,-1003.29813854113,2.9572454539848
3256.2542129949,-309.458410040203,3.19802244975769
3233.75426385736,-124.39648237686,3.23402170282082
1329.39228365893,-685.176807012111,3.19179376982023
3434.49262984641,-1685.00527518879,3.27205514517775
3003.75861295405,-1843.40426596232,2.77149786825652
3787.15602584225,-2072.85240922986,3.27044205717038
118.644163506635,-332.109929112962,3.369605024156
947.210218651328,-1652.37355092793,3.40238242201722
2994.59816483543,-1643.54099854969,3.26988566466141
3347.92099476014,-749.083417299112,3.22296396252512
2220.14202429105,-1814.74429850079,3.7907939776696
2999.94335956035,-1606.94826364406,3.83284671806286
3830.57388051795,-1068.16803273677,3.73901090690229
2303.55192309162,-2046.36964326455,3.62977634783039
1321.58014828705,-194.527876590622,3.49562070318848
1591.3866325463,-1700.12372403422,3.7747856787699
3317.64668946386,-240.253522355725,4.17659186747057
620.654332113348,-581.329428196654,4.33673252354528
2326.6304165495,-874.200421764794,4.93519233113114
668.576621613608,-1433.11512863354,5.2531631632293
636.062212419501,-792.513924779894,3.32934441770111
636.694412498244,-1349.85092258004,2.98039040243908
529.850447120176,-134.652394028284,3.56075538331809
3679.19680099764,-1787.96530172934,2.98549363455637
806.406586547083,-1446.8124576711,2.83017420712024
2833.30628847528,-959.100990882666,2.72801740733164
1671.68827612662,-788.009733998621,2.8816378912692
665.984431484906,-41.3515668148643,3.14635244155855
1682.61463661694,-2171.2702841217,3.75488440516842
3007.13530132292,-925.293474076237,2.84938833621412
1078.79842961879,-1129.5322536511,3.23112001320199
3618.21377236405,-33.3055778632233,2.82519751734029
391.977750630059,-1283.38893453044,3.19328931917061
282.439336357578,-461.309028305921,2.8938550811859
804.940285934966,-328.319744110211,3.38647399855122
100.979961565162,-969.277323229662,3.09058971341126
1031.89626061892,-742.888479430438,3.07051695882639
596.11150393074,-646.012835151666,2.62046009959298
3289.21909513723,-2054.88510163371,3.22908172151131
3163.8993444596,-887.021053225485,3.04591977451329
2884.81702614598,-48.3218114283962,3.36112975372509
2763.35020500712,-1897.46125234056,3.21432503684166
2249.21292035282,-1603.96242520637,3.26582406287693
3763.60014323491,-10.4516074748575,3.39830709199362
2627.11306785574,-2208.7063902151,3.00847944862381
542.219477624369,-432.211370851496,3.07958449914002
3773.28275678941,-1047.72588530891,3.09231046901386
399.87531115815,-1705.33098581973,3.08899776727775
871.41827238568,-1144.31074511533,2.8344205177566
3255.21172574212,-1793.41178397671,3.09781044030036
3169.41665103675,-1382.05473187364,3.41708440438343
1949.77860351629,-605.232726821431,3.74856736996236
2005.26819614668,-1232.42016281351,3.98405659691348
3338.07032320197,-1786.78567131269,3.82161751646428
3345.33684609129,-1137.20522366226,3.68506418664875
1463.20312304793,-702.36477488315,3.68987745919654
1195.6011522258,-1594.04801961075,3.62576818296335
1999.16691697435,-658.929772950791,3.9207164646697
3216.26495833835,-196.445535080892,3.91005132628856
2151.51652429803,-1472.51496911477,3.8195768447987
2030.53287973015,-205.175140926585,3.74098342189914
997.761292281204,-421.497510994841,3.74376618763795
3210.38097012514,-869.081099875414,3.73229601144509
204.704187398564,-143.991937294821,4.42007846062335
1596.18378682406,-1695.69630682508,3.81927599887219
389.998962027462,-377.590134121071,3.7999207921029
1096.1029910365,-1620.38387404384,3.88443673372281
1206.29871141233,-1712.82905145009,3.88755511435669
285.441709079269,-234.399592231641,4.2166167160872
3982.14827886729,-1813.49542681159,3.90303781419974
1120.34859546746,-1150.34471242599,4.04459460720446
1868.06577431779,-1482.08647307195,4.35351597448847
3828.64473907658,-179.679186120209,3.84319566856361
3652.90832158647,-1069.86603459162,4.36824877575129
1372.7789427877,-1709.69990165747,4.50981765309701
1799.87643050924,-1603.48297866934,4.57212984901046
2213.07375466759,-393.920317089603,4.38746149228782
2002.57604246042,-430.651130843093,4.66882881215456
2293.35406805234,-1182.75482561276,4.37150812490925
1308.83617795631,-974.482464812293,4.20953579662264
1397.42429698917,-903.437512402438,4.90851542842168
3669.14801040977,-949.600960010092,4.99396065630053
2106.75482432018,-511.807597864052,4.46561326570297
2612.71044472219,-587.785379627109,4.84084064560183
464.495941199159,-1964.36164674615,4.66775046057019
3991.13513949266,-1242.18072432985,4.91061981256461
1411.95971348144,-2168.8127402095,5.53855841874512
2950.08895339626,-1198.36123806362,5.15372692398327
3198.57820080382,-291.856650318843,5.52869312173415
3430.32518919264,-1327.23827068772,5.45184473673436
3323.83675092665,-570.377225932386,5.67297039239819
3621.54921472832,-2097.18360685946,5.8786555043955
NA,NA,NA
3717.49263718411,-439.109643930406,2.97549219729195
657.838018587793,-1363.70561129137,3.00793069541296
3722.75030881037,-1155.87099762924,2.94874493585809
817.085295597337,-1226.65928900697,2.82006041166539
977.518530218625,-674.303366224439,2.88841954508892
2465.58250207462,-2060.24322085874,3.13693281529356
1163.11200888586,-1716.66947182597,2.83834464723168
1978.8092269455,-797.069355284922,3.02483667007996
4027.7567826011,-1086.01730800521,2.865226680889
1195.03063701646,-496.598334398841,2.98673742193449
2594.01527958729,-1857.15543096918,2.99624567862746
761.64340656755,-600.566831940635,3.04141759000033
1609.52876013668,-1401.21899781741,3.05639611820981
4000.83856700779,-1043.40153379174,3.04918735272505
2417.24711216547,-2013.78318595548,2.92668644960719
3488.38608701186,-730.03002177522,3.05263096399181
3984.15484715556,-866.858634888997,2.98155453151611
221.846014196331,-1373.47336663842,2.87554792190025
1083.77298456668,-17.3867743484052,2.92404017837957
1252.89741002114,-1074.62655571987,2.94827883378209
2570.23752875142,-21.6062513645223,2.91328676308707
1978.17486020216,-876.258971402432,2.96109293020192
2575.24366480861,-819.615854827769,2.81831595731627
280.373126704924,-1895.93886017691,2.96965946999695
1567.30023504189,-792.717300907989,3.06416412801193
1276.8574722627,-396.041252319512,3.01685129184631
1201.66798973422,-1375.51952766523,2.99167053032308
2810.02539363207,-63.1673645248642,3.05146074854332
1789.43250606368,-324.405483381025,2.89566579830303
3488.03992420095,-1730.24664650696,2.89125051745219
1311.4966715254,-1634.24402504182,2.93545228157651
3427.1848235274,-2115.65922234753,2.9824695113681
2835.38024332483,-961.047563382963,3.17849354377265
3392.84663938864,-1578.1628455548,3.11735090126101
3808.40538507981,-1757.16055356152,2.80859818058841
3477.92536085655,-1449.87026260732,2.96141754491678
3508.19285303437,-1916.76487029148,2.99631603682036
2837.75644533804,-1008.57110998542,2.94619935667233
3118.54938381991,-1683.08725411002,2.97772443252826
2039.48726306311,-1468.37651732858,3.07322850585981
2549.69441245913,-54.7395063177852,2.97542083724796
3126.38758534378,-164.252194675488,2.91734357767468
1764.91823279516,-1952.05237280612,2.96186529275412
3183.91349685845,-1913.79478561069,2.78362677795952
1363.21710763069,-1620.33905160054,3.00608476509966
1081.0994375975,-549.809667073693,3.03897933810705
3271.15670721876,-18.5151459485042,2.99097150225937
3370.25627857692,-1214.54489440883,2.96080478905936
1851.11070382645,-330.575166530035,3.1996729739413
1048.24610147647,-2165.2203104521,3.03002778472436
1044.917492262,-482.555242234415,2.98523611435728
1215.51818761817,-1891.31299242933,2.91452325622558
3439.96115654271,-1251.6635339834,3.05305457190082
323.612279168102,-1910.34174097167,3.02173155975487
2994.89896134471,-1629.02218631184,2.7377519148953
4029.60282960417,-1793.1511464267,2.93897764863102
2493.88314974301,-696.382994808284,2.86924748222478
2628.57824468379,-1572.74718221125,2.93400904393592
2056.12175580728,-163.476276054562,2.98249019989662
1233.95326419314,-1694.13213923695,2.93376823851723
2758.5740949791,-135.32437837909,2.9872558459741
1720.21715521232,-1964.8689189924,3.04710224802557
2554.29729473648,-1413.71882778717,3.0184319284357
2213.97149618033,-397.951482542569,3.06337541936192
1033.25795353918,-1268.37932833135,3.02106935456859
3487.85876541348,-1313.40643970616,2.96191156136539
3223.54949180926,-1405.89024825713,2.92866623269142
2714.40482925308,-1453.52890140587,3.01788462994508
1670.07890345751,-1366.84770138991,2.91124425014118
3889.43790305536,-1841.43948795997,2.81427895479062
2616.92664207854,-158.410677742352,3.1383498861044
310.436796997649,-2043.12575001466,3.13299892651329
3791.67524435853,-911.371561997517,2.86782939493279
1355.48497645512,-1463.77042373672,2.96840840405309
1268.48054279611,-1629.86003736885,2.90092683909216
578.417605883633,-444.049349588009,3.04381195272452
3392.80106088719,-1698.56371791645,2.99131626410009
1743.76137160562,-1807.22477909996,2.94939444258504
2869.16326150384,-1592.70466044876,3.01092229396032
338.990669830026,-976.187188604683,2.97404605018321
3351.60372609912,-907.20673598156,3.11740165951171
3255.8411980231,-313.483860683455,3.03774331827537
2260.7151735959,-473.300508660215,3.12139384144074
2466.92699013945,-781.546196663646,3.01805302348536
804.475368145718,-309.191095244075,3.04649271609598
1211.1890860391,-630.658559698689,2.90923411064847
1887.4511085157,-2110.91110912616,3.0034586499311
100.109462449768,-808.997091253575,3.06733219391435
1934.08915065409,-91.26637608627,2.84323782239603
1612.0986956486,-182.947608416177,2.98986321252618
3370.56499645784,-584.629341169658,2.94342920449506
1155.61432818626,-619.11457415946,3.1508458508299
3285.82228752471,-1507.55223137222,2.99640193724331
279.975457604218,-749.538059514458,3.10034237173244
795.606144274228,-410.453874031666,2.94353551934685
1489.79136829918,-1954.30128733443,3.00322012090547
820.462079043018,-2205.74972191807,3.05677252592631
1764.47600401462,-730.875248378596,3.31260071677798
3597.75172210528,-1735.43871225275,3.17229626656825
625.224446445599,-58.5411882963829,3.12112983354731
843.939984855438,-1970.22017986577,2.94724005107303
1903.23997134326,-108.898041909843,3.1388772886622
2326.89369621794,-294.329353012059,3.09473048375051
805.775806638796,-1446.84468210673,3.00577544028885
3216.05831687195,-2125.09409262826,3.15114058082524
393.211564569494,-2100.66792944196,3.073966496973
2567.46903560232,-2206.5682823987,2.97072668883647
4010.47666016369,-524.994637651144,3.05467838938675
330.869137859515,-139.477784202129,3.0001761097725
1737.45993661795,-1543.73056889654,3.05709458702217
1487.2001138439,-430.268595071375,3.24032525836545
2169.02380063024,-450.702583971386,3.1258738932991
2393.20455654883,-1037.04473999523,2.99312788602252
192.222055464561,-956.726044251715,2.98397184375566
3640.01664486391,-360.869102108536,2.84259253940966
3979.68329406948,-1852.97742693218,2.97910806701902
2153.83387905099,-2085.25840876761,2.88608872937653
1529.69482391615,-1134.50459602004,3.13110816800617
416.723313003363,-1514.19709241587,3.0328884583538
4011.27963548564,-1695.89407229925,3.00073067390382
1861.1861885912,-1428.71422165818,2.82241607870818
1664.38635449882,-577.394568684235,3.10931305338933
429.170680338895,-1479.40377429601,2.9531225482102
2063.88955425349,-126.890218841789,3.09898782207613
2887.92953810625,-1307.10847968027,2.99321980272421
808.773017239068,-148.091794212671,2.90595663686601
2162.71967566363,-539.712204633971,2.99331508403733
2675.07599713666,-497.039813134181,3.06865296678721
1456.51161299026,-1323.29614484617,3.00806753350997
3054.02008841368,-933.436564764007,3.15761663016507
3842.07406022085,-1316.36808979282,3.07777772638964
3387.79949051462,-69.8298397651959,3.06941420777231
2566.20616005751,-606.189489003608,3.06533518044391
2403.85447878692,-410.648934555662,2.99404950315415
2214.01103271135,-1341.76467111914,3.11039664696199
2636.44006133641,-42.6685731756848,3.10933252455652
961.336322167316,-1062.1968290998,3.10240525825064
3662.78388915294,-2195.91998029161,3.21603639229992
81.08541296684,-347.707239026237,3.00438925873178
2904.9765170416,-490.55638022382,3.05256815944233
3419.04203595566,-241.165417293169,3.18238699351028
3226.63999635095,-1094.42824111493,3.10067403918141
1506.48957305723,-1413.57147862916,3.02420954326738
3195.80594179186,-1592.12265910479,3.07478978129176
744.068793223035,-1968.34628457881,3.00954554664073
1709.72377945061,-1624.63356148498,2.98660200249595
1293.07715339101,-991.902803002209,3.10625187420879
1914.91982838148,-651.902248972286,3.0115700220221
1273.60643978589,-1800.08523810356,3.00122304150695
3065.22424963588,-699.830450097201,3.091714106544
2494.21141040524,-449.699259395282,2.9989981972501
1389.62484120624,-678.372502559607,3.02469389458441
1281.21401959678,-359.06036853922,3.05353336572758
1723.10233548491,-1806.29547005985,2.97189780610779
984.019149359499,-1750.85197262789,3.14168581224909
265.237454077202,-758.059318575382,3.05630118722868
1016.41932564341,-456.769456471216,3.10517397149455
3477.44719984395,-597.094346827285,3.05736737633434
3885.12902429824,-1490.79547483822,3.00031939276444
3915.41906676898,-256.540529426892,2.99096801617225
1054.44807275902,-30.7576326293655,2.93896562270331
1432.75291660533,-1924.4542418531,3.05264565275637
1839.64299749577,-2068.34007796821,3.12696618616695
3392.65102087415,-2207.62981663026,3.17714706414613
2869.16074487225,-1639.86643382072,3.1580858139008
1810.06561394307,-86.7000375193027,3.02092168454397
599.181990023886,-267.861256442841,2.99776963142372
3198.82334931572,-1545.78322056356,3.08526228843768
479.317645001373,-357.838262029479,3.1038047739625
2988.68444315898,-1296.17761687126,3.01367129907529
2289.9499441505,-165.548926926783,2.98274646167307
3597.60325638344,-338.597527259099,3.17410750158126
1364.90809055516,-1700.94960396706,3.07469124156568
2188.94867602871,-1573.4939374804,3.09849222909573
683.398117450141,-941.361290981281,3.14838508998655
1725.70298781759,-1728.6915262885,3.01255287545331
675.390047487232,-1550.43535452321,3.09778926383954
3901.67819930805,-875.412594935789,3.14530741375047
1973.82613808516,-1486.65964230578,3.04323039582245
2651.47040503111,-2147.51839622785,3.19975626483585
1568.20007796441,-1719.92192837715,3.17593350016925
3251.57651332369,-181.255505082385,3.19829035034523
3871.33234701322,-1069.20698126961,3.00097388384087
1430.08678686645,-2179.17936471561,3.05846915911196
2885.32359941924,-169.120342470745,3.0543987351164
2462.44922230643,-880.65044264828,3.19216818105474
716.112674909838,-1822.32574148358,3.12845835876731
3333.56953646193,-616.748429418631,2.93243149890504
3048.74370899786,-1327.468940476,3.08477025826067
773.733487272057,-2035.86063146797,3.16044189887935
3304.26508350421,-1089.90922299435,3.0704787997301
760.298679781549,-487.212486199562,3.16878161437185
3557.96500363084,-1872.92968189196,2.89801885539933
3544.93854522869,-451.538491009516,3.20822129209638
3289.70828177022,-1033.07153163202,3.0819188088005
575.213532020182,-1933.93170555904,3.00277880707277
2569.92697083141,-241.820412931934,3.17131805752846
1771.93662373548,-1887.41975842386,3.05404378846865
1650.72757752453,-963.339210628741,3.18237014343757
2433.76893689267,-1952.33642505791,2.98183724479383
3254.15690505686,-1293.58839107936,3.04514505876221
81.5486526791946,-404.731600280829,2.92633792302991
1767.24376734991,-1494.78838543652,3.03558979489975
1827.24323434744,-191.892877110934,3.13847846406545
1837.39485829759,-1846.33716235769,3.16183966529945
3598.16872973739,-898.503472038557,2.96334227624769
4016.24691593023,-638.168706755076,3.01074371566066
1023.20766667084,-517.641727147739,3.15472718886368
2626.62465833069,-2211.48071848637,3.11421363928842
2604.35715554232,-221.866649877151,3.035263189551
1509.29064239569,-1772.51939725663,3.1079611801703
3039.73977584404,-1857.89834162257,3.10601852216282
1996.58935539807,-523.554449053615,2.97635488852202
2498.53822376397,-875.78646102905,3.1056560640551
3124.83944819049,-743.573914186511,3.15453165710516
1466.13694146823,-841.893121670617,3.18938600441096
1175.71291881211,-1378.17442483895,3.273779524577
1484.79200381046,-1462.06614977992,3.10422004207156
264.422131554792,-407.134873640209,3.20336756702843
1704.62964883671,-668.547215654586,3.15487967074103
567.467869991843,-1474.73610412517,3.16872631905963
770.638450274888,-900.198756351244,3.16705253806723
107.645520562114,-1436.05170613294,3.19759830397056
2952.21839350586,-155.683402817739,3.22279065094004
1994.10544445556,-1869.54101241861,3.11595741327828
1901.55580555251,-235.49575311936,2.99186578668409
700.708331522223,-742.656489056932,3.08305519924018
2662.34093118633,-938.54067716457,3.08279189752468
3319.04390822524,-530.017364746964,3.13073071375371
1347.43486058209,-901.196354692874,3.22302187195381
2479.32903868511,-640.98120278098,3.07728853689157
2569.80582897946,-1621.87778474629,3.02987368722393
2364.79522129186,-1730.02048297835,3.26987069373023
1395.83456685821,-1607.76851858918,3.13580415329336
1274.74985498531,-328.192207715957,3.12404502760371
439.733097990464,-1573.66662031349,3.05215959237677
2268.21119491631,-1647.49218565909,3.18528799908275
2392.66628582049,-876.15944984101,2.9977170866709
3687.54754528262,-1732.63033272444,3.18090078845
1425.26536831303,-2048.32255771367,3.17213088983588
3236.53221111166,-2017.35717748541,3.13487706608835
1223.17283700455,-1026.88258963114,3.2326353194688
2168.69036999789,-925.346806499301,3.29350580207807
650.034145238781,-1216.25300881606,3.1618554624122
2465.36492963602,-368.138018862001,3.08371980765791
1928.785305139,-1560.9705569708,3.10766481004747
820.793374188077,-2004.90412949235,3.16065243260074
2675.96066218506,-1664.62995648657,3.19181137003578
2940.97954070798,-910.128432613651,3.1263191501116
2735.50663473122,-1709.14045308683,3.18464949735153
1926.30118769988,-1334.13697584587,3.13073677306182
2464.08308360002,-177.871308105766,3.09283165176902
2206.03858010037,-453.961568196401,3.09353840010819
4035.92183487257,-1759.68831603937,3.02498448014206
2498.9939574936,-854.622232660614,3.29805827804493
263.144536081553,-806.963141303333,3.21825100859801
2566.77753737604,-917.437776205096,3.13223604196592
2678.94872529269,-672.8675520648,3.12849468904254
251.937111653382,-1469.26287332377,3.1899520571938
3777.817882897,-652.4496796968,3.18947659022148
1605.98292358064,-299.752770834942,3.26762577452319
1619.40748271557,-2139.51399459022,3.11362910439677
1608.45593237162,-2214.62099030655,3.17062913416407
1484.92526038438,-379.731114834866,3.11177226602624
1762.16560434089,-282.735029069332,3.09741102147706
866.497579627713,-1327.36455548927,3.21897166106132
1826.40919316211,-39.8047892204522,3.13889856254881
1453.38593295654,-1237.58442886339,3.34997142122775
479.346011129403,-1838.01048061402,3.2214360556564
3667.976054724,-2019.85600148387,3.12597710110777
398.804609960374,-1193.76337694473,3.24346488643723
3488.22694283208,-1341.88454335965,3.11631025340331
3789.9760506631,-489.748676702818,3.18675366203114
968.796862227678,-1430.50189641239,3.18837658621042
3368.18684301276,-297.579844598654,3.32975139765257
3754.36395401825,-1692.63797177445,3.25218518726642
3191.68119050224,-69.3447615141372,3.29837170136311
2254.75003753956,-787.135635374462,3.15078700006324
1398.25350100445,-713.752632311004,3.12851743168312
3656.10778125703,-180.073050004407,3.22079622850911
3570.95040368047,-1362.83666966544,3.1422674865233
1976.95822904501,-946.408304713262,3.20875603669642
3987.10077633384,-1137.81946473877,2.99389678681337
3103.41182013203,-923.82368746097,3.12471660789072
985.250855243677,-995.612495768384,3.25335819687348
773.102695713705,-1336.89491442313,3.06100862711362
1279.68566347647,-1103.74589196729,3.14175352830257
3026.70848455508,-1544.22230907455,3.18161410369267
2564.89220457003,-506.57300545269,2.96715389939271
1856.82689691558,-1956.0240074819,2.99985987041625
2192.91775265118,-795.399334318302,3.33584234861145
676.272766228979,-44.695334903036,3.15966982843551
3955.83459073506,-915.98260035063,3.12194974411262
3835.47664934514,-464.783190072841,3.25262576079346
2998.39909076407,-664.331328968973,3.18221721326721
4061.11895066776,-626.655456186256,3.08101206297542
1976.3661822399,-13.9139565166415,3.24384257562513
3666.24492814096,-311.718143666704,3.16499460030962
2786.84258498183,-208.767433098839,3.26416565088672
2769.03513489351,-1873.46349301282,3.21157628671756
3934.56967655735,-2002.23415568743,3.3980411728586
1343.02735265468,-2012.93219377791,3.16182858181137
1090.16446373901,-364.48124406903,3.26878566408556
344.054846391781,-597.474948261691,3.28596925576831
1912.93054913076,-1792.79391949251,3.19684107344903
931.686874986113,-772.934672214804,3.20652913847402
2748.28833676181,-1452.2542254051,3.25162096880986
2736.14722731199,-336.397998544769,3.15822644090196
2088.60745551861,-1576.91201894515,3.20257610211877
4042.75422295156,-640.426605447292,3.1103785371665
3718.20693999332,-1739.58037317457,3.13912352914237
2189.029097179,-1672.16940958839,3.13829117962753
472.073130019263,-1401.75257220312,3.19289972680281
1088.53260871713,-2054.99643504686,3.20930454707614
3373.14296418795,-94.8145684825588,3.20250026538746
3468.22378249566,-1348.70945633347,3.06904395739275
3427.7096060757,-2174.26790393774,3.27961797064026
2744.21352744331,-596.154463102798,3.2124134636442
1702.0620683656,-1329.78224684711,3.14919196672885
3160.27120011601,-1935.67505500436,3.30420525526607
3385.22916082096,-468.487257701428,3.33964141470428
149.031133667497,-101.394323977722,3.37534993514279
2613.85392074238,-1980.33605192437,3.22221837564688
877.038948641684,-2086.24400073087,3.21147725878983
1165.17541992839,-897.337152893559,3.3162834103237
3482.41976809867,-893.533910691538,3.11254290596776
3197.59676621653,-828.189534661386,3.191568733333
1099.06999393259,-1328.08355718557,3.14730575941552
3329.63496912609,-1836.52966174753,3.2307976020854
1959.85388128076,-50.6568995077524,3.08262858535765
2902.97324488304,-743.073928418329,3.13060166205857
311.851893901684,-1534.17393490915,3.35854909773836
1781.1535998385,-489.659214448702,3.13699211092564
1490.30780586003,-1790.02243968539,3.29781620580814
3947.75197191101,-848.334212927557,3.21275695305442
3806.10976487952,-11.2923898739577,3.25973054107121
3624.70711311522,-1565.02685206034,3.18502054810861
2441.01103709931,-2141.96195781111,3.25993587367959
2028.57393139333,-349.352307758549,3.27939729345741
3009.02921982931,-172.924676666816,3.24049555179395
317.480298783534,-98.173497553714,3.27603308990068
546.297691256869,-1278.669368621,3.27163825611146
997.693763672769,-1698.30589028599,3.19495593837809
2804.79574853706,-811.793860072273,3.19655035163172
2701.30325168599,-190.55095341563,3.35948065076066
868.313005372906,-293.624582881042,3.26417271361644
1458.17854615818,-1747.10117629787,3.38225472540791
3085.48792845161,-1858.58457838384,3.1236301966769
3549.39966589781,-1159.99366232423,3.29843173084243
2532.85023799759,-184.083138330234,3.32521469784094
4052.61840073225,-1618.73048860587,3.27889756127344
827.900877994336,-1917.21461579794,3.27467480880237
2639.85283833069,-898.707218471014,3.23698670499979
1039.26104288809,-1500.0105035438,3.15551080527546
864.25274712072,-260.327986111376,3.2874764621678
3684.28455749067,-2010.23600496931,3.27348405301384
3974.52670781936,-622.486651815428,3.22237748680023
3027.62255352732,-1842.29760008007,3.29866106819587
2795.52903599001,-2116.17532857109,3.31567987925495
3219.72216255413,-1829.12911987244,3.32788939913779
1076.19723193102,-1290.46915934866,3.40233926163673
1879.40212609515,-38.1488961284944,3.27284551445377
2510.13545462273,-4.03340197038758,3.24626287943101
1511.9723658114,-900.72968786715,3.25248075508485
299.011366181227,-1949.57958319445,3.2508710382406
2335.24519396212,-68.9714662168317,3.31866970778166
893.60869486838,-1983.85469713336,3.23090051378057
3431.56378552271,-984.921805574531,3.15687128860046
2185.25546668588,-2047.61320596027,3.40442947541205
3696.3475488033,-1882.73963339469,3.3079097272722
1477.56979231316,-1967.5401627114,3.36877514032256
2490.46712658516,-1485.18951778943,3.35179768477053
1989.49619190587,-1510.37895823399,3.3454779413361
876.12658438664,-1148.19099029904,3.3647364184583
3555.86295961262,-1343.00750297942,3.34821826540375
1093.67965862401,-1514.9573983857,3.34919946995757
2926.02453385249,-307.138458402757,3.39589662416109
132.734383178253,-393.546034084419,3.36682477093913
2398.45330965774,-284.172559240373,3.40222970612414
2179.07163556042,-1421.44632678337,3.34369645322004
108.824307888458,-1502.96583456519,3.46421794395005
3792.43171902699,-1028.48655946381,3.16547906336054
3955.79434118095,-878.405395607556,3.24788991991849
3300.80567772217,-915.04969755014,3.30575320659225
2347.7581546027,-713.820021126373,3.30419855024611
2358.57105481066,-1864.32467295779,3.29164548313796
2143.10681528534,-628.526032575648,3.31056009063252
76.9872383907285,-488.048116038289,3.30831840750386
3575.07625643141,-1191.48374893545,3.35513060201454
1901.47250975636,-66.4642661481928,3.25251695956044
3617.25729366024,-1513.52453294488,3.20479309381686
2050.33972587781,-354.069227451553,3.43540552044286
1353.20589365677,-1321.17251976763,3.40580546251862
2327.31297891419,-1810.05712885435,3.30279362927256
432.251920535098,-1367.31567325579,3.43694395210185
1472.61169310385,-900.469441904586,3.25863783493469
1133.51324279668,-1226.31144842308,3.41353046311567
3160.39055316479,-1765.65835649432,3.38413338492013
3183.20969315275,-1870.20140107607,3.29139313900211
1043.50491741951,-710.00512902458,3.43106909032371
3190.04492794405,-1435.18738986854,3.2453414659011
2217.72096210188,-1684.86987519704,3.31914243025424
172.185763494385,-771.736381318355,3.39005163796966
2743.53347896495,-1640.55753567216,3.40089670214562
3259.14901578851,-70.6407607112302,3.20543805891994
1163.85654847858,-1144.954155435,3.3782409422611
2926.30650421912,-745.603212907572,3.38984934727392
3240.86126211925,-797.121480617039,3.29033462951875
263.365986637795,-1353.1812504604,3.37420927684977
1779.90819558739,-2099.46068529482,3.1326831972894
2113.87259075063,-1136.56926934298,3.50094714146907
1986.46055693327,-1652.27742134566,3.42411918771108
3932.96181973936,-1450.88666907103,3.2563460981292
3909.85850853347,-1265.10638721426,3.34989955527592
1688.14434735897,-774.282013457107,3.35804438751922
3029.09150744876,-188.214231744927,3.37040375970096
2164.73739652687,-1109.71895375492,3.20639065536547
2626.07007539609,-1618.03010066849,3.25528199177172
1989.44360545648,-2175.07132922649,3.35013001960991
432.862487914734,-1738.16212070178,3.50777894623615
746.051831313727,-1887.29954519172,3.43407915243758
1698.08702033454,-1479.78286596664,3.31353875218106
1153.47322794009,-1002.09616250568,3.37371911506004
1300.5258118145,-1047.92761735968,3.46803220024032
2426.33344289909,-649.655240489294,3.08249035129912
3413.01576068358,-1787.40303105217,3.46088495174857
2314.41597088561,-84.535367633383,3.35905492977682
2090.30935607757,-246.584613067129,3.47561445008279
2640.79947745264,-676.219017504838,3.3796019947444
3380.50356085829,-1530.53371700357,3.36151432640793
2371.07219193356,-1678.91929264952,3.31490702093272
2785.59224870414,-884.664313571014,3.4008251395132
2924.42644882682,-2211.33044317545,3.36029498071213
1828.8562339667,-2000.48876301447,3.37656878184838
1471.35073182415,-870.177345683784,3.33288224523268
1790.57300804549,-685.450905583256,3.43851236806473
482.570233654116,-612.070661684302,3.38061944871345
3490.14245378,-1209.24164936228,3.52714532087587
1955.24670705778,-1444.22339344511,3.52839694731113
525.12826354577,-202.501273800018,3.52772104526026
3654.43594372229,-2136.37868220236,3.23528448666347
295.334778957893,-345.132202706847,3.42605923988447
3687.84619167747,-615.194967055043,3.33298022128124
3167.6472863017,-680.777713854106,3.62831402524882
3429.12757953719,-1201.38693803888,3.50636785207681
2213.15686135718,-596.750423207238,3.45718390452067
2128.36855147957,-232.798531492623,3.43044501543606
2677.85127432001,-101.483564646288,3.47476732607941
2181.04944802136,-6.60549432078948,3.41722480349891
3153.69880572397,-563.674371213436,3.42537788524617
176.443974503182,-47.5821355144712,3.48717735268725
3277.23237798474,-1548.56589650352,3.39054179148577
995.657158645551,-531.221902859722,3.56977616246976
3200.80885185016,-281.109173324422,3.48722076182054
939.910424603217,-2142.91346836659,3.38903422824021
2952.16288328053,-566.788550959725,3.56329480759044
1883.48422314277,-1342.8089410685,3.52324032430926
3580.93896403141,-542.451533546075,3.50699208979396
3633.5857654201,-1083.39340681513,3.67778670320787
3034.97268733602,-853.297563922144,3.46514654811302
1686.38303395231,-870.898289684361,3.48866203766519
327.863006498528,-682.435724645749,3.53981398591399
2821.79907764431,-2097.84641965825,3.61837521626145
3804.81672290314,-738.725213523139,3.58463853915165
2469.53585775187,-2016.87405360089,3.36798009386855
3726.51777242826,-614.285664485527,3.56694286275473
1814.17295812319,-518.383452413277,3.38284651441586
3095.86814635424,-1453.88247110747,3.53344800150563
153.743497081267,-168.161130383006,3.52403942848439
2790.43114455252,-828.69005534772,3.48068458561945
3086.65100036193,-37.771452611512,3.65875852778362
2065.95457969899,-680.875697984522,3.63182304878904
667.840746062291,-1453.00958204415,3.53188778075195
2825.08699284083,-1097.40622843873,3.54053527588343
2348.01454923709,-120.726626898401,3.2544826108158
3634.19794170788,-2193.99169213253,3.5025955066749
3293.88262561355,-2130.7380419863,3.50542952548175
3179.63090196723,-99.246142421413,3.59880938958082
2382.00761388121,-162.00170367214,3.60248947799412
2287.38487909426,-562.77516260231,3.54537150257281
273.779075643084,-10.6884984278108,3.58725203808619
2347.88710404815,-1413.27555820655,3.61032707335734
3283.52517095738,-1761.17759673263,3.66571812945145
2564.88955929871,-2026.80372684684,3.67380564833719
2312.32325654849,-1963.16795472275,3.50438596532272
1253.00680350815,-1723.84038671468,3.49083892531439
1839.00979150634,-1357.30042227549,3.62487461059354
3842.22326926903,-1668.7524757602,3.59353250254601
3476.8966127136,-1030.6126857017,3.56009221933377
1875.57005623282,-1378.85476496679,3.51666216538034
3349.93626148686,-2199.42521525792,3.43918859742708
315.454436179897,-1337.95740102853,3.70107270809977
1944.27791721735,-600.838529860501,3.55256768989849
1491.21804684243,-171.461359912483,3.48642697748412
2996.16751589721,-1444.07346855229,3.61984420861397
4042.47383196914,-2057.1563089131,3.68081219874074
1309.701699809,-455.113042626147,3.60090777239971
1682.59923572378,-2163.14476871436,3.57535247050903
1535.9922684486,-2125.31765459402,3.67691865597709
190.190160326072,-886.086856829441,3.47989217603724
2471.57515672515,-2113.80888771271,3.49631059831443
1781.85636184223,-787.010609874528,3.45090981470524
1836.39825859191,-603.312516428933,3.51891742307949
519.960454799499,-1552.34473367486,3.54064079722695
2729.44031155881,-279.490469804278,3.65846664598787
2355.25494896197,-390.511412649728,3.63790606969546
1280.7833098542,-157.962569418087,3.70378311563786
2824.6618217548,-1197.40978431253,3.47950214113426
2138.84765176611,-1293.62808783283,3.79556163501978
561.025167361528,-1911.56341467666,3.52360012890895
2055.80474795088,-1822.76012959529,3.69296637644614
2838.41499924493,-1583.56923387778,3.60626469523969
2964.89275090044,-2081.93898215243,3.7756878104794
1184.6826851078,-9.66554050366552,3.62684662889588
2294.04349805797,-1087.95460223055,3.7372509834728
825.671511510049,-821.702182545549,3.76429485550813
2547.1433962418,-2156.24166840074,3.69347779633593
64.5561771898133,-1515.74572762558,3.74067498550772
3894.04277397829,-467.226965088657,3.90726635011426
2837.22923320505,-710.739053361403,3.65574571982556
3724.06843802879,-685.875986159518,3.68331264294086
1217.47493587675,-197.455754840332,3.72090573672164
100.223348395324,-1328.58353442524,3.72778502782583
995.770762597879,-1166.19078594868,3.76194677217682
2382.61637703536,-1355.25770764002,3.82335563388772
3258.01767887993,-1131.47809892092,3.82245237144038
2999.2526010837,-1674.63057444285,3.79089208246131
2282.22879000507,-296.565215971065,3.87821581712915
1002.76533742338,-899.623993584183,3.78503025129538
1513.64841755684,-1730.49295512656,3.66384436436542
3133.49207707124,-1993.86634740224,3.85279003489565
3734.22731342212,-297.800667554772,3.85329321766557
324.238587913843,-1730.2742055928,3.85325082245396
1869.94162440717,-1996.03508176392,3.98642059175663
548.989437179648,-850.275105706372,3.84035662213874
373.42865880578,-0.8570359721044,3.98248863282855
568.614301885988,-162.573642427314,3.82962021439285
3063.73085814799,-761.184926148568,3.81215070787989
2704.66249706796,-2035.9179153052,3.73937536296093
163.808172045887,-305.207779963088,3.88605640453493
1360.13963170652,-1042.61878925361,3.90643595605362
1598.6766677102,-1328.47542551293,3.83264175535381
351.95157341848,-761.332999875858,3.80867315196185
3752.57325496358,-1024.61100776462,3.82940251867525
2871.86205171842,-9.73492821247334,3.96054247519472
516.987613983744,-120.953089749949,3.90775279383554
2419.99325370856,-1002.79049283522,3.93294974752065
3343.77437912548,-1357.40566626885,3.77205535259254
2810.27981322267,-387.284297876255,3.83008382535833
254.960953965487,-696.526102695823,3.84941157519768
3780.64470526595,-1518.72410484926,3.77561851344411
2461.68069139069,-312.849152405448,3.93702289209247
1088.50188473566,-232.708650187399,4.00752334064434
3012.96666876546,-296.150219954579,4.15501163631246
1951.96169924171,-217.448925765972,4.01634887526285
859.021436786586,-547.068565412386,3.77913355707095
960.801740947184,-270.13727676803,4.0639468267276
97.7460448671492,-1099.33077389617,3.90535930472754
746.143096967069,-1135.89906084667,3.9630683210305
3273.21835610512,-186.78644693791,3.91628298151858
2992.2451245322,-23.7155288984774,3.91685902795232
98.1346346433455,-320.64883788532,4.09578191971758
1142.24826387679,-2228.59815696463,3.99867845842041
3264.34350734258,-887.186631845404,3.91585400908008
2595.76160644084,-437.434887084916,4.08001418412146
4000.62752879937,-1316.02691318596,4.00947077156059
989.56171531294,-1881.0086230242,4.04815300042537
2236.32229947589,-1979.87951856185,3.98412717558835
3310.31810855874,-1906.59715226023,3.89463773213024
1760.28826497655,-861.793695138117,4.16794331660774
2947.20611140978,-974.107206107635,3.97607647599766
1569.85151059245,-1078.809327361,4.05731215800184
3311.74491862896,-244.870605062464,4.05147421776964
286.321183279095,-543.200263754325,4.25576898250157
3083.38800008305,-1948.71731708724,4.10112469189785
195.866377946926,-392.877449125401,4.0424421067231
828.364968814236,-1351.75985707756,4.26826513280663
3766.26413084725,-1439.81494809661,4.18144261113687
1252.09327136456,-1522.30739957484,4.19932297407285
2731.20378156377,-1960.70388090708,4.190762852973
2443.30463876435,-233.961728117014,4.02299915697705
3455.6967313617,-23.8648954080791,4.21855681351925
1235.58865920857,-809.22208132201,4.27110011592299
2588.37891163679,-736.581474446566,4.27039860386261
404.042582188536,-103.74793900903,4.27831192037836
2345.02507721714,-1818.16811288963,4.33072543406149
141.650445099744,-1177.1245208693,4.37138592092939
2536.60141141094,-1931.27782652973,4.38949696783655
455.871903975033,-898.728942570029,4.29772363013704
2105.07983376378,-26.8242682416499,4.36063798873026
1259.04989303411,-2156.3584589422,4.40501019352756
3049.81244191528,-830.40938933295,4.38895474693888
2283.86029604245,-347.013057322756,4.4248678197751
1826.23561471717,-2155.27275136856,4.22497124310705
3447.14970721456,-1657.13055635046,4.52564679199601
2484.3434148682,-1320.07682817417,4.50104693078103
2338.79306825435,-673.193558557015,4.50695181389901
3338.75772486713,-686.435688290753,4.45859474777599
202.050635586771,-1260.06153304435,4.33538238199393
1726.97655308606,-1364.89861023444,4.47806399652673
3956.74569713705,-1397.98471533146,4.34224443876943
855.28464000357,-1104.01940106021,4.73401122167069
3045.36097883346,-2080.95988967719,4.53290062274965
2055.73163566783,-1399.26433037568,4.29255505361567
2930.70700592909,-2037.93051660748,4.61149123662485
3131.0148506402,-1088.51169337743,4.71146347933078
529.224272099536,-546.828384942056,4.8551030436009
2577.6007733449,-1606.6746293649,4.75936126889141
2980.2267152856,-2160.96526828387,4.56776280266176
2897.87258449221,-435.830432741839,4.7345924463961
3622.58244734068,-287.68000020447,4.7557199363248
1126.32851824302,-1435.51559508797,4.85397437249643
1553.36736993514,-669.046237330397,4.65304060195327
536.652681035365,-1220.33033484944,4.71550236689332
447.812778824681,-1294.31939039842,4.685128772586
2180.51589802524,-1870.40783816443,4.89500724948266
2671.66503655587,-2107.69047698531,4.8084497041229
1355.42219593864,-641.215501585961,4.913339733029
510.239117788419,-2075.68983916638,4.87771172183395
2962.08794390745,-1943.35844884574,5.05275822143205
1938.07546229137,-2183.16816764795,4.81154949971618
1122.26062997331,-1982.56883354684,5.07319729956328
3215.66406591947,-1259.13036800006,4.81565578265756
1680.99766819439,-483.097192626886,5.08364588174643
188.936648037582,-667.915179925873,5.15608931998241
2986.72131269736,-1185.31359193618,5.22455735651727
2889.79770425963,-227.394839820693,5.10105784568789
3470.09747496924,-1340.66423935814,5.12218273867849
3302.18089598908,-468.70003695308,5.23465712301712
1545.31279044816,-1001.52802353349,5.34970761736824
755.855638293889,-324.717465463179,5.43550257626469
704.147004861266,-1667.0887934592,5.43983737732135
1403.39323718343,-1171.59597123328,5.39762013948597
601.772368277155,-1020.10452412033,5.71080219562579
3653.90847255873,-2106.81428676316,5.75609657873988
2629.95655128628,-1078.41212060942,6.16327919755179
3381.21142218813,-219.16476749077,3.19446712168234
3215.20027872958,-119.112762809655,3.01705033567758
2711.92863654247,-651.044677247895,3.2148385837717
503.132837470014,-1900.97485065494,2.88883830635685
2085.95911053237,-2158.28019878093,2.84963215088479
3554.07343353472,-89.2245615622551,2.79025308299095
442.99494070606,-744.196207786344,3.04378411830573
1658.62474607186,-443.601510540099,3.06274996795196
2348.54268749356,-2052.59633996926,2.9465987008415
2983.46805993885,-2035.9015097159,3.34553959354408
2667.87542651449,-923.7807350839,2.98446576618221
383.245275447725,-484.377884129032,2.89175951982617
2643.04263734215,-331.728305477372,2.75255596118957
1807.93072658049,-729.852556502226,2.90811524836944
1584.59239891393,-2066.64805155107,2.98459905358718
2642.35998638713,-363.231607375881,2.7688876360612
181.015411926312,-620.462468013862,3.23113681332348
1725.34678199163,-966.776111490773,3.00489776349513
3083.83023227315,-1080.99518623141,3.10545346278968
2457.77523730859,-159.129773960078,3.18216555975313
2171.47946940745,-1305.89919962969,3.21111744645478
3678.42360484443,-128.289888451501,3.33010902053433
2216.75133766518,-49.138830744758,3.07412647451553
1701.65388307983,-843.643369200141,2.9357438763932
566.034158061124,-1494.19682313186,3.28911141759743
626.021813056067,-1420.57551584572,2.52372453469979
2686.04407412341,-32.6528076377819,3.26614551665926
3178.97262659495,-1606.13536731007,3.1176542010786
1216.44499687517,-1931.94783095815,2.94364969856997
3745.03035373345,-1733.67583937715,2.86510162447099
503.060172789392,-2157.67827231123,2.89424322106769
1437.01626647711,-1777.25147890374,3.39131739128382
909.720782775182,-198.886352708849,3.03155537743251
1132.40274079528,-289.936287034306,2.66593869694926
2267.92468543447,-496.299122295474,3.19346525788854
3263.69780949551,-363.038450668864,3.12108926380669
2371.86469024483,-307.596707062225,3.52711304931547
1499.92529135061,-1003.75783722444,3.00017413438926
581.3056392801,-213.510688086108,3.46470678117543
1615.08624020787,-1083.5298637861,2.94189447015898
1528.73108153302,-503.021330787906,2.89084739259005
408.166298315108,-1037.76338650092,2.98529695808116
859.040944973859,-428.651950804987,3.04245814949433
1800.98383756752,-196.290340546207,3.4772347417351
1428.72265633659,-78.8096803712581,2.99448319928323
1601.14740605222,-598.302246081296,2.94995886278685
3890.62829266795,-1303.98692175876,3.18619080273301
3433.93614904813,-251.906163482575,2.83453325775025
951.691870535606,-438.575725662638,3.00646247341961
3431.36492159171,-290.932643495784,2.92283137917149
2407.90205808342,-693.702309169156,3.40085040791377
2882.15013855131,-472.010704757104,3.5577753439424
815.991295812818,-578.685729187439,2.97310537531164
590.973778417462,-1500.14341581966,3.11271236650752
1461.50049993975,-1714.9921328548,2.93975120446371
3430.68802320466,-817.771277441659,3.24322299910265
1118.11301641184,-967.428249732162,3.02409485914751
4018.35215147575,-60.6687639542494,3.20972094546022
2313.16877802861,-991.556328855907,2.84580358892997
3535.49948700199,-364.830396699328,2.92148915899281
1390.13920737081,-96.2004585561016,2.79317564746934
3390.09641809782,-1965.41675228587,2.86323890927075
911.177122538426,-1524.31634968218,3.10087576414874
2014.20232609483,-461.699010875097,2.86556387442945
3178.56289574215,-294.445718764864,2.91526184102755
3513.62988373545,-531.501812403204,3.29922624409002
245.761759007978,-109.952221355397,2.64621418433366
1035.59051104731,-126.984487903089,2.92864999345647
348.520368691103,-523.074924937383,2.92927453888435
3087.40237479017,-1796.38404992155,2.94074867008066
3907.84924125137,-10.7428906441265,2.86937891499833
828.869563518694,-373.78769849467,3.06162592574429
3139.79880856972,-506.639590937948,2.89290714941652
3726.73629817802,-332.220789165093,3.01301742117268
1321.98667346474,-382.890862646903,2.81687615214047
432.20799097593,-1872.66936521801,2.89198447716743
2276.40440095829,-708.654063587277,3.03450354859315
4001.23657544377,-101.557475516418,2.88478581602288
2083.1502838075,-359.997666279423,2.87435390594242
2115.93855701739,-280.297898104997,2.59967056134881
3531.81624835482,-878.752654198348,2.87242825990127
687.545522900629,-81.2241488494229,2.88648533484222
1149.80262769513,-1447.95637752832,2.68040353477697
2797.69364682741,-571.080909104592,2.90088614852303
3610.06027510774,-622.0169618764,2.98608860184011
1634.83018572342,-2135.22023256195,3.00744469746054
3165.37723289872,-305.917445981145,2.95420060717523
669.290155392281,-448.199470818726,3.12459593352246
3359.14199610726,-535.132879227869,3.0688212436098
2158.44490180266,-566.138663942707,2.79879536283166
3041.57892949195,-1641.8157790491,2.77527645866071
2044.83389918478,-71.0374900152541,2.49965160476856
1287.18460626992,-2110.08078703499,3.12652599344263
2768.71758730155,-1939.87861332364,2.86388397863701
2741.69064911589,-1840.74423875362,2.8588548758724
3569.8923151356,-1890.99803762365,3.00812299702128
4065.93400996186,-405.506064880682,2.90831850174328
2587.03101639616,-28.1588742376722,2.87555245600464
490.412191502597,-1471.79539403149,3.11457871630928
2450.65169711324,-203.041825755343,2.76309726531042
1114.15888142105,-216.712219140949,2.93057976404414
2200.07247503421,-1654.19430567805,2.6712647639684
2043.59410184117,-273.166573600379,3.19412917792894
3122.47088579378,-442.376694650899,2.99015370265773
1921.80546546012,-413.963875891877,3.12591802342648
1445.90291991279,-115.640539680851,2.97450654212293
1312.49025471389,-1414.30130592787,2.8538919144956
3211.83613881399,-410.682282837165,3.54160882278476
2014.32584050423,-1696.02769834531,3.18785125036583
2335.25177225281,-2215.17140753937,3.1726284391399
3112.69902714148,-2201.39685075839,2.78920226862581
727.416304078059,-1023.69156602901,2.9316708365148
2981.74615733375,-330.621940446251,2.85736395688541
3530.97845083874,-1672.97069140281,3.07207758074523
984.770509745415,-39.1166301554755,2.91671224934099
349.199900517885,-1456.46426661919,2.83218798314904
1495.23010553224,-1219.4568615178,3.01101411823153
3353.61412951698,-1883.78647175811,2.93239469829509
1126.47625210344,-56.5644037609302,3.02995244711505
1207.88145604071,-1082.06076032148,2.94676301785837
174.11072784396,-247.012617607113,3.36966572145241
1335.41478679175,-1651.96681313135,2.79209126052533
409.208579128869,-64.4655848515545,3.07482335124318
1545.1050864091,-231.630958689752,2.8920796035354
1202.80156563346,-99.601894646044,2.96784474096388
2392.1115378649,-559.647926084873,2.95424743236749
833.989391592183,-190.752289386593,2.62180716336447
2487.70434289995,-360.558409616639,2.98199487223554
1579.02438949942,-202.905550361341,3.34278135596736
243.290504937022,-1727.97304609965,2.73271199097617
2025.41703401675,-2206.60758205317,2.98020924320397
576.297127696174,-944.107283403763,2.80535759535204
191.715814258124,-1641.95509740806,3.08124203734439
1307.66168877538,-2122.34096749787,2.93727707738161
1160.99563248219,-169.398508086563,3.13554412444104
1781.97976848573,-1923.09375156729,2.80469105579565
3269.4692724214,-478.22766675966,3.13798685678181
978.268691155042,-1546.35386793917,2.79515286962802
694.20786270294,-821.287424801169,3.06320132595595
1511.98377222888,-402.830085118053,3.09025265751386
2997.52431868396,-1743.60426050884,2.79023663912189
354.991264207071,-265.159010116006,2.94526236803307
2267.39704244708,-182.640111278223,3.06839599077221
3000.79977837944,-78.3161568014522,3.10843159911351
1410.90455691877,-220.459359692665,2.95930647253752
3438.69370445414,-850.721356148652,2.78026371658999
1182.42005648154,-505.104243546368,3.05760030814273
300.589666170408,-14.148617961486,2.92771773056966
1062.22851375191,-53.925846263622,2.83231054102529
3309.25562518225,-468.845912405901,2.80584713215272
1860.88904765254,-13.6762256054264,2.94724220906305
3329.95073957423,-640.903375495628,2.89376860641407
337.833585441546,-1587.66607469628,3.21021841550895
2422.26425918708,-60.167980855607,2.99008061370045
1119.89448056636,-2184.77091978981,3.24227281577327
1224.64011295026,-429.661145207239,3.18581894857145
3121.31947172013,-1706.37997056812,2.87178559846608
3337.38787935271,-879.301033748795,2.97753073731964
3097.83750515302,-2107.7803075133,3.04729150574914
955.715651737724,-2120.78551605169,3.03860330692884
3500.86836454451,-906.717667525382,3.07710384509203
549.887035377963,-2125.71963623046,2.97804881766748
2507.00215171175,-436.996192237395,3.04355615074851
3892.80435270728,-369.160559351661,3.63319839983273
1432.72414720118,-1928.21972773637,2.97318620986428
3446.59277311493,-466.70393591815,3.41672702054944
3686.23441780353,-497.267813961627,3.29210465589866
3710.32960444253,-2007.52316706707,3.10677011477932
2964.78504642657,-1379.22059621668,3.00106742901194
1100.74279659965,-109.498424638141,2.90766865755783
2497.15555705967,-1929.78111581779,2.83245083079851
903.021488683156,-94.2755610809395,2.94686973254803
536.686173400873,-135.933837439711,3.05333067233148
2840.16316663843,-553.683504017124,3.07291650500715
2090.08613806865,-1959.63369180833,3.06681162710336
2603.50988661517,-1948.86460312615,3.02383964164246
161.872120963827,-1529.62295321796,3.03464473121825
625.536155706787,-1398.52758443648,3.09605561587934
366.760510899796,-131.082613285449,2.96262514265123
288.292372185702,-710.307153767607,3.07306490820933
1252.93711140375,-1498.45237737202,2.94006974757962
3044.30944872739,-1954.47616151076,3.03587470565728
1669.80964909394,-139.666485155479,3.33074088884359
1651.24066663838,-62.1463929971584,3.11597713555618
1108.4981873411,-1595.32090037923,2.86873276084736
879.651718304117,-111.593999552287,3.55000590360842
234.343510459864,-1791.81862996768,2.80203968468897
82.978855244533,-65.373631385617,3.07480860270727
3671.67837087221,-1439.27799827255,3.0919459490951
539.857917886362,-378.007983304449,2.94944222957127
2958.32406855998,-105.36900206363,3.22916463952162
614.391492569887,-432.127519987529,2.81596819828475
2827.97956082521,-10.7465484605458,2.86984120748092
1279.33798793493,-1944.26284495606,2.91470434857508
3871.7031252539,-291.188850222467,2.96226510800034
2156.57463946039,-1584.85485410276,3.09284942434352
75.4901642217895,-2100.92649959482,2.9659435888383
857.515459492805,-1518.46990069209,3.16475334450375
912.24579842442,-81.6135437669001,2.97159249782398
3179.92460906507,-462.346779039477,2.99948506540467
1701.86885842726,-101.471139762793,2.94463944881942
104.386589625017,-371.166602963217,3.01468927342146
1784.77341361554,-1132.64491950881,3.04633247425542
1976.04677869449,-449.963071626166,2.77754807377042
3271.02342448995,-379.559298870303,3.00026350210659
1304.68987360909,-227.2473010359,3.23300592610115
733.479277406881,-1188.93030713582,2.82939517803017
1278.18459762413,-98.736471825283,2.8112101221723
3287.37788394961,-867.819948233212,2.94003646409129
1219.40308624046,-1552.16542152786,3.14510661643346
364.603082779277,-885.616462011138,2.91004597725422
661.901994007686,-898.226211663978,3.03730677614374
582.738820099584,-1601.00587851729,2.96877321729852
3713.18346450155,-1672.21822774299,2.94269732576101
2421.08752046571,-235.935228144866,3.14892912665402
2806.54736976103,-1961.06128574533,3.13679700018196
1714.84865493739,-1916.9796013139,2.94394264507327
2317.92459753337,-155.727964657394,3.03451833247171
1272.70056683749,-202.66666002597,3.1150026441392
2174.6907925958,-219.618922613678,3.00892242898656
1760.4659009291,-727.954493151808,2.98968503849572
3184.77072937101,-663.977797885771,3.2654767059238
1928.52213619122,-107.657062748848,2.99705372568263
3713.99080452874,-257.564580986328,3.16866759050013
3755.35266570884,-164.143276752312,3.13714220954892
1581.42726333019,-256.050537161641,3.1879594753709
1031.8720861706,-1620.93925347561,3.0506757435946
1053.590197996,-1574.99079677134,3.02784774807188
3691.37815537545,-22.4225096368285,3.10696439885432
2759.26657783905,-37.778293250279,2.93920725861382
1390.25468659166,-144.379403954069,3.07081965606528
3105.9485830731,-1975.85144830669,2.99419115093352
1011.77698596977,-1028.79248301396,3.05750056652265
1927.70172583753,-472.266020883813,3.0466524533424
3342.59644767281,-1790.9477805892,3.19301211571699
400.117823611222,-236.169433130723,3.15209036358133
2242.68335870473,-1762.31588865973,3.11339847674441
2552.03368130698,-2139.90061931228,3.20353698036
1415.13432525763,-1973.04481577073,3.0679697628724
510.165039970579,-1751.57808579871,3.21572314580658
350.331311829599,-277.268928538265,2.98660291739319
1798.22820117486,-1646.17120739478,3.29397506042408
1896.34025889545,-2178.65704652958,3.3373284731067
511.857608129037,-501.810983657556,3.08313515444413
654.885266893922,-429.770524375897,3.06098271391545
868.209645284783,-420.147868961661,3.09595918243176
1058.13014581993,-351.150120981903,3.26931073816931
1366.6241184645,-148.317750293669,3.16239313686962
2021.47633418165,-521.252682447156,3.13221171480806
476.496506780602,-142.657996144741,2.91186999717916
998.602578868518,-250.401811350278,3.25639339363554
1823.47657682586,-138.362360003967,3.21613943972339
1635.72583411618,-299.551026141454,3.1025454412261
1969.61664024893,-1410.85503164729,3.37412075189102
2611.42579844266,-316.481557744392,3.14807357428791
1639.08463654435,-1020.13653349988,3.26497789428035
3973.68177292647,-620.470485467447,3.28494739332276
3606.75397841553,-747.578163746692,3.31158326632431
3982.81350218464,-538.596832853148,3.21931181456414
3327.02774403046,-1713.21447236464,3.321361336546
1311.972796233,-1603.38305299748,3.26089420770625
1947.45706599791,-1494.85590181336,3.37981202112366
3627.87373124042,-936.515527183845,3.53371519744362
1988.31281542654,-557.31403560745,3.31880509064642
3560.04201453556,-1626.51156228056,3.41872494718725
2988.7169781966,-1644.99422309873,3.69014614303559
1180.69190727332,-1908.07672941315,3.16203131637612
2895.56964133096,-1355.17424026111,3.3548195810029
2600.85843366081,-161.960642512194,3.37552231458524
631.459736975674,-281.188639342268,3.33941888865811
2407.76719894828,-2210.87529431285,3.50087197331451
524.344216502108,-196.313121101232,3.23242809502564
3687.71720723789,-520.377023564926,3.29671125878421
1943.1823058649,-761.98198996526,3.61102838472896
1945.0322287777,-610.459205972998,3.44006893836333
683.187504822401,-1878.6202627019,3.3435958913188
1832.67210805318,-269.441332879228,3.39870720533109
1691.42264040409,-187.22114578092,3.32313012949624
2796.86114104076,-1377.80211092202,3.51981115517742
2418.41051251736,-2205.54313848666,3.39917458499573
3347.09024880077,-1738.01779219538,3.65069447747513
2530.32778061181,-768.530989359421,3.40219737021405
2819.48391454233,-166.057182304384,3.58213798525751
1885.47374130934,-546.131563216143,3.425137581735
814.696719926916,-325.666783440845,3.40172587749379
2322.0292735844,-1500.65327413308,3.49309513446847
1514.90212071398,-344.179473900941,3.36574751606066
1450.17372206713,-372.519228377655,3.70825769861837
2566.50794020165,-176.200874974256,3.29937463836264
2963.54555459406,-1471.33308687445,3.5080486629409
1481.58186969051,-318.856374123436,3.81861765054348
1452.77878218959,-268.786399985445,3.6633335704942
310.048395781742,-2205.15556419967,3.79121960814192
2473.15995031959,-2118.59979803265,3.78612135634622
1317.56170795077,-1517.41098985069,3.83500626020919
522.026846580738,-305.110468810424,3.73866285995911
1917.7742395009,-177.113788563819,3.74479666591938
1391.08110486453,-346.946842862405,3.81606409728266
1602.51529420124,-1697.90550212025,3.73892864551961
2036.35770786608,-217.791869534075,3.51970688090997
3004.77691655338,-1833.49942379084,3.876619245729
445.440559557045,-350.011260601493,3.99631678717536
1944.51041329799,-494.405022819826,3.84735527754518
1313.56216310919,-182.526855752223,3.69221986626022
1086.69562959326,-2120.32845800741,3.85664595299579
3433.82561831888,-1832.2671527631,3.9190839510013
1164.78528366636,-1516.76322752178,4.21234018833947
359.794068159925,-202.009714064029,3.82982198372943
1538.176787004,-58.1801997808092,3.89561841650082
438.039544302754,-157.929584433513,3.78672055410194
1029.61917093331,-62.6679701806695,3.74875196214356
1536.94758342814,-1688.06682356454,3.9841237755582
644.814400439605,-178.570387798316,3.85101259685015
2317.94249788228,-519.917061701456,3.99239970884847
951.824097041872,-34.9691581289506,4.25159954379711
2382.51361965191,-1621.78194399,4.0742459373284
978.46030859862,-62.5751834387015,3.99518359313528
367.192409753087,8.1715333798145,3.88317831167394
3436.57140433993,-1591.68589775088,4.26473681759095
1144.90515468445,-2216.1583092514,3.8455451611896
3886.31587366898,-209.459432409261,4.04038522822361
3320.97010274046,-249.558058070299,4.13391835896542
2751.79589843341,-414.803680480893,4.03548842102094
1873.13615942996,-1632.67627759447,4.11316710931637
623.946599271113,-594.139491920676,4.17119901668653
1311.63612403264,-119.071855329827,3.8435026789788
2969.96930013312,-1938.89984853129,4.21940473339748
3508.95773398141,-482.529480046428,4.0930389430838
195.022340309138,-394.191564938372,4.23439215099332
1441.74181576256,-1446.71711656643,4.4205085773289
2768.96922615227,-269.245714412557,4.36690228219628
3968.93294472099,-426.8059598981,4.46273632963914
300.025335300457,-1857.86815117158,4.3169462796178
2237.21653172181,-531.300848781652,4.55898509336794
549.752097244276,-1200.95782053881,4.45110477280917
2289.16164732732,-435.517714124884,4.48454752412503
2598.37520359336,-578.076351806592,4.55045626135543
1096.91084942785,-710.744994855999,4.30460773868073
865.099838571492,-1121.56677073452,5.20998829013934
3415.59930082614,-565.17504592202,5.03523779911702
1529.54154568684,-1003.55519717959,5.02462285161285
1511.65112992575,-524.517974732378,5.06522794980912
3669.99340509367,-1617.19405798078,5.18374047285656
1711.96443035444,-71.6514669119544,5.23616742265278
3453.42681616642,-1327.72915464193,5.4866487744363
2873.39203378923,-463.311704464807,5.38706546473034
3218.63512414531,-288.509762177849,5.53583471186979
3690.66335659183,-2120.64705256533,5.51186944753837
1838.59562005684,-1251.81394005931,2.92677604418935
3083.38683055332,-1049.52641507402,2.99972284263075
1825.34910456899,-138.882034363357,3.18396595808056
2805.55561123408,-1260.50315048162,3.22186999170781
488.047092099656,-1789.23212910739,2.98640143413345
1679.40120800947,-495.124694730169,3.06463415786569
3032.32327374605,-190.555260802721,3.16288884966163
697.381788899595,-1700.06852926322,3.23450106805271
3310.9566120549,-2166.82236163006,3.08110128163043
1316.98846543858,-639.583146477936,3.21398130830784
3352.09392182859,-727.733617213145,3.30295922430271
3302.59131631071,-914.456875182856,3.4681884822003
4005.53426164737,-81.0630087032262,3.6960113046715
3362.56651484502,-702.326108243226,3.26986588859521
1521.77882541204,-331.997129410925,3.8145225770412
2585.9680449891,-1674.38603311501,3.44336956430573
516.558262268964,-117.177268812889,3.44775612877224
743.080523877555,-332.479606253404,3.38771587037401
699.622255305357,-2064.22013091539,3.55746693389052
2321.38523007157,-1562.05986722166,3.72818757850494
1638.68558790189,-2105.67109760134,3.65046089504439
1502.09168557291,-1532.44290841042,3.6387318658311
781.104680520305,-1939.75661011481,3.69809300915246
1662.52384470333,-737.450200421197,3.73255821616083
1682.11163778328,-2029.81684608606,3.88654066907405
1724.81933571029,-523.001922521982,3.6511643113546
1261.72366567497,-1412.95517968914,3.89193448166272
1687.39611210102,-1184.95171783163,3.93104040343191
520.434949647472,-2195.14539238706,3.95532209510568
3780.24613853311,-907.122631626447,3.99754709848924
3911.33074179501,-1185.53100910476,4.04188162090451
1649.6726382255,-2081.85096155141,4.19289066550643
2474.34866920736,-2112.40992129428,4.06815596699098
1134.59834030204,-2157.11018720444,3.86278656845639
2278.9452095107,-2204.47253934442,4.16224262049901
2751.85603656699,-2072.28433695205,4.03338974138424
3820.84052197828,-1076.61904960195,4.39004319469722
3698.25649926343,-1556.08942931502,4.36058666984728
2606.02453186464,-1746.71522362104,4.51950694904612
3905.17467066322,-1024.90841729034,4.56082568800403
1873.92926649215,-898.924939114904,4.5471829079697
394.051996715764,-96.3000366849013,4.51225393507013
3925.29022194041,-299.903747418249,4.74244665735127
109.468753515878,-536.196674379084,4.67690258422778
2990.35306898217,-1962.57047037144,4.7814307574284
2103.65093827333,-1025.30803264264,4.88063190704502
2284.47089421549,-1722.23688879658,4.93813383471769
2057.34754130103,-901.550421861884,4.98674041236648
3313.81943221104,-471.194278950934,5.26299154432003
2317.76984233679,-877.295444548838,5.34452592615384
248.838811710573,-208.515831415306,2.87500317829425
3664.94703055546,-1529.38846114054,2.77102428603078
3042.86406841658,-1463.21935620983,2.88323784856242
3119.00130471745,-1362.31986681419,2.8908437211422
3950.47998695081,-1353.7188835872,3.35212621410673
3959.23906337896,-1443.90203396186,2.86017789632726
2905.11143983218,-919.489074350941,2.80215262751846
3693.03334822859,-60.9413850785536,3.03062815757065
2141.9935707772,-405.125292472709,3.03946225235685
1600.42023313267,-961.13080382166,3.06779254064495
1551.21839305018,-1484.20180213252,2.78716267451272
214.576326687375,-1952.40316703916,3.04498125168426
3306.00675233482,-370.974261284661,3.02034776910296
3778.39705654062,-168.143548992369,2.72310839343794
622.457378651831,-1199.14668694417,3.30689839098667
2370.9336518194,-1159.95570038777,2.914141124889
2641.14635733463,-1522.79398327356,2.70522391394805
3337.21135151459,-99.1776012363222,2.93821114178917
1584.78617753552,-1599.04090144804,3.14237161684337
3022.6376510835,-1266.83672394673,3.00365132238313
2036.1762675905,-1141.09810506575,2.759583474007
3480.68733179388,-2164.50106266595,2.90124082493894
1697.96797885844,-1424.68596653172,3.12782710221027
1199.21766167237,-2126.059167494,2.76666189941982
943.267854163852,-2101.86756457543,2.96162597974357
2520.47183255032,-881.905947170994,3.2227393217054
2930.80122814301,-319.761664543803,2.87341573262039
3875.89567221039,-1115.57072092447,2.96499479541714
3958.11266399213,-2100.86168693446,2.52461486448283
1487.57029578405,-817.158833010664,2.95242804233677
3515.42240518802,-1942.56621248506,2.85491106630475
1031.6916981859,-673.377805865808,3.07268806442282
3829.66910263918,-163.338089862304,2.89180643762866
1225.01463280989,-1608.5536602728,3.02025752747099
1770.44821765531,-1987.22960431022,3.03737792763321
147.042225825192,-103.635790911668,3.06738710207842
1981.64246276513,-449.690206463671,2.85688088466305
2947.53376173655,-49.4098203866657,3.06477448950038
841.957036845464,-803.786180267937,3.05922041244747
1168.1680529293,-1809.86612735311,2.91007296678037
894.258739180511,-700.564270433476,2.94720633076822
1659.72888867308,-1990.81185005983,3.08140233992605
1298.25589686777,-2033.64255619978,3.20577985162725
624.926864686644,-1781.73162082628,3.08016210105448
1822.80584157304,-1051.95404840507,2.89945776132641
1622.70142873105,-1749.39297913862,3.05505085071677
1169.66683441244,-318.812401907461,3.27240432980287
1116.52475080126,-1712.21777282306,3.20869339523268
1152.26610434901,-1623.30093420427,2.82514859569153
1492.70474771801,-504.428027122334,2.62093092471203
177.121523155336,-2137.95269273307,2.67479240794899
2801.17155158038,-40.7048368616713,3.2477613529018
3136.06338348078,-1780.29407204764,2.86888494841313
3116.73200559896,-1872.95361348197,2.880110925751
3419.62623567742,-317.879458349038,2.84418393935944
3888.10386165117,-1794.87875115714,2.77971467541153
1169.71083317378,-71.5506912604981,2.98958268132299
2406.45552857298,-1532.77567537278,2.86964660235624
2929.46888487945,-1645.96681830016,3.01331572776969
3838.9862203046,-1372.52044034867,3.14010918167971
2271.11939323168,-1397.79021513595,3.41297642533169
629.784683956863,-1937.69926334069,3.07119935391314
2090.31434572479,-642.950486675916,3.0012460880414
3323.14684463945,-1186.31785149123,3.51142960216091
486.881987718001,-1039.24302146539,2.97839269508959
2859.73016729989,-256.397738086982,3.02962810739906
662.225212949682,-2203.72296611923,3.28455905997629
3308.17583637131,-1511.14835942825,2.96857209743616
1316.32099072543,-1455.11380548304,2.83814291661905
945.402201498191,-347.013105917157,2.72327122989384
431.56773540953,-354.97615277753,3.17139179719824
4013.49404759107,-896.136804902831,2.90895324386546
1152.53653237737,-1674.11525161417,3.03244601548454
983.352473029309,-489.612481729677,2.84694436771827
2405.43934374501,-412.639163404408,2.8253663016886
3020.83847856358,-495.65235168665,3.04016079071426
2937.15614277764,-1061.29422562933,2.7600461711133
3828.55084163146,-245.273867700584,3.23393113579612
2875.85010065138,-2066.72073054006,3.38490433414774
4059.91625664426,-62.417621932875,2.88255383898175
1868.59068004652,-343.060461930707,2.65702970078619
1911.27756644051,-1306.05759799787,3.06282689377423
1202.4853675479,-770.027034892568,3.03407367920795
3204.68955495757,-1887.20532344729,3.59597844534458
1403.02857607987,-2197.38947306603,2.96083869478318
1764.84075183804,-1036.08731508336,3.05085944601917
1803.696017696,-1946.55549774463,3.00495894261697
213.87213094708,-877.093227967376,3.10565661150662
1819.80153804255,-651.172139343166,3.24466595555248
780.505333640725,-592.400256653037,3.25940114520119
3468.0120004919,-1258.5479887746,2.59624698619061
3614.62013430169,-1249.46975349712,3.05349088307276
1805.72161253219,-1380.26170190821,3.06805101296959
1035.74621191353,-1909.50167785793,3.14633693300593
856.425998311943,-838.526494240277,3.12174748568013
688.509677201863,-400.551303982709,3.15518776667294
661.995880817825,-1480.9068425306,3.01474074338814
2345.34617274032,-1959.2722120131,2.82337797379047
3995.17692504858,-727.489878780519,2.98198840821484
2920.14409754566,-1942.48821796335,3.04048844031609
1241.37987690412,-1090.0545929459,3.16555524025778
592.672351238521,-1840.7737192418,2.98558399574769
441.362374783296,-1993.11143452045,3.19030324563172
3813.00943106902,-240.515312859605,2.9949041571377
1854.32496785414,-40.089476722499,3.01002526419715
714.275009222332,-545.735648413229,3.41933858018601
907.536966448704,-750.590644813481,2.98757235770815
2231.81017170894,-550.353729859794,2.91896134519171
2178.31925619286,-1319.60281461361,3.06834180066985
780.737250002116,-44.8451223319868,2.76126882806125
1381.96539129979,-140.88730620695,3.26439654308932
1844.46586912942,-59.1204298621635,3.27562135814707
1543.75916577247,-622.089698890364,2.86230911154608
2226.00860969513,-1239.92970407424,3.02564733104997
377.820532319989,-1066.76596910299,3.20451608734275
1568.07414255022,-1342.78335476425,3.32135197100297
1123.65735164855,-1810.62136183813,2.98146053264378
962.190764412655,-1212.25799992911,3.13616867739332
229.337897569412,-607.920385748116,3.14447139540081
1559.72263608306,-924.02588825791,2.92670803594809
2648.99616731375,-442.795134808655,2.83454684379763
1339.18045572525,-1597.45724385521,3.51351611960532
2507.81374938399,-1776.84072384053,2.65682954873554
3965.86480965881,-290.16421242665,3.35777781679095
759.22788542548,-975.16783399752,2.92652283594903
499.87475567516,-1897.43644994082,3.1697678566761
2105.0945399164,-811.937782629469,3.04218791022293
437.788773538071,-668.436064006251,3.07573847393192
1684.28941553884,-210.578409315586,2.9134516257263
1439.24538167464,-1873.3966252172,3.09191878855125
1378.15847945112,-1428.49946075491,3.07463144337874
2323.13109332314,-1547.14192623369,2.9864214101508
3098.17973862046,-473.671886479299,2.58361310281575
2726.16300306614,-804.190519472083,3.24594855729448
2971.4357819085,-1413.63779862826,3.02042796455682
1466.00928358102,-1363.66915465136,3.06915383742702
1555.04316458059,-1223.41210072289,2.89101761679007
1763.38740694179,-49.9784653819681,3.0258054136282
4010.0119720446,-122.931355970015,3.34069473559648
3525.66829379441,-271.150857459462,3.09201317969088
3493.95887928262,-946.772248906296,2.78619545519908
1238.82475940611,-259.427755700111,3.28560144213447
2072.06030238979,-766.849380019182,2.91882180903136
1881.93030754736,-1044.30705769704,3.19064034328844
3246.07568441455,-1782.40156175296,3.3843792580162
232.594344503002,-820.157471813241,3.23728912374972
711.056352491113,-387.180364801819,3.23561685831416
3151.31916575222,-825.764085645578,3.23675189325847
3698.08916281444,-2080.03239251343,2.82868730933847
1024.45813367067,-2047.25166204769,3.18430654943043
3384.94016332368,-1101.65524889429,3.10007130664336
2226.68531250838,-974.256328805305,3.14993172855218
1396.98451790364,-2161.69027528271,3.21446241733027
538.385158858924,-1355.4764218261,3.01474364657158
3712.11515027757,-479.126361733539,3.32435652615947
1560.99486617284,-1280.37438781826,3.13483080410654
1878.07239808999,-1794.41076980857,2.99870587931281
1210.65640490486,-1315.90055306829,2.99995736587533
182.462217315211,-2113.78680597833,3.04745713595193
2915.87971425468,-1470.40037957968,3.23200003816479
2631.82370040867,-295.991101273815,3.11937220487572
2978.4693336628,-475.321691169532,3.02869305516352
394.017614008337,-1647.19956742425,3.10546552657629
742.166620334092,-1839.75947457633,3.07644715490982
2417.06008591908,-351.54658074641,3.71804602557884
3696.13060748253,-587.475432265017,3.11632873718828
506.947914077093,-1413.10473450403,3.2086942497927
1242.90115692154,-87.5328988063539,3.20343361482161
3096.67147436338,-1251.34411028469,3.12689995292759
4050.32981614336,-1374.48872859682,3.05942334969238
3181.24405603331,-1657.18687249948,3.38955608242908
3968.80017704401,-1128.20255937349,3.20302621302669
466.567754632134,-718.744802149653,3.1130920434572
213.501184226934,-20.4567352149844,2.99309860357918
2102.88264850319,-121.509733300788,3.13706840870956
3073.55136019295,-1759.9400030052,3.08275247883609
1317.71580160185,-1299.78373598904,3.40114863719678
3982.56824946636,-961.49865805888,3.11920569020031
1577.7453036036,-928.501900512297,3.15008917150281
2580.4311111914,-333.084488904514,3.06576795245153
3125.34873667663,-221.798820371228,3.20714480603434
1110.21073670843,-1575.00954141043,3.14182170069661
584.427856214446,-1733.04809061102,3.12223756679424
2782.60879819635,-1547.64627688889,3.06720681936117
3633.73714750527,-1968.58483070535,2.98846928626821
933.924070523515,-1771.57590008521,3.35183361122473
3999.60853430225,-261.309523882553,3.46706558342246
3928.95043957918,-1691.04057016428,2.86541596115345
362.014394924998,-1312.11435322545,3.05573843520187
3232.27834494923,-142.49405016244,3.01151990314837
3852.38405631111,-1601.34029878762,3.24006347118981
2060.76894661903,-582.808325886066,3.36531460581469
1086.33568203383,-818.212373879113,3.04882057735966
2153.69368702157,-1079.64420235646,3.04081167686087
1374.1536831268,-1225.95233598864,3.31308074298671
1403.61593584569,-490.753265136873,3.12338862582016
3144.75024830105,-1549.82976311757,2.94997046709891
813.787301471363,-2135.35244479211,3.44287052424455
2075.13414076852,-198.028967084586,3.29650344481546
1992.56647419091,-758.809344498763,3.06911171880519
3251.50685265523,-1875.59113585911,3.23548371941113
1390.41051420078,-741.633170194353,2.9290685985119
1312.76800907718,-1324.53088687031,3.05505427055854
1533.76412163829,-883.446541243245,2.91669843263036
1689.03943929856,-580.035927204886,3.23754306699444
2005.3695230448,-2126.30278871041,3.3566270512189
2936.1762644627,-508.613452574469,3.37729597945371
2845.82433893861,-1184.00496658723,2.87257447374661
2499.24546097928,-1547.71378085056,3.24071104575681
363.117430589829,-33.5588027303545,3.75211175759359
435.443929611971,-1108.592681308,3.38030047220186
2321.79906253213,-822.043191408864,3.34723966707288
1634.98638110653,-784.884817850766,3.43807980866772
1461.48425158642,-702.682919792981,3.41231126108685
2951.04255647525,-481.863495648369,3.48831702397618
3350.24225863688,-1193.51052856553,3.0835658498117
1147.48793655905,-153.031955253054,3.40259303152303
1798.93187285941,-461.936845684475,3.24547690581873
2641.02406133957,-782.291051125842,3.18246600518776
1893.77941114648,-26.7100547786784,3.13953293383612
2243.31308595413,-1531.07024725716,3.13230860687498
3647.96077567123,-1867.5655225229,3.29569536827888
1021.9353311078,-2117.36273812726,3.11898465190303
951.902582537262,-1650.33329101279,3.45084990734085
90.2442052427203,-1366.6842626623,3.33810362181545
370.244140851396,-1525.15745587331,3.1008612742255
969.203639716006,-152.446309389043,3.19317533530512
1930.87459056913,-1140.97492050562,3.61294654428734
494.488929420857,-674.792847671694,3.25733882347849
2081.56717646095,-526.193222314036,3.32148912702227
1972.49437258242,-517.153831843826,2.99479354051537
3228.88152978627,-1367.97378948972,3.11026487153666
3606.52247569155,-395.251766301432,3.38858866393194
2014.79359212629,-1495.88545391866,2.97876862535572
902.188856999126,-229.806351955809,3.08493260617793
3238.31793719014,-1903.64624037854,3.4797344600945
2743.83241853113,-1742.09233501714,3.18728582953075
957.789391853659,-1907.27095077058,3.26564449087316
876.930496027642,-154.397532503518,3.31038472239014
2973.23378394353,-407.038245760343,3.16340752659523
3104.14103156896,-2155.31736646343,3.35535158660384
3440.41372661537,-1761.76513455736,3.26523853745425
946.869856402213,-1230.34425989633,3.4831341847015
1729.59641340009,-952.566881271971,3.59146908586216
993.104377621905,-1833.91220973088,3.424142737471
652.502476471361,-396.922993822112,3.31827484357344
1380.75426931008,-1961.55472845587,3.20108982859329
2730.96565080574,-1577.52286892389,3.57714121583475
3613.01731980161,-1712.97815038573,3.3336048883315
1589.26114324845,-1145.53660471971,3.35493447156546
2694.86304140073,-482.2507424324,3.18627658524215
3887.66584391432,-524.10176463492,3.28915223839902
3468.79973215404,-1388.08968501836,3.25594490707461
451.292666307646,-273.778873036077,3.49784660332264
3053.57794388294,-51.9911029827341,3.61254727252688
2022.48733315685,-897.419560763207,3.7987254914767
1055.6033689861,-440.212964786251,3.19689317578935
2148.66626642438,-661.763236869252,3.37377233329676
1926.57699808296,-2158.86099834774,3.20191139506526
2693.34776244172,-270.003163759143,3.18659596586003
3208.72586611692,-1519.05717693301,3.47671206755898
644.032243441172,-1913.94185734449,3.25309607833034
1642.01245446126,-273.870463848084,3.34561466200889
3267.17949627652,-132.519731103427,3.60751713805392
3319.12109212078,-1614.47841437489,3.39287772187238
3839.14678609417,-1650.21268568075,3.56066849199402
3497.80199590837,-1823.86934001651,3.58789560660271
3747.54450840181,-1081.06470592922,3.34723976597233
2431.03349023282,-581.315533877275,3.7008071431164
2013.80818070593,-2046.94113488671,3.52563074434113
1123.50411842026,-546.302540736037,3.58838243103718
840.457387970578,-1025.77386019233,3.36594885743915
368.599820675393,-278.468098446612,3.31788109122547
1889.02770852036,-1254.44746413056,3.02547288630395
1844.38429796241,-265.749378468547,3.49870661939126
3942.24713763534,-995.625252583589,3.46927413464183
2702.82064209395,-694.573618727877,3.72373725211217
1261.71681027181,-867.820238963169,3.42792728732802
2786.11524509839,-524.156560261585,3.26411187282119
3610.28276986966,-1778.59339901311,3.61524980007759
1933.46900802543,-1399.18920367125,3.53242981766779
1201.82993560038,-1171.75757049552,2.9880530552466
3651.06316916208,-1664.00988793682,3.18715089969723
316.138600741762,-1981.31618844975,3.35014313415605
3607.25741202653,-1410.52623674362,3.37755776479062
4046.78031524853,-1047.10059378706,3.4388165552501
3483.21989969047,-1459.9958513727,3.60401222683636
518.246183327315,-414.505258230758,3.71047109793084
2008.06449140594,-964.097988868513,3.44777770498491
3336.30044480233,-775.241052969757,3.74750580829509
234.056459644469,-538.465798104728,3.3679689271853
1441.45745935711,-1262.04225795688,3.38363836109902
2628.52446808346,-63.612295411364,4.09459277656779
3124.01132934955,-1398.12380247776,3.51204939539069
2915.87736698321,-1784.35896291018,3.88853825558372
1063.04198113628,-1684.96011377679,4.03270460516296
3176.61364599025,-1387.5476645027,3.40591398669767
594.518154646484,-75.3628125748993,3.38761931264261
414.731883513624,-578.06825856365,3.6218006583979
1844.13546894606,-742.357152356006,3.25858883869191
3749.28905779098,-398.821822160823,3.58764269064813
3687.98263299446,-1328.35262067748,3.67544260687236
1392.38129653328,-1156.80446477468,3.91815972351766
317.87920337645,-638.321110500731,3.65667535103914
3858.43567464189,-1429.81768504256,3.27675415910988
3249.69199069769,-1967.55026391638,3.51366256549623
1402.68959702852,-178.62929375748,3.67562029686481
2281.14192727842,-728.985087326474,3.45559343216871
3708.80523938244,-1979.36842335509,3.74380639155614
3601.52988926098,-1185.58244007365,3.49142982454867
2174.90584152672,-585.04228083647,3.48275841861173
1015.96033862768,-2207.16238124351,3.58051420762593
2738.02903030525,-644.238124045058,3.47011505713746
2228.5112940589,-1804.43677619215,3.67145272467822
3050.41012541362,-258.051437945452,3.73034598187539
2958.58013207642,-876.627928291397,3.49546487412526
3729.27222579854,-1784.86722272922,3.53119100248032
2972.4248075543,-917.437560376497,3.72684923312346
2736.24178737372,-2069.2813191983,3.70565163293787
3753.513997465,-1345.9272275528,3.59717807529129
2280.96410642074,-884.505545053486,3.51625999188286
1959.49522542164,-1996.29864388605,3.57942999122754
2238.99649289558,-204.719397663301,3.8959935170705
992.426867834664,-2165.42007186438,3.64205521394012
1561.76519663696,-317.98349962125,3.35716861422223
3295.05788198983,-1692.31521315518,3.43201375634574
2855.16908474631,-903.758811480107,3.83211321575068
2598.57616619365,-1865.81203643156,3.68047946312556
361.481073285194,-205.144938635457,3.7598002355421
3020.4658081655,-1003.22624267338,3.94738351925359
3838.87433489355,-968.709001138208,3.58493764243148
2501.35293531267,-300.515458559122,3.89065894333942
3337.14940494677,-1801.53798115554,3.7076122046092
2035.45348564711,-1567.97378200788,3.58359635786983
3894.59126562507,-1465.79385812517,3.76728876790012
2918.84156463363,-896.582510706734,3.84311740136326
2059.45694794665,-2104.24195340331,3.67348054977962
2006.40654684922,-651.486320898716,3.74451808640953
2239.27491641248,-1199.81710962499,3.67360311454803
164.95100921367,-1061.55678145778,3.70322461481295
1782.95505957536,-235.318645260637,3.50618079302042
2297.46381539366,-2051.1261794346,3.79415636026722
2393.85573376589,-380.458282883444,3.76145807219937
329.590322017972,-952.949227262801,3.87836041592267
1765.25085773331,-385.23073265815,3.67219083755377
992.667309059772,-417.104894880417,3.42480961671198
1798.31092262405,-1308.81569408797,3.62392875136642
2387.37970138508,-1423.03211325394,3.85997304188658
1524.90823403807,-963.983831512214,3.75492362286266
1628.60805215527,-1188.32177720735,3.76513177458572
3063.64299946823,-1359.74288160441,3.63467823413854
3136.82907320382,-1294.54911425391,3.81530031530419
1167.28609624131,-735.519593000876,3.90758626501717
2437.28384577478,-428.168349543979,3.57591566099733
3924.15418208788,-2183.20838205724,3.56977572822068
3342.08123399467,-738.785734254901,3.75824150608827
1595.00206286399,-1692.68944276319,3.61627281952925
1654.34312407169,-1658.59292272383,4.15142227358426
2095.61276374279,-2098.70843248172,3.86575531593878
3228.76764666614,-173.060489201538,3.77998002060184
378.128868751782,-2046.05769584495,3.56115763489546
171.270152907239,-1998.41481190456,3.77938068679976
3111.1599162446,-2088.74052115001,3.54165222635052
1934.3030917588,-718.614937046772,3.67733541287245
2099.24713605803,-1762.29462889095,3.74026663153323
1373.4656543282,-217.383830849545,3.96568318324209
882.726358003502,-873.48483968626,3.97535307785116
1767.54443056096,-349.607703325036,3.64308537632423
1996.56709368928,-1817.82297457656,3.83160274939031
2206.81395977233,-1312.5260636177,3.72274045469418
1495.07777404132,-1524.28105666831,3.8255800956583
1806.96268236736,-1664.32053278371,3.80478769655092
2148.87865148989,-1473.68577809645,3.8748844932128
631.663852426453,-732.657643321797,3.93021068734881
2996.69583471091,-1859.56833297658,3.88860408766693
2019.93822072081,-687.884168578284,3.92861728572344
1197.84435204321,-918.318682568403,3.99820440857141
217.433073691823,-131.502491532862,3.97453715564258
983.857292465372,-673.056649792004,3.89259001149817
3976.82853204219,-1805.60966059677,3.95181335926441
1741.81861788027,-1673.82108575425,4.04785927421557
2913.8951332977,-2118.39642768945,4.1345634276591
3303.37315440724,-1008.83048407642,4.00637818544636
264.414655183427,-235.661588408967,4.09017129985101
1926.44483728489,-340.018536168728,3.88859402689994
2152.75464539909,-916.07663104389,3.97503752959638
2490.1634187635,-466.764453337503,3.93872484142061
803.224242582796,-923.486203264631,3.75773224238175
1857.74300030473,-1889.20314438822,3.79939240925304
4000.43773611168,-844.527010515804,4.00533918454853
3704.08164156481,-1554.18048446311,4.12797804704833
2606.7248172172,-1809.71730293115,3.96215487116164
2180.58400180568,-1354.68109060872,3.94986256599837
828.579828249224,-1788.23493895434,4.10926480219139
2775.58949747448,-270.233764901505,4.23328820251645
3917.17449113803,-1158.3470924693,3.85198242177807
731.85574678815,-1901.70645277829,4.07315656963967
3620.59901017952,-1363.6490729801,4.059527367121
1332.28977502219,-2012.50038860749,4.26023246201525
331.217501803246,-1427.26422141921,4.19131185670596
2000.5731450613,-440.780749788119,4.12812747800838
967.827211484106,-365.390767675851,4.21790692768193
2272.13967769815,-1724.87899559075,4.35523753014427
191.802904516761,-396.435083812087,4.24325470621937
1041.45700109398,-176.742083864775,4.33799642178028
2099.78639276058,-1923.52012852804,4.26229613421813
3527.82299048809,-568.208376599626,4.40935470875948
256.903340739735,-1017.0294552874,4.41352024247556
2272.33415033837,-1367.22141829662,4.31425673889018
3705.47045119309,-1189.82665255743,4.39080517455593
3900.7530976126,-1022.84096574893,4.56617996942106
1753.47322763625,-1230.52256766502,4.34445880851826
2550.97025451565,-2111.8463368011,4.62195162905702
270.889307094291,-1205.93795153617,4.48592135578818
1254.08022710759,-435.712627393705,4.75065875278273
3683.54427210853,-985.535712096915,4.61198658700359
696.997258855794,-659.194416996772,4.74574691412028
928.610296528523,-1978.29252716538,4.90535800409804
1348.40950024186,-1704.51937354144,4.82028713069984
260.091497956111,-1331.16113847019,4.94165051520542
461.527848191678,-1948.01101398117,4.59967637533515
2322.7254859779,-852.74273915748,5.20688014796474
2875.68001800861,-1417.65196167813,4.88966328991427
2948.57867328377,-1605.47587582492,5.1423309661035
1174.34868294279,-1816.10855507338,4.9909819149127
1674.98199521807,-1504.92065084758,5.10385646312148
651.218911186497,-1463.1877833871,5.26717051806618
2017.21667622508,-865.562954306837,5.20155446361803
1695.79772941725,-69.8886840375124,5.16828424045825
3327.39366145579,-571.968818716205,5.46946995157115
1723.70011902421,-1099.4800337174,3.0218857733232
1112.82249181881,-979.959495492895,3.32948493170913
2831.04418528465,-956.657716971625,2.87840219504483
2547.45166052174,-1866.49212184807,2.99570068191751
1020.9171913537,-1553.53952285825,2.88841924377158
532.545032705753,-1316.1671764689,3.20894672531179
2177.54795268839,-222.897672519672,2.82364562257071
1455.20138045359,-608.797877483216,2.91616114394329
857.634188551164,-1135.97819612236,2.72124973603038
2951.75094406227,-691.433190473808,3.01333000476322
1589.47552940023,-589.343704515871,2.81590902481013
2294.83007042195,-565.487481663319,3.06781666188793
661.254470240716,-2197.86171680108,3.08739478229181
2144.79003760325,-1094.80740116971,3.10454269421288
1259.52450574575,-569.891654576284,3.0345673206547
574.930277491724,-385.165213209676,3.55742916003484
112.607959083963,-333.529157330062,3.09054445374954
1762.19844393801,-551.699345202902,3.03446715133839
1492.28146088751,-169.694742324117,2.94187515983324
1238.64348973219,-1084.72491816548,3.11886365485163
2348.75602720962,-1729.47032692576,2.84931650821307
1651.73663581147,-598.429627407451,3.14760350602456
106.858007417426,-54.4562566547994,3.00366871315792
3974.72107056358,-535.443306018499,3.18891448992882
112.69186845323,-452.178855190998,3.52217753624753
2036.22648241886,-220.866436650624,3.53423520288925
199.492328200021,-558.420358644488,3.57184279182317
1586.9381105408,-1153.47312236034,3.57403435324699
354.543751611264,-489.851456668972,3.6275258737608
831.10114606243,-1232.57266013803,3.56235537251237
827.133388588864,-973.315820460232,3.42969809200049
525.155075098848,-114.945464796736,3.44058159734926
515.387728021047,-408.100939634735,3.76867676114501
3021.75409488862,-293.632357498229,4.17257602898755
938.496420858444,-820.111723883118,3.79205759494294
1485.97196867683,-873.199325014,4.02151058446082
1874.61242542533,-895.564052717754,4.07406019250674
2317.08732653183,-418.043069473378,4.16870819521149
2118.44026575781,-498.933485632943,4.01720291846282
2212.92565590805,-400.642612028818,4.35055341817435
2124.45836921577,-1051.12254108078,4.55254013646812
919.985580808065,-2000.52820543599,4.83723320296446
3346.90315812024,-581.633274481853,5.32431038111047
1880.36687367494,-1700.64133827954,3.0515878647835
893.77632366287,-730.826076772201,3.45363756528427
770.832413389048,-2098.63279440614,2.84121790245749
1852.59316060519,-1091.18452880217,3.09627362436891
3096.63777419256,-1796.885621325,2.9224758805883
850.941395945237,-1877.37167353444,3.13185242641176
3477.60352976543,-1450.61911410748,3.39448529768316
568.477406473682,-640.027918934864,2.92752007758764
2651.61546056365,-1806.32204092523,3.07375977914869
1494.58998659206,-1179.32968305683,3.16684556649116
2111.06164202204,-2213.97547900333,3.03185214214079
3652.68809808625,-953.558417612866,2.92994830932607
2870.28312736187,-1910.34818338571,2.81743158176457
624.21501004743,-1931.67803460317,2.79761060576075
184.618086695684,-1476.83215494135,2.81493383168388
345.045701772641,-2184.15146165744,2.93579636380256
564.722917681471,-1811.76677714528,3.16247095233404
3656.69089949401,-1777.77265795844,3.07949771758787
3683.74118203847,-1179.58874380082,3.16864545045397
1080.83050478171,-542.184181871157,3.1654976940771
1222.73984667378,-356.554765586304,3.09037647240835
2980.92574742789,-471.958647435728,3.17543331182641
2736.57347699363,-1744.17098971689,3.31808864517064
2792.62993114195,-1550.11184000295,3.46954246666067
3377.57625775056,-526.775410257844,3.39714217871658
2507.90231003339,-1780.39645036821,3.29463980705447
323.677892848977,-639.611092411322,3.22864197858229
3340.99840848956,-752.914406695861,2.97642008593736
73.3530617812928,-2101.21740518732,3.29764448901496
3256.98264103012,-2004.58496502952,3.57565592011383
2773.59154432418,-270.933910348401,3.32387475218381
203.050488747338,-545.538827554631,3.34093678296755
635.386269484234,-284.643529852036,3.41056675160353
2471.37053740898,-1718.99831160777,3.75015458255918
3616.47677520447,-932.639070288788,3.6156466190145
1049.4023180239,-1267.78450145004,3.68347406111127
2564.50948694928,-510.554236233812,4.00576866221384
2100.96497337167,-1751.86617988055,3.59307869466984
2084.24891125918,-2001.84009192772,3.80931439226105
2159.34321045167,-1475.07014056998,3.77443172048708
1975.36393443771,-2068.54770769365,3.67698352562063
1481.51447589784,-880.427372587739,4.10094367020414
3268.53761079276,-73.4411094884416,3.86342021620752
3808.47251021637,-203.011210531803,4.23142319866416
3827.98535015726,-1071.36073548709,4.21147392064812
3897.48080520579,-1023.00840001342,4.31065779461417
1555.34096173895,-2118.57826617398,4.33793389971718
1675.41740776345,-346.41860078998,3.89999985621577
2210.68707226652,-382.694405862645,4.29754012316755
106.190651745005,-521.246393214977,4.54122391354027
1704.56899098942,-2175.78696308972,4.85685806207189
466.132451230441,-1968.0830250294,5.0219468980968
3306.29824270817,-556.343682174618,5.72832040969677
1494.37322058673,-998.817101437802,3.28917112998845
3136.33293547324,-1542.28634396417,2.86963452408061
3623.62707240444,-1869.79457154861,3.30516021163079
1801.07224518365,-1948.8187258594,2.89338241208416
505.29608138037,-1413.52196371493,3.20609719794693
790.093472521331,-187.2384825172,3.56421301265064
610.503236149589,-1147.60647211335,3.23582453498809
2551.66521479967,-1420.40929525447,3.30106964337402
2793.38438206371,-970.015563723806,3.06651375464687
1388.86945760895,-740.17770570345,3.01726210537249
1369.37952158977,-1229.79901875097,3.41347868214013
2097.33839607676,-127.747203748,3.26402360950113
2077.95633885526,-533.09404739759,3.08352971365087
3639.91017509771,-980.352391423997,3.23279886692777
641.60983474392,-1908.78194325116,2.92482841854341
3932.72993688335,-989.598089995491,3.39523522572228
629.562461975518,-665.794574935479,3.39218189778668
2303.53127042263,-2051.31950526512,3.55059103497769
2048.21776598492,-2103.13579388249,3.49367081922537
1552.41313416174,-327.00175916979,3.59888405556723
2985.35628897399,-21.0857678936825,3.64831855736954
2006.14109765639,-649.40075668585,3.56859649517054
817.168964539858,-786.722240702637,3.54206950485568
2871.594288799,-2139.50838209683,3.24503725880862
1395.66299746468,-347.624035982717,3.45774651751864
3225.7686482313,-187.40585469422,3.64045094241685
2276.90311436638,-2191.48979901794,3.93612043216762
2999.92738503483,-2162.46375008738,4.06422717079473
443.335235292181,-1304.47654994308,4.39171196750938
1567.07195023826,-676.547185471485,4.41817005572595
858.307916833566,-1078.63622861491,4.38216690474563
1248.62052696542,-434.969201771115,4.19958552977184
2884.30202834196,-212.393759423745,5.08053235450656
3324.23905214611,-558.409780136989,5.46499044828434
1133.94455536388,-533.239290387251,2.72626143777916
3071.89444296987,-582.996524610972,3.26951146942357
3274.28867531282,-944.539119648728,2.85623192394582
799.039546734018,-1209.90529960012,3.0960847805709
86.6155469344803,-1462.14323699811,3.14483645440212
2210.979395348,-46.9126189625034,3.03157243615007
1496.67202343885,-1906.33763358044,3.09889895392376
223.199058545375,-400.582333182566,3.0385242262948
873.560124079201,-1856.22899449263,2.97806347429532
3574.33982122765,-1888.69865585113,3.04528390236248
3660.44389789906,-1273.36528886532,2.94037856232341
3097.18277542781,-773.640528831699,2.51945331307623
757.114742480657,-1244.31796060387,2.98488574222473
1427.7200510662,-1003.22000728818,2.49071354583605
530.315601449184,-1396.86220835276,3.25111797884539
580.177423590908,-1313.57066903602,3.02154590396194
1884.05873244405,-1580.12462419573,2.89311547259773
3833.56197203858,-2128.99888204796,3.13440321455212
737.803618319255,-1457.64726739539,3.02816310083769
392.786952389733,-1375.44129862053,3.45919100302282
2321.69496949533,-470.187466116687,3.55171634276373
757.221841905606,-598.003628475844,3.01620467477593
892.128358655231,-744.626058579314,3.18025853162666
749.483425949501,-834.463612905966,2.81421173765259
1730.50645863758,-1837.5785833001,3.22203628428513
1886.30706423214,-808.604066417396,2.84867614626146
900.160200734576,-94.445509120792,3.24334809863358
3864.85226707284,-78.0887983872028,3.07845584775537
2669.42744010755,-1717.19505816444,3.30735118762485
3100.88292675635,-262.846268793808,2.98587356602707
1212.03742871933,-1058.60958990755,2.97112467084753
726.896220205408,-1947.98213245442,2.82584363180054
3715.21578221555,-750.401032751797,2.72460771715171
1751.45400691387,-191.687617601678,2.85564056829982
1130.34504246858,-1157.0512256285,2.67326313399719
4006.62364558968,-1098.19313166076,3.05632054927529
490.791854260852,-1467.76258482502,3.4742320718539
2437.39269081167,-837.340623361875,3.222994041941
2086.15451130382,-1954.62970481107,2.7471392925074
2268.43123131462,-181.520435929335,2.93149444574432
1131.2676437522,-357.88267035085,2.81855457856955
1480.54216894368,-2198.55809371872,3.13720888924368
2983.30145727083,-1983.68784303325,2.6970035795145
523.96629690931,-1328.77354671232,2.93381611526823
1858.21627285097,-1252.89086036378,3.04011115891216
2926.70594706065,-1940.62444148908,2.79886625933394
527.544466267448,-1312.25749150733,2.67937171739967
834.385052797344,-1762.21220967671,3.15345832401223
2341.75131031949,-1312.5055913254,3.10762025806286
1814.99391432948,-1711.26648085987,3.3859207208845
3557.96021917102,-693.356032052987,3.03856886535426
1885.7329881404,-1477.05944502203,3.53985096304085
3532.3210192135,-1674.90198105757,2.95305893775781
243.249647213128,-1728.16853282254,3.03032390634235
2231.93298503518,-553.927649137131,2.91845790722292
3875.87808764233,-1108.47054345151,3.10692649243438
3344.10675795477,-2052.34818900222,3.08396328599393
3903.23254806162,-369.362223733469,2.71650317071346
2015.76210011959,-1850.51799238913,3.2057846036934
1896.53215821603,-957.268291860471,3.14401228319422
1949.73577651914,-970.344943239101,3.05816353793035
2313.51966366526,-991.782327860526,3.15787902189361
2986.80712674767,-1672.36878474828,2.81329491757201
231.426090935081,-2213.71035488225,3.00793953079065
78.0009728911818,-1030.84901639716,2.80562482161044
1828.78991476415,-75.8625670809176,3.17697285457869
2579.36452049008,-2103.28403188993,3.18085732079228
1737.67150859394,-466.199728421696,3.12558267161327
3337.7558205295,-637.602740716635,2.78999070176505
2557.36499418261,-1868.58716066317,3.33433513439431
3853.50073605957,-910.623002500333,3.17182443980058
3507.71362944831,-1785.01108234826,3.11548675857637
2283.24075786785,-1650.9100091099,3.0815770927363
3051.63567470956,-1653.89363041157,3.18451540085396
1139.85811098996,-1346.83682599591,2.89494558108423
259.259159680593,-1110.4007643505,2.89495199340942
79.8090393203418,-720.91327037054,3.3029822612025
401.023062577591,-1647.71873551753,3.21917424812918
549.656347608791,-1773.71300939159,3.17359595909891
1145.8504893429,-1682.68542879932,3.42112119507359
3836.15351237956,-1082.43581004428,3.77635005783486
3663.13675475613,-2133.23825633012,3.31060427855401
931.61561153444,-1654.30364687905,3.47368472927677
3343.14406752182,-737.867814784764,3.5373544492399
3197.13143892592,-1888.05899846948,3.41832194007737
1954.02818784695,-613.262348110162,3.81933323625241
3706.57360387004,-1972.32629755227,3.20547296143045
1811.90771679391,-252.212437163822,3.82743209080748
1326.76829326355,-1622.33483433466,3.6870032127201
1038.68831361093,-1905.52576021714,3.7933175979393
2405.94442679434,-125.172503241841,3.5627539733262
3053.96893654244,-61.7531342737757,3.59271540791951
3642.06465255353,-331.425055265579,3.82038371594679
2470.47522827962,-2122.83098308549,3.79549797561965
1492.81808409676,-1729.74420014534,4.21042496986693
1592.40570169545,-1692.05478174983,4.08812260854145
1133.35097170705,-2146.9796174787,4.22524829524261
2047.9270272154,-922.172557718384,4.65078867315816
1448.64974526391,-2177.71127800722,5.60402393738651
3971.60960129179,-1583.51065158345,2.80965722617934
2293.30208777738,-563.832226503853,2.92524796571873
2882.99803274493,-472.219931475094,2.8230288919571
1961.71309341701,-967.172893319996,2.86940171029566
4054.44618490867,-2192.20876195126,3.08353609192809
3688.40213995787,-1786.64097184042,3.05198806937912
862.031230927616,-1559.8351748511,2.92034315486576
2862.42167494118,-976.528702366782,3.07435993172215
1314.31320756935,-1582.94906387959,2.83154773070078
3989.04873570276,-1305.6754557341,3.08732959875917
3792.39600651864,-1265.89594376941,3.08363247417929
1533.97526135817,-1037.63270296193,2.73910541086294
866.044615543008,-1660.95848601232,3.22786095743914
2051.50322372366,-1203.73287046179,2.80914157537631
492.539909309587,-1204.99515432697,2.65224104746163
2192.90867594987,-974.315652942707,2.87101099594309
4063.18724596234,-1551.72577256247,2.64110545342047
1612.50445409668,-567.338840813518,2.56055248399321
1308.16485696419,-1396.53290423327,3.06249160514341
590.47173141339,-1509.56950560455,3.66345131441712
3594.60885950484,-1304.84352998254,2.90212078976519
96.064893157596,-975.403037965388,2.76866400228029
2293.26749878586,-1416.43198022428,3.23368399225361
3986.51291406503,-23.7424073351317,2.97010484269658
2987.52154405826,-1838.56232345612,3.15315370849214
184.5845874303,-1479.93078980528,2.98221741373813
2036.56319304646,-1277.23609154711,2.41609206825309
1002.20192554723,-895.865447188217,3.0171059328933
742.147872196133,-835.827388193259,2.92112201803357
869.250306005573,-898.788052641428,2.909284950867
1615.68777293883,-834.532875635496,3.11493407016072
3208.65812496719,-410.617552914509,2.81575203923203
2186.60797000098,-1591.27699746304,2.81024734073485
219.665370838871,-410.420685837028,2.90586068024894
2092.13059816085,-2160.46390287724,2.77635254003295
2421.00606116728,-197.509532776194,3.07224199753722
527.758026520142,-626.703953464136,3.03579245174329
3177.48203720147,-294.406199697635,3.49985770031663
2074.28269429702,-1140.79165161603,3.34419458310323
3363.41939564842,-415.503698475959,2.72538447090771
2752.37453483482,-1806.1297216771,3.07683984668964
2973.12950684276,-1044.01196253008,2.73486079184055
3838.13473824635,-24.723800769405,2.90247079025522
1666.26217775887,-450.898986349101,3.2053496203479
3899.37038040581,-364.068716785073,3.19182728708403
3452.71756169475,-1052.00068427407,2.97743394628445
2582.33086040021,-1789.4048392066,2.71752801201877
3874.9883738473,-1604.48949452072,3.00629282300437
557.599767987655,-1666.1447428909,3.05971707553397
4021.31193574491,-874.861088993329,3.19795170422865
3101.35412295235,-1567.5425781911,3.12097998880002
1019.44899387923,-740.873351748086,3.07386294610806
3243.60143760802,-128.528833473069,2.84492123960725
1333.05511003199,-681.182500279823,3.02976654035439
3437.40264850912,-1684.12447139181,2.6809289238571
3004.97152745727,-1844.43436314681,3.58670738698325
3780.11336607861,-2068.67062600376,3.21715863971929
2999.95187838626,-1648.2707315775,3.31313733723584
3334.21075349199,-749.910064607534,3.28376435436993
2997.61230942619,-1596.49244567685,3.51302298412413
3833.8051524945,-1084.84842242405,3.73348671362706
1315.18131065516,-178.690061213441,3.9346917136384
1600.43513146183,-1689.76390485476,3.49580724238568
633.176908286154,-1426.90663384567,5.24811181865805
896.163680557785,-725.05239783873,2.91604702180573
638.970281197651,-793.007688523684,2.7369645057026
635.899387639081,-1353.06485215238,2.97180904623889
3681.20659580789,-1787.34336879248,3.30994862569113
812.612923212806,-1440.6329140419,2.96045336086163
1669.6682089394,-796.848131697501,3.10009263746722
3607.58375951588,-2085.03779326715,5.85361576954028
3006.46414206606,-920.644086446725,2.98503748188896
1075.84932527037,-1132.89260822162,3.0070461606399
3616.71591003779,-32.1900424919588,3.13608373682999
395.206899906651,-1280.48843457832,3.02608552618729
2798.00045577812,-967.748081854387,3.0807833240405
284.691086959337,-457.98267927458,2.94830748786494
804.174676491333,-332.943433489524,2.87783926809988
96.0770461478357,-971.391858078338,3.12791150432917
1022.54236922088,-742.066314810138,3.32329093216108
599.0350629723,-647.27614758482,3.27725163984044
3287.04691036442,-2057.32692855859,3.03239216532623
3162.97777856202,-890.433822784926,2.85053984779565
2877.61531311967,-47.3191068324767,3.23489045804313
1490.71588799779,-1177.5511213857,2.91384026342429
2764.00383685845,-1903.98976480806,3.33384279037421
2248.94372182109,-1598.62374354436,2.8462332319911
3750.22312353648,-2.36146814437654,3.20205301904048
2624.70777865823,-2212.16299629515,3.51014772646685
542.054019192616,-425.980586765995,3.03280737079088
3777.56490381534,-1048.96815858828,2.94875676110037
406.025141509345,-1695.1759681354,3.3027276855352
3256.36077760689,-1789.87997955887,3.20476755612805
2008.45323683388,-1223.92276381014,2.96956220068502
3350.2765296762,-1796.16915146502,3.55333722205319
3347.33210474176,-1120.80472496871,3.97505325456898
1462.00466402585,-704.94389458192,4.0797730773259
1196.61336782977,-1580.89015057409,3.74898132473072
2002.73414214198,-645.58255560358,3.8330311027127
3224.35785452047,-185.741273957171,4.10449941001928
2034.52481288216,-216.078056895619,3.86254645884246
1008.74419466071,-427.871764826713,3.68817375978481
1320.07531826318,-185.903128503557,3.90222685963093
3216.9188418849,-859.967175302085,3.76979541698194
1613.68389646201,-1689.27596340687,3.79349139718831
395.080225175848,-388.081137233844,3.81852753326497
1104.80735396413,-1625.65823095858,4.07426882534124
1217.21406551775,-1705.76844329381,3.36679715440777
275.831217954594,-229.117033573498,4.49938059756952
3974.63565264492,-1807.90785239281,4.01451159125117
1122.21396330538,-1139.49284209815,4.48967353943823
1877.63331841987,-1488.84138740063,4.29824762432684
3817.4707632889,-199.231967673568,3.99072078577626
3640.04262347556,-1080.22931044198,4.273903756693
1367.44042049568,-1706.17934571051,4.53784257514346
1813.23998059251,-1592.15435904621,4.31365884334166
2183.29929890786,-384.02762392481,4.43167429518376
2005.22092747034,-432.171279509683,4.59999679527455
2285.2963256379,-1160.09049064061,4.40496427850603
1295.48181358489,-968.969397697798,4.28648067471819
1399.80955022969,-899.385270281705,4.62893983184087
3024.61765133177,-2101.83431338198,4.65832381974638
3682.50226853099,-964.079130777446,4.64356802447171
2106.55368305601,-511.812787178153,4.76480116210215
2600.37465502497,-569.79855834684,4.77164851609359
1553.2479056039,-671.42402521415,4.69079525536006
4007.16578832846,-1253.8381127054,5.00404138994129
1428.03493226452,-2143.9062152066,5.10498978388411
3184.41414149479,-281.371070099936,5.32583730626708
3418.55214802063,-1327.30382630462,5.66332467681731
NA,NA,NA
3719.92779769777,-439.978086234156,2.96518329207267
658.661657576883,-1364.09738631735,2.98687930758483
3723.28871612068,-1159.34057870945,2.90716100708735
817.225793897549,-1227.57971490149,2.89517308948591
978.295837147104,-674.401227307563,2.93726414975655
2461.52856164205,-2059.43090536469,2.59883826896114
1162.19163224776,-1718.0862095086,2.77272002207679
1975.06607863567,-799.608737777851,2.90629932643698
4027.13649414979,-1082.67964487621,2.95145321181787
1196.00866592718,-497.952207074433,2.95378561665014
2595.51478564469,-1859.88875805208,2.88553721306082
758.966610844697,-598.578561976323,3.07905724047414
1609.15433874453,-1399.75166389037,2.775810855218
4002.59650065295,-1043.73067965216,2.95007757863309
2420.27490921705,-2016.90535991314,2.89186367899661
3489.42132944103,-730.280748941232,2.90416456051778
3985.13658414586,-869.643664870055,2.95791272828485
221.316957698226,-1372.12781959238,3.01028367738132
1081.22427222398,-15.4727317971583,2.95978596692852
1248.19297791225,-1072.81427602563,2.93681871024227
2568.81429277392,-20.5796475921267,2.93659701556416
1978.28905626353,-873.693785533905,2.8848645138286
2574.49758026147,-820.776472833985,3.01783321400407
281.478102280583,-1894.79098698538,2.89576356376243
1574.65176995761,-793.129928378869,2.72724375032856
1276.66305959627,-394.951192829599,2.91910819826946
1202.05293355131,-1375.67635669159,2.96962646570381
2811.94573613624,-63.6901909187816,3.04657881812116
1790.40212827564,-320.718693251589,3.11381727901317
3488.37228560827,-1728.40338648572,3.09158293407842
1312.02661167149,-1636.81598908639,3.0151169529551
3428.93762717435,-2114.19565774407,3.06507083770952
2834.22426803071,-958.736493877986,2.98991600376139
3395.31653668909,-1573.55676430113,2.6980374603841
3810.07248045544,-1756.50967849535,2.91734375849613
3477.22689950997,-1450.08562903082,3.02161525238127
3507.84369758862,-1919.22670284634,2.98749221233694
2839.29446941596,-1010.0531172467,3.08730466499815
3118.68483831991,-1686.75155786,3.00289692600562
2037.68749514488,-1468.53417863598,2.84138907644801
2548.87007430014,-54.2515807164109,2.97729996161157
3127.3501489815,-163.381915299594,2.92806109415109
1765.36125051818,-1951.49687368896,2.92486634462089
3187.22897151956,-1912.94882190605,2.88805222639528
1362.94624787956,-1619.02291275219,3.05345584619128
1080.88878428357,-549.079873891938,2.92233562257918
3272.21438019712,-19.2574352647609,3.04128695252043
3368.36484301957,-1215.03363581453,2.97163924166556
1852.66208251829,-337.922725814378,3.0068525308926
1047.66729301016,-2165.2415770901,3.01825798910682
1045.52945904206,-482.436531650646,3.07393850913655
1213.81009467107,-1890.7623254582,2.96007171170099
3438.754664755,-1255.31119927538,2.90309535229623
324.892066671348,-1908.64037644618,2.9544708750851
2994.68217724006,-1629.15098497349,3.09851380024833
4027.61399468806,-1794.32698131455,2.89090930070554
2495.46217652946,-694.382109873759,2.9706838267858
2628.58968809464,-1574.25104252143,2.94896778173431
2057.1732543494,-162.540339905608,2.97714539304016
1235.23980622459,-1693.97396235456,2.91873907837064
2758.70328097606,-134.936104479874,3.11879525670722
1721.47682762031,-1963.96762686102,2.95962274571689
2551.82031031195,-1415.70966747543,2.89852970025722
2214.86266254806,-395.944506183859,2.98983333109212
1033.84393703577,-1267.67259110668,3.03899498557191
3488.8116006744,-1314.13977450498,2.88962428819289
3226.29326664267,-1405.10039716801,3.07696110454595
2714.88403559238,-1450.86305006972,3.002255814075
1670.19386348083,-1366.3821031931,2.9628233319673
3889.3643103425,-1844.10467596167,3.1496063689387
2619.1040867248,-156.156513416016,3.01272184739705
308.876457976858,-2042.41087020512,2.97450225712352
3793.17779945138,-908.566757327953,2.9369114705061
1357.11268666562,-1465.36930776982,2.9755026454477
1267.01074508764,-1629.17011847851,2.93913710807798
579.84743895991,-444.172803460802,3.10012646181379
3394.95202907481,-1697.24434676984,2.89795727070411
1744.82727216923,-1805.72252503035,2.91100690023225
2867.70359023532,-1594.81537991552,2.98323444094576
339.510778313571,-977.596583197778,3.12343720156281
3351.01968115969,-904.13724978698,2.88522837456127
3255.38382392928,-312.632138769141,2.9021025715477
2258.70205107656,-471.498333747005,3.09728281591612
2466.21673221007,-781.56175801091,3.03852660581757
804.056690055819,-311.554155204886,2.98617247332217
1211.89602645065,-631.105875902492,3.04566818475795
1889.95806276827,-2111.02057033109,2.9578943560003
101.928052203794,-809.265778808172,3.08315756768332
1933.42246598395,-92.0238675009406,3.06837243288689
1611.38368027574,-181.111291337033,2.99084988832443
3369.30276222546,-586.25302978164,2.89205894943197
1156.34987011553,-620.298035049446,3.09427970305635
3286.84481472983,-1506.18630668389,3.05024325422619
280.253912489298,-750.429460154346,3.18689621531158
794.487587342511,-410.747274574374,3.03262452576504
1488.58043010044,-1953.19683405778,2.90471875615964
823.353208740244,-2204.66405514991,2.87618535729663
1765.00138953639,-732.707945642501,3.33394509316667
3599.56423497288,-1733.39320599275,3.12688431335927
626.58747048444,-58.8757861634575,2.9986706851564
843.252369501343,-1970.86393948127,2.99380809540043
1903.34582292941,-107.064851308565,3.07067857236113
2328.5532839987,-294.698723582175,3.09814405347074
810.693056497331,-1443.93505646448,3.08458858686028
3215.3279158188,-2124.79871114418,3.12908376140915
392.347942195975,-2098.75474205738,3.03161853120419
2567.39103578644,-2207.16088098055,2.92840398772461
4008.47320821095,-524.292892788803,2.9240694845829
330.981400707699,-140.688403637426,3.00142814545357
1734.82311179521,-1542.39682559323,3.16449125419195
1485.9388246696,-430.671745478539,3.10444590726569
2168.49516236693,-449.662266670649,3.06623258669785
2391.72467298556,-1033.88696368685,3.01864794642771
194.309810351915,-957.516759683849,3.07051404436998
3639.54311568941,-361.136496148357,2.8862573505428
3979.57035057627,-1853.99710083986,3.05934505677774
2152.29045676697,-2086.37782237463,3.10542186510277
1531.6250333836,-1135.52499544414,3.05660899098788
416.25284397888,-1514.5670506168,3.08482169476285
4013.38872405475,-1696.34023932693,2.92735007061791
1859.83972897539,-1427.99067191908,2.86974266336551
1663.49197407045,-578.690970398759,3.10926345275573
431.842605927269,-1478.72212702774,2.87228980691491
2062.34267864466,-129.178145495824,3.04685559352313
2887.50689311603,-1306.98062386701,3.03078034757862
806.982227723026,-150.648273366453,3.04853020860401
2162.64985189715,-538.798748307668,3.09585158837713
2676.6316965788,-496.598174236867,3.00075037122412
1457.53141182784,-1321.91322771543,3.02003320273256
3054.47612800125,-933.354043802126,3.0542598581186
3840.90317254924,-1313.72736181737,3.05207220094276
3388.78554725406,-69.8035452997546,3.10718386876401
2566.71348483238,-605.622397873165,2.98756314923952
2403.68258542893,-411.010396203446,2.9620223010054
2214.11254446405,-1339.24839559002,3.04575886521307
2638.52500713013,-38.6144321114886,3.08567856574224
962.318359644284,-1060.75139771329,3.04311834380795
3662.23270537236,-2195.7465007109,3.11515991832739
77.1451700970006,-346.627782145138,3.06338092422922
2904.21412399729,-489.049598072089,3.0033225530583
3418.52839818272,-240.585637728877,3.01792190084684
3228.30695950135,-1095.98408118065,2.97034777304498
1506.95657075445,-1411.89652579987,3.04854890696793
3195.97362455647,-1591.55429311081,3.15074835249439
743.035954445579,-1965.6747914384,3.13621961100955
1709.14515872173,-1625.85770746758,2.97267820696666
1292.22681225865,-992.507368497616,3.08281601474162
1915.41168823641,-649.95412853552,2.99266417453965
1274.11285312189,-1799.73031298068,3.04334849288639
3063.39630638837,-700.660901798357,3.01836888190299
2494.41230462996,-449.414216604231,2.98585610127861
1388.76328212835,-678.424616566981,3.1146290634029
1281.4984275687,-358.396327885335,3.0441396349027
1724.22088596739,-1807.05079185282,2.92004425327709
984.700813716461,-1751.26638478703,3.1381413506002
263.531271618668,-760.715603100986,3.12396611250974
1016.73154685759,-453.358214560644,3.03906918998941
3477.87038204892,-594.590199399737,2.9115613004435
3885.38341814904,-1488.63805158931,3.11367043041647
3915.81502763546,-260.055403643653,3.04782486178345
1053.47447955965,-32.2421637474773,2.96475885611062
1435.0743383742,-1929.46875777117,3.3106676557203
1839.55612823809,-2067.76670108995,3.09744200304469
3394.89113743316,-2207.3406403681,3.17204072823262
2869.25314304711,-1639.61025628121,3.07441914027679
1809.79751687435,-85.7674640701121,2.96976161295567
600.127414911841,-267.034166816749,2.9702657762421
3198.62452114362,-1546.69700705932,3.06668303680565
480.291684497657,-356.426054460472,3.00327843929226
2987.21740527102,-1295.79473506957,2.98753062236544
2292.86060246178,-165.181287917882,3.03809619122982
3595.53586612234,-339.762966342827,3.28291924071883
1366.56901606147,-1700.55263546298,3.00788780903062
2187.73623687259,-1572.35152236772,3.09503881378285
681.29718099118,-942.996729012857,3.12216580050749
1726.38904033698,-1725.36632758518,2.97268084917186
676.857547102588,-1550.99829009072,3.17145935676243
3901.86900815472,-875.701760772757,3.20837268784989
1975.02363976245,-1489.79037351437,3.14674495654962
2651.35444069076,-2145.48289257031,3.09856133249754
1569.50307745532,-1716.07496310765,3.07399059823815
3249.72562300004,-182.204864866235,3.06076580377287
3873.6329655841,-1067.13861345968,2.87747306656885
1430.59151937166,-2178.93615782546,3.14737742000202
2886.60654313613,-166.36908599131,2.97474678262403
2462.45815685577,-880.683515017572,2.99015347693914
717.481883063719,-1822.37329660717,3.07075371781125
3332.97955010449,-616.23092425903,2.97752772283264
3050.21364188515,-1327.63670261797,3.06998941903349
776.490141455393,-2033.91449920507,3.10048350448976
3303.04419857401,-1088.79064537896,3.00543024822509
761.124059712521,-486.315865616926,3.0939004053487
3558.00114825612,-1873.42751416993,3.00946066981265
3544.27748303784,-451.985268358562,3.19231131144409
3289.26024531635,-1032.24970094473,3.09581805333137
576.510103352481,-1932.25474713935,3.02257577149457
2570.94566492858,-241.617124897596,3.11954530529733
1769.59665475088,-1887.61584374338,3.0694633034212
1651.19639118879,-962.553336908556,3.15838008517425
2430.86947555853,-1954.07319708663,2.96639771922408
3254.14635553342,-1293.63645816291,3.0558068813709
81.5635918294852,-404.916802110072,3.02830599545007
1766.5137499494,-1494.8661331618,3.00356814135531
1827.49086319568,-192.093156770824,3.13026383564938
1835.40967085787,-1843.83913959602,3.10362884230263
3598.71868814559,-898.351240776535,3.06440479456597
4017.35710051315,-639.804287922687,3.1176926595484
1025.09241912252,-518.354735616707,3.08053252466109
2622.62747239098,-2208.87814622385,3.06631919634181
2604.69268272893,-222.432758131856,3.09876526053104
1510.79579992097,-1770.6590537025,3.09911870870843
3040.43968568294,-1858.09681807482,3.21095806489069
1994.89128959175,-522.577013464546,3.11805050547645
2498.47921986743,-875.740908648118,3.08353108229212
3122.61918999166,-743.850991322981,3.06290423211003
1466.41486567992,-841.58206116267,3.19200791588276
1175.91328973744,-1379.32552762006,3.03967040176485
1483.36467851912,-1462.82209061384,3.06287340958202
262.873927593531,-407.408328760239,3.12184499269789
1705.7183151728,-668.123897387547,3.19501367174217
568.268821495393,-1475.1232342039,3.05314115229253
771.252221019273,-900.822061191484,3.1329867264124
106.845675279221,-1436.35755974648,3.19774798227883
2952.1754585682,-152.4991621029,3.28769760801261
1994.42634221195,-1869.75965912301,3.23731429577975
1902.21277665024,-235.079834683567,3.17430675524816
702.695559009078,-743.421708586427,3.08363515754828
2664.07430247968,-936.110001292671,2.98414812354928
3318.83636045206,-531.074042714179,3.28138102284498
1347.0361261094,-898.32332676948,3.0491554198459
2478.22209326702,-640.200294945384,3.16231674310352
2570.91047266077,-1625.42114510474,3.0609054706317
2366.37939381192,-1731.74080624527,3.03937385001407
1395.78635153171,-1608.0674705532,3.19533412557947
1275.05582207805,-326.998788560601,3.10156117338673
438.512761726201,-1573.1017276443,3.10795766252322
2268.83797819002,-1644.58878771194,3.24881242953769
2391.96396931551,-875.008409770487,3.06187484801249
3688.15634952967,-1731.83272194551,3.18734733380855
1427.29596402413,-2046.91913985789,3.14255335347784
3236.23893820273,-2019.1809094917,3.19240378014395
1222.53471595818,-1029.03582711652,3.19389426992216
2169.77712515556,-924.106009623418,3.2733807514525
650.736467019376,-1218.47555083487,3.06642280951795
2467.78021868438,-370.553847381459,3.08602409826333
1927.84471255129,-1559.82723828154,3.25645036129772
823.809327562174,-2004.53351693645,3.18539152309713
2674.79229519079,-1663.14283165937,3.16827411945399
2942.23652364495,-911.656636018582,3.13514554311837
2735.46903089605,-1714.5379072974,3.15981546021425
1925.39613397016,-1333.99758347797,3.19158842900639
2465.66487703258,-178.004896936966,3.03191878189845
2205.71679830918,-453.218635416743,3.14107590123685
4038.79293099094,-1758.72343691131,3.12403116974278
2498.82878865745,-852.39347012917,3.32690167099346
263.107443963412,-808.627681976805,3.21394538305065
2563.89728102634,-916.069926473473,3.13760733146688
2678.81153672987,-672.421743724252,3.16461809026116
253.663277880983,-1471.31209257588,3.13636372353527
3775.67080096233,-653.115109994946,3.0667126810449
1604.23551034326,-299.91294460432,3.09974385770425
1619.45799013468,-2141.18943816658,3.10958827191641
1606.1040492301,-2217.80396438939,3.22226040679212
1487.25742804087,-378.914292369731,3.16740602664406
1760.74499926713,-279.290022208771,3.12412914408213
866.427424299769,-1324.80553696321,3.1322776451014
1825.42399770331,-42.7701520210092,3.16953785287057
1452.85051632129,-1238.48338957882,3.15157770255273
480.784320770947,-1839.22734346752,3.3656901472492
3668.2226681976,-2019.39611150895,3.05270717268712
399.742476959429,-1194.38837302156,3.25696002785331
3487.70596546316,-1341.60977667107,3.10770959583275
3789.57170017913,-490.293438203853,3.27780011057219
967.306856295284,-1429.22279448147,3.2126171051562
3369.71743700316,-298.036531111939,3.1904137330498
3753.5518848165,-1692.80910268431,3.20091080933413
3189.15111768946,-67.7771957276199,3.28266358084256
2252.71464044364,-786.444126934013,3.10111792221824
1399.45045320902,-714.782508077184,3.17267950851917
3654.55175587335,-178.303134205436,3.03622280396519
3572.68986438226,-1361.74337322568,3.14919872556947
1976.38104344725,-945.954192548028,3.20486802540852
3985.74094161625,-1136.88225955219,3.25325544841691
3102.13680676863,-922.578281141723,3.14451611639929
985.135847305082,-995.093504414862,3.2597164197807
772.573768242536,-1337.85764788799,3.16811819299275
1276.83786818981,-1101.86065373663,3.18200061477462
3027.74816678844,-1545.29038810842,3.15462607154922
2565.71973501862,-504.87782713674,3.03906635442513
1857.8715178889,-1956.47852274568,2.92949431320154
2193.57166478693,-796.082590203938,3.19246659004453
677.087777051152,-45.3914514441649,3.20664640822633
3955.38311901758,-916.679787513021,3.09319252168837
3833.95442773857,-461.41740062403,3.25168215950522
3000.39160121011,-660.946867707835,3.1039264197651
4059.64336595385,-626.270622376558,3.12593525278172
1979.56726187806,-13.0608220008425,3.2096430410293
3664.54062760628,-309.693159627766,3.22632497197863
2788.17818775855,-209.020197386986,3.18294172975067
2769.354535649,-1873.24239349972,3.25245067845154
3933.05079771494,-1998.60310062581,3.40235876478267
1343.24283922417,-2014.19556663884,3.28229521329941
1090.74793083679,-366.79349960546,3.22704422268736
344.762060950551,-596.3603147539,3.2449366390489
1912.68911170246,-1796.27715357039,3.25145625373647
934.27157435647,-769.971659945145,3.31321381549997
2748.20067012778,-1451.57542697229,3.33348476491629
2735.95986966483,-336.791922850781,3.12204742577197
2087.01001185019,-1577.6644866584,3.22904050030316
4044.37770558331,-641.438122126489,3.1027249954433
3718.74429049616,-1738.99535578924,3.15843078389261
2188.10728411123,-1670.71596391839,3.05843843148939
471.660987065551,-1398.22203067154,3.25744740150212
1085.67829212044,-2055.05744584286,3.19671119798106
3374.32929780877,-94.4740815429944,3.18960839584055
3468.64524803274,-1346.36950914624,3.2621888130535
3426.57502177937,-2175.81362297523,3.2274305812047
2744.37471018096,-598.014257267724,3.24825907791406
1699.85312373262,-1329.1246297967,3.11728576149769
3161.05168036686,-1936.20390820566,3.24122628922816
3387.39163378135,-468.103925417077,3.39966262194701
152.665046841613,-112.062880589387,3.23651226362675
2615.26919005877,-1979.38757178819,3.30966490727163
878.50435619074,-2087.09458403832,3.30454651094107
1166.23284370617,-897.605335162268,3.30413531807645
3482.93038367114,-894.64808849048,3.16351946403369
3196.27204118862,-830.393345112748,3.28066512821322
1097.91541523762,-1326.35829322567,3.19286232702438
3327.36013852167,-1836.33206444978,3.35964244859766
1962.1837543799,-50.7516005270984,3.15287856798023
2905.58330488504,-745.039666151258,3.15442612031758
312.055964685729,-1532.20459372176,3.21632108961689
1783.52906789307,-490.512319433611,3.37143568262944
1493.66509029713,-1788.77585078122,3.25921709347192
3947.85660584956,-847.0500286807,3.0829580104914
3808.55078687781,-9.57662451361857,3.23042243435142
3622.36011010919,-1567.40337593995,3.18896510391011
2440.51702130066,-2140.87586796612,3.41074092148279
2028.74045838312,-349.170333658269,3.31834879727387
3010.75293024599,-173.18712385995,3.30569259522625
319.314884270032,-103.050729566059,3.32680308904971
545.355518715448,-1279.40180915054,3.3371317841993
998.70443146386,-1701.92608599601,3.15098771789942
2806.63760473539,-811.409260324891,3.18098634497021
2700.79813087745,-188.166280597252,3.31321839610466
868.445231502983,-292.291399677684,3.23040291797994
1456.81598447464,-1746.85644709621,3.21554508544764
3084.21867480165,-1858.51287412734,3.25436686255456
3550.1124190781,-1160.31851633841,3.3158898694842
2533.32409854124,-183.362948939263,3.21270315411244
4051.90410811573,-1620.67306289067,3.17685908078879
826.185347406494,-1917.94875317099,3.35494722317816
2639.4270107761,-899.008931801327,3.28022837175683
1040.14846761373,-1498.63258380343,3.31254825915673
864.60743519757,-259.428825521992,3.23278747574789
3686.22717872402,-2010.29993631322,3.32065059989611
3968.87788919251,-624.167867674491,3.35907859109096
3026.64691304179,-1843.60011564554,3.2264759592102
2797.20529497152,-2118.01591115781,3.31052987892744
3222.26135402251,-1828.14304570958,3.33690500773713
1076.21516404672,-1291.39947807895,3.41957382318154
1879.68356035513,-36.2050399987606,3.26466919708517
2513.55372888595,-2.97270001791916,3.30003394685663
1507.34490386379,-901.910617347617,3.37774229165987
301.818305724939,-1950.35748758929,3.36870259702904
2336.41102757224,-69.472284030091,3.30106068795583
895.176569927669,-1981.18063435323,3.21849938126366
3430.28738184183,-984.1274978381,3.15065823945921
2183.80643268416,-2047.58225809085,3.2571772158625
3698.30894005778,-1882.23813250195,3.33184809343397
1478.5162749187,-1971.15650962606,3.15536753604975
2492.04230256355,-1483.4544636926,3.35967722963115
1987.96634656775,-1512.00033963994,3.37213913392494
876.504926114659,-1149.346385595,3.3785804150704
3555.08978965012,-1342.04451811098,3.35501329515543
1091.64875519191,-1512.19093995823,3.44290837127363
2924.56710450212,-304.57253228713,3.21593339504808
131.229674696102,-392.979835508657,3.37509258829069
2398.88634611109,-284.180795488605,3.37032984544913
2178.11674536584,-1420.66074011204,3.35980460545693
110.026578070085,-1504.63076942521,3.29476094202736
3791.03504298885,-1029.1239854754,3.08106744490591
3952.8712645038,-879.113181366082,3.27137434813337
3301.88218446606,-914.383159893495,3.60973124039852
2347.98965832354,-713.249781137181,3.186671000691
2360.22381330731,-1861.72935192009,3.16365656805318
2142.24001248274,-627.617633627857,3.17084779016384
76.2432969733985,-491.018200470394,3.38866949588095
3575.27036500401,-1190.48439641169,3.31246503591133
1900.62267672451,-65.1249734961833,3.31028393363344
3616.7635272936,-1513.9476980001,3.15987632845235
2050.5606325372,-352.698921845468,3.20995496714615
1354.96718935262,-1318.05666467356,3.36925163642139
2326.24247794493,-1809.13916678451,3.33283703915747
432.19526644655,-1367.63215175082,3.36569218761554
1474.27871419118,-903.206727314625,3.25710813388085
1133.24447854113,-1225.64545730088,3.37797403530814
3161.96533665277,-1767.26561448484,3.40516009122506
3184.26815515818,-1870.44351409646,3.34387505556492
1042.82737285007,-710.723823763292,3.37554331922467
3189.14821569351,-1436.49662949931,3.37844500328108
2218.66614597613,-1686.90983230314,3.25187644668048
172.829933998717,-769.702965496646,3.39557979274186
2744.23852157819,-1642.27429041445,3.39721626187578
3260.27299627484,-67.4312770859358,3.2404195147471
1163.8331861698,-1145.98510135377,3.42077146652519
2926.91732675548,-743.317655670961,3.31956319682004
3242.22747635855,-798.354857517667,3.41608018710229
262.38509378602,-1356.11731034888,3.37484926057258
1777.74060519635,-2098.57030840237,3.1073933811164
2115.27286667961,-1137.95248706242,3.37694260465486
1986.84692444367,-1652.78653694767,3.34256139862508
3932.29081074635,-1450.55019936409,3.28585362041694
3910.39937080355,-1266.26873303267,3.39179986599473
1687.58218444752,-773.378047248261,3.43323543576232
3029.38994417484,-187.474022265329,3.48002852436043
2165.28275803819,-1106.17798911928,3.32973093342904
2628.40139933535,-1619.28965485132,3.28041179606674
1988.7623416574,-2178.08817845388,3.39323126722904
431.501182310492,-1738.25953218173,3.35194851218569
746.496914617299,-1886.73248520931,3.36165882175093
1699.80913979122,-1475.89719381974,3.30646091540438
1150.17933527482,-1002.03274168674,3.36889492135814
1299.59763936755,-1048.10250657595,3.34014269497815
2424.9226285717,-648.849751064377,3.05705447544609
3413.89068614263,-1786.12322490434,3.47921213080563
2314.42664665224,-84.2052449174549,3.3625926294612
2086.35418048699,-251.003156247957,3.43490848937957
2640.07502845728,-675.621788731864,3.40672694632273
3377.40013936722,-1529.18208021454,3.37239345093862
2370.27934257658,-1678.75172758189,3.35251055718569
2785.56885402946,-883.529206391069,3.42265774142916
2923.86728774434,-2214.47047451856,3.52129501337856
1828.85240412902,-2002.95482743849,3.32694550723606
1470.58878631982,-871.16627547936,3.36658075149868
1791.21324029039,-682.365883480183,3.48766048667387
484.376751724766,-616.359936642366,3.32501898932913
3491.40684242239,-1209.40798436843,3.50424138811461
1953.9142234843,-1442.06211193353,3.46584658412331
523.006542569989,-195.900767026275,3.28799319947615
3660.77566484678,-2123.69964031643,3.37414331629336
296.102829166895,-342.511028069474,3.3677598025554
3688.6689811791,-613.318938150475,3.35439228536669
3167.09836246795,-679.157871351647,3.50295564912276
3427.18656720381,-1202.85025164673,3.4006340812134
2216.41675041097,-595.1119480273,3.448991783316
2125.76399912255,-233.382543315338,3.49114000608761
2681.22241446763,-101.602935592263,3.57242615899824
2178.85227193727,-5.60295142866872,3.48888058898587
3158.41916593714,-561.856438305288,3.4075318437461
176.938021689412,-46.7035191296989,3.4802966698997
3278.42603699496,-1550.11543925274,3.41504466807482
995.171340365938,-530.377799196151,3.58459630956173
3201.60760073145,-280.12778823221,3.48466010962352
939.923564449078,-2144.06636905422,3.56412938733439
2951.68641444042,-567.148943537125,3.44375050344599
1881.48593945275,-1341.41542893031,3.46691085515282
3579.81283477094,-541.937401444962,3.57503452153623
3634.87683145722,-1084.56288214815,3.63631927999623
3035.01633727491,-851.33204034719,3.61203027934602
1685.11161279779,-873.252378524448,3.42876166786436
326.538526399599,-680.696558988068,3.49642729015995
2821.25361595391,-2099.19110707303,3.59707337624168
3804.28913620845,-738.742340485391,3.61505341435982
2465.6743168115,-2014.97091963718,3.43934490930554
3727.64443086437,-612.224981256273,3.68690904878669
1811.57076537383,-517.189097389396,3.42552011967528
3095.27823761012,-1455.20782648201,3.36820047503965
153.009196193827,-168.684489470586,3.44314698565797
2790.59584654484,-827.657357104903,3.49294429136271
3087.76918306699,-34.9910478090585,3.57247291591396
2063.21852039214,-680.638223459423,3.57182660925419
666.523555983406,-1452.589323764,3.55111447385051
2824.90066074366,-1099.31427456755,3.5555292964425
2350.24273993036,-119.80412752234,3.29264779476317
3630.71227460655,-2194.54845335545,3.64137258190869
3298.41419583951,-2134.05724218898,3.37833599713672
3179.22552440005,-99.7906741715794,3.49618419024302
2382.41449138218,-159.676719079388,3.63150091651839
2286.12628896127,-558.726440534997,3.55766412208498
273.556140494558,-8.52942941368369,3.59664812131167
2343.83749322982,-1413.85747705739,3.57888606429654
3283.22696809587,-1760.50314345252,3.67360040822745
2563.05513388257,-2024.94638533642,3.65492674083847
2313.02653643557,-1960.16327776278,3.45555931929996
1255.70165440184,-1727.4179172282,3.53076264782074
1837.60627095193,-1362.61157015574,3.63558637928351
3840.66653183364,-1668.76531063838,3.62822461660862
3475.40112154195,-1029.51807081545,3.47991860011034
1874.11545959267,-1379.71409370677,3.68078091635077
3352.38283435641,-2198.49669032767,3.53143277779754
314.071628377947,-1336.96510227948,3.75845782442727
1943.66103398348,-607.645774059731,3.88461187512356
1489.01718366965,-168.583803687878,3.45656496602569
2994.68297178082,-1443.43011190224,3.6549415596309
4041.80544303683,-2055.93131057103,3.58862583701912
1311.35940399715,-452.688566126945,3.7099324892951
1680.39351001844,-2161.49733322501,3.50928706698953
1533.47506385808,-2129.01431037401,3.62797543235267
191.732062476977,-886.625805381726,3.46450268999538
2474.54226870873,-2114.4202048068,3.41349360713179
1781.5707662479,-787.362977278984,3.53682170298832
1837.48018893989,-602.928733003632,3.57221454518298
520.855254741322,-1555.82541937397,3.69937185120129
2730.2562795406,-279.744890812472,3.48576401745119
2356.75001579008,-390.574705557515,3.65689504924592
1279.19961011406,-161.048451524443,3.74743230366583
2826.78647746236,-1198.34636560027,3.41887070265336
2134.45916413937,-1293.9110511862,3.83731322933207
563.474899585515,-1913.15785402599,3.58459947132653
2055.54047152581,-1825.10907276693,3.75490823003027
2836.24250186072,-1583.74593916064,3.68001479211554
2965.02759891707,-2081.91615558529,3.76854840125191
1187.77897368976,-6.78970907524822,3.62616772802719
2291.1420353537,-1086.4131251407,3.72084522872059
825.950559547422,-821.231814558968,3.7802009769845
2549.38151857917,-2155.6340721344,3.56018286866876
61.4135061976355,-1508.40540105183,3.54189015385221
3896.56136025921,-463.096111089273,3.76478207213643
2836.23748199762,-711.130486891172,3.78551789944353
3726.55573600392,-683.528481916705,3.64533543492848
1214.94141769016,-196.112802921125,3.69071623154483
100.149686619243,-1322.98058334584,3.75937659524105
996.826127196935,-1160.42893134959,3.68206431736867
2380.9971558336,-1354.53044975097,3.73771171593978
3255.45317132749,-1133.16008023327,3.81721083885545
3000.58373782206,-1673.61555805848,3.89553098361314
2280.67505857837,-299.106051720034,3.83505211970067
1003.28552455587,-899.622263908751,3.7439346916399
1511.54724518359,-1731.66680370387,3.78806728298173
3129.37241495915,-1991.55460903554,3.86590733797638
3730.66358261603,-298.24753079553,3.88694362419816
322.348096516183,-1730.51459682165,3.84665266185455
1867.9092311094,-1998.71332164319,3.91460791623751
547.409753700123,-847.109359505502,3.93654557272395
376.120651128885,-4.12345606656341,4.24849710836393
569.548508403776,-164.480498335697,3.82282934198379
3063.39717505143,-757.7018642597,3.74534050333069
2701.89004157295,-2037.50543034892,3.93960583873808
164.049881288102,-300.890182965079,3.8301010929586
1360.86294074325,-1042.0951393864,3.82038909035402
1599.87711808312,-1325.58615526907,3.89306866411845
352.237700962716,-761.829011183945,3.80422348654668
3753.85554255438,-1025.79135457775,3.92599505261736
2871.39495906295,-10.5155171481381,3.90689970229967
516.390693308569,-122.486969816458,3.8677671118047
2422.3719818073,-1002.10419072506,3.79057841331933
3341.48018944366,-1360.19129508709,3.86522703389011
2807.47504172619,-384.084370434365,3.91431568497841
256.512160350846,-693.902197620275,3.96003622922722
3779.91506363916,-1519.00395660546,3.78083030694746
2458.8750430348,-311.57314057266,3.92691716265743
1092.89352704762,-231.548806671034,3.90876096170099
3019.06340429674,-292.239987102721,4.08674825696951
1951.53209565031,-218.543794047456,4.10599570867948
854.974018892831,-548.525717166423,4.00741840307913
964.009156743266,-265.358990655594,4.03244670193188
97.6140502530308,-1098.34375858734,3.91093260466573
747.802724868063,-1135.47679404036,4.02224377720831
3279.08313885583,-191.160333870639,4.05690357412009
2988.73691990202,-22.5330144776331,4.06450948902064
98.7448109311093,-317.464335993825,4.15559923741347
1144.60156338913,-2214.64434123803,3.91201382754292
3263.06064875891,-885.430939895012,3.96340833285819
2595.11094079193,-435.677442585327,4.06698049099417
4003.57904087497,-1311.06900138575,4.0347447569425
992.465179969508,-1886.02778493378,3.989207787044
2236.51435793578,-1980.42424366699,3.97079808895693
3308.9830498303,-1907.03999801493,4.034549626427
1758.51910980853,-862.880960910957,4.11793280710587
2942.23017230911,-975.413230766313,4.02596975330287
1570.4121226466,-1077.59203837287,4.22003723663198
3319.66118033912,-250.43319157492,4.06432669365941
285.858401062455,-543.273525661631,4.25822996157372
3085.55413544585,-1948.90049184393,4.08637028399595
198.391201489274,-397.895053146902,4.25963197947547
829.515277155257,-1348.87884898392,4.25726214681416
3765.69112815573,-1434.02239157313,4.20319230746674
1251.93176406581,-1524.85885823511,4.26860062447466
2728.84991086512,-1966.22693652822,4.18817291686204
2443.27531894097,-234.562828967167,4.09122322950819
3455.23473777267,-27.2388601071806,4.16733075687036
1236.45290029277,-803.300734283266,4.19940230596224
2587.8434045394,-735.192879377251,4.27271441419045
409.224840573972,-99.6079026494427,4.3204628865216
2344.44575762235,-1816.12815822382,4.27861515526935
137.156935172208,-1176.92350446832,4.37215911998078
2539.73956960933,-1933.77085852873,4.44056152616364
459.714081547935,-889.043875832843,4.22393500013435
2105.9180265573,-29.8686522787392,4.37605367382232
1264.23019478019,-2157.49734865866,4.23071965131571
3046.32630209513,-827.231573402001,4.32781512285195
2286.25420471291,-348.823528814112,4.48231609406128
1823.29974260027,-2153.05358799859,4.18806628958684
3444.52344306915,-1657.90650066701,4.49245232961658
2487.39721761436,-1319.05172285882,4.52735512924366
2339.88782861129,-670.311362628294,4.44537688042021
3341.49399905152,-678.088156903626,4.4835208003747
197.66345819996,-1261.68410518056,4.30653163598373
1725.1340047656,-1368.19516217757,4.54617609326621
3956.72566593053,-1396.3561895904,4.37373404516642
861.17670409213,-1087.92230420707,4.25456606387416
3042.77006760964,-2084.18561344069,4.48031263793531
2056.50582319586,-1398.75597578906,4.29302060495313
2924.78972484119,-2036.14220717134,4.53763089799427
3133.43463728232,-1082.87115694114,4.74738924252502
529.774988555084,-537.614211446992,4.97774351984955
2571.61348452242,-1610.92124991046,4.68623442547879
2981.89250807941,-2160.38829917383,4.5739158272635
2903.08599140874,-433.965624634542,4.89645165708487
3617.32304046036,-285.320435462264,4.72894016412851
1123.70244487608,-1430.68056709801,4.83031857990847
1549.86390253865,-672.96586541375,4.55333784976473
532.022725915089,-1204.22349344271,4.90479344815136
446.7924960857,-1288.38953570146,4.62932120170265
2171.1813964404,-1868.70634405423,4.89892047830475
2663.32015396494,-2104.5082820073,4.64549820308557
1362.46075172359,-640.683516312237,4.93109234580011
511.825661305361,-2074.08991366366,4.73937163098212
2970.45008988018,-1946.21542730692,5.14032378625901
1932.29182162864,-2185.99886392235,4.87455367068395
1123.0830235049,-1980.54367511373,5.15490579347591
3215.44277004604,-1254.31337323176,4.75127470429087
1686.16170202204,-486.862195716633,5.06865226039011
190.607199638519,-670.602086097745,5.15062909608761
2995.29151025506,-1189.36417665259,5.19567322869113
2897.62991836188,-226.029986787779,5.04941413185324
3450.43838206085,-1344.25765716751,5.47219214146827
3305.30900983878,-468.480006123419,5.46778719496172
1544.10687254043,-999.950268879821,4.95108902087278
756.009592608848,-324.570462928556,5.3778678710954
702.768952480928,-1663.01599187254,5.44087894092879
1409.45459254855,-1176.85278454295,5.47688969277107
593.367639413745,-1018.09188406692,5.71253982331451
3650.7015784746,-2101.88600923822,5.81720641411738
2618.78568856142,-1082.33376956371,6.12868844745959
3385.58875889657,-217.596756236207,3.0832870106081
3212.36606310283,-113.968909472461,3.04145835770334
2713.65866228001,-652.908318159756,2.94613310579223
503.923048780172,-1901.0168027125,2.8534877045926
2087.9909310002,-2161.58457923909,2.97242301402315
3550.84585281681,-88.0016896404909,2.72209093052564
442.973891193132,-744.791671837701,2.78618873747796
1660.05692927961,-446.21841443813,2.91201804660615
2352.57105356958,-2054.55761722002,2.88474644028514
2983.68816271756,-2034.49849561417,2.94424189993885
2671.84986684958,-923.541327046679,2.95778055535989
383.837936960972,-483.24324172674,2.98482297459149
2641.43937819172,-328.971299717138,3.03087067143963
1809.54487993227,-732.115212404811,3.04416228083448
1586.63677998579,-2062.18433341974,2.83053587320903
2640.22396922946,-359.654336919197,3.17719467836477
181.526346905047,-621.50174849875,2.97328769044374
1725.36911510148,-970.809565450237,3.00291820781813
3085.99856631386,-1082.96269977842,3.19929949264495
2459.7149299701,-154.217036131306,2.78346371591378
2177.34472558507,-1320.81480801217,2.97845882647901
3675.14802773413,-126.3351840558,2.73885914600264
2217.06691975503,-53.6696534948703,3.04821158605415
1706.14548643981,-843.269333357696,2.69368362974899
561.446526520541,-1495.61893327268,2.8345883181412
622.921134738461,-1416.73312070213,3.00977119193995
2684.70807949999,-32.4677532879389,2.89733296793644
3181.47027969743,-1604.23135153008,2.79792147379671
1216.84631187519,-1932.43329599186,2.9738676591988
3751.00236743271,-1729.25934496251,2.98286427412633
505.321741949834,-2152.48726973832,2.89272635685461
1432.73934636769,-1777.13527398272,2.51384743039383
912.506406306575,-195.35320716635,2.924246209067
1129.35650713651,-292.794418721704,3.20958159279963
2267.87357680421,-495.436837330072,2.81759427446466
3262.83657679511,-363.289054070249,2.96597771464171
2379.82723570124,-303.005696747165,3.35381718961405
1498.45082629431,-1003.63617832112,2.99052322697573
580.374515319789,-212.285849808449,3.1269008377187
1616.96635323947,-1083.13479285321,2.99873562771013
1527.65246516388,-504.794341283074,3.06335924890424
407.047345103286,-1036.22746486602,3.02297301064152
857.046158863293,-423.248160034174,3.08436804497944
1799.94500209381,-200.257391090992,3.24652916351675
1426.71656684945,-81.9173024396974,2.81581962174907
1600.75034959486,-596.702722387629,3.02701572058235
3889.595658103,-1304.9706719255,3.18026884791258
3433.90795846495,-251.629541017588,2.88544349724296
947.695249708667,-439.153543184999,2.74493885138327
3433.8752806305,-292.705234313255,3.22163627113708
2410.51555077964,-690.417478855244,2.74240350738923
2880.36339002144,-470.055911934984,3.00144608471187
815.49487155224,-576.218299084439,2.96792547743218
589.017132887848,-1507.56792658817,3.10969938668916
1461.98825927418,-1715.93369571682,2.96449098251465
3426.11285593906,-822.403629876213,3.18224154645006
1123.56773166057,-963.309076134835,2.91696350598581
4020.24605405996,-64.6173834117897,3.05752836167627
2314.24451613334,-991.02045054,2.97518108921199
3539.88505005255,-364.531842982302,3.46844389998231
1392.94686669343,-96.0918319584865,2.81829043495008
3395.5080787887,-1964.15545477502,3.09868860908382
910.597219305298,-1529.07049035974,2.92873381275067
2017.082931972,-463.515573360959,2.89218346518264
3178.96486365419,-292.217995833608,3.01711657644563
3510.24908486515,-526.541161913191,3.41091690044464
245.397024930846,-108.29361577967,2.85270126534243
1033.62826517073,-128.646341696554,2.84851037403853
348.50853306411,-526.181792229637,2.91621700916022
3091.58372107327,-1799.44023899132,2.9723287245451
3905.76954897787,-10.3899359108688,3.05466474051642
826.745410546195,-376.311544955904,3.1571102451906
3141.43207117888,-509.176594002802,2.9497079965719
3725.04011039724,-332.127556151876,2.94399884760961
1321.86990066555,-384.096518415702,3.30120146836055
431.602439778085,-1872.96127253838,3.07742470818574
2279.3027157806,-710.929974461182,3.05698763700205
3998.46527573465,-98.7604839388789,2.92110365380187
2078.86493881481,-356.789461158735,3.20821772216645
2122.27272487652,-276.435066091928,3.00459711822571
3532.21106239259,-880.775242524311,3.00393900460818
685.298567889666,-80.41520374494,2.89981750490285
1147.73009214899,-1449.17140650357,2.86382080628765
2798.93679755859,-572.488464486625,3.32626662310663
3611.08960401423,-622.122210728628,2.85497104642249
1634.26899523309,-2134.76674907911,2.97005272853892
3167.61749210293,-299.85081896207,3.11995698968372
669.170469384526,-448.568256429032,2.89937585982626
3360.17707161449,-534.615323204105,3.25586796151374
2159.78855027193,-564.756353220628,2.86849617078058
3044.9130403144,-1641.31872344384,3.06399140742304
2036.33294225776,-74.9297932885927,2.91091208900198
1280.87425903826,-2107.74333903761,2.81381369511401
2765.24858264948,-1939.93047953835,3.02198557054051
2743.48081720842,-1839.01780508379,2.97349948368334
3569.25705388621,-1891.02278029876,3.09591910212696
4065.38375038689,-396.948518669145,2.99361317738894
2594.51804360324,-29.2234938530778,3.18499145389757
490.078380256537,-1472.39731369723,2.98118132557499
2449.11937569028,-201.119738155941,3.06007255411001
1121.94169389238,-214.370719775988,2.99934076070349
2198.76062722402,-1648.35114927731,3.03331648514934
2036.59808099603,-275.864635610354,3.0834221589552
3124.51131686384,-443.206705922471,2.93462323215579
1921.49675392703,-414.754790353093,2.73769428712832
1451.13165324942,-113.539716653028,3.31222988550838
1311.62652526984,-1414.06590810918,2.92856507388392
3215.6595325019,-410.962756080087,3.16178440398297
2015.23187996484,-1696.76502164655,2.94536829163484
2334.5190700368,-2216.58644045516,2.91102117996362
3111.06109223354,-2201.70154964664,2.93756842518836
726.730686632933,-1024.40396723092,2.92307697703302
2975.92165869063,-331.460688693873,3.16108226683117
3528.94633581528,-1669.82363127931,3.05388305896123
979.488219973432,-45.0019730841247,3.1044309954463
348.141667494117,-1455.28024077945,3.10422273832814
1495.26986311735,-1216.75595972964,3.07042075016874
3353.56950071742,-1884.66775730959,3.00214398335899
1128.24328793611,-60.3393551791973,3.04199356802628
1206.14248748338,-1081.52148764257,2.94945615415316
171.305569922011,-243.977294175427,3.30720778003586
1337.58460722305,-1654.08867965379,3.09136823936113
400.747805366385,-63.6813960391058,3.02086853819967
1542.62532265137,-239.179122184315,2.78811794460265
1202.69315034434,-99.4848561941193,3.17601098320975
2393.97813636056,-562.412071746063,3.04434158925411
837.805773768238,-187.229419424028,3.13975230142288
2487.55641799981,-362.665865148341,2.8519799362852
1575.45816649668,-200.487256936412,3.19893242095803
244.834424394778,-1727.06088158176,2.75774036833235
2026.5194621756,-2207.77888245378,2.98346461163884
578.661983209664,-947.239614885479,2.98670819296731
189.597744609482,-1645.79808267954,2.84080731235453
1306.83582822972,-2126.21971197564,3.3472817661563
1158.25416684778,-170.217606760638,3.01051600440737
1783.73889441191,-1922.17217483801,3.15189257415937
3266.62205132233,-473.684577830848,3.19286359089269
976.42131910504,-1544.72374745283,2.86600935409899
694.43585569045,-823.179813102712,3.01513706972133
1521.7826533743,-409.035799956214,3.00294378262495
2997.40042591507,-1743.49730284733,3.01198458625503
351.929784837463,-262.878816687528,2.92597545469769
2273.05713796038,-184.120139807565,3.17811359121555
2995.48159465296,-79.5741820187519,2.79025930472114
1412.70449045112,-220.148836682325,2.91429879155325
3434.29830301916,-850.426005399781,3.12481335926077
1179.9944058248,-506.065746215908,2.78165813437342
306.948304627771,-25.0104553108111,2.91429690993664
1062.42758875959,-55.1265366951504,2.88454049701552
3302.72839767296,-467.895053462022,3.38953185899577
1859.23292615803,-16.4517869488061,3.11467754830538
3333.78625829086,-641.486727065889,2.9718828890984
336.527763933245,-1590.88747268435,3.06354194715083
2421.32546500425,-55.9514146259467,3.3940909993087
1120.55622642561,-2185.40704299733,2.82967217227984
1218.19787733061,-433.985366961846,2.86800428836171
3119.48990734296,-1708.48647683396,3.10008353039604
3337.22175113373,-879.637822847158,2.94604640725907
3097.82388178605,-2108.53050467391,3.06252248505762
954.927255249139,-2123.52476330241,2.98400583963161
3500.52624032964,-908.062055147464,2.88948913002581
548.16822155994,-2125.33096913538,3.00793551694714
2508.27262613197,-439.716458498605,2.92667849867361
3893.74972821119,-377.482629065119,3.20194741667802
1431.87688301499,-1929.71114727011,2.98653912878268
3447.64561073146,-468.522219913504,3.12728022107687
3685.10057236318,-495.807035115113,3.07959852149313
3711.17716986258,-2011.12804397122,3.11596465911186
2963.68137402699,-1379.47800378833,2.98422634294896
1092.23288612914,-110.211126260257,2.90662268523099
2496.05749585172,-1929.74062621078,2.89481382237621
899.454593594228,-99.9823788618088,2.7291603198786
532.970441461896,-139.653130553874,3.06743932667047
2843.41665049693,-545.589559442566,3.08649096840177
2087.68712354542,-1956.31917609784,2.84286639435791
2604.74423570856,-1948.45318132826,3.07451845806037
161.988115465996,-1528.76977394543,2.98830961691911
626.712663103479,-1398.41191094274,3.14829064069414
364.189137698534,-125.184617328766,2.9412720666232
291.915246855257,-711.788183428133,2.96213467670719
1253.52305752147,-1498.051385405,3.10274751862476
3043.95176428108,-1953.97312174573,3.04735072345375
1671.46223200754,-143.459340022192,3.2986500064579
1655.59387778735,-62.5264255108987,2.92976806341737
1108.36952921519,-1595.52953313989,2.91634457636116
876.789111171665,-106.356422025725,2.51342212662672
236.798258525233,-1792.02763458779,3.14902218648044
83.0552917338485,-57.8543724767281,2.65065780850057
3671.72641418072,-1438.24216568735,3.04993783368231
540.520021509781,-376.016533150522,3.042128228818
2954.16468379387,-104.650139446648,2.97700701416077
611.949777347814,-428.224889982522,2.91645785084152
2825.40249282163,-7.96129629874961,2.96192432769026
1277.39227683122,-1944.45532042097,3.03353715136829
3871.25164593299,-287.745716965233,2.95898712534508
2159.98373711429,-1581.06287764933,2.97365629555725
70.0434324105617,-2098.39589857145,3.32209223126194
859.519757221256,-1522.22766979005,3.15178629551898
908.96040408703,-82.1498499463869,2.79849776389843
3179.09385649894,-458.913496014009,2.98591104450766
1698.65037963886,-101.151560801971,2.93867588551301
104.725607082971,-368.449735021213,2.98700769245205
1782.95149080564,-1134.1014748775,2.94534064291253
1976.87986355299,-448.03086824519,3.10518618966747
3273.51463442885,-376.545110235127,2.922720534202
1309.42880740923,-220.621955457549,3.25660041874746
735.021750186688,-1190.49599904556,2.96748426340552
1275.64126354193,-98.5019788493627,3.07047344855877
3287.45824646766,-865.193455645235,2.86522732163117
1219.74907386289,-1552.62495463996,2.89713043955946
362.704339002403,-884.30375803522,2.95891974595419
663.198947370174,-897.498086362013,2.8871151242836
583.656464075947,-1600.18436192278,2.97603366982784
3712.25702013356,-1672.6706456365,2.91214006725315
2419.16478852701,-232.423812120543,3.12550559902873
2805.756925759,-1960.52745649776,3.11635182690701
1715.94085619342,-1917.54219522917,3.04983138001622
2318.62119871693,-155.62337728195,2.95903001224767
1272.80521523044,-202.02489538839,2.99467973633821
2180.25150669763,-220.907698167336,3.06355086279222
1760.77180917759,-728.492525928982,3.18645280378155
3182.00860356744,-664.352898761232,3.04633723795225
1929.10612757432,-104.877201060957,3.0803076920673
3713.45909344558,-256.447461244964,2.96124986828136
3755.59492136,-163.075644101914,2.97296817977774
1581.02525352602,-257.366135700834,3.0607823518121
1029.32346640521,-1623.26429102618,3.08995180793808
1051.67454268688,-1576.06682108231,3.07971413307908
3692.29599906552,-23.2539353676983,3.19648983095077
2760.02021193494,-39.0487964554841,2.92494307620363
1387.52675949295,-143.362731924537,3.0142831150267
3105.28829416129,-1975.05308428222,3.05688409886279
1007.55798805708,-1023.46090036646,3.20646208561018
1929.41439217079,-471.794944705891,2.94673021720529
3342.917578598,-1787.55817968219,3.14717084703716
403.718224042802,-232.089983400368,3.4790602374379
2241.75088325807,-1762.57895734805,3.13501395566545
2553.25542684631,-2138.28415197664,3.16630754500449
1416.53297089277,-1969.47217322157,3.02886151067649
511.621908457441,-1751.20443716674,3.17902097387082
352.451975246223,-274.957215829644,2.88213561712546
1798.47081177703,-1653.90136270598,3.25882235700595
1898.98594042729,-2178.42613495134,3.22694011397532
512.934204455341,-503.523881513857,3.20614147161815
654.972549116977,-429.796140623323,3.07036590700226
866.702479375384,-419.14976046737,3.13307126275777
1055.62272245949,-348.033811726654,3.24566163457808
1360.72895882372,-149.07931220158,3.18387099312062
2021.70079864393,-520.084853360433,3.20461610491522
475.000483106235,-144.020760944583,3.12445358568762
996.94611444545,-249.404887698374,3.16610879918585
1825.86906967218,-138.4899345609,3.23802666014277
1633.49637978362,-299.452837909009,3.0524556663938
1977.19837413101,-1407.47481724646,3.40942904162226
2610.20066002453,-315.740357558181,3.19837103338429
1638.5590712705,-1018.45203706473,3.08065256408802
3608.88981147227,-745.612864283824,3.26653536920359
3980.85545974494,-539.386677666749,3.06668044739296
3327.6205604614,-1711.4156810662,3.33086938676228
1315.26079840286,-1602.2285021464,3.14748240755717
1944.93529694173,-1492.72837542497,3.52261031371368
3623.95461995068,-933.988012275863,3.47618887298989
1989.10155743694,-554.045370569094,3.31787683306219
3559.8818028111,-1628.44768524374,3.41787445598301
2996.10058319165,-1636.11632467997,3.14339573396371
1181.43787592227,-1909.06737523546,3.25785348082384
2894.78694191873,-1355.5863061784,3.19273239051576
2601.23005008589,-161.263936027903,3.32217088391966
629.102192398094,-282.883100452942,3.4302167555362
2405.84988273378,-2210.01989036475,3.36387224396191
3690.17475791429,-524.082494688468,3.42347125290857
1939.82826988508,-762.586424516453,3.57654671404612
1943.50541373595,-608.602848684891,3.44645918130071
681.778499498175,-1880.2548696314,3.24483616395637
1834.22391529823,-273.279783784801,3.31230399137189
1692.49634129551,-186.624390122109,3.21874912967508
2791.97273464238,-1378.38262251384,3.52984217625923
2414.29496319679,-2197.51521672865,3.34124492072262
3347.39971317551,-1736.92645601518,3.50065810667019
2526.58963495876,-769.352790910515,3.29596031631809
2818.67552410404,-161.471884691911,3.3013383913193
1887.00196965909,-547.379176154765,3.38978441451331
813.463938422477,-328.176467659022,3.39577656467583
2320.88484176376,-1501.51133294966,3.51369863943541
1514.14621175612,-343.643632808947,3.45814803910721
1447.65912930412,-370.665986220075,3.83890350485603
2568.53147393865,-175.908784354204,3.41505725748295
2965.56304502557,-1474.76078965649,3.55325427752206
1481.83495704379,-313.588286688006,3.58397872567181
1453.23062149289,-263.505931985963,3.63316009411626
304.915473872035,-2204.4313511668,3.74563645338602
2474.55296016795,-2115.09050413598,3.75978691853753
1319.20750227379,-1511.5853079533,3.88468595985558
519.90035169173,-299.109103861015,3.79723540372418
1916.5044264338,-177.122671877028,3.65633489794131
1395.07714613635,-343.417406155809,3.8631620679549
1595.75161698687,-1696.68532511892,3.75167717837388
2033.65783937074,-211.60718117409,3.4616487878138
3009.08383305355,-1826.49721109165,3.90056426909792
446.210671681235,-348.2076398741,3.78642456054892
1942.96544169755,-493.591503501907,3.92597526704678
1310.92751213309,-184.647950837749,3.81639384742956
1089.8359981446,-2122.11805065504,3.88589943562805
3437.20362496139,-1830.20757291907,4.00520492527978
1163.82871793662,-1512.03607768503,4.12607514227657
361.880785539555,-212.138710258254,3.79278293051452
1537.02518532531,-56.0840417468595,3.78068797732453
436.392589281031,-156.83789172076,3.87508164081215
1034.49181350511,-67.3251092573235,3.72605298369818
1537.78779541457,-1688.38005547383,3.94134390572464
647.114670272211,-178.853191121003,3.94890377082268
2322.72457518493,-519.600961548891,3.92873912731618
954.431651085381,-23.5438208499228,3.81719560144125
2388.42431103375,-1626.35461254236,4.12486413221512
982.751351669181,-60.1774454107629,4.00640210088215
372.482091828787,5.91705550017182,3.59737930860142
3437.67124102726,-1588.10550754347,4.30070893471822
1145.45080159358,-2214.71651916311,3.80851219962552
3885.76909321174,-211.14146027306,3.97854901859502
2755.35760399762,-415.687950084604,4.09691475741684
1873.81640103116,-1635.00304355907,4.09515730242591
621.510739542221,-597.0441894912,4.12455013606332
1311.36662253506,-123.50008354359,4.05409169806267
2965.78751432133,-1940.07505249173,4.22729812028328
3508.15165674295,-478.478356345991,4.30312440905947
203.057077895128,-400.581990819897,4.18651363967155
1443.58559608063,-1446.92064530225,4.33427295110246
2755.68495134046,-264.181149831805,4.18184432125113
3974.05720651244,-425.28256954731,4.30201945230022
293.679874056943,-1853.69412849704,4.18745843098209
2236.08547338181,-530.847197465118,4.53245025419318
550.505563970697,-1207.88414031845,4.43503806615301
2289.55009796613,-436.775359083901,4.40752326578822
2598.32934746942,-578.318385351751,4.49974137423953
1100.60952804195,-711.732093203475,4.35299579009648
854.68490153907,-1096.65747709573,4.71203439578168
3418.5587514433,-564.87075893748,5.00307360052013
1529.30575626151,-1005.77145904695,5.02241690200771
1516.26474288906,-516.472845506611,4.93523521580085
3312.41720663485,-464.523552797535,5.07822718193089
3663.76145510818,-1608.18999983032,5.30445247101049
1708.6824697266,-72.7229989595169,5.42157572627878
2861.89372948412,-454.17076450949,5.39225752859097
3226.0758538554,-279.829434626758,5.42733292070725
3656.7657140035,-2115.02868271133,4.973350042527
1838.92999427907,-1252.01316094902,2.98117562318223
3084.28206982675,-1047.69439870271,2.52150543556798
1821.73324634253,-138.132206606001,3.16223175724451
2804.94894056668,-1260.44256876286,3.16045848643312
486.321590146784,-1788.91160757954,3.16987558899257
1680.01844618436,-491.278809928195,2.97539902906449
3035.47511590496,-191.020815806083,3.08431314952878
699.455215782791,-1700.83071791893,3.23912733242752
3308.69909496663,-2166.37880891766,3.18930283726976
1314.24380172973,-638.793289286814,3.11721932241371
3351.12110471178,-729.276631864297,3.4715671016385
3304.38816614965,-920.767896030789,3.4872621281305
4007.93432167359,-75.0494135370176,3.18715654607555
3366.75853074121,-701.540018308252,3.31990338875937
2585.0617771589,-1677.14912594191,3.30943147087148
519.676752862699,-125.463923307452,3.71067298739435
744.217864712748,-330.529196905471,3.40011628789471
694.437501167402,-2061.63808821318,3.74676816855703
2306.87766585686,-1552.74258119583,3.67898022920933
1637.50765311641,-2101.78102084403,3.68343487242058
1498.91296181721,-1521.31779359019,3.71100743533946
781.457606833966,-1939.87139088953,3.95677521761012
1671.15282019213,-731.715422386412,3.7421686655477
1684.36947141112,-2028.7844731136,3.88856197657219
1724.64119522802,-515.471804193284,3.41932891804725
1260.85983887058,-1418.8343836416,3.79434907655744
1687.94902111214,-1189.07454847248,4.02946568284003
517.174296223232,-2192.1702607626,3.89672482644914
3779.21838369119,-901.320896896495,4.05854620774965
3918.32029630445,-1173.48472514547,3.89909634900712
1641.53888298859,-2081.04010188961,4.35218369637413
2478.74820737611,-2129.61906182457,3.93210336656884
1133.93518427297,-2152.4142989349,4.01114257141632
2287.83862964935,-2207.12316373725,4.14422322561294
2746.65375725478,-2080.98572308181,4.2651141229822
3824.34557532063,-1062.90239645697,4.37497660814959
3706.55283287683,-1548.47707589759,4.83805241940568
2603.84766712157,-1736.06711950207,4.51025899813648
3905.81927736346,-1029.87781886394,4.40902361393961
1877.14999609195,-897.247618100257,4.48493706407871
404.849679009859,-99.9733032567786,4.57352630695734
3930.3399862993,-296.187538602487,4.52646462452064
114.970337662235,-531.452718497398,4.51668330603679
2993.58829162645,-1957.98988827998,4.84835993100438
2105.1789690638,-1034.808276712,4.85661601645731
2294.25699501275,-1708.08211257033,4.83947840425366
2054.36093963692,-900.578573220781,4.94277495843148
1694.70479669664,-71.8073072761012,5.15837267721541
2321.8416746909,-874.490081524357,5.31500691675666
3467.46543690514,-1335.60368912797,5.15917469264265
246.679752442809,-210.481304166666,3.30234583943976
3666.64410663711,-1525.97027425216,3.08014506353661
3044.15059787862,-1461.1133936239,2.78642879884803
3119.84206178331,-1356.54224536636,2.90553321470391
3949.17260429855,-1350.22468660281,3.29400396122424
3960.28848447782,-1445.90669807249,3.12200099556759
2909.60670332091,-915.101307101176,2.52292224290997
3692.60545660496,-55.9766477771148,2.65976879786621
2144.73785514427,-398.007647850326,3.03717046338692
1597.09974035361,-959.707244679442,2.86389005513408
1551.148778793,-1483.53601540933,2.93865501554912
214.612635299218,-1949.68818437534,2.92281502645959
3306.11948382111,-372.242610170387,2.84483900274773
3770.10899221944,-160.82362288531,3.36322880477409
616.971743610689,-1199.53898630065,2.77764420439064
2375.31380696938,-1161.82789281106,2.80030956639858
2641.4676185064,-1522.47540981628,2.65987613313966
3335.91377966414,-97.7895759942147,3.1659182755388
1593.38608993818,-1594.77446085306,2.87138159836495
3026.71648747922,-1267.42515395165,2.95855474819147
2027.87562186912,-1142.53644173088,3.02174431861075
3484.30316614034,-2171.06420386024,2.95419150285331
1698.63331689226,-1424.93977207287,2.93614206764373
1201.76270168564,-2124.34258785583,2.81181997306083
946.940820206535,-2097.99717639308,2.97613516821185
2523.66680669622,-873.178328205504,3.40521695026971
2930.53866879257,-317.387927503781,2.89360225339734
3879.40954087184,-1114.72750978747,2.87752131493183
3953.7695430917,-2097.8758686734,3.10424278959682
1487.88751264305,-809.97723731416,3.14095833708134
3512.41467874744,-1947.49727206079,3.28892069667324
1030.33348986235,-675.326701590283,2.9453896078281
2624.36016377122,-2215.59270110454,3.40110829197454
3830.92949715374,-165.591455980652,2.85414321125179
1224.54345465947,-1609.86320748378,2.9272468862718
1761.97002189774,-1980.29984389858,2.96375079901914
143.590461271961,-104.667911454526,3.26119093828567
2944.57907990857,-46.2382827043342,2.78953538836573
833.110174619028,-802.620792156285,3.05434259909781
1172.12456091774,-1806.39219337517,2.85605377189796
895.013527036176,-705.814581755513,3.02004456879643
1659.61664856407,-1989.79521026872,2.96145068799823
1295.18187938176,-2033.39531418852,3.15772759562764
622.223942660105,-1786.91371074273,2.91458208250311
1822.50826909364,-1047.77742297762,2.74599041573169
1621.78284025932,-1748.4803691967,2.90822156045033
1169.64984650394,-311.355994730361,2.89704544893602
1123.28424894957,-1707.79562731641,3.1051401827776
1150.17480641964,-1621.47388212813,3.13770311954186
1484.45950265848,-496.301163865802,2.88920594895027
178.458476706028,-2134.40672103474,3.16368436432265
2800.16846378626,-40.319827044687,3.2625958583186
3144.16392581427,-1777.32090599611,3.0079302201949
3113.04341633591,-1873.73945648829,2.94267117829852
3426.70475548418,-314.704649654453,3.16691131372017
3898.51203954289,-1792.6470354074,3.1177581053878
1166.81691132954,-72.3299787981968,3.68907432683296
2415.89747272822,-1535.9101861764,3.26645217840509
2933.39208512253,-1647.9101987206,2.94954096345903
3834.22883696277,-1375.41685122425,3.17780925028368
2266.98352958922,-1393.21620114574,3.18808976049144
635.323770260506,-1934.27541500143,2.97300343130211
2090.76759520134,-637.467057270057,3.11477838938831
3316.13217826678,-1189.00417251815,3.35302465562219
485.814995816377,-1041.94055338829,3.00608517278243
2861.60751839907,-253.402862560864,2.48491898595832
664.81605894808,-2202.64119639555,3.02041786790925
3311.41800245651,-1510.18846103221,3.11148415431815
1324.30122969805,-1453.08085842897,3.03315253750102
947.698658725345,-347.495780943432,2.85330158103466
441.757624356878,-359.288940175948,2.86201887802884
4013.90935730774,-892.240337886389,3.17829787865336
1153.27636271957,-1673.20693716838,3.2321061881303
978.94062852859,-489.406566148087,3.00279355747992
3020.42771490831,-494.001305366749,2.81531295413324
2932.59483555763,-1059.03915898543,3.10779981029718
3821.72087635268,-251.390905460994,2.66829324908402
2882.6960204364,-2059.2486111042,3.45413101770332
4056.60736202452,-54.3816461617275,2.939365576195
1870.98535669016,-342.864589096343,2.68608174659452
1913.8298331056,-1304.27989453987,3.13414385250543
1205.23384997546,-773.044029306066,3.13197749886899
3206.93394730868,-1894.4981152707,3.41319259772392
1405.67787026134,-2195.23514061961,2.88246458134778
1758.26636965132,-1037.54307700448,3.21504997144456
1806.15525909779,-1946.41962910378,3.04578314228335
221.583891815629,-877.200562536157,2.66716909730743
1827.79129756534,-649.878402768215,3.0347275134174
779.338362364458,-589.658752080203,2.7974991490791
3474.00002286141,-1250.69106221771,3.34221139432804
3613.77435324582,-1250.00958015155,3.17177828481616
1800.26997393841,-1377.41844308721,2.88166265704185
1032.75877231109,-1900.51063125583,3.0419258898822
857.819809159903,-837.863399769629,3.01870902189127
692.793171491495,-404.245927158085,3.12707597186289
662.289450991638,-1482.28904722265,3.15534615483073
2348.2016450926,-1959.9451128371,2.94551743036295
3998.93879904706,-722.968126501217,3.377918800534
2927.4946489729,-1939.07789473967,3.14110964929027
1238.77406923925,-1086.38832523444,2.73925437705544
593.184140196187,-1841.79556767836,3.15804665293934
441.99430716656,-1995.69956898827,3.21937843953876
3808.61821150397,-241.169650172099,3.26896023893316
1856.91021546691,-42.2252742444296,3.12944808701692
706.324269454105,-551.346050016272,2.83196946735477
908.087867233231,-754.846538271825,2.99376253449986
2231.16299189752,-553.888149179837,2.90593426968424
777.235925225822,-46.4337277744395,3.12369762653769
1387.01531989738,-139.566232897632,2.93365246320968
1842.35999102284,-59.0099253531867,3.34930057011921
1552.64160242042,-613.118707906235,3.10007886335193
2227.79971028735,-1234.25929609037,3.67365284819975
380.259789699746,-1067.79735261295,2.84701438036357
1563.34660498092,-1337.34341116575,2.91649839571397
1118.25734453015,-1812.51838772928,2.61720513554593
964.355491722506,-1210.02261428489,2.99967131384877
230.279598745196,-610.046232032972,3.02520264511735
1553.5502365046,-919.753002637094,3.34772415207311
2649.04862354178,-443.503637347824,3.04688796997782
1342.82847048504,-1608.27524529015,3.02558949462112
2506.64526656351,-1781.70446459134,3.25640871142154
3964.75513861973,-283.208349816627,2.58000252486293
756.348632473505,-976.870336902772,2.99135541007583
2107.99598007638,-810.358226231473,3.12455029287465
436.957967758091,-668.882611650269,3.12731908169165
1686.79625189336,-213.397839408722,3.03280209930136
1434.57477829231,-1872.35462574935,3.08950341851606
1383.50803003085,-1431.2474557328,3.10621502415024
2320.285715749,-1542.19810236637,3.06079360114427
3094.20805907089,-471.335848997207,3.29358460450534
2727.04471915939,-803.630650651961,3.31274721802421
2973.20260604758,-1406.9767161446,3.02081313410191
1470.91546395683,-1366.41309282445,2.88614298689783
1556.87350339288,-1222.22456941818,2.95356823835056
1756.29419658318,-56.3382302206043,3.34790366413831
4011.26912454864,-120.921088713336,3.19138872822914
3525.52743415355,-271.144073678528,2.97063965458273
3493.57900953519,-949.127815546229,3.19389314566379
1238.81452244666,-257.8158480056,3.23606246981709
2072.08859793489,-769.035942921343,3.09608050863468
1882.35551007383,-1046.21588895479,2.96517465020045
3246.64034290432,-1785.35345566448,2.94169687535949
228.740739651511,-823.049077491892,3.22504164623575
709.834316058277,-384.461584675342,3.20599348122916
3147.20596436657,-827.447033725211,2.94749608311107
3696.79813623069,-2081.25982258232,3.02376322320235
1029.22961743294,-2040.15255933071,3.03899475222797
3384.9340828465,-1101.98949137603,3.11431179524324
2227.41115714518,-983.66003014687,2.73874571043204
1397.92678961573,-2162.18241749703,3.13017817758038
541.928325914093,-1354.12945459041,3.08686716867692
3712.39096024636,-473.5663372834,3.11037568258083
1560.71685917748,-1281.12323996837,3.05903150696613
1882.76671819492,-1800.22675028634,2.78637201547153
1211.90174540065,-1324.7587943657,3.45064098773606
187.218772083955,-2114.45202469417,3.10601232308333
2918.49332675761,-1471.41032471362,3.10312874741353
2628.45674682483,-297.019192929615,2.95644619659482
2977.68329508166,-476.827182818408,3.13702786617857
392.263148651801,-1645.85493667806,3.40473889675629
748.626536515465,-1840.27816653799,3.0275929521438
2413.5056850271,-347.143009760696,3.00031744384962
3697.15668477183,-589.493845069666,3.13919531610174
508.436887327933,-1417.6105206976,3.05895927016994
1260.93110490247,-88.1849952519272,2.87973688759752
3090.20595682786,-1250.44724694622,3.04261400110621
4050.9986673693,-1373.30563901619,3.52989783024199
3171.97142881042,-1656.16345468772,3.24675202355675
3969.61608473368,-1127.77918167338,2.97530211495668
464.425545765254,-716.36935044112,3.0961743454254
214.203857424552,-19.2593454685797,2.90107828859866
2101.55395057265,-120.551271246115,3.27016330758868
3069.67278671592,-1766.40597016255,3.30190502756111
1319.55450000829,-1302.81339476313,2.61894019966095
3981.74278886529,-957.860857741606,3.1431425208523
1572.77413469428,-930.862989067424,3.08731331769548
2581.84985181563,-334.656330192333,3.42219979967189
3123.51336585478,-218.652686209967,3.35381621291141
1117.30481353569,-1575.6282219279,3.14360973110037
584.482957508255,-1731.75699007927,3.56451533478235
2788.92887747834,-1550.42803443558,3.36611991578723
3638.91652623371,-1968.50400979979,2.93989668365303
934.144136581281,-1773.63696191652,3.00195350177114
4003.24929169801,-268.781205446182,3.14118538201992
3934.22855535969,-1686.02984924814,2.9825397330448
357.466376674656,-1304.13540480594,3.18091889564262
3224.52250760956,-147.017393705859,3.12011923172588
3850.52538463215,-1604.11690407506,3.19182532365388
2066.78010038046,-583.458610480918,3.38278557044459
1083.03253902027,-817.198442408016,3.25774150674381
2160.33480043418,-1083.26128898629,3.01824956658942
1378.73293116278,-1229.20782613288,3.09582117977654
1402.44760435521,-490.871930603522,3.13296568126322
3139.99143696158,-1547.71510455204,3.09213856687771
811.979793151263,-2144.69529306186,2.83203937531653
2069.40515793872,-198.726164071787,3.19646641776122
1999.51804980568,-758.266834798601,3.05442347756667
3245.05347962882,-1875.91213067449,3.09544644659619
1386.45998898908,-732.3479263043,3.19699016668097
1311.4242520628,-1325.2514220173,3.25133669793117
1527.45235238923,-881.951010980392,3.11784450930532
1678.5391014107,-587.044880040446,3.07176780639629
2005.09183298759,-2125.74475689442,3.54737907980579
2935.17228633871,-515.494503580618,3.34695443772628
2847.33927536058,-1183.16119702886,3.75382451245618
2506.22247778157,-1551.81070343951,3.07374621546835
369.808338163342,-30.1951179450008,3.18270737472031
441.49708005912,-1102.98227552699,3.07575615985581
2324.50149314308,-821.721265093071,3.19695068457238
1628.4756858283,-788.580470492228,3.1408180410719
1465.26842810935,-696.692889156909,3.18165979873797
2950.96714804582,-486.525494541726,3.02094034554846
3349.39329182199,-1193.68495634865,3.63913746463193
1138.61286320248,-153.710534426633,2.98037032560953
1788.24657917888,-458.309115632204,3.0706531904767
2636.94399678205,-774.345896122459,3.31574290899585
1896.91380454599,-27.3988450761773,3.19452346699872
2244.77172747963,-1526.87711822373,3.07858808751197
3647.99135935684,-1869.45309610765,3.1258354021949
1015.88999168883,-2107.95627940632,3.39558993757042
942.328067953984,-1654.96869090427,3.47364643090394
83.9477596605187,-1369.24403633093,3.43334197643479
372.942424500836,-1525.0165444642,3.20725510136721
963.806133053194,-144.848298012398,3.42989632658796
1922.83878279723,-1138.94259214744,3.08535353648768
494.595582086721,-676.70862233498,3.37683743373729
2083.05817483722,-526.847119088884,3.07726237679754
1975.09143349822,-515.197464970121,3.24253335506521
3232.72146468331,-1370.94304244778,3.22362530826864
3607.78701018151,-393.53226426822,3.56850473900676
2018.97274254694,-1501.3917378637,3.46729040117845
900.754457092633,-231.452017918273,3.38363799840716
3243.31415838865,-1891.49236222205,3.21466045635775
2746.2556610531,-1740.31050177458,3.34751905653423
954.005081292054,-1904.23869405874,3.25167085976918
873.278734978602,-145.788584891669,3.29795078604003
2983.67583663066,-396.18533307094,3.2998280788155
3110.23006074261,-2154.03341160199,3.27431134008599
3442.37485074092,-1745.64806840258,3.38803931806266
945.819364783974,-1232.72681802558,3.37188210786114
1742.90443617254,-953.614458950286,3.68343700853236
990.70373735167,-1835.4673953152,3.28583471038089
654.722274920826,-399.384491280863,3.2548516605242
1375.16683394112,-1961.96846979469,3.26002446922455
2729.00473587713,-1566.55552766558,3.0340430657573
3619.49265030548,-1716.2448039071,3.46449181887458
1589.27929737716,-1146.89897178872,3.33107131295445
2699.42400888011,-485.137185902138,3.28372439517406
3891.8078492578,-518.167501289975,3.46307142279603
3469.24471493605,-1384.18176756627,3.10161772176157
456.603669750325,-268.58552893156,3.15261986482992
3058.89483520219,-55.2100726313926,3.58922553081071
2025.28445690025,-885.074626082771,3.69275557995943
1050.79045059081,-442.493629668344,3.18768718223708
2143.56239074512,-663.605381428611,3.47097749041035
1928.10469766521,-2150.35734438623,3.26192786214039
2696.66181628632,-271.650386625821,3.55768551188431
3202.93000930762,-1517.28423870812,2.91530706659796
645.252695724005,-1911.21471589475,3.27685468828546
1630.78591479982,-271.221298221246,3.11735422270072
3252.29142289614,-133.892036551253,3.40030721128072
3315.75692727822,-1612.10032710317,3.36338796349906
3839.18246526931,-1649.19488391459,3.27928459599784
3495.46138733913,-1830.03761091367,3.39939244261441
3749.31991312213,-1081.37115399524,3.24477281584533
2426.95413021224,-585.128381158181,3.33414397718755
2014.22318956274,-2041.34973747704,3.66066595342907
1122.27992644475,-549.643015895649,3.41136789729422
842.670233746633,-1021.90627873909,3.46294794862766
364.794966568392,-280.189182541969,3.4644493242953
1883.99349893934,-1249.30431460841,3.6861437217212
3942.92852919068,-999.810428498346,3.338029262867
2709.77508744538,-695.137848238093,3.40589067924596
1260.90775169325,-869.484871098207,3.32189620919358
2785.35050916282,-524.821828528458,3.5154440006734
3610.42655129338,-1771.9546387939,3.62305780057685
1935.73520168804,-1400.05924209063,3.68386883813127
1209.8756431268,-1171.56246506716,3.39614161035545
3652.07232985043,-1666.83268209194,3.47827800114126
309.478608789997,-1973.74688477981,3.51213231389144
3603.33171545031,-1415.58552008867,3.44604723106339
4049.20818923031,-1049.50337614536,3.54818484244004
2039.38136580365,-219.771929485982,3.4643950498012
3481.59590996165,-1460.03412908867,3.55565739084739
522.028481543089,-415.429808940604,3.58378858441209
2004.02692168472,-964.031444883966,3.51126048244467
3333.22962557964,-760.99997883321,3.62725117448459
233.735948476195,-535.531301581529,3.50167248719795
1440.71738084749,-1264.48302004023,3.4303729849752
2611.95028248963,-57.2469068629182,3.48887311252063
3125.23998709535,-1400.11453881939,3.25300818926445
2911.2785139294,-1780.91233886921,3.15386167401268
1064.55649739775,-1681.34979442782,3.48447468882028
3178.60430824893,-1385.79023465835,3.44967129658799
592.321832547313,-72.1296208030272,3.64158666321831
413.838979711844,-579.167029101997,3.61110752639418
1851.39927815432,-744.595821791481,3.63892141559663
3744.97691282275,-401.073822277695,3.39719545697881
3682.91983722257,-1320.17431115196,3.71324949970258
1387.54031572519,-1156.64112921009,3.41496117226052
323.815591322519,-642.539955464369,3.84504889656121
3858.14056164338,-1428.34821102408,3.1779427609661
3247.93435151027,-1964.10226838607,3.44610623765697
1400.42159155384,-176.659180697799,3.67795964534931
3622.33402262103,-930.533878148348,3.50208239869479
2284.22380457523,-733.677119948636,3.27305751028764
3707.29920209091,-1978.80936882389,3.69904919451975
3607.0968415036,-1188.94649309711,3.54731107528019
2179.11097912372,-588.061417045305,3.56163561286223
1007.29636199599,-2206.2227713507,3.4060055393017
2728.9688398098,-633.646029194344,3.57497933890543
2228.34042308716,-1807.20041865048,3.56489339267079
3044.67345601931,-268.178207827134,3.91839033124846
2952.91605508901,-885.582301575749,3.91342103024644
3732.93226374292,-1774.8697804229,3.24435387805143
2972.23318247463,-919.347667903623,3.5251383931527
2739.50187712351,-2076.7513939033,3.76973873551916
3756.76748228524,-1338.49723453841,3.56401444068699
2279.44490219086,-867.615842957522,3.68054084279186
1963.91897386783,-2002.94132720965,3.59024506992213
2234.62651864421,-208.248133970486,3.54050825251697
989.432716159426,-2161.64065957739,3.76409262070128
1562.86355774362,-323.449077381811,3.31940581797847
3293.89997443305,-1686.65933283033,3.71124138820309
2849.86099661989,-911.224666348242,3.58012244984001
2595.12935490961,-1878.66457413847,3.83934608844238
3019.23756092502,-1003.09161800274,3.88517154344782
3841.42746164051,-967.153760238884,3.72234663119974
2507.62116275915,-307.458885705717,3.82982810965848
3331.21045109286,-1799.16693754924,3.70796686823042
2027.16867228239,-1562.48199201416,3.88910975642489
3899.41108766509,-1466.16599969062,3.81686074277598
2913.80371077187,-879.180081877556,3.82853482289655
2055.8856617805,-2098.6918340668,3.5820603786139
2004.23090144403,-650.377581112044,3.54216937400501
2241.2167616545,-1202.87561981562,3.5922748784476
164.15713565068,-1060.01521313915,3.58487846157063
1780.61525692931,-237.105399219852,3.6284138701811
2309.0963390532,-2051.76682386714,3.79400772237021
2391.989777279,-376.668406318729,3.78994347656024
324.809643864663,-953.539142800264,3.90637313749624
1759.47837749309,-392.553822024882,3.54611234631145
997.805128769123,-420.353444153187,3.56360249504988
1799.14300750893,-1302.2315698621,3.95735333053145
2391.13284054279,-1424.31710526783,3.09528465194652
1519.57621134242,-970.797628590576,3.89759655008234
1638.39772944386,-1194.48530094542,3.75136073216624
3061.91471396489,-1355.66814088134,3.4787036496206
3132.84232011944,-1301.87988788585,3.83920129907748
1171.87729987605,-740.168322389662,3.87211498887475
2440.09247287173,-422.880611549397,3.71249472523432
3910.3207042756,-2184.68644571331,4.21759559257789
3345.31958887506,-736.570564972851,4.16187270163694
1651.38506957383,-1651.86974527088,4.03312585154388
2099.60239628134,-2101.36845020796,3.78112074347309
3224.09563210592,-198.949779035658,3.82171450449161
374.080387900718,-2050.32003545555,3.76005750706643
172.557933128737,-1997.91127921219,3.7821032897716
3118.2481995765,-2083.96367422329,4.06848488132907
1927.65247661285,-719.041429701068,3.70740046962116
2097.93380636316,-1770.10241240058,3.86773109326467
1367.55952057254,-215.672505235871,3.69925053136913
891.453947928278,-872.296580124673,3.67155546820564
1764.19781170406,-351.950030691823,3.66254265997427
1993.08351031712,-1811.22168166604,3.87314017049203
2220.68546132361,-1304.51245865523,3.48539418052566
1810.00758412259,-1665.71477014412,3.59363678942937
2150.63943106543,-1469.41654415482,3.83491061859767
625.481478671319,-733.134155634871,4.10625453020863
2983.19042128273,-1862.20406141547,3.84066210336189
2024.47260079083,-687.279868794678,3.92649456416641
1190.30193519586,-920.222417223432,3.92244524574929
214.89614345821,-135.809601904593,3.90825332726513
979.319846192709,-674.965567346377,3.81524748639332
3965.84189831601,-1806.6063728765,4.02145315052391
1745.8631385528,-1670.61163528362,4.37198150042365
2909.9077217934,-2116.38777438838,3.99542825365505
3308.38544550012,-1001.75679006779,3.79630433329632
268.046507931415,-224.659818741613,4.0171951874395
1921.60982308798,-348.32480222358,3.92260559759729
2157.15699218097,-914.77105305548,4.07795520842061
2491.72374583997,-470.487323668688,3.85801642342355
807.03916491144,-924.178576224708,4.0452306269252
1839.8584150284,-1879.33583046295,4.17726407935013
3991.77792262375,-837.439644455614,4.37140796757989
3709.80819918784,-1567.09158920825,3.92043726517293
2608.32910840006,-1810.33533537898,3.92192716238383
2187.6407182943,-1365.2701511947,3.99195597507334
826.995553635446,-1788.83523064916,4.12548659827594
2781.1111670929,-253.452367440311,4.19919599715594
3914.27083566843,-1170.26669732244,3.97768387923008
733.999415110543,-1910.59229583319,4.1346036920248
3621.97348243272,-1370.7172608179,4.16414283788404
1335.32049760387,-2008.37512328167,4.17430814147464
340.131274840676,-1430.56780463389,4.1275369961196
2001.56991606829,-428.579327677406,4.19856094466339
973.155407385822,-358.00050192424,4.27619325672602
2272.34258369687,-1722.53641851566,4.30643347795329
1050.41072036668,-180.495996380691,4.48854651022911
2102.40241785027,-1922.69672148362,4.23912914488786
3525.34472535797,-554.42754761925,4.45930716959416
262.480908488709,-1012.39999042681,4.22022744101894
2264.55613276342,-1360.50591151015,3.96010538375187
3704.83977999878,-1185.60532001515,4.34099716536388
3892.87489361297,-1023.54595175081,4.61025385991004
1745.41734748561,-1238.87406414543,4.49487182649212
2562.62949583737,-2111.96254045021,4.78826314354297
282.742309881898,-1201.85239954404,4.30352081766885
107.927031029837,-518.02475276041,4.77576875193786
1247.89155030374,-443.562546002222,4.66127114228447
3697.83509219634,-981.77448973551,4.49462404720961
713.263935531212,-658.180375085502,4.93561818740102
932.022335673386,-1989.23242438582,4.7609070636214
1336.44838850622,-1712.50897635058,5.0184031778995
260.302323655345,-1336.18320280208,4.92528656861528
472.598221744743,-1956.58988660231,4.92988105973904
2312.22227258694,-889.719476195989,5.16477437062747
2894.28603724435,-1414.02389923898,4.91549468993953
2949.72945375327,-1599.26116714094,5.14568032085873
1174.12980887906,-1814.01193925903,4.8563938662688
1674.53103027373,-1495.70914359691,5.12666055100878
673.811553118104,-1445.63019120912,4.82576741034573
2025.11430747084,-863.447604692111,5.22445381119071
3333.45286767961,-577.748046172611,5.44949597700044
1727.30210449087,-1096.74789802182,2.98241747162727
1111.23635336257,-981.901748953693,2.8842450717158
2832.71619606756,-961.86763742994,2.87323161879315
2544.89571390374,-1865.91753708641,2.81402421746357
1020.99299416486,-1553.18631970127,3.01435444348514
534.850251663633,-1315.00744599826,3.00229451849795
2179.89358545435,-217.504198170094,2.85618492830757
1452.47549070796,-608.416659932128,2.94679208773727
854.711676900964,-1133.87986089155,2.84814679382213
2960.74836824836,-690.001379973517,3.15217677751346
1587.3072519424,-589.990076239105,2.84279157035959
2286.47602669064,-567.315907045437,3.16924323038991
2143.38725433268,-1092.67379490127,2.9761602470948
1257.90113759527,-568.582196736928,3.08753698079776
573.373492991688,-377.934973163007,3.33572052190082
110.80175581989,-333.979331060461,3.08335385006638
1762.18473731767,-552.733473448318,2.9867380108214
1494.31559207253,-173.030289763064,3.1987557901618
1241.22616994463,-1085.64345403339,3.03036917159429
2352.67832495736,-1727.60624453817,2.88489129535725
1650.8470992684,-603.63268652113,3.04132396848754
112.320982972793,-56.7267968494522,3.26076233467153
3977.23475410246,-539.39134875145,3.27649550467299
114.261659553821,-446.517165782262,3.79135518240863
203.116709537614,-548.845269025019,3.20490086346097
349.433831015059,-477.765874790052,3.53351460865349
629.98780564967,-283.117955282688,3.44670869920573
831.491057534566,-1236.8124847978,3.57715287780711
827.859756497201,-968.980513884493,3.47511678586231
530.320665436286,-117.320695763819,3.5144366375152
526.228540879944,-408.296307213764,3.64888255625503
3009.50933201792,-301.043625333181,3.74848424573969
934.046175343685,-824.747512956528,3.9521035772855
2275.36949833004,-2202.84652089185,3.80300813168432
1484.12801265425,-871.914231039527,3.77979755439301
1875.05552366088,-897.340811846691,4.09160444597109
2127.68877189123,-501.42794578747,4.24356596908511
2210.78719349236,-410.006581928602,4.49370066550654
923.11144286449,-1998.44870524074,4.94199222785092
3348.38826957501,-558.743408165047,5.27793711592163
1884.28198316199,-1706.86571467677,3.19493776998473
898.109849871758,-726.238493563649,3.15228668101122
756.499085981256,-598.989881872878,2.9698631997607
769.243187154021,-2099.61846333498,3.12028129905789
1851.18596937517,-1089.28696061566,2.93156128269326
848.305476707393,-1876.70057855403,2.95082016393413
573.277159022489,-641.102828391618,2.91634213694803
2650.58131174469,-1802.69951315507,2.91661846480606
1799.70684056144,-1948.40831327188,3.08150488178782
1491.71227214889,-1180.87191236211,3.00916042241757
2107.38780884245,-2209.87709209616,3.09120325292412
3645.27013189057,-954.13988469385,3.1107960265825
2866.96629878856,-1912.80182613912,3.51457539005492
624.367556417101,-1923.83791062821,3.37355263554041
179.738034116425,-1480.04764289528,2.9777861348053
347.380564378575,-2185.55612256362,3.05036338210325
564.976448362023,-1813.14984457765,3.09717492596751
3656.66435813857,-1775.86753566049,3.1891713700149
3692.45588713742,-1180.65972555759,3.08187285449672
1085.09985135464,-553.53469351094,3.02107428265086
1225.46590745786,-360.567572521423,3.14877177298615
2738.44543473537,-1741.3231175792,3.12964710178111
2782.4917187433,-1546.4188712363,3.30982470185225
3371.27780391749,-530.920111348626,3.26892105123857
327.98193432513,-638.502633080365,3.28041505507353
3341.24768604085,-748.709447218372,3.42070677389154
75.5004361938754,-2102.10709316591,3.4116753024844
3252.9007985698,-2002.28329635274,3.43014695613435
2772.76011404068,-278.437380286222,3.57449340962897
187.718666290894,-548.215425489083,3.7821548359533
1315.90827565149,-182.326036818376,3.13838563953182
2479.04231423042,-1720.67714165468,3.65675942748207
1050.60658013322,-1263.50959886862,3.49649914723542
2569.54911653335,-511.570133125452,3.6454322006201
2096.81341167433,-1757.91709664978,3.90489376183759
2085.75011212022,-2010.51790320794,3.70402879400504
1967.37441112575,-2068.16215936924,3.67023479887532
1489.29596513349,-876.596278880014,4.0968607073261
3262.01177217916,-76.8466201645385,3.67996210626638
3801.4934311261,-186.616302085675,4.27620088610643
3819.2595074332,-1078.85692252221,4.05799119891139
1991.52364414574,-422.899669755268,4.13084468826389
1555.9486719883,-2111.55036040906,4.50284102130208
1669.42213418719,-352.349487102767,4.10590390683095
1707.74844662298,-2168.56188436275,4.57427318028083
3291.40715634216,-565.198019810166,5.59340316422864
1498.49332374135,-993.210428845557,2.76860400007086
3625.15965758287,-1872.53849077538,3.06318821749818
785.043390549552,-183.218559475067,3.42702834701759
608.759430264702,-1144.59831623332,3.06561640752091
2797.00839890308,-970.609223118764,3.06026072925023
1390.92215184098,-736.44452807051,3.25695719132614
1378.15689630385,-1233.20529282319,3.33861653797539
2098.94969198246,-125.068840796412,3.5796503353489
2072.15505714959,-523.031371707836,3.23677034510106
3631.00368326273,-977.283433851869,3.33619290225797
3931.01608832805,-998.254627238674,3.56075663065858
634.534426439091,-661.380086415505,3.57059609275281
2046.86690794265,-2094.29467982779,3.30460932166966
2031.79831154931,-218.122089127154,3.62757460058697
1555.3748298951,-333.871400844915,3.74422417836022
2986.90875382142,-17.4288941254051,3.39912423518894
2002.2811343985,-644.769607082864,3.40024130948063
826.463801117288,-770.528152806913,3.73154730273887
2866.15842708574,-2144.78637682215,3.75678436971843
1397.11228758097,-346.600422179007,3.83446056591084
3229.87282008564,-184.146448527165,3.87053222660943
275.089457160007,-239.629891754498,4.10158972679607
2985.6996772999,-2168.94864496665,4.29502964139771
449.400419598807,-1291.828257006,4.04982578987369
1221.95619220381,-444.947425950519,4.00852037607298
2868.80548099074,-217.985592256873,5.11718869496606
3320.59328506959,-564.404914485513,5.63625310477504
1139.30767327327,-526.708198236521,3.14412270085659
3073.72100795194,-583.430277955646,2.98261586805323
3276.0932325201,-944.455266460281,2.9815791905448
797.471147936288,-1208.57748788754,2.79384548704754
77.5550665272551,-1457.07509413401,2.99139697375039
2216.97570600007,-51.7028796196656,2.91067702004612
1494.15928821216,-1907.5412042726,2.49561161732931
225.801932763978,-407.695375463525,2.71432113352155
878.311438431066,-1859.43299158506,3.09604621560382
3577.23762138802,-1894.08402542264,3.12308240149547
3659.58378077835,-1268.51335406331,2.92586344531718
3097.54629934876,-774.962710733375,3.2047196725165
752.507143216544,-1244.65196729878,2.93089075872645
1431.61178807441,-1006.89410377845,3.07076610868787
529.619379568369,-1395.07244973072,3.07948574990405
574.784672754283,-1314.76392248644,2.95330742739358
1887.82204985754,-1579.06451454768,3.04556959607355
3836.945445805,-2133.76696493623,2.77112744479261
738.024800880459,-1458.94316840319,3.05486752140809
392.692021680192,-1378.42300169644,2.7921897242329
2313.4559414698,-468.44171327765,3.45060197202566
897.190601173947,-736.692015204629,3.01040218786799
753.511761036833,-842.850633418406,3.01294933092403
1733.16574445562,-1835.64174055503,2.91150341315578
1883.8705731261,-807.949302012902,2.86051106387227
3859.25361711665,-81.6343790751876,2.71429565737453
2669.34143922807,-1718.03273157864,2.86749895845299
3099.06565955078,-258.552664357814,2.95313305920143
1209.97021849769,-1062.48205725479,2.80574044597796
733.875143406525,-1946.89100751808,2.9457863312603
3711.54248392457,-754.501877764986,3.08828679460088
1754.22000445775,-189.254248599326,2.87940921997662
1129.25633696769,-1154.4940319328,2.88425751525556
662.281036696299,-2203.34363408915,3.06281368009889
4008.4576546114,-1097.18967664243,3.03170877125722
490.066224960513,-1471.27334066034,2.87275921661047
2433.41151759344,-838.845926721992,3.23467952646903
2269.75545039091,-180.501960874759,2.81678049729816
1123.79233275165,-352.935833670845,2.86335077038224
1486.7038327799,-2186.46717300654,3.28953805941248
2986.25590800455,-1989.25751273995,3.19176599897056
522.041877924881,-1331.26407247391,2.71667446376458
1862.56515517219,-1247.30698324596,3.03801658949633
2925.97619108672,-1941.0326949959,3.20073250588856
530.117695435097,-1315.65869825967,3.16415723853369
835.058358505859,-1762.54527081747,2.99246568929899
2341.95789523484,-1311.48920845295,2.95405695138925
1812.66234032598,-1712.87699105649,3.41559783592411
3558.17397174839,-694.173145416348,2.83596841954474
2507.21350647694,-1774.72781952722,3.14393791674512
1884.86946065565,-1476.9707604362,2.70142530235235
248.215988096882,-1729.10253288103,2.84134047068873
3875.50170979033,-1117.06634170549,2.94548043856632
3341.64349177924,-2043.2946595082,2.94545811715755
3903.82664506653,-368.79527512129,2.88766190891964
2017.83484030431,-1853.23896802606,2.74905462679055
1888.68385763758,-955.381687952635,3.18898330115443
1961.83203688892,-966.215037618429,2.99362644917263
2317.90636137746,-995.705476959224,3.41146723719063
2986.49613997055,-1671.80089644236,2.95934698083437
233.994335494245,-2221.93111093729,2.70357007692559
78.1772168605082,-1030.57557079571,3.00709131584155
1823.56562658423,-78.4890009918987,2.89937658160569
2582.59472824137,-2105.97609820474,3.04173987401455
1743.32923992553,-467.97790093484,3.24782032694595
3337.85255516845,-642.739810859991,2.59090316750506
2545.06864749093,-1870.6304184638,2.81643511233123
3854.10339178033,-909.141288571659,3.03993311927419
3497.21935059885,-1789.34522534058,3.13015930643359
2292.30934419536,-563.330655338754,3.26997384078363
2286.24672940571,-1652.86579939846,3.06835512291393
3052.05053191049,-1657.54348540128,3.05097467069121
1139.63366704287,-1346.03524689468,2.97167073518542
258.735117826307,-1105.87746863828,2.79423156672245
75.1672612428304,-715.860210898887,3.10034126012328
393.637147723373,-1646.62293637376,2.96572341704613
546.571935506365,-1765.84206725299,3.45802895666685
1152.14908333288,-1676.65991243751,3.41156936207036
3833.3917103854,-1077.39497558818,3.42647731083154
3661.53128846773,-2133.1087222799,3.65065464316209
3341.02281474101,-749.873662547791,3.2400497562798
3205.40236006516,-1889.56595109944,3.40404074748801
3706.89704716339,-1983.95541977232,3.67328274021681
1817.19317557833,-244.805591038094,3.71988665240341
1340.50807351483,-1644.78368413366,3.80199919948449
1040.37240217984,-1907.79583116812,3.41814690517004
2387.13502875716,-130.375665490989,3.68238492231773
3058.30602877184,-49.6070341745318,3.35093989563534
3636.6366463374,-322.298947312761,3.87770591147189
2467.67858933658,-2119.91243749654,3.95896532132563
1489.49530756611,-1724.37178360482,4.39770660559447
1607.54039223237,-1683.4076336164,4.17703928496935
1132.52422664978,-2145.21729302751,4.311261629478
3898.90809741048,-1015.77912562858,4.26115831675211
2059.66329808358,-906.166678760849,5.07869242967245
644.693869501388,-1425.35544557166,5.40015384343504
1437.83777911535,-2181.41517110741,5.54255381336613
3974.26935804253,-1584.70612065474,3.32108089452028
3528.50579200319,-1670.79502060585,3.16250943622821
1961.89330155714,-970.44483376839,3.10817677271065
4059.72701751275,-2198.17549410775,3.01770442662884
3688.4222932112,-1785.49135155794,2.9206749638706
860.350982376885,-1567.32395168777,2.98733799741219
2861.75716689885,-972.306527447589,2.7278009180772
1316.39853030379,-1576.40994821156,3.34883665443298
3987.96165608738,-1309.19156386951,2.77591865653512
3792.6082567305,-1268.07097666621,3.11828770771739
1529.32498767747,-1038.45362189094,2.74607522350685
861.944960636116,-1661.78160952414,3.06729173479092
2054.56781857028,-1204.56062334924,3.06562021101342
490.583976537726,-1210.8682397755,3.08100283196602
2187.29435049108,-972.139880584287,3.33473380179487
4058.40354516767,-1548.6481289284,3.1069069249293
2236.55107922007,-550.175205781552,3.15652031705399
1610.0074109878,-572.03199513133,2.96027673325206
1307.4111807366,-1395.0734516885,3.33749297123934
3591.52762424898,-1300.97798268195,3.01793646392218
95.641322134541,-972.301704439386,3.27159133209799
2293.81697261435,-1416.94445874867,2.91636646812658
3982.80034502107,-30.4521095689461,2.98764833779967
2989.48386960044,-1833.99632126264,3.54554035851181
186.920018575271,-1482.69198435359,2.83548116974397
2034.97413535156,-1283.23657202528,2.82478662537116
1005.66406961416,-899.641029568453,3.24234314090078
749.360794797848,-839.101359973074,2.64332503610618
866.178184028316,-897.950153813216,3.06139056994877
1607.05321735329,-830.301625232959,3.0262727250099
2187.1505349084,-1585.02282704084,3.56577373754322
214.584296266725,-398.917163380834,3.01146812082026
2082.81631402653,-2159.55409909894,2.84990013606936
2415.10379790288,-194.861454710627,2.96128084873695
526.832378956503,-629.215013905496,3.18565889141532
2074.80110823459,-1138.57423164088,2.9951866795385
3366.34539942062,-418.842967291309,2.94504358314235
2754.23893338522,-1810.86714446239,3.21734834837003
2973.38533730469,-1040.78470042095,2.93149804281822
3833.37682809971,-25.7402936459257,2.95280093618212
2093.32945589002,-1958.37929420407,3.0925258040816
1665.39113601209,-447.290286023687,3.15779525896807
3892.49146615087,-365.067582352576,2.85947751708467
3446.25659421748,-1050.04762578833,3.0951845129747
2587.77196878335,-1790.61590342084,2.67658509258064
2795.79876093394,-977.410070194336,3.26906212780972
3880.1680166992,-1607.62824635836,2.79838891687203
561.844801057717,-1659.59540670906,3.07085430813147
4029.05662973644,-875.082693426304,3.17745005079288
3102.69676742504,-1569.50014095173,3.08617270970958
1973.75699971914,-452.374778039722,3.10783863218919
1023.02879843622,-742.272174803121,3.09134212713654
3232.38741537496,-126.963848149536,3.09889571928173
1333.84098036384,-680.764999467245,2.90251298616456
3433.33763979669,-1687.81929941367,3.19208059123914
3008.23223868116,-1839.21673878062,3.05023097983117
3781.99486181428,-2074.25855318779,3.39779055608669
2994.49786070839,-1642.73999501321,3.37997601952015
3354.70533386358,-748.324831716937,3.07034127767739
2998.96447348236,-1611.09409736793,3.56451206438708
3835.72073258535,-1086.46152038061,3.61068090671834
3328.90255793625,-239.561197335886,4.31092750585041
193.970844482928,-400.088966112835,4.17078200046396
896.164769664987,-729.066535266628,2.97198795091913
629.231457150507,-793.73210720525,2.9806163619412
636.038797275359,-1352.39814507876,2.92214332195243
3678.90400177303,-1788.32714049179,2.92783058818065
812.36610771586,-1448.2612836651,3.02103852181406
899.753786412117,-93.0112295052519,2.67392743148137
1668.97533585283,-792.08842607928,2.80582094830954
3000.78567982379,-919.221036837154,2.90592879153351
1075.46478071266,-1128.61384418317,2.79242229157772
3618.24596806826,-44.7532611484615,2.64468359262365
393.688445044504,-1282.06948132008,2.76020037512537
278.185305302983,-463.075839667001,2.83172149208098
807.700210644343,-321.678485647454,3.02563943145641
99.0680469996945,-969.416599517234,3.26033160999076
1025.47339043166,-739.658319926473,3.08462379589992
596.464877022178,-642.683576253403,2.79995874154493
3282.15170076056,-2065.82074121731,3.25767709895757
3156.96788774581,-889.066872598081,2.57709091396805
2887.71721032529,-55.80344221443,3.38179347639734
1488.9126030973,-1181.69237359791,2.97850442196367
2752.18589528132,-1898.77997294828,3.32706250075446
2253.60122485712,-1602.83335049077,3.23700600638278
3757.74897858984,-20.3792841224523,3.60638907816549
540.962808684089,-425.243821108963,3.15927018693424
3772.05566904024,-1050.88469892241,3.26986139746274
395.887814313303,-1696.49643846795,3.34643232858635
3249.0727433698,-1790.7123141891,3.49707867660717
2008.05538714178,-1232.84406490197,3.57176519343546
2302.41167659235,-2048.80682826815,3.85838344935771
3347.41451118208,-1791.35240275406,3.57312272970222
3337.2309094914,-1108.18909800575,3.80880442904501
1454.66625520422,-690.029954880691,3.60165609395249
1192.51001454598,-1600.96195895328,4.15308285103447
2002.10923070642,-638.122084309565,4.08575053839376
1000.96701627468,-424.432242101942,4.18021872800329
1329.9907319569,-184.009247836361,3.88898437915982
3206.3600445601,-856.882426641639,3.82597744912435
1599.25780992579,-1687.57501013884,3.83368558311153
387.186645044677,-376.832013685088,3.76895585922199
1102.39958209533,-1610.06030850135,4.13020006656443
364.886759282488,-208.049624359258,4.01310948500876
1201.23418948173,-1719.21997382734,4.25712903109697
3987.19027267813,-1806.75646524577,3.88132784898288
1122.43517010732,-1149.1615574322,4.2688027937724
1865.01535810158,-1483.86756189559,4.12734410279647
3828.86546147577,-187.74515034527,4.21919986495414
3657.83614025267,-1066.40378158284,4.45829970703971
1374.31410661925,-1690.64648829421,4.52398578881264
1804.90705913231,-1596.97676741753,4.69572818632254
2182.68187238482,-410.455401679665,4.38589570050216
2298.95918032885,-1162.9490738672,4.61215439277784
1315.5583884785,-964.189396953341,4.54876409661784
1391.72323482967,-901.075981820395,4.72194009620422
3700.87951872807,-959.176966031106,4.75162851642917
2099.15987494773,-487.922151744463,4.50530172434617
2614.77958795187,-576.292062659029,4.7457369270321
3979.74402231793,-1244.78239291793,4.92076234603648
1434.74260430802,-2168.17241060755,5.0478324862498
3184.22237152875,-283.342763744882,5.24365392526762
3405.07414291941,-1308.35484562887,5.56712066364857
3604.93135873794,-2099.92037696658,5.84996020912871
NA,NA,NA
3719.69418857462,-437.43829604592,2.99607022703175
658.304157250753,-1364.07785394869,2.97390998325279
3722.90066600132,-1157.68085656677,2.88901215938964
813.797966915406,-1225.53187697002,2.88065144761823
977.386154917217,-670.705173169138,2.89804249759429
2463.26747428776,-2060.9925350665,2.96164734069919
1164.51822413308,-1719.55221189203,3.13136552802876
1977.44011954262,-796.136295031664,2.92908581760148
4027.93946549297,-1084.68023684567,2.94220982662386
1194.80980011329,-498.395267364555,3.0055770679821
2595.06728922602,-1859.36048024851,2.92068822848817
761.057566086979,-598.280074723396,2.86536581752751
1610.18176913138,-1399.52700138099,3.03452673577852
4001.53859825145,-1043.64027329415,3.05167391859103
2419.97859849938,-2015.54742787868,2.93865974608472
3490.84473876988,-731.910030552365,2.61088629867769
3984.80462649672,-868.270565679763,2.9338900311388
222.166099195778,-1372.50681215463,2.87530276816493
1083.11713741795,-16.8711112447591,2.93945033334234
1249.52850116598,-1075.65107095466,2.91063779762307
2569.42408683075,-21.3606605156899,2.84114203119917
1980.54494253783,-874.8573100656,2.92405072287857
2574.73256423851,-820.765883596068,2.94460417615688
282.327899609618,-1894.13986887677,2.91180532914408
1573.81215601388,-792.639991433299,3.09293316194799
1277.32667759351,-395.529762109921,2.89501461176129
1203.32067282645,-1374.50481800787,2.91969872064893
2810.22731355593,-62.8950640847325,2.98274346262633
1791.1743385938,-317.073687875577,3.0129066433244
3486.68748587967,-1728.61503272055,3.0843653956432
1311.35329562703,-1636.82416638225,2.9678866539158
3429.4860102816,-2117.81154358111,2.99965033847401
2832.81724571951,-960.677206206962,2.8499135278626
3391.64101028198,-1574.1591786967,2.78356035807686
3807.44594248959,-1756.22502994762,3.05845988041217
3478.69400573913,-1451.37303493808,3.03765597048303
3507.08566388769,-1915.856731412,2.95504712633583
2838.65732640523,-1010.28318822057,2.96463234636439
3116.8086995489,-1690.44526724167,3.01321756775631
2038.94679779487,-1470.57514199723,2.97290906715104
2550.49211405282,-54.6537841744407,3.06331448100084
3127.15226731785,-161.785267280848,2.92029281897732
1766.91182175468,-1949.29511398845,2.99255455501933
3187.42761567194,-1913.65584993996,3.05846436987619
1363.87471320583,-1620.44102648661,2.97371810537496
1081.60139336544,-549.111549001194,2.98406186422915
3272.14592743716,-20.5037882465773,2.94170552883773
3370.09513714829,-1216.61566985487,3.01253074656691
1848.92912760877,-339.726088534191,2.8384249624555
1050.33823648227,-2164.64864566161,2.90868718930056
1043.35118577777,-481.068129423393,3.13248205360536
1215.99517402983,-1891.29442353942,2.95978907687535
3439.2701174956,-1254.07477981816,3.08346299472693
324.331084185648,-1911.22322388138,2.96616716383003
2994.05392884163,-1628.94015823938,3.11744481601981
4027.42102978407,-1793.21194006296,3.00814894802963
2492.48907415616,-695.718744133483,2.85313464047119
2630.55381122125,-1572.52038917904,3.03973635901611
2056.0555290329,-161.892404587474,2.9982314432636
1235.41099116723,-1693.26697691665,2.96331021277398
2759.14474989366,-135.676413069463,3.05571331142429
1719.77739072627,-1965.31104117893,3.04511226484806
2550.90059544241,-1415.85226335896,3.00668124522781
2214.55728359577,-397.070135692792,3.13323640534442
1033.80137972146,-1268.49858254148,3.03247854749914
3487.89220845323,-1315.35761801073,3.02810109524978
3226.67665073072,-1405.05804651672,3.05748826475196
2714.92640840022,-1452.3172409542,2.92874511981397
1669.40692905127,-1367.55013957606,3.07956482570564
3890.67933812899,-1841.8603694971,3.05869095710153
2618.06201009893,-155.235530388617,2.97003746593723
308.862621805886,-2042.39828135989,3.04697744036888
3795.83882573845,-911.321665647747,2.8730500758697
1357.5938714946,-1461.31975863447,2.89115514091127
1266.72012194005,-1628.21579899926,2.92972733473451
579.566065351877,-443.280228240141,3.06021754110486
3393.06762164088,-1696.19967792821,2.99500958857686
1743.29899057936,-1806.1911166644,3.01975444363995
2868.10366178354,-1594.09936758993,2.88386271437215
338.198196518279,-978.496271076673,3.04166472484417
3349.16237138165,-906.10922402296,2.9010408395695
3254.36632858044,-312.23215802666,3.05853401631889
2259.55225397086,-474.966193203884,2.92028593282389
2466.04077152517,-783.759514289272,2.97868011237079
802.699349331603,-309.247584454121,3.01968510423086
1211.88743047102,-629.244267607905,3.02691753586158
1887.48238209561,-2109.314334807,3.01378133019801
101.142998495696,-809.884242257246,3.05096737416451
1933.89482878355,-90.1626101420879,2.91163934102757
1609.74459181491,-182.259931626198,2.98734312965412
3368.94656304581,-584.67566523351,2.97003358935045
1154.82804064938,-618.762027149945,3.0569035666133
3285.61975273859,-1507.90906516383,2.87509511363571
281.666849481909,-751.314298793161,3.28108720775016
797.311968952045,-411.642558382413,2.96705153284554
1488.92639129404,-1953.67525368136,2.96687951555718
823.062785218316,-2203.82689405788,2.91142927779826
1759.34729878775,-732.634058053492,3.32413498383646
3598.80027571023,-1733.22964864778,3.17596739930688
623.865974668507,-59.9464765570115,3.1102221657239
843.683603080297,-1968.46745202907,2.9067812615876
1901.8982019796,-106.570183801527,3.25174815016128
2330.22445584176,-296.560107742359,3.00643726319995
809.464528414207,-1444.66615208655,3.18197778739261
3215.95145982405,-2125.05170934476,3.05379400515024
390.49712164124,-2098.59979286601,3.07924688727251
2564.89060683763,-2204.8507584718,3.02578064048482
4010.50695087366,-525.429124669348,2.88023789620211
331.729248718287,-138.598225923091,3.02125680814158
1735.65615792289,-1542.92633779239,3.11175521838915
1486.17543757444,-429.945581050482,3.12576838724687
2166.98537788936,-450.263107842212,3.08480541935605
2392.56210117319,-1034.47984057778,2.982720345335
194.507253203448,-956.637411836251,2.93161089203616
3639.88497636349,-361.099626188785,2.95251943913419
3978.1430852781,-1856.07470662409,3.04691694148652
2153.63120634434,-2085.76839687654,3.04664686104538
1530.44943568518,-1137.57522530116,3.01904024831371
414.937112184094,-1514.10247718348,3.09447540742163
4010.83088409462,-1696.9277281421,3.06533697980722
1861.02215281434,-1424.23073997172,2.95743202206262
1663.8714232143,-577.25925184802,3.12337077935631
430.995996717338,-1480.65757294432,3.04541276908599
2062.97771209153,-126.54979290988,3.13778402926971
2887.9059021513,-1306.46853816273,3.03984448729828
808.077887602478,-148.839524397526,2.9723615256796
2161.20441249182,-540.67949091518,3.06786949628404
2674.64932801694,-495.726366467036,2.99560752471634
1456.50152875157,-1323.66285373392,3.11966190000012
3054.87096660769,-933.368737991112,3.13035589058665
3842.687230652,-1314.61947178063,3.05572104281116
3388.79201072714,-69.4328901020003,3.10957403651763
2564.73252689111,-607.354536894749,2.89339766049101
2402.18428658477,-410.981933293441,2.98007151129229
2217.48471733727,-1341.20869474094,2.98512760537336
2636.67383031777,-42.1853233704747,3.03120693723205
961.874815400904,-1059.23118543712,3.06452252419127
3660.38644105425,-2195.09961292864,3.07457037851703
76.7554577872757,-349.725121984134,2.90030785090745
2904.73175569306,-490.43383653443,3.15045886091534
3418.84346983802,-241.042708458983,3.03668152454101
3227.3882219457,-1094.91699591777,3.05578085061922
1507.6982916771,-1413.02515971666,3.02887466596484
3196.52142782913,-1593.57144773223,3.09966877169879
744.9956242604,-1967.47563930761,3.08261829639555
1708.73063516871,-1623.16474874618,3.04971451499986
1291.93355429317,-992.471048346227,3.16906603954533
1915.94500953523,-650.369740713933,3.01036732151538
1272.9893755782,-1799.24806862875,3.02642726873808
3063.687234847,-702.825296415178,3.03666511955116
2493.99010773684,-448.489058125353,2.87639282609873
1388.50926808365,-678.350570973915,2.97960096419272
1280.92314789882,-360.266623899436,2.93677287567144
1724.07696165473,-1807.38229879598,3.08839219462922
984.518755127133,-1751.47820045472,3.0570588226356
261.414339600263,-760.13294726128,3.11085417096531
1016.51939045121,-454.652529853375,3.09532578741109
3478.8500739838,-595.873723357014,3.18135668534609
3885.45680655308,-1491.6971559085,3.06963478139059
3916.13511741077,-259.839576886463,3.08959339228263
1054.31603059503,-31.9091792816115,2.93747189346018
1434.06922874606,-1924.94965023388,3.11542819675665
1837.88768271842,-2068.20977489989,3.03695416269355
3394.76273798628,-2206.45999602532,2.97208634513759
2869.33773222424,-1640.02455707538,3.10879759678264
1808.33687417093,-85.8281633361016,3.09404937182437
600.68143496962,-267.201544166568,3.11090127271404
3198.70576403872,-1543.58277219411,3.00730290899144
481.238712662029,-357.71773740635,3.12419263264828
2986.80347573331,-1297.23075830354,3.08772114882115
2291.65439801863,-166.154401506957,3.04824045375953
3599.72277409448,-337.319378509513,3.16982664334473
1366.9817951966,-1699.49685879906,3.11766412346353
2186.27512578996,-1572.23373583023,3.15351874312401
683.200520425088,-942.291440435936,3.07447606797258
1727.40317765605,-1726.85953280388,2.99174859828874
677.66672110636,-1551.30027428178,3.1535447756988
3902.50583350339,-874.701564592708,3.14248229374719
1974.14427689185,-1489.86313562938,3.16460076920158
2652.12422815261,-2145.05680196532,3.08720730040352
1571.10012020975,-1717.1478366439,3.18412608465819
3250.44637147372,-180.671636386745,3.09180794929216
3875.12243110837,-1069.91834887768,3.23477332148303
1429.69092966435,-2179.07033527158,3.14076437108497
2887.55914679812,-166.749712839827,3.08813002234478
2462.64092294288,-879.678379419823,3.07429386498792
716.997490362996,-1823.83661008142,3.0832553180957
3333.81763704491,-615.740493872077,3.10253061074948
3048.85814984889,-1327.26012905969,3.15236556654826
773.697347994076,-2035.24129604748,2.99590678425398
3301.36475466291,-1090.50788356752,3.05070504676791
759.653118659975,-488.359443718725,3.11400868584651
3557.60831627516,-1872.69208024251,3.10255454778793
3544.05321030008,-449.362250299334,3.27424253695256
3289.48319350723,-1032.98592714027,3.08504379493476
577.324339612721,-1932.30855049453,3.0361611487468
2571.21218865744,-242.637226473513,3.20213223047629
1770.79913889088,-1887.10425465984,3.06338145465244
1651.19297833608,-962.242633869582,3.08207206548752
2432.92470031588,-1955.02284203456,2.94367691372262
3255.46875298063,-1294.41424436666,3.13188053089986
82.7982583874304,-404.330135010853,3.10453395018398
1766.66379927882,-1494.05959659034,2.98301740264046
1827.37872948872,-192.041646079982,3.12628496706166
1835.55335163997,-1844.81625530453,3.10045617706026
3597.54844127178,-899.026891706739,3.0229040718136
4015.62371639086,-636.692944326379,3.04622220707588
1026.30564883542,-514.930162196887,3.13815877643294
2625.36799653526,-2212.46414028613,3.19756006756286
2603.49579041988,-223.863400219437,3.17039444042303
1510.56631902003,-1772.04854874114,3.11441060676975
3041.49835826139,-1857.54700205016,2.9795846354715
1994.78348798147,-524.892769640491,3.10915065379889
2497.42442688505,-874.362602088455,3.08814267638924
3123.33215105365,-741.998361668146,3.1403477233946
1465.99561396214,-844.00279121969,3.21560591514525
1175.34929416753,-1380.34095987449,3.23238251212241
1482.61765305086,-1463.03138590788,3.0758328978262
263.834486527963,-408.581937745917,3.02746803130219
1705.56292516299,-668.259904687209,3.11548769958185
565.488965918332,-1476.24260975762,3.16075341094327
771.550536615408,-898.670608333708,3.09301177120184
107.259832104887,-1437.16944829807,3.14898019164016
2952.33504638323,-152.892994443986,3.22162156286511
1994.25363185976,-1869.44164141112,3.03553665471826
1901.82523130088,-235.66940304365,3.06231526915015
701.181429699828,-741.717295073417,3.13786810180178
2663.21814044762,-936.063514119712,3.05838707116104
3320.17419830016,-530.411826274434,3.12607196147734
1348.6035997813,-900.577752895399,3.10493962293093
2477.83792235557,-640.690191003882,3.16582153037763
2569.60795948168,-1625.02165154119,3.09626337098287
2366.41107191279,-1732.20432571439,3.15908380110144
1394.21428533097,-1607.44367211372,3.3059193028615
1274.00147324755,-328.030619194149,3.15447320118561
439.433970628019,-1571.3811809007,3.18945842177948
2269.24983803703,-1645.40395073833,3.154921993125
2392.34186383211,-874.168211083448,3.0403908676794
3687.89200683212,-1731.6795036599,3.14900196010877
1425.47436926844,-2048.43736616587,2.99776501172593
3237.62676550995,-2017.93287148386,2.97177392138426
1222.05344898023,-1030.61755281097,3.18099547797994
2169.29043976113,-922.803005897305,3.3209892913532
651.615673716241,-1216.26329368967,3.09974105240619
2465.28706493726,-369.302108909283,3.12812670608311
1926.32819193123,-1559.65220845498,2.97917555455771
823.193572945629,-2003.93160598238,3.18109472061671
2675.96296451312,-1665.48573962757,3.11999397303527
2942.5984671625,-910.544094392687,3.10165628697619
2732.54308272639,-1710.74380325452,3.2032996065582
1926.97928484932,-1333.7832933016,3.05203919286305
2463.94490649101,-177.041543830484,3.02297527996289
2209.11719805938,-453.565170025137,3.06927136535383
4035.61551006321,-1761.29630654693,3.16586082387253
2496.89700326099,-854.050137386789,3.11885629347553
263.769916209764,-808.914775383118,3.18149631491026
2566.29707101803,-917.594890103283,3.12998184946758
2675.94641311314,-672.751231266682,3.20507858374499
253.380172342728,-1468.95690691122,3.20458836251723
3776.50553542434,-652.641177192237,3.08597983024476
1606.57172837379,-301.565987805051,3.18819653954349
1618.28796596915,-2141.15386652682,3.12819707882507
1606.95380917293,-2216.18151569672,3.22946003815666
1484.73828507008,-379.884909047249,3.11935057550122
1762.13922643153,-282.397133459773,3.08417479160378
869.149879748289,-1327.56516989635,3.29639119695232
1825.19447260478,-43.8327452227301,3.22324188147181
1454.3729541496,-1236.66754726339,3.24533150435407
480.381643120645,-1842.08028159321,3.20014386532611
3667.87978384967,-2018.53159044226,3.07430803219488
399.078926492941,-1194.79969452388,3.19064316655527
3487.70456709776,-1343.60918869785,3.074768224039
3789.45196854841,-489.610721885095,3.11010932942759
965.875115461304,-1432.07443032015,3.11055780076754
3369.10462201998,-296.40590695331,3.2386767095295
3754.34052462024,-1691.80654531804,3.31646961307888
3190.70158162219,-68.2663495396836,3.29997521441078
2252.91306815395,-788.444682168364,3.19057916803878
1398.50846599815,-713.45149795401,3.35733281041382
3656.44549788345,-176.99916152664,3.20981206806813
3570.10477071611,-1363.0139004585,3.13369525176453
1973.45574225543,-946.593938598297,3.2440438109513
3986.70129133002,-1137.39477724415,3.17811536142532
3101.99240896622,-923.688636808125,3.04224167987016
983.485451783377,-994.502030915568,3.32877487839656
772.053605872507,-1337.43643746366,3.1063998387491
1278.09666333607,-1102.51668987619,3.18260825157879
3028.19173776534,-1545.6555813375,3.17601034827713
2566.31001942906,-504.358607830531,3.14539180661565
1857.59749352461,-1956.37009142079,3.00232990018539
2194.07112445644,-796.370516474213,3.2277704364606
674.966219230249,-45.5866823706592,3.2812838403831
3957.42530927876,-917.781814126081,3.17464126285808
3835.65165399191,-462.765375660318,3.18898067667549
2996.40467660292,-663.405481885924,3.22409639306186
4060.81685399775,-624.56272037739,3.04867085970328
1978.50491042794,-14.3637594806335,3.26447431210617
3664.27494490148,-310.16246357303,3.0799659626592
2786.96263206877,-208.707094443901,3.28280417603698
2768.96560912367,-1873.65433332186,3.14355137965893
3934.51491318946,-2001.25576174071,3.28506620471058
1342.36163563649,-2012.60400655765,3.30353236312857
1090.73032926741,-366.245355654476,3.33877661855286
345.551236310632,-597.10310873132,3.12970191354464
1912.89054696867,-1795.69063848974,3.18229356461137
934.210861431834,-771.517290780189,3.31924085929376
2746.93371049659,-1454.18940591378,3.30119127375633
2738.13329099862,-336.573471905856,3.07689195616419
2087.1320773946,-1577.1259422737,3.24786824065488
4042.9988365792,-641.736811856409,3.12809341595495
3717.40984836689,-1738.51976228551,3.12842612041014
2186.43190084906,-1670.33304234076,3.18284045349671
470.936769920042,-1400.83836736647,3.19799957738627
1088.19859077457,-2057.18480358286,3.21436622048536
3373.88686647616,-94.8948266117915,3.18525117114783
3468.20844481102,-1346.38895938035,3.03795088070875
3427.55473606217,-2175.06580290767,3.13306389155848
2744.44173946129,-598.213027649298,3.24527665125007
1700.32681253899,-1329.38119565378,3.28700378734997
3160.7450987061,-1935.99444291257,3.2790704432871
3385.31648911957,-468.348463357475,3.29697407978952
155.740809720186,-103.246865950199,3.72823496624689
2612.72129251791,-1979.91567642178,3.22641033570552
877.254717791318,-2087.10211852693,3.23549246280772
1165.90180977129,-898.202457434158,3.32525313101238
3480.21585960012,-895.590800134048,3.11585311708989
3195.2020151582,-830.589339761604,3.29118734851975
1099.08088602153,-1325.10157465874,3.07641387334633
3328.57398262929,-1837.38347521067,3.2394628208523
1963.00153067661,-49.6881766892221,3.12505235886433
2903.02692982557,-745.133717226237,3.26640082239833
310.994568403761,-1533.19024588664,3.27764648636612
1783.30502298785,-490.019674245038,3.23488913288785
1492.14049728627,-1788.33277654428,3.2351608297217
3947.74998446915,-849.48646876924,3.15323340186264
3808.72253349988,-8.79873183610889,3.17164802778397
3622.56789191283,-1563.67133919957,3.15059982141935
2440.38932053974,-2143.07510737931,3.15169192367409
2032.96387025699,-347.085319634884,3.31140213696766
3009.48640742419,-172.125980585099,3.27584815912493
319.775891156993,-100.909936351335,3.25288071284232
544.951318149795,-1278.6732217463,3.4003021252345
997.340401898615,-1702.23607189535,3.25332553083186
2804.6776075543,-811.81003444588,3.13202986518487
2700.68425285611,-191.47705085245,3.31928741070871
866.555077298953,-291.201393167547,3.27281152452886
1456.79008022328,-1745.05980576974,3.25325759652269
3083.97982365805,-1858.85631416513,3.14171780288751
3549.8838604794,-1159.11529314786,3.35843660701991
2533.58223165264,-184.630982238307,3.14764675258036
4052.122447327,-1621.65822339691,3.23822216526749
826.88957941146,-1916.09090582783,3.32209400849951
2639.10337097115,-897.079086680003,3.19353650427149
1039.53724628889,-1499.82571936655,3.26044879788796
866.261698638465,-260.726335792561,3.2475964953901
3686.44425915281,-2010.4532954471,3.26787009762814
3972.75072418096,-621.288877175016,3.19724983883748
3029.06507324675,-1843.30511027657,3.28018338933415
2795.05191220279,-2118.85291011568,3.30253892497277
3220.40636837542,-1829.04275702109,3.35879919815279
1075.41570259855,-1287.94791249794,3.43773540320786
1878.48737144895,-36.8247619280654,3.33492406477652
2512.08354784448,-0.803787022977183,3.27907120775485
1509.03361498231,-900.962397119558,3.2716283412491
300.495072376799,-1948.83868107662,3.43922248359927
2336.48309390676,-69.0831415063233,3.29045878829918
894.918236542166,-1980.50166962569,3.22696770614733
3430.4348598256,-984.794889987478,3.27912884390052
2184.2350737464,-2048.07860004291,3.34571485295495
3699.36117178242,-1880.30311494971,3.28683578378975
1479.60793280554,-1970.10079978689,3.14158671092741
2491.43204410513,-1481.69990668029,3.38283255666872
1986.55382866219,-1512.88645039489,3.37286796715604
874.764517593436,-1146.76969750946,3.31877868996546
3557.56345250442,-1342.48941341655,3.33888312281079
1093.86055189258,-1513.47349892814,3.39177260249409
2926.28337984751,-306.518105683726,3.33758379997827
131.308940780663,-393.865910458527,3.44309557166382
2400.12970421554,-282.902220908506,3.34438057802245
2180.45189366776,-1423.68516670193,3.27280068902734
110.373051728754,-1503.74281559633,3.35414399827315
3792.02689306215,-1028.29428203396,3.18405167854731
3951.04041133773,-880.554015515954,3.28903544233646
3300.30983752275,-912.493588882618,3.28755210406377
2348.93891995465,-714.40130138651,3.28520751130447
2358.98216106538,-1861.14126872532,3.23422302469353
2142.78402105536,-628.08695158294,3.24149791285954
78.7904368587404,-491.509657079512,3.37696717163907
3575.76357889939,-1190.03459464482,3.31312080707632
1901.76095860542,-62.105200132553,3.3666235171821
3617.62356979834,-1513.40893722632,3.35821824592359
2053.56671175634,-354.194853569349,3.24829246723408
1356.36146365104,-1317.48611365369,3.41790396224775
2328.29652003751,-1807.75805392318,3.42033103549398
431.517090572961,-1364.35993778804,3.3608578790083
1474.11552811581,-899.85073380944,3.35503857504096
1133.6561120942,-1225.81988432019,3.41718151573869
3161.99713368253,-1765.9657175061,3.51800508652277
3182.99589309629,-1870.82250429575,3.20514834640917
1042.38187297323,-709.60118324586,3.37330110198824
3191.03415285307,-1432.95625491115,3.2634831394052
2217.80279478213,-1684.50874884521,3.14885593554667
171.921858599819,-771.55756883206,3.3562276215666
2743.2819346922,-1641.63881212978,3.40715193987862
3258.76386402573,-70.0606755268162,3.37314770174353
1164.60056192747,-1144.09079821942,3.40287930592148
2927.77676855224,-745.504076946078,3.39070237207595
3239.05188194747,-800.241383550058,3.26215392751439
263.350435251301,-1352.52636004538,3.37771468113588
1778.90612526613,-2099.54760660423,3.21746622811147
2116.71534125628,-1136.62250486269,3.3395104974403
1987.00463719365,-1652.16902544603,3.32007255679246
3932.38651048916,-1450.40989772127,3.38663737140091
3911.06931236806,-1266.08110059797,3.41769219845792
1688.1687077205,-775.02539046486,3.32896220282005
3032.47705334259,-188.34357085201,3.24535002941015
2168.21903828308,-1106.20178237486,3.28329735080667
2627.5683726804,-1618.38296828477,3.21859628841092
1988.79015665462,-2177.75846852654,3.40320511465022
432.865568485266,-1738.69316884474,3.57841761256736
747.078082524949,-1885.49511267849,3.31127645647032
1700.29846656942,-1477.72143833071,3.30477295173917
1153.69768576608,-1002.03744528884,3.36800985861485
1299.7277548296,-1047.62987114626,3.33689044091117
2427.63919546442,-648.968085957403,3.18116941638201
3411.50849610311,-1788.84011920586,3.57469309221467
2319.17593512566,-86.9967956213444,3.31915522805237
2085.5282210651,-250.467404851384,3.3694425971896
2641.92166451955,-677.714674044435,3.41816000725225
3380.14980576054,-1532.73908990987,3.3733841911946
2371.27034365053,-1678.35436314398,3.34610607833234
2785.8674749043,-885.332650295557,3.34779191722141
2921.82200939165,-2213.11756430067,3.3206606560389
1826.5874483214,-1999.5355727277,3.39835119304377
1474.14928901247,-869.548327044355,3.36351463647559
1791.00902139949,-682.28633948738,3.48391585377036
486.651809519611,-611.986619835257,3.39984514223113
3492.4813017395,-1207.61338077188,3.45554319885234
1954.43137442075,-1446.08745903196,3.45603847876137
522.864829500563,-196.834545427897,3.27081528923764
3660.10748842233,-2133.47215439544,3.41858048000985
295.78574666469,-344.780559139917,3.53706036233473
3689.22880137543,-615.008866403566,3.48661854627768
3168.70183832022,-681.014392131872,3.50071869550225
3429.69749414185,-1203.14582005812,3.39760984007059
2216.75027335558,-595.661691596707,3.36334497581415
2127.21576856812,-233.611133630377,3.55541986725194
2679.107479917,-101.87583001429,3.48449821545025
2180.60705062664,-4.51449309154982,3.4953760322667
3159.32349305211,-560.608330189219,3.47986981934393
172.516428630947,-49.3907011061196,3.50540041099022
3279.52437247523,-1548.90366490705,3.40831626056299
996.972035575308,-529.996509102931,3.607872278599
3198.97265733638,-279.020887461946,3.57025891181675
941.178666116671,-2142.89276021309,3.49328262168517
2955.05867166165,-569.03326607899,3.36626824224382
1883.607110397,-1342.36931721012,3.48488740742533
3578.5533695754,-544.045267016869,3.54877293914098
3634.27380727644,-1086.04734516089,3.44224466473359
3035.35819667646,-854.256743294435,3.59593606751884
1687.30534839555,-873.928215464271,3.47260212695072
329.387428495691,-680.940874869106,3.59137929281282
2824.56827661254,-2097.668929696,3.60874492427638
3807.7348848924,-740.458741640245,3.5046191144773
2470.38191448497,-2015.18066006956,3.4753790877349
3723.48501522463,-612.556001940114,3.47617687062264
1814.04002258811,-516.23547517797,3.47410222836713
3095.36648011337,-1455.93735221166,3.39944331529073
154.338228765178,-165.651572375124,3.50809582793614
2790.53290842945,-827.521064026446,3.49918330891165
3086.12677729334,-36.0364156779433,3.58154174085962
2063.90286353905,-680.092874045131,3.56028574912224
666.620301482484,-1453.84063478775,3.5106912357124
2824.45597151593,-1098.13746131091,3.47999068686297
2349.30009719055,-120.393250135333,3.42055436826452
3633.29346394144,-2191.41595085983,3.52259150456463
3296.04567738562,-2131.6544197385,3.5867902632793
3179.69662439547,-97.5774855700585,3.61097121231448
2385.52062359255,-162.500889785763,3.61991353844646
2282.55895204941,-564.270732517395,3.43303524025202
273.596130718656,-7.94511968286265,3.55042574613302
2349.25941397987,-1411.8751767184,3.5531586500483
3283.60260691633,-1757.90113363535,3.62896430276459
2562.78168061907,-2024.23908672791,3.58481307698606
2315.74029226029,-1965.84036432769,3.45717408574378
1252.221236038,-1727.11736823405,3.53065154431538
1839.33324106593,-1360.61794203461,3.57968421150714
3841.34300111267,-1670.81884827978,3.5882945822096
3476.66624579688,-1029.87277465877,3.55718892077941
1874.43423770717,-1379.8694747622,3.50576717935263
3352.71374944181,-2203.6935006601,3.46636869975095
308.91687189448,-1335.42192295214,3.65179937008541
1947.67778885038,-612.218448250466,3.71353151618474
1486.58323424905,-170.12347620642,3.39571684782921
2993.70843714556,-1445.55202280181,3.66441248732305
4043.0429890133,-2057.29364440471,3.60938540406085
1310.2007993172,-455.689824531894,3.53878634705276
1680.03707745724,-2163.35635989847,3.56798388019013
1539.22597614167,-2129.96656860354,3.71792532220523
190.915583379855,-885.174113553522,3.47400865148052
2474.89416540349,-2115.80632598372,3.57351654063616
1783.5700595897,-784.620780299759,3.47103808992206
1835.08984590018,-602.090404490174,3.6109581499366
518.2059939086,-1552.18912421743,3.60674032792109
2729.86968127981,-273.39186434407,3.64801659975911
2354.96780386405,-390.511328597895,3.60886878783757
1284.53773889572,-160.188270443769,3.81933242900613
2825.73916082574,-1198.90761998746,3.45884402352494
2137.22303027672,-1294.6183241566,3.77693774438253
560.842350591438,-1912.21551035535,3.62798998949467
2056.1752760907,-1822.96484938207,3.87828500539798
2837.90492988764,-1584.80561787415,3.69818214796029
2966.26635175983,-2082.42767877971,3.80261048222865
1186.83903912375,-7.04556725924388,3.56493621039971
2293.94173604645,-1091.11201582106,3.62688018667905
825.723019951493,-821.74743852428,3.71429116595147
2547.23238442193,-2157.67738563997,3.71789298170145
64.0148740688343,-1510.81994777375,3.60698031460715
3893.63101099984,-464.520052923903,3.71300902095401
2833.84500937227,-707.467058762645,3.7744624755923
3725.15876235062,-687.146961147617,3.81045580169247
1218.05191134165,-199.148726701774,3.75995686613458
102.850450841124,-1324.61750271263,3.73865179727472
998.592144918468,-1164.87226354505,3.71059529519683
2380.90500735082,-1354.13830920081,3.75532619072805
3255.70723815289,-1130.5152063334,3.81252986237888
3000.41686894084,-1673.89739315463,3.99634413724283
2278.87303495136,-295.359949516741,3.76473623088528
1001.82364276162,-898.1233934232,3.82066661923444
1511.25318365045,-1729.34139343225,3.75877839123784
3132.25745635687,-1994.6006774222,3.87040206052449
3733.15049647468,-298.64823270912,3.90848416051984
323.478729252958,-1731.52330377675,3.82430106962039
1869.09813843369,-1997.59005277838,3.9626160681349
550.792510866491,-850.224039320108,3.95134875645489
369.109914548315,-7.55774974231561,3.64498387094848
570.914663332142,-164.692992647067,3.83795875652094
3062.45738547601,-763.696151104068,3.82466715253052
2700.48189588377,-2037.94956106727,3.98584245608156
165.184062747035,-306.279374754355,3.82222322722237
1360.50394606004,-1040.62990925748,3.84192344180825
1600.08606991096,-1327.25025743848,3.96434875030934
349.918846020112,-760.033973013678,3.8874099701174
3750.89624639546,-1031.36374702537,3.75857155701443
2872.52950563744,-12.2745989492077,3.99819538203654
516.175807070076,-122.492709166374,3.84804522534011
2423.92552827374,-1003.99133078977,3.86889484560833
3344.60926490637,-1358.17434237018,3.86521028495776
2809.57917475561,-383.839861445466,3.80126069361604
257.639526649094,-696.312595563418,3.97135870299859
3780.53884552649,-1517.12922986337,3.77557670312252
2457.70374784434,-314.888212972694,3.93615094139226
1092.19605988478,-233.195427734926,4.10966220933461
3008.49928200738,-295.385801883414,4.08242378882932
1949.538450348,-218.435859997416,3.92261784505257
853.4406415304,-547.064506408821,3.77797674583458
962.355443782725,-273.09992280728,4.04855261669351
98.1662712616004,-1095.09461993971,3.94518631688577
746.807573597034,-1134.53805941023,4.00906396447041
3276.89172163374,-187.326177498828,3.88612132877682
2992.06997005581,-22.1976899806845,3.82630567144785
100.01576791127,-321.442893121603,4.13347399983993
1148.63895579907,-2223.22076465333,3.9431423972177
3263.80813042743,-885.949844101943,4.00352870859448
2600.19187767966,-438.540329917795,4.10449880029055
3999.84025752214,-1314.87365256451,4.04399987223009
993.40398599902,-1881.34015950798,4.02900138416175
2237.06032631389,-1981.31296475243,3.98475763784732
3307.84721184563,-1908.42790130618,4.05262715384865
1758.14990877127,-860.619502355784,4.13530940815011
2943.76927365655,-975.649695363857,4.05002122679447
1571.99655883577,-1078.48077424576,4.07067238331159
3312.94179789411,-244.127604462294,4.24919267604232
284.552991564662,-546.720954814739,4.28725514388612
3086.84264958447,-1949.17882822171,4.14191000796662
200.761651342167,-396.432684423903,4.21409616655753
829.422363472548,-1349.01230320782,4.21416307196953
3761.56430123611,-1432.67908112876,4.20944962704177
1251.51762345759,-1526.76827854499,4.12119789114429
2727.16095265991,-1965.68019825272,4.18477881319594
2442.36302896714,-233.418153646447,4.07708303903204
3455.83383927255,-28.4370696038221,4.08200051825974
1235.15332411429,-808.214491260656,4.25214142996365
2585.92462538618,-738.346552443669,4.39573027542936
404.599837491984,-100.534739680372,4.18773987208256
2333.30800143612,-1818.32294709093,4.29151426403712
137.297760129554,-1177.89521442807,4.36852006435073
2540.06916136186,-1931.1935158895,4.18630118082683
454.963763572014,-893.055300491201,4.31340500165056
2099.79581151144,-28.0780250579793,4.35815964317545
1260.2871606322,-2156.24072154569,4.34748592415723
3049.19504860727,-832.19071724783,4.36077074300624
2289.14192894684,-349.449899252662,4.39861523884356
1822.99538547663,-2151.79272854159,4.16392461855397
3447.84737420402,-1655.09634271571,4.52334589330259
2486.82294667288,-1324.06643663791,4.51539759766381
2337.80616665307,-672.556373027158,4.55702591835582
3342.36211768137,-684.063723493456,4.48271536324354
194.252699476373,-1265.36374610899,4.38667849802834
1730.77224136965,-1365.88294593551,4.56953996101393
3956.84483966479,-1395.85476333774,4.48536566314768
846.61900205604,-1097.61082348755,4.45675907785579
3043.65999918865,-2083.4908233424,4.48952598175365
2057.27281250293,-1400.42822290239,4.31228828518812
2921.13686201906,-2044.26952112689,4.4473852417147
3133.12471012907,-1087.67210537901,4.67541911794687
524.548520704474,-537.91450938417,4.78804891220407
2573.2654979278,-1608.24177297369,4.76762596093697
2982.94505333438,-2157.98360912474,4.53281187168041
2905.17030333945,-436.333074024244,4.69910041748781
3618.88620020385,-283.452606080379,4.74209678857948
1119.51448217736,-1436.14845685721,4.84005409157697
1557.3238576852,-665.524518049227,4.66314435403676
529.966734897648,-1203.42315430187,4.73963194722165
446.880368227606,-1293.191788497,4.65985252662743
2177.20657106452,-1862.5393936322,4.83970590947
2668.57228072236,-2103.35808643459,4.73344019133297
1353.57930318588,-637.140608795978,4.91920303443311
508.422515938959,-2080.71881854771,4.7873027403448
2953.6865731925,-1945.72416886001,5.08595629052104
1936.54757620906,-2190.00291640091,4.65969253434507
1118.20811393209,-1985.98563335335,5.04741186343954
3214.73027036404,-1259.63684800268,4.77904394447429
1685.67355111152,-486.628820096448,5.11898143677976
187.627597229766,-667.776766224986,5.29425515913141
2994.71011831575,-1186.88388926577,5.10402648298741
2892.39013129971,-228.297890832552,5.17186331437733
3462.86596948681,-1330.74883689191,5.44510507900307
3313.49355297451,-469.103952947309,5.31557783884073
1549.9165809095,-999.962663551256,5.07065645168685
758.269810269383,-329.646457351821,5.4045750371818
698.608416742666,-1663.14475928083,5.53111389118023
1410.16756442653,-1175.71636763989,5.42983167392717
593.978298629873,-1024.45025200057,5.72992263959331
3652.43872852453,-2100.63057058404,5.7911922815589
2628.70147379889,-1084.0396846881,6.14173210361311
3382.15307819537,-213.459446515773,3.23131920651016
3210.72529253516,-113.795174653571,3.19076712915974
2710.40514589657,-649.851626833896,2.75648440796218
500.944589730096,-1902.20159163863,2.93366752689876
2087.42122692897,-2162.0030596645,3.00542590292901
3554.67836758902,-85.7012137785244,3.03599915139104
439.70220283254,-743.153042773409,3.0747951345116
1662.41865356766,-444.808989859797,2.8689654598069
2353.09513134413,-2053.99241772921,3.00612371493123
2981.07697928517,-2034.07209760273,2.99527436818974
2671.75766663657,-922.846225069074,3.13634504089758
383.029957777925,-486.174568880678,2.98653844696431
2648.25967529191,-327.779227245095,3.09075871889163
1808.54747986221,-730.568979401909,2.76437292874104
1586.2531172716,-2063.72198421779,2.80414405128025
2643.90999962521,-363.766699149893,2.91191333528607
184.641619721065,-621.796286272522,2.77707133232793
1725.72401237566,-970.043467043579,3.01212786098188
3084.62362523911,-1081.57865081238,2.83464601291995
2457.22122731567,-156.856386926306,2.89667334158508
2178.34185097023,-1320.33991493093,2.91858152379813
3671.18463223902,-130.092026815012,2.83491234658057
2215.2033225573,-49.2831152738007,3.30542794286392
1705.92593905997,-841.390911363595,3.12315742966212
568.613622460189,-1495.46342465869,2.90857507355902
625.071653756059,-1418.26446122237,2.90481613610517
2686.83258961105,-29.7839150633528,2.8843345491262
3182.21095827643,-1605.76517655364,2.80574694825487
1216.82919005502,-1931.36367227123,3.04365622702464
3750.31397383747,-1733.48473047353,2.86562409838388
504.206702836169,-2160.18375142366,2.96731972383385
1430.71645328875,-1778.85656214103,2.98661761950041
906.22372875367,-200.23421504883,3.07597783807625
1137.22153518433,-293.23232251931,2.78570822481855
2268.40033486164,-495.210849214791,3.06990043742112
3263.37557715125,-366.607150507596,3.08291686757773
2381.24042039807,-309.413386507747,3.0310926225328
1500.52221293226,-1003.9695451303,3.01187985329336
581.570683150018,-209.169272688657,3.42690087365334
1616.28128207246,-1083.2330513008,3.10174698177825
1528.06263221476,-504.517198534188,2.84930680541911
408.581657418536,-1036.88241157481,2.95987245046059
852.261875902526,-421.83640002111,3.12395368388123
1799.78090181561,-200.623762123001,3.19235883242458
1425.71451024873,-80.1496255958693,2.88686408187568
1600.94739695016,-598.054767657382,2.92054124450052
3887.99418774226,-1305.6722200763,3.09271515587794
3431.58557815896,-250.942760522254,2.913677032844
949.404659583412,-440.410706438158,2.97466330548547
3430.407699292,-287.917535254437,3.23765072226258
2409.64471989583,-689.477055831733,2.98461782815971
2881.22766731229,-470.814909866894,2.89926084271364
816.681416712226,-576.586373927103,2.92472560704706
590.057147216772,-1506.30176593176,2.72869955614606
1462.36231189374,-1714.50656955086,2.90091290995188
3429.01532241036,-819.144254751806,2.96184142408605
1120.2643803366,-970.562077665467,3.04609950804745
4020.36819022332,-66.2187346816774,3.05887374125513
2315.14629622857,-991.786358590666,2.90867055580577
3536.19922756189,-361.785616298482,3.3512012024895
1390.62279180131,-102.119950334371,2.8103374635448
3392.44292955615,-1962.75197084553,2.74341889195503
911.402118773704,-1528.16413202134,2.95991799311798
2014.97467487717,-462.037551678845,3.00128590187262
3177.34045758472,-292.615399663588,3.07898120189132
3504.76692328808,-522.06830155493,3.24107962279104
249.678109128457,-111.812148400635,3.22362145199719
1035.38684510251,-122.817014468287,3.06596259186048
348.792594699258,-523.066430411099,2.94452858272324
3092.36298537948,-1794.99310792358,2.84722142420269
3906.75282217686,-9.92577563862333,2.82295754744775
828.313266968345,-379.258090733258,2.97367717783834
3141.26712231756,-507.236125041978,2.96343646406806
3725.16225313413,-337.371999400597,2.96147065483287
1318.30207900587,-380.524907265921,3.17313149118933
432.335646530101,-1875.50972746764,2.92133371479458
2277.50085360376,-708.221123462309,2.78778360975382
4003.67230226561,-101.184677353106,3.08380424355287
2080.18636945663,-357.76897723903,2.67462558892887
2120.73988530516,-275.999030312351,3.05509392734662
3532.77808462869,-879.246906968383,3.05089301693521
689.36874837089,-82.569358235259,2.83865418834932
1144.71958660564,-1449.21931169178,2.89254567032314
2795.97664644216,-570.792674414017,3.1887348396373
3608.72580996821,-622.532851599373,3.00467969837003
1633.40557387041,-2134.43554993994,3.07100158140919
3152.76756340945,-305.975062501554,2.57363706691112
669.121829420408,-446.958109216358,3.15294428140473
3362.16970269598,-534.212290752975,3.36885983694988
2158.94607383261,-567.260752017109,2.94107461008599
3043.57039939861,-1642.95422655507,2.92552559454243
2038.7481297587,-70.4111727968175,3.27708045216589
1284.54801415181,-2111.53480851434,2.98118750691298
2769.78106560022,-1941.66463663027,2.95223400867506
2743.27365091579,-1838.75083597925,2.97028778712699
3572.06623598241,-1895.05927120783,2.94726753482033
4069.84072016513,-398.573265177349,2.75117295243305
2594.11783250874,-24.8158914701027,2.92551629949474
489.169467100093,-1471.76652686344,2.96385750655252
2448.1455852059,-194.842129517536,2.84112182699267
1116.11780429398,-217.269354011677,3.46659029657468
2195.9565916482,-1652.72232838987,3.0416554134383
2040.40757191217,-266.348506514239,3.02342005227998
3123.2822557861,-441.487395615062,2.99336315259347
1923.68530350082,-412.38394717801,3.19788494886262
1444.75521515953,-105.770636272514,2.89200080450086
1313.10519474123,-1415.34386513205,2.93990953650373
3210.72081358689,-411.430623792273,3.106380152509
2017.30358020301,-1694.94994488211,2.91560989831384
2336.23855584872,-2217.25572345015,2.9201805059184
3111.58707576411,-2199.12212072534,3.12211034738803
725.579053118884,-1024.17988641081,2.98085784620339
2978.25893066594,-332.699956446148,2.96238574125676
3528.62857987146,-1670.30501854675,2.91262155858625
980.74822568054,-41.1338007382962,3.28167438515031
349.293913372795,-1455.33368227753,3.0895267763026
1495.58106112361,-1218.7246320815,3.01589099150973
3354.80423838581,-1883.90777312641,2.86870745953882
1129.25963297185,-61.1039600479736,3.24739867761806
1206.38510309706,-1082.54710356983,3.1202317224705
179.96202322093,-247.771469872912,2.88212820308483
1332.67882778619,-1651.15055757501,2.88033287748475
406.847631745013,-70.0782906064521,3.08099798178843
1548.25161523925,-235.83028145804,2.95456544524445
1200.87031837419,-100.550553357841,2.8917759191347
2394.53961854567,-562.912094824071,3.06394670910435
840.045439262278,-186.772477118905,2.90331609871213
2486.10798980047,-359.696970063759,2.86524594509141
1571.90048389418,-198.690022625733,2.48481715248133
240.811966189334,-1729.82364798934,2.75383974706399
2027.9762056619,-2208.30827097275,2.77714226417819
578.485421634978,-943.531739580086,2.9418007284808
190.769800575126,-1641.72061096473,2.95647865988764
1306.11815398667,-2122.74779288438,3.05708465322477
1164.53805188627,-169.476037011819,3.13332561543457
1782.58239237754,-1923.21055163765,2.91740451743214
3271.04926534948,-479.461075514431,3.16971979177964
975.848443708906,-1545.61710899417,2.88412241276162
695.450189560337,-822.717736093753,2.95980220319974
1515.90287162588,-404.282641605816,2.78543295434831
2998.09651897036,-1744.19535660655,2.81114960314961
354.109706861254,-264.661706498301,2.56975999448034
2269.03145774883,-183.680219117014,2.79615896668996
3001.34163116103,-79.8878195833143,2.73893355831009
1417.38717142211,-224.004723877589,3.43875433924515
3436.65942374424,-849.174472464955,3.13326302252595
1182.28157282358,-506.352305452535,2.95446470867595
304.052622765373,-20.1513984392484,2.94952481725072
1061.7700214599,-51.782117781556,2.83147609102823
3307.33406054044,-467.356473650184,2.86538465550372
1861.1367151263,-16.8329269861817,3.07833607073616
3334.27621383487,-642.178986156456,2.99561921249596
338.111889258425,-1582.0764356762,2.85538471295413
2417.31193655228,-53.1684138388813,2.86342965727723
1120.73601289105,-2187.86598430178,2.91212916585351
1214.24714767401,-432.736658157583,2.86569843168941
3117.57334906227,-1708.01915801615,3.0889007361049
3335.88244135245,-879.940170567827,2.93960533769042
3100.48818727217,-2112.14743959468,3.05103013885561
954.432384601474,-2124.63394263155,3.05231473201044
3502.55558156991,-907.801504105984,3.06892531110136
547.320067904875,-2123.63461188322,2.77819886690147
2509.26585218362,-439.628648769854,2.95533221177201
3898.11792809404,-374.077442239481,2.91966315576055
1432.3291972273,-1926.67390996892,3.06592747021858
3450.15275724177,-469.991291851762,2.98187361378803
3683.63768594943,-495.782246719984,3.09204584015831
3710.94169692694,-2008.81230626204,3.03723256232465
2965.43836259949,-1379.27132412757,3.03358759899102
1094.22118947814,-103.376345912128,2.95550499798429
2498.00721738865,-1930.80785430183,2.94380717534342
901.441585156638,-99.4170959279192,3.03298509368989
536.278064309307,-141.049568043999,2.84668089374108
2843.15273774596,-546.79517683742,3.01919706915216
2086.29333281998,-1955.0025799304,3.16857003097315
2605.58494042135,-1949.73408963062,2.98654965428259
163.28603559282,-1529.57415746211,2.97745845791462
624.393853022841,-1399.16213520609,3.06360123793523
807.437263111551,-1444.78168440213,3.31448060281883
361.896329848138,-130.924743623842,3.02548453578275
289.822440697703,-709.133963405646,3.05745521366441
1254.50554972445,-1498.00015995372,2.99212324436922
3041.47878629119,-1953.39039691363,2.90038844496257
1667.90172002605,-145.108184097743,3.09438107074107
1657.77235649565,-62.7840188427632,2.81787275295365
1108.94159830244,-1594.35973927232,2.91599934883781
877.980394059843,-112.577478172476,3.0822348188174
236.537911071205,-1793.16876267945,3.01246381552445
80.977160807614,-55.7531791231999,2.91402580141245
3671.11972985426,-1438.82723025385,3.08770730883039
542.238482436271,-377.38847380555,3.00197234824463
2954.66205718682,-102.366120003795,2.78461443533245
611.585206662575,-429.319398995639,2.95856177364188
2827.87533825786,-8.3056059092447,3.02555161217705
1278.50083146232,-1944.54881075408,2.97552107437326
3870.58477981659,-290.198972107132,2.97831029444847
2154.7208965904,-1589.38286100513,3.09050587469647
74.0523322047182,-2103.92178384691,2.93388755431226
856.343364422039,-1518.91855327571,3.06656649481997
908.93737413395,-81.4993397384178,2.94118859941872
3181.16954366832,-459.986112934799,2.94474270819528
1700.65221306695,-105.264420589736,2.89320317846425
103.335098339063,-371.192666212618,2.85106144121225
1785.65238541801,-1132.11075636289,3.05487604027169
1975.58286417945,-455.225582904918,3.76297634623517
3269.82830972802,-378.723599564021,2.98517000905123
1308.5671448547,-225.888455994589,2.94607373734282
734.087769462884,-1189.27759243829,2.91526317027207
1279.85661866963,-98.9769861506991,2.80024615857484
3285.84157408448,-865.251437998883,3.04101765087309
1220.14100542203,-1553.13330012149,3.01097495744984
361.492597377185,-885.22264877937,3.077600084954
660.383973175484,-894.286468290435,3.01466458703871
584.544625904575,-1603.50249943515,2.97737089599746
3711.2768359975,-1672.60117566044,2.95121810296367
2419.28988148356,-232.344321343127,3.04972318057152
2803.39388286986,-1958.43933545465,2.9872188203048
1714.36028039412,-1915.90724396235,3.1842453372919
2317.82948048462,-157.069253982468,3.03626460006694
1273.53447659557,-202.319459436189,3.11745414826214
2179.84623346984,-220.732558874912,2.95345774488247
1760.67174912648,-729.843445463654,3.12563440295894
3183.69630435479,-663.334431129966,3.07024858804477
1930.37992153943,-106.414607642152,3.05890954220214
3713.17484011918,-257.939545309846,3.09731881177511
3755.86093695348,-164.337829937062,2.81171457792509
1580.03135559404,-256.825909248678,3.12731718184904
1031.24455338891,-1621.86259211354,3.21769331129863
1051.47878748726,-1576.49617964831,3.0662655278762
3693.96872284818,-23.344540316811,2.97717344530731
2759.18254416308,-38.0127468624593,2.93666605974401
1385.73893916837,-147.91160895863,3.33595824345791
3106.74484579465,-1976.23067431797,3.09841599766182
1011.93370774792,-1023.30074601211,3.26860233715313
1926.20907656737,-473.37332404061,2.93396233621182
3338.5478861607,-1784.91707126745,3.03814553499266
403.654722949599,-237.472808871187,3.09921357073181
2238.45038210794,-1761.72559820221,3.17577939162668
2551.28981667112,-2139.59020789417,3.09443949315603
1415.3767317593,-1971.3464102564,3.08364508736406
512.231355452602,-1752.03071904215,3.21889112378059
351.20616700995,-275.944872042808,3.01460224827726
1793.69007926501,-1646.94706169597,3.0293180420947
1899.03066934681,-2178.25078469086,3.14638559295489
512.801594891411,-503.601679585509,3.20580915726635
654.969169956213,-428.719361337803,3.08735904623794
868.154457255455,-420.808138887708,3.07131512905523
1056.13159886586,-349.144314865467,3.22128572574841
1360.43593582812,-148.990393822502,2.98826074601445
2022.71486669394,-521.788344203512,3.24037173532308
476.964617670594,-146.103078898181,3.14731876036399
999.035158981071,-250.03250860838,3.19107443882956
1822.98044135387,-138.546504433111,3.01425248881463
1633.61155934637,-298.943627692083,3.02166381942848
1974.22347024972,-1410.66380739911,3.09546937278498
2609.31598193995,-316.105876003875,3.176990428156
1637.88512983487,-1019.81431006092,3.20179103814667
3610.90826277999,-745.978696666265,3.36580913915183
3981.58862755242,-538.858027492235,3.15752147619284
3326.45241132104,-1713.44095700582,3.33854520657885
1314.48926291004,-1605.98839005602,3.19828927239923
1947.20208323259,-1496.47969328241,3.55189180764205
3627.31575910809,-932.686448417947,3.6676331811623
1987.75052372285,-553.400880530516,3.09396279392261
3557.63269666563,-1627.6181322658,3.48743696226617
2993.52429193982,-1643.14624396366,3.30389327730771
1180.00507293448,-1907.06934540013,3.20075334485056
2892.7933601193,-1355.32084979604,3.15997889591872
2602.13865819569,-165.11814023344,3.17852316483004
632.065376099878,-282.030556402838,3.45075128708615
2409.7715928358,-2211.13942056757,3.43494062410815
3688.78077850698,-523.265245846054,3.51889574986017
1939.80600812909,-764.798923224305,3.48320918931892
1943.11360257167,-607.809691876397,3.50326251707513
684.800321806975,-1879.58669746107,3.39329383602276
1832.35764915446,-271.299921674595,3.61344333222772
1692.36856652173,-188.369106680247,3.2333188855947
3031.12596915858,-190.309217992954,3.47913501052286
2794.63511161149,-1380.00284100062,3.32087845076727
2423.70834043876,-2194.55771109608,3.26998533942001
3349.14939210207,-1737.84658491547,3.53695731248964
2525.70790384715,-770.05884427616,3.30285717214862
2818.60188543549,-163.304442714027,3.51093965966978
1886.57071379133,-544.9530249419,3.51070757504195
813.499391926268,-328.34326495252,3.42774440456465
2324.60018775307,-1501.96519961016,3.4856438293408
1514.64190619771,-339.935789722991,3.49975277336547
1448.69429544483,-371.990422667016,3.69717662782664
2565.41458107863,-176.36241630036,3.36260776394635
2964.46014925553,-1475.30052019407,3.55471934400854
1481.85483516648,-313.699375987001,3.63969599228872
1453.20045482925,-265.453148193566,3.63860606672041
307.792522071144,-2204.37837054983,3.78564385647754
2473.36472687741,-2118.20372661954,3.6137706083699
1318.11912660251,-1515.30222097101,3.8684728091468
521.91009524089,-305.809685429585,3.75087232583927
1918.91774925097,-176.495846444044,3.57457535609269
1392.79805344546,-348.195025456804,3.94179399289541
1591.85803390188,-1694.73403110791,3.77875306602627
2033.55473325949,-213.979318099343,3.77205618660061
3009.42053826746,-1834.2178875657,3.95141823917215
443.933374208774,-349.547307597822,3.7969525958931
1941.04869521863,-495.74350212688,3.84968706904423
1318.51261143448,-182.28048828551,3.97032518521936
1090.47812339047,-2125.6663919472,3.9714765643377
3436.466594742,-1835.41947487465,3.98967984092364
1166.4645679633,-1514.81973207046,4.08334745849351
362.787264491925,-209.028384734422,3.66178263645432
1532.48593089335,-60.7400303549759,3.90858048873437
435.883609850298,-161.709259480545,3.92839792462324
1033.64529046055,-64.40993908035,3.7942675955774
1538.52484087512,-1685.05009599582,4.01150729297887
647.109609660169,-181.077427326208,3.8827916014779
2316.67606436217,-520.998630169664,4.16141464873451
946.833366796043,-36.9235412851843,4.2050191751093
2380.22888262277,-1621.68690037218,4.10358093007031
977.813507106936,-60.8006969949356,3.95210166045456
374.078770262367,9.05324720031651,3.88125000469988
3434.15520154352,-1585.69147195728,4.3218648704803
1146.70596151665,-2217.64992299987,3.87032389378952
3886.28433304985,-206.831450235359,4.07732778542438
2753.08797712726,-415.11392825813,4.01855207813292
1877.12068445464,-1633.4520367625,4.09033140459034
622.515371924473,-594.423733413736,4.24561599588513
1309.43190079173,-118.749881386615,3.89487920907027
2970.48135979426,-1941.94372487748,4.18072238723787
3512.04207651152,-478.654351134459,4.27883266814996
1440.41987908718,-1444.46593384789,4.42963231668289
2764.1178117542,-257.570501497842,4.24740525683207
3972.94375658263,-427.925055493493,4.41127112585519
293.174832662319,-1856.75907779113,4.53557052336568
2239.61298973471,-530.136715614291,4.53203588564344
551.503194042787,-1201.86902055329,4.47826034016944
2286.22393519185,-432.040110391358,4.47823778916774
2596.30193185082,-578.715022291188,4.48662623721804
1100.73819781925,-710.291432001287,4.54078567768055
854.97468536581,-1103.79584869467,4.62868763756027
3406.93044949975,-553.611365167825,5.14444647629898
1514.08180966248,-1028.37925002166,4.95375345144223
1516.08004414176,-515.761859305101,5.00305554763527
3298.55487241759,-467.71308175876,5.16179764372052
3648.25313922964,-1603.87027453035,5.20822341266664
1704.65191162987,-69.3031103149457,5.144457111951
2871.35284999303,-453.774285699423,5.34527385829776
3225.33317877742,-282.462264019087,5.48297081696384
1839.66738137079,-1252.25600709303,2.98093698202916
3078.38349509708,-1040.21215428208,2.78927178233176
1825.75709498768,-136.201839716501,3.10808493369707
2803.50846090368,-1262.3727562262,3.13414297212907
487.544644767452,-1789.23046439973,3.10767640237914
1683.7364901449,-496.738487549248,2.85892286394464
696.495843608168,-1704.40319702373,3.18245607170092
3309.38691818348,-2168.97303173253,3.26771071924231
1314.36573052493,-643.995617995734,3.22439468386369
3348.7197987869,-729.887223132465,3.55090020757589
3313.87114497707,-912.733329066599,3.5082447429099
4007.06921833849,-79.6283257167423,3.63798421889109
3366.02285941741,-698.102476916831,3.32222717238661
2583.00391709533,-1673.92987958756,3.49924168475259
520.705887262031,-130.656779447503,3.51806836094653
745.621041106501,-330.575767299879,3.49736542377017
692.550885864868,-2061.09791941974,3.59415135969093
2325.3168121055,-1552.87349087144,3.49814046213407
1640.71332157265,-2104.57985170157,3.76859067809121
1500.35737014014,-1525.53603509934,3.74997236217404
781.75913964143,-1943.89256900738,3.8079815709673
1666.20238044863,-729.37386954654,3.70030705870493
1683.29719975572,-2023.5261999971,3.76059462271823
1730.77206055718,-522.050715758697,3.52496517583302
1258.42480208596,-1413.90101439741,3.79142422882099
1688.54661582031,-1191.28810882673,3.95545403885554
518.370295434717,-2195.31026540908,3.95634168026651
3775.61496548485,-910.105986764186,3.94075707234122
3922.80360125311,-1177.72704378677,4.18122472031194
1645.72697887234,-2074.3763418791,4.11534020283951
2481.12680377039,-2122.13861367722,4.42185134865807
1136.97193580245,-2159.27896938068,3.98116112275374
2282.0345211586,-2197.47434155681,4.09721444246354
2743.63017890488,-2085.97573361195,4.35407442806274
3835.52168783393,-1075.79792451774,4.44498611007359
3714.5978427536,-1542.12551926883,4.49095144319874
2601.43383092292,-1743.14807104022,4.44332813495757
3901.43487899379,-1029.70301274756,4.59020989945228
1875.36382894037,-900.652238780485,4.50221053618101
398.306301141909,-106.582564024674,4.52436441144746
3922.03480733875,-297.204803429028,4.64340349475406
121.360579456496,-547.584496638549,4.89487604490642
2988.32662023102,-1952.1786625298,4.58534953268444
2111.11808364952,-1032.18565288266,4.96381743645478
2293.87778124902,-1702.47360319428,4.92576021791653
2034.02036893877,-901.968126158451,5.18435033146422
2320.76012001874,-875.666889276239,5.28888470347899
244.593901828895,-213.033719402762,2.91828213377758
3663.57404687743,-1531.16587631516,2.96053105237396
3045.77496883474,-1463.79810186177,3.0580111674794
3115.18659164921,-1359.71280318877,3.19329567866095
3948.37647729418,-1351.55180955116,3.09248555639798
3958.76616026377,-1447.83500139839,3.08520569786203
2910.57349082466,-913.798598711111,3.52142595936799
3691.91810390967,-59.3201836698397,2.99093775771107
2146.1829562427,-398.376840188017,3.17273692590022
1598.37107809869,-960.75648707486,2.98639088203136
1550.5947359163,-1480.03353268454,2.67716468332343
213.74926727845,-1951.03773748622,2.92679847809811
3309.42833036392,-374.958552465026,3.01172246666836
3774.67947321885,-162.873866846318,2.97423086687086
619.749997677397,-1198.28118303332,3.29511905698928
2371.11857159113,-1165.74590845331,2.91192103532477
2644.95343814835,-1521.5975313838,3.46243478691963
3336.70897156086,-95.9723838610029,2.96762445772106
1590.0796755029,-1596.47095727941,2.56379010874782
3026.20579718269,-1265.19605061932,2.86826285654176
2036.4714699326,-1138.6746429821,3.00454545610739
3486.54703732151,-2169.16425150641,2.85724214374551
1702.00475404406,-1416.70938893707,2.89408716141746
1199.57086998035,-2127.86213941435,2.90951699528707
940.77217379734,-2095.72882683141,2.94545879027437
2519.20437434043,-878.153990543576,2.96508535560901
2926.90568542595,-316.486319044653,2.92883666811377
3880.00926720835,-1113.0417850274,2.99638692390134
3950.16740435459,-2097.96064510605,3.49202345112268
1494.71320487347,-810.100736419329,2.98181457717988
3516.57088368823,-1948.29455644318,2.8690714483873
1030.18849187419,-675.501480732442,3.11663734998941
2627.26350226937,-2213.3505450819,3.2138730951696
3827.41854013167,-163.159269139784,2.97835886054017
1226.34312736214,-1610.49195363812,3.07281710045342
1763.81365281279,-1985.02480491814,3.04419503548449
143.281896579499,-102.756318796691,3.31923424946523
1976.63948625712,-449.785190191026,2.83624095157524
2948.16110224323,-45.3409380871538,3.32823584737865
838.774777732018,-804.770979522694,3.07887837031372
1167.6572209343,-1807.17541843203,2.96314503838125
894.635432058359,-703.067475489155,2.96098151931103
1659.75426038525,-1990.92578182693,2.89942781609237
1293.1582202312,-2033.16599655643,2.72927294538413
624.041490800308,-1786.41071933249,3.2205340764243
1811.58713385318,-1050.59901955059,2.83065076998157
1619.51111519653,-1750.99210601588,2.95649942106768
1171.70287031922,-313.76986811028,2.82391877717311
1120.54934275628,-1711.87152117356,3.00780221033472
1157.47361072601,-1626.8785820293,2.65537269478479
1485.64482356604,-505.159063816107,2.93102563374994
179.037878754605,-2138.40795030775,2.75855236896862
2800.36204574298,-46.0893318715447,3.1575280968491
3145.74047750926,-1779.67087620456,3.02799818996055
3106.30763939725,-1873.24443121575,2.86723190101903
3422.52474494233,-326.252625615832,3.3113296317314
3892.8858206046,-1795.56644517119,2.96154408744508
1170.94295683263,-71.831412266591,2.97407429960356
2411.80995215515,-1534.72903126292,2.77737099498241
2932.06535311243,-1647.03784992768,3.05613670159329
3831.32999048342,-1376.02499928047,3.14767672032238
2255.56847454259,-1395.69912620984,3.32719730634777
635.886857789394,-1936.50567350526,2.80612041983333
2094.10777933386,-638.850912600577,3.0587969794549
3324.38777346194,-1189.17864451531,2.7378090318337
487.999066386434,-1042.55054579531,3.02063276427154
2860.3406649719,-252.655442777668,3.08648430887637
669.28624630807,-2201.57525495515,2.96930425661286
3309.9804119345,-1503.87705479012,3.09677285755993
1316.37889746081,-1453.90714459045,3.49367615988168
946.666377227706,-347.316367649868,2.71773569318339
439.126783013588,-364.333702837365,2.97241884780149
4013.18792587616,-888.606979359935,3.24135714132274
1144.49068073056,-1674.06681457922,3.32833636786784
977.010631668155,-485.506599982814,2.72633650477755
3021.12509521052,-497.567490278019,3.26055359819491
2935.28040531558,-1056.04402712089,2.89157740965598
3829.67415694062,-248.40407226359,2.97473619248539
2875.46993424367,-2068.27088381651,2.96575146192443
4058.50914751269,-59.0954656358799,3.06199958546214
1867.18047930941,-345.057869981953,2.82740201882042
1911.74887327554,-1305.8283032632,2.91245124772663
1202.91923500617,-769.741481561343,2.93034976683195
3207.36628842519,-1893.50355097733,3.33842404675355
1401.52358767826,-2198.8022337766,2.97414390408651
1755.9748537117,-1034.4595447196,3.40052808425848
1801.20860524135,-1945.5195305108,2.91113130428833
215.522852142892,-869.427855079403,3.22325885705125
1828.30139174494,-651.120359772963,3.19267122448503
780.431909072688,-587.359226630973,3.03642118743975
3476.46245447958,-1255.39520900963,2.69566259728198
3615.73045647675,-1251.59081842716,3.3684072242292
1802.74398975691,-1381.09172865551,3.28277136656165
1032.46942261505,-1906.13982625621,3.03534453398673
855.62120177822,-833.286448212901,2.98065851597598
690.721397904511,-403.216950770958,3.058431596914
660.531924705494,-1480.14719467162,3.05032483240296
2346.03184857698,-1956.11211885823,2.95596747215798
3994.36651903331,-725.963027060189,3.0033298843686
2922.08419183751,-1943.15046189688,2.94250797824259
1241.21744656726,-1087.09725680408,3.0081014084859
591.909956945201,-1841.88619992468,2.97591348302513
443.307726563401,-1994.31036227638,3.03859738318559
3811.56979044147,-243.034882332414,3.26610804547581
1854.63828676407,-43.5816897442283,2.97579476899335
709.900594511938,-549.565013325977,2.7439251587404
905.55828371576,-754.011728327677,3.31823060161123
2228.15366905028,-549.627197861856,3.15877081952096
783.260687766623,-42.321484559404,3.28604792861412
1388.9457939924,-140.941575196383,3.0196339286714
1836.61020484238,-60.9729456066013,3.08367790772325
1554.63100013193,-623.108378413754,3.02758024497032
2226.63415556147,-1244.64549755825,3.2595164167356
374.338012786773,-1066.3693486343,2.48103991214821
1562.19769820547,-1334.3525197166,3.01661060788985
1121.58511738649,-1813.55512128605,2.9058977466974
962.515252039523,-1210.93958510515,2.95919852419364
230.605157366072,-610.363184969101,2.88662199484234
1552.02015229019,-922.580253413516,3.31930520034774
2643.70314883881,-451.220710724593,2.93235036692758
1337.41555302909,-1606.62355436818,2.99351775497214
2505.5445331632,-1776.96145884718,2.957709988812
3962.41341693543,-287.892059556933,3.30574473784713
750.730623816415,-978.753952792834,3.13297907476412
2106.18325913642,-808.941305021536,3.04769395438047
437.794837404128,-667.745318652001,3.05130067744114
1682.71794120213,-210.292793504054,3.14137814164165
1437.86595449054,-1868.8083944915,2.9709576198394
1380.33868960019,-1423.00651271013,3.18840515683808
2314.65793673109,-1544.88150111659,3.03931383582056
3093.12439272362,-482.828627088559,2.94956212672578
2726.14325648382,-801.632794102396,3.0322737555823
2970.16953737611,-1405.55441906741,3.44477533929963
1469.00165323704,-1364.77947420021,2.86045726776773
1557.15226552267,-1221.18875525527,3.14357884181249
1751.01523195021,-54.6625989860384,3.24183548594872
4014.06117337044,-134.108672460277,2.62081124994727
3527.89377772229,-273.178419923531,3.11166691489528
3498.22555098143,-946.328387064395,3.13929317073127
1238.15634814014,-257.517060514312,3.27845990004246
2072.73029624271,-765.783237403224,3.11917020013896
1881.10305119896,-1045.90421684805,3.02941259532082
3243.45713908425,-1790.20095167827,3.08137485602684
233.330965395346,-821.100952617776,3.21048205279346
709.853447412706,-386.099968717497,2.95838316259207
3150.15231987005,-822.685034527486,3.02114318644594
3695.1928148625,-2078.81631105727,3.05954338056435
1028.58757038853,-2048.67970190857,3.16821682864562
3384.9526375781,-1098.78430426937,3.07366016360788
2226.96746090096,-984.705403857362,3.33832078258586
1393.86764720101,-2162.67753425995,3.12291588237662
540.567459748843,-1354.69502081966,3.07523641885549
3719.82259688093,-469.069893534258,2.8518765168972
1560.12331338687,-1282.55253808583,3.08681386548199
1879.31862638774,-1791.15435472571,3.18077983873331
1209.86885039684,-1320.08863693478,2.88484618922727
182.965035959801,-2108.32848080489,3.24728289644578
2912.25352104494,-1469.98971326708,3.25547310062958
2632.00859607879,-293.602886639117,3.04235497235532
2977.48021059174,-480.757819493061,3.0961130421767
393.192747966394,-1644.44562169121,3.15727066657728
742.862271360735,-1844.7775585359,3.09943760754799
2420.12953615016,-350.25679051733,2.74078050666232
3695.46368716385,-589.422460195897,2.97595668842422
509.17042563926,-1413.48161945641,3.11924263116697
1250.85685851379,-86.8416584574327,3.22082796323189
3095.00309177236,-1250.35593679826,3.10745026534906
4051.4728648916,-1374.93630541812,3.32361359136375
3177.67663923266,-1657.52673581335,3.40618803528749
3968.2478540405,-1128.10660867741,3.16008471518358
464.241723728166,-714.114078625355,2.98535121219378
217.073707876397,-20.5421366447476,3.19495368541189
2102.23346530607,-121.979170739294,3.43864189351491
3072.88018845709,-1767.70751722312,3.0698786519336
1315.90595734762,-1300.76149615437,2.90898561529759
3979.01425202652,-959.626471468743,3.17475656159586
1569.32403106179,-921.138474813686,3.31869887519238
2579.41855520759,-332.044929932303,3.30925625546704
3124.3677019451,-216.540650881866,2.99422177822321
1116.58039617228,-1584.38033504293,3.40478659654561
587.431506848894,-1738.09025428141,3.1664477073832
2781.45486862013,-1545.64154572412,3.22831912952636
3636.75351059247,-1966.22246337888,2.99032968837775
935.752797512404,-1774.19905329832,2.92928559980162
4009.63553151715,-261.16130170686,3.00421277846783
3938.76800705998,-1691.09079714253,3.31839020347219
358.804341412544,-1300.2530551654,3.24008448455267
3237.71244257679,-142.998501956212,3.22185059634642
3848.35438094072,-1604.7863668202,3.2267290303719
2066.51808525477,-583.414010950882,3.27356257306038
1090.1218717065,-821.022559189545,3.28376522049329
2153.08145092636,-1076.60049619564,3.29892318748558
1377.7152304454,-1232.00805216971,3.01231531128784
1397.55928286617,-491.759653606328,3.12523237837855
3143.5557270705,-1547.0942720649,3.16867988961026
812.710506945651,-2141.61436098994,2.99023187823305
2070.73231982183,-191.156706316528,3.08442760227285
1990.09810376642,-752.807000280784,2.98021087689117
3248.03538053885,-1875.55779231138,3.02056149545738
1388.69615397553,-741.135233836816,3.13256445247452
1310.2514543179,-1326.34478073696,3.29087281273879
1531.02971447788,-877.193987908132,3.20307342204139
1679.97893807143,-583.227966006287,3.05563402352886
2010.21110581587,-2123.70272374727,2.99320464754836
2939.57890505616,-510.134580504198,3.45462318268291
2845.02979602462,-1177.29651997661,3.06478751057944
2505.75747681855,-1540.88748375258,3.52890819544678
361.498139874276,-31.2634320810467,3.4065199316524
440.495627864777,-1102.072401777,3.00165490443259
2333.12842090228,-820.25229946364,3.25837043293839
1631.80660785233,-789.165594279484,3.51147440061117
1460.49170342482,-698.460098908731,3.40259418967044
2950.48974262912,-481.696427171876,3.30036875730242
3346.92269278026,-1199.28892683714,3.57219893410167
1147.64133293333,-155.793046493654,3.18960199910288
1788.97121943878,-454.998720891312,3.20553675978439
2641.80531493115,-791.106377384263,3.42863053636642
1894.54639560309,-26.2883399836064,3.21741325069309
2247.03821963508,-1529.21574700966,3.01980304536253
3647.32727465301,-1873.23037768378,3.19920300040055
1012.55877360357,-2110.43276822465,3.66961979045878
944.41391497836,-1654.76541039973,3.26916140869824
91.3939528802982,-1367.46170046028,2.93111940308248
371.984592659206,-1527.52981265717,3.56219517470429
977.344739515966,-148.777006387435,3.42754928573972
1913.30822847318,-1140.60822023705,3.32147273361168
494.270201061591,-679.180992221919,3.27373071526487
2078.32845194606,-530.67879863862,3.06029298204385
1975.92629785299,-522.481664657402,3.51381133383939
3221.54424508613,-1371.08419771239,3.15278330288782
3607.35904701789,-390.535312431883,3.14937230683415
2013.16868099737,-1488.16465753022,3.42975622938825
902.947948425099,-227.30101469224,3.24884934873893
3247.86406502041,-1902.48187287006,3.41956271144445
2746.8066429978,-1742.47452535101,3.29463160166602
953.750433468708,-1901.26393737936,3.55968537181208
878.83535214372,-153.31879382988,3.10324992898263
2976.56625514746,-412.064734488964,3.79070157183761
3100.5989597079,-2139.57748503213,3.20121455112381
3450.92525541444,-1754.45051966431,3.28323609254863
948.076925212394,-1235.60036449278,3.44712429133594
1733.13738701307,-960.090108663816,3.38936774277447
992.569492019899,-1834.05838520424,3.36666364616725
651.979362345311,-397.791985810472,3.29138338654532
1375.5060030782,-1960.67522465947,3.27252615947808
2728.82995159848,-1577.46196245359,3.50877720721355
3614.02193050845,-1718.76883978846,3.45851057342733
1589.06682662297,-1145.90161747928,3.31894576801014
2695.71273897517,-486.303724320556,3.36506622716125
3887.23366066163,-526.964630663749,3.34356244730653
3461.11290495773,-1380.02261699084,3.41515403352145
453.017599351762,-275.746902249379,3.11303575270602
3062.78709950075,-58.2472341608175,3.48741702670805
2030.9616370521,-894.829041437631,4.01070744062386
1049.99326631096,-444.244444849448,3.17624707515173
2139.67027296432,-661.852853291169,3.51020406198669
1926.64373851092,-2154.039820639,3.3818016968974
2691.06671156719,-272.394541886263,3.23090757760185
3205.27799435928,-1518.7812044341,3.97693036802397
641.411935619012,-1910.48183496871,3.05328544634284
1638.35241264883,-274.105783178329,2.98121116140236
3268.23382768512,-129.448302835224,3.12618709920663
3321.14697306535,-1608.42263872288,3.26005122628957
3841.19681055533,-1647.12586125897,3.56977747758493
3492.4910171512,-1828.30402262687,3.31828493249869
3745.57892689497,-1082.62368958513,3.31831293759135
2435.87084451943,-576.964745755775,3.57748217519486
2011.43100017095,-2048.19013650816,3.43932283608823
1124.7238885307,-547.071033100486,3.6098003518044
836.483007927783,-1023.51649446983,3.64004894561643
363.116278008046,-281.608056407276,3.33997494094938
1889.84655110313,-1254.90144638638,3.77800424861241
3942.40706822186,-996.034583374514,3.38561979693238
2702.02245646704,-691.757086484244,3.50371602725928
1262.55048288133,-865.609250870473,3.36057955625843
2789.02048650262,-524.7169376759,3.3364772484399
3614.54895054081,-1763.47873156765,3.57972412633605
1938.53317297117,-1395.14491875495,3.59552241811899
1208.87793333733,-1168.89131484624,3.34857043414114
3658.25691579925,-1672.20029992443,3.87424910599214
629.23917328201,-284.016377180559,3.23301312716609
314.981955328841,-1981.64551056684,3.67733301290974
3596.44272433469,-1420.03955856562,3.5164365564538
4044.91371188618,-1046.58351905561,3.73949451684238
2031.24786354202,-213.632328135166,3.44947514633619
3477.91532953486,-1460.02175475635,3.72172149946488
529.287063383814,-418.859126967491,3.53983142791535
2004.32782407312,-959.249381656339,3.5110251582639
3332.53635335443,-777.784405522631,3.12276408792102
232.957336373096,-534.722108196815,3.27821917763068
1435.53167334624,-1262.39694060866,3.45316708588749
2613.58632636351,-64.3414489435684,3.08453278919099
3125.45691979225,-1399.18798217486,3.53063521485496
2900.7092279947,-1784.35764889286,3.61553113982002
1059.25965131466,-1682.38451944164,3.75213708234404
3181.27611640702,-1383.49750820306,3.75041717428158
593.063095294279,-74.3871676063354,3.31221295792727
2290.8354986146,-567.556278977795,3.43233806703453
416.258885818326,-582.088351487419,3.35044459179952
1840.45126882251,-742.510354631736,3.42028385219242
3747.92319566531,-401.494834660546,3.41757609269375
3685.97026973614,-1328.04016798601,3.32839597965218
1385.31002661994,-1156.09775145491,3.55796165109268
320.767265959841,-637.043172840186,3.18010751278
3865.04133193303,-1439.41424503024,3.78125072010384
3250.65488876266,-1961.91455953396,3.60161156944772
1402.08629354277,-175.947086357254,3.49172345662542
2282.94576216363,-728.499708491473,3.52254698715921
3704.75801403859,-1980.85980882851,3.39875130771433
3610.90919925156,-1195.75148565608,3.62958610875631
2178.26905571668,-608.082534715041,3.48832306518069
1015.98825547539,-2210.2754751837,3.50093660145437
2743.77338437974,-631.45403417811,3.51349364087804
2232.11387959391,-1806.44954035917,3.47240340338184
3046.5025565639,-263.536508767559,3.5906433289448
2953.920722407,-882.097975907839,3.57967411396168
3738.60753861171,-1786.33274558623,3.59317752721459
2975.58233646821,-904.54393308772,3.57344335969251
2731.93377472234,-2071.64085359558,3.4606232089063
3758.58220676248,-1341.33030665712,3.47345508650064
2284.33058115583,-896.218172082023,3.81595143024087
1957.84350774994,-2001.54166180558,3.6319311967564
2238.09843910985,-208.246480172947,3.61211772926045
989.874984014064,-2164.30858686154,3.81748719187554
1567.66500379337,-322.604777497528,3.60775249645104
3294.15651449452,-1698.80799886217,3.68922835932892
2846.00265630917,-908.193433594287,3.70895526313045
2595.52491444297,-1865.65502903242,3.9007703858914
3021.69611916969,-1001.81124556546,3.74723575316916
3840.74346374812,-970.655793341218,3.69148011361474
2508.78401585304,-303.819734196021,3.51549426908168
3336.29873126489,-1802.62468516828,3.78555571137254
2033.82140512118,-1556.92593132683,3.814344925626
3904.10146567653,-1465.58324130564,3.80979212831008
2908.43131371365,-887.794284933845,4.29996503168453
2055.06782024655,-2094.64874551743,3.41453958088733
2011.14104900815,-647.300098264992,3.50591908504381
2239.40379870766,-1201.56188456566,3.44543290183099
161.015829128707,-1067.02182289017,3.64353742319276
1783.51342072843,-241.349170879471,3.75100341486675
2304.68316279062,-2054.81404376852,3.76301142688355
2393.82050750288,-377.058597873909,3.72339373770786
333.118657909285,-951.45006435263,3.80080722541983
1766.68612391205,-395.199636747043,3.71137000069543
998.100712522453,-421.557163491347,3.36662454592832
1796.73344053211,-1308.62105136468,3.70123647522798
2386.66727688961,-1430.16272541747,3.80561116080271
1529.88422475836,-975.272088519009,3.65392854787541
1634.58396039318,-1200.22998469882,3.53813309026897
3064.78333867891,-1357.15238115199,3.91509371920631
3134.3584998201,-1296.81467687816,3.8601352362215
1171.39170535972,-744.15481058104,3.68772640288763
2438.62522794836,-437.541602065775,3.49383211904347
3908.37731842931,-2180.20636475341,4.00556102903666
3355.07256105762,-744.420121185661,4.01819717080555
1654.82776674026,-1649.17618235738,3.64344948466414
2101.63036972245,-2101.83234856133,3.92720796321569
3229.69675173581,-200.259815506989,3.57700101211625
374.109050108197,-2054.70204970628,3.68118739453294
170.103644377116,-1998.99175345384,3.86628887652676
3114.93062158938,-2088.71819284734,3.72843420150129
1925.98620238506,-722.880103629675,3.65555649975806
2101.94477087383,-1760.55831021021,3.87669851637772
1366.6824468245,-217.767065360845,3.66816566038897
877.25463572573,-874.578637728123,4.08639036810155
1765.48013135184,-350.405655340005,3.68392250404456
1394.78501333253,-343.5877862995,3.66784767912542
1998.9094737983,-1818.91032725723,3.8531182972716
2217.36659483011,-1304.57164331713,3.95829085614232
1815.1832162555,-1662.5106324572,4.19964234703066
2148.97634510402,-1473.16069621859,3.79835567015646
634.066470934778,-738.850762082445,3.86045298011664
2995.80855347785,-1867.58298016627,3.74137857302082
2019.87533821161,-683.005884455278,4.04589408012675
1196.27932563202,-907.829749730896,3.62866451441254
213.116856999464,-140.778470782019,3.78431280235169
981.066560988313,-677.483426884512,3.8769040495731
3973.44910723815,-1807.61604832934,3.99150985136001
1734.26803272613,-1678.12050473827,3.61421752383214
2908.91294668018,-2118.11123885328,4.03563975043819
3311.77014286797,-1011.85920133429,4.04463968218335
268.303904171264,-235.040103384223,3.84742138224722
1929.26254653475,-345.087650874198,3.89100526172011
2160.13830479055,-919.7639903067,4.03380780331183
2494.18885245492,-465.726182324099,3.79817629801702
807.357340996348,-926.738980765614,3.88178700880039
1843.39162353887,-1881.09753940848,4.27899989373202
3990.23615692841,-837.339600741642,4.28399066474021
3706.17485140909,-1567.0947331798,3.9633085878281
2619.19338643209,-1807.93977289051,4.04145475815944
2195.70855709436,-1365.76977885417,3.92388296615006
818.954349819113,-1785.17457623854,4.13656695516789
2774.68191592658,-263.12658791704,4.2160597109285
725.992496374038,-1910.36329415423,4.13277279945019
3625.442907883,-1364.43994609035,4.00627728745989
1334.07955601607,-2012.19733613775,4.13374243484547
352.425455983951,-1423.23002744767,4.17781530717386
2000.93056788384,-430.750836755742,4.22273044393301
973.784850802549,-364.285450239172,3.82624033462216
2278.12049917133,-1727.02851031093,4.38899519169874
1038.1411473136,-188.659797593263,4.25588459340277
2101.18233409845,-1919.87239221399,4.32256926646177
3516.22606750197,-571.146605736359,4.32109100350386
256.948227665688,-1020.40017987282,4.28500299319281
2265.52686497806,-1365.68749221095,4.36046685053627
3702.16195502538,-1178.19006260045,4.4860447996988
1748.63577511785,-1227.36800945951,4.46439523014238
2557.02432946875,-2106.45363023528,4.59105584950301
284.665945732364,-1185.09094120738,4.78330924961139
115.025801766816,-520.446000555981,4.65717144982423
1245.16467717701,-440.689660506768,4.47965923643652
3679.8136612052,-968.252895858429,4.7265155095869
700.682702055239,-678.294628184445,4.86166684089804
939.484316271091,-1979.1027638897,4.94952000130565
1329.45216589169,-1717.55800563159,4.40939058137815
263.581160007402,-1335.67903094745,5.00377261393194
462.97551507173,-1947.46239386024,4.83347049955824
2314.64817056483,-870.370319207177,5.07858493251964
2894.53976938806,-1444.57039907645,5.03577345200058
2942.29439827977,-1616.2135984176,5.05172999374274
1171.96273283477,-1816.18624830514,4.8882355985634
1688.96252652088,-1497.1575977388,5.26367752866311
624.252233726157,-1456.91110046622,4.92509215365704
2024.20431796505,-861.362800827653,5.26664049423712
1682.63660892426,-89.5340403329326,5.26009451019083
3332.96207238607,-585.931593602952,5.45674859635085
1726.0954977876,-1100.02067808773,2.98300136095043
1111.4266493005,-981.466169181753,2.96164197545583
2546.50757132554,-1868.60470026892,3.07096189448604
1019.17341115151,-1550.58814524431,2.98336079102404
530.282793123518,-1318.90898812725,3.07267845855427
1452.10849698844,-607.80297899667,2.98301877770474
859.232448555153,-1132.01344703903,2.99579401016151
2961.50753156728,-686.184869543151,3.19718806309444
1589.0953092901,-588.839029831856,3.12032164585146
2146.42727817526,-1093.75946749004,3.1049807048723
1252.81085500783,-567.06492969561,2.86539763440526
577.247351775728,-378.06717035831,3.40001658897821
113.189362992776,-332.685435379357,3.14118209798582
1378.90578771136,-1223.55904771048,3.21941968548261
1761.66981368276,-552.622513309906,2.95507235156146
1491.15622532753,-164.071898688315,3.16529313682067
2354.51230995879,-1728.18292339731,3.41679299106868
1658.18138737113,-601.620271745479,3.1201977164133
113.348039952975,-58.4449190002264,3.50044040929308
118.660020271415,-447.704748245675,3.40599939880025
2034.86795620339,-219.870389724366,3.28055516660542
196.996196110975,-550.282884487298,3.39882396278101
357.253620964853,-474.66695525726,3.63196847323153
832.082799501299,-1233.03489776576,3.68444927845147
828.795946721536,-971.761073831975,3.52977743882911
534.527830832602,-115.293053954653,3.83294931477893
3203.46256534842,-1892.22363405881,4.02936555397727
529.158205640584,-404.152118216839,3.75688200836614
3017.74825387718,-300.154773326255,3.47794779244841
932.294178479298,-817.824584335599,3.92046139974621
1489.91713456509,-873.681680163898,3.67782597072276
199.022734666241,-400.483064947113,3.7759242209018
2114.85622630229,-511.12305445771,4.31077576964028
2199.37560682215,-407.540979909995,4.63883766813217
3339.56834564976,-590.990521917321,5.053930983584
1882.66713014948,-1699.94280076227,2.89488505401902
896.4166878094,-724.81090262379,3.16678506703882
758.563094322043,-595.820833375006,2.90216400842683
770.677457843768,-2097.25448984372,3.00345529583807
1850.49239595077,-1087.12151116386,3.23537437105199
850.907218419954,-1877.94349259244,2.95917797249239
573.472782285904,-640.482986001596,3.1163526929846
2650.57633553355,-1803.55596988684,3.11356605794827
1490.15202239297,-1180.85149002796,3.07973577352083
2116.25670720344,-2211.64744037016,3.09737284379379
3647.34636503221,-951.210691060232,2.88832484937434
2865.59024026534,-1907.08633893394,3.26192395737504
626.155066182928,-1935.25607455734,3.09954205099566
184.125577365801,-1474.72204364684,2.96763304363544
350.676151609525,-2184.52647608591,2.99852058238182
565.009788697881,-1813.26174507477,3.10874113968791
3656.10217429183,-1775.94506585602,2.98837195903467
3690.05424424367,-1180.12589839444,3.08471261316059
1225.8368988591,-361.163936685497,3.29066613438731
2736.16620655281,-1741.35522953428,3.14994250130302
2780.33364985541,-1543.4848001095,3.24533909986904
3376.49788545052,-539.744366590022,3.17679370913129
2500.46305352453,-1784.25466535072,3.57001987023129
3345.22396921588,-743.449641501893,3.54455983040865
78.4004528124253,-2101.86347072279,3.0624417656507
3258.95465884974,-2001.80795843737,3.20699393453024
2762.34882992614,-272.720049201892,3.60211517631746
193.674219008618,-547.174797000434,3.58893649513701
1324.10592278797,-180.108676586535,3.59611368892736
2472.1118160796,-1718.38809782762,3.50407592840517
3626.29564239214,-927.540111547628,3.45735379565811
1043.4549934397,-1265.93854275281,4.05432165239484
2563.08453769712,-505.915162475758,3.67202403026644
2093.12958250246,-1756.62773261127,3.84606139783957
2083.55332396249,-2007.82858683489,3.70176790048649
1974.35485789569,-2058.98592454061,3.64979209559098
1494.55774667382,-871.483537814452,3.63434039380243
3273.43876624009,-88.554227888246,3.81540087294592
3813.81488885359,-187.168737453048,3.90355702273734
3818.65402791534,-1066.3229626256,4.05647510050141
3898.01139338496,-1017.4435471798,4.3155062708646
1554.26060391548,-2109.66143382389,4.22646815833274
1663.35074645767,-349.864889946776,3.92819627687608
1737.4129343049,-2166.71067782426,4.51978890863293
919.594271740333,-1998.68323137372,5.26520993860437
3315.92568169187,-551.871515282407,5.65332472563624
1497.24929481626,-995.258620198109,3.31523239257014
3626.68575858746,-1875.27518840513,2.74858994119978
789.685399171223,-193.37522294658,3.17827311231776
609.723405621316,-1143.82413807619,2.94618683831948
2793.62173859342,-967.819498841639,3.13057821723957
3343.51282768609,-752.949701864921,3.29348340746253
393.417855100621,-1644.50558032241,2.94708517303478
2104.23346070563,-122.982348690872,3.18106522058517
3642.85019563997,-973.587186591206,3.41218970644572
629.686833847839,-661.280574839288,3.2909863804089
2290.63065758783,-2046.33855477722,4.12770954211413
2046.41179808903,-2105.68144305805,3.42666505917907
1552.91325038181,-320.056461321394,3.44562159994224
2978.02299659469,-10.274538402958,3.78280992620992
1990.74463250235,-646.380632460627,3.8878277644012
814.864215695674,-792.838980372671,3.56102082897221
2855.48712731211,-2143.12948430537,3.6184993940674
2275.44955631373,-2206.20229383479,3.36109982453484
266.798680768605,-246.286700383489,3.83583257489981
2984.91034719821,-2176.31390450086,4.12477731969688
446.34935693268,-1290.35373422245,4.50338403659376
3484.22743812135,-1353.43297821338,5.00616386297199
1132.59025356646,-524.635962143985,2.91540598102751
3075.36081986295,-580.7188120615,2.82483042940357
3275.88533797958,-943.319805786528,3.06863201144778
800.804572193067,-1208.52332317936,2.96406952702887
69.1218427841313,-1460.86822403705,3.05918259851485
2214.10609733951,-49.7568975806433,3.09596185208994
1494.53482326141,-1901.39325482113,2.79396368157014
222.028587874445,-400.335827968817,3.00109762150074
876.689447502877,-1856.61694203436,2.89391787138427
3573.16025572191,-1895.5454814059,3.00541097718494
3661.02978669693,-1271.66891798644,2.95847247669328
3098.24067057583,-779.211849251152,3.16535003537977
755.299261260935,-1245.76744194963,2.92764303878025
1431.62699023842,-1005.25909731117,3.11700763939218
527.536372012961,-1400.34321856434,2.88625833011462
579.372937984275,-1316.94225435828,3.10947989814365
1887.69624816524,-1576.93847370147,2.80600197659974
3833.26283091025,-2127.52624732005,2.8952384168231
737.620230593148,-1457.47398323901,2.82341652713546
387.892339032155,-1374.78415894998,3.16008973930247
2316.37540490938,-467.788275922722,2.97657177566063
896.049494138062,-739.365390265093,3.01013096103347
744.325674251724,-841.45274280237,3.22564866045312
1732.66492750417,-1834.09001214302,3.02855634798148
1877.46404120272,-807.640328528612,2.80410339598307
3864.01292945873,-79.3599283763525,3.40775178374314
2665.43922740331,-1717.19136884357,3.09390763175707
3100.28460837692,-260.383719700115,2.66146024045866
1215.38509945514,-1055.07319810264,3.40259189293402
728.771590178165,-1951.01187899329,3.12533415295213
3706.07595694925,-756.555733411918,3.53390575865499
1750.43043459171,-189.528112586745,2.86948131069757
1131.06614177064,-1153.34881212814,2.88420397977409
667.692715851443,-2203.96611817677,3.5429551501441
4012.82956722016,-1097.24723858516,2.95086994890055
2434.55453570394,-836.705822905835,2.94627977970965
2272.52080202374,-177.846736720661,2.79587746439859
1125.68769224504,-352.242434541678,3.05749998692869
1487.38101486715,-2193.54056303773,2.70591697882076
2981.15939932391,-1985.60463239448,2.86827276292545
528.897903427298,-1332.21932195312,2.79609904374234
1859.45736939468,-1231.23660212555,3.20366909118555
527.766031464421,-1316.82784880796,2.98315290476881
837.753238779053,-1756.99154987282,2.90610471272106
2341.83747553611,-1314.27479544927,2.88955388694337
1810.50847576944,-1709.876992279,2.56082624828042
3560.88056978669,-690.8647910605,2.93354839156606
1882.02055044238,-1479.5876786146,3.25755771311731
2232.84083865272,-550.257179408391,3.13742037819139
3346.20941964381,-2044.78809201976,3.12875732530228
3898.07173137158,-366.818840804968,3.08068895352303
2013.73906841897,-1852.83875900716,3.04721333021658
1890.68445237954,-957.850520861021,2.82930860562385
1958.09184983847,-960.646624861531,2.81530394001277
1493.25634761671,-1180.22947513782,3.00800876448393
2983.26153338409,-1673.64569647709,2.84182413347699
233.272630592279,-2216.99790687541,3.10624606715536
81.7445173674549,-1034.82544139556,3.23128921490623
1828.93533195567,-78.7769597122652,3.1224116524902
2584.75753153528,-2092.09399562851,3.07519461065583
1743.24626756276,-463.900303023159,3.08701657003863
3339.19989778137,-638.687155057768,2.89492241324179
2551.245776421,-1870.73709590942,3.31585693760928
3854.37010881828,-912.549668996185,3.04270295253147
3491.20308767804,-1788.84465942343,2.88352038686211
2291.96339894044,-1654.67112363184,2.58511648497494
3050.62785426234,-1662.17881849737,2.86781167076523
1137.33378587996,-1348.84327862701,2.84511716412315
266.287394854042,-1114.97454900733,3.28574412665656
76.8211352325595,-725.463224865823,3.33627188314765
544.03877402944,-1774.82001838912,3.30322644848962
1153.56046078488,-1679.06644769061,3.45853641053045
3834.28015213459,-1074.70246721583,3.02935538073749
3663.60795426588,-2138.56057068969,3.60218941604036
1817.02954472212,-256.407943275309,3.63729858844162
1328.97860020159,-1618.59768237368,3.66753100612815
1032.97814034147,-1903.66982128309,3.6334389840239
2408.31214636139,-119.796578970094,3.52963472403654
3060.28964101067,-51.5656814216974,3.49614488190161
3630.20806556732,-326.44078122873,4.07326915436286
3226.93444392036,-187.878971688482,3.99721877873269
2470.70370426875,-2117.40327817819,4.17485334528675
1490.42605200201,-1739.97988537022,4.10809465717347
1596.90995367569,-1681.62812758393,4.1812833703344
1130.87979478301,-2163.37210831411,4.06542431115995
3907.5372416036,-1027.2283741403,4.50175272290477
2047.9973205843,-903.220578437347,5.00302419669312
625.026205455326,-1453.03179659005,5.43842368089321
1446.38562238714,-2181.12899042358,5.2222139027645
3980.24541872553,-1581.95140064127,2.83087541315981
2291.48234018391,-563.304876215506,2.72159525380054
1964.92194497483,-966.048498083206,3.45521644239498
4057.62432942721,-2193.9989634305,2.61543226767047
3683.35849753344,-1794.95915641063,2.9615659107389
862.484406159515,-1562.92992812852,3.15866591420415
2865.05681595996,-970.890979993111,3.1920021479394
1313.72867951457,-1585.12984129087,3.17527516083145
3993.25804931424,-1306.64044662815,3.2154308819659
3792.2446682976,-1269.41588494983,2.8655202452701
1532.52993177567,-1042.41161995328,2.90595140245551
868.742782812908,-1663.19564742361,3.05131711169797
2054.28118911849,-1208.8083155967,2.84539295967781
493.649498883428,-1205.46041664194,2.90788982609819
2189.2620370564,-973.697018919633,2.90619010923968
4060.48610542941,-1540.2134462202,2.69243465306008
1609.11047048427,-568.062589864165,2.91013944159724
1299.69083397804,-1395.352000724,3.00782741075863
3595.18558995196,-1300.63643536648,2.70472272220224
93.2310236592344,-976.320108261203,2.87233388511275
2291.91080899838,-1409.31321093662,3.05716425810941
3985.66359891737,-28.5434331070286,3.09471627073861
2978.4114837012,-1835.93432869401,3.36258503390887
187.194178570987,-1481.2221664622,3.08623733536395
2033.41583149945,-1277.52189425111,2.64522622291146
1009.4524682897,-889.362531203201,3.49029123820892
864.617057571962,-897.132022871258,3.13323341597914
1611.70413541561,-830.554410486702,3.16671200341203
2185.92769247978,-1586.66030187062,3.18984010180589
2179.23000643399,-220.105698418131,3.20170769729343
223.39491158127,-402.372492297318,2.77235595536816
2421.63437717135,-194.868625096259,3.42466630122658
527.833539597408,-627.059451469154,3.0256567343572
2072.08054340693,-1136.8016615596,2.84830528024592
3364.3297084618,-422.198506562326,2.70190589235027
2752.76847453253,-1811.60481696832,2.73975462596923
2975.20792231558,-1042.02274471664,3.28466448559647
3837.54249008634,-26.4415646084251,2.82714975025365
491.444936122857,-1475.87002368359,3.18141649975546
2091.89331462065,-1951.5552249084,2.89733566067084
1661.07816768072,-444.305993612364,3.13795319573795
3894.74327724955,-368.836169633655,3.11955892771745
3450.39901132803,-1052.53277892726,3.12868041645163
2583.79194556992,-1786.1238122527,3.22582964043234
2798.7540407939,-971.484214299209,2.93991635472057
3870.0152523444,-1609.28741794804,3.21984004536207
558.117688156787,-1665.55096213157,3.05473640543614
4032.06396998096,-872.250117256755,3.20899828335434
3107.13186779872,-1569.50095214916,2.92279921281375
1022.48679023733,-739.628931682383,3.14195717987239
3242.28056264583,-117.98104302877,2.92451496970327
1335.16455493435,-682.532135416276,2.92749106410503
3430.17817397809,-1685.11062091907,3.23796304448031
3006.26645693259,-1842.51378992375,2.63074026012788
3781.17029622716,-2070.261774754,2.86731962276894
2996.59580260635,-1645.80162109984,3.53098851638223
3001.9989787764,-1606.39132564552,3.61269189599829
3827.66389156703,-1087.12148637105,3.60374996604475
3708.93714707489,-1973.31688194665,3.76883838019282
3317.44683385192,-243.569633401086,4.33133714636356
178.850269781375,-395.317862299577,4.07278204851156
895.651246782538,-728.69305472655,2.9133572477602
641.751145685538,-793.877857014739,3.09093017214563
634.688492778284,-1354.72837601889,2.62778501610023
3683.57820862294,-1786.37486203664,2.75346249400599
906.82042032735,-92.969216412508,2.8805623204515
2827.68874912571,-958.3069935765,2.9501735945503
1668.91240323681,-791.736732372334,2.73964216161078
2882.68964426241,-218.426454075481,5.05050299486403
3000.62839911137,-922.479123639211,3.22379479758109
1075.42112992829,-1126.15855711405,3.24813412361699
3620.38613765522,-37.9111196878602,2.836332744275
250.022943395381,-1724.65291778615,3.16679676368373
396.250088864192,-1281.16576904816,3.16263667762101
285.048661740311,-461.209027064178,3.08825779046976
807.979379145547,-326.774412050249,2.95113775111016
94.3953741613236,-971.82248308957,2.92351473443153
595.790602847734,-642.283648196762,2.97218721612366
3286.71029271053,-2053.79559726575,3.38248535428748
3165.66641699143,-886.056821805431,3.23901302323205
2887.88008216502,-49.9581164051689,3.08654685727311
2752.12864557428,-1898.66867562239,3.05248048760001
2247.1390499423,-1604.64836551385,2.88446547047567
3760.01386620339,-11.1276369493589,2.81553647331279
1806.00078611246,-1946.83876250389,3.0402800770133
542.142286923378,-427.048730267499,2.77263104866136
3779.91012792737,-1050.14623827825,2.85866359047218
400.820892917495,-1695.12966513209,3.09678805447212
3249.78839819443,-1787.60477162614,3.20392724737307
2004.47831964601,-1228.9140268117,3.31227510693907
327.937195115351,-636.497385348844,3.71239174830545
3345.93628697357,-1784.3870813732,3.37267315631053
3345.67668677252,-1127.77750242576,3.52322846206786
1460.41289739272,-691.376183501596,3.8068129619805
1193.15372661904,-1601.13596875919,3.84364092988735
2009.59569575767,-655.458855005987,3.72012589878744
998.759223489329,-425.918550607261,4.04063954044899
1334.56874341722,-195.213598677344,3.93961868789968
3213.35134718532,-860.852251273677,3.70318623031749
1593.93762728418,-1689.46182611683,4.01818891912737
385.687999636321,-364.220301333196,3.8180872590223
1097.24550279602,-1627.31197634382,4.00316505728074
363.581092213636,-207.719563581249,3.8373305861001
1204.93913730566,-1711.7572196517,3.81880090656682
3986.91445778056,-1806.70103263983,4.19761182886941
1121.33636705399,-1131.2445497184,4.05551913220506
1881.7807870832,-1485.75460227666,4.2265001621868
3829.03166867953,-186.4994884533,4.31356435680643
3659.34310541845,-1074.76805620019,4.38149341944434
1357.27386561913,-1705.43602855595,4.44990699546604
1802.6036280744,-1592.81726082412,4.50213421927597
2013.3781229146,-435.569128008387,4.53248907305924
2313.0603000554,-1161.11825381118,4.43597340622694
1309.48929935148,-949.570773519606,4.33795795358659
1399.39140953946,-886.560686588061,4.68624152381448
3685.44333055323,-947.288253157424,4.71729243815474
2097.90173590747,-521.823322139086,4.32080759311087
4014.9088079551,-1258.0274716115,5.24065512919152
1406.76796318695,-2167.37677280562,5.245374709501
3174.23439107113,-297.67760260686,5.41849986282803
3414.07615084245,-1343.04669382587,5.47253414843536
3285.54761039058,-551.512621061427,5.82498764761824
3608.96686982968,-2100.27976257656,6.06512207696009
NA,NA,NA
3717.61568321089,-435.220315539629,2.97974101955612
657.837124773406,-1362.46232150274,2.96277107633588
3721.26780464451,-1159.51757051088,2.89397456942
817.371651858015,-1227.46782569075,2.91420063773123
976.845768850184,-675.254201391439,2.98439750722509
2462.45795718412,-2066.14015910682,2.97880038180484
1153.59579805565,-1720.93382455396,3.08327571581611
1973.51070645701,-797.602337825762,2.89137854902796
4028.2794791459,-1084.24195162417,2.88329821947719
1195.61509410604,-497.12486605166,2.98740536127154
2594.85682894959,-1859.29103677836,3.10081545575678
757.351481186154,-599.592003877671,3.15546344621076
1609.77984697832,-1399.20706108128,2.91106887240198
4001.51970699716,-1044.13438847804,2.91139102300908
2421.95848661736,-2014.08429188051,2.95596144754656
3490.54303632935,-730.387738254998,3.02969675663121
3982.131259811,-867.705020588084,3.0087770063417
222.289886059059,-1371.74395200604,2.88074432187086
1081.81899665935,-16.9800479119639,2.98273400134441
1251.36554620878,-1075.73661145276,2.98113849864503
2570.88212573937,-20.7277250463465,2.9213050844454
1977.07736188051,-873.936032949734,2.95419110133205
2573.77425662362,-819.925268051997,2.86179886619028
282.357123053781,-1895.76711848516,2.99750746240572
1574.62482143621,-788.68931034013,2.71579485331176
1277.01303273174,-395.806658436746,2.95680575194448
1203.19427759068,-1374.98480055741,2.93240361048395
2812.43379973107,-62.3538100642076,3.0822404217142
1792.83784448027,-323.249428181001,3.06162248197436
3489.6611955855,-1729.41754733133,3.01104235987252
1310.21194292638,-1635.07325178012,2.98475315951306
3426.73768883634,-2114.08642125847,2.91006449308966
2834.22680048714,-961.93178390012,2.78948213530622
3394.15461364632,-1574.1162133888,3.04452027493072
3807.5704126218,-1754.4813930823,2.91305717298947
3477.44129191738,-1450.59107065395,2.97078804076837
3506.48192155955,-1916.67125136575,2.91157521608919
2839.30814241525,-1009.99404289726,2.98701861396306
3119.53798181464,-1688.39005529293,3.01967058737565
2039.13324978916,-1468.94638172889,3.00586944388897
2551.68810743501,-52.6262574140046,3.07672775341417
3126.09542066435,-163.744863589585,2.97018449319085
1768.20354591382,-1949.54591534447,2.94633321140322
3188.53237605885,-1913.48972596121,2.99394751910459
1364.33998187086,-1618.18001320583,3.06848158872931
1080.55086382409,-549.86119852728,3.12231266085888
3272.00626843884,-19.4423429055605,3.02785818139461
3368.60080097877,-1217.59367608324,2.90583997876825
1847.52148369849,-338.67035745103,3.15349620190355
1047.3533635458,-2165.88876729608,2.9865004944952
1045.96269481107,-480.61876148836,2.99500784378121
1215.69362307187,-1890.33188199266,2.9885821670896
3436.95953668264,-1255.41385207687,3.10811792119355
322.386667472619,-1910.18269358955,2.89985937131802
2994.2658541525,-1628.47953353781,3.07369357506809
4029.59943014928,-1793.43324921601,2.90366353023609
2492.67367153069,-693.811788674917,2.92627565367932
2628.46216715675,-1571.34769535965,3.06350009158132
2056.3135359802,-162.280232989538,3.09285825826881
1235.80504240407,-1694.87296599872,2.9282033362399
2757.99780189594,-135.38049416265,3.02142645143826
1719.90625007453,-1964.12841422084,2.97961731297859
2554.63236365867,-1416.21603930092,2.87494134337491
2214.80159316218,-397.309788838352,3.07623294581131
1033.77586003595,-1267.51773383702,2.926150226585
3488.74432179924,-1313.20570098219,2.95907040310293
3223.92660459586,-1406.88856354308,3.059465108462
2715.42407789978,-1452.28039094829,2.8593241271835
1670.32377461061,-1366.75673207195,3.00309575874583
3889.36246070654,-1842.75465674861,3.00932387338877
2617.72677808341,-156.565634852205,3.00820803062347
309.491287219433,-2041.79500240345,2.94939296744865
3793.16865746728,-911.687923973986,2.94031313700165
1356.53272330826,-1463.81182682074,3.06440488315245
1267.746189132,-1629.88656250612,2.97797898799405
579.867539300247,-442.927260517208,2.97078475900673
3394.77280827385,-1699.27348131586,2.99799367935632
1744.88086342721,-1807.15637602611,3.03132562385136
2866.78807517389,-1593.79064213922,3.0297577414494
340.992213166383,-976.484269821554,3.05944629282062
3349.53435122565,-906.163901682463,2.95671906469089
3254.84112048824,-312.070230293831,3.01408812976265
2258.81272023833,-472.782340133854,3.0594865522053
2467.18812836289,-782.885099790379,2.9420998690144
803.180137958424,-311.508628232873,3.07659780820829
1212.12128672477,-629.639367258326,2.90527919808175
1886.09128893565,-2111.66599892127,3.03636216146332
101.362955159785,-810.222557040109,3.07289723630366
1932.76153594416,-90.7198411256234,3.03454858033752
1611.3740851599,-181.904083788842,2.9703484028005
3369.90084292803,-584.440425872193,2.93062137812744
1155.2494052636,-617.489593212122,3.14445943056102
3283.97595886467,-1507.3949348823,2.97544837552588
281.97405434249,-750.772002261295,3.0027063629064
799.36272813456,-408.968814692464,3.02468153388215
1490.90465537164,-1954.39286788697,2.922501104148
821.949046151,-2205.00838180885,3.03374280898913
1761.21834667492,-728.365822526139,2.91655394896493
3599.99570869572,-1732.73499951396,2.98469137045823
625.955463206069,-56.8846257847884,3.04134957125046
844.607260099409,-1969.40565199729,3.10364918880608
1901.93696337265,-106.95099975223,3.16201135058248
2329.52756839622,-297.204266959542,3.00566888799537
811.579250187466,-1447.35193985384,3.04857306130174
3214.80902654864,-2127.28941394025,3.06129558463655
392.754175719329,-2100.31306784735,3.06915296860579
2565.53192396337,-2209.58234718913,2.8615213731141
4009.40084262301,-524.343766989851,3.03805301517563
330.937812706699,-140.280331866382,3.04386170262093
1737.57285826831,-1544.2778448127,2.9643243532392
1486.26747208572,-430.863470210805,3.1281343844636
2167.07428035581,-450.362771833192,3.01233208401206
2390.44352118568,-1036.18829982155,2.96069029948036
193.132762312902,-959.842573324133,3.02286072647879
3639.59922950331,-359.706385936674,3.01269633103212
3978.8847832157,-1854.02443378095,3.04333556672019
2154.31482304709,-2085.61568731552,2.98763710831353
1528.86922855025,-1135.38051884842,3.02024121930671
414.160912053465,-1513.614368673,3.1003220985472
4012.77066647793,-1696.20613198063,3.05742655994206
1858.24122260873,-1425.17883656053,2.95648184018041
1663.60876490614,-580.008322967667,3.12452478801639
431.635580874628,-1477.45934871175,2.8857967000017
2062.18833770383,-127.219736595754,2.98411476432708
2888.67016210648,-1306.1343296737,2.9996620972238
809.706181594302,-148.928329725394,3.09680899208464
2160.7878490861,-540.852734087739,2.958538384121
2676.58044488149,-493.873589531782,3.11230731516236
1457.95216589513,-1323.56710958371,3.02640392969125
3054.4878316913,-931.052662270467,3.06796269255529
3840.51762657648,-1316.12428378206,2.97558319989649
3388.15904958112,-70.9067057130222,3.08031553189841
2565.13399815784,-606.483194372216,3.10603885394517
2403.72663613322,-411.221473831019,3.03062729274638
2215.72920425148,-1341.57989638635,3.07070245748598
2634.43072726663,-41.1388051592563,3.11645500612563
962.094588751198,-1059.77614536501,3.09437568753587
3661.93851255597,-2195.9433155983,3.11115755477631
79.9005154032413,-348.513090081937,3.0664195891774
2905.73401327282,-491.661703459506,3.1212339189288
3420.62331550317,-240.318088227186,3.05999493607833
3229.87529014397,-1097.21735050994,3.0504786110064
1509.32383793779,-1413.75197232936,3.03509214265512
3197.71484257153,-1591.21315886892,3.2371314028527
745.502522777099,-1967.63066900083,3.04632732122725
1707.96875350749,-1625.31839331778,2.92420074353052
1291.6331487681,-991.544973623517,3.10461938761465
1914.69973161242,-650.921055170003,2.89897725307011
1271.78554755889,-1798.98292344122,2.95821241252897
3064.49518426849,-702.857011125624,3.03126353075584
2494.92705493735,-449.115522287477,3.04936441508231
1390.68411257805,-680.041917118572,3.01999546904019
1281.70514328906,-360.920852933805,3.06068676445199
1722.58756993254,-1804.73856657806,2.85343557690573
985.277574778805,-1750.36246314414,3.00997545506589
265.048670242299,-760.519275882879,3.14198238591251
1014.94627754669,-454.896090307447,3.06671891931535
3475.95862135514,-594.924954897676,3.03079669051266
3884.83573676087,-1487.94699606515,2.98410099948336
3916.13195498054,-261.2209488351,3.02735556930567
1055.52527600279,-31.0728803680174,2.96785723667608
1435.66100454044,-1921.26802541991,3.28678622611337
1839.26825765172,-2068.03507074444,3.11428561927358
3395.29335902702,-2205.71102903946,2.98381053171738
2869.23927320834,-1638.85581440674,3.08086196204441
1810.52849216199,-85.5808541313847,3.13177855648485
600.831900056026,-267.832608760545,3.04560451436664
3196.92968375631,-1546.23914580871,3.10424767546833
479.054761429695,-355.364080546707,2.98142489715064
2986.47856449149,-1297.45202673109,3.12215170261791
2291.28092340668,-165.669383018599,2.85821723037616
3596.37919766289,-338.730363367941,3.1833576063093
1364.72888454803,-1700.56495572336,2.96400855645454
2188.58505379137,-1573.45046028314,3.13622904431313
682.461080140294,-941.148667465505,3.13888105300895
1727.48958797031,-1727.16620809774,3.08063937185917
676.847450597066,-1550.61642500841,3.07242737970277
3901.1074036383,-877.555163239082,3.20399184890391
1973.21513540109,-1487.48809136705,3.15260959002698
2654.4669228768,-2145.06575803093,3.06958285841382
1570.30057501169,-1721.85459646213,3.1813846740412
3252.63833490507,-181.941529484702,3.1574249168776
3872.09847135025,-1068.40708395251,3.02333829888441
1428.92128970825,-2179.99813253984,3.06125056966583
2887.68012533253,-166.692412921328,3.14226323579645
2464.07972145229,-880.467745457997,3.06090904239191
716.928091105938,-1825.18611143708,3.07267996152367
3332.09534097557,-615.632969914457,3.08208473836238
3049.06369591808,-1326.50898976569,3.03792933003939
774.634259057877,-2036.45049028201,3.19777686047869
3301.60689525769,-1087.96755542152,2.97050051615091
760.365780807143,-487.538800317118,3.17747123983501
3559.83252125436,-1871.81378718418,2.99867500744413
3543.22477819505,-450.458337499313,3.20238342805218
3289.93879054929,-1030.69050087462,3.08019436270728
574.888703829801,-1935.53341626252,3.0977873097864
2570.68329400204,-243.669274787983,3.07249446337786
1771.42714807726,-1888.45272449848,3.19243819938276
1649.64665777116,-963.05766333747,3.13854543238321
2431.4390279283,-1953.18916218251,2.96739441527491
3255.05591228865,-1294.49097261722,3.10159086397815
81.057405972547,-405.736150708798,3.05338790038564
1765.46329815579,-1495.15087108634,2.94033217886578
1827.74164235082,-190.063613138538,3.21930917270834
1835.03439935937,-1846.59387412747,3.11356242678739
3598.91578239246,-900.143010131057,3.05395680777758
4014.28469545695,-639.207066083818,3.01681983346376
1024.54074914126,-516.227345867862,3.18350779500921
2624.96684156473,-2210.56707967661,3.23614889294973
2603.60343539578,-221.353145792423,3.24728564850469
1508.3826610891,-1774.23372920866,3.08924807180259
3042.27928586309,-1856.76645521937,3.08818211998061
1996.61598683017,-524.591969575461,3.06899136680527
2499.44019841964,-876.660088483561,3.03909786371862
3122.50510837529,-743.625836301494,3.16535414248681
1463.66182429994,-842.097496648465,3.10040681825219
1173.86959145094,-1381.07656311933,3.09041932565402
1483.98657499241,-1462.38071371505,3.11938110309269
265.303001741529,-407.59816910921,3.2167570145715
1704.76237455781,-668.568776565133,3.20474978358095
566.189073612543,-1473.48818102017,3.14048213345821
771.187104291697,-898.751449436784,3.21933877176573
108.629960936002,-1437.79153644873,3.11257434757503
2951.79157723596,-153.408057250737,3.24875855517066
1994.0555000353,-1870.39229016793,3.03862561208815
1903.81820330903,-234.475525523376,3.03780448744217
701.058592236057,-745.213352732893,3.08376711834604
2663.06221078252,-936.37389507894,3.12995948130358
3319.16343845808,-531.256041664513,3.11006251264248
1347.60417207346,-901.174506648717,3.08912069885644
2477.09359981601,-640.33806542405,3.12416510452822
2570.17318731724,-1625.09422762607,3.01465987868496
2365.91690051492,-1732.67677388533,3.1694018190184
1394.80518774857,-1607.59496198463,3.29995432926057
1277.24895126765,-330.199288858443,3.00674496493839
439.873447069184,-1573.20650403172,2.98161304987414
2267.25074627891,-1644.6324404011,3.12232694347203
2393.82899578904,-874.867521613135,3.12240837295344
3689.54457874363,-1734.4310277038,3.18668655858557
1426.30883192115,-2046.63706532989,3.0770867050585
3237.40151071522,-2019.72079383034,3.17875380846247
1223.23085304781,-1029.27217668096,3.28555033260541
2169.74499560977,-922.958301698423,3.12288929895737
650.891716893805,-1216.66188752451,3.18766193273553
2465.83675100644,-368.927268185622,3.16135786999165
1926.41009331615,-1559.48713973614,3.18008730517539
822.622820181367,-2006.75230995439,3.21728575614972
2675.32610770216,-1665.27888097198,3.11800815697269
2944.62587182787,-911.54141317055,3.03651298658742
2734.78811370973,-1710.0400863624,3.12826390551369
1928.28298400948,-1332.24405910319,3.23302637960477
2466.92568996252,-178.818632690202,3.12044972218598
2206.50652643743,-452.290385274302,3.07602213363482
4035.9719706181,-1762.87010355892,3.22322877763817
2498.11793660152,-851.751657845611,3.20143937411859
263.548826967391,-811.255467614159,3.12618383139566
2567.08490201341,-916.59925481889,3.14964452745426
2674.89820635231,-673.076324863094,3.25503565529568
252.18294879154,-1471.48332148679,3.27605092212755
3776.52635949442,-652.615817411961,3.07752734768709
1607.0392639108,-302.113296273364,3.15882416190333
1618.39537810763,-2139.7440912687,3.12010570503823
1607.64921163075,-2216.67160491922,3.23463159394156
1486.94234499133,-378.36820184381,3.12447570362585
1760.80887414591,-282.171070697959,3.12372406615794
867.731922869516,-1326.20400121748,3.2422531616062
1825.24247064082,-39.9510295244838,3.17453691828671
1452.9748406525,-1238.76661563251,3.30272645118837
478.806393792936,-1839.15293150395,3.26765846502237
3666.97576429774,-2019.91448608426,2.99926076911798
397.422289377204,-1195.50718420576,3.28672209027342
3489.66852325448,-1341.61321616244,2.86843862612702
3789.93054944482,-489.318021525531,3.07868840992169
965.398692861983,-1431.09897580712,3.20684535381423
3369.94823974913,-296.100696672525,3.31402905701019
3752.99355161995,-1691.99391570349,3.20277800039182
3189.90939161546,-68.8567004550082,3.24613822703915
2252.75912376101,-786.56442362706,3.06269192250454
1399.60246159018,-712.180597312077,3.2156425780015
3656.4917348019,-178.178560960599,3.16196870105575
3571.63108337769,-1363.85896391824,3.18376516489454
1975.42186750121,-944.916942533396,3.17226959138235
3986.4257461213,-1137.07073028392,3.19807368225479
3103.24970337671,-922.829510109107,3.12459777283931
984.248203694514,-995.074437007515,3.27633850455351
773.684843310879,-1337.73779245941,3.13692223396332
1279.11083507933,-1103.17391287337,3.19029633097058
3027.16229634185,-1546.94323063043,3.10991607425534
2565.83683754326,-506.7320098301,3.02450656287294
1857.07276938006,-1959.01524810305,3.09715010728521
2194.00798306679,-795.653096522791,3.28008072230565
675.693320615992,-46.092643665549,3.26296360126282
3957.82291848469,-916.587562897771,3.13227935376509
3835.26803407328,-465.184442472544,3.22749769449144
2996.67345570476,-661.10608486463,3.19337966032776
4060.76032127729,-625.506897888869,3.21497051189943
1978.31793846255,-13.9607621415299,3.17996525868172
3665.3253639438,-310.060448260659,3.01381482522711
2786.25615137507,-208.578354512554,3.23555557329801
2767.45094115771,-1872.68687533009,3.104740155558
3933.33686097517,-1996.73933263013,3.29976878608721
1342.16908101863,-2014.07250174209,3.26105490639243
1088.98505895226,-368.281052023193,3.30549857012827
345.576924014305,-596.514943280899,3.24932576583764
1913.51664367455,-1795.7857680465,3.1517534041237
935.162688755752,-772.793087167495,3.22468687489861
2747.98947602192,-1451.22897619828,3.35710357505317
2736.98169567712,-336.922248726503,3.24856384381282
2086.28603304315,-1577.14513455073,3.22256801064231
4045.1612212978,-640.199198725581,3.15613090149499
3718.15934945111,-1738.35816385227,3.22832514482612
2185.71489212535,-1671.21021197718,3.16565253584506
472.367212243606,-1400.74033810451,3.22150410021679
1088.1730952865,-2054.26615744965,3.14488767082318
3375.46688532186,-95.9736141999971,3.2165444011785
3467.40090826344,-1349.02053648776,2.93651752611618
3427.32391029185,-2176.1874732982,3.25965324648755
2744.68233187506,-597.621792502286,3.24369122427573
1701.34202905587,-1327.82265567212,3.34870706618447
3162.29353477734,-1935.48428634802,3.27717400567313
3387.16729420621,-467.939738749128,3.30517106932714
148.493480880679,-102.303752177365,3.26180994690682
2614.54152564213,-1979.85926683786,3.17424072470206
879.701693825255,-2088.04442920804,3.22974086442462
1164.3857249293,-897.779786362133,3.38933325367009
3480.77221848604,-893.619918175823,3.06132934896915
3195.70435802385,-830.400982175881,3.27117102257491
1098.45072417975,-1324.72985360906,3.24282341372644
3328.30158558779,-1835.87214453386,3.24451877490818
1962.85683938027,-51.1127061228219,3.10351108697175
2907.78530987496,-744.479619977285,3.1532264600634
310.382783284394,-1534.26493189231,3.13791196052843
1781.50694794495,-488.435239174277,3.24075423743362
1493.15408683287,-1789.18483080187,3.20559571962529
3946.88587387973,-848.132827891054,3.11745902051213
3807.43796869786,-10.0926618429401,3.20908233920482
3623.85870812934,-1564.37904474677,3.23753769705476
2440.90109740383,-2142.23962558106,3.32550991316566
2026.90884298312,-348.552047367247,3.23666322251268
3010.46780044119,-171.24049856561,3.29679903507114
321.347547700486,-99.6885141590075,3.27907239361305
546.08475950065,-1279.96776547441,3.37628044104388
997.228110574789,-1699.16441111982,3.25822699120203
2805.26935287552,-811.37043804575,3.1779212400163
2699.48195203728,-188.818557259599,3.31476155528867
868.530514765106,-289.286725464493,3.25310454638557
1458.27810939406,-1747.38868184901,3.20595555746889
3085.39600617327,-1858.31795962718,3.15592788463463
3550.65528456398,-1158.88803550151,3.35994955325596
2532.46962233258,-185.337113598548,3.43551604325501
4050.28450990211,-1621.47573847216,3.14901369552259
825.824399554257,-1917.75887319845,3.19799580387106
2640.35372603742,-896.877073504302,3.19272379164306
1040.55050770316,-1498.65735922233,3.33965962819073
863.60290212779,-261.670864884409,3.08916605101976
3683.34730795082,-2009.16527774648,3.37494825327026
3969.55860377551,-620.829289534225,3.41297063706028
3028.00941389096,-1843.49136232409,3.25352919657955
2798.62851736845,-2119.32512661176,3.44583221945173
3222.02911887648,-1825.803492288,3.36921396954842
1077.15325872774,-1290.27522222995,3.32798150348877
1877.26537502757,-36.6403809558803,3.29550920523584
2512.76257734427,-3.56524006236437,3.35529164103709
1508.0307322475,-900.165995758082,3.24878011643533
298.800029488735,-1948.2463088986,3.42340087012529
2336.29596579913,-70.5085993925575,3.25311908861713
892.34532233395,-1982.42037737775,3.21761898561671
3429.80678146385,-985.956220304526,3.15527878273287
2184.44796467609,-2047.22293338451,3.35814577801018
3697.18367144956,-1882.85260069687,3.32167535408781
1478.9940346363,-1971.25877858283,3.29145457873923
2492.67676419244,-1483.11166856532,3.26081077633347
1990.43010594064,-1508.5679032228,3.36751800937948
877.291916470734,-1148.87462084144,3.40633805674864
3556.54005553516,-1343.39637447344,3.27374041938241
1093.50148856795,-1513.76239781243,3.37731927671032
2923.18971150948,-306.927877013834,3.29831266835984
132.802983582817,-393.475324936764,3.37707748200152
2399.60238753502,-284.815520112805,3.40265275596525
2179.14241311002,-1420.32130199617,3.19989766030099
111.856779971798,-1505.06338557952,3.48797528217489
3791.35189722347,-1030.04458073507,3.19259816342916
3952.55773640761,-880.512511254685,3.2224750729558
3301.01372518165,-914.580196441587,3.37074682969574
2349.66301238004,-713.069894455082,3.22699624956019
2357.88733196415,-1862.17026287307,3.22475684562246
2141.10516944875,-627.407787594573,3.26717324447954
76.509287450379,-492.809565470369,3.33833977777297
3578.02674636186,-1191.15956207481,3.37871534177435
1901.71698570597,-66.4538929435242,3.30064958236645
3617.44813296584,-1513.72040343028,3.24341373824653
2050.3352891465,-353.481046547464,3.24586084224915
1356.89278284405,-1321.3731827963,3.38244051066572
2322.43004697577,-1807.9417951026,3.35362487620998
432.966624624261,-1366.72147699163,3.38725354317588
1473.09719275236,-900.890796583828,3.24947985726158
1134.11281856779,-1225.6396131877,3.419779005288
3162.82756401641,-1766.31520052965,3.42933941312373
3184.19169188888,-1871.34680162462,3.24848429073648
1044.02994486655,-711.7837589928,3.34224239847454
3190.42892845825,-1434.76552655118,3.32986109780237
2216.14144958989,-1685.38012972984,3.29152811343603
171.92135978768,-770.328510291251,3.408381112127
2742.0387559207,-1642.59820421116,3.33311592637129
3260.09885325886,-69.0753296699544,3.29298834511113
1163.18105472495,-1147.65880144598,3.39865625878823
2925.74503850089,-745.218753808644,3.20238484788959
3242.8028329257,-798.384730350235,3.22475245987417
262.94444887944,-1354.14478874299,3.38827398921096
1777.96269807798,-2099.67053537453,3.20263043098387
2115.44208528217,-1136.75064025134,3.34556467007691
1986.20256548574,-1650.74899790625,3.37821056993639
3930.9909897844,-1451.58910202301,3.31739542242025
3908.73220126779,-1265.77627830868,3.30908755947228
1690.18502439599,-772.353339014791,3.37931682507398
3031.11612373855,-188.411416845007,3.36511804560193
2168.57336258945,-1105.74024344457,3.37372839804951
2625.8589206103,-1619.73225145666,3.30236867284435
1990.46256737311,-2177.6278796636,3.27310047323376
432.445327158517,-1739.50880899528,3.30195465092298
746.643735380634,-1886.82892828586,3.33111128789532
1698.72366323127,-1477.38867300083,3.46999512171941
1153.28318369588,-1003.02073636114,3.32815736792302
1298.40955939534,-1047.38748985851,3.3550892624956
2427.41628366334,-650.76645937668,3.18249406185874
3413.78118877364,-1786.47264819228,3.40404928222373
2313.47549539138,-87.6600366560399,3.34367830205841
2090.19002746978,-250.052709750654,3.3811273126241
2641.07292823858,-679.4692073988,3.39399740141513
3380.46439356704,-1528.8417365096,3.35065177991777
2369.81535099377,-1680.41092423623,3.35559146996355
2784.81461915576,-885.122777641263,3.41924840188387
2922.31260952922,-2213.99957611288,3.38040525371392
1826.15222786154,-2000.48915750361,3.40738498430531
1469.65362249477,-869.178826516349,3.19325867996786
1789.17386686553,-681.702736398531,3.38364439226995
485.477758815932,-614.835645358681,3.3540912366608
3490.08701563688,-1207.84847721586,3.3594513614389
1953.0975726851,-1444.38484867067,3.50539309143412
523.556165799554,-197.428840726506,3.36794236686909
3661.71485851056,-2131.65504018789,3.58215148490773
295.971036614005,-343.33257644925,3.51042104391587
3688.2434725461,-615.799490712098,3.45942162674547
3167.19607828277,-677.759526353177,3.57020993055123
3428.94301490652,-1202.67626442778,3.49012382282808
2215.93415713146,-595.612230643098,3.30759466019005
2130.95952264485,-234.726386043326,3.42565202376316
2679.58222607778,-102.249002557839,3.55069699482305
2179.72215846447,-5.40221658344534,3.4900132382822
3158.28591660368,-560.761372916745,3.38153547135555
172.783192914662,-46.5590149128583,3.48892681865145
3277.07508569606,-1550.58751273959,3.47565642257606
996.319397525361,-533.247371845755,3.52217906085475
3198.18152193515,-282.216557156917,3.50670314325996
940.239562825813,-2146.18722671346,3.65113618342842
2956.66007973259,-568.807705154672,3.54580935546447
1882.49534154678,-1341.65404861651,3.45998892809905
3578.44144285152,-542.008930389641,3.51990395140602
3635.14393345429,-1086.49647812252,3.54773190009705
3036.99168217162,-850.78542158061,3.52443383399984
1685.40389106352,-874.275092527443,3.54218558368353
328.953536551886,-682.410450619974,3.57663448044031
2824.26567766656,-2096.21259270868,3.56664739541648
3805.33554568397,-742.593220840411,3.55085387808502
2468.97889404068,-2018.39040368737,3.59887189185869
3723.38265907154,-612.579798036903,3.50729680128101
1814.55954229535,-516.441084057623,3.41355957039339
3095.56908719212,-1455.10151119133,3.34145482677536
153.984182206489,-166.36340523303,3.50872714159028
2789.35267593046,-829.508962143742,3.45991872206563
3084.65391660589,-38.568750080995,3.64702347472728
2066.94795719381,-678.594543881135,3.5013941247051
668.12265238872,-1453.47996164417,3.59046122182203
2823.76714897157,-1099.31776763492,3.62740505268779
2348.21343454531,-119.920157309685,3.33915236250956
3637.50268928528,-2189.39780760293,3.5058444968174
3297.20269389525,-2134.56597765014,3.46875016340451
3178.64594435546,-99.9664620318464,3.53716201265929
2384.10587884066,-160.121353397929,3.53774436503446
2285.82105678946,-566.347142767265,3.3860619599323
271.449836800039,-10.7909358538087,3.6011994112633
2347.62084436349,-1415.01141307553,3.61089407294743
3284.2291698217,-1759.913940328,3.60251853302748
2566.63469893419,-2027.49508502819,3.59378645511281
2315.71504853397,-1964.86862756117,3.59556529240792
1252.3738977887,-1727.07096014378,3.60386348935851
1837.13283726508,-1361.71341122305,3.56841120092234
3842.08527120461,-1670.52974642824,3.63519458279735
3476.26403818934,-1031.47238272475,3.51583092952644
1875.78621916166,-1378.41229695992,3.66888604823438
3353.05991400905,-2200.55268037157,3.59518022418899
312.314342209237,-1336.08889262499,3.64195861274452
1947.4030257182,-604.709713634493,3.38498235288801
1489.69519849628,-168.461266138848,3.45959683920373
2992.41936992979,-1443.29246021236,3.69284007212976
4042.64538426884,-2056.83118489056,3.62434613269195
1309.17041933904,-455.51155375995,3.60342156476692
1678.59858410142,-2162.5813408491,3.56200649883372
1535.2706732255,-2128.51120514709,3.64503399238556
190.794843124824,-885.623042979268,3.5360016795781
2478.10832061149,-2107.56968619848,3.32494805688486
1783.4184891715,-785.868959404159,3.46030379467783
1835.7006511058,-603.877213148857,3.53112973737042
522.136235795298,-1554.48797909648,3.72723507349633
2725.39962343551,-280.939201356926,3.72632469276848
2354.72891918162,-390.890323255662,3.58229487930429
1281.0773247531,-159.310560450103,3.83135311101347
2825.93404435007,-1198.93660795887,3.39738386792364
2136.35420656463,-1290.15967606117,3.7539880089996
561.981151574915,-1911.31579666381,3.62922320885344
2055.66583482618,-1822.46321930772,3.7865370285621
2837.18379868851,-1586.36568743463,3.68462568128402
2964.75097373953,-2083.50424034482,3.61870453600462
1188.06449551181,-4.58101805606197,3.54781667501817
2295.11640422784,-1087.84315878371,3.74908333286715
825.241622711554,-822.771660405773,3.65035188547308
2546.01460528316,-2155.75637548645,3.72128419945277
63.4403279504523,-1515.15291071406,3.61803604763209
3897.18100267294,-462.912189515343,3.76131602827036
2831.67287384209,-710.939167541001,3.75883445562662
3724.57916434561,-686.639399054214,3.6438547625097
1213.45249791852,-195.328607007868,3.64864673501999
99.0894318428801,-1325.53570881691,3.69687979348272
996.96613964842,-1163.97536960777,3.66799010194766
2382.5689704528,-1355.62555870082,3.80262474662883
3257.12620811482,-1132.80308407917,3.88466654319927
3001.65546132788,-1670.23922212706,3.78682064704165
2281.84678426232,-297.130437746864,3.81328700339529
1000.65038337081,-899.786389572811,3.78143741166275
1511.664974692,-1729.39660973664,3.69047981823923
3129.70045225114,-1994.38517876619,3.84508925199422
3731.75607465582,-298.069520606004,3.9213451288296
322.556504119414,-1728.05727671215,3.88191730223982
1867.1875874326,-1996.59008960228,3.98968197019189
550.482391435199,-847.090221957926,3.88985420267914
373.473635262354,8.99075442941521,4.03153734590462
569.384840113511,-163.136834608762,3.80913074564553
3062.57955922642,-759.581165294001,3.87798379054139
2702.0772962022,-2037.84938150684,3.84999472749285
168.028331047489,-308.907662291116,3.92297546792107
1359.58025682048,-1039.35754137305,3.79269309345397
1599.67130552938,-1327.26067780868,3.89602988352118
349.750317664166,-761.626148427924,3.85028349856104
3752.50723241838,-1027.43957209899,3.99662315324543
2870.0446561421,-12.0270483464161,3.96037304874827
520.179979035296,-122.831643829338,3.96227917143563
2420.63944766753,-1005.69394917001,3.85868648221182
3345.52729290494,-1355.56563956591,3.89390439191819
2809.7137726918,-385.449162811297,3.8752826019189
260.091131993903,-696.566546945439,3.83177335771612
3779.11121555894,-1517.03681251653,3.76323352403774
2459.59757264579,-310.037963935504,4.07935933872474
1091.49618158251,-235.476268525694,3.80951340762106
3013.5737453862,-291.043193562855,4.12002212740688
1948.13218767643,-219.251920397085,4.05498134123138
858.603235990644,-546.922374544616,3.73302271231022
961.96353127303,-272.087650359491,3.9352086393691
99.2330536072303,-1098.83709171529,3.92719628785048
747.811377666102,-1133.61406453139,3.99423966256645
3274.48933476651,-187.824739715001,3.99649354855792
2990.97776236631,-22.2146981888404,3.93306906418008
98.6974908832419,-320.143473526692,4.29298929816437
1147.03028274524,-2218.7713465592,3.82434107230263
3258.71031688725,-886.710548765245,3.99957005168702
2599.90056202003,-436.504170507476,4.031249136026
4001.03057076669,-1315.68147074312,4.04184264856104
990.594432375227,-1886.0468719575,4.07899839055141
2236.2912803925,-1981.20883873533,3.9276320918931
3308.72193062138,-1908.03464335463,4.01122519612083
1753.23631497494,-860.707386615944,4.11757496835026
2942.36793112876,-974.588579408751,4.03006424230445
1569.59200403752,-1078.73414771164,4.07463316967215
3309.27057279727,-245.490559752438,4.20127774262846
284.465559209671,-542.969353083717,4.24563632178102
3084.42052261168,-1948.96562437566,4.1328692314126
200.348242185612,-395.830457914524,4.25600011771438
833.183268418755,-1349.12028949396,4.29238125363377
3764.57252829153,-1433.57840587014,4.19734370380602
1251.92443019417,-1525.30033718823,4.2610150862014
2732.73634154446,-1965.79237872332,4.1556702374848
2442.23816188724,-234.866102516564,4.1277817452431
3455.3009839316,-25.0396429124431,4.103670795167
1236.85918146399,-811.763530383344,4.38693874238341
2587.59662608361,-735.392098845294,4.42603966544218
407.315583574504,-102.277421001098,4.27706265826357
2340.22717035121,-1813.93470056989,4.4420388394766
140.079812944975,-1180.84101399136,4.27998285526745
2536.55540846016,-1931.31267495974,4.20684869020293
458.372091035495,-893.689281710413,4.39792209690397
2104.01809533077,-29.1131177452824,4.33092447054033
1257.27463542788,-2157.21685866816,4.34387701485267
3052.79286658042,-833.85107692875,4.31602177873764
2285.13812111455,-345.343749754034,4.42605345388025
1825.81483221434,-2149.62423662874,4.13587075771711
3447.29824256085,-1658.14838236597,4.47299286452538
2486.47150929853,-1323.81866421684,4.44928075563612
2338.18417549841,-672.354283548894,4.47236376097286
3337.52281395456,-685.526907485325,4.48897473588879
197.453643206455,-1262.8719497235,4.34756645453287
1728.13336220238,-1369.10866046028,4.58521049531587
3957.2423194103,-1397.23437112324,4.34923057434543
856.579900865043,-1100.44878315158,4.74830707849479
3038.70486504183,-2081.59145731098,4.44219335749757
2057.30618018419,-1397.33529981227,4.23216329872816
2924.86888738293,-2041.05505877084,4.60070321097763
3133.53543373222,-1085.78431696124,4.79917408733369
526.097281506938,-543.913833469862,4.85677748560662
2572.02436281764,-1600.47603371718,4.64450322246732
2986.81934978858,-2160.55312279941,4.56955302010474
2907.12586245491,-431.561217944048,4.91602076222487
3614.79934061303,-285.616913086861,4.76040781478785
1119.12069814264,-1430.49558134366,4.88961984107121
1552.3855108751,-667.81061447608,4.59355092243866
540.57480386841,-1208.70838088595,4.6538112504489
450.314264393606,-1295.26100971182,4.74923124034935
2177.02704903883,-1865.31210885308,4.87678965744774
2671.69862062197,-2104.30298321027,4.70988833770921
1358.91154824426,-642.163542318893,4.92765851872764
503.270075191005,-2080.86425625393,4.7931700683834
2966.96967152609,-1958.36208186651,5.14913149878237
1937.3992150307,-2182.92829726363,5.03755500920241
1118.81929081953,-1984.61525098017,5.1406241296915
3208.66918298882,-1261.98639279799,4.77610292835997
1687.48677366938,-488.752465262031,5.16205355328489
182.523095504058,-673.328700862553,5.06609633651944
2990.86590523909,-1191.72043161012,5.23979550254614
2891.45395933944,-237.220487300359,5.01316724441093
3448.34222293032,-1333.31929455676,5.44030510391579
3309.55667783379,-470.321273233648,5.13785451015791
1549.54261401583,-995.759717058942,5.32438088040974
752.934515191903,-334.606228154727,5.49619036427206
706.696247859188,-1656.86390607994,5.41496302037382
1400.77203204693,-1174.05790963563,5.39282192267017
599.87468552636,-1030.55399498578,5.69095401904496
3649.44447166827,-2107.80845680141,5.65682339054178
2626.60047940017,-1085.32191765567,6.11704220350674
3383.01316155953,-217.78683595082,2.80948604030876
3215.46653305174,-110.130304815076,3.3477873289732
2713.44888793391,-650.891317325067,2.86122724353509
502.189305885793,-1899.53805270789,2.94203084353348
2085.26549167047,-2161.89386640503,3.02488491358972
3558.42140915428,-90.2732775676235,3.1036774902537
445.039521194723,-749.137934243496,2.98166606896358
1660.58634484943,-446.5764014121,3.07456492870697
2350.92462512956,-2052.01715118519,3.03111049991124
2985.89572914166,-2032.86282025275,2.94360558282948
2669.56128360137,-924.787444938979,2.86491642396057
381.712067983507,-486.37602840184,2.91074304417672
2634.43013760063,-335.260422496154,3.09100507637693
1809.08316098707,-728.367173859916,3.05655032548131
1586.80541864757,-2063.59082454102,2.90148009179008
2641.08572206182,-361.16922463221,2.95316891473886
182.355735424595,-618.787374351814,3.0398900547065
1724.80372725044,-971.391463639668,2.96230264999436
3083.74661014168,-1084.54958329967,2.85437640529714
2459.20569534807,-154.213232822438,2.97515181898893
2176.52848796345,-1318.86794280639,3.01205804026367
3670.30832899585,-120.242610644628,3.08291812459251
2217.12876437554,-49.4556408453139,3.33827389774891
1696.9395904168,-840.147128105473,3.31618690658884
563.452174455959,-1496.99996301709,2.89469779650816
629.670865359837,-1418.4246359745,3.201311930432
2689.0080458222,-30.6453371195029,2.67363985176499
3179.49947559434,-1606.52036172447,3.01297930488502
1216.77884062832,-1932.04901282597,2.92670874056593
3746.82899787752,-1734.89424819259,3.1794320542657
506.95805517968,-2157.91723087668,2.95200188150105
1438.73581868791,-1782.45166685459,3.09822294607053
914.379553099474,-199.242298235531,2.6915179230243
1135.51576304626,-292.592242953532,2.72731005018093
2266.75117815961,-494.542608215761,2.9994262347532
3260.63268142947,-363.070995846973,3.0070499857609
2383.71225131565,-305.71304141398,2.77951060746149
1499.24740683071,-1006.71622215948,3.04323138909013
573.717325950779,-209.959424229152,3.0276640260994
1617.41477863243,-1084.30887021873,2.72729019271297
1525.8557840403,-502.760829258825,3.13029690561331
408.278338282544,-1038.92905577979,3.03159034197815
854.270349407941,-428.299170779519,2.78659995188094
1797.12456405865,-200.851359041477,3.04551037423784
1428.66478976907,-82.9487923488897,2.86747727296158
1600.85344754877,-598.291706152057,2.97089016847506
3887.69244553631,-1305.77262106852,3.02827971621241
3434.32248789315,-250.487951363329,2.98282677614833
949.661611885712,-442.666957409143,2.71992272338031
3430.6617663742,-291.596372460848,3.36169381557106
2407.53527375801,-689.414955026503,3.23879351911664
2881.15041584421,-470.63213544372,2.87160454385048
817.217430894551,-579.701422945413,3.0244105921297
588.60974737675,-1504.71001842703,2.96545863380862
1460.01983599289,-1715.09586211414,3.03349370756669
3429.72293272851,-820.600825774448,2.7161786382374
1122.75202522016,-970.677682169821,3.08103399542617
4020.58250898522,-64.5418088167067,2.75208679770151
2316.13577813759,-992.632881944471,2.82646448499086
3537.97150344788,-363.034559525914,2.46778948411148
1396.22356307846,-101.508833410077,2.79668734717187
3389.92820244352,-1963.38049696572,2.7977903142128
909.696103534314,-1528.02015835327,2.97775159193151
2014.22086396959,-466.382598256424,2.97308533338606
3181.02177306651,-289.813840462671,3.05490864000631
3517.36785703271,-528.220590012832,3.32163461152155
245.339922823834,-108.30945450215,2.98053183000116
1035.12418714788,-127.082984815232,3.03023531956558
348.735933988928,-524.739600407362,2.8232185896932
3091.5115252038,-1800.1773398832,3.02513245655493
3907.3995832503,-13.7178546228834,2.81394805367051
829.484976535152,-376.514394708402,3.14178814119738
3139.47856042969,-506.08386408576,2.87842420385779
3728.89435168158,-331.941583179603,3.41796462953819
1320.60477334759,-382.010301828592,3.01562231565673
432.863980083081,-1874.01915751695,2.97941469414428
2274.08279320274,-709.799775240571,2.81709459857965
4001.23229856165,-98.7462751351777,3.10584031334305
2080.71053911217,-354.259439286188,2.9766416500862
2118.24793200032,-275.761037924456,2.91594518044129
3533.98793549653,-881.581705036987,3.02856211664565
687.985008279613,-82.5666631645138,2.78086378525275
1146.01771362431,-1443.75226262277,2.92672710705772
2799.84565278942,-572.945363313847,2.93222064136004
3612.2360223127,-625.691857393805,2.87866642119188
1632.21970269897,-2135.28005796232,2.89918788206154
3162.80117687816,-297.96099114971,2.89980339160258
668.868261276201,-448.362428532053,3.01938358162318
3356.23356145739,-534.306376045481,2.94251142651895
2160.66014769296,-563.129105773222,2.92104426894948
3046.00585727205,-1643.50772349862,3.0246628600016
2039.15696603702,-75.7931856460383,2.93824771574188
1288.92553550185,-2107.44042635586,2.8453651201103
2769.67163657831,-1939.22862596279,2.91837700656138
2742.88361621261,-1837.45842943909,2.85564665798896
3571.80241608577,-1891.67662623323,2.79974248076494
4065.49429154605,-402.738794813974,3.02724386792702
2591.92471956748,-27.5325330672722,3.05877556540973
487.076831328518,-1472.0302443383,2.90199702926846
2448.14921963237,-201.518163579505,2.75702537245831
1116.26467544842,-217.799036832785,3.35713130670122
2203.25137399525,-1651.34206321864,2.84107819969137
2037.9966616618,-267.57725290611,2.7797297795871
3124.17679539978,-443.638440578158,2.88702051486207
1922.24099180208,-412.17520637195,3.03697496334324
1450.28976545176,-110.801598215376,2.96665996343012
1312.3042771382,-1414.46839358695,2.85688787915941
3210.92132335669,-410.795782265415,3.02026670497034
2013.11379674542,-1696.00846530066,2.87261976147064
2334.2958125356,-2213.92396111921,3.36492067291746
3112.61812421411,-2201.29489990024,2.81892173023111
725.809713995615,-1024.70247155249,2.93969078000858
2976.64472106106,-333.629287936596,3.05511243818789
3530.18809312464,-1671.67375466733,2.94456165753753
990.052851353062,-34.8164289856577,2.72335939330889
350.042466747441,-1454.20865860812,3.16376225597742
1494.26578045796,-1218.74137696705,3.06576974699515
3354.78022479172,-1884.32602508425,2.77541629875288
1133.18151516546,-55.7673810055712,3.55601601299842
1207.10375345113,-1081.54880748048,2.99669532968016
176.797887761227,-249.482490743379,3.63586140529033
1334.57903930472,-1654.9392703152,2.95407028850243
403.143537022562,-67.9125797664755,2.96159264366922
1545.20114455172,-237.48759105419,3.02171037407565
1197.80944904809,-95.9707569391753,2.79273171375727
2393.93615592145,-563.265617064522,3.09334880238266
842.345234511453,-186.710455408088,2.77837690501558
2485.11530137601,-361.221575196319,2.8923788844404
1575.99535273746,-201.480174782689,2.9869937474853
241.358442915435,-1731.59212953771,2.81356496495793
2026.44523945903,-2208.68735567575,2.86404816101445
577.650990335632,-946.388241721409,2.79849640351077
190.255101195911,-1642.5519111404,3.00179942512548
1308.89857110416,-2122.41714763505,3.06166635941906
1168.46943150365,-160.842948059312,2.77072429957898
1783.34565347369,-1924.63499228339,3.09864415141304
3272.44552852064,-474.911032913767,2.83114746702414
977.833318944139,-1550.14947572577,2.7789826093055
694.162595286274,-821.281837713891,2.99096302052518
1513.67665224853,-408.355981317985,2.73326103569908
2997.20314554779,-1742.74915988875,2.97027608632022
353.008494280762,-261.616105540169,3.10599467283595
2266.52987025506,-183.432111420897,3.26493403228988
2998.73858326669,-84.8287068533911,3.49894814376787
1411.40426934165,-224.93875486499,2.8645129442173
3439.7251474428,-846.145731900281,2.72374161752784
1184.45795581586,-505.75323765261,2.72445495398325
310.183020902071,-20.9261468161947,2.91253392175657
1060.78610141222,-53.2280585819108,3.23974634254032
3304.46648182981,-457.392856418076,2.8288791200692
1858.91912868267,-15.732845254616,2.95790779136415
3330.54547412734,-637.082808768228,2.9224425830683
337.634424979903,-1592.63949323648,3.01780976836052
2416.43656235317,-52.0740924842652,2.9243175773435
1121.62562072286,-2187.46314248599,2.90826997073099
1222.45494163359,-430.181979955838,2.68122996194816
3119.95063694919,-1706.9557664771,3.00633656267163
3336.57831959056,-880.121126651768,3.04732435992822
3099.43342210011,-2109.15693607284,3.05249180224024
954.013588190136,-2125.70319251064,3.04414388389404
3502.07439605069,-905.531085955109,2.91893643545023
548.585082399954,-2124.61284821158,2.93560040749138
2506.30971050472,-438.161801765896,3.15173305226234
3892.05205440934,-374.079715239095,3.08582240728629
1433.79317119959,-1928.10465863425,3.14713073459011
3449.8532787249,-470.885895655995,2.90812531228594
3678.61735299339,-495.446191544248,3.23335065631827
3709.88463475878,-2007.74037675077,3.1647325597569
2963.79672272261,-1379.45285192184,2.9156525964558
1096.22232884249,-106.82811032594,3.3001989242344
2499.28056491839,-1930.19260369788,2.96705745633306
894.995543303974,-94.5333991375603,3.00648934231308
534.315300334181,-137.652693390144,3.00146237866199
2842.19478778612,-551.881978285275,3.07406573275173
2089.73192444874,-1953.89252867958,2.9537757437884
2605.28174848526,-1947.05429009121,3.06376905835124
163.58698261975,-1530.43226802344,2.863496202932
624.27091233569,-1398.10596248061,3.17419233952159
810.185577714563,-1446.3459088791,3.32665998963625
364.793097959753,-130.503873227829,3.01912257909261
286.978416906563,-712.653583165997,2.96328354747977
1253.81531599277,-1496.3747168775,3.07719785134641
3045.30023885162,-1955.78975780694,3.00585977317186
1667.13137989645,-143.059189934612,2.56775633446579
1654.14760208884,-59.2178114330709,3.11780159008857
1108.71340024269,-1593.69085067728,2.89246527183233
881.725885535811,-109.926608240408,3.20576909983756
237.586940929076,-1793.39929705504,3.19637518858117
82.4846131565909,-56.9782934969638,2.9780031830382
3672.36556457237,-1437.66041742483,2.93481129958359
541.339852753889,-374.860001379223,2.99855777884494
2952.37322049507,-105.211589687769,3.08290814465995
609.687803989612,-429.875315528922,2.98623440792475
2828.36101020151,-10.5580208762761,2.99013226098072
1278.99349797681,-1944.68774720023,2.99704232522074
3870.96089729308,-287.403235133358,2.879699521567
2159.20202610229,-1591.52282228022,3.1111164544921
72.6296212354249,-2099.62718419382,2.66275231897159
855.293929605692,-1518.71710583705,3.09757804272534
907.574356708101,-81.359105080038,2.95849247067571
3178.81046212155,-459.592217327318,2.83108146502199
1704.44238628207,-101.720537391923,2.85531835953849
103.515279656222,-371.869596209672,2.98900878169128
1785.78779202466,-1131.92382963595,3.06120077554752
1975.55016626678,-449.448790929281,2.84695077987178
3268.08200182668,-380.062530010564,3.00705878301068
1308.70925697004,-228.341121644359,3.18771705508948
734.516248838111,-1189.75365848915,3.07388931067569
1279.3483624344,-99.1914041063805,3.00410662582221
3285.43061972293,-867.769987065967,3.18017633911036
1219.42456395009,-1552.71734263322,2.98362222362498
364.416500663802,-885.890471830679,2.99190948638926
661.468416489162,-896.947491519916,3.0906912863458
584.689255334205,-1602.14335595239,3.10909431811225
3712.58037771002,-1673.02893686344,3.0016783927599
2418.42655634633,-234.080757975744,2.94449800137615
2803.90299237872,-1962.0518999886,3.0358425387661
1716.19596157308,-1916.1149803002,2.94564941630579
2318.87912778968,-156.767133551443,2.91991284995297
1273.88571190317,-202.188087530634,2.92572595449319
2180.2015877128,-218.816495908907,3.07835094764222
3187.12333273215,-664.736361599549,3.01237169667013
1928.612378281,-106.673899826344,3.05439034305847
3714.9613201393,-258.163258100644,3.08602747333322
3753.2674840198,-160.379575557141,3.01432440140699
1581.92662768389,-257.200951222247,3.10757375825861
1029.03429353847,-1621.11273113692,3.09203424135476
1048.90949170227,-1579.79547555555,2.93700856687818
3695.92395768019,-22.7942332002045,3.2476113866328
2759.43339274782,-36.5138162196158,2.94786745330192
1383.11849599042,-141.424322341072,3.15223435436085
3105.98224080446,-1976.43040845953,3.09055020769901
1016.79022080547,-1025.90612200105,3.05759426712368
1927.59948290604,-473.213191907034,3.01963112701403
3340.02454570849,-1786.26352301175,3.13575036330557
403.482016392592,-240.899050916257,3.13625818056468
2238.12183654768,-1762.09558419654,3.24832582891476
2552.00520717472,-2139.6459329551,3.18910545494244
1415.74018042712,-1969.89748838882,3.08649058082446
510.029912171032,-1752.99281517547,3.21233414750084
350.65434673245,-273.92395098975,2.92080609838455
1790.03996029828,-1641.25815305789,3.18048039071984
1898.85271187376,-2184.52917258542,3.25768390942775
512.903134167666,-501.815901809425,3.09457194674438
651.988541256204,-431.695839824469,3.10862983687072
869.717521346365,-421.390484317911,3.04618543946491
1054.2950091293,-351.09639457134,3.08496652186044
1359.91397574551,-151.31174582914,2.94317471694726
2020.82894218647,-522.76281055256,3.10351174606851
475.126300228108,-145.169145859788,2.95183219387302
999.609331588294,-249.59524659961,3.14157564039477
1827.09795877018,-132.742070907175,3.26665431465691
1636.97517707566,-298.209447914542,3.07224601396518
1973.61738482229,-1407.21674899524,3.29892679296403
2611.43353107503,-316.961367625037,3.11663681010011
1638.9783983747,-1023.61189176617,3.04463243828905
3608.66368632553,-744.153343427845,3.23828936466577
3982.74490798046,-537.796762749732,3.25108132280288
3324.96359031802,-1712.58731123822,3.3125460939722
1312.32988413207,-1603.27884455218,3.15182097576467
1942.57119817631,-1496.71129914688,3.50109734018683
3624.88223609047,-933.06527129332,3.58138765094384
1987.78727997436,-557.603695146915,3.22870438576626
3557.35472918061,-1627.46078286817,3.47419045965527
2997.59178703955,-1638.95988436981,3.79650735010809
1178.70445923638,-1904.89246938404,3.19321424304253
2895.69177012682,-1352.76748595738,3.40275843394101
2602.09223538835,-162.786482432095,3.28548963924764
629.239160850967,-284.59584929788,3.36796356446136
2408.94421348265,-2212.84571220419,3.46721198336436
3689.8101992825,-523.315741220116,3.5021079411924
1940.93460364384,-763.692115688643,3.53418890394853
1943.63300614558,-607.830490785993,3.46100698912154
680.879766330235,-1878.58622686742,3.36582316267789
1831.38715635835,-273.529112203883,3.44093223241433
1692.16162542759,-186.840372046164,3.27022551529132
2796.7727187238,-1380.34584217267,3.55324588496485
2418.93967967519,-2202.2228978567,3.36562227567599
3347.13964453688,-1738.49840794645,3.55418378426756
2526.8999779945,-769.323385755594,3.44589868585227
2819.13035173779,-165.457062952585,3.54016558522184
1884.63678365805,-546.776334733126,3.47167964471606
814.522793275764,-329.476392494005,3.42627472583657
2324.53983954299,-1499.30350079215,3.54882797091461
1513.04537469235,-341.528386069716,3.46921030030159
1449.37491834753,-372.006518083551,3.82222506327353
2562.94042928191,-174.572734810233,3.40983668533501
2963.44045300664,-1475.54980659942,3.62631478879311
1483.96558480661,-316.964307305946,3.53602210047061
1454.61443308261,-266.158428074961,3.66661239065087
310.81694656585,-2206.33342057751,3.86241894911378
2469.23900314284,-2119.98166475417,3.62970693261884
1318.99606693583,-1514.22452513891,3.88577547264734
522.239150265319,-303.682768756258,3.76551868169707
1918.96459250925,-176.511972614973,3.75737058334925
1393.15306802475,-342.478770343401,3.81740023860662
1589.02423131682,-1697.49642056774,3.7426230797967
2038.04969518007,-208.184884570784,3.83274480196708
3003.68901130047,-1832.79484520556,3.86575830847427
446.834672628906,-345.716871963386,3.87664899880307
1941.15997156325,-490.757180253389,3.86767316320145
1321.73947542792,-181.335640227974,3.48128389816407
1089.60100848167,-2121.01599169379,3.90873679755818
3435.88571089684,-1833.70695539995,3.95060772552911
1166.97504809452,-1518.76753830395,4.10264955628952
366.259078904938,-207.453313655941,3.71154044116069
1530.88256814414,-58.9530199048313,3.84594942367832
439.882363955297,-159.387705407373,3.77066551343817
1034.47595458246,-66.9282047913646,3.84149183853147
1540.85395297836,-1688.87617144268,3.98226094893026
648.4034298471,-177.678563493334,3.7851338956234
2315.77420860104,-517.091343518028,4.06244696078893
941.91910046941,-22.9584316043335,4.12993773573435
2386.76368683085,-1621.52024949353,4.20560337902284
979.437928702158,-64.0887380855806,4.05789373601488
3436.84381111275,-1587.14134324853,4.36286894413033
3883.42629676648,-209.824393494005,3.936795050407
2753.00826831927,-418.00522457368,4.12898517726629
1873.46117935204,-1634.61209773774,3.97741674453241
626.436474284067,-593.908399391249,4.21663603766779
1307.70084700624,-118.801423092786,4.01657768538647
2966.32016697113,-1937.79773011066,4.26695828797317
3508.25246960012,-480.847910179441,4.38664356580191
1440.79002948847,-1446.66334307994,4.41343483023239
2756.84232521678,-268.585671637511,4.28633766979749
3980.49451433424,-425.257736460837,4.31565894432411
295.905739402431,-1854.44468681943,4.338093389664
2235.6771276252,-532.801308010093,4.36440919012971
551.267952744582,-1200.16092343129,4.42456214468484
2289.20120545856,-434.054742644336,4.45693085077858
2596.59923592259,-577.759664094355,4.56455863087179
1094.28251724736,-706.840839544803,4.54189185293944
3403.28727492861,-566.490785391419,4.88822676764599
1520.62135545139,-1001.21280870218,4.85687401623238
1507.43487441135,-518.321155113806,4.898895621162
3659.22854878681,-1606.83689291666,5.20739597069574
1705.72918168285,-69.5978129025766,5.27899084591986
2859.51441668305,-446.90780410428,5.47677008435682
3224.43052423864,-282.925119092229,5.4977353070982
1837.09971189832,-1249.6267620936,2.97696786259243
3078.72536899007,-1045.05582192531,3.1082354195926
1823.71932096631,-135.906374819899,3.10129465109915
2805.29823382468,-1260.39091597425,3.18124197080135
488.674786275348,-1790.16614415582,3.20396101172521
1676.30936779503,-493.199256696005,2.94389375455919
700.292877807277,-1702.26039250485,3.24799483735152
3310.63382704133,-2167.11994497105,3.25450796933917
1314.97416150849,-642.834489520094,3.21484121743828
3350.19615261679,-727.793531804094,3.4035707646923
4002.49062701574,-73.8516530818044,3.57292544320148
3366.04769269799,-704.515595789278,3.37904522411369
2586.88505192925,-1675.43423277599,3.42321130787706
527.521695757134,-115.441520120331,3.53234878048917
744.721230567816,-331.368407302501,3.46930926006491
698.042277220787,-2064.12424769314,3.57405300778145
2284.60214818083,-572.29641938387,3.98531845587095
2318.27500033336,-1564.83545777403,3.65920399617308
1639.04774221299,-2103.41900365555,3.75584682038662
1497.40224834609,-1520.83150974047,3.76685953285378
782.190909299096,-1940.52418026661,3.84002046166309
1669.8004962794,-729.355402199797,3.70581118950612
1679.23522204993,-2024.90573527822,3.70690045465042
1722.08887496279,-525.150946775953,3.75295591483065
1260.25362602657,-1416.12162424432,3.72577212895416
1684.43128076291,-1190.97995308358,3.99558856153259
521.10219341674,-2193.49296743608,3.80289522980149
3777.21193067565,-905.95457443577,3.90478393585004
1396.1437278756,-342.710887746929,3.90080081156435
3916.90714860771,-1173.22637503714,4.1607848057891
1653.39929718596,-2078.63707380085,4.30885598713055
2477.36312486178,-2114.26724179984,4.64855426973585
1137.15989512448,-2158.86412613955,3.90202898383857
2282.62501039951,-2202.44834333507,4.04061596836883
2754.65022250627,-2075.54147837403,4.05932589453521
3838.84522699397,-1081.16950632997,4.31097666558237
3718.00768595172,-1548.27855261398,4.40962610605469
2603.47953952665,-1742.81852545056,4.59504190980628
3916.11612085344,-1036.30893488246,4.45696756957663
1879.55437361934,-898.827967042456,4.47257696785247
402.96870407142,-104.43327885928,4.3656041537796
3923.83003969077,-289.69377554185,4.78732979240965
111.442073872283,-526.297658910867,4.50598178380925
2979.95927148376,-1956.43684419326,4.87452992800854
2113.15511041909,-1035.42817561688,4.92300553879782
2276.40596356649,-1705.99986612486,4.88751524946801
2058.84777434354,-906.691782256456,5.09055745236364
2315.44787916762,-879.787964890878,5.2988006963996
253.545041970893,-215.441839886706,2.96084329447072
3661.50158236837,-1526.88172593588,2.90846186387433
3043.7718556753,-1463.88196755716,2.96716888144214
3116.04926738128,-1358.51279093677,2.84127118695957
3943.47945442993,-1355.18611774562,2.99527574526316
3962.03323962585,-1446.24213855185,3.07321711444575
2919.96835091991,-912.951365024207,2.96705873448693
3687.83916014792,-56.7851797662187,3.16403520406514
2146.48494394929,-398.878515619515,2.80894768700841
1599.68415788852,-959.267589960945,2.83802612900205
1553.36992171784,-1485.33364248164,2.73227318280123
213.366906248875,-1950.30329127865,2.92784859801439
3310.13742721297,-370.040183271481,2.85804900265162
3777.56131222813,-163.719512753918,2.99787034656009
620.083627711813,-1197.83817242806,3.06679388881452
2376.49682952167,-1158.81885735241,3.2931246861098
2646.3876578438,-1522.44512334968,2.87613334265222
3335.23897136142,-95.6190754407423,2.77494269448796
1589.41901993426,-1595.95347770826,3.05571924652025
3028.2183967117,-1266.65538680919,2.91000978438783
2035.32290362078,-1139.0497061844,3.15390486786955
3480.336987508,-2169.39432538344,2.7883940907677
1698.54606318205,-1421.11198980256,3.10230327031266
1196.59492579223,-2124.4999647232,3.02087469509249
935.898795946665,-2098.85246104062,3.07247571605975
2525.13272754867,-877.634164474905,3.29981716068927
2925.36531299822,-319.338172939788,2.99322028923784
3874.27175910291,-1115.10505977573,2.92306434895842
3947.09778144505,-2102.26289164427,2.95623951360381
1489.69257687498,-816.352281900929,3.09763421247212
3515.53998268259,-1941.25863008271,3.20251920179613
1029.96008560886,-672.947759039142,3.06313458633639
2620.95196550387,-2214.19902777633,2.91874584747222
3826.49427210399,-165.516042497322,2.67649190716439
1225.06490016839,-1609.19014100616,2.96259882863156
1769.15802191577,-1991.66389347627,3.17090356304989
147.0282156282,-106.834106612874,2.65495730367833
2944.5425768696,-43.7180803938864,2.962934733887
835.674511668729,-807.432734875647,3.05676516181888
1168.75588995566,-1812.8661898765,2.96782504407635
894.127578738306,-704.468089004186,2.88342916797088
1657.84829791165,-1992.89522085689,2.975663421556
1297.01032763076,-2038.27153514597,2.8452640068221
623.626468806111,-1787.32193199374,3.31240700297778
1815.90106144031,-1048.84791488286,2.97970779222742
1623.49432688931,-1746.32655179938,3.11554072072342
1168.0651082108,-316.216497713315,2.82648658351856
1124.58035556201,-1714.03604121742,3.13960390914956
1156.53438364016,-1614.49757024507,2.84851885544299
1487.63041119734,-510.089202773443,2.85863935751075
178.608551157673,-2137.43228005752,2.7315733700965
2800.27132315526,-44.0343575747565,2.83688010186877
3141.15628994106,-1774.78722468293,2.64313469563688
3113.70304343189,-1872.02749662479,2.79572269746909
3421.95867913464,-320.919248144418,3.2370608562061
3892.68642654769,-1791.31584747273,2.68425128942677
1175.69439700008,-74.1504367455515,3.10653719529266
2406.98214369918,-1538.28343884249,2.76724245914161
2930.71849201778,-1645.05403835282,3.09786461906347
3833.43968105315,-1378.32633423355,2.7806123798282
2265.1745694665,-1394.67960481824,2.98581006339238
633.217877684539,-1932.89213354949,2.94283201883942
2093.00608193709,-638.198035639812,2.92446734817577
3316.60997740128,-1189.96832565568,3.09749864341012
488.557823692809,-1041.40799595061,2.90187245440131
2855.73933188913,-251.11127662325,2.72901491857981
667.112514106878,-2205.05533041129,3.08844972828286
3310.82217570706,-1507.77914635642,3.06298509916167
1318.50335315087,-1453.25527989348,2.95807973802052
946.224908869365,-346.464736034451,3.02841539057054
436.537494309389,-356.168110300389,3.02773018398757
4020.57458635046,-894.686704555071,3.0841664696367
1148.92443548987,-1676.20726957515,3.16819940040923
978.784236023419,-492.285534740026,2.76749598721706
3018.49473389511,-494.310728791582,3.09444286211793
2937.36481114263,-1066.91462760332,2.99844968829614
3830.04778143617,-247.156720086863,2.81671908586107
2883.62833700547,-2070.05826399662,3.13705650874812
4053.36475380588,-64.9928839481438,3.00565708268621
1869.11455993127,-346.588213490819,2.96430446722143
1912.0840340561,-1307.20374016843,3.00197598798596
1198.30735611841,-772.286188856146,3.24427229963356
3211.18163492977,-1890.91640069155,3.49900164368792
1406.2211791436,-2198.50393876779,2.68239111236946
1765.85579182223,-1034.21646493405,3.05590316110214
1804.98915806501,-1949.71405925378,2.88660568728159
220.787487728223,-874.628260219553,3.12410823299776
1831.05647921134,-647.258237173259,2.87031380468973
785.636607914112,-588.654592499451,2.98596446692835
3474.83533291754,-1255.23621236467,3.29944852351232
3617.39903272698,-1248.19604252992,2.90240463454062
1798.21776215987,-1378.80375767318,2.83586110943087
1035.65476652266,-1906.53641670215,3.09500771337116
856.701589105744,-837.619731179867,3.11547764846466
690.805844254826,-402.578085309786,3.15158106590499
662.822119788564,-1479.50018432329,3.00652947149824
2344.95256338493,-1958.46992371895,3.00447175941619
3995.0338271116,-725.135179808203,2.89468132735198
2922.23150400736,-1940.69127886301,2.860121210667
1239.32867417873,-1085.67698358103,2.99534645964345
593.036913433295,-1841.04074687003,2.89309189295597
441.460941232549,-1995.07234479303,3.02623325308649
3808.22410632819,-241.691991159688,3.14314352206761
1854.41402587084,-41.4261166578541,3.1729611092782
713.063234531038,-552.287998600719,3.1760383812322
906.229055317863,-749.794759321442,2.7741092704652
2235.89392895399,-552.756252290088,3.12643756409264
778.801591951395,-44.884455547407,2.91386862772118
1844.27069639898,-63.8886793161295,3.11455283693569
1551.78029406544,-619.707094090948,3.48146825104207
2229.96714515995,-1242.56544734308,2.99496446726801
379.871232367538,-1071.73786006769,2.66001515982797
1562.11258571032,-1340.39159605104,2.95165384915707
1125.063954213,-1812.86624131163,2.97751764601439
960.246690418712,-1209.64811115754,3.04185817738511
230.795318437395,-607.681199539831,3.06204392092624
1557.67994907631,-922.024364121523,3.14773062256396
2647.6114875032,-449.166387643048,3.17179604940901
1340.85422994592,-1607.75297349498,3.34456563109054
2501.65625358586,-1782.31918226398,3.09288585503341
3962.21215837841,-289.365652095752,2.89378328341754
751.537282390508,-980.586258439689,2.92257295232091
2107.10782813622,-812.118874152672,3.0966247496769
435.401854597695,-666.478312358294,3.07610590731102
1680.59457039486,-213.761979615435,3.02510862025773
1434.43600463367,-1867.94083224522,2.98011236826614
1384.48190981451,-1420.21254886473,3.25246536499447
2319.69684060124,-1545.89259961432,3.07636148294213
3094.44922418652,-476.355978783357,2.71759716477585
2732.72031271481,-799.54808470172,3.14378354502979
2969.66492676153,-1407.6293800908,2.92330668564879
1470.58102577628,-1361.86140902165,3.12053094222296
1556.34745421196,-1220.97520570672,2.85418634809006
1752.51110110191,-52.1303136219027,3.26043605432272
4016.9938614836,-129.602438551062,3.41900911647961
3526.44412995408,-271.621616235147,3.17505817033533
3495.48525334111,-950.316804962362,2.8438570903366
1237.40215349168,-255.577383636899,3.04708850791843
2074.80867431218,-768.141768630176,3.02151561164178
1882.50279093631,-1044.11093502474,3.06515404540757
3249.77017890124,-1787.55486115171,2.91334357407474
233.178090624728,-824.898186011459,3.02690675811649
713.086856289931,-384.572753564348,3.02910049763642
3149.73721630892,-822.699737567289,3.11538457218386
3692.97403012192,-2082.32449322551,3.10841880216771
1031.1652238718,-2045.90654461459,3.26947333575832
3384.22691397951,-1098.67941113468,3.0286388939031
2225.15526226576,-980.162156220068,3.2647814381109
1394.19262751102,-2162.60892773905,3.12051656241911
542.230349512745,-1353.86054451772,3.10030418059427
3712.78533424247,-478.269290604801,3.13708684112952
1560.74350455873,-1281.3394892076,3.10509254362355
1882.13716080002,-1793.97225465971,3.45390780343651
1208.05375828885,-1314.10979314819,3.19810695050469
183.753970315841,-2116.63169365407,3.6586731982334
2919.95221911777,-1465.6118696193,3.14340600862892
2633.74178529634,-297.598808622692,3.16057526916444
2975.6265771838,-478.246065156212,3.18515303141548
396.753595400632,-1644.22416944223,3.30147753714693
752.947041773624,-1840.28803828531,3.11544673821269
2418.27072803452,-344.849507678172,2.8035954103575
3694.59049620362,-587.778034386958,3.16814963879084
507.119774340808,-1415.22031834548,3.01128044740393
1254.62252592825,-102.095796979779,3.11518931300917
3093.1412905811,-1253.71151284108,3.22388438561924
4051.23469717327,-1375.93697177017,3.09539128343238
3177.79956487333,-1664.52248643369,3.5525868453034
3968.37800577244,-1127.18953008068,3.03828397130531
465.080201227778,-717.139346235985,3.13358966777262
213.86817500324,-19.1721055839756,3.06869929564611
2098.6278621574,-116.017518267495,2.91497205403293
3069.95168775243,-1764.48536367145,3.13522143539721
1318.73623752928,-1306.76998632378,3.19117718675972
3982.77677891956,-958.855010356066,2.90246930983626
1581.58516608983,-925.288101550269,3.11017622621918
2581.4531012122,-335.499566330864,3.27190705041462
3118.96824724337,-220.86214291096,3.34798484150865
1111.88868988492,-1574.6194087723,3.08022998075183
585.818062798349,-1730.72811949601,3.44929319746659
2789.10866750825,-1545.6649557101,3.36709735445936
3636.12443204316,-1967.48102146206,3.18216479482372
928.249672544287,-1771.87285585448,3.35061457421597
4000.86777960476,-258.091369905233,2.83357150371348
3934.18836053434,-1683.54397195087,2.94612506905041
365.089080100527,-1311.25008691337,2.96125585004817
3217.21552739909,-138.897724605797,3.27058373676953
3850.79372674048,-1602.32069929805,3.1585456709568
2065.3924687427,-579.531480535026,3.35920459193393
1084.91160997775,-819.763661988272,3.05596977540918
2149.54714497399,-1077.02150911573,3.15009759730454
1375.42982501249,-1234.38018340426,3.19975728532746
1400.8707095427,-488.348249034923,3.20751684308131
3139.38295958948,-1549.29466991879,3.10281978729532
810.061770531555,-2139.45581721598,3.11483505236961
2067.78078442882,-193.048369400162,3.18965404068559
1996.24245790117,-759.577277599653,3.26176552077176
3246.77238101779,-1875.92151686569,3.16888941760911
1392.05645245838,-739.801535857657,3.16192225864912
1315.99275058245,-1323.60015862339,3.21489387645131
1538.46836407912,-885.509911798965,3.16125001394993
1695.09630012388,-578.267879931832,3.41672904823605
2004.43679643707,-2124.00133445934,3.01716041203558
2932.77508161907,-507.820610646663,3.987450571013
2855.32193403548,-1189.90799076831,3.38756530193862
2496.54395958997,-1539.917499455,2.92173940009702
362.084703892306,-33.0403774584288,3.27934724048769
440.113747032329,-1102.60169619705,3.29099585383291
2323.77271408898,-815.921882682356,3.31354362113749
1632.34487330964,-782.004686600429,3.07980592433687
1460.07758199371,-700.751380967808,3.0523685153949
2950.4592939465,-482.555728255543,3.35197577576836
3355.31347252831,-1186.25629767452,3.09969586015952
1144.46302779476,-148.320876286494,3.4951351141707
1789.05417356436,-460.316305816613,3.1780637109038
2639.21494036611,-779.225637279067,3.28619044069604
1896.86969376303,-31.197349826039,3.22498657753327
2244.36572709592,-1529.33151026841,3.12667574141216
3647.78279075338,-1872.9709075288,3.03769451088967
1015.59593985626,-2114.61467087705,3.27056493515448
944.40111071657,-1655.35538715311,3.17324981962192
83.558691861799,-1367.90207699719,3.52655575916075
362.203876176503,-1525.34327920412,3.02907326155432
970.687843142929,-148.288907778663,3.55379217895845
1917.31353888414,-1136.52235462893,3.14135981746509
491.644806660651,-680.264472022648,3.45288516957025
2072.00952432314,-530.691751474296,3.4119520380294
1973.15499591629,-514.415925849117,3.24961103849939
3227.12262967599,-1369.96950217015,3.21636018601059
3603.36862801359,-389.186130180988,3.31693799591304
2011.73356260669,-1496.05394553622,3.32491828744927
904.713449291986,-231.422919504687,3.36399513421334
3254.10945246625,-1898.04770127269,3.49226632486317
2744.70353881651,-1740.43826404681,3.12071909486704
954.805188305876,-1903.80220102289,3.34392136702304
881.704596351344,-156.273560595674,3.65192055971906
2977.65061004068,-409.367863352025,3.56510996206912
3104.37264320223,-2145.30060470661,3.39929992727944
3438.50542184371,-1756.62459146777,3.15149917635276
951.683043592309,-1235.478834425,3.31643195893442
1737.37262748279,-954.82243565552,3.48921087401687
990.478440573998,-1834.67330388544,3.3369216199954
652.028669298287,-399.634476818934,3.291991725989
1375.18265360789,-1959.62990830574,3.2908948877862
2730.19919614964,-1578.52690327007,2.8381932779459
3612.78810375046,-1716.48871046551,3.47003339763657
1591.69468194981,-1147.66419641766,3.44868282862801
2697.8472057345,-487.105027943119,3.21501175820738
3882.60258535801,-520.148477079253,3.12776152513255
3460.80127459913,-1380.94003121583,3.1703846454029
451.045131325332,-271.925890657334,3.08582123760985
3058.2255864182,-48.1140256080395,3.26686083176572
2030.37064221596,-896.311500770356,3.31570674306522
1047.4881485293,-445.116589189379,3.31385884291436
2144.18007023711,-659.275497759887,3.19678057636694
1930.52265296122,-2156.49787359792,3.126817142978
2693.12226122976,-271.93937499896,3.36389323150798
3207.28292045505,-1524.82715275351,3.41759116191779
646.964189034808,-1909.1299390629,3.15402157688866
1641.91628689805,-271.138078843421,3.41979394438907
3259.96513242172,-131.417709374877,3.74300161441749
3316.30420242985,-1608.05921323581,3.18917333747944
3842.81557958,-1652.24494473938,3.41516820221721
3491.74946962334,-1825.55639216642,2.96293865480528
3751.53284948501,-1079.55543186104,3.34213004581673
2427.07924419506,-581.395791158259,3.17486923616098
2015.46234266499,-2048.12636021876,3.55742977666652
1123.48898807288,-546.375187162238,3.43635184495412
833.86142515628,-1023.12083604897,3.41572766230615
375.086516697045,-280.835785575141,3.31291466383261
1884.01496558763,-1258.17335046544,3.73342765415154
3937.23033092844,-999.51578957521,3.47258660873555
2700.04620851847,-696.33448164249,3.57339966390898
1254.60385021336,-861.992104209496,3.24943921193046
2788.3439494346,-525.363011740729,3.38209562897759
3610.31370567569,-1769.30378862246,3.37363712687313
1936.69210955703,-1394.03068158723,3.00239201546619
1207.8316898867,-1165.72528475118,3.28484303009066
3647.7384700332,-1658.97267276985,3.5140783411034
306.481517795898,-1978.12885609258,3.34516639924507
3596.34599418638,-1420.68490952478,3.31766872600903
4050.15398220935,-1051.17962036505,3.51294374985074
3483.33833335466,-1464.59527540777,3.64825450320634
526.749731414497,-413.648130876513,3.11710094785273
2003.40349736065,-957.855783769458,3.30015453968291
3332.733669053,-771.58544801957,3.46829965948519
233.19280157139,-530.59502517024,3.42660498411241
1436.57450444709,-1262.48648459427,3.50648898245536
2625.63948897736,-66.0302549823899,3.66164973213065
3126.26457060812,-1401.36808132351,3.6092126536235
2920.38260208866,-1785.94967136613,3.04234311951509
1059.46084104869,-1686.53059952376,3.41010080938572
3178.67794680163,-1385.29864440592,3.55238863298505
596.385095548596,-73.7294023867329,3.31247887659534
414.088529003969,-573.780302340682,3.4648074399151
1843.62629775785,-751.652790888519,3.35915244976379
3745.1842816937,-402.36998996653,3.54172897671024
3698.23177626944,-1323.15698855591,3.27260418277333
1386.00520803063,-1149.0516177435,3.68971141412856
321.479475050198,-639.436591061704,3.8334010234771
3865.04871911026,-1438.1437023431,3.73786355495952
3249.34852282865,-1962.44447404247,3.52320641202957
1400.28565705197,-181.548232489536,3.47302066310613
2284.08308868252,-730.389541212255,3.65012484443034
3707.7823080425,-1975.26675513822,3.55727712774935
3608.0479560298,-1180.6013206627,3.69723810225467
2181.93109416893,-601.298398847183,3.66255786284551
1012.19230538499,-2203.38811417971,3.21176751947202
2736.61746894261,-640.700291701157,3.43955441118575
2232.342951654,-1808.78796854917,3.51331614849656
3054.22842549466,-269.769977750544,3.41846590993974
2963.48158748062,-876.676660214912,3.89315609884139
3742.08772004159,-1784.16237041287,3.70203839277834
2968.72357756972,-921.818608739142,3.45847217977378
2726.47181727369,-2077.46125568042,3.57873500706822
3762.17357179768,-1337.02303199358,3.56126538160407
2275.36891650982,-891.83952956663,3.89200474566087
1963.85022858416,-1996.63111032596,3.47010164164664
2229.63422758685,-200.512606582947,3.40673932753454
977.321681058927,-2161.95941957252,3.80756747359041
1558.34587011999,-320.723478259968,3.23482565624071
3287.33879469227,-1691.99261115368,3.69589150139609
2851.78690758055,-906.655761194247,3.68950444268642
2601.22528068501,-1872.55015759954,3.97890342892219
3024.35414099724,-1007.96001798307,3.61504393099008
3843.97308422347,-971.309568412936,3.7573591721743
2505.36012076093,-311.643387324524,4.13651893032791
3338.15124863469,-1804.92144823683,3.56134978142327
2022.49717273762,-1560.78196598134,3.55399742826705
3897.19177992917,-1460.02892532003,3.99667374856119
2915.87965739807,-869.446810618269,3.27079260651519
2043.68899069873,-2094.92842489833,3.56167671492147
2006.19234622064,-642.891420001518,4.02969078405159
2242.84376923269,-1201.4363507935,3.84759298060362
166.166216505303,-1060.87682975059,3.58275616462093
1778.91739933682,-241.014032053601,3.61488058481376
2307.84004127755,-2057.12629397735,3.56451669914763
2396.09189349138,-378.150143114269,3.76284973106607
331.468587092035,-951.738074823938,3.81653948556897
1764.85191793267,-390.449966160884,3.51621548684967
993.594316386495,-420.561357007233,3.7678486273852
1805.52818349653,-1300.36712229916,3.81530712079122
2385.91907653925,-1421.16385824451,3.76584417573274
1536.43390217843,-961.972610311311,3.72708749793312
1627.87806671853,-1200.14849616633,3.34254234323242
3063.96209618203,-1357.69136638062,3.59802309221576
3136.29999549037,-1294.91258869655,3.67753556875227
1174.24848377048,-739.005029277794,3.9252448792569
2434.23950257685,-431.647108560723,3.57202139402243
3915.00256320031,-2180.78487639842,3.77582822357337
1650.28881012903,-1657.10933148572,3.96069686374935
2099.95441903056,-2098.44710413214,3.74762144744544
3224.14814210323,-186.271291938011,3.72465246789033
366.627754572141,-2058.00106570188,3.80807160869826
170.960021527668,-2000.40100164533,3.76360722127676
3108.25554723372,-2092.57513778358,3.88805018713478
1926.19954191489,-722.561868813445,3.66485103427092
2101.57399704112,-1768.54586529871,3.84030972483044
1361.45978990601,-210.112949071929,3.73136891497303
885.274821808784,-876.520028675374,3.84634333380216
1764.72248494497,-349.296867014106,3.64898969463971
1998.88102013446,-1815.27218868745,3.81580930001133
2205.12860327706,-1305.21243062634,3.62715405568228
1812.36985387048,-1665.60135892879,3.8553750018286
2148.18083858954,-1471.86727227365,3.73986646394319
633.66622372442,-731.33541289103,3.98378214923184
2992.1035521137,-1878.5516877444,3.93636789070847
2022.24681829137,-684.587450520714,3.82963307662271
1187.87828527093,-915.173135669769,3.98520167986646
226.623233702409,-137.457420605283,3.74990960580267
976.939419020054,-677.095373251617,3.88024913251132
3962.69054135558,-1818.85783450162,3.76954277870377
1745.08794881742,-1677.69171527697,4.26605066137374
2911.05452194643,-2119.08510904105,3.87971471428806
3306.8477415095,-1004.55610004537,3.90217532342625
268.700526319515,-230.556239138328,4.03601475296138
1927.36197319155,-343.572789792419,3.95879850513743
2157.56199038011,-915.949884137272,4.01170971230898
2495.59265387319,-469.196706735403,3.77481849823566
802.661088359867,-926.912701612173,3.90336195497686
1834.34352577096,-1872.915314694,4.20682507497547
3991.69597024431,-847.004010743051,3.8048434307177
3719.28361589281,-1560.54374290911,4.26711567659503
2612.91262489599,-1805.68891504892,3.86917254458849
2195.64432034975,-1367.65526885046,3.90784439694042
826.078017634076,-1781.33620927749,4.09223417909719
2774.35384979199,-262.595535109147,3.94043336360221
728.089108225598,-1901.45967913315,4.09476951517839
3627.76885845142,-1368.51911800557,4.09809518671598
1330.46066241196,-2013.19606412853,4.26614995992448
351.038137504206,-1435.21800986289,4.08034735665887
2006.9855215648,-425.324729196432,4.29690837308221
976.299624489223,-369.591558154082,4.1451201380976
2279.75773881384,-1707.14243996096,4.38315149973117
1044.35661803423,-184.333749169505,4.44243823219237
2094.98777206375,-1911.80920249508,4.26182528538996
3520.83372972081,-557.738143454717,4.39886704295784
255.374961396928,-1019.64585935012,4.06322117892002
2272.50950767218,-1365.94839135785,4.39257362880681
3707.85720152094,-1191.08761585463,4.36402362318243
3894.96101113136,-1018.6299331147,4.45276345306686
1750.32776418494,-1230.89686412787,4.29372375980624
2549.33586728883,-2119.66577903363,4.72747987005062
272.990170923186,-1201.16585532453,4.89920510804273
102.29544155778,-518.505029864602,4.660882061538
1252.90574414937,-446.730186553894,4.68264476316957
3668.05069454939,-979.49834362491,4.68305058675807
703.544880256755,-679.626704528504,4.81440995223252
937.316122854224,-1984.65652311156,4.67659171722229
1321.43702845183,-1700.84558531496,4.97156584289305
254.653776288013,-1325.97283420209,4.71129545223816
467.04817140381,-1954.03719456718,4.73469458076054
2312.37656630526,-859.952410660356,4.79778429734519
2883.64124385005,-1417.55923836049,5.11766141809125
2945.36431976309,-1603.40529764594,5.01457709744314
1177.31948057742,-1815.52726233609,4.88335410826043
1676.4841234804,-1502.10807842036,5.01668297099186
635.459018091766,-1454.81618935218,4.98366031401279
2028.60630675189,-877.294613619463,5.22356637699422
3343.67413382503,-571.958362428901,5.56632554305793
1726.53762106964,-1098.93377414694,3.06821631788344
1110.1652992667,-978.230847403844,2.95454145624467
2547.96489581524,-1866.96226045832,3.02470748025622
1020.21576364343,-1550.91189626566,2.95636121109769
532.108531329916,-1315.3270115068,3.14720861479781
1457.46199326285,-608.119286040731,3.02981100091618
857.912421874598,-1131.81496925441,2.87062452023749
2959.94031503276,-688.236302285159,2.99854109819844
1591.71029698192,-590.754767052495,2.99495160666385
2289.02184535975,-563.243728716592,2.74131491182866
2139.4841219214,-1094.18350533812,2.91083480125425
1256.58202646879,-568.938157176274,3.21464416350712
574.43827907613,-383.791695862284,2.98115144173654
109.952581553847,-334.432777992762,3.10096743691884
1758.46124665665,-552.559222102945,2.94918787233678
1492.21117800943,-165.422098983501,3.47020307200094
2358.75270928938,-1728.02190034702,3.06026134461041
1646.54980925529,-605.001297596419,3.45085635209188
114.60070606366,-51.9084795701917,3.40940978362136
123.28863335361,-449.668703550332,3.13441518295306
2038.93258588303,-213.866357656809,3.25959009315174
198.709999919719,-544.02068337764,3.58423931211337
358.26687663181,-485.85177567921,3.3360464871694
832.816911952067,-1232.25665937023,3.48562278456077
827.470767796894,-965.417691453812,3.39367699477795
525.363257233908,-127.426673676407,3.7505192689289
3202.55274485857,-1896.06329419486,3.81555617045812
523.751221168949,-405.592216758949,3.514224206068
3017.27569317406,-284.680595722715,3.38635778124912
934.199074830657,-822.970397166513,3.80082636048952
1486.49278884226,-871.062819220866,3.96511649128892
207.285061312595,-387.636959467784,3.82013583595679
2112.19612629348,-499.646218826597,3.96331655431346
2211.98883922614,-406.820247076052,4.58929759977666
1881.86272147398,-1707.67988498619,2.92146122655672
896.939367045231,-724.963946994467,3.12120873719644
756.395607685028,-594.655273180382,3.07651249156867
770.347670887874,-2095.39217392872,2.99702171897292
1854.42313933475,-1090.82790333829,3.01301542257628
854.842814041434,-1877.78916169846,3.126794454349
571.52498659541,-642.491754640998,2.8616591696843
2652.11022265981,-1805.25057239528,2.99195568138018
1490.17112057375,-1183.19473026331,2.99166481908685
2103.98899513864,-2202.83284787414,3.45211338227335
3647.31131738784,-951.081799176108,3.281400579799
2868.39907690581,-1916.13956350505,3.43195103301107
628.419435848368,-1929.10973279673,3.16569492779286
189.750884989498,-1476.95233977829,2.9214319331216
348.477481813316,-2185.87554649236,2.98959262201957
562.293362209118,-1813.94917736642,3.20793402932157
3655.21414747511,-1773.88141414544,3.08773387308255
3688.88297833528,-1177.0738123686,3.03014340327054
1222.73378767559,-366.936860508603,3.0223473922298
2739.84140742686,-1742.97206356325,3.21111583665615
2782.76697177757,-1548.25001825,2.97647836163358
3380.22418979871,-535.987253631587,3.41639858659335
2502.26061074751,-1776.73486008403,3.5391393089218
331.913428938327,-640.403376694731,3.20794198836981
3341.40251592259,-750.203769563253,3.36570397620537
75.0822804645608,-2100.51330620986,3.01925403273975
993.092796872389,-425.804957364921,3.50320236851922
3253.49972747526,-2002.29014063587,3.39591991307417
2768.39324120064,-265.332070033331,3.38106986268033
191.896306680719,-552.501999688981,3.93133947098143
1317.20881060127,-183.309645147288,3.68543698523138
2466.47451597474,-1720.51221746545,3.90955435299697
1042.91804272949,-1266.86228897447,3.61937531159497
2563.05660119373,-500.73505509066,3.66327735721627
2095.42537304679,-1758.23524409363,4.02976547385042
2082.91340924844,-2012.49936145054,4.05221234352472
1971.19306819558,-2072.15385284987,3.8387723910729
1494.39834274786,-867.160712318007,3.66527942384046
3266.77750286797,-79.7531423571239,4.166475378636
3814.21145567448,-194.367394268369,4.0443465276869
3824.40526244986,-1069.15485692023,4.15280440270042
1554.80575228104,-2117.9103598156,4.44416800737536
1677.16101168302,-357.314809176643,4.47085297312915
1702.14042614511,-2165.50931827987,4.74011087459243
911.162100457777,-1994.14634511334,4.9218724485072
3331.18428030827,-540.381854390313,5.59839539216017
1501.2202923888,-996.442486574787,2.63971936347373
3625.22043236918,-1872.07341718796,3.31698148092199
788.741008073819,-188.659626905518,2.9647719091064
608.364321280575,-1145.63890056857,2.90262154199579
2796.35104725368,-968.784439817818,2.9163233132561
3342.77392335132,-747.402753188629,3.22438308249282
394.415245837151,-1648.76542023387,3.31342530461629
2100.44528052811,-119.741843246298,3.37688226472124
3636.19749169506,-972.593402807025,3.25353515628852
631.420781722865,-654.845001092459,3.17652423444406
2048.17020129392,-2099.35485901116,3.27487306367695
2035.01574332338,-215.57418593293,3.78490922860724
1561.37958970961,-319.690506196145,3.81078812181766
2976.34095773144,-10.7616320094391,3.71079479952064
2002.48024861266,-652.3182733493,3.47094872340467
828.241693806048,-783.566010205523,3.61443399977942
2866.50597767543,-2148.49840664709,3.61462641328127
3234.04012831265,-193.23759495486,3.68822311196971
2273.46580701721,-2199.83760895295,3.84364022150204
262.49350861471,-231.811628369814,3.85495722822057
457.709463414337,-1296.75204927004,4.22107683089147
3471.0042660697,-1331.60328903147,5.01807625070904
2870.59528118897,-218.798582897599,5.09445295053682
1134.5102571718,-525.39393293175,2.77080038465142
3072.50726848023,-582.377741204128,3.17607667986234
3277.81367370624,-944.543086506573,2.72384402035694
801.558553890116,-1208.49825361461,3.08173262400581
74.078380412992,-1462.88151513329,2.9266573310695
2214.8693052601,-49.7382750272056,3.0052773904324
1493.09866490005,-1902.808451832,3.341498814975
222.217209401407,-403.28975839288,3.22134860036246
881.965505180108,-1862.61290354154,2.84030225359659
3570.85356143957,-1892.26854466406,3.25986835023325
3659.43026536859,-1276.97802240831,2.95708790582222
3101.40802536247,-776.063092068362,3.31318012483233
750.869029757633,-1245.51965786607,2.88534894173085
1428.64232150218,-999.601163149676,2.85958356975706
529.682703233951,-1397.5141173915,2.76686227736158
577.22314543787,-1313.87601480002,2.89287751672655
1889.96626179761,-1576.2167213449,3.12684329497919
3837.29970455524,-2124.12213110581,3.04769330190952
735.433786091915,-1456.51765039824,3.13351202132311
395.638131552286,-1369.28767128341,3.19421162449895
2317.2937846135,-471.733204438226,2.86550993448853
902.097613580718,-734.014277138077,3.3039872558257
745.764601872766,-843.295022814465,3.1022593945839
1730.2631971163,-1836.77210044924,3.01110902937308
1882.53459789636,-810.479917691795,2.96984748799588
3860.56548372225,-80.0521494064694,3.0880661313406
2666.39400804617,-1720.65681449639,2.5795291112042
3100.03464965043,-262.439339748736,2.96965248221052
1212.35281889202,-1050.95275988267,3.32531248152788
730.613097213226,-1944.43241207112,3.18706901711741
3708.45609695094,-752.852853969465,3.07115968498218
1752.80209974368,-187.453151438907,2.9675463625562
1129.18045148212,-1158.28931865423,2.89452213060995
664.489345567376,-2197.77292449291,3.01309700169452
4008.92712356788,-1093.63094241304,2.99669852430742
2439.51049349718,-838.050154200645,2.89085868037513
2267.11049989671,-176.090737934856,2.74136119787566
1129.32336199628,-358.085035638842,2.99722079347204
1482.41876592849,-2194.58468964492,3.75462260198487
2981.25934508169,-1988.29396877999,3.05623333052246
524.511777232282,-1327.07264124784,3.50590171664867
1861.35653191026,-1241.09720836476,3.22239738663596
529.779477063818,-1317.55157963127,3.20993663259713
833.005105742063,-1764.43252415673,3.03284261567025
2340.3849855405,-1310.91970042211,2.93810990235092
1818.40487439888,-1711.70111375701,2.77127805717059
3549.98513141829,-697.338600233904,3.19698394556423
1887.37669110493,-1481.54178500508,3.06699010890238
2235.37198474805,-550.388458759792,2.72591426917118
3347.93887926343,-2051.298409478,2.70288841402426
3893.17840819508,-363.906370708965,2.85615061838809
2011.43895689584,-1848.25288688677,2.48633669513972
1889.99704171712,-958.170365096756,2.91967071437718
1958.00946198204,-966.807264913767,2.82030446735207
2986.22916433947,-1673.26888494336,2.8383411103052
235.985543257603,-2216.91444437741,2.91870009700579
79.0366942149503,-1030.67025819618,3.13879949342466
1826.48632306475,-75.5763168597865,2.84859124579259
2583.84596298298,-2098.45585605371,3.19326210504242
1740.30731783157,-467.999407813331,2.91584158856974
3332.41631925507,-641.628939335783,3.57752141395613
2543.62695742644,-1865.0823100834,3.05154306752712
3859.13425631336,-911.504024682846,3.69952642027942
3500.59548514218,-1794.94539979127,3.08128585180364
2284.84566947418,-1658.34426543261,3.25016714799108
3054.02315056757,-1660.54661115768,2.86595017288484
1144.17958738195,-1345.65832588346,2.87062459089963
262.342227783781,-1109.73913605137,2.85629215202262
75.5645361756391,-718.124557776042,3.16144156389144
554.267879152071,-1761.50896688187,3.43876390355003
3834.0834568843,-1083.73481248403,3.28861960168435
3657.18660877952,-2127.53869624388,3.77761748237017
3704.13833957418,-1975.69750632045,3.72852053707045
1815.63232630648,-255.257874854207,3.36813157580151
1332.82722026302,-1621.58382651502,3.87972107274636
1032.65292427626,-1894.77837521909,3.81909490727045
2396.03102967208,-121.053449918043,3.81870543976049
3059.53072705308,-49.3569539179267,3.75040536110806
3645.72145754171,-333.251492043324,3.38740292354571
372.563435991676,-1.61890631325829,4.08989058407456
2484.83193161208,-2123.15506800358,3.90355477577978
1494.90401022261,-1734.6808887456,4.12351454849493
1587.17025699657,-1676.71074236724,4.34898880775355
1141.04047029292,-2153.0428570115,3.90947473678133
3897.72930244055,-1019.45581920635,4.34094702210823
2028.51111510486,-894.915870431065,4.86270191996658
656.410802984809,-1452.47398339061,5.2181504981633
1719.03871306674,-62.1841371718868,5.35882150246676
1455.00916284581,-2171.09350988743,5.16534275121831
3977.99916363756,-1588.79688492784,2.97600441864185
1959.63995238871,-964.888329504231,2.78038384031234
4057.72039201041,-2190.87783496621,2.74223392816716
3686.31632487691,-1786.41020533341,2.91898893950832
857.406524776438,-1560.82869778611,3.12636955628182
2870.62059416454,-971.659248980366,2.90264072824717
1313.99153179338,-1589.614969981,3.12582268089602
3990.43387033882,-1308.95856643987,2.65464122113294
3792.25467794252,-1266.06979544646,3.03284314895872
1534.49317043295,-1039.09593354006,2.81850515673627
864.663700999282,-1661.47940807066,2.90748606967057
2056.5422313909,-1208.30735922087,3.32182112795103
492.865878118053,-1205.23351091889,3.09406208232493
2191.26369505214,-971.744908119426,2.77200986030496
4059.94188195856,-1553.48754553986,2.54533305249185
1609.53130751406,-570.619150916179,3.12667058985633
1302.11587198643,-1393.44167820523,3.30543366977361
899.636055484387,-729.310609181488,2.83065034864694
3593.70926104762,-1307.99296851715,3.41254585806432
90.6232641372175,-978.03000565735,2.80937325413793
2286.74079922322,-1412.92880466543,3.39806392073156
3990.24038241876,-24.8426655773958,3.13240838246737
2986.69000931728,-1836.95394492011,3.09945481717194
184.546769007987,-1480.50239539728,3.2750047344843
2039.58754889979,-1284.65040001698,2.81998523018895
1008.8403950534,-899.119542054379,3.00071145091609
859.17283072904,-893.452276343664,2.90642045265331
1603.58897522529,-828.856827188474,2.91943089545823
2190.4976936287,-1582.39820665955,3.41876760575929
220.564591886685,-401.145501882819,2.87383847120684
2426.85789312965,-193.320562599775,3.42862690140478
527.497703988233,-627.322681746649,3.16512404378488
2075.70649929017,-1146.3558037427,3.5986317873569
3364.9769405964,-425.883574460159,2.99933632330974
2754.09798417572,-1809.61649093599,3.36803334055816
2976.12632078745,-1038.467418037,2.67372349215827
3836.20867429483,-30.4842201138173,2.63412040286717
490.602664369487,-1471.7963354756,2.79879061902856
2090.05397066381,-1957.55446644943,2.88955637898424
1658.67468423151,-451.125006852244,2.9138555918808
3893.81594682124,-362.475366923251,2.87207208660478
3446.83031520882,-1055.44545549949,2.96930680811603
2585.13477237415,-1792.99117226323,2.97795039966316
2797.93271850736,-971.289423782668,3.09427253057863
3868.35196005421,-1609.55309944177,3.1473648106398
553.121262717009,-1661.72889952515,3.09328316266285
4030.06799138483,-864.54148920257,3.56252200962683
3107.15272909791,-1568.06143486631,2.98713656361316
1021.30247959055,-744.372845886626,2.94508184925962
3239.69655907376,-121.469071376134,3.11053746553337
1343.3373545508,-686.93487507219,3.31098453634358
3436.35730315076,-1680.79913141039,3.14921679926524
3008.09913563933,-1839.85623998617,3.14262661147437
3779.60865782567,-2071.35621360755,3.36243507273157
3001.83554288433,-1646.41976154724,3.50371509947393
3007.66326609174,-1601.94244388349,3.59839357816405
3844.58574792948,-1076.95583028704,3.64164204583395
3319.14244871889,-249.057859613723,4.36057898806476
200.853619699186,-394.359467158437,4.47088538414378
3309.04242186275,-472.754976628709,5.0459632396863
637.069070731442,-794.742689710337,2.72728497100013
637.92398256439,-1349.16867091058,2.87122238291365
901.54197001613,-98.4675652463326,3.00425324959321
2832.35994375877,-970.264724210145,3.24912725903812
1668.22809952942,-787.875145606598,3.00914353640058
1755.53880400411,-729.083330997505,3.13197923921449
3001.21817508861,-923.967139242141,2.99333606290946
1077.70244194787,-1134.29325928529,2.73210056774272
3612.14499676151,-40.3867816418139,3.2196025835094
393.13833628205,-1281.79349487889,2.68284376339206
279.544841583539,-460.943534683938,3.00597786534503
809.249898145883,-331.414663627889,3.104772769206
104.417493445804,-974.120774563717,2.93490928445048
598.42468099277,-648.14367902149,3.08330485912576
3291.19768534992,-2055.75347147717,3.10253241326431
3162.30968734325,-890.196791488455,3.0154648751207
2891.90183546581,-48.8954325294911,3.03207718963751
1491.37180311806,-1176.40225302323,2.89571181974438
2758.56561625131,-1910.3210808604,3.23053319094652
1381.3389884521,-147.465453795059,3.17779032447368
2258.89355919862,-1598.54625170928,2.93949799940578
3752.75424861644,-1.68260961870644,3.24315179976449
1800.98176008885,-1944.29532994637,2.97443514001388
541.175134774643,-427.407258811985,3.35301940026866
3775.18309995872,-1051.3576460481,3.03840252684693
404.931773253281,-1697.09354173829,3.56784154127033
3247.90786287412,-1788.58997638289,3.35731364779416
2011.02964867946,-1230.64228981859,3.70900053964133
3334.83388404482,-1784.62002868933,3.37833627050025
3340.94188806101,-1126.75590171867,3.53631341512832
1460.31874391131,-691.338845948983,3.90070590771601
1196.5339652821,-1596.88950027512,3.98930376150572
3214.35724993621,-864.472649159679,3.92300434757944
1593.74150218323,-1692.86899491921,4.02244901008018
389.15649952148,-379.30712686825,3.6636741919729
1097.36581129792,-1617.42621581623,3.82873008767027
1202.55818346597,-1710.38931250849,4.10247730361428
3975.08512496213,-1811.35280700811,4.41869252616085
1112.96307358197,-1134.58070676214,4.20663644365764
1878.27058944444,-1477.48781119791,4.17220132438025
3846.0559299716,-199.859744056168,4.00022759676154
3671.89884276201,-1051.0985815609,4.27401901649852
1376.90353473008,-1688.79180588359,4.44477774255847
1820.93813547537,-1595.35152944907,4.39586009673347
1986.91229277844,-422.180317361532,4.74814989760343
2298.76586231665,-1168.09501744489,4.51683976386417
1315.82513678211,-964.25726642595,4.83713986033738
1404.53053312241,-878.787300298832,4.60490644799193
3664.73525202166,-971.634310246027,4.71480475445013
2101.60908604903,-509.977426644873,5.0038549177707
4015.92312376018,-1241.40391785169,5.18289131303385
1399.24038510574,-2158.21766934437,5.19457031600817
3185.48341709262,-286.101264554499,5.26303067927242
3430.30388710437,-1338.65143607125,5.48044008687886
3311.0459927674,-566.436377587216,5.24549905562234
3612.46061801811,-2107.1206755898,5.71939145826073
NA,NA,NA
3718.64031787171,-435.167920837565,2.90637077959228
658.240751575879,-1364.06346348783,2.86992566200851
3724.21237879002,-1156.37187962961,2.96195380948259
814.258942977601,-1227.81192631727,2.94541772234345
976.27212531913,-672.721150544966,2.97284956708753
2466.2813592206,-2061.93927507121,2.87996952094195
1163.04711862717,-1717.64367693339,2.86187100149198
1977.36535307702,-797.646333153554,2.74735606853653
4028.08418162912,-1082.81809582713,2.89175463867888
1195.56458968313,-498.428049218124,3.03803547063097
2593.7167424426,-1858.31992457243,2.90343778235316
757.526029682493,-596.054590764084,3.09099459410869
1608.6730807843,-1399.08660398912,2.91256127852742
4001.19535926592,-1043.17349412474,2.99720865397096
2422.4697161579,-2015.87116825705,2.8950352856983
3487.52371131646,-730.219804797314,2.98548765997229
3983.36893691517,-867.616895939688,2.96207311712145
221.616000127839,-1372.4317918327,2.88814507411924
1081.36157250605,-16.6521444589489,2.81851437839919
1249.1105689177,-1073.83637308039,2.88354723562094
2569.81012683412,-20.4237215324238,2.88666155360755
1979.7609726592,-874.074045423318,3.01073055545423
2573.70552798272,-822.942150838974,3.01581156623205
282.235116526347,-1896.29505915363,2.98734310431204
1574.81140689906,-793.463306809424,2.93776731812828
1275.52405252214,-395.485798802704,2.88131616389012
1200.25811277129,-1376.34837881262,2.87565467175374
2810.40359890873,-64.6774941589986,3.08066582489165
1785.2340305829,-325.350063616127,2.83436094122899
3486.31877531113,-1732.32778018901,3.00526303680694
1310.15393666826,-1633.73025320404,2.88986787327005
3427.21846328993,-2115.9901586369,2.99144312105033
2834.84290366685,-958.220513069072,2.94514247267536
3392.74644072591,-1575.84766653696,2.86807952708518
3809.03047692385,-1755.85047162327,2.95396958320598
3479.63053208444,-1449.25788134351,2.97903498910108
3509.35326006426,-1916.98407743052,2.95866504177624
2837.98538848287,-1010.04126415152,3.00090886145796
3118.38980788077,-1687.28832476277,3.04359461672539
2038.95100069369,-1469.17767076347,2.99709176605285
2549.53228524306,-55.5781340860963,3.08559822885678
3127.57856345481,-161.576142260831,2.90231432947213
1766.5632066305,-1952.90955865662,2.91936274871972
3189.54694869414,-1916.78662789367,2.86463595726127
1363.47903985459,-1619.98541920848,2.92171279307423
1082.1474442489,-548.711079310801,3.02138169274229
3272.39709052791,-19.7035258835563,3.11294273821356
3370.6491555968,-1215.54420314739,2.99709650066184
1848.0441501297,-339.934524750247,3.11473015093187
1047.58215814819,-2165.3108097656,2.99411885722916
1044.71549306161,-481.135707388017,3.0230438539963
1214.13721749321,-1891.0129171101,2.93720850428868
3437.44602425179,-1256.31844812115,3.03688377696406
322.487993571312,-1911.19830367885,3.01462245703338
2994.44330404374,-1630.00058709097,3.16004803674927
4030.86237054254,-1792.90513152089,2.94684526043159
2495.20285154522,-694.511393469204,2.98324614383599
2630.22517890363,-1573.28705064674,3.10562931364979
2056.13775951305,-162.090591547044,2.97516966608879
1235.09722454537,-1694.49169750299,2.93611471648163
2759.69817005077,-136.51470412708,3.01664273602397
1721.83402316321,-1964.49288043546,2.98575076689378
2554.25897751568,-1415.09814169139,3.05761607931737
2214.87167961778,-398.029609185495,3.03330222281697
1033.23898457017,-1267.83636078009,2.95726500282893
3487.88978606416,-1313.55998544055,2.83709022715971
3223.00022574255,-1404.03720569966,3.01895356844921
2715.4531989446,-1453.4380556141,2.98702158361867
1671.11139303829,-1367.40604649773,2.94705373469667
3888.94196665602,-1843.89491210225,2.97152679781538
2618.09155423057,-155.701196466207,3.00115211028696
308.570277609916,-2043.6767006016,3.06766931257916
3793.84330029027,-912.212169066313,2.89720651054171
1355.45523878138,-1463.2935062026,3.03243545344976
1268.8970195946,-1629.2078255774,3.07685729095785
580.32083118254,-443.845605548708,2.97620741189676
3393.76911428605,-1694.60160260732,3.0483084032686
1744.59888936134,-1806.24725720971,2.80709598531098
2869.11768255543,-1593.72935586574,2.89654408235353
340.380221886952,-976.750974685684,3.0284314338358
3349.13896176759,-906.725711584418,2.97296206484074
3255.31073327049,-312.44405307616,2.87530324205427
2258.54745810379,-474.25961386657,3.127554346145
2464.33934373147,-782.052481832407,2.99367722705278
804.926820681764,-309.860574829486,3.0824573833295
1209.70309986043,-629.9758235224,2.92455242586487
1886.88188916829,-2111.15444799163,2.94129524782315
101.004516575891,-810.215066979477,3.02719921377186
1934.53695054589,-91.7446075873244,2.96381028351676
1609.8883814693,-180.293696843536,2.9269152197765
3369.38940324631,-583.763821094758,3.00210076485972
1157.28428610501,-617.872327347228,3.0877904239238
3286.16090686404,-1509.41588021553,3.03301073076271
280.055497028525,-751.239804158678,3.1157487169533
798.241930296424,-410.582538271435,2.89856410828377
1489.87473882521,-1955.01526220452,3.08579438440228
820.210311984767,-2203.87637933544,2.96917923300004
1759.84435476035,-728.806943328065,3.09303762138713
3598.92657535887,-1733.88646771606,3.02512746462571
623.821055725726,-58.9435927734198,3.03637074460315
843.330840533062,-1969.0922124016,2.92059146528124
1901.69600575361,-106.117750189442,2.86238956459477
2328.52357155575,-298.505165475387,2.9396315110586
807.884582066001,-1444.0525719487,3.0862799450887
3216.8549009575,-2124.22294102921,3.0660462475179
394.02463443622,-2099.18217848346,3.11469327277554
2565.39460133954,-2204.35254797246,2.96339685774849
4010.57764784606,-524.742425328174,2.93980159314264
329.799907227472,-139.540995853882,3.04092483138613
1733.96238487964,-1543.59549585809,3.0219399179815
1485.76357783847,-430.795596477846,3.00146568483611
2167.86117475026,-450.545511894168,3.06785924348831
2391.25074688656,-1035.80922754037,2.93846300383805
192.835860839184,-957.274102414937,2.87901155649812
3640.28426129973,-361.513791949581,2.96880599985261
3979.79801016051,-1853.69360859853,2.81029320732942
2153.38005841502,-2082.39352314993,2.885882164923
1530.27470161263,-1136.06025849329,2.93058225742077
414.862154127351,-1514.11804056077,2.99159012062712
4013.59099550879,-1696.19742726892,3.0341940155013
1859.99619000193,-1428.51297310813,3.09368685498024
1664.37731985807,-579.654345050406,3.13240868261823
429.026553694745,-1476.13938264945,2.96394137887929
2062.44116082438,-125.946879408625,3.06190379239673
2888.63122638785,-1306.89640397851,2.98813967365702
806.485972873488,-148.481817274038,2.93205732967045
2162.76316213403,-539.581147740893,3.04716677009299
2675.63912566335,-494.701232217825,3.06563801976069
1458.25813970756,-1322.40973931517,2.9757694616285
3056.07640566186,-932.916994151178,3.15794226606363
3841.96311790562,-1315.39012797156,3.1091429043191
3388.46892269594,-70.8461273940519,3.01710869176757
2565.8267701916,-606.794094773594,3.05640797824055
2405.37270742278,-412.180612617326,2.92350464096065
2215.06640053725,-1341.09683360323,3.02520501822264
2635.60374781919,-42.01166119902,2.98354209746922
963.389863090758,-1059.9437416069,3.08225074885819
3662.92819638817,-2194.27320550733,3.12130944118534
82.0456849467628,-347.883820842237,2.81159465426437
2904.16335141634,-491.512252273968,3.08305819022908
3419.30462561313,-241.289727741332,3.08349531350405
3229.91752859596,-1094.77615979402,3.05521642483431
1506.58796637312,-1412.47013718161,3.00066941176231
3195.82847471159,-1592.67880703094,3.10364783408526
746.735511418679,-1967.00264132927,3.14642840124814
1711.3268038799,-1626.63653616306,2.92131195375645
1292.36363086448,-992.207686627268,3.20541999920777
1916.58679313211,-650.105477667354,2.93166754723985
1272.13877621508,-1799.17177586075,3.0011541100238
3062.07091990865,-702.263150665094,3.05446522771309
2492.77184991825,-449.816367597753,2.96742312012531
1388.40347072344,-680.5402618658,3.02983183727269
1280.72693874704,-358.896556513924,2.98243568882208
1723.93517507873,-1805.47436692925,3.05885712837527
983.939775862402,-1750.22163663905,2.95596047580032
263.296115032906,-759.987396302979,3.16516321196034
1015.89088909532,-454.500366398619,3.05258540086013
3477.14037500455,-595.322578475305,3.07578717807469
3888.94162892647,-1488.46931014137,3.04709640461909
3914.77209219773,-260.031098505988,3.13510284896006
1053.70361161014,-30.0943362683648,3.09729623852242
1434.59834744921,-1928.5987545725,3.0710767632287
1841.48994236829,-2068.25757733559,3.14233839007138
3394.80269884096,-2207.21371798157,2.99082332154609
2869.37568055586,-1639.4192590963,3.03460437384499
1809.57642716352,-88.5932498656498,3.04968611200022
600.116819748037,-267.316864819447,3.0462971022667
3197.57255683958,-1545.02093518489,3.09079177767221
479.10880893322,-356.655558111889,3.01253320623645
2986.57401181968,-1294.91201118752,3.00994374436493
2289.62937716624,-166.673252587548,3.03415341700289
3595.37199217075,-339.38054342802,3.05265268797532
1365.12544571247,-1699.2539106703,3.04429086541151
2186.56806098715,-1570.62567786911,3.10095162108285
682.991886973296,-940.767493025558,3.11369277778729
1725.78627958704,-1727.53633499105,2.97212192712946
677.156163401887,-1553.92120490594,3.08915491198311
3903.35741992762,-875.496366829118,3.10937701349702
1973.64177743758,-1488.19993083179,3.00043435672707
2652.98302849287,-2145.09626763644,3.06572118969976
1570.0200779189,-1719.38303917323,3.2208197205277
3249.65784878272,-182.551853100044,3.21234061987464
3871.77549883549,-1067.60346805565,3.05738854047452
1430.12051631348,-2179.972945491,3.0341818851794
2888.84706266224,-168.603693093695,3.08319810515893
2462.98416606196,-880.319482097288,3.10028464198774
718.042506150064,-1823.57385596988,3.2009131999962
3333.08296509837,-616.9098196594,3.01576234173946
3049.63151506848,-1327.96782516322,3.11746508490733
776.664553759742,-2035.90731581294,3.05858984998202
3301.2927402005,-1089.95322596432,3.00289856249443
760.102578607803,-485.768595373142,3.10307621945792
3557.61349548055,-1872.6963190332,2.94988233571189
3545.59482769376,-452.134853205412,3.25029291364048
3289.11926213909,-1030.59638152286,3.17733977237849
576.338885479795,-1932.96923273419,3.01757834924022
2572.8287109829,-243.058180221988,2.98379442736612
1771.02072050011,-1887.52522055382,3.05658745241496
1650.65733422797,-963.105900207833,3.12522202743707
2434.18561801046,-1953.45786524876,2.97353859524939
3251.70317513464,-1295.77570744112,3.1658844701813
83.0947889698773,-403.247075474487,3.13858818547555
1766.73073549553,-1496.6493666778,2.99214247970463
1827.51853201451,-191.114350108316,3.14082346945797
1834.98473243488,-1846.65109217833,3.13192001603928
3598.64539603428,-898.969767247849,3.01807631849162
4016.54789115254,-638.727537680303,3.06716565096094
1027.82922471197,-514.59158734727,3.16391980426239
2622.54855617713,-2209.03712288751,3.04344419037657
2604.30479571098,-221.332341886215,3.04385333761735
1509.67099895535,-1772.06213667892,3.08798321221952
3039.83903084535,-1855.32805453054,3.08088767171887
1996.58601409557,-522.673874641636,3.0003267138393
2499.18504827518,-874.457011691288,3.14429158160708
3122.93705067583,-742.207741743694,3.11315472152539
1465.92765837679,-842.899827826113,3.20841550586137
1174.62392459528,-1380.13466006643,3.07127965039288
1485.80389948253,-1463.61113507706,3.15957900136415
263.863633915064,-406.42340083896,3.1499147034867
1706.66285810825,-668.402487905222,3.09313262856927
564.867465053976,-1475.77620556947,3.08898489706394
771.564771436176,-899.324380378536,3.16481630216053
107.85580357589,-1437.24280037884,3.20619715773832
2952.41878856748,-152.810724345428,3.11690027558192
1993.8076964523,-1870.21627715035,3.20175828928366
1902.45852359351,-236.897975271036,3.10117964194568
702.112079199841,-744.579382398907,3.12868215068944
2663.44464075878,-939.994810388691,3.0338626745286
3318.87143335369,-531.257783454235,3.15646048042161
1346.63762830625,-902.103406987648,3.05619879559292
2478.37697508879,-641.984681020326,3.21710690414424
2568.46486861291,-1622.99181990877,2.94353365106594
2365.15325541199,-1730.39314486572,3.08710466140891
1395.15830926902,-1608.73309134698,3.221816440585
1273.93696965553,-328.323654778695,3.06730287172435
437.414529692295,-1572.08076725276,3.18946904930565
2267.96724498189,-1644.5330882955,3.17171865936814
2392.16296155932,-876.070675393059,2.99102760625954
3688.4350520599,-1732.539491646,3.20586795192899
1425.312057787,-2045.02044514167,3.03511217993732
3237.16182406852,-2018.350559425,2.93558052917534
1222.56633513857,-1029.17410923345,3.23395168638576
2168.45068776452,-925.546530216205,3.20793572087099
651.347483213557,-1216.84389669043,3.27121320728201
2463.08724834126,-370.744822824467,2.92162496544119
1928.0113741741,-1557.69027022916,3.05510104067835
822.169038661694,-2005.20355136112,3.10027920150763
2674.98912382062,-1665.80323397554,3.23354990727728
2942.37968072136,-910.051249113396,3.07913151759162
2735.99142164299,-1709.64808809344,3.06830249198005
1925.72286380514,-1331.57850096959,2.97338114295171
2465.30068581472,-178.765282758711,3.22875919585933
2204.56637386828,-452.042207667873,3.1729039596641
4035.09085176896,-1761.38118424755,3.09969494564255
2496.72937091364,-852.592516967695,3.13464692298768
261.373463496839,-808.886298425726,3.22938860708144
2567.13538426575,-916.0467991216,3.16370908741345
2674.92424265554,-672.259140424868,3.13158807732378
254.887386455501,-1471.72647967914,3.23520833661311
3777.232536788,-652.934335185113,3.12843212902994
1606.05554471288,-297.77202455928,3.30809420938273
1617.65450267765,-2141.11648905616,3.12340928861507
1605.6348610914,-2216.86239701726,3.10881595213491
1486.99413758116,-379.766011018918,3.1296008859828
1762.04267603434,-280.955816087159,3.04928891129346
867.707531276604,-1326.62408564011,3.09366255751368
1827.46311110011,-42.3370246466902,3.08445744987917
1454.114646236,-1236.46749669222,3.26241567998165
480.135435420962,-1839.23210526683,3.23857207049726
3668.47787560335,-2019.92982242677,2.99262524339148
397.988917275371,-1195.04563278085,3.16034783694157
3490.55728543399,-1343.30459155733,3.15024423376834
3789.00832744227,-489.912184340321,3.16862232007475
966.735997501563,-1431.19325714768,3.27039106762386
3369.40110146904,-298.135746194195,3.1783068602073
3755.11533063263,-1688.7128290327,3.22823352187169
3190.56645917125,-69.4762922162148,3.31688952885095
2253.43223806732,-788.522515184607,3.17212176768916
1399.88368432711,-714.35617578747,3.14191051253248
3659.20392096402,-177.834911992498,3.19455701890175
3570.35458212097,-1363.01234870751,3.17956566058081
1978.60901020962,-946.828878910348,3.25057580210024
3987.52221245837,-1136.42447149596,3.16158747077398
3103.48425741094,-921.871377133269,3.1871351489331
984.654340832878,-995.052372393621,3.32440113195939
771.026309916515,-1338.79236978689,3.18213271865566
1277.57871459671,-1101.60809034461,3.12813730895169
3025.72530651084,-1545.22500085322,3.1638944583276
2566.49269169597,-505.826073867167,3.05126306776406
1857.9983277452,-1955.6570304741,3.10093637740579
2194.46809914987,-797.612191228623,3.30478664394463
676.77799692268,-46.6411370706212,3.16098574096376
3953.93291137949,-918.361593462283,3.10136591212779
3834.2694713886,-463.569885248573,3.21596836246717
2999.57977540878,-662.777756222283,3.21560607894432
4060.49640456212,-625.061589097373,3.07779605465071
1975.81040122456,-13.8162169977735,3.20120136328123
3665.44667455467,-310.128799606381,3.1119396063639
2788.95704840349,-209.083970849968,3.22412920792641
2768.24683796761,-1871.75704898606,3.25120928519134
3933.12355450965,-1999.51090568486,3.32654178308684
1343.27458764632,-2012.03637921096,3.23246910796132
1088.11380824054,-366.94354111454,3.18546017147424
344.00977337197,-596.390033210102,3.14397443214378
1914.11150973035,-1795.20434028586,3.20165009339394
932.693340716916,-772.432568936932,3.19272126050023
2746.83532734386,-1448.85942054724,3.31697631450248
2737.33618141766,-335.980925187645,3.1475510256901
2087.51591748742,-1578.06103857271,3.14945281248466
4043.46395363546,-641.861001963061,3.07989677618578
3718.16251658991,-1742.22734020178,3.16807524994474
2188.67192209194,-1670.73555445705,3.11154961585221
473.165527325495,-1398.08028642175,3.1452474453611
1089.85876246211,-2055.57086125968,3.11871332857502
3373.80703932688,-95.3177209131482,3.23310811715026
3469.7077228822,-1346.80051159698,2.98979759785383
3426.11206522998,-2173.45580507195,3.25425726296356
2743.61578763224,-595.9268062139,3.20155717337924
1700.3024062873,-1331.01457212502,3.18490694174831
3162.56128619602,-1935.32183181605,3.269136883517
3385.29715850322,-466.411365780654,3.32641569341088
152.258890565344,-105.923494428229,3.69563288445432
2613.29084494696,-1979.30578207345,3.32125664586038
878.076307963257,-2087.84640372438,3.08765677277847
1165.88006081121,-897.916467650067,3.30750677643429
3480.28574236981,-896.896515716464,3.09181564202121
3196.23067131974,-827.437857851006,3.18924648269239
1098.52727344096,-1327.52401855004,3.13808382834705
3327.64570201664,-1836.80007404144,3.25703282929494
1962.19482441784,-52.5494818624243,3.11884681583989
2902.54996243937,-744.944601604046,3.12214216260739
312.485806662655,-1536.11880780914,3.34307026536279
1781.87359438312,-490.159178214195,3.17963660032629
1491.71026051798,-1786.95477079144,3.12500959184348
3948.08697169641,-848.834863738134,3.13122940815744
3807.17752997884,-11.4550937712335,3.24524034694045
3624.36860817397,-1562.06873898439,3.09099438849794
2441.72876618173,-2140.32231750883,3.39296830256196
2028.77914183342,-349.097291118509,3.21059995767987
3008.45603236694,-172.329670138564,3.17151657062178
321.185860055486,-99.0316707828662,3.31051082488899
544.858300880116,-1277.84279452691,3.32088674120907
997.638357868703,-1701.55418558706,3.1837732126099
2805.75791885021,-810.948148191662,3.11868031376671
2700.3936818447,-188.653216494927,3.27376324116692
868.335742592853,-291.495298915027,3.24816700927727
1457.27816519313,-1746.52652401226,3.19493690067498
3084.60506012498,-1858.57748972065,3.1037005125428
3548.92512503127,-1160.61699029729,3.24627796698828
2534.27944773472,-182.968274845815,3.12507402525947
4051.66075928875,-1621.35032563537,3.21949424122237
828.094587744987,-1915.31753706303,3.35100644024618
2637.92441459413,-898.293096129169,3.22888546361599
1038.97794792624,-1500.47996065112,3.32210019170942
865.792506769536,-259.470889750853,3.16790639171412
3683.79509772594,-2009.29128709935,3.16755363195699
3969.8391164695,-621.749090147059,3.30855792315322
3025.80372296272,-1841.58804543229,3.24484449289652
2794.64564520447,-2119.2755676814,3.27925281556074
3221.97706758884,-1826.60688922951,3.32765288909315
1075.57416920527,-1293.25902030201,3.32202302037517
1880.85780335327,-39.5835313965016,3.28088691053906
2510.58832295252,-3.38864652057469,3.36055991488629
1509.15953978738,-899.911778228321,3.35577709536006
298.45733760857,-1948.9296005409,3.31010079735003
2336.45511373023,-69.6159896132389,3.28729245680833
894.639767201791,-1981.54600841329,3.26800817306566
3430.94355044676,-986.609068317611,3.07228390306698
2181.17881368041,-2047.50884527532,3.25207644698987
3697.9897284707,-1883.23375410372,3.31620083637166
1478.50974527132,-1971.47850325059,3.31880423682173
2494.19161238935,-1482.81288274216,3.20576236341646
1990.31034019052,-1510.42463841492,3.29608063223237
875.952519168889,-1148.96918608187,3.32840292276175
3553.90748504097,-1342.94724493135,3.37921752307546
1093.68044370763,-1513.2868220712,3.34450487877192
2925.29323399271,-305.911697728655,3.31680471312212
132.383723983397,-391.281599921405,3.37038654011116
2396.60027748566,-283.649687151701,3.37068603523798
2179.59462292648,-1422.39021839717,3.30679033018245
108.91898932089,-1504.69104681301,3.43342725570706
3791.21811717628,-1028.00062766661,3.2424635849885
3952.43401528288,-878.531041425516,3.22782052018424
3300.35858320657,-914.949348250788,3.40550510475314
2349.1835227223,-715.078859649473,3.29360358684266
2360.01985302941,-1864.43866628443,3.29626729167437
2142.5516092396,-628.571674720136,3.31565956017928
78.1838014543243,-490.902866141292,3.30906970624069
3574.78260544436,-1191.27431595018,3.35644465855084
1902.05667161083,-63.861093495321,3.31637436721537
3618.31254277551,-1513.20215974601,3.19174951439107
2052.21927436374,-356.150515140562,3.31477845162442
1356.08782524532,-1317.01267831679,3.38500120778367
2324.88250590038,-1807.58168662598,3.35130706377988
431.076958972073,-1365.49202717947,3.3933661342353
1475.46749296245,-902.032419983109,3.19717450681715
1132.46075372806,-1226.63241988832,3.33734479899103
3164.38805247443,-1766.59861825791,3.49627791874455
3185.08883016051,-1869.78481534047,3.25092174879108
1043.28546794735,-710.264559538967,3.45493618364959
3191.01053301454,-1432.96796063436,3.40630056456145
2217.76780802373,-1685.40055066497,3.32422836213148
171.616110578214,-770.294057615645,3.41905885126854
2743.71135128968,-1637.69235497214,3.34748520985069
3260.96600231227,-69.7562698643919,3.31163619317541
1162.30096232679,-1142.74540922631,3.33244584142805
2927.96836092338,-745.28841405598,3.32907907417256
3243.82671238981,-799.463428383027,3.42077232608624
260.939184936505,-1352.66414708576,3.42984253755107
1778.71967288092,-2100.43364213194,3.16252652831641
2117.736347579,-1139.26753390053,3.37045750107924
1988.04984908196,-1650.63264284455,3.39726971576277
3932.62759005461,-1449.61058640787,3.34771344356115
3908.63354535311,-1266.44706950905,3.31351378112057
1690.96308794048,-773.685694309253,3.45843515314104
3032.32603442729,-190.07920709059,3.33936438628286
2166.55203302761,-1105.15559674692,3.28632308865912
2624.90782963434,-1619.127042452,3.2958487848862
1990.18783135966,-2178.12095922974,3.33086419536956
430.973790581269,-1737.41532995515,3.30903558875425
746.798557894675,-1885.9083108442,3.48747146388228
1702.148521441,-1479.62865564273,3.30476031410893
1152.59243177039,-1001.26556904096,3.3735465345575
1300.93733088988,-1045.98319463448,3.39218458262708
2426.35041615923,-652.338273434107,3.2117172310749
3414.57706631558,-1787.85667457013,3.43707022994152
2314.86378480294,-85.7807451598711,3.40567858654743
2085.08714208886,-252.463776444787,3.37804337999468
2639.36057984998,-677.683056465661,3.48639429905047
3380.08680042268,-1529.64879510822,3.3892338703852
2368.7916801722,-1679.94411462892,3.23677378187947
2786.19934650843,-884.061543281821,3.38552720506666
2919.65554835981,-2211.84708424435,3.41915845830733
1827.33383104711,-2000.27209746216,3.42568191167682
1473.81090505207,-867.024355254972,3.43273966201663
1791.40849948692,-684.552372987922,3.52277329495713
483.9456690927,-611.651704475096,3.39814345649403
3490.50524144478,-1208.93590786466,3.40352501472191
1954.9324914847,-1444.26334243178,3.51293339560487
524.43589925223,-197.998322033475,3.44170888571692
3660.19650503845,-2130.68421464555,3.579344675392
295.654037966236,-343.712324481694,3.53067047749996
3689.85411717981,-616.234550527904,3.4332739098719
3167.26468651567,-680.480689887002,3.49471001880366
3427.70014269299,-1200.93865276357,3.39948316576534
2213.95278516716,-596.009816612496,3.30790219875632
2126.48401463695,-232.153531349489,3.46771712979847
2680.93828568601,-102.930236898254,3.60063356560144
2182.03286706342,-3.64360186457575,3.3526770655423
3157.63613953052,-560.083868216889,3.35334122121492
177.149552590065,-47.0350604602539,3.49040661110989
3278.97030804504,-1547.5424501772,3.40187427708137
993.3036627031,-529.782656994026,3.51898837977322
3198.78799129569,-279.702105225201,3.58973072742439
942.381083278921,-2144.29039238349,3.5224444889299
2953.0018417722,-567.748185496828,3.54496419066327
1882.26344496669,-1343.3241014239,3.44358854623143
3579.51558352901,-542.803339194043,3.55958781143107
3633.74473625252,-1084.32227297652,3.71548731383283
3034.84170168699,-855.185486101512,3.57012091621696
1686.70968569078,-873.926491513716,3.51844143369541
327.224605037385,-678.948590649102,3.48658258212395
2821.23479336159,-2097.01656583299,3.64185005968328
3805.56760077612,-736.719796684563,3.54007617570819
2470.01628818921,-2017.23442746579,3.53665061517582
3725.1680863201,-613.486542494399,3.43946711440064
1815.1369542108,-516.964186889125,3.41446304553261
3093.90787497848,-1451.56897546085,3.41092274758287
153.451757463304,-167.854302917339,3.54437664462723
2789.30967813922,-828.006115261718,3.49783603645681
3088.41197802386,-37.4065391408608,3.65692714695756
2067.47969696133,-679.041650398572,3.52778209472736
666.955677705544,-1451.93120707749,3.48758449423771
2822.40924677731,-1099.19969016635,3.60066315302964
2349.37312224706,-117.972141957118,3.3943558034817
3635.60930762875,-2191.92001764813,3.46779043991569
3297.12190959262,-2134.31436647167,3.46872834122297
3180.49623355155,-99.4756690550346,3.56171950733663
2382.63265120599,-161.928121054116,3.6136546424852
2284.69206480288,-560.606274451288,3.43510131872041
274.584138120141,-10.6034123609326,3.54678908318857
2344.70478217479,-1412.01010158773,3.63015997584597
3283.18553360663,-1760.65627190272,3.67620916882958
2565.74824614757,-2025.40054095003,3.65222146716701
2312.17455960908,-1962.96573652355,3.58852623410999
1253.99299644985,-1727.05489538244,3.52665818818202
1838.94596413814,-1364.1722642074,3.55013784229077
3841.77920434163,-1669.0173741983,3.60591827554136
3476.73135533402,-1030.42395100736,3.54323112526687
1874.37353381029,-1380.14751795172,3.68677984216187
3354.37882098939,-2199.32906111073,3.62538058284427
309.437484683878,-1337.06526663101,3.6876752881677
1943.68464758422,-609.428516332425,3.49512949141905
1489.86399354524,-171.998771147404,3.40528273565968
2992.6964311995,-1444.18448119929,3.65359687778368
4042.06171819511,-2057.69643711873,3.53104785430876
1308.36304348496,-456.138465240977,3.70324241629692
1680.57630270086,-2164.63097082288,3.53434923086817
1532.11890017543,-2127.91560662077,3.64127364143176
190.923447753237,-885.428626177215,3.40333924026015
2477.29420916674,-2117.38224770351,3.74231057526174
1782.50628645242,-790.893118844542,3.52906423191805
1834.58352890068,-605.380797458327,3.62442826752307
521.149323573431,-1553.90919402018,3.58461256846398
2728.74410761119,-277.982693358187,3.59551170385216
2356.95236857703,-392.422455100612,3.53747413524095
1283.90566124231,-156.637326234896,3.80960988326115
2825.57908687612,-1198.7428270512,3.45236060035527
2135.91023661956,-1290.27131219344,3.70569036617736
562.599034707976,-1911.27696658049,3.68293824866475
2055.91319158259,-1822.45797804567,3.74934278189279
2838.43617436035,-1584.59824793894,3.61170257429369
2964.73295549058,-2084.0112653574,3.68449244907397
1184.56905181205,-7.05683331133314,3.59979730479109
2295.40800218618,-1088.70331327207,3.68703938389436
822.564475935434,-822.686815416404,3.82145042498435
2547.44692999463,-2154.12481235128,3.7496903486795
58.9719515173839,-1518.29289913718,3.47902012632713
3894.51972053759,-463.375073543207,3.78201279251377
2835.35294485335,-710.998372263401,3.67933313397545
3724.46068215614,-685.97359284629,3.67569273063465
1216.92713493475,-200.292638836582,3.61319914084328
106.17274826618,-1322.04245393948,3.81496603275955
994.745502580729,-1165.26416228571,3.7747379834192
2381.98984772161,-1352.08031954731,3.83143268904008
3255.19260603518,-1130.5443510379,3.88857611789452
2999.42113957944,-1677.21866109634,3.90641396341047
2282.20533744572,-296.845715784046,3.74206782402939
1002.05731446846,-900.427428712187,3.74424344751727
1510.71382824215,-1732.3783774762,3.75994903574508
3134.05085088322,-1995.75203724497,3.85564008709333
3733.66513523378,-299.657803757194,3.88367095604636
321.95357171746,-1728.09248411665,3.83304449922509
1868.7479046731,-1999.65857145967,3.95350304146432
551.926639412318,-848.044459188476,3.84542274578368
375.492742211535,12.9416305645886,3.99328269779268
568.534398371609,-162.966948571776,3.80479374157507
3064.60761699465,-761.631444815292,3.82057937624333
2701.11231773002,-2036.5596360205,3.85107969919645
162.739736906983,-302.627970592691,3.91956216352361
1360.19432090718,-1041.61821016615,3.88396239422832
1599.01951767594,-1326.61273973152,3.8982307275283
353.162016200676,-763.225384744275,3.59851989654634
3751.14354124401,-1026.52399884588,3.80279022624402
2872.32887027803,-12.0601899298708,3.96302536765701
517.464530308797,-121.565914936688,3.89263092885664
2420.37053888827,-1004.45139099591,3.86097470681633
3343.94574371821,-1359.50496741748,3.84149893985148
2806.98341919333,-385.924245280316,3.86721033137947
259.63934258092,-697.563453425072,3.92904925247772
3781.608340861,-1517.04871095749,3.9036299053271
2461.84711466012,-313.783755445704,3.91336825774086
1091.93574127712,-234.895209840084,3.91268512526202
3018.58232480564,-292.484905585061,4.07900606007981
1951.10761852602,-219.034847779715,4.07981274325306
859.291098854954,-545.895490567196,4.05765215806585
966.714987470878,-271.078119510523,3.91028208061027
100.141299824208,-1094.75430319157,3.92301825938334
748.095503102341,-1132.98111998154,4.05897966793524
3278.64341097078,-189.762036228821,4.09295548501165
2986.81383504587,-24.8442592705633,4.00955511018263
97.0459429739912,-322.131938470986,4.25638795339943
1147.13078168897,-2215.13909395872,3.99801648823081
3260.78008372633,-885.536206008129,3.95864469563365
2597.0828721826,-440.964963729939,4.09661116232986
4005.68466890388,-1314.4167001004,4.02161739403961
991.581126516833,-1881.59243773265,4.06314046455683
2241.3348409774,-1978.82551495564,4.0289045994529
3308.09223547027,-1904.56058837031,4.03275903952582
1756.58913890428,-860.710589964744,4.13050682745472
2945.71758465502,-976.947680264624,3.93128287488507
1571.05345359024,-1080.3169108235,4.05059895558678
3309.2601548703,-245.873372993281,4.14190164806525
281.93104086388,-544.661599177505,4.23127064935958
3085.48929329928,-1946.99949830956,4.1292705371311
198.575738449283,-394.581712414855,4.2693319737067
834.281401355341,-1351.58096600875,4.24986893122522
3760.45763803819,-1434.58534083462,4.15315199183841
1248.17741317471,-1520.17179977775,4.20756466789093
2728.35071641483,-1966.75058605826,4.19018774618274
2442.99823653291,-234.049469792286,4.13860762299906
3457.0964594194,-25.353712573031,4.30869208990958
1236.49558600486,-806.664825091297,4.25851373309089
2584.51599758541,-736.24923415195,4.23640811582332
406.673517225419,-100.719168654613,4.28715901899793
2338.15560000824,-1816.58700352017,4.46924507793034
141.517587162801,-1175.56931967256,4.3507266771143
2537.23201983072,-1933.65357261208,4.3018242560492
458.914518238821,-893.805246747549,4.34291594621918
2103.57454733192,-27.6350115264012,4.40948378449206
1257.18143829419,-2160.25530471638,4.33054044408829
3050.90783974382,-830.255942263787,4.33221828418055
2288.73015575091,-347.862540653146,4.33838288284753
1821.73395060306,-2151.80160255602,4.21124418572154
3445.05760333716,-1657.87470692289,4.53163637235604
2486.32568343176,-1321.48833668434,4.40866568851375
2338.36576026546,-670.806180427846,4.43588235085487
3340.30364190242,-674.433519839704,4.49806819363967
197.756270950818,-1263.46535725047,4.35417625358288
1728.58621033713,-1367.6536567513,4.61195486323961
3959.95030412761,-1396.45705564656,4.41599961740529
852.579003206633,-1105.04341380469,4.72068656346443
3045.92498879212,-2087.4920083483,4.4609668030019
2054.93328430893,-1401.31124459014,4.36183964925047
2921.7159131967,-2037.23681972286,4.46579102136577
3130.52570099834,-1091.5837365126,4.73943220903007
521.598883616762,-541.559190165037,4.85777113541074
2573.23763246527,-1610.67939361531,4.61724238180694
2981.20325653804,-2163.63312619045,4.5082308385443
2904.1646020472,-432.996476768185,4.69600315705709
3621.48940892908,-281.395174872501,4.78830154733949
1127.22823990241,-1434.89648056104,4.84089280821164
1554.43523200509,-668.585971309416,4.69399184524656
537.211133649311,-1211.79618428784,4.75496344300286
447.680123105579,-1287.67712015507,4.62227945750019
2168.80998699122,-1871.47416561928,4.82161767282445
2669.61612679835,-2106.92973345694,4.81615323770521
1356.06520050047,-637.994472323508,4.91306458337842
501.887782802326,-2080.33964881276,4.81737548159693
2951.73102206585,-1949.92224578443,5.0765106489847
1933.44901096091,-2181.17664957487,4.84366978136936
1115.93183825002,-1978.14559647919,4.990987955756
3208.80325228963,-1255.19302152116,4.80824175176679
1691.7765722922,-489.189485847356,5.10471258150578
193.558049848283,-667.611593327236,5.23278576003197
2992.5253346741,-1187.51178398805,5.22926663260744
2889.31456316515,-231.687240729349,5.10273992834483
3458.49913633079,-1337.16555643157,5.44953311105746
3304.58252419297,-468.508944657934,5.14244106821742
1540.74901612667,-1006.35485938641,5.18867483295831
754.145225181582,-323.899756954082,5.42207302778113
700.217284771617,-1657.90383291612,5.41130900311649
1412.70732086046,-1168.64927052574,5.46112281291431
599.610353846023,-1026.76570492764,5.68933782434274
3650.67645138898,-2097.8461518144,5.87745773654742
2631.13292180167,-1084.41303950253,6.13299068577706
3383.29571683277,-214.746689936612,3.09959334260857
3217.45090989004,-117.548459481676,3.56534260081581
2712.24199838736,-651.566850228274,3.01831096685604
503.165552441039,-1901.61055877703,2.8866102537322
2086.44348288539,-2160.25628190146,2.86114809361513
3553.39269978942,-87.5669270609888,3.00099927834503
443.995742498476,-746.644028215254,3.0542653222934
1659.85378877786,-446.285534454054,2.81526339006464
2352.54091495553,-2056.62553019456,2.88377995048565
2986.04401559185,-2035.59609149737,2.82816345532304
2670.9839038661,-924.064684512225,3.18910418135389
381.382827024038,-485.228821440573,3.0089775849182
2635.68112502752,-332.027939199357,2.91724454454344
1806.60083429296,-731.615509867897,3.02818276716335
1588.46478064278,-2063.10343306848,2.84491421794718
2640.77056224268,-360.56604190584,3.11422786507685
182.138600651419,-618.898383159381,2.90506358417443
1725.36612288546,-968.755130034473,2.95069367817304
3084.31252281139,-1082.70056836333,2.96413602149543
2453.61197957223,-157.123761060119,2.96726686561874
2175.28367476241,-1315.99115282782,2.91721152344528
3669.3461467504,-126.039540654678,3.14429688598754
2212.99350471358,-50.5551400506331,2.99938621838969
1702.27926692325,-842.837725848209,2.89878329153409
562.410363908721,-1492.5211959803,3.02983643817508
629.468097415388,-1418.02020826947,2.99469408704717
2682.8915046723,-28.1548236886591,2.91240642541947
3180.55378014665,-1607.09377203468,2.7448687728626
1215.39932923785,-1931.08087747885,3.02352462724294
3748.25453056631,-1732.92967801565,3.22332001952233
505.498009968414,-2158.9350048188,2.93498227775492
1432.10608526397,-1783.29018634803,3.3999728418222
911.410676726588,-199.227265246412,3.36493770788471
1122.66340153923,-294.751419567943,2.98957317504046
2267.34087540033,-494.735865422972,2.94817081652986
3262.0421042132,-363.425391124352,2.93580543294421
2384.91580547093,-308.913711177392,2.83795455566735
1499.07580971793,-1001.77345693963,2.92583549022357
583.833418329886,-212.254646456889,3.02525900785247
1616.6395458655,-1084.2101792045,2.82772790097797
1527.92775150549,-502.197244582941,2.8989225380059
407.110540874784,-1038.32928728007,2.85828569824645
862.197337912327,-427.780851298129,2.64091600037183
1797.60215574571,-199.800215229228,3.46625533724665
1423.41052916548,-83.4501371434648,2.9906178725497
1601.54502686384,-596.338836695323,2.89539004788449
3887.38267604916,-1305.87544996075,2.93619534003716
3432.96746556399,-253.799671305836,2.81578514831192
952.230490882529,-440.439989891688,2.91264700027594
3432.64094938563,-290.339827353425,3.0870348844757
2411.07618805538,-688.391417315092,3.08626226431762
2882.06539584491,-469.492405678454,2.92114631492464
818.441575044559,-579.769242223924,2.95515833601666
589.757278351096,-1509.51848563568,3.20314002286452
1459.76892024503,-1714.62574966962,3.10126615472174
3429.67438004427,-821.272426096859,3.00217300100903
1120.37034073814,-963.904637110192,3.13742483146845
4020.69358127776,-68.30829441548,2.52259979534177
2312.84394724303,-992.608627293358,2.90717365653126
3535.67125886672,-361.450399674284,2.94698484535949
1396.24618566504,-100.657325765897,3.28458979892347
3394.38775731353,-1963.76159536834,2.89604390043887
907.876986944726,-1528.76540083415,3.17102203563667
2014.1793167968,-461.961337547394,2.97476026606296
3180.75897546068,-291.597367489987,2.92120937921037
3517.8014819241,-527.30171476981,3.00511252306968
243.602565686876,-108.539569502873,3.3621764400076
1034.09470509036,-126.529825289032,3.02968704821957
348.833627017208,-523.845502198352,3.03131445365264
3091.73035351391,-1799.35852519783,2.93352386804454
3906.5971612036,-7.80265662559578,2.9400923344051
828.503024137127,-381.387086523769,2.92368187429812
3140.24896740366,-504.414184875846,2.82004979042107
3728.59264602333,-338.005775222821,3.12777657017663
1318.21988026153,-380.391184218294,3.23317975844068
431.713245129619,-1873.70456531403,2.91444726172669
2274.40181886498,-710.040715234303,2.65581940157515
4001.22250164863,-101.077794521864,3.17820834986798
2077.0285887685,-358.426779300643,3.43102693074517
2112.69730252865,-284.778473072078,3.23418320857467
3532.26971965602,-880.887635660764,3.19727385190067
686.243410237998,-80.5326751759951,2.84077406371632
1148.25151467436,-1447.66638541383,2.83551917893173
2799.79170005123,-574.802513272148,3.06368826884664
3611.63474308185,-625.905352117744,3.17556124459771
1634.92633495004,-2134.78554407169,2.98814716812668
3164.35592557776,-298.312271628842,3.27525224992907
670.763285034823,-447.898651301158,3.01823374763193
3360.19329400108,-536.512085150143,3.12813553022708
2159.47111059201,-565.681606219235,2.93621244434999
3047.49082599333,-1637.49804637495,2.77929124817865
2041.75469629514,-75.8380566403496,2.98481110735618
1283.5697922189,-2107.81666081986,3.03602588739956
2767.97416437806,-1938.0986509907,2.97788132064742
2741.68083674516,-1837.8454832271,3.001687116708
3569.4010466581,-1891.45961930195,2.6319097496197
4063.5689490161,-399.689792888048,2.75072774265923
2593.083405222,-27.1966812797474,2.71151164098423
493.492303057928,-1473.28997577634,3.03067937281184
2450.05343758149,-199.376111137525,2.96452171025412
1121.13796372399,-218.5195256819,2.62819667077895
2203.91754196334,-1655.15640144261,3.00676192928094
2032.29905266945,-275.789370250844,2.99771021912338
3124.10146118906,-440.155666136496,2.72753763632724
1922.00170121229,-415.159948605424,2.84869862134635
1446.4002989808,-114.47873935234,2.93287619392077
1312.05640272229,-1414.73065282148,3.05569755220848
3213.45506162093,-409.427188177152,2.8753624268893
2014.63384565215,-1693.75303591114,2.94006091836852
2335.62666517808,-2215.009174986,3.00964853733571
3112.43149369118,-2201.90717176032,2.98348813785418
726.75736776882,-1026.09611261121,3.00162077062983
2974.30994383008,-334.384874218075,3.16410840801292
3530.31947978584,-1671.98495582401,3.06240669743854
988.513708143118,-42.5397075172861,2.89179278211739
349.98309318841,-1456.54653609155,2.7773457678707
1492.4428602236,-1217.23267501441,3.0253304599487
3352.71061004627,-1880.66943815773,3.01497790995737
1127.68185935258,-56.1807269009046,3.52522047234405
1207.33509657621,-1080.12254149995,2.98153762078829
176.729810224817,-252.95840819041,3.66384815922638
1338.226125503,-1652.75985890169,2.95666494585128
402.965917664218,-67.1645850971006,2.6784091805729
1542.53905969978,-240.308004925746,2.83944163326098
1196.67230396103,-106.772310743344,3.06497356964096
2393.90449805792,-561.50698685328,3.12089258234518
843.089978520085,-184.05000454533,3.11645376796172
2484.3890022014,-360.732991328787,2.97522029503479
1574.65044380766,-201.401940989124,3.29895600322302
242.445558505908,-1730.11122551339,3.07060473103661
2026.93967368669,-2205.0431741682,3.0221323551411
578.871197460323,-947.612775891619,2.91768119281819
189.503860472828,-1643.52846654273,3.13115808331064
1309.77455576157,-2121.51179731675,2.73021740091064
1172.42908142874,-160.795681359601,3.10418547823354
1780.99083231825,-1921.15466709159,3.11335319447164
3273.85181387148,-478.507186095778,3.23118656281617
978.771800312719,-1547.44363835269,2.89801988559233
693.5817009404,-821.736349297825,2.94791102240918
1509.8654723444,-405.355696818999,2.79675705792416
2996.65276655649,-1744.45648347452,2.72936243513398
350.570214624649,-263.517782808435,2.99713231720745
2273.70260635041,-182.148354252352,2.81102042912344
3003.3327419969,-84.1088835790583,3.25590868427529
1411.06727604366,-220.801113610519,2.89107966844233
3430.26112404392,-847.598208559978,2.63248164362034
1182.48991483034,-507.505439518713,3.09820172187537
309.020132377543,-16.0220058702848,2.89597184587563
1063.64399370355,-57.2701351924562,3.10761409158531
3313.66719142365,-463.968050922413,3.1868933415048
1856.71563155499,-17.1992030777406,2.72048821946619
3331.58991765921,-642.128227821338,2.97816070067134
336.972932877427,-1589.17642788432,2.75928441422354
2418.15762136871,-56.3677812668894,2.63640993421815
1119.38467096953,-2185.26976126934,2.84536102522277
1221.4780261507,-430.204734608965,2.91647642270294
3120.75871901615,-1707.67904831478,2.89453570021108
3335.86464730552,-879.729272811776,2.94980845332359
3094.9254086716,-2105.65548858625,3.02054042563659
953.6141382462,-2123.62459308806,3.06241381908182
3501.59340785547,-905.993256799914,2.94613940840015
548.035638700842,-2124.75431594686,2.99451727503145
2512.09068902769,-436.535732698702,2.89730964081076
3893.62470209844,-368.176421312432,3.10526370474168
3446.27482026267,-464.123263740369,2.92730308056243
3684.37322615964,-494.40234263556,3.15312381107197
3709.28533198903,-2011.84100624904,3.08459882304068
2964.15411430157,-1377.87969584779,2.98152047496048
1099.98271026377,-113.529953476107,2.90517020779449
2499.01227547181,-1931.44659119749,2.96957350694999
900.384784207281,-96.6601837120206,2.97777329522632
532.965135528313,-140.556832550688,3.04825386337614
2840.88098769512,-551.771268690291,2.99454523541318
2086.45015956594,-1955.95062159956,2.94998939105212
2605.32426874268,-1948.61703845325,3.01433976909482
166.673096553031,-1530.09825613087,2.80760884088101
624.744283425841,-1399.80868842426,3.08855218965023
360.26872625734,-127.020871563762,3.04297357285732
292.222619871907,-712.615567834086,2.94626981625501
1253.16859984419,-1496.04440287504,2.99983905865602
3044.85947914281,-1955.93169527996,2.9405705434587
1668.46069261082,-145.169288292085,3.11457570105933
1651.95509500738,-59.4010425900727,3.09865235503789
1108.65685721566,-1594.86343832365,2.9902778166735
881.270440570044,-111.999696178131,3.41751364475031
234.620447554877,-1791.8587057381,2.92144525525469
80.0011290089561,-59.0776710015947,3.0143532049824
3671.35232750854,-1440.23246273336,3.09001257208664
540.227359790752,-376.113307482809,3.04958230086977
2955.43677016211,-101.138608311362,2.99275995371859
611.865062164596,-429.883894039484,3.07230728550714
2827.34178637568,-8.65586125378613,2.97529140268016
1278.29886836532,-1944.04253797925,2.96476047102729
3868.89961540143,-288.234459084243,2.85475966447816
2159.00478735299,-1593.4515530061,3.34011347065266
71.4557648333225,-2102.13620635352,3.32598526373823
857.996187606672,-1524.31271887675,3.04664997189172
909.475315714862,-80.7928514048922,2.96410818397333
3180.44554717928,-460.935213244406,2.93319997826004
1701.38035442689,-102.724018726167,3.02919584946161
104.617181258114,-371.750608100016,2.97742465854536
1785.91662922816,-1132.63217264976,3.06116807714271
1976.75803020984,-448.93557927546,2.99274433755111
3271.28838950249,-378.969771538891,2.96136757213472
1307.67826318811,-223.218823557521,3.34696578745125
734.946399252558,-1189.98671193935,3.01351395728119
1278.5243012318,-98.9571736315675,3.09383759678029
3286.64513769068,-865.656278379281,2.99867689623932
1218.90513669232,-1551.23803010532,3.04486208821329
363.61345805228,-884.672185354585,3.0313147347222
660.505121866625,-896.991432194059,2.91176376985076
584.773700771327,-1601.82417490129,3.03380794611102
3713.53324428787,-1672.86077526634,2.95651917092448
2418.57151824512,-230.73169552437,2.8343044696445
2805.24570179868,-1962.36098455981,3.14772577558781
1717.09111731403,-1915.3798437215,3.09173555079096
2317.96335724301,-156.953303646294,3.05129313925445
1273.7947524151,-201.307134650405,3.06964392715601
2178.76753803656,-217.701678643456,2.93461535987161
3186.66344872539,-663.267055033255,3.02085818617699
1929.39399070815,-108.125943097625,2.95948431223079
3715.83500043809,-256.670051569099,3.1301975730233
3756.00146485294,-163.723388577326,2.94186469220335
1579.5967364921,-254.134929006696,3.19553097506122
1030.09735370185,-1618.78792827565,2.94407297515159
1050.98045393447,-1577.82845271271,2.97986079287999
3694.93340934793,-24.4152001434326,2.99174134607075
2759.43207364211,-39.0166962731263,3.00252913392394
1383.23182398329,-142.852686446566,2.96344016093614
3105.6335523793,-1975.01313338584,3.08681779618953
1016.89607939024,-1021.47777613755,2.97696195312658
1927.62539829525,-472.660224307072,3.05611673064471
3340.34797455212,-1788.06372572879,3.16391332570145
404.738247290597,-233.580873454299,3.01108752819095
2241.09481668403,-1757.88487387461,3.08786188259655
2552.16543936263,-2140.43044622818,3.15416933284207
1413.70716483758,-1968.5732487834,2.9823574468974
510.697469370297,-1752.17335206135,3.16116404065744
352.905734442802,-276.588514484285,3.2198357351754
1789.43062297943,-1651.06494287524,3.42770941076378
1899.1743597396,-2178.73092936719,3.27338382212331
509.276746349318,-501.837005749417,3.26410890398634
651.877193056392,-431.220149391622,3.11391874729592
868.685391668594,-418.998567993156,3.07883678904952
1060.11972311839,-351.107259996599,3.17006725888962
1361.413744058,-151.506839039194,3.26425695689386
2020.53206747208,-521.274916010765,3.29654355289436
476.227909587109,-144.898014769845,3.017070727796
1000.16093970541,-246.349153658913,3.10443717548376
1826.08363323976,-134.886442145894,3.08598151019656
1634.5987261665,-296.627849195864,3.06746066197708
1976.33010723653,-1413.23693198117,3.19532957231269
2612.56571733728,-315.169383155707,3.30483213489064
1638.25027639616,-1020.03721599071,3.25251351066299
3608.93785194317,-743.590839546435,3.30721970240967
3983.78696424288,-539.731010804395,3.21676779695572
3326.01014319382,-1713.24036176612,3.37060402745536
1312.46307531419,-1602.9687448077,3.31507978739685
1945.23602470324,-1495.69861101515,3.49510258652743
3624.95677131713,-932.132146171605,3.38936922636974
1989.46519896855,-556.108175877156,3.28136993419317
3560.50246983441,-1627.96686644744,3.37980486646817
2993.1280018282,-1643.93270167711,3.44113762514551
1182.31935551493,-1908.15030443796,3.08571588590866
2897.95305735569,-1357.92193330891,3.22688754381473
2601.3665415944,-165.028339693484,3.10501702857136
629.067141179408,-281.237470623527,3.30794030128326
2406.6469809778,-2213.98270359547,3.46174354096604
3689.05602713778,-520.143749062161,3.53173269236249
1940.64460000775,-765.726180110549,3.5152454437851
681.712789551168,-1880.45506656432,3.32864903606724
1836.96347472972,-272.736614272797,3.73406934103899
1690.41500012779,-184.102838862314,3.38151468288501
2794.98563757831,-1376.06980987203,3.44511070782915
2414.06381089165,-2205.97642081442,3.5092096191028
3346.37390488382,-1737.20359456108,3.59155010417614
2528.6836308956,-768.686161506663,3.33791236891459
2814.90473335783,-162.850521150267,3.58481715905921
1886.76866353861,-547.616775938108,3.4713132746728
815.376361935629,-327.886758202664,3.46091520173451
2324.1972510258,-1499.92693371901,3.56199043230954
1515.79747089443,-344.454934581962,3.51408672602777
1447.89188981546,-373.290856716542,3.82671101347939
2563.95444570624,-176.48783634253,3.27998267406596
2966.82477106344,-1474.42662223374,3.51549174690338
1480.82568459507,-316.39156011361,3.65927427812525
1452.33244292447,-265.961515094811,3.61552784570883
308.381030477084,-2210.13924800473,3.80303409721037
1319.56660270966,-1517.40434872661,3.92724739251752
516.283035069463,-307.538886758616,3.68345987737101
1916.91141224324,-172.267101933278,3.80979774063705
1394.08518901819,-344.84467537112,3.87712834491031
1591.42915427403,-1694.55507318193,3.80420077996727
2031.8678379127,-215.545003904632,3.79154820684402
3005.07999684266,-1837.17699467269,3.92951122130923
443.513893226073,-346.944666464596,3.90798822385432
1937.78785158172,-486.847433108433,3.7712465976622
1321.7104339514,-191.242913432956,3.92324310079209
1090.63903576788,-2124.72390432257,3.8935670047987
3431.67518297393,-1829.00758699241,3.76343211704614
1164.84715188142,-1513.86576531419,4.17244547619989
360.887135276144,-208.819530943697,3.84088057711292
1538.13070382739,-57.5357478913671,3.99575825844705
439.081995077518,-159.434888324583,3.8459641919083
1032.9269646841,-65.5083526016599,3.7450515899627
1538.53613709034,-1689.44844477071,3.98046257162152
649.191566518237,-178.642991303126,4.00404401313282
2317.53947327518,-515.161598277135,4.12066938710038
944.848289197854,-26.8218140056975,3.8447895430831
2383.68512179781,-1618.92923882795,4.09497841513002
981.202623956773,-65.2822186757631,3.81739966228178
3434.70077015658,-1587.06398248035,4.3356172644642
3885.89498704345,-208.064984933893,4.02876243066993
2756.38739370097,-414.667106810426,4.10051149180153
1874.55268896814,-1635.33877760767,4.03371695497248
623.009538965728,-591.738207882941,4.22973428954961
1309.51105756419,-121.273634794768,4.09249133536209
2965.56192929264,-1941.58962688451,4.23570416314582
3508.14952097375,-475.683316751231,4.16742160373302
1435.41623473378,-1446.86872737393,4.32073818034987
2770.35152837406,-257.09456978993,4.20994538274463
3969.79480367517,-419.187774236598,4.05968375214391
299.220886450516,-1860.10224756383,4.27530460039134
2232.77261940211,-535.391239975249,4.39387412552731
548.071551434546,-1204.28263861932,4.45723811241879
2286.806486263,-439.141609411254,4.42720561358364
2597.96929006096,-578.289879685351,4.55817581533988
1095.36474901642,-707.853193783162,4.52691875520906
3407.02970066815,-562.789661604561,5.14939942722856
1509.26364776378,-511.261478968383,4.93263040295907
3648.45550708506,-1608.43237859938,5.20104058843579
1696.02012133904,-99.0588395515475,5.24337146108305
2860.12324705668,-445.518685162685,5.33292855094442
3224.95019438552,-284.999521032117,5.45123354230602
1840.68545567833,-1250.67654224183,2.96977741390314
3085.33387440383,-1042.81738924714,3.14638993767849
2805.88828273771,-1261.24053997294,3.17488282421405
487.854460733165,-1789.93428864175,3.13070220402654
1680.84190327304,-496.774786715998,3.04992768012062
694.708871639159,-1702.91053997105,3.22318711791463
3309.65850719192,-2168.09673529925,3.10080865332386
1314.39858648823,-639.736932106942,3.31058718532416
3350.47575977856,-731.413130139566,3.53316530947357
4003.38445661958,-79.3845215544219,3.52233404747784
3365.26617271382,-699.197285715308,3.15354835065738
2584.72912658926,-1676.27314388539,3.34874046112269
521.813601518924,-117.431544399432,3.6832069854727
744.541384205756,-333.222040067836,3.35410492145705
695.267138022207,-2063.26224272824,3.63706758604321
2287.66541402459,-567.786100515961,3.8232409011566
2324.27329098765,-1550.56364366084,3.75265681263538
1635.72993655154,-2101.14630206068,3.78969156968371
1496.29964632991,-1521.79843079565,3.79046402154553
781.244234002956,-1943.09736492087,3.79819175385225
1665.51440302323,-730.786897068763,3.68942004992601
1682.22179881247,-2027.48156325117,3.78724345076927
1724.07809818602,-528.396095225266,3.35887768432156
1261.23332966245,-1417.59743151772,3.86815830313046
1691.94189579895,-1188.38398390878,3.99631782743274
520.41628058824,-2194.40036285073,3.84104854181534
3777.30982998483,-905.388066740509,3.92469420803841
3919.25737241233,-1179.08607506813,4.22268027001208
1651.48027113858,-2071.84984638666,3.91219760012492
1136.39541055043,-2153.75887242656,4.04659316968397
2284.27082127805,-2197.96035670537,4.02913462576669
2732.7011499065,-2083.73069470789,3.91227583734348
3828.3657055592,-1085.88401914926,4.04970484175625
3716.58319683527,-1539.56730332678,4.40142180594218
2601.62366229432,-1732.92450885644,4.54861928674037
3907.20050077823,-1048.20485017024,4.59212071621656
1873.21720949554,-894.889726844471,4.43962022865105
385.806839300572,-78.1730814485929,4.39871062366447
3930.5432731524,-294.908222128829,4.58395676712714
119.733970572494,-525.548687829589,4.92458341164522
2976.77014647457,-1960.49209323131,4.8351279667429
2112.95221889315,-1023.47687335186,4.9229972270963
2296.85478395769,-1730.78805300652,5.13726224801487
2045.74570247037,-904.241335159279,5.09924269116178
1709.57420619397,-57.9745485260791,5.25106286664812
2313.74263645761,-875.263524699871,5.33955731675796
250.802338231828,-216.463577134668,2.99002866602031
3662.15778557889,-1533.27533462738,3.02118281720464
3045.13753078357,-1465.51896214222,3.23615953575581
3120.75514211489,-1359.2680639718,3.06618584583119
3944.50351819352,-1345.94186527509,3.31765347828747
3958.2067256193,-1446.36929313996,2.96580985172567
2908.11120661305,-911.481291974951,3.04394127086253
3698.54780422803,-60.867910551975,2.85219057724702
2143.00263450342,-404.838160901323,2.90617384212634
1597.38207241023,-959.537843806611,2.93788715540396
1548.68488030988,-1478.8364504862,3.24791357263734
215.124691850604,-1949.79242734378,2.97241696823046
3307.91996569151,-370.001412431593,2.99250132201675
3775.75288845566,-166.81428449895,2.75854260628361
617.927123146877,-1201.53498265139,2.61568937356647
2370.51285122816,-1159.38966410355,2.84324416501831
2637.34412790333,-1524.20254391533,3.10132832959199
3334.84372911802,-95.1609526350627,3.0655498941208
1588.68898600913,-1595.76488623216,2.96908730782857
3026.39031984242,-1265.28606404234,2.79278999333153
2033.10898703197,-1135.5926101938,2.95879547556155
3483.82166290344,-2171.55333491409,2.99811400880367
1700.59538943268,-1418.96653986491,3.15349215848768
1199.81908300112,-2127.24215517486,2.77317662208792
938.730405033842,-2100.06540339907,3.0068158957104
2519.70031783886,-881.316874110971,2.88037553440346
2928.40551592808,-319.72807298257,2.95151696665523
3874.74093602483,-1114.0573035802,3.0134285566358
3955.57280699037,-2105.63612522104,3.19375653795213
1484.10490593576,-811.648597298364,3.18481425072606
3524.53621772843,-1943.73764418872,2.38967977070919
1030.53669377541,-676.163365154494,2.88513060311833
2624.85666807082,-2213.54169944061,2.89939644020393
3832.50222063433,-163.222742538881,3.43685729300155
1225.82201620449,-1608.22866153902,2.91473969525862
1767.37453109411,-1987.78752034825,3.27433267970388
146.505467981737,-100.419403698432,2.90310400829266
2945.85377126451,-46.7908735497886,3.19218952211655
840.250076676686,-803.67457452297,3.25654263664297
1170.071416043,-1809.53621309943,3.46350968271268
896.714275505839,-704.304316523366,2.84568219208218
1660.52378323748,-1990.68722587168,2.81012482509409
1298.55954654685,-2034.77173456446,3.33254660151006
624.880787842109,-1785.14910057388,2.83733684707994
1818.85329472284,-1051.96002554119,2.88384672260444
1621.36566309887,-1751.47319614488,2.9727071854159
1168.82688739751,-312.716927945832,2.90948220012008
1122.24859761698,-1708.52940624779,2.67312200813301
1149.31716227645,-1613.5430616476,2.96650452978111
1491.20669279698,-503.761727266994,3.02963704485502
174.333759075123,-2142.15358022374,3.35126243524497
2799.98705513361,-41.3988864346079,3.09070281519431
3140.91003625026,-1780.99264955209,2.92352364341482
3108.04315787814,-1869.47286757055,3.17641658576555
3418.27602880624,-315.050535141964,2.83362287819977
3892.99048517474,-1793.26637985324,3.38853716825443
1172.92681640169,-74.4488900462046,2.70714329813396
2408.32107901735,-1536.95135881113,3.28067898454343
2930.12859664515,-1647.12402621917,2.85730208247271
3826.1498521294,-1373.18813917375,2.78474213206852
2259.27064690922,-1400.82337120644,3.48344746519371
632.865726314081,-1933.31337242621,3.09570916625675
2094.08374642696,-636.287005718836,3.07556851076398
3323.14518958225,-1187.28362299304,3.05670330087667
488.014171271773,-1040.27453412934,2.97525885644413
2858.03177201378,-256.661494406573,2.86923413676713
665.271672064713,-2202.37320563257,3.19309053658674
3311.13289814143,-1509.36575673541,2.89382513675515
1315.57106043563,-1450.89835333183,2.93874777333897
947.509917907085,-346.14581144871,2.84681162178562
438.244442345896,-353.901723090838,2.59411655064022
4016.64461848447,-891.589494578184,3.40619212176481
1150.36400552813,-1678.44053666475,3.2120962163455
977.544465982085,-487.148269245283,3.07246394646307
3021.97611686626,-496.453599168446,3.10265405265674
2932.4872949746,-1058.98519886923,3.02557097834349
3823.77562080933,-242.678209833066,3.36972746790337
2877.02527186178,-2069.87581676825,3.10731372259
4054.67336553093,-65.2275613250194,3.10381810593129
1866.64786490288,-347.128107715471,3.0783671245042
1913.36052667106,-1305.9013057646,2.87095682622392
1199.28437911751,-768.934939809021,3.2394337699037
3215.38351648077,-1896.84390314196,2.99530710665207
1406.40533691096,-2193.96559405491,2.97638333246188
1764.31082616723,-1032.27930382364,3.2687131325255
1804.95393901265,-1947.01128104018,3.06689369909918
215.383957823056,-875.80951534735,3.0625722135699
1826.86770091156,-646.248228945001,2.73723867545447
781.920883603135,-587.563145726945,2.92749416836485
3472.58469753062,-1252.6867125459,3.30053193918468
3614.33675903893,-1244.02259953548,3.38762257104558
1808.25371662661,-1380.65684417283,3.26668052724229
1031.99109695988,-1908.60089925082,3.02181893132532
854.690202112858,-837.105147721257,3.10689243849951
692.648878804031,-403.020570970609,3.07321939896124
662.581326175868,-1481.45222460867,3.0453481225659
2348.63741214194,-1956.39407277736,2.80154384152162
3992.6265369588,-724.936207595304,3.17981332449129
2924.66527934087,-1940.50616589844,3.23926163647171
1240.3328719885,-1086.3115277696,2.86077522128594
592.947385241719,-1843.1712084611,2.91004011680152
442.434679870973,-1993.57994579683,2.9141158507198
3810.63748687727,-237.992575441525,3.16869930711562
1853.59112028352,-41.7144641709784,3.05872258621698
707.257421865856,-549.947519850952,3.42141405070207
907.512920030075,-750.487186013688,2.91944114037951
2234.39221655742,-548.922998681609,2.97734215288893
780.845750346273,-44.4348508107345,2.84227375801818
1840.32883641134,-54.8208839149671,3.2412203059793
1547.43072950441,-618.550678580403,3.08065950628943
2225.31790744565,-1246.64668649902,3.25050056151898
371.507819191495,-1067.52167585083,2.97296954323011
1571.62433238517,-1341.81439081608,3.00280230264022
1125.72630670689,-1808.87778853631,3.0679311356894
960.893287991827,-1209.1288866306,2.9692499353109
228.784477197318,-608.050637997052,3.05359279464932
1561.78836072309,-920.253465863206,3.33734827129986
2653.60867466577,-448.841875375,2.9265444582503
1336.24737573762,-1607.48774346483,3.11742811186088
2508.33835247166,-1775.40721163994,2.97119035170118
3964.79684151005,-291.517498715837,3.55238749000438
747.31880171429,-976.374506365078,3.14250541605236
2104.60506753315,-813.20791309275,2.89958684105717
437.470934499595,-665.895393041707,3.08407814850181
1684.83336916578,-216.30463771867,3.18952056596185
1432.10118802656,-1879.53229830154,3.23733058036903
1386.16087431943,-1431.16162400823,3.05291048754234
2313.8392811104,-1544.42661325226,2.92957218355216
3095.90026604455,-479.605778027523,2.82205893324264
2721.65408967743,-796.376891398959,2.98217181683407
2971.30677458874,-1405.40946617397,3.28972246906077
1467.63096034854,-1363.3519264628,3.23286614510008
1557.4635696231,-1223.48327154416,3.42828697732583
1749.38522282185,-56.4794931500671,3.38380836978932
4016.23657919454,-127.195711661845,2.93599094227959
3525.03940144771,-268.670730085909,3.14945584887342
3497.81544626536,-948.044293350717,3.2034372263573
1237.13086805182,-259.063841590722,2.88470515942428
2072.23822215584,-764.506212911565,3.18095473683853
1881.49042627636,-1046.23431488738,2.91633233790584
3245.30861656881,-1788.58919241678,3.06925691084798
231.803833078953,-822.408925936586,3.12809943767428
712.719255409915,-388.493724307761,3.05943007598724
3148.96289916377,-825.995337058416,3.10587205985568
3696.50922669355,-2080.98917630772,3.12966302599664
1020.00863420411,-2054.02654948505,3.77079073682838
3384.44043603853,-1098.65496377334,3.14232701096108
2219.66519967244,-982.05776215386,2.9984696305936
1395.93636505524,-2164.24949222552,3.03629313739178
541.342812684758,-1352.09557981549,3.02530730653064
3712.2020945999,-474.455223897065,3.25038141935238
1559.63938515134,-1282.5117128724,3.05664087114419
1881.46135489172,-1795.42592931637,3.18075184617585
1207.95061987606,-1316.74729955044,3.26443603368478
184.448288271303,-2110.2957904638,3.16496271825597
2916.24829207873,-1469.28430785424,3.08190298145139
2631.38685143055,-295.321291940884,3.23395132285148
2977.80904772628,-476.461905873952,3.07576069795459
399.346935245447,-1641.55549949476,2.99147089751239
749.779729690571,-1844.13287981324,3.15313767839152
2422.47774098674,-344.310030664595,3.01956572695859
3695.97882404095,-585.920098750468,2.99697009882671
507.447992661764,-1417.57094526755,2.83350622837818
1247.97276065321,-94.8372206469282,3.49486344993271
3092.16378473123,-1250.07796645973,3.11897315848364
4053.72249926221,-1374.6865400458,3.33314198370225
3174.48608125535,-1655.07095753927,2.74156884310065
3966.60545245625,-1129.58067591765,3.30062486680697
462.131084727409,-716.346306800484,3.09325291982896
216.355645721094,-21.2378407691947,2.97601121182199
2097.94369750951,-118.971094889741,3.19103443282654
3076.05764804849,-1762.39853389865,3.03890883897928
1311.35974889962,-1303.01879612798,3.01011519950253
3983.98342436849,-959.211582812763,3.25381793182579
1576.60058837234,-923.758060515494,2.97834395110707
2581.21498100015,-333.431633557637,3.27022904879407
3118.19675689419,-213.916455502766,3.00656371609761
1112.7333603172,-1575.43767317156,3.15444407944411
587.888216418039,-1734.37245114961,3.47802766468152
2780.69768588809,-1550.20267576197,3.35637294286679
3634.96196736565,-1965.02069633076,3.22336970263372
933.439773722173,-1771.94848192253,3.04588511993486
4012.56301401355,-266.100238039281,3.22566048563162
3937.00130203832,-1685.77757720095,3.55287316724662
361.218140294974,-1309.08748579242,2.94912324405682
3228.92389457059,-140.947258481811,3.07225145094769
3854.06409201157,-1604.54913899493,3.12020843034441
2062.3519304634,-584.597686821396,3.25259691002203
1085.25963379732,-819.208148500793,3.19927041337505
2154.82539600908,-1081.05109953884,3.48163629568761
1376.95145991928,-1229.99435754923,3.10475784326943
1398.85807271712,-492.149713124739,3.05761043825275
3142.92633865681,-1548.44513251673,3.0472351398268
806.114635586759,-2140.58825311428,3.32422877754313
2067.43237080453,-190.737391840558,3.3568182495911
1988.80115067261,-757.082964358267,2.96266927161315
3247.76453665711,-1878.21234889166,3.0225750248917
1389.73296736975,-739.627307580944,3.04783803300505
1311.65847967545,-1321.28470030822,3.20875546859833
1534.67245764673,-883.107610646802,3.22398252883602
1683.57901404012,-576.831133383749,3.2294590686585
2011.40635924838,-2122.17355983105,2.86682412165812
2943.49708019586,-512.278832307608,3.28461039952111
2852.58395171608,-1191.03922192777,3.46435289170142
2500.63447872624,-1548.7586970643,3.18434157219201
368.904949005507,-29.7086834046396,3.34992483732209
437.253021347164,-1103.86243096801,3.53896736661588
2327.67492911885,-828.066146944341,3.06736975842513
1627.5656209737,-785.062398621582,3.47437210141461
1467.59611103055,-696.569533407538,3.14505239140035
2953.3785699398,-488.371593204982,3.08383786117726
3355.61931522867,-1194.88470317399,3.0341079044261
1144.41863830882,-151.971510294,3.29885517294035
1788.56528944202,-457.997898266284,3.19091823287919
2642.03179999898,-787.288902865723,3.08291317621179
1893.60569089723,-30.4633420387703,3.127580320354
2242.85042663226,-1526.95843305534,3.15518910740528
3648.45963932306,-1876.10103516216,3.14056621549267
1011.66335814968,-2114.48213726211,3.03823410480656
945.397716419312,-1654.03650233358,3.32304774839299
90.6655327746195,-1368.14603322498,3.5764869379489
370.592589360527,-1527.40851362042,3.20812031480444
958.874807683627,-148.24117775136,3.2500047835762
1929.2623013644,-1133.52986110376,3.37871011909898
491.971070223314,-676.573439481836,3.38242585183001
2077.11387903471,-532.545585372401,3.77285506023341
1971.9756335841,-517.342594778906,3.44719606922458
3230.66478387724,-1371.22990324848,3.1960615367795
3608.64353935767,-389.001160748077,3.29522558138567
2014.10849556111,-1499.34239444269,3.26995033557574
904.144848242561,-232.98207790343,3.37567105012726
3245.7607296547,-1896.60513486557,3.40332912093915
2742.91121015624,-1741.16165160589,3.39117747433348
957.727510490258,-1909.00365516114,3.30481367249352
877.069115056178,-156.401045799424,3.45173096030126
2973.31539237563,-405.94903081476,2.83620211385515
3102.72396572321,-2149.2462830246,3.61685504624524
3440.01972777701,-1746.76899740378,3.10496696514625
945.869044068551,-1231.04914523134,3.38541813151781
1738.10546696724,-953.621252225991,3.42065207979811
991.701029155963,-1835.09235082536,3.32806810965609
652.830694704828,-401.066031921758,3.25177251975094
1376.95027825551,-1959.88747321219,3.34088188779757
2725.62359580993,-1580.23367268557,3.28817604773473
3616.58711749227,-1714.83206557959,3.1722440461053
1588.1916536654,-1144.17322338419,3.4660262744992
2699.75304412953,-477.846869432107,3.53701347002722
3893.86438606266,-524.589458405057,3.19125669394161
3463.87625423131,-1383.56263820261,3.19237833344997
450.405573807429,-275.561064350734,3.26618833759698
3055.86199890923,-53.9502003990554,3.45140271891481
2029.56119966338,-889.188005351542,3.38801830302873
1051.75328353094,-443.156272557733,3.31617454161161
2145.53886997689,-661.349891727702,3.30992287970778
1920.93297083663,-2158.61987288808,3.1788519838841
2695.18654593931,-276.144243358783,3.51755304564738
3207.27396588292,-1524.66430750795,3.43800462835736
647.471931328437,-1908.49339905222,3.1678061067457
1638.68375603072,-275.085225476742,3.46459896755311
3261.74398626986,-135.837813029737,3.54100107259465
3316.16145766485,-1608.7347541133,3.31113093424832
3836.63965639233,-1649.90288289448,3.66916827101235
3490.04980725672,-1830.76654982104,3.00002227080326
3749.46647811149,-1078.92379924665,3.30722146501821
2428.89963726873,-570.755227627581,3.53411906172781
2016.87908849877,-2046.02714477556,3.66236321718564
1122.24113009471,-549.434573082418,3.39304797119702
841.050342103435,-1030.04201774978,3.5069923325304
361.572852972471,-279.297852979762,3.50862158328646
1889.44934703621,-1245.16442311035,3.40262316352588
3945.2301907683,-991.732173473187,3.38667162950424
2700.93726614527,-696.213355273422,3.69160463765037
1261.75815701069,-867.650006400598,3.40205045989894
2787.49115711647,-523.679302259943,3.31503302929121
3611.16156404173,-1768.67240032934,3.64023627441462
1937.9285224983,-1400.04576349291,3.87851257704231
1210.85202947775,-1167.5442783273,3.45444377431793
3654.46195193085,-1667.97673229831,3.30803259102691
314.880345518479,-1974.8565393483,3.29260311338125
3607.39380984755,-1423.43031018726,3.35555952378708
4049.59237969489,-1050.45717007347,3.53857678724543
3479.65691007475,-1465.55543543909,3.58657815127483
522.096056808757,-414.236860445755,4.04095112983464
2002.18659713417,-957.255200184352,3.6393114899449
3328.89003856004,-766.72421538244,3.45133735672923
235.252036025139,-534.025212282085,3.39759412394304
1441.2482534945,-1265.78371694946,3.37949685254993
2626.40767426107,-58.7873196225705,4.05887911011451
3122.18234496056,-1396.23543929223,3.20819499234053
2900.28484681677,-1778.13400555323,3.43413889984359
1049.67865717174,-1686.76862762173,3.32219818597138
3178.41833089569,-1380.47562473453,3.52963213769139
597.170404041747,-73.9378108315532,3.1968693365969
414.279027452745,-576.616273774279,3.75619817972641
1852.21178596398,-749.041279880587,3.16219858354171
3750.26069210992,-401.8021900801,3.80946606898743
3683.91929592642,-1328.83158887581,3.37816797653235
1389.77288130417,-1151.59423877071,3.79503530242867
324.090476745571,-639.766357310329,3.66696260663082
3865.62214772884,-1430.63073385631,3.68869090364736
3248.35925764423,-1960.03343643766,3.28561866253302
1400.55718312924,-179.930700494079,3.58390156149962
2281.81932481116,-733.156011148766,3.3108205368855
3710.92415383189,-1981.56468342431,3.76483039936129
3610.0569785559,-1186.57722504172,3.64678717112088
2183.15894171644,-603.750239389054,3.60534639807309
1017.76053001479,-2208.30317710441,3.46704355023717
2735.97795933597,-638.087953886095,3.56944898258316
2226.04176667606,-1804.2995582022,3.59605487937388
3053.05221815863,-262.571973901164,3.36062268577982
2966.40314932664,-885.102992200582,3.54773648789318
3750.06945228317,-1796.96942635223,3.79463135173546
2969.64639342783,-912.897417672583,3.54787201245335
2739.62188243449,-2080.736839002,3.76560764318393
3756.1307579294,-1344.82785147237,3.53973422433882
2279.23574329688,-887.961826522424,3.63983582976798
1962.52266879287,-1999.02786749988,3.65281190765006
2242.00914908197,-206.819220069734,4.0769940078459
980.023360170106,-2165.94068526224,3.46735311313407
1561.29451856023,-321.976687684684,3.6808212017189
3298.38752333375,-1696.49937687045,3.48686902566745
2855.99399030236,-913.700424722035,3.40372262761505
2598.11958752078,-1855.4580273582,3.73869172917006
3018.72242886549,-1008.39232822151,3.77751752234455
3841.15928531947,-965.1901484671,3.63905327495613
2504.25226956183,-310.472460808222,4.14176536823365
3341.23164098118,-1798.0812933297,3.73910240651818
2026.70296104976,-1569.03235835435,3.73736573315549
3893.0354840708,-1466.22671470445,3.92328660655361
2926.6683513691,-876.79521298278,3.53608607462644
2045.75371757654,-2102.70324802872,3.66479199708612
1996.41791068553,-652.155124942369,3.54407711312536
2246.7742448869,-1200.44501861206,3.74393981566017
161.206259837297,-1057.65987886412,3.55948680009993
1778.31615015133,-236.276800184055,3.75110070253916
2299.39121163221,-2056.50451934194,3.63338046886459
2392.63167812843,-379.521508002532,3.89435464382345
334.505142095595,-953.233454716732,3.74472782772839
1761.96153740899,-392.411545334583,3.64932541100362
998.806223203783,-419.620898072151,3.863365544721
1819.31362874917,-1291.08257442173,3.77465612338715
2390.40720366614,-1414.32869368451,3.73386562888619
1529.37171732056,-958.504931749765,3.80498320409423
1635.93248784274,-1214.79178404763,3.2715787238458
3061.99356058203,-1360.10426640506,3.70128376771595
3122.65631560792,-1282.61777082723,3.7957417783606
1164.97560126215,-741.291159929041,4.03930560021183
2438.20406652028,-437.374935867694,3.86477687344965
3916.45973861495,-2185.07212890891,3.9490070319533
1660.08268094554,-1651.93127496766,3.81746467963084
2104.83594025493,-2097.57546875014,3.67404285335217
3225.69808835563,-182.561993330842,3.71538328911529
381.748301268955,-2048.65475378945,3.88726952021781
170.110257416445,-1998.8850171994,3.8622195343793
3111.97211030998,-2089.86745103783,3.84271560002426
1932.69890639888,-726.024414544145,3.68238292407945
2100.13862831744,-1764.12104516847,3.82203719747301
1363.89011805575,-218.85515282177,3.62074825142658
893.120807530679,-879.991432585944,3.84651832488875
1767.13556260748,-347.260488505126,3.5251982688791
1990.9130144233,-1811.65232289339,3.90177747326904
2202.08709244756,-1301.5899690251,3.80297845905949
1817.26874932228,-1661.79908601374,4.05791595841753
2149.04559531461,-1472.95517652614,3.90877775637408
631.677078925874,-736.839041623397,3.87515082649699
2999.28423295784,-1871.26354907532,3.97857356428934
2024.4208827981,-685.625106377528,3.97631920552916
1172.11794943105,-911.095160927292,3.86123809348947
218.008998513523,-139.961244098453,3.86059477143346
978.315703436007,-679.735745900051,3.86346352799963
3967.11849413679,-1804.34761807116,4.26531958811205
1740.99441518623,-1676.20813819281,3.87284447253346
2907.46393184767,-2116.64388828348,3.97393822205398
3315.9854694428,-1016.0734235074,3.89743982852389
267.343853027801,-232.596349594826,4.10555805680833
1927.93462362936,-350.665488064981,3.93585827226261
2154.48014889922,-919.326039595674,4.035976531425
2492.99136201832,-468.282638476361,3.89046064981913
807.74089624992,-926.763960568384,3.9649834950817
1838.2745332102,-1884.14338186461,4.14214925714512
3989.70162963334,-835.273413426139,4.18100126130392
3700.9566474078,-1563.855682923,3.97519513199924
2608.22188239996,-1810.61721726468,3.91169975728835
2174.7475941533,-1366.94486228277,3.96703521354301
828.05752517616,-1780.31385764115,4.05750943150172
2775.06088051448,-253.707960138195,3.96102582050557
727.655859020439,-1904.02609899161,4.25481927110301
3628.36014554234,-1373.2464364142,4.07380318200563
1332.11705821656,-2007.74872549237,4.23162357182032
349.866142098296,-1435.22238748363,4.41399438847087
1997.44805079527,-438.491822377854,4.24044925746406
973.496991558066,-368.325417156465,4.16409563904506
2279.10728057746,-1717.38673861393,4.41441509201945
1038.77627313541,-175.249903322986,4.45942992093928
2102.89489689324,-1919.15389602296,4.12164453267879
3517.0706217256,-573.773578603995,4.36145354887115
264.032717555023,-1017.74105330625,4.35381734547831
2267.00279556589,-1364.28338058279,4.32362590032549
3702.94994297877,-1183.54349108842,4.44234449469995
3895.59715376884,-1016.34187105052,4.48816613188484
1758.68574901566,-1228.22054953436,4.39833300200993
2557.95366420386,-2108.72283814401,4.64644186253161
279.132807572577,-1190.36955189035,4.45402651654284
101.227237473946,-524.655668178616,4.525003652553
1249.21281788065,-445.003169624226,4.77110800816597
3691.92021522833,-977.079729380696,4.82159198816438
702.625252128578,-641.154333555609,4.66602662781829
936.010658115057,-1977.39133631372,4.77423415932255
1324.36552210271,-1685.82465135704,4.67626330004459
251.588127325518,-1333.56472859413,4.89683968638316
471.598896725286,-1960.00282147517,5.08390859680804
2326.08035624179,-874.598495488285,5.13775280851879
2894.47901179763,-1403.44300645711,4.78747189314403
1515.24385183716,-998.109377439823,5.06946103739663
2947.56619672712,-1608.68551036549,5.00473200592918
1178.24946888665,-1819.78328886661,4.95298786983381
1692.32572995295,-1509.12172370059,5.11786773878765
647.682090423848,-1475.7559431595,5.06431580706678
3462.05710150141,-1324.90703015372,5.30808741090879
2016.52473886903,-862.21725048644,5.27960932831364
3348.03444031441,-572.038785572647,5.682814492344
1722.32994420404,-1097.17568744571,2.89339995727492
1111.43662719406,-980.149499403024,3.04549892239542
2550.99409170659,-1865.52522458059,2.91652824642808
1019.81962614643,-1551.00628976917,2.84569423631513
532.151052459148,-1319.09220368912,3.24027886594335
1452.89322281629,-609.121083510266,2.97652992748515
853.912641060552,-1135.84774587188,3.28637492934711
2955.72489510368,-686.466447552174,3.0374866038189
1590.63322383349,-591.37295799066,3.00980429399962
2292.55266705986,-563.044547741264,3.04947753278614
666.863156696986,-2200.24184988549,2.91562524783036
2142.3966600363,-1093.47092700266,2.99769317373893
1259.61670450711,-562.993250876475,3.03669821072733
576.808892277955,-383.050513624944,3.18068219050491
112.633424415355,-333.30498117572,3.08256261669487
1761.19279045151,-553.030194877239,2.92978557090279
2357.12024510343,-1724.68985423327,3.20636888749831
1650.20671848236,-606.114954100285,2.74798135896299
112.582377346406,-51.8014660406199,3.16123171916136
115.671627690196,-445.042741997801,3.06792473711341
2031.65142684068,-217.115647538789,3.49173583088537
200.583714404408,-533.950643316395,3.34896504466161
356.262401551798,-488.145671761305,3.42421659362681
832.690338455392,-1230.12418078684,3.51233531764197
831.155549245562,-965.830096881378,3.99738332010022
531.780880225605,-121.768837017338,3.28884174190805
3201.35281563911,-1891.26424881345,3.59249187454417
523.43042884999,-414.446373853216,3.65386205654315
3021.00094297435,-290.539242135774,4.03948401592297
935.494490112027,-824.394405729565,3.91201368098336
1133.5120170171,-2153.67124710045,3.81700588730489
1487.16875084423,-871.171781216306,3.76508341350129
2131.3973440389,-505.446831297519,4.19495986058682
2205.76593133702,-401.092936723389,4.58764375143547
1884.82086230039,-1700.089910652,2.98710537416672
894.176772528862,-721.310509335676,3.29771550883231
771.678158335206,-2095.89312519623,3.0504037588674
1852.71889633137,-1088.67605366059,2.97238098794809
853.579766565011,-1875.38174443964,2.86456855722058
573.032560721954,-640.605272013009,2.83382808839979
2649.14081723059,-1807.48541145951,3.10545827957149
1487.00086296599,-1181.53387030926,2.78270878382059
2101.18633021013,-2206.07664373565,3.37854808260306
3646.4806381452,-958.320880020122,3.28446281212728
2869.66282613575,-1917.20655125405,3.28548635470439
625.927669059183,-1926.98608818467,3.23496250896706
187.809709420563,-1479.65618504924,2.94993693880331
346.254184270227,-2185.38154652065,2.8902569697138
566.484239186709,-1816.24526789442,3.19191785294344
3654.83165906358,-1773.64318498781,2.94105611769794
3687.14820390751,-1178.34253119743,3.12611196003632
1228.38477921737,-361.867666163099,3.07364288076429
2739.43564867986,-1738.07326808785,3.19739424660155
2782.40307124896,-1547.95661089705,2.92243816028197
3374.04653792428,-530.869236237688,3.432605122675
2498.72766788838,-1779.16006747792,3.14298817318733
331.349830238523,-634.550360705808,3.29155270431196
3341.30653056945,-746.175051655681,3.49418644156732
76.4529574026246,-2100.79971549283,3.23612318566547
996.410624064893,-427.293808218002,3.32940240086571
1572.96572305976,-320.425606447683,3.48401953067841
3248.01249343287,-2004.28743244501,3.26918178664515
2772.66022184709,-269.091329380693,3.60250542038129
196.407889382643,-544.404433011601,3.07379821375326
1320.71299809162,-189.542631852967,3.6812509455699
2470.40632960883,-1720.00657563786,3.6983132034487
1041.8798127719,-1270.41402576438,3.37729371691678
2570.45727805208,-507.799184489519,3.45198108555628
2087.80019587031,-1744.74306888271,3.35378385464964
2081.79208738476,-2012.29423725302,3.83201782060896
1973.81163547562,-2066.42950324033,3.99265416225981
1494.31583077821,-866.837429283131,3.89923935107137
3251.50306772302,-73.2940347067622,3.97957098360897
3823.31766189512,-198.396087456048,3.92130476722966
3814.33422639335,-1076.76122474551,4.13320110205953
1551.37979338436,-2115.67966680871,4.50868755404599
1661.37225018939,-354.255731058959,4.46489852630636
1693.00693450115,-2156.39679843495,4.78925184198341
923.949777894574,-1995.87678383156,4.90192932148943
1494.42952203083,-999.582727093469,2.81272166202096
3622.88811465338,-1873.52087403396,2.701235267066
488.882493454256,-1471.0010548788,2.87939455507091
787.654912223179,-183.123479258979,3.73870789797525
613.259204893196,-1147.02666586996,3.22221018716974
2795.13701368429,-968.718105816213,3.28142022154684
3343.8629910041,-750.988042904077,2.64530227763198
394.168514436622,-1649.74462501832,3.25969320384272
2100.15362821585,-119.324934054508,3.10976859650752
3636.72730752925,-980.763217724676,2.86983541698891
627.225792005734,-657.839405039359,3.56447843454161
2042.76461645601,-2100.44766662613,3.25372044151177
2034.23677219005,-215.344028689908,3.39570900922543
2988.70752596746,-18.7661717732418,3.73727405563066
811.252653172663,-786.226646733513,3.64589165258397
2868.25837994049,-2149.85335860225,4.05026943718581
3225.85692265353,-186.442682090123,3.83510886890846
2272.18945797357,-2191.54611315174,3.72610680716091
270.716049141928,-238.843239670241,3.82449095684071
462.980593115499,-1293.61650166458,4.16996079484814
2906.3783197184,-204.759332096794,5.04151053125039
3339.76834639761,-549.597413093372,5.5212072105539
1134.73067576059,-521.020670697921,2.76598623984609
3074.81950412161,-583.885225354639,2.56468807817523
3281.23468103405,-946.206288559107,2.87977118633211
798.813415504871,-1203.00828296838,2.85431406498815
75.2492819363336,-1458.34686971139,3.10577805538789
2216.28147227292,-43.8571899863544,3.2015023534271
1496.57017473348,-1897.4698525452,3.15568533990061
221.383328473129,-401.538177506784,3.24626958608675
882.033653874507,-1860.88721089173,3.18486249731663
3570.12973826878,-1895.32579191213,3.20317835879748
3661.41045662608,-1276.62798034926,3.23668543146069
3103.01272204552,-777.167265890424,2.6759303952657
753.039250242282,-1246.01059572574,2.86504511106045
1431.70671570061,-1001.17989153854,2.92877995272832
526.205005164695,-1395.71972565641,3.16160890294755
575.116507512757,-1315.37106652892,2.98791990104816
1882.21260988168,-1578.42889673439,3.02019520287345
3836.43181477126,-2125.13593905031,2.98049793433422
741.778175697513,-1454.15928780946,2.94204928794788
391.617487211271,-1365.88343742776,2.73964331141462
2314.20551575525,-466.190469066943,3.26060488932978
757.608221412595,-598.75707822717,3.72594137131916
898.035204708283,-741.472628725582,3.26928037203004
745.379659128256,-840.45823518571,2.8389179908921
1735.52210450895,-1832.41632819549,2.97870216186108
1878.58782196179,-812.347135566498,3.01942670756103
3864.86588948778,-77.7610740762512,2.84214858541171
2668.89880015436,-1719.24823488772,3.20619812449899
3099.22664123256,-260.902066252396,2.78218149235555
1215.6574052718,-1060.82378464787,2.93782266040754
726.428786519136,-1946.05219879633,3.26951685625511
3711.38801802709,-749.142812673368,2.85967714350029
1751.25423147709,-188.367199565091,2.74721358800386
1129.81963235805,-1154.27762820486,3.06417520520716
4009.28645422047,-1093.93297317384,3.04331345686021
2438.20094756918,-835.325203313161,2.92704089533604
2091.04402349186,-1954.95135148497,3.0640357112366
2273.53403497945,-186.340483068001,3.15917741153944
183.500504979833,-1478.37617806106,3.06897135237183
1118.86460272444,-355.21492339739,2.90920507454302
1482.72625748912,-2192.10941436356,3.2363714403356
2981.71818766915,-1987.50891104618,3.00511999682532
517.935665192442,-1336.76447606319,3.01987750135108
1856.859915862,-1249.05929053189,2.75224594126126
531.337847898113,-1321.73849679356,3.03273587393409
831.765635718772,-1761.52862390359,2.82627976248354
2341.42494797137,-1312.48346194811,2.78966090113132
1823.52998806116,-1713.51052888537,2.89463711939844
3558.70981097802,-695.798633854484,2.92281428097795
1879.30734086344,-1477.55976922373,3.0935669931734
2235.76107184877,-554.943852973592,3.09865838893455
3346.47491174867,-2047.63370415707,3.42499537414854
3891.89299086843,-367.333495656024,3.07117693705518
2011.72057413328,-1854.30230006598,3.22499098442931
1893.77592645676,-960.697048795433,2.97174145431135
1959.5077602673,-957.955316862963,3.10413199474632
1487.79209184742,-1180.17409871783,3.01029952648308
2985.15287776648,-1671.38280651667,2.78755505221869
233.7998435631,-2214.30673469589,3.14380836113409
72.0395919359422,-1035.49883090349,3.28618678114228
1827.06580012012,-77.2713399203631,3.16861006171755
2589.72279699262,-2100.22071287261,3.04765643882854
1736.24582960558,-467.09362114613,3.08261687405541
3333.98106839589,-639.208463822001,3.39624599290784
3855.18876403574,-913.695536115284,3.00569146400016
3501.78955963523,-1785.246993675,3.14603384820476
2290.21018690006,-1653.859038464,2.70543646964836
3047.85411590086,-1662.87796554776,3.07576252026486
1138.27076782216,-1348.2869476607,3.08325411971134
262.304851591622,-1114.63116891675,3.13881567615638
71.1340480896106,-715.836752037781,3.40515876563348
544.29310718449,-1770.02178240207,3.59938785781607
3342.70681689578,-1787.83646774254,2.93988439907854
3834.38170773389,-1085.13275337109,3.15974560927614
3670.6833284962,-2125.67038223219,3.82700521886742
1491.58866921417,-162.538358058335,3.5942114293254
1813.05611343357,-265.337984614838,3.41082619605935
1339.3525823304,-1624.84292117712,3.50857497649204
1043.274062746,-1896.420636772,3.62654174934895
2412.13249277844,-107.440051108812,3.5966253820768
3054.50971641626,-52.5587472889066,3.34051477074917
3647.58926295182,-327.977606076424,3.95692342474673
376.248068869712,2.76747180971307,3.50233484729931
1398.25704644841,-351.316587661226,3.93353784688498
1487.39885958907,-1738.37781136739,3.93059290888075
1605.99548505784,-1684.55057363737,4.12307050039043
3900.39545319446,-1020.36470739707,4.31031832608317
2056.35349249395,-908.206136234217,4.91697002939752
655.672324716609,-1444.7138757513,5.21691915133611
1439.07516806581,-2183.36818461776,5.92718353094903
3982.54025906981,-1584.97643922821,2.46147697777462
1958.47233594395,-968.975540420352,2.97634172735317
4057.97520415891,-2193.06773291451,2.89518610864724
3685.37833279752,-1790.22344015351,2.88830573259635
864.054006417811,-1561.30256336019,2.90728059031334
2869.15742767686,-976.393601630165,2.99202726629284
1317.72690260843,-1588.6647452767,2.90297918974995
3989.30367815123,-1308.89712544747,2.7990548261989
3791.67643152427,-1263.77044124038,3.75225121039647
1537.56655678425,-1040.86953559774,3.05875161233588
862.768570436996,-1657.55946675743,3.02816315806782
2056.18379172443,-1204.79879915399,3.17085969795325
489.536986744211,-1204.54457701965,3.2148952600676
2188.41786188959,-971.850806351248,3.12352355616297
4066.06605925649,-1551.58617788825,2.94061658974872
1614.28724378603,-570.05745340709,2.82664319929382
1301.62748632922,-1399.48071042264,3.15257819547905
893.272988552325,-728.506520531901,2.94128296141495
3593.01958468425,-1304.78996834004,3.00031837826103
98.358083453042,-976.262797002019,3.18843085644536
2294.60447055166,-1412.71777508104,3.16502073905378
3984.60382324414,-28.9112132313237,2.89532572235237
2989.72881576641,-1840.83901256798,2.8989884371588
2036.56305072912,-1283.23497936934,3.26728373290484
1009.03294659735,-898.875753475159,3.46417911932643
867.393594080942,-898.213426431636,3.08479137849833
1609.76888845863,-829.825021874749,3.00595991684564
2187.50861729023,-1588.32868379312,3.06671237480109
212.591769783245,-397.242368832854,3.35883497849045
2421.31248181629,-199.585637457548,2.60241428510886
526.94605876631,-627.872568009834,2.76879589109372
2077.81561114962,-1144.91018571108,3.44600068467236
3369.66504877112,-415.856378889965,2.74382829354834
2756.91010695377,-1808.1414104525,2.7697834179194
2972.75011081403,-1040.5847234956,3.37507597728022
3832.62253198306,-30.8767534620143,2.89715304236921
1661.00483050789,-444.210057633939,2.57471957233729
3897.35592334437,-364.865883500141,2.72066960444865
3446.72749566575,-1056.63392824132,3.12153519145379
2580.28182317362,-1795.28070795303,3.50397451810404
2792.15723325846,-971.515094136192,2.66088677484085
3874.97793033545,-1605.65645212448,3.235213255941
558.470102464104,-1662.37500801195,2.86048749581226
4025.1872921392,-864.693219525262,3.82676678581608
3098.91155100985,-1567.65041948416,2.93651460741488
1022.47785225623,-748.3705794921,2.91192458780025
3240.22615330396,-122.114561963835,3.06187585763932
1336.35600601738,-687.765932549818,3.05868060598655
3430.85901760389,-1678.76512531574,3.17447540135518
3009.12776354699,-1846.52368624869,3.2365196398751
3786.90794047616,-2070.71504202044,3.05525974421233
3000.16753635906,-1642.21375874939,3.26573736079504
2994.1430672627,-1601.49200178984,3.73344681893123
3841.46226772045,-1089.10723266525,3.52291169397853
3709.62034958106,-1978.99505492542,3.71869666171603
3318.9596103294,-244.955183741771,4.37751604765552
638.285154504224,-795.706651071731,2.83168653629849
642.134621466576,-1350.16469976634,3.24286282295921
898.87164534597,-98.9170971758205,2.93821641095461
1670.93092581998,-786.625683491619,2.97995510375149
204.471774790791,-400.008796007266,3.7545541207627
3005.32964036975,-922.135841097286,3.06763875708582
1077.51914527869,-1130.60396015243,3.18453482837345
3616.90736924049,-39.8427046163402,2.9313199661523
393.387799073741,-1281.33843545585,2.67279999427578
285.419030020774,-460.349689060579,2.93495410168948
804.661057324386,-324.11551884246,2.9914310844935
102.811669093355,-967.428664134969,2.7073668933071
592.31351189696,-649.576558894393,2.78406175611484
3285.34406301425,-2058.51456615613,3.01041151248265
3167.54865111914,-889.26085489128,2.9585643453738
2883.5938558253,-53.4757746739374,3.15506625958719
2755.24825144939,-1899.92546063057,3.18870885206722
1383.87357124915,-145.330616215029,2.81274426973021
2258.11330410149,-1592.83169709387,3.18913951100785
3757.83500355425,-17.1719497927204,3.20950431658329
1805.13423923605,-1951.12592856614,3.20713411140198
537.077040464544,-428.806114773239,3.35929005081264
3775.45788636162,-1045.75491156845,3.25808354659267
409.749691778427,-1691.5601810181,3.17341777842302
3251.70787631397,-1790.91723425485,3.30956115246783
2012.04553315469,-1235.66638731442,4.11071218370497
3346.55423886004,-1123.68247047666,3.78562476387871
1466.35749874804,-693.04209068046,3.71120033568005
1191.56285026712,-1589.77362595923,3.89591306338343
1999.25715397901,-643.735956210974,3.70997888859718
3205.05255980066,-856.328842321475,4.13428914998779
1603.41744615053,-1696.78765517344,3.7839375404278
380.016625061508,-368.660439174431,4.07544831117338
1100.20618649418,-1631.71339759278,3.61724660151971
1209.00620242966,-1716.83386818848,4.37137033393826
3974.09265780951,-1817.45565423344,4.10252794416965
1117.68798205643,-1141.79422913973,4.24099353623063
1869.00871089933,-1488.73145207663,4.23622897520078
3821.00007341146,-185.978908186948,4.12332692947228
3653.77723413133,-1056.42763867567,4.04831922518685
1375.9854267712,-1678.69623511963,3.97494603840571
1815.87284255211,-1599.47195054102,4.30440348742961
2007.54583808062,-424.861512808361,4.40408547191184
2293.17948379656,-1183.21089767656,4.6376866659466
1314.55941951808,-963.343983238121,4.74689791103939
1379.43470888571,-896.459349107432,4.58210586166836
3671.78683404465,-963.570062906506,4.83452936638879
2110.97809347435,-524.722572391561,4.72437158607744
3989.86887950729,-1249.89732323352,5.09951997021375
1397.35687836669,-2146.20121407005,5.15595690693092
3192.2920535693,-286.208913275474,5.01378401244631
3412.42888682973,-1321.29506073886,5.67751580401831
3319.81865265255,-564.692708521868,5.54159987965746
3598.36874052744,-2106.70373627234,5.72262264723379
NA,NA,NA
