3718.01362447739,-436.466414940773,2.94071388419356
659.714163077773,-1363.40366958809,3.0151507480429
3722.26560647072,-1156.74821366459,3.01487403202491
816.443617687192,-1225.4038659985,3.03328459763908
976.475272148981,-674.306928332408,2.95491128426086
2467.42874805329,-2070.36902493493,3.05098900722924
1161.97922219753,-1719.97557741579,2.9961876421308
1977.10946678583,-798.197436375464,2.87322420740174
4028.3449118296,-1082.9562908515,2.82440741561106
1195.54646209299,-498.04123929023,3.05660227364532
2594.05862283774,-1859.46957083848,2.9974161425981
759.309982646269,-597.365317856771,2.72324288657833
1608.73248643824,-1400.18660856096,2.93233882969464
4001.63792522015,-1043.36445362284,2.96346313695329
2422.88710173957,-2014.91044221073,2.94407710179657
3487.37180175448,-728.599602653207,2.97755425250423
3982.86487513032,-867.919307740904,2.89369769570239
221.177160266372,-1372.54437984157,2.88458361572753
1080.23047886055,-13.8415780952158,2.91509019780113
1249.12438849316,-1074.95087998953,2.94624042539428
2570.10591717002,-21.0569205024774,2.982633962215
1979.72847564561,-875.051324112133,3.02529700318202
2573.76844554459,-821.302865261543,3.05714994298106
280.761308661201,-1896.15396187051,3.00187278428339
1575.16732317641,-794.932667431112,2.89534667328307
1277.20378964477,-396.304880232336,3.10664541070222
1201.61885481187,-1374.15336024908,2.93884142977128
2809.56627904726,-63.249642682984,2.97565811360824
1790.30085040474,-323.960545126924,2.88035140837513
3487.69676767693,-1729.55215260477,3.06013467168875
1311.73155442268,-1636.75854804805,2.90544529217476
3426.21771370734,-2115.24307639924,2.80577959144596
2832.79278771013,-960.745791061703,2.98932202997474
3394.40477752724,-1574.60285585544,2.93281016519389
3807.10602999247,-1754.5221056827,2.988220833107
3478.02472405622,-1449.52755522835,2.98264889406346
3507.32626548025,-1918.06452161751,2.87794375718072
2837.47978517184,-1008.42446704376,2.95908097974008
3117.95030451834,-1684.83990897031,3.00458653228168
2039.05480339416,-1469.5365177763,3.01645924409937
2551.80600644469,-53.2718101203765,2.9629173334367
3125.92612749953,-162.672822084748,2.90719274489704
1765.81932891231,-1950.5001945625,2.90329703145587
3185.10189255807,-1915.81693938071,2.8756323398978
1362.11575140438,-1618.8807271683,2.9847591153777
1080.20304182855,-550.740277866034,3.03702761174127
3271.80670270551,-18.2944429116078,2.9817620097442
3369.47250394063,-1216.37306287405,3.04896871896199
1849.78292513981,-340.390477364035,3.06486028104739
1048.14576866308,-2165.55530688474,2.98149674573859
1044.97609995734,-480.161377985146,3.09351023178183
1215.02819617676,-1891.59670546675,3.14620067740352
3438.21492556014,-1254.52346894002,2.95885163595488
324.293108861104,-1909.67339914065,2.91111231671012
2994.62977086635,-1628.90938675905,2.91706919903659
4028.41331643849,-1794.48499178102,2.95199439095409
2493.68582455104,-695.596523484632,2.88702736431742
2627.65602773784,-1574.31834727877,3.0560474209392
2055.78925549537,-162.521892717423,2.96882951356703
1235.70110388321,-1694.2724840818,3.02251918775465
2758.01874448177,-135.10101018053,2.9625567085328
1720.8846972705,-1963.73226590776,3.08506090937735
2553.8695988427,-1415.12185855533,3.00573494717694
2214.90237055862,-398.70410475313,3.04240169788821
1032.60833937205,-1268.66938535762,2.97915508231487
3488.13116975331,-1315.07991528502,3.03488421315193
3224.01309336415,-1405.30447141109,3.17857315630623
2715.45061036528,-1452.62847209473,2.89439172820398
1670.44206511286,-1365.96941116115,2.95663932281696
3889.77579554739,-1844.60363444507,3.00339163181649
2618.25802269309,-155.485142661246,3.03201253178069
309.235384794709,-2043.16476099123,3.00101001408617
3796.65017438022,-911.935926905211,2.90539695828544
1357.23152510629,-1464.31847212568,3.02017179074298
1267.62915335405,-1628.34236825465,2.96666622815296
579.560539369305,-442.520327785611,2.90308032177828
3393.80215863047,-1696.808860536,2.87219396979669
1743.96630621396,-1807.89487306858,3.01234388303715
2868.22625312635,-1593.95514454478,3.02489502586775
340.82137404352,-977.356222282999,2.99492517072136
3350.38473883918,-907.156944374607,3.02004264539999
3255.55617082003,-313.103835684577,2.94776972116778
2259.90945096837,-474.081157446913,3.04170278762553
2465.11131722267,-781.869459719005,2.98846959067349
804.672692146243,-309.088695989795,2.92326620572281
1211.81101628296,-627.477415917353,3.12941920681473
1888.9941416524,-2110.86966679062,2.96622697278148
100.461625938768,-810.38352910874,3.04265752519901
1934.52090965987,-92.3986058850389,2.83337788168009
1613.41464904791,-183.310987454999,3.08379931537681
3369.01486530874,-584.808260039385,2.9162896913721
1156.33150146559,-621.052928847575,2.96251688394977
3287.06772801256,-1508.03917196399,3.02950627385933
281.563989258932,-750.65278172858,2.9326505245022
796.863014025588,-410.02498161309,3.013419489272
1490.37904820181,-1956.97730191332,2.97543817644082
821.785083363815,-2203.49089276054,3.08379131484018
1760.49720084284,-729.111963019824,3.07719869580758
3600.02697489829,-1735.00131630183,3.0197638154326
626.329846676247,-58.3213113924729,3.06839377631241
843.53700259374,-1969.46003443945,2.94572628193443
1899.58958383617,-107.938366919122,3.10350074893991
2327.92251617965,-297.268808451507,3.12132604321377
808.035769709413,-1446.19469531739,2.84258432683481
3215.38507763157,-2125.38850017931,3.0549540360742
392.178971160048,-2097.87673237672,3.16042207189924
2565.32984552501,-2206.65892432744,3.05301297393545
4007.6752610261,-525.808922360566,3.01194975137099
330.32497364786,-140.89216239473,3.05207694716418
1735.37447143664,-1542.47184983231,3.08216804555065
1484.4178278824,-431.014915757187,3.05008783795314
2168.98907521624,-449.721017825388,3.18108247131447
2391.16120105862,-1032.55169537729,2.79621557671419
193.874633773516,-958.588375950433,2.98392423961211
3640.58385080659,-361.412633925676,2.84314956916942
3979.59407672466,-1852.36013016139,3.03052455830097
2154.41784483496,-2085.21095016301,2.90762753904312
1529.32800138277,-1135.62287037588,2.9995334602684
413.923403507225,-1515.13768616202,3.09652432914339
4011.79292901184,-1695.41884069149,2.96468669094404
1861.23097795099,-1427.99687806488,2.95979382983266
1664.9197402234,-577.344711575897,2.98093965387956
434.965070124925,-1476.37177277971,2.9575607089465
2062.18440528995,-127.192083442841,3.09055960004297
2890.21544075074,-1306.54992020869,2.86630587150981
807.565883629984,-147.755560304782,2.99224086495677
2160.53651492147,-539.282062652782,3.09792757934283
2677.31764498182,-491.944655259734,3.02960149690233
1456.76491532945,-1322.01832967546,3.12844631047245
3055.29691071479,-933.940987515504,3.08494726010048
3840.6765455063,-1315.71827446287,3.03598371920378
3387.11491015859,-69.8896730127707,3.12960867595496
2564.70330017355,-607.61238723206,3.06919608021378
2403.57375716738,-412.401720700773,3.01545505109523
2216.37836791359,-1340.51221515894,2.95650372592476
2637.91544851874,-40.1411202322831,3.05773265823092
962.54135351085,-1060.12279580656,2.99296987268237
3663.7560179067,-2194.89519445645,3.21897008790542
78.6424121717636,-348.114159205423,3.01048411734688
2904.68492883513,-491.324971622806,3.25053465523106
3421.83391834585,-241.426954591853,2.99551490514902
3230.56484903869,-1096.39390593064,3.02381923141322
1508.03565580466,-1412.6425735723,2.92299791089001
3195.87065534504,-1592.07837383668,3.16905131614591
744.086120510936,-1967.83149183857,3.17663504344362
1709.22159838112,-1625.43324765034,3.03768922191001
1293.56867819762,-993.391373469304,3.0916587166861
1915.63938589453,-650.910249710711,2.9896004439252
1274.32608112002,-1800.46929795598,2.99575765866629
3064.19450822177,-701.195518175675,2.98933781672851
2495.89987760319,-448.897696192611,2.98289369096714
1389.19385291486,-679.138000910271,3.0747045484481
1279.94056152941,-359.364556242819,3.10160153041366
1723.95013593642,-1807.76932256969,2.95560303405059
984.907510119385,-1750.92944525002,3.05649438739636
263.242085334491,-759.843191735164,3.10295380110806
1015.87556094013,-455.949753965247,2.96356598330058
3478.00012436266,-596.137728604048,3.11564812646316
3884.374602257,-1489.16387757274,3.03203114043247
3915.9349848935,-257.964242122152,3.14861145324191
1054.61166049697,-31.7357572236274,2.95453336509105
1432.2669045588,-1928.55336122213,2.94578406847927
1839.50693089641,-2069.94576144173,3.05282007612971
3394.67404557197,-2206.71158263736,2.98655787752486
2869.80449294904,-1638.79603245912,3.12253457697842
1810.36261642267,-87.5581208976997,3.06247306885494
599.468072705329,-268.768526433981,2.95641039794867
3196.32959628547,-1545.27149869263,3.06075953641082
477.107225635584,-357.182871635262,3.21844592043655
2986.0206415263,-1295.90377520083,2.99268683373897
2290.02387747728,-167.380798629032,3.07385558419834
3597.63172689816,-338.285757196488,3.15700045204594
1366.2473240445,-1701.19810971183,3.01318961939216
2185.67544852482,-1570.95955636652,3.08149424567509
684.402308537631,-943.27266659208,3.28848971908725
1726.94618082232,-1727.06309298772,2.99430372748702
676.645112786947,-1553.09923876602,3.10669454528201
3903.6205137125,-875.047391857722,3.2080328751741
1973.24540753024,-1487.55414871089,3.15110792136965
2652.19416677958,-2146.30931643748,3.01597812172815
1566.95014960006,-1719.14015437157,3.1649309058167
3250.46911432747,-181.196710313123,3.19622110513725
3872.34881702378,-1068.57061700817,3.0200006557499
1428.22957728702,-2179.52155168865,3.18700095978995
2887.40962537795,-168.245174333253,3.06962928817056
2461.40424888067,-882.554588528641,3.05023166583882
716.322463086847,-1824.68851636921,3.15921781966965
3333.21181012521,-616.022769074578,2.99491939253206
3049.51740791678,-1328.94955199833,3.04489980525901
775.988451264264,-2035.14400896412,2.98670733634231
3302.75376615155,-1090.31523850722,3.09441519457601
761.163932290052,-488.016404641074,3.11818820956946
3559.77596027945,-1872.92314133395,3.15146202973241
3543.40801386656,-451.90461874125,3.20948439946909
3291.3723442287,-1033.69959439407,3.14120096090793
576.917122969301,-1933.01527335386,3.16848961136152
2572.34390676221,-242.161300643139,3.12996182610484
1767.8258723471,-1887.39911923014,2.98693564996395
1652.17715904933,-963.008700280176,3.07202860001012
2433.07958154989,-1954.03643890943,3.02453346221832
3255.27065316368,-1295.21183659129,3.1982587119553
82.0113400765925,-404.489014137866,2.98754426263517
1765.46889427121,-1495.90977667552,2.99630679832727
1827.31265184283,-191.378486691842,3.07946097780276
1837.88883914553,-1845.05850726009,3.14623638217338
3598.90446978883,-899.090831056545,3.05355477090345
4014.87222762535,-638.659190007744,3.09601410239165
1026.56622964081,-517.907813370431,3.08989723297585
2622.11556144626,-2210.62099851471,2.89825889520036
2604.4250659483,-222.012724189913,3.11258065313427
1507.66466572679,-1772.28693959198,3.0822940496754
3039.85529053738,-1854.68382655765,3.08854362907789
1994.83245101847,-523.924208530164,3.06208655298038
2498.04297445641,-873.949769248373,3.20511947105452
3122.14837132822,-743.332321694811,2.99662004568672
1467.34711611873,-842.714442628239,3.04265441077278
1176.99390385914,-1378.53741156413,3.03792535441586
1483.1062412318,-1462.99443320361,3.21791027848909
262.941521495651,-407.174792968352,3.11932481026053
1704.99568601325,-668.324115443733,3.18518469124429
565.224546311946,-1474.63035114288,2.91820918855918
769.990938559398,-899.200059545079,3.16651263081567
108.878714408798,-1436.22081421618,3.09555575584656
2950.83189790391,-153.082189600479,3.08412725851362
1995.21787914931,-1868.28604131542,3.10204111729494
1902.94808422395,-235.599411361045,3.15104261711297
701.31190056953,-741.982273566356,3.09604342262296
2664.0751687627,-938.0118190902,3.0890672394413
3318.02005664846,-532.099604047722,3.30849502977144
1347.22059629435,-901.192783261761,2.97583123787856
2479.27154668695,-641.276976175765,3.09653115620982
2568.92417936457,-1625.85349576141,3.00347173040174
2365.86440010655,-1729.79398286625,3.18321490226667
1393.98851512561,-1606.19623056616,3.13754555887938
1275.00301115928,-331.6288102861,3.1049393888039
438.570016872312,-1573.9193686861,3.19567876242873
2266.6675227797,-1646.16960923819,3.14626958673877
2392.56092371675,-876.574316430013,3.16477858444452
3688.49281850151,-1729.01251033909,3.22054067344971
1425.71844820997,-2047.34651722018,2.99242683304549
3235.42195445632,-2017.45929253321,2.91481805412282
1223.87722499498,-1027.89329007035,3.13725641781929
2170.68762291065,-925.823332283536,3.22890396983578
653.310243960452,-1217.96456454856,3.24181173832706
2464.66932605644,-368.666861490392,3.02146272251996
1928.17295950368,-1557.99533107428,3.11316127359884
822.238526414775,-2005.70952126542,3.15942433334269
2676.13849769602,-1664.45892614535,3.14393214949273
2941.13829851073,-910.587005797395,3.01219350095914
2733.50776692558,-1711.05930061714,3.11521675238944
1926.78654640018,-1331.83690660986,3.14214630257694
2465.17572850111,-178.478455201356,3.0897532856929
2206.21801302077,-451.419348811972,3.11717862172021
4036.13287040134,-1760.72345469883,3.12568818424315
2496.78794814945,-853.614335789082,3.07590994001486
262.548001318578,-809.009300132582,3.15638820017381
2564.27032156949,-918.288783239076,3.19438960681405
2677.36490271633,-672.85959495801,3.14598991860691
252.445529729867,-1469.3813243162,3.24036257337305
3779.010582064,-651.633033703845,3.01059082822304
1604.56120754483,-300.592603047999,3.26120116152614
1620.09858282796,-2141.53031242472,3.10743309012701
1606.10031886007,-2215.69356613706,3.05821491814984
1487.35728869962,-379.112048570232,3.18649918193338
1762.44866498413,-282.750138889098,3.18440239559257
868.209774535682,-1326.64329620784,3.24555220132832
1825.98575216898,-41.3454385413052,3.21249029977175
1452.91758845503,-1237.59915338195,3.23646053424638
478.142776126854,-1840.62946684093,3.29556769169439
3667.69103322042,-2019.65021401617,3.13955682604032
398.342828519071,-1195.03437386217,3.23148444385555
3489.27453840008,-1340.94057480234,3.32162410796808
3791.25317937688,-488.326811804438,3.25068947256475
967.147842275659,-1430.03582493627,3.14623858962405
3367.73446279225,-296.811396762614,3.31246688295277
3754.28153172722,-1693.43612370754,3.22088744751376
3190.28124926654,-68.7386657777304,3.35027193947123
2254.93222242322,-786.10211601733,3.06427295288723
1398.65735941044,-711.522929851893,3.19627645071047
3654.77445692626,-176.422042180772,3.05485132787008
3572.33672226423,-1364.12537809579,3.17850953941542
1975.90261164319,-945.714983191924,3.21093222789829
3986.5790228085,-1138.4897117334,3.09908973119788
3102.59277498333,-922.459260777102,3.15204538798574
983.963101087908,-994.510994028549,3.25751795869176
772.452111953618,-1336.92703430756,3.14649841077381
1278.03414675041,-1103.01907333631,3.19918300572852
3029.94713423254,-1545.76878989399,3.15054106829969
2564.28170546441,-505.451095472086,3.08142761575
1856.6948493648,-1954.89509559178,3.03333214206401
2195.14822872916,-795.051346798456,3.05567927281084
676.807817958938,-44.8123985099569,3.25455854973717
3956.34511145973,-919.132377328888,3.19736575506674
3834.39726721411,-460.360527154285,3.2771523562843
2999.18575258762,-660.331705581909,3.19230290205115
4057.0608810103,-623.441308854599,3.08344152356869
1977.33963134855,-13.2471051609847,3.28583688326978
3664.4116044786,-311.826523758253,3.01179630853748
2786.70347397616,-209.928690697717,3.25991693897356
2768.77208502577,-1871.15629395455,3.21037684021628
3934.12267750241,-1999.73710316243,3.25776120195207
1342.34361877204,-2011.92795737355,3.29185369427774
1089.01004107048,-364.652912864751,3.30730637343983
344.890990282313,-596.170404630198,3.18439503104452
1914.72883038047,-1796.18013183141,3.18396490457287
931.916653954096,-771.841643692894,3.1566579874406
2748.21498034228,-1455.26842315856,3.2841227791556
2737.34158222285,-337.007822591605,3.0049974618659
2085.97266671412,-1577.40142360891,3.10460179964645
4044.9758296849,-640.136202965773,3.14832008679578
3717.30725019708,-1738.37962957044,3.19223357559541
2187.63856347053,-1669.98534769337,3.04559711718093
470.948904241342,-1400.12929277362,3.2325662216048
1088.82392890476,-2056.52585991138,3.12855076685877
3373.65107990385,-93.8288548797159,3.16121851574723
3468.21398395952,-1346.59978081211,3.01491867506618
3426.75096641575,-2175.8765558151,3.18475176139372
2745.23295397223,-597.375445953609,3.14628905534256
1700.34141873565,-1329.90129776631,3.15825548354545
3162.224687729,-1936.84611330782,3.21495549613135
3386.62727054876,-467.254107614257,3.24643651798551
149.737623903317,-105.150552587821,3.1154185880197
2612.54019130431,-1977.42970677191,3.28607389356032
875.15904376133,-2086.84172849198,3.14886472100646
1166.13573003932,-897.970137727979,3.39396113138784
3482.06367268031,-897.611451482796,3.09282703470583
3194.80659099064,-828.279034300064,3.3163302974359
1100.28294360383,-1326.90885427693,3.2119832474056
3325.53206496003,-1837.35928973523,3.24803754441371
1963.44429070658,-51.2348953267034,3.17283283320116
2906.26507820568,-746.681980094858,3.17162068247803
311.272315633793,-1532.64443483089,3.32186723190214
1782.77913046147,-488.430302474516,3.31713770690927
1492.94115463661,-1787.98565208942,3.21172973563039
3945.45994014678,-847.621846228233,3.09086638906597
3808.41305947454,-10.3431533414191,3.17139105799756
3621.88481300305,-1564.79974506607,3.22282635141283
2439.89523951108,-2139.310239794,3.33284237865685
2028.81625814738,-350.784218118593,3.25095464164847
3010.80746143663,-172.229417853668,3.2067425117145
319.128107644047,-100.475532986923,3.26094413760627
545.614194061574,-1280.54056028532,3.38934002653916
999.387471045409,-1700.08993263396,3.15306749171207
2806.52617047547,-813.100997331672,3.16130186886154
2702.17102019699,-191.146545308359,3.38750075723935
869.412864045033,-291.146494627919,3.25972134975343
1456.32961370882,-1748.64582030251,3.24297250740682
3085.08941815836,-1855.88364594562,3.21634327932051
3552.16648043373,-1161.3276267419,3.2961804901521
2533.3692142397,-183.658905377334,3.23946384148544
4052.33202262877,-1620.2150972926,3.16652388438227
826.91909668484,-1919.68321773524,3.341726547963
2638.8188616005,-898.06962073034,3.2192351887901
1038.08095308158,-1501.362703801,3.33274569942046
862.876117414304,-259.553740209023,3.11590196066303
3685.88165158574,-2012.02245047943,3.30116977116246
3971.72843762126,-621.775957348709,3.37743401818076
3029.16950585328,-1843.43428117503,3.31384840002071
2795.30938582518,-2119.14909523842,3.35849390056366
3219.95263735061,-1830.12655870441,3.33292377419777
1075.60927917232,-1289.9108878099,3.42771450714087
1880.44633166252,-36.936226179702,3.3392286901904
2512.10698210897,-4.467529839752,3.37578004704246
1508.25702042753,-898.35446970525,3.32873467288357
300.991048882719,-1947.04283661363,3.34187321330785
2337.25248875146,-68.9450622089488,3.3629794037807
893.63638246308,-1981.30667541527,3.22341035068539
3429.61051742774,-985.198908080477,3.18355768813863
2185.20309033066,-2048.02656054788,3.28492866142708
3698.15821573815,-1881.86228536771,3.24408762110935
1480.06454287185,-1969.30233283861,3.1608441398683
2492.26199418359,-1482.97065896001,3.30692626146541
1986.11486870953,-1510.89512200983,3.31875596678335
875.114828599567,-1145.51484467156,3.35444238706736
3556.29662704593,-1341.07630237675,3.29799413359995
1095.95598019176,-1515.04382645185,3.45832073011645
2924.66564426068,-305.065461633393,3.27761209420676
133.165851284317,-391.588743157392,3.38240294212011
2398.46172918875,-285.722620649146,3.31622297103058
2178.21180070114,-1421.42786712793,3.27263779843864
112.115536139078,-1502.02224687333,3.27968464053456
3792.7580216533,-1029.71969743478,3.15866428211087
3954.39135531849,-879.251975353688,3.18992058347844
3301.54286397065,-914.638618664011,3.44074957720275
2348.53571930738,-715.023572563191,3.17762074171413
2359.617388135,-1861.1205488944,3.27582813132688
2144.8301035529,-627.366940137302,3.19623435341366
76.2482071705487,-490.054449262894,3.3281886595521
3575.83638399714,-1191.73008942086,3.38542773412521
1901.24193250851,-64.7743686116828,3.35367524644504
3617.82204220673,-1513.03691319342,3.15385151882433
2052.19480047499,-354.61608204651,3.26125550019029
1354.83793613623,-1323.08784294322,3.35657893564821
2326.13033528683,-1807.55059740413,3.35609429235402
433.402219688585,-1367.27898677131,3.42350907945043
1474.9364387689,-899.829296866902,3.3169984116047
1134.13614674912,-1224.50348154429,3.31386487370917
3163.16742125335,-1766.33815924041,3.44782387460089
3183.66923759267,-1870.49464003549,3.30461986945243
1042.46675296268,-711.161726640552,3.33205216371486
3189.38209605484,-1435.26425142835,3.34693688031168
2215.77280972402,-1684.69592909697,3.19151997455049
171.811592835088,-770.567469279511,3.30815582209923
2743.94876713997,-1642.00040982552,3.47184478241858
3259.53242397694,-69.5426090255058,3.30806003745679
1165.34218804404,-1145.52172543306,3.41531868392778
2925.72389864835,-745.188039529144,3.2662819845478
3240.6851822331,-799.845503835007,3.24067332247859
263.418767627674,-1354.09854888663,3.40890845524511
1780.34925105381,-2100.26686195382,3.20994094861525
2114.93439073079,-1136.45195426552,3.38001195799669
1987.28700535453,-1651.72769796422,3.35315048678305
3933.43522404509,-1450.6552699241,3.26354060829277
3908.69373237709,-1267.04825874485,3.35425393688987
1688.36545208702,-774.077700408798,3.42994629395074
3031.38145125753,-189.465354172305,3.36344879617966
2165.81873720348,-1108.43007234883,3.32631021129305
2626.9095993133,-1619.7779426942,3.39176135682513
1988.98318889788,-2177.86554326484,3.45740314530128
432.388661404334,-1740.29002632445,3.34756819474836
745.187208013584,-1885.58256117095,3.42932393633812
1698.9179045489,-1478.54428263534,3.35966204696351
1155.54120634315,-1007.50723523076,3.38019631852878
1301.26910361264,-1048.18592068348,3.3181468493996
2424.87504589613,-648.95171525691,3.12508033714226
3415.42308556645,-1787.41207599877,3.46228947764064
2315.53765885687,-84.83820287668,3.40152833996387
2086.05215936777,-250.66486741845,3.4362640343359
2643.1442817604,-678.012837590903,3.45499073714958
3379.88662235344,-1531.00047881665,3.40584323355817
2369.52412283395,-1678.12174101965,3.28318852187974
2786.14408764881,-883.073065961073,3.35218293484947
2921.73319269129,-2211.81506821041,3.45684359217079
1827.89718191518,-2001.83657059408,3.3830679531553
1471.55046300142,-869.892117487926,3.2833195266035
1790.88650934416,-684.999357800636,3.3537782475049
482.538785642867,-611.278638648597,3.36941917389163
3489.00422049784,-1206.86137423357,3.40248918062576
1952.8866028467,-1442.97831091723,3.42338328016621
523.776098466953,-196.261806028408,3.45681169460296
3659.4246403623,-2133.13716438863,3.38802379064608
297.058063008085,-341.179959152419,3.45969678837962
3688.86898874692,-617.069181793652,3.38629416054913
3166.42316291389,-680.74857749353,3.41875077830194
3428.01008378416,-1198.86705492814,3.5166942045823
2216.73722687244,-595.660392207326,3.35771264264235
2128.09729404659,-233.646590255655,3.48390043307991
2680.48980695524,-103.312074294539,3.56639899735928
2180.42692502593,-3.35869290863056,3.5004275050752
3156.11380000834,-559.389229795984,3.26026658774481
175.075440919795,-45.4238430242272,3.43355117609634
3278.56520224728,-1549.42028629728,3.38728694924911
996.078265483505,-529.802930985246,3.59903194618472
3200.51697489656,-279.296133325951,3.60050007020675
941.891530713263,-2144.95474122044,3.43699959389751
2954.40862531257,-567.584244545504,3.45270268088179
1880.53963081912,-1339.53930868032,3.46535190499557
3580.47591574509,-542.893246079201,3.49859446829408
3635.58976132919,-1084.89028549511,3.62960729231948
3032.34702632411,-855.113748627521,3.59029532503325
1686.48115032276,-874.363983804342,3.49290691518847
328.750230182086,-680.923273251353,3.59157930425346
2823.68040658168,-2099.48166123011,3.57316783674496
3805.41823187404,-741.245409957868,3.47202618374479
2468.65900065585,-2018.20728772926,3.48618411742509
3725.39825296949,-612.086181788983,3.53264527377398
1812.94818754143,-516.059429347375,3.46752099583175
3095.15725489313,-1455.5329855469,3.33692102391106
152.240754465608,-166.728612204348,3.51025550282483
2790.595118025,-830.47631087887,3.52515359431877
3087.48898534217,-33.0882800246305,3.69777807721277
2066.61887878706,-682.758217920725,3.52712775575308
665.209716271332,-1455.36702583902,3.48627691093202
2824.42725881967,-1098.87994766289,3.49815730796494
2347.46948193393,-118.140033541856,3.43860869071231
3633.99240067008,-2190.9142755789,3.44803596711604
3295.85737973054,-2132.73147708898,3.50714811695179
3180.58361094028,-98.6546291899559,3.44680503626715
2384.01331311855,-162.797949126507,3.59827204072594
2285.86888147704,-566.115935265879,3.41608448952626
272.790896454916,-8.7172118033176,3.66348339103401
2345.56751139047,-1410.97260382134,3.63649096776386
3284.45938246457,-1760.51528360028,3.69697633597205
2566.00745024892,-2027.87600306971,3.63502623989377
2313.10810014014,-1962.3347895074,3.49444954866965
1254.0105769184,-1725.48617164437,3.57953182694505
1840.32799307543,-1359.94072168323,3.66850443950358
3842.95860759839,-1667.77162245458,3.599375865765
3474.59081146763,-1029.55231217135,3.48732550215279
1874.021609452,-1380.17455845494,3.56365321809045
3353.42937676705,-2197.03016863096,3.62253287653773
310.424571596037,-1335.57599416552,3.69295884197175
1944.95564621845,-608.756104186574,3.47760984370305
1490.12159910437,-168.814842538308,3.37577896598976
2994.10643939625,-1443.43737367901,3.59886033220599
4042.31287907936,-2055.91256334362,3.63548127376887
1309.32929559538,-455.69523390859,3.63018566476715
1681.89762769341,-2161.90438922074,3.57695990216003
1532.16840106218,-2127.27663166918,3.68625333251865
190.419136603039,-885.904661737135,3.43289860798997
2473.49998047124,-2119.44895444079,3.77423899125613
1782.86684928865,-786.070103557499,3.48884827093958
1837.25215263234,-602.790182895808,3.68097683967033
518.606053123183,-1554.27910944245,3.80474875223854
2729.48089252802,-275.910104323584,3.56232274835259
2356.37745670592,-393.928381337345,3.5913609955419
1279.78189602397,-157.495084478742,3.68745555918283
2826.13525787998,-1198.99796728057,3.38165033201418
2136.96397333,-1291.11524432078,3.73733171838395
562.424570042374,-1912.91704857376,3.59913681424717
2054.54609127765,-1823.98275633097,3.71661875620707
2835.50581826847,-1583.12613387861,3.56392787430704
2967.0900803568,-2083.96936845109,3.6441088440883
1185.75688081229,-8.47596004979729,3.61906431365858
2295.21480816792,-1088.12182747537,3.72285972165253
827.495355458537,-822.432957571787,3.67064607226134
2547.33852948977,-2157.90999784953,3.69621291718923
64.3157915025043,-1515.81123004249,3.69776807968154
3895.48725446603,-463.894457199447,3.89185408286378
2835.72906156663,-709.801754491432,3.70128014878848
3724.31842796714,-685.610134863087,3.71623055947187
1217.38144147647,-198.463498071803,3.62557386685202
101.765876358109,-1325.51360517613,3.73884790090401
998.94796212365,-1163.45347381315,3.75686795699541
2381.7757767193,-1348.66228858382,3.82878155621951
3253.38946160041,-1127.14328076472,3.87680286056337
3001.07297790454,-1672.91882129892,3.87607963017765
2278.80160605174,-299.387577905815,3.79522600350619
1004.52535105905,-898.091352254307,3.69255034047938
1512.94826136326,-1734.14720652742,3.75136100889212
3131.30634140836,-1994.08758267737,3.82632644822519
3732.50012552427,-300.014832619204,3.91689814812479
321.419116531926,-1732.54042118113,3.7815760760156
1870.29000817274,-1997.43576458148,3.88928085602829
549.285209741184,-848.892146996369,3.8798211952563
367.319564104637,12.2281114721456,3.89740544162096
569.070385106148,-161.571713291033,3.77761018764464
3062.89827184567,-760.873176824722,3.85283939988659
2704.00835703163,-2037.48301978546,3.95316757196001
166.016331682804,-306.431459934838,3.75306449794447
1356.87576181623,-1042.38590543293,3.7621510223547
1599.01706058723,-1326.42835406625,3.95148545022679
356.943280203763,-762.87247716152,3.75138908868052
3755.1807867494,-1027.04667714372,3.92909996555264
2876.78926346512,-8.56489587214756,3.90324574681018
517.298676729703,-119.867545982544,3.9214637048975
2422.51977603359,-1001.8354737276,3.79583302463666
3346.86423336765,-1360.4164825473,3.85363121726941
2809.82582782664,-383.896771637038,3.75682202618626
256.930454928999,-698.552553220714,3.96277874941018
3781.34462751404,-1518.75330839756,3.82120952182893
2463.74243058897,-312.890242863568,3.92362268252878
1089.90409368887,-232.432332670824,3.91845262813337
3020.0791123935,-295.05558329893,4.07564788471918
1947.9603017596,-220.265067007165,3.96695088230022
856.78497390848,-546.60471393375,4.02245340478618
961.790819704465,-274.469851164287,3.85901091353567
102.81921720208,-1096.91482580369,3.97958574527662
745.240709133956,-1136.53258365001,4.03900529095489
3278.46294784845,-185.951443704527,4.0229209090104
2986.96450973262,-23.2863852340043,3.85133147075437
100.141545922742,-322.692397303431,4.12833959784073
1146.21218047369,-2219.0595561811,3.91087920924485
3262.05591428011,-884.95533522515,3.98431072723506
2598.81033768825,-438.241299699121,4.0409118592247
4001.16451504317,-1311.58116710114,3.97843024901911
988.995672231169,-1881.10358092396,4.13029004607078
2235.84666957711,-1981.57379532422,4.00269004902218
3310.57061461656,-1907.02413190405,4.01869785654127
1759.70350219603,-862.91522478585,4.1988116531847
2943.50307928291,-974.38512201734,4.09202804023172
1572.49801795106,-1081.85804159642,4.08579065452719
3318.3220011086,-250.293306404031,4.32366366775227
283.153266647509,-545.407757350601,4.25773173919963
3086.95105769322,-1947.85367513278,4.18971888910293
198.199459071707,-392.593097756872,4.22071166847353
832.09645029012,-1351.30064753407,4.24641662434329
3764.90065925606,-1434.35000834088,4.17438115338847
1249.45235476077,-1523.87993427166,4.28681500553918
2728.39012605413,-1966.14126171916,4.19875548172518
2439.52691754025,-237.390558605856,4.17301173441376
3455.66296023884,-27.3015498233336,4.05923958214796
1239.45694746189,-807.12526598027,4.28731597792909
2586.40893830377,-734.043339927605,4.36206511939226
401.162428596925,-102.784283275179,4.30564485638752
2340.48769285259,-1812.5398250692,4.42057330810081
139.588608615558,-1175.9809824823,4.34858236347469
2543.4683127987,-1930.90695443972,4.2609407723321
458.003190283344,-893.142469072951,4.44458652993866
2101.15862326026,-21.4667841109286,4.20275996094868
1264.30560834129,-2159.22603654499,4.29661384824921
3046.80825951085,-833.070979420262,4.31935164895168
2284.79387979528,-348.256293986304,4.38596039922156
1825.79383098068,-2149.01806092096,4.12026774827426
3449.10578948389,-1654.40221157452,4.47257872057302
2483.91528029156,-1329.76585800606,4.54438709234141
2335.1927631045,-668.615108725324,4.4563970561998
3342.20010881771,-683.9905058498,4.56006300188931
201.251104012811,-1263.86261597396,4.39507616503467
1723.67571062961,-1363.92892611688,4.50238888194929
3957.2135222469,-1398.07055831143,4.33857696311469
854.526391152334,-1098.2516909437,4.56966856201599
3045.51879210071,-2075.05771850756,4.49749863768122
2057.37812587098,-1401.45584149742,4.30920494021352
2926.81205210196,-2036.20381178082,4.63074850189511
3128.04155046957,-1080.9811316802,4.75623414371395
522.600233929295,-541.514069959513,4.91410029745342
2573.67561612908,-1605.644473878,4.74749639980658
2987.03303586978,-2161.97946329248,4.4628411883085
2907.38890526381,-437.191091579612,4.79718253489868
3620.81780651111,-286.816689472115,4.75062785519934
1125.10773620622,-1429.33972970954,4.80356596825022
1557.69303623156,-663.135142433427,4.50974371795293
547.211421044671,-1205.04004128144,4.55129666331859
446.379957432919,-1292.05204252996,4.52731050374239
2174.154312247,-1872.26460880023,4.83511088968121
2670.62380122651,-2104.94785671692,4.69300569758476
1355.52388481948,-643.437651081814,4.92525204852274
505.202104952408,-2076.32706029354,4.76651282889628
2961.33820254748,-1952.34455852749,5.02125966677461
1934.42741024092,-2185.3351961587,4.81691328920887
1118.73339166411,-1977.46835530936,5.10421318509992
3208.76433901066,-1250.74209484369,4.64875668200729
1686.99514659669,-490.246863017418,5.14265706924792
184.822665615371,-662.511723652576,5.22197799708928
2993.98776604932,-1188.36951067602,5.29446312975474
2883.3367200465,-229.982784072397,5.10600231829644
3450.99236259554,-1331.46051371049,5.3947479646932
3303.99617304267,-467.657618692599,5.14598437641569
1535.55637107183,-1001.98582363043,5.25969785262059
749.28299332131,-330.745252770527,5.46660944502404
704.699598339764,-1665.10290879194,5.42358895611754
1408.32562984509,-1171.50466131564,5.46936950962599
600.123159255506,-1021.5276322263,5.71386196315312
3642.07308558871,-2105.08813431438,5.69000183162266
2621.20222761726,-1077.14551911551,6.12495797469131
3383.43976947707,-216.678810503456,3.13041360150979
3216.55685875956,-112.096962739131,2.84040190258032
2713.78602078683,-647.958977348269,2.74281023947496
501.795619258203,-1900.25994154361,2.91089176194481
2089.35186756196,-2162.83331378214,2.96751212782318
3556.41448611431,-89.8328652850857,2.92878487154207
443.412401906361,-746.895970621656,2.81695746696224
1659.67133996765,-447.059388792276,2.87286183178285
2348.97934743852,-2053.8999193977,2.95099773428181
2981.89399446934,-2033.29582156262,2.91688787338863
2671.15520048686,-922.660260544183,2.82276573669558
383.16306787844,-485.165349698305,3.00800881370063
2641.07014292758,-333.116087156609,3.55724047485644
1808.07690501243,-730.819303474162,3.2182284973502
1586.24171220148,-2063.57067750233,2.927600293685
2640.45114332564,-366.101054397676,2.80532599207523
181.987652833476,-620.940500152005,2.91025287055074
1724.47782702804,-969.324938760357,3.05061343184628
3084.90313649135,-1084.4831225898,2.81888186496452
2456.32524145535,-155.016364879959,3.23317287094652
2175.55456370798,-1319.13684773744,3.09866465980586
3666.77828220893,-120.881494466121,2.90910007109102
2215.52019371592,-47.7873092335212,2.96452676773968
1697.65741133358,-839.616317540683,3.01722953192094
564.351965903962,-1495.0932287419,2.66949915773564
628.178648973343,-1421.46684890768,3.24440011192406
2681.31261741583,-30.9207148341926,3.07946193239253
3180.18435558953,-1607.32351645765,3.06082526207427
1216.04170753512,-1932.20973749168,2.93186252194923
3752.89056493696,-1726.27164870405,2.87382812878165
503.348156057428,-2159.52363843134,2.82557664034142
1434.63833244258,-1781.09657224987,3.3212339713333
910.301369523926,-205.259183000485,3.1449294607473
1137.74099479844,-294.760457472018,3.04563284262876
2269.33063101061,-494.184376000576,3.14173369803231
3261.57837463278,-363.126480517307,3.0083595855265
2381.5151967498,-299.584270472365,2.80481538950221
1499.05439090667,-1001.77719386477,2.97735388183873
575.93697415088,-209.185516594901,2.86513753842204
1615.89835634734,-1083.99438210517,3.0190778026945
1527.15616521211,-505.456373768295,2.92918821982244
407.196913479954,-1037.38540461562,3.03033482747113
857.932281145099,-424.165271480234,2.89464106610308
1798.12495215637,-200.958250913149,2.99261792985465
1428.19141330709,-78.1920301388111,2.77893085012275
1601.46108646219,-599.051239363777,2.91983965492378
3889.64292902577,-1303.90675003596,3.02332896397264
3435.10730563362,-254.581533060068,2.9596572533202
953.493262707519,-440.094344852695,3.22569090476385
3428.86643545347,-294.356267203256,3.17617279843363
2411.42186717002,-687.991925733317,3.1740542617252
2883.05724319392,-470.485187741774,2.76562196863451
816.428532949044,-578.634034225773,2.94877156034265
589.733833072485,-1505.91646476764,3.02113500056688
1459.48650033,-1716.34844619259,2.9876245948733
3429.47441225796,-821.464600179691,2.84442201283726
1121.56755515758,-968.151099224344,3.02258239215553
4019.8964843308,-64.1118925063549,3.06123022838314
2313.05668258931,-991.980226810347,2.95335445984932
3539.91071935433,-368.272644612948,3.13167734371453
1392.59876365003,-100.497090496002,3.40204465452221
3386.74597098807,-1963.65709840898,2.94705001733673
911.674431956761,-1528.51400485248,2.74064268746877
2014.37618106655,-462.937746593591,3.10562647224935
3176.99213043515,-293.330426015549,2.93441986453386
3506.11996578562,-527.496065341529,3.0873766843134
242.294509411583,-112.001119613922,3.23672541031711
1033.6790866829,-123.50267340302,3.00517126995168
346.579856255742,-523.098420834239,2.90230712508314
3094.89838880589,-1799.10018210104,3.01547614471631
3907.62803934966,-5.77839525461221,2.93453668894639
826.272532745074,-373.835801994687,3.08281768773586
3142.06151851528,-505.845500056767,2.89991727033883
3730.59168353445,-338.686984507684,3.04024734567319
1320.95355156136,-379.395384172234,3.06608909483327
431.927738856048,-1876.10167013873,2.921341074067
2273.41111939776,-707.218916739002,2.79683246452464
4002.35236807534,-99.4948892782721,2.95219751860248
2079.00357760715,-348.041926369366,3.03056903958473
2116.96776997129,-276.272279624953,2.96763364371469
3530.89404241893,-881.942785474303,2.9575458094917
688.378817465119,-81.106538091768,2.94170516201628
1148.94675883684,-1447.21805138137,2.76340306629638
2798.43762112227,-577.056567853809,3.0083441357814
3611.46508080347,-624.189650169107,2.91340526699672
1633.89417509558,-2134.42719409577,2.98566891058717
3166.60526392198,-301.22398025166,3.00480183994916
670.84390488333,-450.950353427776,2.82866242782872
3359.04466854182,-531.479694344296,2.92069157970206
2159.23133828908,-567.160200648258,2.87451448488505
3045.10783927465,-1640.3739848103,2.89063649778299
2035.85303656027,-68.2199197340889,3.19125560446866
1287.03845209236,-2109.31409225003,3.01395629826283
2768.66578115443,-1937.22257784566,2.91231360838648
2741.86188267053,-1838.90311729148,2.95581390928826
3574.45085292377,-1896.39977745925,2.87102520221486
4072.99534834682,-400.645204094283,2.89055715913341
2592.5522755617,-26.2282609830228,3.09557227461033
487.882784593364,-1471.47369126638,3.02058300191305
2450.94100644586,-197.712956305353,3.19457723127323
1113.04372207731,-216.133674982045,3.07256982684258
2202.93442598228,-1652.00556938272,2.83921579379107
2037.55925293162,-269.267811708607,3.30916753551983
3123.19947315965,-443.314513801324,3.00668119532163
1922.68184147405,-417.386043473201,2.90076801044846
1449.46244452055,-116.494932445598,3.20911993826931
1314.18883045092,-1414.04270614232,2.9564665208596
3210.29759798502,-409.481877066946,2.93706013326685
2016.42464365613,-1696.58325510385,2.81592888069277
2333.9366699784,-2214.52840150815,2.8973735246535
3111.07607095015,-2199.57057188419,2.87800072414991
725.749620415062,-1026.58780934318,2.90144843494003
2977.30224261474,-332.313105861755,2.82338295795147
3530.71812668307,-1671.43537702847,3.01216500531197
982.522774094333,-40.1245513576856,2.88774562486077
351.217633531523,-1457.58724163001,2.9053735012044
1492.80389729595,-1217.73236227764,2.99674150199936
3353.88736876328,-1884.57574997962,3.02993405746465
1131.34447119598,-60.2405692093112,3.22311235276818
1208.39359936202,-1083.04202554943,2.92125780367042
171.666242863022,-256.850747873596,2.99631961250084
1333.65561773924,-1652.05900385557,2.84618970031283
406.986179974564,-65.1681489996201,2.86199183400701
1543.20825451253,-234.639805993421,3.13682876834161
1200.827436103,-100.159952981263,3.01829557983117
2397.05171169824,-563.747422675276,3.06604058423487
841.823147671508,-186.4240143958,3.14805796114317
2486.45665414891,-360.798135921588,2.93067066395603
1565.48847973282,-200.148582640486,2.79021181922965
245.624570909938,-1728.91584218554,2.81099481884311
2026.40441376091,-2206.30411598756,2.97716501838789
581.146395787012,-945.791894383971,2.82518510943596
192.858554662574,-1643.01391236777,2.84094988459004
1310.40270984033,-2120.67178601445,2.82616413617948
1161.54830423927,-168.367198176575,2.77597969179964
1786.75743230907,-1922.08191868101,2.85085892450974
3268.68794363431,-481.915661983537,3.33411318618728
977.422497968992,-1549.74296809405,2.71689876585636
694.465814538077,-820.140375890403,2.90131935332557
1513.88658436102,-403.967776447635,2.9498115529816
2996.84445053186,-1745.39691883388,2.8727899222291
350.376454644731,-262.523628882513,2.82164145834593
2270.56065552946,-190.864382399929,2.8213419415319
2997.419508243,-79.0420147824449,3.06329992647564
1415.90425880373,-219.986613275227,2.89346444148277
3435.56811345524,-849.463889116275,3.14177270234635
1182.10983633513,-506.98321079156,3.03058008131906
307.94365706369,-19.0918909983301,2.97619407812442
1065.14835411257,-57.6389793076884,2.73795138487526
3300.47521991135,-467.935001331617,2.90445244589981
1863.41659798041,-16.9088864304063,2.81885544439352
3333.47684774963,-638.604985832174,2.73642713325308
335.474957013957,-1587.69438331003,2.91477404716431
2417.38788545163,-54.3155051898125,2.93666213470062
1119.28709945227,-2186.86883846525,2.84739893762194
1222.41125600301,-432.149342378214,2.85476217310011
3121.28441730487,-1706.61632864764,2.8378706556447
3337.5777548939,-878.715270458162,3.01186612669009
3099.98718256535,-2110.58892936708,3.07288308950945
956.404980758731,-2123.00033319966,3.07684040339811
3500.30991446093,-906.049677296872,3.04153069976467
549.540779253265,-2124.16637428145,3.18550833928465
2509.77127346286,-438.327596499708,2.97777047723809
3896.69657423593,-371.090792424109,2.92296046993573
3448.72636528897,-468.603444378297,2.89263853571498
3681.24756796966,-493.035992999366,2.94509058501775
3709.53257042283,-2010.55982574617,3.13897368653057
2965.51902957878,-1379.71273292212,3.01180480686255
1095.45530761725,-105.942130831687,3.12400411871291
2497.79795989421,-1932.24954223566,2.88265788726628
897.043709077911,-94.0315498597071,3.0670050339696
534.381419397656,-138.497413833998,3.00448423497432
2844.05532249903,-549.352892336922,3.0941206159485
2088.91756098228,-1960.05837870402,2.90059434521401
2602.86342071692,-1949.97357969771,2.93646566903144
164.89638296355,-1528.77369164793,2.96144831108234
624.427969462312,-1396.64702549459,3.03063664961494
362.850833269667,-127.590696200489,3.03446399418659
289.583479240628,-710.516504374623,2.93515681019295
1256.52714493096,-1495.98269186404,2.91697972941266
3044.06535910585,-1957.02145766852,2.8985200327107
1662.64231934547,-138.372205492531,3.01181859780702
1655.24316095981,-59.4199097365618,2.91770992612652
1111.1669453825,-1594.24695083429,2.81285917851314
877.62590084774,-111.808113037166,2.97329184545095
236.450525101504,-1792.6832161517,3.15529309434706
79.335846994453,-62.1582053643342,3.03259784501085
3667.10693321558,-1440.23666571838,2.99529198932372
542.848950404688,-375.804511616121,2.96978810353533
2954.6660498481,-103.028439820428,2.91554376155433
611.234235707284,-430.978848437233,2.96153151481678
2826.41583093662,-8.34682831033092,3.01635489486001
1277.43144287284,-1942.43075251921,2.95140469851686
3870.62635423939,-288.906383969717,3.03739363287154
2159.05151137961,-1589.18322911108,2.90964764330014
73.6529784067201,-2101.16852223238,3.19046806990663
858.201419782445,-1518.28335889375,2.94853817744988
910.339823998395,-83.3080039205083,3.01233874935485
3178.84164755332,-461.795087614248,2.912897996937
1697.32947122309,-103.434240943139,2.89842970835617
104.902640208186,-371.390916904144,2.98492752238237
1784.41018462372,-1132.9260958584,3.120547038001
1976.00387740809,-450.194956615288,3.12479997392937
3270.11301250058,-378.569877853122,2.92053393863189
1308.17373391979,-218.720514959098,2.79787625134451
736.472915182773,-1189.46620867861,3.07759241088502
1281.65021629532,-100.808557812179,3.02376782841735
3287.11512783567,-866.788022000801,2.90902053944022
1220.30915184214,-1551.82318031283,2.97904812562565
361.925894687839,-886.068251862264,2.94014500823028
661.923676127291,-897.105919778352,3.08919081943153
587.707641147232,-1600.73119204183,3.08444185407555
3713.02643269751,-1673.45970209091,3.04668531923452
2422.45807758322,-235.038139403494,2.96427760932091
2804.58920223448,-1960.1963323576,3.02135114673171
1715.33770425744,-1915.63049581361,3.0540246106687
2318.9668662867,-156.68483067572,2.87764658786529
1273.85888724494,-201.126332163493,3.0503258724655
2180.2335747587,-217.820342184941,2.83573851890679
3185.42154886198,-664.244575197869,3.08626657548519
1929.34621614399,-104.183273307552,2.89705669808504
3713.96389268779,-255.979327180347,3.04771161034327
3753.86671679989,-163.973441198613,2.95796780102443
1577.9444559146,-254.746981514558,3.15538683196222
1030.73798711984,-1619.78610283522,3.05697876887423
1049.21778313048,-1578.0613571977,3.05299052362908
3692.49323470693,-22.4860872238517,3.23461542382783
2761.16558745748,-36.702031250645,2.97579818058818
1385.48856348981,-141.760237835476,2.76648530114348
3104.94276133674,-1976.2411966069,3.02547329365103
1014.61065350828,-1026.41058318523,3.10178787125126
1929.22204135747,-471.839209490147,3.14387217327447
3340.35014854794,-1791.90392193691,3.43950991403351
404.352449186386,-234.070692491812,3.41767542288074
2240.44610258856,-1762.23584309254,3.14402944224545
2549.53956586022,-2137.34584995098,3.19628409718737
1414.94372498371,-1971.55433175895,3.11980447102793
512.263172616909,-1752.10200804223,3.3662050113364
351.614977196655,-275.379357749119,3.10330368413223
1798.48454941287,-1643.31124547091,3.30151582733259
1899.15601647347,-2180.19436890873,3.11860603806266
510.909020509032,-502.278570285553,3.26626760687962
653.716580734328,-429.964789354665,3.09846183663396
867.673415226839,-418.429666363288,3.15427729871583
1059.53426646358,-349.325345837285,3.28980733145176
1365.09933690115,-147.943718490863,3.28534590012062
2020.48146215853,-521.904231967982,3.07529462789937
476.112733734726,-143.198292094239,3.08923784440925
1000.79801035897,-249.318320248249,3.11371832258907
1824.22580548201,-135.10898487253,3.16657704070891
1634.64650200853,-296.790882327586,3.08980726579293
1978.60386085469,-1406.22519480292,3.1943617166716
2612.23167450801,-316.72189977218,3.12133354977423
1640.51197608024,-1020.69329464652,3.33155993374642
3610.22332346416,-746.625253654884,3.36327041880284
3980.51055763597,-540.034932639894,3.19264542024389
3325.15832287087,-1711.55869029102,3.31888351068311
1312.25649611092,-1603.28440932478,3.29038668939278
1945.44614053506,-1496.16155687023,3.34261276248419
3625.0906255892,-934.858745824423,3.45519548790444
1988.10429309015,-557.565513150494,3.26553663983069
3559.05904893656,-1625.99120105751,3.39812713660691
2994.59838611387,-1645.99227070304,3.5533774723612
1181.07290770079,-1907.41677243161,3.29717662868423
2895.99569853773,-1353.6331188358,3.25067178877944
2601.81260934217,-162.372534199374,3.36295050132458
628.490715590113,-284.452098854838,3.49874744984264
2409.52887952326,-2211.08442142039,3.3960915068566
3689.0416499202,-521.682841402911,3.48339791054527
1939.7836668373,-767.255649286103,3.56949841625912
685.820040607908,-1878.52847379921,3.39916310000626
1830.9620879328,-273.475526241695,3.46331805302395
1691.92682676104,-186.46993986693,3.36029942283835
2792.35850060414,-1377.58820217029,3.30094895609519
2416.14587120926,-2203.05379484774,3.31999897699711
3345.84048146241,-1737.5700819627,3.5962852695587
2527.95295849786,-767.696700294679,3.45036270445445
2818.30138653968,-159.703198252222,3.60209653991208
1886.6148172529,-546.663837161936,3.54421423321272
814.704311741066,-326.714478753021,3.36151679510465
2322.4805590286,-1502.92431531409,3.50326784843634
1514.54277440805,-341.875721861178,3.48750249919432
1448.67633442171,-371.669192960293,3.75781597042644
2569.55964803099,-177.167057892268,3.33566753652115
2966.44262517859,-1471.22021058783,3.45063561438451
1480.98769747684,-318.510136609394,3.62991948344882
1452.35907592949,-264.089021582991,3.63582755564391
309.287949967076,-2209.09610064179,3.76571601699351
1318.41968769053,-1516.9006425381,3.86044713666715
519.933286566663,-307.442618340643,3.77837484800865
1914.11800187653,-179.022422794028,3.73193879584934
1394.77164053493,-344.460221960003,3.84772878138465
1597.50691030627,-1695.16783945663,3.74515774945088
2038.27263106073,-212.747605516742,3.5155589215727
3007.26868224039,-1834.79867035421,3.87136771824287
444.098271461809,-348.124721929609,3.81401463167658
1940.24559406681,-492.111580404546,3.83585679229334
1320.65237086829,-183.231285309399,3.67293202932577
1091.11603091792,-2124.58331002107,3.91899254306621
3434.7471239577,-1835.45538506429,3.91688194032582
1166.06012847515,-1517.54719578028,4.19423547792767
365.768450117013,-204.62839748669,3.67313257657607
1531.75771869382,-56.2880267074669,3.84196729173333
438.403420440112,-158.119483758389,3.95809340875906
1032.15534159619,-63.2015858828455,3.75966908656786
1538.10729551166,-1690.2022846704,4.00700451616246
645.586882805718,-181.447947058062,3.85332644020749
2320.9582486648,-520.535454833422,4.0236313133456
947.122823984069,-32.1338588003545,4.17562495159984
2382.46424101263,-1618.79061124165,4.05714383314959
978.172951185607,-61.1754164467702,3.93152884154962
3438.14813395122,-1588.61178814804,4.27139583415056
3887.45709969851,-210.233863482283,3.96290383768597
2754.81664879882,-413.809589981456,4.155964201372
1873.92326883544,-1634.92069589347,4.06269052449147
622.414885990499,-594.476761628535,4.16979031711475
1310.81308210736,-122.706160422632,4.03075867961805
2964.48609570705,-1939.13993524105,4.22827789562602
3509.17419698571,-479.875961247798,4.36332203662938
1439.19968735362,-1447.22428200037,4.44921997595808
2763.03383384977,-252.344219250367,4.29427303794733
3969.57574351957,-417.824502385643,4.40275188719558
297.401964312177,-1857.49006040458,4.37116113455298
2231.320429309,-527.898280028995,4.4127376639931
2284.46806631064,-434.218114105357,4.45200618335488
2597.11708968996,-581.095227326806,4.43274288730799
1094.73288916546,-710.175739862046,4.58105738327494
3412.12881424534,-560.044818085825,4.83043218760352
1516.52088767417,-514.724813009426,4.95402605178967
3662.62390683192,-1607.11602529066,5.33120104397148
1700.77394819047,-68.3005403334067,5.32952508730301
2857.54354924312,-450.108204200719,5.40133976771601
3224.57328722797,-287.188688980049,5.42499028307721
1840.70344909801,-1249.75764120907,3.00450376542849
3080.86490776543,-1049.66503005446,2.85767701842737
2805.3543707504,-1261.2974319185,3.08876661895442
487.427827221976,-1790.44606096581,3.27337300169931
1680.54827620633,-493.820339029619,2.94828151711325
698.482776408586,-1702.17509636821,3.26404896120469
3309.63722486116,-2166.23049450582,3.36814253124054
1314.53494880761,-641.804648294847,3.23464255606065
3350.15979917036,-728.55106939807,3.48755370744796
4008.23175305098,-71.4715043733836,3.60511114802519
3366.17353838592,-705.466161365824,3.25331169317583
2585.85402384382,-1676.19784531735,3.40861855919676
745.32029652178,-331.345478404766,3.55390075679151
698.615376409837,-2057.52143831204,3.79559212680578
2319.09710323918,-1551.75008121753,3.31375855021014
1638.39463067778,-2104.14312114655,3.79170060733203
1494.45522791699,-1521.74839940008,3.82983710879019
779.196648905332,-1940.85588846397,3.76722991400516
1664.37254859738,-728.442735487441,3.79854775510704
1682.47309047255,-2026.82349233901,3.86141822125783
1727.14579177423,-529.364044028685,4.29882219549796
1261.2247311278,-1417.8193363581,3.83865688132421
1687.25729664451,-1188.94779184877,3.94275084510607
516.854567104786,-2197.77462682227,3.98861998731977
3777.6752710592,-901.9196750615,3.94447336348437
3918.47730227864,-1180.52664226616,3.9382970074236
1643.43748999624,-2081.45065464761,4.0708941311884
1136.25636297832,-2158.49400319677,4.10568009968868
2282.40885668825,-2200.72033364514,3.98815927311169
2737.31053811968,-2069.29231430711,4.22677542484859
3820.17734566716,-1079.78033364123,4.84166864863558
3709.56044304543,-1553.21955045452,4.23165531924027
2605.47850491878,-1741.87759703618,4.49400893423945
3901.49594633438,-1020.60093649315,4.36886064256031
1870.19307284719,-898.990731473371,4.38427045588201
402.573543083738,-97.4865483218477,4.72992418342761
3927.86803183361,-301.449876506325,4.64262770512225
108.734594603011,-524.009563620366,4.64625192955011
2111.17570354533,-1032.88178417161,4.81125243386259
2277.58215059017,-1717.99600597591,4.4944816833852
2029.16801141898,-876.304659976991,5.21834359318155
2306.47698191349,-868.584848075496,5.16073596265055
252.799648429437,-201.116641677154,3.11877163590352
3663.06316517097,-1527.52925545944,2.94504911717362
3042.45715520854,-1461.82651787726,2.91738698547134
3121.7474213034,-1353.72040153363,3.10548559414298
3946.46211218762,-1353.62959188723,2.99077446612641
3958.63653662041,-1447.78607723059,3.07462982864776
2906.30047427735,-911.219425404285,3.34599924528986
3697.03959223324,-53.0915766356245,2.92390565839464
2148.21414329643,-394.983909983806,2.87549958855945
1600.8358163067,-962.051708374947,2.96488772721717
1552.00902434325,-1487.13372479469,2.92812289321919
211.662054394345,-1951.78760927432,2.99080490769744
3305.03414760484,-371.227897813727,2.63033603659623
3777.57619197335,-163.831661725024,3.15144567573784
622.325213383731,-1202.88679438354,2.9673966252924
2373.90381958912,-1157.97572859367,3.00008536778083
2646.38370007275,-1519.50535694871,3.0241903909421
3335.59690024575,-95.0537113509331,3.10165284375044
1588.2087851198,-1598.87336481256,2.98882851785424
3026.28855022873,-1266.0445600062,2.94722478019876
2029.43077452704,-1137.82795831076,3.04734355043393
3479.86616044984,-2168.85264819961,2.95453682264019
1698.87661043154,-1422.48476738892,2.96148654857294
1196.66447940332,-2126.15532368981,2.76446609910334
939.074599068866,-2102.57574420582,2.90315528299564
2523.34452496358,-875.016654724136,3.06802743117566
2929.48368191725,-320.239298498328,2.93398127506077
3876.78114082246,-1113.59769538232,3.09358682744986
3951.09137676051,-2099.92451957797,2.79436395961003
1488.8603883881,-813.620233058209,2.95392547048549
3518.12917659351,-1947.35334070781,2.40975279932336
1031.01356008917,-673.701184573905,2.95077150904934
3829.96384959824,-167.783073519669,2.99767293736898
1224.70892864295,-1607.46561762251,2.93847002280788
1765.2092688523,-1987.29265496807,3.14509584058745
2948.44640327854,-41.6306555001092,3.046139243422
839.479808643306,-802.589910268871,3.03645329443668
1169.13279113153,-1804.70693155864,3.08087803012091
893.221727419992,-704.944374552927,2.75318344869345
1660.37937226859,-1989.83657312084,2.95933069613788
1302.0765542671,-2030.53611940676,3.07774097053152
625.760874305209,-1783.34417318034,3.08384730586644
1824.03722442582,-1050.5617573255,3.22332654664789
1623.57250526586,-1745.27313218622,2.94025252117954
1170.72847789415,-317.261264034819,2.92921564017702
1116.41789923559,-1713.65203883052,3.22027451848831
1145.53001976911,-1622.74967895781,3.0798733323704
1488.92883928559,-504.070268504138,2.8890479268157
175.418826537177,-2137.18385093117,2.99037452069997
2803.89547915642,-41.5076215561981,2.83711507188916
3145.26236936021,-1775.69318659813,3.45032774298194
3111.24422906253,-1876.806741052,3.14250709526163
3426.10668580361,-318.874395353477,2.89343342181548
3898.5829041647,-1792.67218618343,2.84478425587688
1168.44617320401,-73.6828188654544,3.31488076080172
2402.83606590474,-1540.44403755236,2.54171300429627
2933.23030704754,-1646.16844729772,2.89765459762736
3835.00298323232,-1373.51801882128,2.63570513773881
2260.07405114477,-1390.43164592093,2.69119407376034
627.956530561634,-1933.76877055827,3.04641085498284
2091.59754532978,-639.185445154307,2.59674042902311
3320.16080618682,-1193.37977470192,2.94568780817864
488.619936276769,-1041.87971063183,2.93343939533405
2856.18601494422,-255.888460067144,2.83185434917782
667.729059992676,-2201.12700531422,2.86648507205447
3308.07687826179,-1508.69736894816,2.88637961489735
1315.38023869564,-1452.2649520007,3.16177985401636
947.537306774259,-347.23673095718,3.03129974548237
438.771958455535,-357.95813941025,3.5639775966161
4012.71084407169,-886.896115284127,3.21960650681443
1149.41247325082,-1679.32074556158,3.03599834944755
980.810667454281,-488.365851369398,2.93223069961289
3019.2320717025,-492.408275645514,3.08109113041893
2932.8193360556,-1056.94179911503,3.43656637888926
3821.18689685437,-250.962611229586,3.36839996254538
2874.33340970125,-2066.62930655974,3.52689725646605
4058.47366421893,-61.244524645493,3.04526421621806
1868.95127357279,-342.34672634241,2.99154016223669
1911.1658258258,-1306.94662798799,3.05584983834032
1201.74646258489,-771.732205673262,3.11175312161139
3207.72195559361,-1890.64005201021,3.65030092648098
1402.43150353115,-2189.59797131403,2.93247501333923
1768.2829279924,-1034.26581720785,2.69168989190517
1803.52393246096,-1948.26674769594,2.88473156472782
213.848672079419,-870.614913171948,3.38504841656252
1825.98823818932,-649.326556742483,3.25898832134285
782.391740712778,-588.284205314877,3.13612787645194
3471.92865929613,-1255.34090926839,3.06952796493649
3622.23164803066,-1250.9028130481,3.19351888808236
1796.28275541675,-1375.85611118952,3.23911913086422
1032.78141721306,-1901.83321268301,3.43451844168284
856.706937821634,-836.105670123409,3.13790413978022
693.748235885162,-402.616999493607,2.90798722679288
661.937771938464,-1479.71733747147,3.01115789436508
2344.63487290133,-1960.94502453696,3.08325057852865
3999.20848620551,-721.16549052519,3.21025181823389
2919.73948962392,-1940.5665359847,3.16198766364074
1238.28458366495,-1086.02517775467,2.86697198951287
591.003729970547,-1844.3539417441,3.06312195919587
441.337956404379,-1992.52058266413,3.05060062248087
3808.07783421971,-238.161288585898,3.15689763773488
1852.91215522454,-42.6979868334687,3.16913935902969
712.711760743364,-554.259747511649,3.51341630297272
904.557879555167,-752.010333853771,2.96369570667446
2233.43704138063,-551.101977982992,2.78792607846613
782.707973646528,-44.2062008908206,3.14210619091394
1848.23149517972,-59.4462347119051,3.41810547586426
1551.16573548338,-623.58836183293,3.17879043902661
2226.10807624424,-1240.58412305672,2.7400067099252
374.828118233561,-1073.32611862863,3.09258981129472
1570.48530310265,-1340.94449088343,3.15481304159867
1123.90302488612,-1812.9078325253,3.2385405676564
963.908732762046,-1206.62661801206,3.02233173010853
229.960232756068,-608.920835136263,3.02761770797516
1554.73368609572,-917.982822659651,3.41988354259265
2647.40391513046,-444.239078341288,2.94788502875444
1341.58029068935,-1605.26853642731,3.08987623079057
2506.42807520921,-1777.7011356292,3.02958626072195
3964.37688295407,-291.40340011519,2.8715517954545
748.469355413719,-973.055309470334,3.22803115633381
2103.44193640968,-806.970411209027,3.06473774365623
436.850320380939,-668.240785636827,3.07009211922678
1681.33812070881,-215.303051343289,3.19967169949189
1439.48013665015,-1870.89757022632,3.16968133545531
1385.7207457185,-1429.40368387986,3.36322500850448
3094.28512188246,-475.659584729533,2.87515695678212
2730.58472408469,-802.406717585267,2.83593611690832
2975.00662981362,-1404.01544965512,2.96537354228185
1472.92480911964,-1362.60429916081,3.17375545561871
1556.52040210317,-1223.51368684528,3.09823426147288
1741.84301978799,-57.0573616691634,2.65443725982896
4015.95237385452,-125.664918050194,2.81854241383056
3526.98523280781,-270.705367709861,3.08485576831798
3492.44188566102,-942.346839140365,3.06975412686718
1237.37070127276,-254.274357411094,3.25110626108574
2072.46909424355,-766.867772583822,2.98251565383829
1882.51241097468,-1047.85828992973,2.97577451453044
3247.18763474367,-1787.85909967162,3.05319317540336
235.328839689526,-822.574945953485,3.36342710093677
711.530449749873,-384.889933180604,3.19751930539548
3150.86635964997,-820.936489822842,3.06487462654041
3695.52685878025,-2081.4563463486,2.84393525814689
1030.3742011154,-2044.66867424929,3.13934798217093
3384.77515921561,-1100.72188455779,3.15680861059352
2229.38221045945,-980.684541547195,3.63892122994207
1394.76694442346,-2163.03206271043,3.24854130272959
540.569615263709,-1357.17233361383,3.01616036581463
3709.05041909003,-471.893923040512,3.0843423411868
1561.0969027354,-1281.51800598983,3.01581037757695
1887.93857219351,-1798.82832941287,2.50974930354392
1211.39782126897,-1316.91630248309,3.0622733756958
184.583109719742,-2115.91524703895,3.02940839622593
2921.47868500174,-1471.99199887155,3.18838704696468
2627.83305089875,-297.837687964437,3.04800866653866
2979.24528823253,-475.923147196607,3.08858686581774
394.531493221458,-1648.91571742814,2.82369273255709
740.180442893629,-1840.23759041625,3.17596899583199
2417.45886873796,-348.113549435225,2.98647907785388
3692.1265189211,-586.082971401888,3.0054254242822
504.595662791559,-1415.88089189021,3.17526444243012
1247.99760327155,-101.526415493336,3.5505370521585
3090.94257204422,-1251.65414587078,3.10992530688472
4050.19310727444,-1376.05404418229,3.16277874292442
3186.1447159634,-1647.73111823742,2.93897091529468
3969.07155014294,-1130.61816437412,3.09411021812081
463.722635267044,-716.67117042967,3.00656160752971
216.820324633786,-22.0530064822116,2.98218860687107
2102.53224363017,-121.298538782962,3.15882534295423
3073.38134667078,-1768.32067913717,3.05358260432987
1314.6191644118,-1294.83987536604,3.12702904101049
3981.19325818353,-956.791766051775,2.9943793470473
1572.97195756784,-923.591722434407,3.21059785454016
2583.48108516281,-334.28889945836,3.17075128568428
3124.37666809335,-217.997911343036,3.16762863522667
1114.49543167071,-1576.4606877809,3.37144842313381
588.662485263105,-1735.47391744032,3.07380620346177
2783.29689542051,-1545.04641117931,3.24341922397393
3632.38111115856,-1967.77590658105,3.08677910178922
935.347969111478,-1772.83156845142,3.38814524375261
4006.67514222675,-265.732814658893,3.1113114323105
3935.49584300727,-1689.7715521488,3.37193441077827
364.958397607634,-1308.11594759638,2.9757395059116
3227.02520444406,-142.086336433667,3.3743285525923
3854.53400773805,-1604.908333554,3.38014643531242
2064.88868993448,-578.40671572942,3.1487414639854
1086.10784257645,-821.35182251628,3.21060826659336
2153.4104857537,-1077.96191309767,3.29907665601451
1377.79125143743,-1231.33351079983,3.00162500487985
1406.2546229975,-487.709299341778,3.07317259753389
3143.25952727508,-1552.14372246588,2.72181501674458
811.752819742423,-2143.84465549187,3.06201349190861
2071.65710291106,-192.258573846275,2.96050972071209
1995.11389590234,-749.379090028098,3.16147078753875
3243.1668565488,-1880.3483306842,2.97625522695751
1386.27371381952,-739.359743279077,3.15809370026577
1307.41077524317,-1321.42228447007,3.10558628447119
1527.32523320282,-879.662282080949,2.99202519442423
1688.7876528893,-581.886086668526,2.90826853557569
2003.15708752779,-2120.42965527583,3.18671580639027
2937.35166823444,-513.726915161002,3.36975480497396
2848.08330406272,-1180.61760121284,3.41835723260929
2501.589935514,-1550.51945903964,3.15870569916513
362.376714289793,-25.5495376577142,3.44328507525383
440.513341085429,-1105.04798008335,3.12423217303617
2323.84847374349,-822.297182688836,3.41969107773396
1637.32442550952,-779.215839498035,3.05770956426801
1464.74098567006,-702.516793514438,3.63469206650674
2954.65804077724,-473.120123487833,2.97412163396136
3347.80846182419,-1193.08401393502,3.5540985610882
1145.32724473427,-152.176676257645,3.05045278338921
1796.73297239995,-462.844352319006,3.58174868116353
2639.0756137555,-775.787673852686,3.21398439872475
1894.65568559033,-30.9187854389399,3.19340716705923
2243.82047719832,-1527.02523521129,3.02817415397644
3646.38116003027,-1872.54393945651,3.04276243407809
1022.60220595911,-2113.96318349921,3.34947232048085
948.094923952965,-1653.112112219,3.35076905345451
88.3059491528914,-1371.53191701819,3.40474437777512
373.105074627963,-1527.35419834191,3.35722115971069
964.096203260582,-152.694542383143,3.6881899722746
1919.74708916936,-1141.76745022527,3.27607188630266
492.010015298862,-677.617818088683,3.38161507291858
2079.24984764123,-529.061366441551,3.20770726526854
1980.88261724095,-515.641314473458,3.29153163059614
3222.900165865,-1365.26416914041,3.19770086962127
3595.48050324772,-398.111920048182,3.310432327555
2017.20669967494,-1499.61633085436,3.74500717843083
904.566464221205,-230.202456327994,3.41526477284253
3242.96009726286,-1898.23764445394,3.30209317026247
2745.95827398954,-1738.55747478356,3.26886997630833
958.201728983227,-1903.61024999491,3.27326636451292
882.069144562114,-153.922669585782,2.95701295704965
2973.43797711973,-406.157052278319,3.38107455601005
3105.2006356608,-2146.61054238247,3.27100699513433
3438.6820977927,-1755.39283076512,3.04729047857243
950.738848951457,-1230.20711850494,3.50949056120785
1737.23114633119,-957.664769621536,3.23700060244438
989.096295877246,-1834.85775615408,3.31885368210948
650.716724136489,-396.535191081247,3.23972228516935
1378.2897920172,-1961.97746058467,3.26701771038667
2732.06947020528,-1573.58889044613,3.25380882817537
3615.18732668418,-1721.92727387056,3.26904684053621
1589.31243771846,-1143.99486399605,3.23154548939676
2699.42682340333,-481.515061966893,3.16454128646336
3895.35337279095,-526.215814759975,3.32573517458389
3460.50082726574,-1388.62637179533,3.26596611066823
452.775402523475,-272.305570475568,3.40110195263976
3061.70535068707,-49.6087616936528,3.57233567466289
2026.32705709468,-889.153790039318,3.51436056686422
1048.86668251295,-445.453475593984,3.45784303241748
2138.55257888114,-664.12268901848,3.38651284512396
1925.71693268254,-2153.66487823656,2.93661532954988
2693.30838244158,-279.806618854116,3.44462369105071
3212.15216722148,-1519.10053249034,3.48516352404136
644.08122458462,-1914.39196117194,3.32886141108485
1634.58390972336,-268.616139793209,3.35122440328774
3257.95223329788,-129.228061193982,3.44686893820538
3317.19780277864,-1609.82544894625,3.4153988929528
3841.76279406551,-1655.04312363069,3.34691583567781
3495.76291217012,-1825.2242287659,3.3964189801459
3748.72995798342,-1080.96989283434,3.43199108476166
2432.44601709722,-581.92137368529,3.46339945673269
2016.54106704446,-2039.01966379695,3.52427276906359
1125.31931317834,-552.132328597373,3.58549797897651
839.453718842714,-1023.11716064621,3.37567652364079
366.656867754133,-275.322160169613,3.40472825631489
1888.03262526041,-1250.35353085037,3.23800708676996
3942.13010588174,-994.901227618724,3.2645359404811
2699.66480629185,-696.848045479722,3.49067483734243
1261.32933177576,-869.643355812104,3.44973885122632
2788.22497931208,-521.058820439168,3.41574231335714
3613.79205782991,-1782.60812732125,3.38973289346446
1937.72476749008,-1400.5603119528,3.22358218591396
1210.46155934557,-1175.92425930936,3.76524010385782
3650.56685459227,-1669.63664045338,3.71555179387696
320.385353568364,-1979.22376487382,3.49428241325733
3602.36743006708,-1416.80140260429,3.34787939823358
4049.1402649388,-1048.51700331335,3.63898382222382
3482.33878573028,-1461.53681707688,3.5490891559439
520.914607504183,-408.747068877202,3.41635168024498
2011.58420015463,-957.919116554191,3.57172618531782
3333.24906053072,-774.967253898227,3.9838928075156
231.565755215101,-533.778800291662,3.54965890702099
1434.37771975009,-1262.52457797519,3.5410405415654
2623.92641492022,-60.4983785743039,3.45917011241892
3126.00555928346,-1397.03306615714,3.49156616714773
2911.06947435948,-1782.56921315366,3.81880081298719
1054.94604232883,-1682.54405922489,3.57458137158777
3176.20115299744,-1384.51066169763,3.46072009581381
591.961597797007,-67.9817171203422,3.72400179228509
419.328890121959,-578.168679782583,3.1528357391053
1844.47567428967,-751.504129045898,3.69636747022314
3742.18065351131,-394.598962901881,3.56861488086532
3682.19460172783,-1320.19729349775,3.18301194777024
1387.83638203718,-1149.66563570558,3.34709027282586
323.657514624126,-636.944149641248,3.56291497420989
3862.09103652535,-1433.15371502982,3.48215798703372
3244.17236979508,-1961.4992527906,3.57827836535456
1403.08773852159,-178.837331150988,3.38086235144008
2272.36714557234,-730.268356656078,3.56368107143747
3707.16340602552,-1979.2171539368,3.93933524047906
3599.70646660879,-1190.45241751908,3.55800006926251
2177.7718907435,-597.556962910439,3.69234332470709
1013.8189598793,-2202.79917252831,3.60765357113251
2733.221202837,-634.340899169152,3.45321073119988
2229.25987979226,-1807.65972597242,3.39975791744762
3044.31409680297,-264.105218634349,3.75631016111107
2960.09205692948,-879.111097001578,3.93455087802447
3737.77791787831,-1782.55789727281,3.4890053152186
2971.81472455472,-914.81830680015,3.61888455689963
3749.61766194077,-1342.22757180038,3.59892774057393
2276.48755497375,-884.888009364149,3.69076119535041
1964.95219594069,-1997.98401089191,3.58504567149618
2236.70541344583,-211.313142320268,3.50042287275347
987.578682952253,-2155.89985395367,3.60162314119754
1557.65206632944,-320.64867472653,3.53829190402747
3293.54942874602,-1695.23263175966,3.40609525296121
2850.19253578035,-907.26538411579,3.67869600188318
2595.99099160804,-1875.76918938786,3.89703308395547
3019.94275056561,-1007.6445626836,3.732508498839
3840.19133082124,-965.983664973181,3.58772211303723
2507.17494350612,-308.366888593199,3.39087963269043
2027.62125012502,-1565.31540895531,3.73931860737077
3897.08785095761,-1471.35405721352,3.99319158737501
2905.98893268346,-887.986924818094,3.7382004318682
2051.62549669244,-2096.16923305299,3.54253851334727
1997.13587153647,-653.788635599632,3.83199976321972
2239.80180831555,-1209.58351687586,3.41582658004517
161.47938254787,-1059.5385761587,3.69567426822282
1782.04674327998,-238.193066887716,3.64689849658318
2301.9885523379,-2053.06748916693,3.74047946171147
2392.4718989051,-375.003715349728,3.84464035016621
338.248245529904,-951.217135024176,3.91176831692801
1767.47750560184,-388.321236490139,3.75887441978825
992.789976697807,-416.268899557661,3.58187634492542
1808.12721025146,-1307.42293147777,3.68562861105563
2390.66403654438,-1429.84818019182,3.55012170374698
1533.73086595511,-971.10295284236,3.49494012317854
1634.26878239774,-1187.40555208799,3.70782997428286
3060.42806015062,-1356.78098385857,3.5987857404712
3116.5334823704,-1293.33070629189,3.95831613907911
1166.89573750832,-743.709443005402,3.80336270571845
2438.15974644099,-430.53808913704,4.04129671434472
3907.72155173596,-2189.37352814104,3.87065251117959
3345.57874988051,-744.298037228423,3.29963743811965
1649.10507740794,-1663.89551734145,4.01374375641758
2102.86174370261,-2098.98256725251,3.68505114225896
3226.80265734702,-194.296335005324,3.6750939035121
366.300508753555,-2047.2546813851,3.78492404971972
167.278630431385,-1999.66947478813,3.79861089378704
3112.46878622059,-2083.71655766284,3.83513991528555
1932.05893260889,-725.710793586131,3.67813115139436
2094.75982624824,-1751.89764803495,3.79051227038428
1367.45267352842,-215.532138601338,3.81931032815048
874.031272570847,-878.868197220283,3.60626458207606
1768.30534039571,-347.807955796956,3.6011187278143
1996.64292670416,-1819.98663267002,3.85893895010828
2211.10801784862,-1310.12308828284,4.12166462001975
1811.02999425989,-1667.94314994467,3.90927232220552
2152.9123921359,-1475.34322390414,3.85509994378355
635.747727567397,-732.29604246153,3.89310409920697
2993.37885743702,-1864.12532341968,4.1792194497321
2028.22614241648,-684.68557345838,3.94367480050145
1189.1933914362,-918.71360425115,4.03920483963493
215.383031418725,-139.176340758626,3.79774134762988
982.081494467791,-677.190957801751,4.38782810253381
3968.87968974775,-1810.57372785039,3.95435752618431
1744.29060292685,-1677.20358209673,3.88461490768601
2912.0791042343,-2124.14388173625,4.03186648173004
3308.97567479497,-998.531410139036,3.94235627768002
273.032475274992,-229.426893196544,4.15545575723373
1927.12970611884,-347.635317185866,3.8512717704309
2156.92728786529,-919.685545162458,3.90317140757593
2493.01436024428,-464.101863057251,3.95029677987194
798.695193965985,-922.991801750669,3.81230032378921
1829.76281083299,-1885.0279413822,4.1555736634717
3994.79501675598,-841.566099801154,3.74242209084671
2613.85486287558,-1813.32514486803,4.04601206921388
2188.70815661705,-1363.15983032139,4.22859938794582
825.768887458761,-1783.34082940879,4.15119035382147
2767.28658496236,-265.376291103505,3.82372866378812
724.89165485039,-1903.06588712134,4.11513028622941
3626.17060584538,-1366.56628766917,3.94319864388074
1335.17924707818,-2013.50328843248,4.35591966639113
339.485988262847,-1425.51032488265,4.18644920481405
1993.43007355942,-431.651128940476,4.30866405422447
973.273472478283,-357.888099840548,4.4417282063769
1044.89651651509,-181.552927913948,4.37658554919877
2101.52304383273,-1919.3053381785,4.28110682042427
3520.50329098639,-548.762119720555,4.48755064912616
257.498421954271,-1012.14035702924,4.33126823173214
2274.88807343612,-1367.19243413278,4.30478925798709
3697.71888089618,-1185.45769472157,4.3326351057109
1763.94492773879,-1219.12230564449,4.5129547768631
2559.10952557522,-2110.7538425926,4.75867706362194
288.662785992965,-1191.32187757396,4.34757209150098
1254.01814332296,-430.03349383333,4.59404213780806
3692.31044156387,-970.536923251019,4.78034669198046
693.578961893134,-644.142949243747,4.72672383184688
935.354642117536,-1997.37621159891,5.06853035699468
1317.99751816247,-1698.17343519854,4.56801446100301
264.875164547338,-1318.21029652841,4.86673590166029
469.215085459293,-1949.70305349946,4.91596194785745
2912.00596150827,-1414.5985013045,4.94575686505401
2950.68632473595,-1609.27934911654,5.15383980310205
1176.83920381173,-1814.12840454775,4.89687269565927
1671.12310608391,-1501.57256297407,5.13155650466953
651.850449405409,-1447.85452653537,5.22668266169982
3309.87075493945,-552.290357376099,5.6582202498533
1722.6737530557,-1098.13780658519,2.88705046313882
1111.73785935509,-981.092607601013,3.08092266538383
2549.03329571042,-1863.29235437401,2.84851074368574
1019.00556880907,-1551.58929267212,3.00362800514512
530.332245092256,-1315.39596473227,2.9135951206696
1453.35131963559,-608.704882053131,2.83796124507011
855.39089742786,-1131.05628735993,2.84151975546093
2958.44090653878,-689.5888676428,2.8892872804132
1587.98223530888,-592.302765888576,2.83383555054148
2141.87621378302,-1095.96289855045,2.8603538022904
1256.35670711302,-566.50614170447,2.95272382523627
576.812677278872,-385.135266797295,3.00435689492632
112.254245297171,-334.592197895863,3.09762954499909
1763.4643574909,-552.919987468765,2.91544732739156
2361.53546617191,-1730.62757514798,3.11577200661597
1649.63196464856,-602.279737273368,3.00398747197206
118.071793793257,-51.7521538990341,3.06305853695051
112.726392702259,-447.184312233686,3.41405147939261
198.703368782393,-548.977846289854,3.27993901526444
359.811248370356,-479.788154860017,3.30193717529751
835.782994021627,-1231.41589292473,3.60469473491189
835.553325398566,-968.037774887941,3.52473398526731
934.500353452668,-825.339527613656,3.88022190536453
1489.32326672441,-869.088958496567,3.93515982640114
2114.76304959038,-519.47022294569,4.45334493420945
2203.13527775067,-403.533173858839,4.38415479920425
1879.21647380087,-1701.27761814459,2.82524636581893
896.365759725358,-730.524503245853,2.82218361127566
770.305398514149,-2099.77003970529,2.94630930489951
1850.78772298616,-1086.31912671457,3.03089814830834
852.387033422135,-1874.59749018588,2.927906568371
571.761290656418,-639.853090023789,2.94223237023436
2649.72516905867,-1805.6136250388,3.1695875773962
1491.63554818055,-1181.89110458277,3.07572079331341
2106.50234486846,-2208.87788308741,2.65068965555336
3659.55985475628,-954.162792375516,2.84761414147205
2866.9739560915,-1911.83563684993,3.3080444584393
183.965356167054,-1478.73054838213,3.10409884452401
345.083790738124,-2187.52973378514,2.97212752616226
564.788576227223,-1811.42785669645,3.1828900508739
3655.96250051366,-1777.3308180794,3.12225343377701
3687.74719404218,-1184.25003917805,2.93372953796595
1219.50614655863,-364.051122176021,3.12239399358484
3376.36731088195,-525.855562453283,3.22186115358717
3251.82448296278,-2008.41345380583,3.54090958033571
2472.97078008754,-1717.57175841687,3.66188457101495
1039.62522099728,-1264.35361693912,3.43940311110156
2079.03144879495,-2010.55152876766,3.46273166939059
1978.96690124348,-2076.1978047083,3.73555818454102
3270.01771783746,-73.9739282715796,3.69063685098874
3818.1411244128,-183.701972301064,4.11719281965048
3831.18670799377,-1076.17618744702,3.58775892778177
1556.13448646338,-2107.66649766434,4.20482054432877
1663.65597101354,-353.413216587307,4.41510374350056
1722.62975053214,-2164.20759758825,4.81793694227602
3623.94833213866,-1866.05716059056,3.08325073520845
790.886733035513,-183.252028401655,3.11191111559731
612.415485258189,-1146.83594881751,3.19616599324484
2795.2891131157,-968.477303362954,2.92917975894396
3638.31599747053,-978.265656429374,3.28315793223298
636.671846596436,-658.603334363246,3.90608901119704
820.076140686535,-774.909623324769,3.38716958291294
2866.5385772533,-2151.06970659433,3.50924046079778
1140.07337061259,-526.310557998576,2.77708305834294
3067.92433352929,-587.846431747302,3.49032115659189
3276.89295711705,-947.925697063657,3.18956410084691
796.226155327971,-1207.8712724854,3.16811442861703
77.0637127549016,-1456.82453038203,3.29225374751593
1495.26324692255,-1903.0874162596,3.01956999034006
220.361014601273,-402.150003146532,3.100684207001
879.745563258967,-1859.50719893411,2.95560811800525
3660.06936370617,-1271.74746169999,3.08158877209548
3100.00831519661,-774.37375559074,3.14735357217837
756.532412503236,-1243.81942659517,2.96636737325601
1427.50040508442,-1005.60650951231,2.84941382524453
526.461402160695,-1396.24126600083,2.84698015267773
575.607994328132,-1313.31686097299,2.7873647814507
1892.41767071289,-1578.40910473671,2.84088390920661
3835.67535914285,-2128.11321170838,2.8673348229592
733.794418632463,-1457.04043463809,3.03449481657391
394.317925583187,-1366.28040990871,2.97366931785841
2319.91526108982,-471.73102067497,2.87059386452167
747.455215744738,-836.201601956413,3.35781827183573
1734.92592340737,-1834.04892405305,3.27216587988841
1879.83665064029,-809.896998884604,3.10783500536733
3862.43232521797,-79.4051001257687,3.26494124256424
2668.16987369273,-1717.58972400779,3.2541373054383
3103.19462309492,-262.967316618459,2.93797290817867
1208.65005481527,-1060.56661436262,2.84773435173731
729.105469391145,-1951.71434459643,2.79791841732365
3705.42846500338,-752.761790937276,3.07407290112686
1748.34896170059,-185.534727686788,3.15753864215725
1131.48628906208,-1154.99297220145,2.73527684203163
4008.10617809289,-1092.62857678555,3.11398688401511
2436.49274880541,-835.272204384903,2.96856230968076
1125.6698304249,-360.516893029532,3.17286088782231
1488.97729320622,-2193.38836675479,3.11976220130481
2981.67345720859,-1992.24004667265,3.21754748913455
521.265179188989,-1332.41341091192,3.16097399750831
1857.84625354771,-1240.59496330389,2.85756859722107
834.465314696508,-1762.80727733679,2.88203512640883
2341.36819848529,-1312.06747405299,3.18558153277472
1818.61492482084,-1709.33866083226,2.83965901624755
3557.94077177539,-690.36260381691,3.1485714721962
1881.42984869944,-1480.60593429386,3.2554539524543
3354.33993667152,-2046.56999804178,3.28442160426018
2015.19247726722,-1852.96619501345,2.88399497214863
1893.0484264304,-958.003492574778,2.77249699462301
1959.06866000102,-966.905274660239,2.69709707523421
2985.68728733272,-1674.65143839878,3.15013939024343
243.438863497978,-2216.80224705104,2.97991819529843
81.5386299199938,-1037.06981166111,3.01877585862813
1825.5004434596,-74.0300700639915,2.76498411867147
2585.28897409356,-2105.13423595702,2.60938745582114
1736.19957972112,-468.238704615062,3.45199393367468
3856.93791346144,-911.448428938157,3.33463097179559
3502.50716654479,-1796.24010400999,3.34859264642304
2285.47303133241,-1657.14817582352,3.38606408127936
3047.89826714109,-1660.0973574282,3.25910030836245
1142.72782018091,-1348.674573514,2.82456314809038
262.603025950425,-1116.45047471234,3.26005399383171
73.5715011291215,-715.540891270025,3.22277171452343
550.522912455661,-1763.15415489733,3.08089080319714
1812.15335366947,-260.163495750979,3.62094366820792
1330.25702800762,-1631.63895776692,3.60111514866044
2407.25457217558,-110.693522322636,3.68360914918032
3642.59255938369,-333.044401358324,3.88892711959134
1477.66124062947,-1728.06610703559,4.26519832734824
1429.90008965073,-2158.50046098383,5.34869782486401
3980.50677325563,-1588.6471038488,3.16250619259359
4057.28731190199,-2196.92046039969,2.89444315587594
3684.20642577648,-1794.00863339122,2.95595686533892
864.270874987684,-1562.66030252337,3.21383507671398
2865.55196832107,-974.827917435187,2.84781232742875
1315.22825118206,-1581.85746912128,2.8677861059892
3986.40104416152,-1311.65106358409,2.82755907537129
3789.2989535145,-1267.72531448448,3.29407102835784
1535.59628416889,-1039.33096211095,3.0415640721056
858.573758674389,-1659.70724488609,2.57537702039769
2059.05618441894,-1205.6149689242,2.70648819380252
489.265059508481,-1204.66877752088,2.82322127032837
2196.09930232005,-967.924529268574,2.81133438540244
4058.13385507144,-1546.10052827032,3.06307995966631
1616.80265883922,-568.645480977253,3.09214434194258
1300.16294957958,-1400.09804880602,3.2676287362953
3595.38128709953,-1307.2323798972,2.98707413441332
97.2669445855419,-971.700923845226,2.94989899347683
2290.87634036102,-1413.57996976407,2.78662881706764
3986.07657931855,-26.0417081094063,3.00077741783158
2990.55534863347,-1838.67964611891,2.89098741595384
2038.23795681405,-1280.85856842413,2.90118969287519
1012.83070392724,-898.852521080763,2.94754338982299
862.328867283282,-900.633055179228,3.6787989660149
1607.22321929175,-830.734283631325,2.72895513945792
2180.88881004398,-1584.12210511244,3.31721518929473
2420.91596065531,-196.433248172936,3.18247207009003
525.002994402472,-633.674897584224,3.1668557299931
2075.77340905827,-1142.24949468095,2.72287699333925
3364.31620592056,-422.881132596836,3.08483588766627
2753.72527101334,-1810.17044836033,3.13330499876243
2974.93758404115,-1041.73090261075,2.95675726052816
3834.09177523171,-22.5937944286159,3.05660673658091
3453.66361890446,-1052.28944825803,3.1314139720869
2580.30560428672,-1789.78660562929,3.2682620735355
3866.89869796914,-1614.56992299924,2.87265594263974
553.599867113707,-1664.45763789163,2.7851938904162
4025.49563828733,-867.310139955184,3.04276877837087
3112.85530983486,-1559.63976023655,2.98055654562623
1024.65842781489,-745.69442418396,2.74161511555828
3231.51383022232,-121.461932403237,3.26678717190325
1343.46647169302,-684.100106846713,3.02471713852204
3436.64464429487,-1684.95140033863,3.01098195417832
3002.43409328523,-1842.11597128676,2.64511757260696
3779.93219842364,-2069.53626153493,3.29988711115399
2999.07609230125,-1592.47612554342,3.10792486356902
634.614716617323,-794.008759311091,2.82421685273213
635.244713068622,-1354.81767063853,2.90962151876768
1671.31283232824,-791.065793822046,3.43593133152994
3001.14866604562,-927.812784683938,2.87043135569134
1072.51781041456,-1129.64254819989,2.62549292906783
3617.27165765685,-39.2097213730136,2.71929469564235
394.697448842624,-1284.38207340619,2.7548070681776
283.03662047197,-459.645332076084,2.92111242511797
600.617248924937,-637.08995225982,3.09592310140597
3288.32649177749,-2060.01092159749,3.13980769909115
3162.04014703333,-890.791304511055,3.17336660660198
2882.08089431773,-53.9930341682272,3.2038931499111
2761.36119625749,-1897.21264494707,3.34250638540369
2246.81582367697,-1600.17943588083,3.17795915392719
3749.31515616055,-7.9583602765678,3.09552521215661
549.487865225318,-416.280949853309,3.18322190528942
3778.77173175326,-1049.80062428091,3.04696895689346
399.177280226693,-1696.73220954429,3.28762360741408
2010.67403087496,-1233.82941426275,3.6429338149442
3341.43130302531,-1123.40338809628,3.83020404589845
1195.5558814968,-1591.88910042418,3.86370909102465
3214.5125312336,-855.91279914463,3.56557756413174
386.224211092072,-377.99990823202,3.84561344866505
1098.66224967643,-1617.53412172913,4.01806068707038
1209.39985824857,-1707.69976066913,3.52959283147759
1110.38573713917,-1141.34992465384,4.42455252834737
1882.56308452595,-1490.2581124314,4.05713917244593
3658.6753595367,-1062.73906351888,4.29793165562739
1383.14131884969,-1689.74578416983,4.42842523212315
1818.11865035298,-1600.84860367298,4.29523027840658
2294.81754488008,-1172.17140031645,4.62705456580351
1322.1854817126,-978.99842278875,4.50541131708269
1416.85530413757,-891.166443544638,4.54375335453451
4002.35876374526,-1228.2922492729,4.87345300717646
NA,NA,NA
3717.4624150299,-437.867996007306,3.1369499114756
657.869734937593,-1364.1780682917,2.96029739575491
3722.96037707645,-1158.71500337323,2.88228259928822
813.649102212815,-1225.12373884432,2.9871419920341
975.303015328346,-674.13450495478,3.02181538315412
2461.75439959726,-2062.28302167875,2.70559705900624
1165.95000855662,-1717.90054172326,2.97764860703034
1977.29654878656,-798.610727852526,2.90807327535291
4025.82913677541,-1087.64573043291,2.89026783514667
1195.10030984019,-496.859968624065,3.01764350609251
2593.72301061381,-1857.37875206354,2.97663332751286
761.802673707789,-597.746988232773,3.02138547453333
1608.87116940878,-1399.78733394234,3.00627839734949
4003.22715378095,-1044.85619507172,2.93559760198325
2420.18618343737,-2014.41636829949,2.99750242423665
3488.26948733991,-729.893640343677,3.061256854557
3981.71036812828,-866.813708762875,3.1710625493794
221.022572572622,-1374.84064451647,2.96897835229101
1079.18307756517,-14.8869530604125,2.94882805010228
1250.11403506059,-1075.41958547035,2.95918650026087
2568.81260055702,-22.4435099673333,3.02197559603323
1978.72450171841,-873.935868187341,2.88027657027179
2574.86514615533,-821.913122961979,2.8325456827292
281.321955742763,-1896.00935243736,2.84567960483004
1572.33259007123,-795.974241155035,3.1127002975935
1278.40791851617,-397.909101616846,2.86150727339586
1200.53533561431,-1374.60079154244,2.96009998804349
2811.11881250474,-62.7965847188343,2.99312075840634
1792.28470673528,-323.868624820602,2.97779929333934
3489.07285658398,-1728.95368767913,2.96457282656082
1310.74516364243,-1636.17324007232,2.90716256226695
3427.18657861525,-2117.34659201159,2.96523168849954
2832.30802588274,-961.738028477032,2.7712782275272
3392.2851671825,-1573.25475708705,3.18011668294914
3808.84935978793,-1756.94612076506,3.01381507397998
3480.17747072222,-1448.62523460289,2.89200990548032
3507.66880355683,-1920.10573521967,2.89238579815737
2839.2164409596,-1008.95038018287,2.99571643235343
3118.2189893281,-1686.69802586774,3.14835159430618
2039.07812327044,-1469.21420482515,3.02192088997258
2551.32980772442,-52.7786143439732,3.07410434454234
3126.81829745182,-162.460390219155,3.01314201173301
1768.06354933631,-1951.96419110208,2.89876593114187
3189.6076699406,-1911.57780974663,2.9375775957283
1363.8224922124,-1620.80968085189,2.99581678507319
1082.98334321419,-550.147701752643,3.05511045463066
3272.35799017139,-18.3022681028211,3.05800068475342
3370.43709874947,-1212.63174734229,2.8979802037
1845.78532804766,-342.952614169195,3.17384071685714
1048.33571800882,-2163.86829058608,2.91238414538937
1046.02201868283,-480.638531862564,3.08802879729347
1214.73138189065,-1892.33506665246,3.00768233855811
3439.55189566626,-1256.12923520666,2.96749454941335
324.182834726928,-1909.90090234024,2.87186829077174
2995.74129981522,-1627.34132579276,3.01402213985575
4028.67208103142,-1794.23752688421,3.01933424758883
2494.85766978532,-693.57045862283,2.97027067991902
2628.83890030409,-1572.95745325667,3.15621548848005
2055.20418237566,-162.770635731058,2.81891188739436
1234.48364964221,-1693.66451136301,2.90503631016637
2759.52965739794,-135.741238190649,3.00180871397444
1721.93815169715,-1963.95373710505,2.87837609396256
2552.06335496245,-1415.29771117074,3.08139315129765
2213.06676535737,-397.899802252312,3.11458537780693
1034.06302135416,-1266.91771709324,2.97208964647717
3489.56539015227,-1314.22724846363,3.09933671067936
3224.32347628471,-1405.56542115021,3.10617921637911
2712.51562572094,-1450.79179519526,2.93611170501554
1669.17636452597,-1366.96322526754,2.94278632881341
3890.40999854319,-1845.40070572143,3.11070723441193
2618.57011809031,-155.768034102603,2.9781798177874
310.338212607993,-2043.37606458356,3.00113385857069
3792.53748382282,-910.927734151892,2.91090977046493
1355.57072375622,-1463.45518363736,2.98860306092581
1266.22634594387,-1630.63262289212,2.92054956881099
580.235331130352,-442.923645713897,3.00272684351526
3393.70350430506,-1698.48534933678,2.83315836218335
1745.50450490571,-1805.11366667036,2.95200974504256
2868.84884111564,-1593.65382243684,2.98702843818344
339.539844162942,-975.156181800976,3.04395062097819
3350.23798027303,-907.693855417009,2.92134895895153
3255.69657357925,-312.698515483059,2.88392522363306
2260.55498082534,-473.811319423571,3.07585974874152
2465.82883884099,-781.785682263417,2.90455966430705
803.818354291739,-310.048271523303,3.08044458497528
1210.38172088981,-628.977416019172,3.01674806065695
1888.87924422428,-2112.72030813719,3.07819152867489
101.658341699859,-809.916393516511,2.996978297837
1934.56438747854,-90.3147156251237,3.02348228794039
1611.41280154285,-181.479155199999,3.02588222021404
3369.71332480609,-584.333715274111,3.09284707374417
1156.7014792043,-618.751166020837,2.99800972786108
3286.54083480447,-1508.29536249154,2.97195665488062
280.684093036329,-751.133521422081,2.99382281933441
798.344986583903,-409.111143170099,2.96785873337612
1489.71178128516,-1954.10097968591,2.97853845151674
821.143482109209,-2204.63099205637,3.04454410753
1759.83455329913,-731.971831159686,3.06402060156832
3599.43730202125,-1732.7748869947,3.039083183267
625.507058724402,-58.1154005174159,3.02055289603491
843.619588408073,-1968.78751126483,2.9496351773402
1900.8872006207,-107.074409151773,2.92330548917162
2328.31966810441,-298.84014479973,3.09166221541604
808.061859570942,-1447.40186150043,2.87026384420488
3216.11340691421,-2127.44091016665,3.12733662048884
394.451362296598,-2100.29475090661,3.09910372827144
2566.82336594119,-2206.98105756808,2.9643417434496
4009.94616089409,-526.536332571345,2.98624929593238
330.310792309081,-140.377354009395,3.04238512514437
1736.41589906416,-1540.95363284351,3.06480154288673
1484.90899689095,-430.45934333451,3.0732687839643
2167.23592572808,-450.396196595254,3.09640865058586
2389.45316730144,-1035.13134751366,2.87969285081681
193.29442597957,-957.65901118211,2.98263801861314
3640.15408300881,-361.638325618454,2.8348999682211
3981.04866912302,-1856.3499473983,3.03185477273393
2153.79352421037,-2086.09042757984,3.03438230366401
1529.2539497147,-1136.13583586903,2.97774342912381
413.955495998239,-1512.94787628687,3.15614053579453
4012.83369112483,-1696.10734820858,3.05357630770408
1857.49022095777,-1427.35019777242,2.95463134498226
1663.8135258668,-576.571868444183,3.14677789130027
431.895372207744,-1479.1014225825,2.94753309979476
2062.12918745436,-126.413920762681,3.0657204627635
2888.54689370291,-1307.26809356477,2.96244774988695
807.939301341999,-148.644336665701,2.98736163106827
2162.42474912751,-541.642232016532,3.02622102396571
2675.27130811022,-495.386021498797,2.92498279868878
1457.7879430598,-1321.90620220725,3.04434966235581
3054.54269692765,-932.965730908305,3.07543579373895
3840.71935630319,-1313.84309905297,3.04525043048194
3389.70072739465,-69.968429968793,3.14893204267862
2564.31266646433,-607.523197929355,3.15297144828018
2404.03933411351,-412.410880224654,2.96105657164571
2215.01753951012,-1340.05204247611,2.98430405965343
2636.47742685083,-40.4205650214097,3.04831161193085
962.588763972178,-1060.36274647853,3.11108998849559
3664.51013811865,-2193.90600122108,3.20399934555358
79.2502005039491,-349.654442203875,3.03414642086704
2902.58268037632,-492.24338004519,3.15318949950439
3419.68954766444,-240.217547684604,3.03176352212149
3228.1780284036,-1093.99867543419,3.04307019564843
1508.46427159505,-1414.72391890653,2.97940285702274
3198.56308830812,-1591.38793846029,3.09195228961955
743.780591168611,-1966.6845881873,3.10172802346354
1708.75930032968,-1624.97428728667,2.9348536536297
1290.98837931366,-991.993374889805,3.0832065168687
1917.14706758099,-651.394313122146,2.96464454010135
1273.89521442667,-1798.76118914771,3.10096214448561
3063.34891142449,-700.872324122091,3.04279382335646
2494.11728520951,-449.294608785695,2.99749319899244
1391.55822064962,-679.875172235392,3.07070115473802
1281.54354353132,-358.393198269619,2.95762949880544
1722.60056565892,-1807.27564476595,2.93315107275438
985.550244088632,-1750.03768689879,3.19722866363727
262.8946565621,-756.756102278803,3.16603635960487
1015.31540050008,-456.867873651751,2.99982619492892
3478.5116644045,-597.449326502477,3.07791287926318
3883.79926552442,-1489.42328636452,2.98785084804647
3915.02054989451,-259.067495082435,3.07752972309287
1054.52634294318,-31.2601252282842,2.93625186225876
1434.78975103245,-1927.37210664047,2.96051641058339
1837.02027363061,-2068.74361002133,2.98338602889917
3394.06412241018,-2208.43693578249,2.94379517819682
2868.92177227186,-1640.57150071376,3.07921464757387
1810.01056313904,-86.3160973988102,3.01773033129292
600.59910216152,-267.040840693192,3.21258445473174
3196.0058983128,-1545.6048747843,3.07663121446658
479.638014343888,-357.631469081088,3.14866171451992
2988.06990530855,-1296.37197845406,3.10996570533348
2290.49075262661,-166.304693981125,3.18660637628126
3597.2017119759,-338.77285939775,3.07982746821602
1365.41494625534,-1700.34217941353,3.05617804385896
2185.8789321933,-1572.55813638104,3.03971824226193
682.552894469145,-940.391707905528,3.09853721124693
1726.13879392685,-1727.11976677908,3.01423330079161
677.888253336495,-1551.4346172508,3.11527258716199
3901.5673883594,-875.365368884829,3.07807688045986
1974.29009346067,-1487.07873259307,2.98328687430248
2652.12646423627,-2146.28083078565,3.0183253655978
1567.35447754972,-1719.16542751319,3.12863852716776
3250.19322686455,-181.848718091353,3.1056091848328
3873.65976488849,-1068.3497409981,3.05741614312764
1430.55373824761,-2178.47733001358,3.10987488367408
2886.66366392784,-165.981528137358,3.08694962549003
2464.13378021959,-878.941928757019,3.06246571249768
715.609141665036,-1822.66793279607,3.07936464918565
3331.67415519081,-616.269159644161,3.08532106043795
3050.66180376329,-1327.67392360762,3.09995943376003
774.302419923595,-2034.63435888559,3.19269881099585
3300.64914005973,-1090.62420624926,3.06973106150542
761.19675727462,-488.370538885697,3.17654468177617
3557.78857291865,-1873.24223461868,3.05760544381566
3544.52870017112,-452.747305918663,3.17524895748584
3290.61991335067,-1031.35168129532,3.06824643494652
576.675318429697,-1932.40143502176,3.04679874104892
2572.02204015182,-243.808560777733,3.11881704321435
1770.17725275126,-1888.33771769026,3.12738244590391
1650.68268580841,-963.422036591346,3.08349687515082
2433.33720472111,-1954.5668662665,2.92758965822967
3252.61157220545,-1295.26236918092,3.17181475153326
82.5431718666834,-404.984621647758,2.9649537023226
1765.11995165653,-1495.2878216214,2.84889178292303
1827.55438835786,-191.004062580339,3.12023145032234
1834.99006029961,-1845.83319494195,3.02881377434335
3597.94027054694,-898.742295343027,3.07180650298395
4015.18690297596,-638.08940787044,3.28161451702423
1026.07820312039,-519.1217316913,3.14711779574083
2623.86620881357,-2212.10377343197,2.89635413611938
2604.56293184331,-223.386474121217,3.14242360760709
1509.61174216786,-1774.0206573722,3.06005266526624
3041.36074548391,-1858.93635126512,3.09221663584541
1995.02575582364,-524.638418946773,3.15242699078266
2498.10486407867,-876.225936060171,3.07819110591558
3124.35755970973,-742.3527191571,3.0789775783015
1465.83041856971,-841.789389087433,3.08767736334036
1174.19098296131,-1378.75888070088,3.08543457084176
1483.51650939721,-1461.44888094788,3.05422757376581
264.059151876852,-407.184845158848,3.10671498696895
1705.91321543074,-668.262446670871,3.20750914901597
565.976304527898,-1474.61399797642,3.13235053205729
769.856956727965,-900.361214416304,3.26773777757287
108.871076900161,-1437.31931558214,3.12822308032617
2951.21027169141,-153.481751943065,3.25146510494758
1992.35864621701,-1871.05682482573,3.16270896292595
1901.82343437431,-234.295026125342,3.12207700675319
700.618911243786,-746.34491240644,3.14604672572852
2663.17027515467,-936.577753412424,2.97271234700465
3318.62758531051,-533.194798546092,3.2006457992326
1347.99576109667,-898.107179762241,3.13346486305773
2479.67405085925,-639.989234074457,3.12943861629744
2569.03536357392,-1625.47751516121,3.09510513052212
2365.2751048863,-1731.4029822316,3.06747777330838
1395.8573143309,-1606.48784241582,3.21655876221223
1275.20996844249,-327.591880541974,3.14742873699542
439.790559775965,-1574.29295581171,3.21925006583813
2266.78973493643,-1644.71935564989,3.08439224805979
2394.06068155021,-874.125409640508,3.04856027651459
3688.02668632686,-1733.37374045292,3.03121550153024
1424.93760886732,-2047.13422931705,3.07618004761326
3235.467202177,-2018.15685659046,3.0918652277044
1222.54887799648,-1028.86175281728,3.22264066278256
2170.1859143526,-924.591574160835,3.21399784155238
651.345093062656,-1216.74633226855,3.14371555826661
2464.59124349462,-368.504447870165,2.89132131794649
1927.33841748528,-1558.77053059377,3.16149674375702
821.937738907106,-2005.74226859347,3.11459649711224
2677.20541920324,-1664.52023203224,3.12109693120636
2944.11086166834,-910.10811649954,3.03482828601744
2735.25809403285,-1709.36195496082,3.15373677234392
1927.58073555939,-1332.23151388757,3.06507556985918
2464.54584645404,-179.326157968891,3.16056044033237
2205.35873249372,-452.054543031337,3.10180189471857
4035.55917831213,-1761.13345043774,3.18053026451781
2499.26252741143,-852.810596735835,3.07807045858254
261.874879380956,-809.891491445274,3.11943243106931
2567.10240278075,-913.776547377648,3.04283619682799
2677.02012051721,-673.180365080913,3.1121373085464
251.665209620793,-1470.83783066986,3.26065189638311
3775.43098190516,-651.727594850092,3.09099658515703
1607.08757170758,-301.07959248343,3.16871282829228
1618.60337582954,-2140.91989721399,3.13413928670053
1605.85385231742,-2215.94405903577,3.16016891756246
1487.97247356755,-378.615598874428,3.16851833030573
1762.3152259752,-282.500214502925,3.19819977488915
868.000602410116,-1325.61868948651,3.18197616386488
1827.33475656816,-41.5772963289897,3.1626376210699
1454.85857998637,-1237.45161912,3.36014273384091
478.296505987367,-1841.04375060969,3.24897201760876
3668.84673806148,-2019.43291453662,3.18268004432981
399.200789185507,-1194.55113427867,3.27950776670456
3489.45842430145,-1343.54223942965,3.13011229235545
3789.2070189152,-490.724968630351,3.24835457038696
966.334508699222,-1428.85650375771,3.15609976936648
3368.25744736974,-297.156686309241,3.23235037418848
3756.29761919203,-1691.13803014838,3.28389646026048
3190.25666013781,-68.0243684816888,3.25442620486803
2252.98351333897,-787.620907483101,3.04688061872751
1400.12069712013,-712.760428635878,3.23870794982349
3654.71878754257,-175.965455583326,3.05489012551826
3572.36624758696,-1364.20517254192,3.17295573113225
1974.34118400492,-945.897775238096,3.14706073872615
3984.73599430188,-1138.81203511201,3.17032231812478
3103.60106099321,-925.321228437933,3.12630021766278
985.375946468006,-995.305422835995,3.26296240683027
774.174228541996,-1337.78358182165,3.13484840332193
1276.40613082455,-1104.65866901362,3.15719306709711
3027.89713754412,-1543.86951617439,3.11141008052825
2566.19613834721,-505.025842741538,3.28461702559915
1856.00381582075,-1956.15970127723,3.13100299462078
2195.05354493119,-796.935701224577,3.19351537863016
676.720960909861,-44.9596369286844,3.24641908386814
3955.12179160559,-916.302603086911,3.18982095898093
3835.79131968552,-459.015689508644,3.280648576364
3000.8519892958,-662.45839236818,3.19530952054283
4059.0319947691,-628.978930410943,3.10419777795456
1978.16128044619,-14.4625887829078,3.14672421074377
3664.55579038628,-311.622998354883,3.09627758183527
2788.11751131331,-207.543216775746,3.29962281247229
2770.0172607793,-1872.03871611105,3.2308478695194
3933.18603097933,-2000.22017921043,3.19130759091133
1342.39501522636,-2011.48660662241,3.21888843124453
1088.75047690143,-365.553471414257,3.31321366986811
344.779119998372,-595.143163325544,3.10422321980497
1912.06117876705,-1795.19029998161,3.19470162888939
931.862409045086,-772.73464409187,3.2151534376902
2746.83664291729,-1453.97047974335,3.22415701369386
2738.00235798049,-335.673207049061,3.07641020631099
2086.24831583369,-1577.87415331599,3.21847259079771
4043.66191825582,-639.942162201831,3.24903573156796
3717.57433451072,-1739.2945504096,3.12276746668664
2186.76283792774,-1671.26327083942,3.15691841368729
471.794835976633,-1398.92379331752,3.222625186522
1087.83435302973,-2054.21781558928,3.16655838540185
3374.92808748013,-93.7810969955745,3.20476553425557
3468.43921948071,-1346.63628795961,3.00971138215712
3428.32531537538,-2175.41013178834,3.21287199816342
2743.21887411172,-596.946094314805,3.1330734648688
1701.57857239207,-1329.27006657638,3.22044213291205
3161.31550000241,-1937.68204093479,3.12496680736594
3386.15312778972,-466.700111211159,3.30272436525148
147.678341421041,-108.347184113172,3.14319621980252
2614.43259424251,-1978.24664021406,3.33052244338608
878.396623516661,-2089.34090607451,3.25042869404945
1166.4101128907,-896.494276065882,3.33423165851461
3481.66547209413,-893.822469723854,3.16488877153549
3195.54520260631,-828.369957095779,3.27921328963558
1099.14667096888,-1325.84162038337,3.19371065702097
3326.95805803375,-1835.98254302409,3.23111858013301
1963.9551852457,-51.1826826441835,3.16476300334852
2904.48365811209,-747.419565212803,3.2301493605908
313.565161257479,-1533.50779532403,3.34312349168825
1781.27548629965,-490.587045051874,3.16726512120911
1493.28002173509,-1788.66750863691,3.1251216363671
3947.12567394295,-849.672894909354,3.10273265748515
3808.8707963026,-9.63994725423968,3.15196691271841
3622.72053073501,-1563.71213709712,3.2679455652765
2442.41143699353,-2140.81411147063,3.27529131882889
2029.81076357999,-350.016707581602,3.23649710039895
3008.90443865613,-171.144222176175,3.26607487235836
318.62907744316,-99.0437964054179,3.30763951334221
545.284276846682,-1277.62125792312,3.36620366729855
1000.05878362022,-1701.05470234194,3.24452597975285
2805.51002232005,-810.743205430844,3.19905469579853
2701.06416987898,-189.855600480867,3.27460912496331
868.07092508892,-290.219226188839,3.3257305270886
1455.11868297367,-1746.29827681728,3.2633056338925
3082.69525287325,-1861.33926714779,3.13433677059117
3549.98443834788,-1157.43035301761,3.26400322208653
2533.56187102456,-183.005136552616,3.26058071009608
4050.35106617947,-1620.48801447281,3.2501050074207
828.034636654657,-1917.06181779314,3.29672221157114
2639.09836759823,-897.257449004858,3.22383006341869
1039.87087322369,-1498.88795125367,3.28989947607739
863.962728716448,-260.750450761593,3.1023900651034
3686.10448949073,-2009.82029775467,3.37116676790699
3971.26824577857,-620.314358824797,3.36983298141339
3026.56489781838,-1841.34363572138,3.30930056824259
2794.97736862411,-2117.34407585296,3.29214260782116
3219.3739835694,-1827.91889250077,3.27233264495946
1073.36519612506,-1291.008411687,3.39725234400582
1879.2575740581,-38.7332842334508,3.34500309728976
2514.97362663637,-3.45120231710193,3.43842764516324
1508.82096429341,-899.986590221432,3.30465517849874
301.612659260238,-1949.3368699282,3.3734101493352
2336.34272100114,-69.3156145265375,3.33806091344416
893.943963440076,-1983.71298286849,3.21423907664488
3430.73547024782,-986.944212364278,3.20913542786438
2184.41659314739,-2046.1684177664,3.37873700182023
3698.65913199775,-1884.50334298994,3.29684017495269
1478.57205973644,-1970.60957830133,3.20378993835146
2491.30490726291,-1483.02737892721,3.28336627262354
1989.17316275818,-1509.76349686116,3.37091702260344
875.756005850359,-1147.89181383962,3.38202048388436
3556.46331584832,-1342.63728018642,3.34899804288106
1093.14797506051,-1516.0644801187,3.41443498321264
2925.30060114458,-305.754251668906,3.29487470048184
131.344380020455,-392.834050183685,3.34263052994427
2396.2383896453,-282.683258100815,3.31573073307019
2180.69533134603,-1423.60364583642,3.30687977164982
108.058953155672,-1502.89135353892,3.34080775841742
3791.30100799148,-1028.1694629635,3.03977397378273
3952.85011260447,-879.817060189367,3.23939692267306
3299.24417404844,-914.791928845711,3.38466663665291
2349.5139598717,-713.723649959577,3.18728598451846
2358.51140648024,-1863.29990076498,3.22632653613309
2144.06340732326,-627.706314514854,3.29102146037472
77.1420741463675,-490.753879818073,3.29985445574843
3576.25353279699,-1192.65258625326,3.34153779908932
1899.03357948661,-64.8744617999452,3.3384350596262
3615.13842057329,-1512.32920030479,3.28755366812177
2052.97053605092,-354.348902010925,3.36693760241238
1353.77249947126,-1319.47067486307,3.37348532870467
2329.59588532591,-1808.2070118245,3.32166102731617
433.624782587207,-1367.48247844734,3.35268778610624
1473.06982049356,-903.593942599329,3.28363428364817
1132.15269146473,-1226.99521295684,3.47979299048549
3162.17871564184,-1765.64206823025,3.34752540790256
3184.61282222566,-1871.29149185353,3.29322499054954
1044.34952672357,-709.96287193811,3.34625631638726
3191.10443072435,-1434.40434253874,3.32092457917479
2216.04460015288,-1688.00237110045,3.34487620208192
171.398431546439,-772.765648005883,3.35494402227579
2742.49435858929,-1641.0124184235,3.42582587667822
3258.53221690497,-67.5898422969631,3.30119155920852
1163.85094731968,-1146.01993499413,3.42310233268308
2926.71727096055,-746.540619443881,3.37396076655209
3240.99756067342,-799.851777281274,3.34062639109917
261.588211827442,-1352.72241422254,3.46690909355315
1780.19384628095,-2099.47639369484,3.24928893224059
2115.13182169665,-1136.63062493094,3.38379426380757
1985.99423790584,-1653.90211858417,3.37851744226987
3932.77035981802,-1448.72808118522,3.3044404583622
3909.69399220663,-1267.80317463489,3.46412308078702
1687.96654148496,-772.761482641925,3.4708840398678
3032.74651588025,-188.759775920041,3.34567340630423
2166.34781334301,-1107.29941005466,3.31256379876488
2625.53195003174,-1617.44180161163,3.31812039771111
1990.07499976098,-2178.4900980686,3.36664175035334
432.045707421362,-1737.60338580742,3.4312821174312
746.453595407809,-1888.73650871503,3.49684160024356
1701.02885764497,-1475.74789447381,3.35815919642236
1152.18836488553,-1003.49240739688,3.40684355051416
1299.92455063542,-1050.61311175026,3.35954298089292
2427.16375142229,-653.243086143796,3.21391533243854
3412.57638733722,-1786.30670081078,3.42242371697085
2313.80030583891,-85.6042759247725,3.45193059949164
2088.4847193306,-251.006444215872,3.52024300841367
2640.74103947857,-676.386619531536,3.42189661203671
3379.81035464241,-1528.90226677046,3.26834411581539
2368.89044525241,-1680.5753347276,3.37437133899908
2784.77230375262,-883.945460955508,3.41985720483298
2923.14271998129,-2210.2493578286,3.3471870483672
1828.47820717911,-2001.04983529753,3.39948432456079
1472.37648053803,-869.194439191119,3.32250710492467
1791.37819179078,-684.618862231569,3.45596589727504
484.237511296877,-612.846221655156,3.3629499190727
3492.45535339937,-1208.25080860051,3.50701920203868
1952.12737042053,-1441.42073310585,3.52024019563888
521.625961577788,-196.769548303427,3.2848387096832
3658.77323872687,-2134.20312281624,3.37596993485608
295.060054668634,-344.03280782648,3.39449146736984
3690.25813664219,-616.703175459505,3.36278594650021
3168.13505955582,-679.770167362742,3.54737558952902
3429.12760679087,-1200.80198355051,3.50659473205785
2215.21267963824,-596.252662091441,3.42714518188918
2127.39585083967,-233.446798254393,3.39236430459938
2678.50926999653,-102.01024597048,3.53348451842087
2181.27675473461,-6.99280214734784,3.56835706671584
3158.60920268201,-560.965192451397,3.3817520019989
177.531247900686,-46.636875817165,3.48816512639931
3276.95905749557,-1548.75916191407,3.43664194924774
995.874247311388,-532.221177477094,3.59029943721525
3201.38209757112,-281.788015865457,3.57924310138654
939.3781674429,-2145.18893358044,3.55722569288153
2954.06852052671,-569.376882685698,3.55398276915905
1880.27572547698,-1343.58729812605,3.58809279361647
3576.30889742182,-542.511603565895,3.51838728997175
3634.69619999643,-1085.62584575697,3.54293263840448
3036.02518421385,-851.321152810393,3.50651715127538
1684.3290983849,-874.231014493474,3.59134624616332
326.776249965652,-682.919029831717,3.64411957474025
2823.96581615927,-2097.14760332447,3.61924155960701
3804.31419463479,-739.677582400441,3.52712726892239
2467.24664058363,-2015.662180163,3.64652328677098
3723.99662180382,-613.516274487888,3.52082243181662
1812.87023712345,-516.673440283165,3.45756875411213
3094.87424826276,-1454.20848255433,3.43042523567038
152.293478539006,-165.561526906463,3.52645631227552
2789.59297632336,-828.732730576629,3.6687654259842
3086.30570173543,-36.3795261481439,3.59865363991175
2066.13945785479,-681.178338480431,3.49400666162748
668.104330978833,-1454.17385327061,3.4420799959731
2824.53500558993,-1098.4057037192,3.53071645330401
2347.78459094569,-118.676196746038,3.43709524442351
3635.68830934648,-2195.15856872842,3.59281567919825
3295.48114486944,-2131.50414000522,3.3252942371713
3180.21157186683,-97.9291322872046,3.54983046059918
2384.25435062784,-159.470564397953,3.56645316528158
2285.81648402106,-566.342659587402,3.32352772453293
274.618620626538,-9.63323195287325,3.58928636791608
2345.35241455351,-1414.58040861418,3.55422007282508
3281.96077177445,-1759.62116966818,3.59171268577785
2566.15568338753,-2025.96343228315,3.64885417060142
2312.30303406807,-1965.30304615042,3.47137884796324
1252.4466547632,-1726.48240926664,3.55070380895069
1838.64485751937,-1359.80251443839,3.4892961503092
3844.62928884224,-1669.93811751375,3.61556213329496
3476.8876907961,-1027.29738173747,3.5142039238341
1876.04186810769,-1379.33311080006,3.67520792594474
3354.4899053321,-2197.46896520312,3.6148842859518
310.92399076941,-1334.95921455314,3.62625383269724
1942.54990984699,-608.757726254747,3.49729441491546
1488.12267636749,-169.266326857724,3.47518432904628
2994.95402141768,-1441.57616144137,3.63516072575882
4043.68991168432,-2058.41328599075,3.55846083272306
1309.12489678335,-454.710954599037,3.54880174351984
1682.24714761503,-2162.48836893119,3.56271849066869
1535.04085463242,-2126.90803150655,3.65382200876661
190.069985822966,-886.830726936711,3.60073630396286
2470.36407079048,-2115.74906010184,3.77833251754533
1783.6709353306,-787.24640013715,3.56767277587712
1838.26270900999,-601.802325896931,3.65397888420768
519.351195237457,-1554.32122973775,3.75545982593628
2725.64604048408,-280.333091103732,3.54545141909138
2356.58867241438,-390.67292784782,3.62279527588133
1281.07545033751,-156.838239017598,3.75040684789667
2826.12509046724,-1197.42679514198,3.43416910541398
2133.57695597858,-1291.4204021151,3.69831125795472
560.912314890683,-1910.86824221611,3.57664160008674
2055.75183538261,-1822.07704237489,3.75791834574795
2837.09827496356,-1585.00316936943,3.62214274716019
2964.83575698042,-2084.28418599815,3.66116680340996
1186.71430865734,-8.65422875250075,3.66330429391621
2291.10558788849,-1088.19074400351,3.765712467903
824.433914451389,-818.387256396088,3.63635231289008
2546.16164176891,-2157.43940329505,3.64438758539575
69.7631023187863,-1509.98377333203,3.45149873310076
3897.56539717414,-466.384733497335,3.81724551508086
2833.23366608215,-712.20356596347,3.67088556519558
3721.76588345154,-686.34271060598,3.7068284783241
1218.76014693936,-199.147146833704,3.78181118385535
100.842365215103,-1324.55865065994,3.77608646287357
997.133271927838,-1165.13065879913,3.74369476576764
2383.54168397021,-1353.83990109898,3.80509188109468
3254.91049194947,-1131.97641831427,3.83217499579802
3003.66126691233,-1673.23049498192,3.81451814126571
2281.37904520258,-298.781738092861,3.79814796825201
1003.57729256134,-898.565743593002,3.78587840393376
1512.5645616909,-1731.34014820456,3.78135534279132
3131.86664153784,-1994.10142481875,3.81431234347715
3730.02887742614,-299.156001242754,3.87622772134275
322.543342491039,-1729.4549828548,3.81395583720427
1870.674509691,-1997.33634337015,3.92054015790946
549.190874248602,-846.086126593669,3.9482880742475
375.802581383643,5.66095595339374,3.7962971648553
571.346667326508,-162.978763411719,3.82997774710195
3060.07489749992,-760.940526990584,3.73608681994348
2703.75815909228,-2038.99115259349,3.88824347865315
169.979482210558,-305.239521691107,3.89044157219221
1357.94395629121,-1042.31319002467,3.72441337830886
1601.73875381804,-1326.77811103051,3.91208362198671
355.947000074467,-762.223455197812,3.75367185252401
3750.52731527844,-1027.64897905805,3.69899098428035
2875.19361932688,-11.1336856575273,3.93980708727891
517.514042182555,-118.729945180133,3.82496476020353
2421.92100648215,-1006.34175639269,3.78275392178431
3346.07806739272,-1354.288403665,3.83741446942596
2810.70632194126,-385.380731497573,3.83190108335079
257.765959953756,-694.965829678783,3.97496004674664
3780.32044252382,-1515.23229983158,3.80250904268172
2460.39004072211,-309.640684999089,3.93345473296381
1088.77780270837,-235.167133249098,3.94059511137708
3017.25214025788,-295.069544035082,3.94989819017813
1948.64718475474,-218.123711469404,3.98057006331166
858.470503736164,-545.551866357667,3.98906689089368
960.117009812574,-273.437247594988,3.9344341830953
96.9653861358253,-1095.92548240308,3.88131427303495
749.09110523089,-1136.13351024425,4.07805178343662
3276.15143809354,-188.129545767471,4.03259975603571
2986.51293543659,-20.7441300435151,3.81759699715697
98.7303860303456,-321.559293154614,4.04612664095931
1146.87864707103,-2216.64692697928,3.77204935995994
3262.21790377437,-884.95640743321,3.93947783414594
2598.34558637974,-439.094493113208,4.05938368750555
4003.00295742642,-1312.37905160424,4.07465395327409
994.16903347904,-1883.0040620931,4.11669255157732
2240.36110279491,-1979.83467197212,4.06291861747873
3310.69219107393,-1905.28729391343,4.01366475584535
1758.62977424136,-861.552520724271,4.17525235255149
2943.60035727253,-975.198045486174,4.11290313468995
1570.43795273391,-1080.28945665036,4.12475385626942
3312.67366440864,-248.091350311426,4.22894505064151
285.009254093009,-542.267166871848,4.25833904903337
3082.63903202446,-1948.00738738592,4.0561539768748
195.233431176552,-396.064912447366,4.2257255960028
831.951523895923,-1347.86960793444,4.2685694434181
3762.13414490747,-1431.07420030721,4.18341817107352
1250.64790167197,-1524.690409923,4.31183580776587
2730.62902203776,-1966.76978227568,4.1767142417872
2442.12821398839,-228.460333651643,4.21418646563528
3455.59340004655,-26.7900910451489,4.14686097691658
1233.17703294259,-811.908234932555,4.20460351629441
2586.43358905156,-731.711624250868,4.33307222021236
403.45160103467,-97.4100325873895,4.34612606101331
2341.88190035086,-1812.948252854,4.44956337922209
139.705471079876,-1177.83175485666,4.41860474469987
2537.86515831994,-1929.5940896154,4.33846127104397
451.694948749871,-893.335443584511,4.38970317537256
2101.76382320136,-25.6351975851512,4.48171699720579
1260.18285223644,-2162.97404569995,4.2847125042864
3047.88290605568,-830.598618235962,4.31245299460784
2284.04792351132,-346.865543267426,4.4065368937627
1823.09174385255,-2152.33903617345,4.09180920775417
3441.37141649476,-1657.30301593657,4.49281252659079
2486.01109464736,-1322.63807470455,4.47679174686636
2338.88644905032,-675.758167401438,4.44694497863428
3341.79838540957,-683.868605390442,4.46667956056316
196.272905048516,-1263.28787771274,4.31495688410923
1728.65721037653,-1368.14597231368,4.54905571297445
3956.94720771363,-1398.42146026552,4.38810400867156
855.843636469681,-1096.33070239425,4.78519755677989
3039.92499106689,-2083.64475862505,4.41762890385315
2054.28075651617,-1402.02381164979,4.20808845070477
2923.78004147715,-2035.72553193909,4.49238516081002
3132.28918340601,-1086.6992731455,4.81447737912193
525.968151761545,-537.721418520151,4.88220163766142
2569.96670041697,-1608.36755557587,4.62727887199006
2979.59640385188,-2158.99482001579,4.39590671490535
2895.61564310215,-434.523144660202,4.85656176930289
3612.80817763486,-287.04047380239,4.75278758118473
1125.74104567373,-1428.23652114096,4.79738022300082
1553.55677034989,-666.428837215035,4.68806075816659
551.963890426299,-1204.63794311573,4.59508292280029
450.818894332038,-1294.54559543661,4.58004897892121
2181.39388018093,-1876.15965069736,4.85567451601788
2670.14565548767,-2102.8410703513,4.66876279335035
1354.1226674548,-635.007492682796,4.96385216645259
504.485052591217,-2078.79471426337,4.8161184302875
2963.88350681289,-1951.92619179478,5.09334209491319
1938.50126112628,-2188.86928731874,4.75572001485928
1119.61080084836,-1982.26916920666,5.13559980175796
3213.01894516695,-1255.51402086937,4.81144356521853
1687.73677559721,-487.733247051304,5.19615897117852
181.77207726964,-663.566660241501,5.21322863394435
2995.09616500679,-1184.08047319737,5.15729570676506
2889.03437328395,-232.270401551828,5.12248366557344
3450.19255550581,-1330.59576897155,5.42532706386625
3305.66657390371,-469.376312327388,5.1928215749066
1538.91304311557,-1004.79487981508,5.12961512939014
753.552678969742,-326.328502301169,5.49394250286489
706.009035337187,-1661.48287053335,5.47076394814832
1405.59983856524,-1172.21040142203,5.44156625198538
595.321784467973,-1023.78391554857,5.71980033730066
3644.66078166707,-2103.17957455059,5.75960487133113
2645.04082815192,-1087.10751473247,6.18964273093624
3382.03741961311,-218.001351796394,3.01022942197272
3211.27219618894,-115.267650985818,2.72260759892495
2713.18024296198,-656.623559906649,2.9956114571345
502.355024343228,-1899.01673268588,3.01662512603001
2089.79466952038,-2158.61973383404,2.92652150650038
3557.40490880302,-86.0999876308879,2.93410237439576
443.182861349214,-744.565851647959,2.87382875581063
1659.15456880684,-445.373886822328,2.85543342224989
2349.31391813165,-2054.98010769009,3.00688077203406
2984.46904607817,-2034.59904288068,3.04422296414674
2670.21620711145,-921.347673143668,2.98668142975461
383.905489062243,-486.630421794359,2.98252219584949
2646.17766992655,-331.182108032485,2.89943067499895
1804.1148510795,-729.103346586446,3.08797729298139
1588.83944769485,-2062.09580150892,3.00801905618703
2638.74053273205,-363.657621414581,3.06748299874795
184.660821178981,-619.990564207314,2.9143621190328
1722.71927970887,-971.35073576811,2.90166566948292
3084.97105681919,-1082.64290863245,2.92210757480919
2458.98607018237,-157.19100897268,2.80472209591225
2175.34363818355,-1317.54009915931,2.99180126121014
3679.8018301061,-122.767893699529,3.06665648321995
2212.33669062369,-45.8000476703144,2.96486974107353
1705.6121832668,-845.175601511591,2.73110590426236
564.979536156254,-1494.5340106019,3.25495967568871
622.20377055736,-1420.17298575802,3.12895175074642
2686.3820501773,-33.869126731625,3.02674224217782
3180.11613429573,-1606.84620584656,3.10231873390689
1216.2438549211,-1928.93859678167,2.89836973962374
3747.21208593681,-1731.51383801838,2.92481386475337
504.617134910801,-2155.17675432531,2.75928552020051
1437.27157511512,-1781.65412960682,3.30835440066932
910.352488337844,-198.969466899962,2.91259599343093
1138.36853444068,-297.837649690707,2.85003056146396
2267.44003559353,-492.321878409758,3.1119665358245
3262.32257206892,-365.840570414801,2.93590682714662
2381.00465033123,-308.476128982343,3.06962420774765
1500.19606097473,-1004.48401205694,2.77643589970947
577.685498038225,-208.604603393449,3.09996167238328
1615.59971546627,-1083.51575267197,3.02062232896393
1527.17200863332,-501.528544114119,2.88717245302321
407.501511323904,-1036.9519207256,2.98135528943291
856.489544565688,-427.94973074174,3.09738978869641
1797.27558500548,-205.131264622319,2.72419736675543
1423.14142284775,-82.4838407266008,2.99966044929889
1601.02589903236,-599.300442233758,2.90357864452901
3890.87859973916,-1302.81115633535,3.03611944720843
3433.01970974536,-254.359452637342,2.82945394242055
947.644909438651,-436.69929949851,3.11305765943775
3428.99394640564,-292.10468817107,2.86575517266969
2411.01744700444,-693.298310081777,2.86549618026519
2883.66643759518,-473.556941661645,3.16492464723776
817.266553625542,-578.129245761969,3.00383183915582
588.50600985128,-1507.22904027669,2.92639183029879
1463.56393457408,-1715.63823609675,2.69922556119079
3428.86262740913,-820.664214000502,2.83381096960268
1120.24096512874,-966.707417310673,2.72268986268748
4018.63635924484,-63.5117374752588,2.9389636448632
2315.63422500259,-991.869606753408,2.91324609456388
3541.69633768613,-357.722904794293,2.8383007605161
1392.5787446934,-100.714205797355,2.86873172174332
3392.13967656852,-1963.15406589979,2.86272299296099
906.616018917288,-1527.44552972041,3.02068105750262
2018.76283160709,-465.299293524916,3.23834506302622
3179.89818014097,-293.575786276058,2.8430833563282
3509.16437150963,-524.875368479595,3.22995950248886
250.033182767006,-108.113784098862,2.89131051470424
1035.22869587078,-126.853026326505,2.99734727872221
347.691510534861,-525.078528449502,2.95039403451199
3089.35653213688,-1797.18334397408,2.97246351587518
3909.74604791098,-8.23688961063291,2.76490247545504
827.22076543843,-375.33910426868,2.83116786224811
3141.09938249855,-505.83832341519,2.79922195506105
3722.88018146656,-332.084729454985,2.64957024406864
1318.5338919176,-378.492489986414,3.19656800408197
431.020683595018,-1873.77875307652,2.97405629878227
2277.02276925903,-708.826143170614,2.71805850602365
4006.44734473065,-97.5784067734504,2.77918716880312
2069.00766137459,-357.816202643241,3.23391033624485
2121.17607565253,-279.335183225579,2.80974443211266
3533.69417145259,-879.668971880526,2.95281628256309
688.37017933182,-75.6040197688859,2.94541164837685
1146.98510134574,-1447.15697562688,2.99079588804651
2796.35237717024,-573.804088950723,2.87715746757155
3607.78454639757,-623.781866405917,2.94955511252051
1634.1239033822,-2134.15320620424,2.97446914927342
3166.07584306921,-298.693094825526,3.1285057235662
668.971623391607,-449.999469698263,2.957113432682
3360.06325611452,-537.872784537308,3.04132841979164
2159.97272531466,-564.728694949463,3.18283423535969
3045.86851825427,-1641.31092159818,2.81347918910073
2038.67472659558,-80.4850528429265,2.88900862029348
1284.46105920311,-2106.40547431037,3.05514752691881
2767.67506135682,-1940.58914443165,3.083521956161
2741.15540627472,-1839.04644690984,2.85932211045788
3571.06662095561,-1893.87957098931,2.79903054593009
4066.58112930125,-394.067524213092,3.01979355689102
2591.32401862632,-27.7894941121695,3.08595689193419
489.337361472281,-1470.2527034447,2.9047253818329
2453.37790258429,-201.911015434427,2.86782446741397
1121.18033278439,-212.771965946516,3.102564167609
2203.11749847996,-1650.40415515373,3.03076551195128
2042.57264495403,-272.441493603435,3.20734994633283
3124.3278977133,-441.405694482312,2.98313338119039
1918.45212712011,-418.028983670171,2.90314415337012
1448.7222755598,-112.458551614072,3.30021265701236
1313.23051639839,-1413.46949479723,2.998465852886
3208.41933810177,-411.838848742064,3.11874707342342
2016.13110584864,-1694.46114163604,2.89154156937047
2332.88806264237,-2215.56426636324,2.87289110063269
3112.02579470217,-2201.71637349701,3.03927997964129
727.720736216007,-1024.53495582394,3.00047492705228
2975.92722964091,-334.936415947273,2.72579445933531
3528.48429689596,-1672.22790601131,3.02722415647902
985.366097652613,-48.4996593247688,3.672911483253
348.541979529098,-1454.48567695668,2.72564104727363
1495.1110930349,-1216.70095075676,2.99021737214562
3353.46203807861,-1884.39787705244,2.76883581847715
1127.50959952549,-59.8411156650164,2.67605347952944
1207.78412652066,-1083.18116313929,3.121544774428
180.246381333283,-251.422347004581,2.79093434666157
1337.41919197647,-1651.96414697475,2.87607831725267
401.347088270628,-64.7046402650816,3.01742805616439
1540.02346651282,-240.778130472014,3.38412689993772
1199.77556755338,-99.969456688424,2.88686219252494
2394.82758694655,-564.882468194358,2.93711842854424
843.324925011709,-182.877541329746,2.77614581019306
2485.32231074735,-362.095936630583,3.05215870580625
1570.20340522749,-196.989290309149,3.37933137784002
242.391385068528,-1729.66621616026,3.10211049416842
2025.61286146885,-2207.98872453367,2.88248141427822
576.697440650524,-945.279998388444,2.89853672273648
191.520089912893,-1642.95956161251,2.99548820484542
1305.25718957284,-2121.51336405284,3.62772024708871
1163.59341576027,-164.802023570187,2.97951833929197
1783.88394925377,-1921.91809737397,2.91510801672525
3272.52899439595,-475.860622854987,3.20357665890917
975.680165728685,-1546.71464340573,2.82205922303984
693.77683095807,-821.788441267253,3.0560992551703
1516.6133213613,-411.395426652449,2.91330993227426
2998.73126732781,-1742.28096734521,2.90626714370773
354.648682810301,-267.109903377751,2.8680613529009
2270.79055713687,-184.321551900429,2.87427494044015
2999.84542092052,-76.3630526425134,3.15018876388293
1410.85090218567,-220.79672923253,2.93766553496713
3442.73487596503,-854.532292739777,3.06394574900544
1185.57701899595,-507.284854473379,3.02170368622989
304.972663049138,-13.158199594918,2.97007042229597
1064.83016500476,-55.3915049275086,2.95097911024987
3311.14255126351,-465.757193771816,3.14760052294074
1859.80373250011,-17.5859911687988,2.97220819684689
3333.28595900474,-640.935560684938,2.84487344222655
337.100816463985,-1591.75877407647,2.88445964131708
2416.85832840803,-55.8423771041005,2.75578942179152
1120.93855733811,-2186.41797912423,2.99219067451402
1226.51325586312,-429.700616165711,2.89491216602557
3122.09171702975,-1706.65139071877,3.03906816440189
3335.90735878541,-877.478068438985,2.9817711032615
3099.24877881459,-2110.06874272907,3.0759934534836
955.287733661097,-2120.80413066279,3.00918419062489
3501.2691770268,-907.284182472956,2.86551451076703
548.055704195344,-2124.68638715376,2.98679629780309
2511.20527219376,-439.821698700517,2.90272128514404
3897.69204747074,-364.88185313786,2.97303607445229
3449.39119715365,-470.209991938452,2.90593546288313
3686.52712049157,-494.650912809158,2.74836044188788
3710.04236330787,-2008.54862776468,3.11401852707186
2966.53664916227,-1379.33466832619,3.05945526887455
1098.30467679069,-107.640766075413,3.36091073071732
2498.12545882423,-1930.67532098741,2.88845990950249
903.246446681769,-94.5236285708788,2.89668295710813
532.684912153987,-137.277204311778,2.91929321270238
2842.33676115292,-548.762202858473,3.04865331751302
2088.40439127068,-1956.26827720246,2.94588820817086
2604.3534448141,-1950.87360637828,2.90330286773598
162.093687079888,-1532.18156936726,3.05235533267373
625.196017313421,-1399.68217287996,3.13290632406856
363.229986535898,-127.42880690143,2.63584435574467
289.662145881671,-713.416035666529,3.01457257638623
1252.94851778789,-1495.48874880954,3.01587306987446
3039.73570088634,-1952.96902406541,2.99636034137464
1669.94812217786,-144.675064533435,2.9895465272014
1657.46361441959,-60.2712839838087,2.79148159844282
1109.15228627999,-1595.38692533168,3.00466087674147
876.931491193649,-107.530028353179,2.97665119074993
236.45774738679,-1791.96524835479,3.07493008483288
82.6852920013687,-59.1015644904875,3.07188424770259
3672.52868115693,-1439.48545287589,2.96795551686133
542.115136307596,-375.883554391011,2.90293060949348
2955.73953329297,-103.128324336707,2.6748723025153
611.816787995229,-428.95422365519,3.01897147694963
2827.4443325487,-9.61959006811419,3.2636917121362
1277.80643357392,-1943.45360961945,2.95943373049055
3870.67897006322,-289.694531001396,3.04200870931111
2160.71935112656,-1594.51571502623,3.07721324369833
73.6713217545866,-2100.04088201223,2.96015209003092
856.931279889846,-1518.50014389211,3.01101875202475
908.589927761001,-83.6797402632322,2.95091768838634
3179.74264171083,-459.956211421654,2.99784140339484
1700.84240849343,-102.552649719202,3.02996536422016
102.525200518586,-369.704138704033,2.95549833211171
1783.71205492573,-1132.150478966,3.0233299756739
1976.96173905221,-451.31899493479,3.00999598260305
3270.12966313003,-376.73283521397,2.87419982860993
1317.37168324858,-224.300343322871,3.05990405418312
736.549169104426,-1188.88468922635,2.95882273631599
1281.40013295834,-98.8161279803568,3.04098432347603
3284.27137881697,-866.216457319076,2.99370680005452
1220.56759782888,-1550.879230007,3.0061690037454
363.687870135073,-884.928984156822,2.96109483220491
659.726881532818,-895.744408254954,2.95645123631479
584.023906367971,-1598.6123839973,3.03923039780048
3712.72348242803,-1673.32649456872,2.99410258029267
2421.1491142292,-236.53430507144,3.00656689790855
2805.34470611686,-1960.48199501192,3.08295213671683
1717.49803902585,-1917.31872474074,3.19199194362767
2318.57852942914,-157.216350232293,3.08285200477977
1272.00048938361,-202.37780572691,2.97551733374249
2177.91969314376,-219.330927854468,2.85583458120473
3184.89147782229,-660.079488588322,3.05355039170091
1929.99091564736,-108.559188172756,3.04892836754146
3712.31146097358,-254.900771175184,3.0965126102797
3754.89637179366,-162.365408146652,2.92420943377726
1578.88862392802,-256.313944636284,3.09239519096626
1031.35031868353,-1620.64520917012,3.10979233279484
1049.79554904609,-1578.80609500825,3.14398121051199
3692.51168726406,-22.8853506369484,3.13077122119666
2759.95412329524,-36.1861141258853,3.01949084186974
1385.48119762037,-144.019782909295,2.83229243073596
3105.41587252463,-1976.18907001716,3.12463871870049
1006.73058500258,-1022.8380342178,3.13199285140162
1925.21364147216,-474.688923031898,2.96975080858149
3339.75412885105,-1790.00581848003,3.32994923874853
388.673377373042,-243.875475942553,3.06546230111698
2240.68344245277,-1760.30279562829,3.19449249785049
2551.73094029499,-2140.01846295044,3.22315146290866
1415.38791499162,-1969.26834810436,3.06104999774249
510.613831936944,-1753.3459247501,3.26829465761493
358.170577430847,-277.027261047526,3.27807628739993
1791.61533950535,-1648.18307243344,3.0593648895948
1901.41652325145,-2180.35229531983,3.09448595784899
511.564784059428,-504.031982245017,3.32203608632517
654.288297044164,-430.273276712569,3.11082715339308
869.733799774422,-420.58032512319,3.05788154562939
1054.74590063108,-352.090738924439,2.93802162236244
1361.11499754185,-149.083379823372,3.00349552884087
2019.68165362763,-521.081320955916,3.08688193541134
475.822000668764,-145.334664636553,3.16700822365518
999.137348687646,-247.311137096445,3.24039629355309
1824.93924393915,-136.668912486895,3.0539998550525
1636.33684882808,-299.113438312396,3.07909394646929
1974.07452566019,-1406.01889478989,3.24009361600028
2609.7713305407,-314.774558682275,3.16010906858958
1636.9806771191,-1020.97339415381,3.32975501459273
3608.34029204751,-744.228118581917,3.26086680341612
3980.19236756745,-538.106298199858,3.0548841196505
3325.64420130346,-1712.1714288364,3.29773228410621
1314.09970227473,-1604.10126634492,3.21584592630097
1942.39990821474,-1496.37167351011,3.44894315130747
3624.62165742759,-934.83044224172,3.17201380666574
1991.18661286197,-554.791033023592,3.33007843142539
3560.92499624963,-1627.25424547808,3.50538876761076
2993.27116169641,-1644.57234545699,3.52809824316155
1181.05235233014,-1908.30376866233,3.16195416633012
2894.64754801497,-1356.19439982468,3.545567080367
2601.11400311887,-161.223757201396,3.2349781409608
629.199055101849,-280.914352286291,3.71801763927959
2409.34433158569,-2210.89097064398,3.51917268446791
3689.63294070518,-520.260668778736,3.44629071987499
1938.05500883666,-764.449130423803,3.53318329541851
680.794357061975,-1878.03560123775,3.34532477282441
1834.7161635639,-272.506971118347,3.45267946398649
1692.47920682625,-184.899757956488,3.31980799273201
2794.2567671804,-1379.04909640535,3.45947040153091
2424.3203733933,-2199.49486360044,3.35983596959428
3350.0644007348,-1738.85004258898,3.60668412210939
2524.86666697639,-767.951011814989,3.30442401548386
2817.02692370924,-164.088961302544,3.40323839805105
1885.86755051926,-547.634514619942,3.51506192822888
813.880555164876,-328.349329118565,3.27619627625467
2323.83386427964,-1500.32292963325,3.45488509545509
1514.71506097901,-343.803980620039,3.43644652400481
1451.36207552537,-371.429650569532,3.77728478236221
2566.98231351092,-175.149336954916,3.34087616018152
2968.56426752748,-1476.63574768561,3.53566754677044
1482.8761630124,-317.789205463709,3.50593444158456
1455.39488987664,-265.434459824179,3.5768579624343
307.889423917297,-2205.27168956597,3.6941217387422
1317.98120035807,-1515.68321077795,3.8681774209822
521.132766223929,-304.179205139128,3.83571651934356
1916.20376073022,-177.181205235687,3.72236011385672
1392.47982549997,-344.668557712474,3.86549041231503
1594.27971159317,-1694.67316332421,3.66889466568483
2031.13643868639,-214.966206844874,3.60830156898211
3007.36716875238,-1832.77472161064,3.84332449992162
445.321113435767,-348.01039540515,3.81729101431478
1942.13742428624,-492.177085573523,3.70892690081037
1320.10798397309,-183.270214398553,3.69042038400951
1090.70170881934,-2122.93694585891,3.92001898557567
3436.2283494058,-1835.34540768394,4.04532838459363
1164.3342498277,-1516.17664536047,3.99993307546615
361.184088759287,-208.830092193709,3.7494102125312
1535.45887151575,-58.0501759344724,3.61495474847296
439.217152886386,-154.440929044399,3.94839306091237
1028.05353127504,-62.5428547383043,3.84944733229214
1538.32436895989,-1687.38870462646,4.02725449805303
645.338179867853,-179.17498490188,3.85898449363671
2319.82343890141,-516.958317294576,4.04134837182209
956.909434183883,-29.0379969142078,4.03082683113681
2385.69240988374,-1620.38461924601,4.07747752436659
972.973354117688,-66.3453410877609,3.94429992695831
3436.7227962099,-1584.37408482936,4.23416931709665
3887.39757815488,-204.354313925944,4.13340555590061
2756.31844511665,-417.118833353411,3.99931386241648
1875.313537647,-1630.37490200612,4.13853248842391
628.411119300989,-595.420771273794,4.18771405258742
1311.64730456204,-125.464811011151,4.05592491010572
2969.52444784049,-1942.28130952258,4.31209409496204
3509.25857370789,-476.597461441239,4.24719468271499
1441.00387487265,-1446.94237765382,4.34147995983863
2771.62001034224,-265.662284997852,4.12935085189042
3963.88724626016,-429.75439759048,4.01420585450115
295.855981656714,-1856.6021014769,4.41225326128484
2232.26307884218,-536.799605683906,4.44125527866659
2288.12601223056,-438.586289600639,4.3561887580809
2596.78490177049,-573.873931575914,4.66982842427638
1100.39582772392,-713.726169881573,4.48988979721339
3403.08845946892,-563.750929658169,4.98545373388338
1516.51155336986,-509.854184766434,5.05596741709574
3652.34678835284,-1610.1107540434,5.28646420669763
1708.92563118574,-82.6300208424936,5.24506661009977
2869.79481301503,-468.822789231705,5.49940508035534
3226.2772344664,-285.291511322446,5.50764255616219
1835.89298826421,-1254.3880709395,2.9252194270844
3081.35599687292,-1053.63339832422,2.86919856098337
2806.79500547008,-1261.10161637503,2.96512932955505
488.306329845318,-1788.04540627583,3.0260175744078
1680.10797510901,-495.684549349591,3.08346405288646
696.736427968497,-1702.55832420058,3.27685557857059
3309.28755588745,-2168.15734468044,3.187053935518
1314.10511216913,-642.13600868815,3.41429547560913
3351.5606078668,-728.197030992083,3.7015730285867
4005.25988211932,-72.5997218338931,3.74088808165418
3366.18201844013,-699.76976950919,3.30941208567435
2587.9953129048,-1670.95580035533,3.61278186273447
743.317071496438,-331.474838041261,3.46910419136696
695.9287380395,-2062.74544039735,3.62297448490802
2317.70103955328,-1547.99009192226,3.22921786689287
1642.92361787504,-2102.76936672221,3.69940127185628
1497.75457388702,-1524.22036451771,3.76332130533735
778.70015918825,-1938.29644876627,3.76570784327997
1665.48314834882,-732.150050160679,3.76620173852541
1678.1246765091,-2029.37234938311,3.81215632263764
1720.65411116532,-522.839455677801,3.79240147774398
1260.0870864272,-1418.01227943555,3.79808669495616
1686.36986211895,-1195.95457657258,3.946270746983
519.044518664155,-2196.53418807793,3.93889133310779
3775.44080895732,-903.751483779711,3.88244582141286
3916.65414284702,-1172.07497278011,3.9109929787595
1646.46116816544,-2076.3314117688,3.96236478898443
1130.33827496799,-2156.2246214467,4.04656683767191
2280.80275077072,-2200.75363177573,4.0565364096584
2748.50838932922,-2068.46485933117,4.07397108938325
3821.53554059515,-1092.30233468389,4.35612942712994
3706.99001366418,-1551.87155085796,4.11159291362452
2605.3675616665,-1749.47819474335,4.47458450332781
3897.39507003769,-1019.31204332592,4.38965085723763
1873.49197653021,-898.611937012129,4.29908570099326
403.071033995199,-81.5461783748812,4.56430294838057
3925.5201551249,-288.918863613308,4.82977521519193
112.512414843439,-520.369372373027,4.72511599144185
2096.21485037255,-1029.46782128681,4.86163489009791
2277.63123178425,-1721.52271702622,4.6246842435724
2032.54218670506,-893.121809567654,5.04752028473033
2313.09867124413,-872.186502684454,5.38460042774499
251.748968141104,-207.350880469684,3.09024659968394
3669.62632227938,-1530.32973182128,3.1249005138996
3043.73838013788,-1464.51088629842,2.90387394175164
3115.14332965891,-1364.80812529457,3.3669598991608
3948.88515283424,-1349.4973358116,2.78883426227875
3959.41021565242,-1448.11892333047,3.03685912820575
2904.33203680604,-908.204505181845,2.63091603085312
3693.35247265872,-53.8134471353561,2.75742701521179
2147.53944360512,-402.392830523287,2.72160430137967
1598.61570715943,-959.254366160602,3.05140685462316
1547.3240038445,-1479.68950517403,2.98285952694434
212.887796467332,-1950.01360112497,2.96558750683698
3308.4588326994,-371.78570901265,3.03549298009635
3774.02091368244,-165.680806894595,2.81199841732828
617.549538429561,-1200.51369756525,2.9777378050803
2374.40901077957,-1165.68404836481,3.03723937614477
2643.04608446634,-1521.22325326912,2.98965846856737
3337.00266460026,-94.445682874429,2.91800518208193
1593.26213360882,-1594.87787450747,3.05113269017434
3025.73761201488,-1265.31842551568,2.97567332684101
2031.76750177983,-1135.69094696405,3.38485738705155
3482.99302141455,-2168.61064007636,2.90781387548572
1698.74862604153,-1422.21424489647,2.88463447772361
1196.78696418099,-2128.57667745901,3.06030749304814
939.362096121888,-2102.1381806172,2.78379489573694
2518.52976166694,-875.028135765057,2.77962585868271
2927.89010556819,-319.569478174446,3.01476750143011
3876.64937860259,-1113.22916505429,2.94550972270669
3950.16537870575,-2097.66957804131,2.68674498950599
1484.65425593763,-808.314598284181,3.25464070108214
3518.00348875948,-1945.26290812346,3.0561849060516
1031.04000239478,-674.190883954135,3.11993247274605
3835.19944078062,-169.480926760186,2.79909631960766
1224.90174920494,-1610.47854908918,3.02111026092513
1762.79815532707,-1986.13162344781,3.15751029925786
2947.41400775952,-45.4037073476289,3.1594280985688
837.827487720112,-803.775240393072,3.06344039777504
1166.9100056739,-1805.85096512499,3.14322303139877
892.919128037973,-704.714575105555,2.85630048701993
1659.11977328675,-1991.56770865492,2.99119624517262
1299.18684212503,-2034.73726975009,3.1825504989007
626.1134474808,-1785.67078230139,3.03137415564231
1816.81726552935,-1049.14175237041,2.80437833428397
1623.39831148458,-1750.18629342909,3.14302226718984
1169.34167702908,-313.550175980815,2.83329682055834
1116.04743917656,-1713.21264040791,2.33962129835096
1157.37375830103,-1621.97927046499,3.10887335637652
1486.48737878701,-502.094372341904,2.94959065572374
177.238225075477,-2145.04056348324,3.32956400867757
2799.13477204763,-45.0243702791456,2.76279285988603
3142.22478790602,-1773.99952435229,3.30859305141449
3104.89748129863,-1872.23624500164,3.00096366842022
3427.41314449053,-312.855493908985,3.24576551390568
3896.88610990965,-1798.71012379675,2.87767481812887
1173.1827855362,-79.693815239398,3.0682730333699
2407.88616768657,-1532.41466098807,2.85876879324464
2929.06265309751,-1641.36724025228,2.92350035588157
3833.38138185393,-1376.13003030039,2.9525781809736
2262.88757096103,-1393.90612127609,3.13676687979903
630.818723715926,-1932.77622175171,2.8740517987997
2092.68148055293,-640.739921887461,2.9997095757744
3325.46216967278,-1187.13446148672,2.9962663898761
486.90164612471,-1041.72636331599,2.87047221811765
2860.87855877617,-253.040945047175,2.81998611213044
663.009209345391,-2201.23388986986,2.93200140812806
3308.52090460137,-1507.1167562335,3.16309400037044
1318.87765899766,-1456.06854827001,3.03234381548194
941.886783071212,-344.504079667981,2.94182971739359
440.960935334236,-356.885766282571,3.01129215142645
4012.32986313853,-893.812852876329,2.84603637608675
1151.08862827685,-1675.87862555853,3.09574021684551
974.977268774201,-490.767126606507,2.99869235955831
3021.65749031562,-495.484400116162,3.08357628591669
2935.2033983371,-1056.55521701139,3.51082164740125
3824.32991824677,-253.876887186717,2.73743616403269
2879.0866702129,-2069.53513294272,2.76101214939591
4056.59061629368,-62.3266996395122,2.8023450820874
1862.00518787262,-342.453560837164,2.95815882970708
1911.64417341538,-1302.96605540882,3.14215361230005
1202.99063932163,-773.634630532448,3.0342049108671
3208.61786698301,-1890.52372564027,3.59203832244366
1407.54960587782,-2201.36474905579,2.85345651699243
1765.86586611552,-1030.65291311139,3.22531682127502
1802.45347197844,-1945.94772530319,3.01490100444124
218.685177166681,-876.546208320281,3.32638129414596
1828.18624083856,-644.297720588451,3.42215677015289
783.149603291716,-588.121869412614,3.03243263459052
3475.93479513378,-1257.52752070946,2.55314753402865
3622.62795739801,-1251.47341367706,3.06524902597039
1806.79904020728,-1380.07774803697,3.04376078683645
1035.07010833639,-1907.4604422083,3.31261485124067
855.966702807056,-836.996370186379,3.10318790567726
691.045084612597,-406.492343258908,2.92451730915769
661.71007352082,-1479.29117562549,2.95354312706616
2348.36675401105,-1959.3738134209,2.81694229315267
3996.77155946617,-727.542220052074,3.07287274002226
2922.88468932731,-1941.59238733935,3.04105901386249
1241.30398634319,-1083.85414199726,3.11928780061426
593.874102607165,-1842.25678703956,2.97888579977288
445.3897397398,-1991.04960893427,2.97471109227838
3810.05485371987,-242.164300115766,3.29221597603448
1852.96412860949,-41.2443912220353,3.01228149756657
710.93175832181,-558.591491408863,2.82635082851115
907.028018610939,-749.208964009673,2.94107607761755
2231.84488989312,-551.004718223686,3.03405425929688
781.475587186508,-50.8801267722666,3.51057465132224
1837.57251528974,-56.5896286613287,3.02092369068776
1552.30987069898,-624.284109066338,3.45884688253572
2229.84667380137,-1247.32427481395,3.53233863526611
379.628808162158,-1063.64835989981,3.1558879105194
1565.65508296158,-1344.14781273271,2.89829448309759
1122.34259783993,-1810.70808398391,3.16999202786683
960.512284696513,-1208.42406444141,2.98757022154017
231.027145083138,-610.345106254047,3.05286289733428
1553.31033150582,-921.956460287886,2.86178522062471
2654.67768032729,-448.688790758617,2.97764522362188
1340.12741611606,-1604.55363732269,2.99060012099714
2503.61165829449,-1782.52469874657,3.11888245019925
3964.94104097151,-285.818277797239,3.24060713780736
757.069263461393,-980.388331744146,3.04908698413145
2107.1114255022,-811.38318125044,3.10476242376036
435.72367531135,-667.926654097634,3.08594305408798
1683.72875329881,-215.462801131303,3.14786534242944
1433.7852980467,-1869.96028713306,2.97581273476522
1382.80358880777,-1431.39315569595,2.87073239412731
3098.640518154,-478.161544290128,2.96366901095335
2729.06987468034,-800.324415511214,3.13704866651883
2969.83252765216,-1409.64181127549,3.0350891898359
1476.08221848544,-1367.73417457055,2.7592412988775
1558.27229568542,-1222.25110847238,2.881328509848
1756.4142675762,-53.7122388205144,3.26591999955018
4019.76795069305,-128.997117358468,3.17023765693847
3525.18082828617,-269.60825090697,3.16498881588328
3491.54546626985,-942.819897949908,2.66064588036597
1237.59432611303,-254.93974717933,3.08775315921482
2074.54777664853,-768.184361007935,3.06934450934217
1880.9429528691,-1045.26747609475,3.21210842233433
3249.52440716015,-1785.91899812847,3.16003396779681
233.349434825466,-823.382257561793,3.19513659908601
703.606935251587,-384.084904906925,2.97919567019618
3152.20902312833,-823.369030718683,3.08704247636506
3695.95896577289,-2081.81520538624,2.70637577640731
1025.35039004919,-2040.06620098101,2.87735738268728
3386.45534454109,-1100.52630120312,3.10185514957612
2235.36472669393,-986.343537729654,3.4404747831862
1396.1764623684,-2162.04639393487,3.09784185344059
537.366105091675,-1355.07816056813,2.80134653090909
3709.4890348888,-472.858050386854,2.86685930772953
1562.08364318594,-1282.41406560688,2.93283469084262
1879.450210951,-1791.58420727914,2.92840108814554
1213.29220054056,-1314.26430083933,3.42032225335959
189.001071212507,-2115.62781254538,3.41842310082928
2921.52902720632,-1471.505362289,2.95680658247151
2630.65474821139,-296.676189609781,2.9937057128538
2977.29405232683,-479.698023392014,3.15494575190737
395.522983308753,-1646.01295576184,3.11268548742555
747.788201294923,-1838.15068230838,3.28019217846688
2419.74204171793,-351.156947178383,3.00078582910858
3694.5922380006,-586.016964575433,3.25431222632872
505.711408118939,-1415.66293951359,2.53348279424135
1248.84619541156,-99.1786090982376,2.57298086047175
3093.34841434928,-1250.68553454169,3.06814411029219
4053.28350492489,-1377.02356509087,3.1041123410789
3174.12152647916,-1649.66237644544,2.86581430993294
3967.65635389326,-1126.91736305628,3.28553178737469
464.676183945161,-721.448590642023,3.17320463619167
213.456072053951,-21.9365107740702,3.27118842738696
2099.56364386159,-118.003505702132,3.26276730220796
3071.33320631551,-1763.45779945471,3.07555067804579
1318.31339594207,-1295.7158646389,3.17467105502311
3981.83558913518,-955.236723431902,3.1725142847819
1571.55212211615,-919.133295282674,3.45788569650677
2579.59260649857,-329.842597542006,3.26034084198286
3126.46850951294,-214.688008694549,3.42503158597655
1112.43418721792,-1572.55053271298,2.85019960429506
587.107407136183,-1737.69721006874,2.8751919082615
2779.92565934858,-1547.10831516953,3.11110238395163
3633.60710946165,-1965.08570484885,3.01627371218521
930.551594111542,-1773.27309797143,3.1888563837176
4007.53712917951,-265.900360716354,3.05705056306854
3930.7878782796,-1688.38114850729,3.36838415275409
361.743773361903,-1296.30185700639,3.01994114778841
3227.99612445006,-147.603665623804,3.25768050168368
3852.7385113243,-1600.92021456378,3.21942249560799
2060.36891407459,-580.861425228602,3.4528717436297
1083.91506917579,-820.229718483399,3.20042460286023
2154.91254019163,-1075.48996735924,3.11761140505638
1377.2505989685,-1233.93742414424,3.16451330527192
1401.51314906853,-491.241521656899,3.0370107084991
3145.25939467507,-1551.87389414868,3.28529478921456
806.296522907723,-2144.18116602796,3.35514020327704
2062.70391808011,-185.890865216386,3.23558133570784
1999.99346498285,-751.592164810863,3.03693929478666
3247.15617098524,-1876.09767467788,3.03510342585333
1386.16423567696,-739.530738965047,3.21250822355613
1313.17227195159,-1323.63101995664,3.17597612628473
1533.05872396973,-882.999983500714,3.230883500548
1692.29245135748,-584.586682707111,3.25116380550466
1998.93374370145,-2128.90325802759,3.20526241486706
2939.66240643145,-511.39767507422,3.28531188836006
2847.27027471764,-1178.19794708498,3.27547712329715
2499.07488205969,-1548.0187892639,3.41909882472249
364.228832790335,-34.6531765855772,2.85670387147268
439.903487924374,-1108.97141538007,2.97183805501276
2330.53477949927,-822.805016550872,3.50424656509982
1630.5386859988,-781.6830517184,3.23466419539381
1463.64456372123,-702.395293600417,3.73167618901796
2947.49046586915,-485.07804736641,3.39930176621309
3356.99287910962,-1184.1642745384,3.22699044824078
1146.24193292272,-152.927402858301,3.48083919562207
1793.33619122941,-453.320227967721,3.31105875420211
2643.4673935939,-783.80266461324,3.09392755270238
1897.76058044517,-26.8059506141755,3.25593331860886
2245.45819653171,-1527.13331656238,2.91553697871687
3647.74087511507,-1870.56587875964,3.17043825951939
1012.98070602847,-2112.7242444726,3.27628354943213
946.854766161828,-1661.86187594797,3.29244560281388
89.6109675077605,-1367.53908342371,3.28708009300908
372.584823971695,-1526.52518223769,3.20033898378446
966.769397213163,-147.234367722033,3.70973396716865
1930.26400665278,-1139.59132548096,3.30318357605452
492.823168582892,-676.571961142587,3.45824376986753
2073.85375263831,-537.238184946299,3.18369366726955
1975.34158817381,-519.196889287536,3.19493148989818
3228.84452571634,-1369.92705279182,3.1957816473659
3608.73258456229,-389.629618140479,3.30339852707784
2015.48759985648,-1493.98756885397,2.91815750635651
901.465267255106,-228.311056447266,3.30399454992673
3247.69685608409,-1902.09471494496,3.270212507675
2744.12654749694,-1743.35757778711,3.04448105859805
954.029237171892,-1900.98432041921,3.05401961383428
870.870429017574,-145.810823997429,3.48133385444276
2976.80184508414,-405.164068245497,3.29395707598742
3096.8856202686,-2152.38940372271,3.30667271995008
3439.87935388142,-1748.26986184128,3.27398515695512
952.786334542021,-1228.42108445505,3.36936470537332
1736.36978157297,-958.083320783573,3.50004140586684
990.988852444087,-1834.28087621684,3.23427859317694
650.485677258682,-402.408413243129,3.25324959210629
1381.2382967534,-1960.79944575292,3.26127076359368
2722.44406416174,-1571.15720584482,3.35473218385821
3617.40039791195,-1721.29503370192,3.05097826545208
1590.2054657732,-1147.17083031156,3.19585126993268
2696.52776356123,-484.740136804532,3.39150778082153
3893.76633210715,-517.168208597724,3.61322868177096
3462.03321849623,-1378.28599340257,3.65298235340309
451.19297793522,-272.953311629511,3.30530820830949
3051.24015643648,-49.9849914255668,3.5051547404242
2030.02965340511,-889.034666221025,3.19442622500564
1051.26057005526,-444.251985848976,3.30376854854858
2139.14462590916,-661.55058691449,3.43774223857726
1928.98624536532,-2153.78862725358,3.25164660909916
2690.69441201011,-279.625311522533,3.34179230266553
3210.55031251417,-1515.93576507885,3.03911921685371
646.086549932092,-1910.25807893144,3.31985799889614
1638.16759130097,-270.503787064602,3.19304137879502
3264.2989774254,-131.812438587484,3.47028008536359
3314.75536970272,-1612.48386016557,3.45051017561979
3840.40331573865,-1648.25561691926,3.46213448329995
3489.52453985152,-1828.89009512807,3.41947144853667
3748.50423024629,-1076.5214352796,3.20986084333859
2430.39625071038,-574.911070078395,3.46979254824725
2020.04049509395,-2048.34926174187,3.32792915797348
1131.4721332018,-549.769075430456,3.42381937488722
835.556709858253,-1020.93427033983,3.43983274644495
1883.78262820189,-1260.10306797734,3.4026535471424
3941.51420108922,-992.985724751913,3.273871987442
2707.89015957916,-693.117684008937,3.31685665481477
1263.23276073858,-869.12329547473,3.57945228020223
2787.7168247952,-523.359841331153,3.29535909459804
3609.66157127145,-1769.49507640441,3.6076677805985
1937.51908518464,-1395.55717251621,3.6438343181351
1205.10332322936,-1174.09145123975,3.41089986279898
3655.38104680665,-1663.67738483041,3.47519785558934
308.728246413268,-1980.09212516344,3.38086260563202
3604.42666489773,-1415.73741057925,3.65359166789896
4050.30520104538,-1046.64123635175,3.70505610453136
3487.09342518002,-1464.04184666355,3.5715025290458
526.263114459665,-406.953802316463,3.86593807565169
2000.68362048489,-954.879616043958,3.26708199180256
3336.47076573923,-773.293459151131,3.32318714055751
231.65305274978,-535.927863601037,3.26752633501487
1435.53152298821,-1259.3517893571,3.4757009760843
2621.86866832811,-60.0591314120953,3.83720341446952
3129.34269832667,-1392.85338393927,3.29883182696168
2908.08946765036,-1779.31500129927,3.75205281424805
1049.1750521996,-1672.2322431226,3.60890504242351
3174.90919753461,-1388.79376185941,3.51724706003631
589.843930333959,-73.6775737440735,3.17668832026933
418.939694499337,-581.282486125875,3.46550345930065
1838.63700874362,-741.978292341579,3.70970786937812
3746.51165443923,-397.87623881681,3.70055680876112
3684.54847179624,-1322.77716249561,3.42607805558911
1378.98789077578,-1144.71921660543,3.64645646218541
324.308576958366,-633.54673808476,3.32349676814949
3868.29158618615,-1435.70909002535,3.47131275544893
3243.12494446539,-1961.56509033938,3.31177796584084
1397.4656314371,-175.100381089846,3.66576063033654
2272.5726596151,-728.057260267814,3.65299407232036
3709.38854820463,-1981.76593706537,3.49162714995143
3611.16879592275,-1191.24271065222,3.68531132605035
2181.10938628159,-598.297928085789,3.69148563987897
1009.81491056664,-2211.2434222623,3.38762503196602
2730.74587215345,-629.114300984724,3.14522665280067
2226.31079865404,-1807.48852106313,3.53146448178981
3048.61727776767,-262.706440566271,3.71359594274861
2957.55570589567,-886.642673919638,3.38364605290677
3739.01231532294,-1793.94504554396,3.48229377840796
2979.82660171649,-917.017748145412,3.20667349643147
3759.16032520779,-1347.83870875959,3.64889449451223
2291.29625381815,-891.019157790819,3.72848257582361
1959.69049006105,-2000.04811746391,3.46046852734453
2235.66897576449,-196.055390475991,3.45436642394277
994.067600480852,-2182.58130908078,3.22555226721616
1556.23734022402,-324.164805340735,3.19152856480737
3300.60548479041,-1699.61783649351,3.75531955565068
2860.85071111839,-911.08448986665,3.91979728168262
2597.62203757594,-1867.70615666681,3.54964232693446
3021.19193165178,-1005.4802640395,3.5450346266516
3836.49172811069,-968.971736291141,3.81041563751833
2506.51816413279,-312.812108672283,3.4333935961485
2035.25033929966,-1557.40369865947,3.73225829907202
3897.9769024391,-1464.90738086468,3.8779015236837
2917.28352685881,-881.527539513458,3.67455521581588
2049.5350791533,-2094.14498046278,3.60342360985621
1996.83380448957,-647.566372792186,3.43385245643317
2240.69131444086,-1208.14010262302,3.56513679741827
161.256515866655,-1061.01279023805,3.4305438830707
1777.76114254864,-239.700425646047,3.644166369217
2307.34412048474,-2051.12267445513,3.48598372994106
2390.06804854158,-378.573245726026,3.76129494442946
329.246830252558,-953.1000957851,3.80898048949967
1760.76428911338,-390.611353234527,3.62042461797849
995.71822302044,-416.921649857813,3.44986975658625
1812.31162529937,-1293.65623982282,3.80463152018825
2387.59064933069,-1423.58855828278,3.81142631664003
1538.83943051436,-968.792686558088,3.67889718877981
1636.04964731879,-1197.47141803792,4.06517281024719
3063.05648154213,-1361.42258423684,3.57824295472629
3135.69946761456,-1292.40861000833,3.55268809223688
1169.21675228815,-725.2545961343,4.10522401880831
2429.4163769566,-436.9811523078,3.99653563946014
3912.94336306353,-2169.19669243165,3.81214187303974
1652.24805872055,-1657.09055835487,3.81200758627055
2103.77588354586,-2104.04281105713,3.77463987401557
3229.16884866044,-186.367432900188,3.72171648307936
377.624287477644,-2064.7179832046,3.72943712407649
170.376819824672,-2002.68944277842,3.92689407188394
3127.31990306959,-2087.8411402583,3.48573501379956
1933.95680789535,-723.011686802292,3.78607175571508
2096.00924371748,-1752.64292311968,3.98905930274468
1362.66334728655,-219.685044750807,3.5674212794894
891.863447507197,-878.05690312426,4.02734243161377
1764.91088119097,-350.287454345203,3.52768135368997
1993.30607272689,-1815.09560419267,3.90937721169916
2207.27407061053,-1306.14430679085,3.95718647724684
1806.58146572215,-1671.17145186408,4.05971077729554
2151.41677697713,-1470.46334677278,3.65328679058527
632.218333883361,-728.570772474965,3.79753442816263
2999.50363458245,-1876.18520772666,3.57027284483969
2023.9890994729,-684.289752964986,3.96634117419154
1187.4488141588,-905.455123283633,3.57788724144194
216.318281394625,-140.234248334182,3.9435458309613
986.790930493851,-675.157517179311,3.56385866787469
3975.82898780518,-1805.40490225154,4.04030624282633
1733.9682323415,-1676.72727184898,3.89037906295403
2910.11444044053,-2121.68651647384,3.98951284827541
3301.96771729274,-1003.70464952647,3.85663785611562
273.45563104015,-230.38779345605,4.04807534928944
1924.72769330299,-348.051654201224,3.90113559467806
2155.65405755525,-916.163684770631,4.02977448271211
2487.98121421129,-469.706686602059,3.86569247405751
804.817774898662,-924.302435785265,3.78408964544905
1852.70313876709,-1887.81530834941,3.8799378209752
3995.0684750936,-835.057986938004,3.86747415222109
2609.93630676625,-1805.31628397153,3.9659020146105
2178.17963854452,-1363.94143026415,4.13599059441583
824.74077995779,-1784.99900198301,4.0766315282356
736.289887613715,-1905.61709871842,4.07099108072143
3627.14348948807,-1362.95390085782,4.16646847788451
1331.99051912985,-2010.56061189042,4.15785582642516
358.49375379233,-1433.53793227822,4.27413830858352
2000.35940703408,-428.784251895786,4.34787241336634
979.457581880274,-371.672251688234,4.2239652925381
1040.46752067472,-184.458534831845,4.20353994061662
2099.68607786431,-1922.98771884816,4.26753036971431
3510.94984045564,-552.64899412007,4.25660580338153
254.426641138008,-1017.68619320995,4.23540906637474
2259.80137236019,-1360.1100339768,4.42311647153284
3699.29780570316,-1186.25693181216,4.39493624275881
1754.03003457549,-1231.63066699946,4.35670579101458
2552.26179663138,-2114.48166931044,4.65506638447396
274.232845412493,-1189.08906956857,4.76395938128945
1242.31423010536,-439.849549928867,4.78603343009447
3692.04946972791,-958.142118155053,4.40706553712156
695.741644505985,-654.656672084295,4.54797228189082
941.269943297517,-1998.47713043777,5.02396908354915
1320.05855705244,-1715.55038034303,4.85819862081905
273.458910623802,-1321.93263581125,4.8568222999432
461.346738293887,-1954.52253339005,4.810725629546
2883.45831524563,-1390.24659520313,5.1099393476263
2941.97083476807,-1611.11293930844,5.06729226340232
1171.01984368478,-1814.61919405977,4.9383980240292
1675.07808858152,-1506.94406992741,5.10713401821956
654.795828867004,-1446.09830068771,5.21883493343623
3317.86577789623,-560.808609585681,5.63939614415117
1722.94088804171,-1099.15332434262,2.99599784207963
1108.37278067865,-980.701667172023,2.97363229969098
2549.84305260782,-1871.2004341088,2.88380794597304
1020.12691448176,-1552.88715121955,2.80282576001914
532.216103998284,-1317.26739032109,2.90519831073003
1451.57332866481,-609.438525717119,3.04361554530278
856.518077979374,-1133.82433497552,2.90048576960698
2961.37839077145,-689.685187479658,3.00055910602743
1587.63529205119,-593.417921135347,2.94083588365716
2142.27188215057,-1096.06373413753,3.06835810422992
1252.93254655256,-565.178361762758,2.99178828443939
578.073454351175,-388.196046437259,3.03232746482094
112.228448577239,-334.834174973277,3.06442564251106
1759.35279317159,-552.831686247786,3.10059201381256
2355.35039244433,-1731.03942695262,2.98224895823169
1650.07183759626,-604.632300182844,2.80875086666882
117.566196687458,-44.4960880097261,3.03308392272718
117.571821399116,-454.142019072831,3.34211088374666
197.17864956917,-546.157924264787,3.26973184665485
352.748520166338,-489.980414251316,3.46690575575498
833.081465927466,-1236.21103534368,3.28038804085507
836.952184616881,-969.342122424906,3.5525399196861
937.415653706135,-824.451452403856,4.04050762402318
1479.85167389699,-876.67515733311,3.95246821549668
2112.78346006825,-510.85597733001,4.68134757539469
2204.92847925175,-402.76939007734,4.63356347826892
1878.42451464123,-1701.81436723095,2.77068903341668
893.424171991105,-730.411919234992,3.03030185090737
770.165473117188,-2100.02127246044,2.89742294484799
1851.67284961306,-1089.70034136365,2.86081512099952
850.259935840296,-1877.23238786708,2.89939588751927
568.759419161384,-642.516290076628,2.85343738995165
2651.59000068183,-1806.75294586502,2.87691989216267
1489.82335902487,-1181.71242747927,3.01719458866579
2105.18208359381,-2209.19827374053,2.90520827125969
3650.71184579811,-955.726856524888,3.1616543296327
2865.62951222606,-1914.81145492153,2.79909938117255
184.042804827971,-1475.7499422759,2.86949352037175
345.403393217781,-2186.40628645072,3.13151585285867
567.224363786967,-1815.49244567536,3.07156409578646
3656.83485127967,-1777.17828944487,2.77508826533493
3683.87715181569,-1185.11386904674,2.97679087255197
1228.9849109833,-360.924769745805,3.25917695288752
3377.99071501342,-532.276389051874,3.10857422521481
3343.29481311033,-747.372096870865,3.44379357183753
3253.31887657148,-2005.67381014558,3.40240566131379
2772.02118439932,-267.930189068704,3.467102925147
2473.41166697276,-1717.39427673145,3.54656412901893
1041.57896466569,-1272.32079209532,3.5104108730985
2086.33289835981,-2018.11925806427,3.76955675061968
1978.51051625425,-2064.48028382782,3.87291761965947
3261.71729627037,-76.5706651269311,3.65928576035231
3822.72124121735,-190.922741603408,4.15358756062986
3831.70069002894,-1076.99730612005,3.11353536770853
1544.28692445601,-2119.05408104855,4.47751107462802
1659.4280286557,-352.990972431781,4.53692968663641
1697.75746905514,-2181.5741680645,5.04758371998385
3622.18024366306,-1874.68625168491,3.1264423640905
787.116775947734,-191.096712209383,3.12933371280184
607.43352897049,-1142.24458724854,3.30528369292755
2794.76015564703,-967.598466733932,2.92972796615845
3637.39613900879,-973.506220427368,3.13966835433905
638.795115634157,-660.651833396507,3.40148556930485
810.901758708246,-781.290340346491,3.57817071743025
2861.19579630055,-2147.08591178764,3.84470909210983
1137.2220622875,-526.273149162645,2.60023359702608
3071.64629396576,-580.372705121679,2.70473253029445
3279.04842697836,-946.598918292289,2.90060621029712
803.752060542851,-1210.59942219952,3.19655197574991
72.9852280846988,-1460.28632901587,2.85286112097982
1490.04875035577,-1907.22029431935,3.18717567537537
221.161022692356,-402.42752288034,2.79048331435112
883.969941713122,-1859.76014527285,3.1670066374857
3661.71083414458,-1273.06981463096,3.00912482578237
3103.18962476877,-767.492196848338,3.4178904240679
751.930729242772,-1246.09040284804,2.97365005310322
1429.34271771864,-1002.77555112919,2.91484043673324
532.840335922094,-1397.55314582164,3.05198528203424
578.813799324048,-1316.15891585727,3.07177015589368
1888.59861174969,-1573.9484011583,3.20995367307724
347.746312163975,-275.328765468996,3.30453041793849
3834.12075814671,-2126.908786345,2.79821844708211
738.92741129643,-1461.30581782094,2.93810967846182
388.137639805463,-1370.22643543786,3.52937289274275
2315.25605283949,-469.901424832201,2.89761323773949
744.711596156867,-842.453886105086,3.10828670826747
1733.43847971414,-1836.17494131719,3.03096646080588
1881.45690007038,-808.826349188723,2.82804486939115
3862.13102013129,-76.4515613419241,2.96014543644717
2666.48869666738,-1719.83243195402,2.77534825367432
3102.82200419857,-259.725157902345,2.97111823101237
1216.02154652034,-1052.35736496359,2.85256399412595
732.584947845948,-1946.8892819475,2.85396071631626
3707.37218343228,-751.734320824251,2.86504136931418
1750.20058654704,-189.631414995023,2.94474407990259
1126.31994659775,-1156.88952469709,2.94177748766541
4009.40717628605,-1095.3439503442,2.73244438076177
2441.45811695611,-836.153178649205,2.74106213562045
1125.94913527164,-356.643431971598,2.84335226098727
1489.21291888834,-2197.98267759783,2.66027987023784
2972.60495570208,-1988.5974585755,3.28747441693965
524.252066328341,-1330.65053185958,3.21603052993827
1859.72144044413,-1244.05994020029,3.03219070069945
832.026033593791,-1762.07187895622,2.89751065820465
2344.38326422755,-1311.68903944419,2.94586601595437
1808.08182951245,-1702.66236045544,3.08468643472957
3549.9014578257,-696.847359352871,2.98351644361202
1886.85077730995,-1481.71312717816,2.99937321145367
3342.38537700062,-2047.84226105764,2.91551115169527
2017.06279158027,-1845.66135097024,2.95397935222722
1892.36681850516,-958.585663888315,3.06709243760834
1958.25638943896,-966.705536581698,3.0749812904323
2988.08022800398,-1670.46808435842,3.13182363171494
237.452319565958,-2219.36836066873,2.8011712130696
73.7690537843816,-1027.37930786431,2.83659801580079
1824.06093344942,-76.6037081269958,2.95040887315195
2582.82068436482,-2103.31125217376,2.75650217902816
1740.05248312284,-467.876760426495,2.75825323920937
3859.1563972105,-912.660704769789,3.03239841847663
3497.73999406832,-1796.17596440549,3.60133826255379
2289.20174594772,-1654.19276863933,3.20801305780723
3041.43273732403,-1657.26122477824,3.05760304867277
1141.74461143146,-1349.63185984953,3.16448923248229
264.710105909311,-1106.59900152126,2.95311918032274
77.9484280889795,-716.58593134789,2.95754414757898
547.059173184212,-1770.68034741017,2.97735832264284
1820.34099336597,-261.005704615969,3.33493716468928
1327.99820252005,-1621.8635234839,3.51235604751947
2403.66472588732,-114.689168220056,3.78005072181943
3642.24959519757,-333.920469152628,4.06498126599759
1492.79665927298,-1738.24075546798,4.17596929726967
1434.71929083572,-2165.00287388336,5.45736558301832
3978.09562534585,-1587.24170740866,3.11014913802612
4058.12569013751,-2193.98963242319,2.99837591953586
3685.38297440308,-1787.44167881725,2.71836362364169
861.381027040497,-1569.61678985262,3.19678361968669
2863.93274207725,-980.940871981228,2.85718729563588
1317.5212650547,-1582.41460804452,3.07232013350382
3992.85555306029,-1314.59689717212,3.2142588436241
3789.93023451622,-1263.72093099617,2.98203894779312
1534.99913220439,-1043.01728330295,3.21145658872117
865.219408860019,-1661.8932010697,3.38064619640816
2057.74389012658,-1206.75840928269,3.20075413934395
489.775590912697,-1205.5230617233,2.87796115824802
2192.60102561863,-977.010827257781,2.91986426566428
4065.57485402067,-1550.60137112863,2.64433438489616
1615.22704194169,-567.453908272165,2.93181314866261
1304.84072949528,-1397.62197581811,2.98624627011703
3592.8045771331,-1300.82054138066,3.19519946935146
97.4785546634761,-972.623496361254,3.26218280633931
2291.2741623103,-1412.80596575542,3.37463427824012
3986.28185823952,-27.8582670502655,3.23916332051391
2985.39093828602,-1841.9051739217,3.05561510562819
2038.55076420907,-1277.14786114365,3.13208398515316
1008.69621426104,-896.784376643853,3.24000399477724
865.016072069722,-898.423610552382,2.91437618322424
1605.08159475178,-831.256808140117,2.87815521002926
2189.70908511008,-1575.99361731,3.4467705059024
2418.11129542546,-202.124162028052,3.14134319156344
528.154696918135,-627.427153414293,3.1948746041446
2069.98687599049,-1144.35045573529,2.84429917191735
3365.20395659046,-419.781947556684,2.81977229806608
2750.43880899809,-1814.63691433921,3.4729259029474
2971.62298313966,-1043.85229844869,3.01685824665246
3826.67302534868,-30.6073502420859,3.00349276917649
3447.62001728365,-1055.55296728059,3.11799107757459
2584.0367492573,-1797.28569088586,2.91279343873492
3870.3278679332,-1603.54016268091,3.14835802715722
552.222973278595,-1665.43223044125,2.84620782506265
4025.46660168457,-866.124493465486,3.34045650170734
3100.30487928721,-1569.62940796359,3.21159967518423
1023.47081798931,-742.410706921723,2.99803359893493
3235.16749738866,-121.005737850698,3.40706937731397
1337.47415176767,-683.474651113118,3.01431958229658
3433.06014176017,-1688.56278398794,3.15566564673609
3009.69507172077,-1842.88551635045,3.08912055810589
3776.91736789808,-2072.96525080443,3.36959577270369
3004.62655352668,-1600.5071398991,3.43924964814772
636.832798857751,-796.227048522187,2.98788192583962
630.869397281745,-1350.07818837061,2.98041869278688
1671.46782815952,-794.428156374186,3.12770471896893
3000.34483114033,-921.128401096973,3.15390048012994
1072.49639592241,-1126.21081041223,3.06400004310397
3615.26791905993,-34.4403509642689,2.98560649879633
390.49288822744,-1272.37808468952,3.2632877852376
280.452437846786,-456.963228757508,2.87309920595832
600.196718686745,-643.45063220901,2.62767492277188
3286.86550158845,-2060.15999587965,3.20512116735925
3157.38561105564,-892.962460479978,3.05331932703074
2886.97531731763,-48.4524555132992,2.73064965174156
2756.90681138298,-1900.81567330915,3.16936852278128
2247.738413435,-1596.4387844904,2.83287056199441
3758.079022323,-14.9583306001816,3.17944819805706
537.502738276218,-418.842397962274,3.16238885219264
3780.48339631009,-1050.04613951485,3.20543082361135
400.825402185779,-1702.65744954499,3.09065249814106
2008.39084206721,-1232.67097072857,3.53888708308874
3340.61426869183,-1139.03162163069,3.84183463544073
1191.54441578251,-1605.14616107004,3.493828195317
3198.83866880124,-859.275072532443,4.02694997787094
381.625950352629,-370.104561724653,3.87140741592809
1098.08508720965,-1629.56236584718,3.86382606169613
1197.15201903339,-1712.32079235755,3.8074111242804
1124.77595400872,-1137.93049786803,4.44234085261469
1882.35970341917,-1489.43376569233,4.42731006373518
3661.11618644286,-1060.21549638853,4.39403505519707
1375.25275474589,-1698.29204713214,4.26485899168356
1816.76520816516,-1584.51236960932,4.54469122403715
2302.45830971627,-1157.06966006741,4.33844051966561
1329.40936171736,-961.762862980041,4.65240254444811
1407.42845655044,-886.882014142871,4.57547748749229
3990.11355202734,-1236.37592647049,4.96756493393379
NA,NA,NA
3716.43631091851,-437.052770028745,2.93108406076002
656.831656410119,-1363.57412579477,2.88771748960148
3723.81477132816,-1156.16016675126,2.87200899960151
814.129946352122,-1225.192124542,3.09853144694664
975.826548902419,-674.466696881898,2.97412398063849
2463.46917886292,-2067.502143143,3.01767082253564
1162.64976398432,-1717.08428612695,2.70550500114029
1976.99943187787,-797.950151097904,2.75891301922694
4029.03574376966,-1083.07874157404,2.94989864472187
1194.71414171802,-498.475700496017,2.98838630765714
2595.30090557834,-1859.22598092439,2.92596751712451
758.65419992663,-595.587546843866,2.97123154402232
1608.24692055661,-1399.92705454214,2.89744139207901
4001.48458749993,-1043.36584710228,3.01347448735426
2421.59656529342,-2015.91970446923,2.89881699025273
3490.00075079765,-727.372698901533,2.88327128263144
3984.63275055099,-866.189423292433,3.15172217449808
222.346613944936,-1373.17971772877,2.943905657275
1078.83278433607,-14.9875221799156,2.89780070992443
1249.58165063999,-1073.96219477943,2.95212896371375
2569.73609222166,-20.2312882694882,3.04012530430309
1979.77185455391,-873.771728660608,2.92008216951844
2576.14150539389,-820.104071130227,2.89435584195278
282.373165321845,-1894.10603087169,3.11825108844836
1574.87039787537,-793.859267599807,3.11183698475786
1276.75447605527,-397.92740341842,2.89075682558702
1202.07395504474,-1376.42930948551,2.96639084377593
2811.29008389209,-63.3311850040588,3.03056880896777
1789.87533128569,-321.559188873536,3.02319576055683
3488.85843760302,-1729.73544291347,2.98887296199585
1310.11636054941,-1634.29989101919,3.02632642129165
3428.28114083153,-2116.97236368766,2.93331384719597
2832.24608968734,-961.495073935972,2.89115103951386
3394.69580574532,-1574.36583253813,2.98926017739898
3808.67970660926,-1755.42987514342,3.01338402819026
3480.78434294174,-1451.32272444071,2.98185876730629
3507.3116132553,-1918.46994058221,3.03642568803518
2839.3188355882,-1010.80995469404,2.95506554400229
3119.82971118713,-1685.43511096235,3.08761775870605
2037.42044663357,-1468.71908776955,2.87225113791036
2549.86453519002,-53.3493221784484,3.03445383533884
3125.32551006115,-160.986465556516,3.02303428994075
1768.69819916413,-1951.56152719402,2.96916373674394
3185.19510221556,-1911.84894009656,2.93963748506334
1363.64207979318,-1620.08454339336,2.9653529713297
1080.4808522004,-550.227361349079,2.98242063761117
3271.44050626541,-17.8382655882539,3.05366955779768
3369.64872168195,-1216.14975711839,2.96292899909665
1848.96247858256,-337.11440533852,2.82459222984797
1046.12460604078,-2166.29441611584,3.01669154629472
1045.64078612011,-481.697623315768,2.84021643558715
1215.23363708063,-1891.8426164896,2.88491252671326
3438.17658262577,-1256.78595060989,3.00977084470943
325.042400602533,-1910.70281411866,2.98390940174162
2996.24469633754,-1628.992454065,2.9121250196906
4029.72143182021,-1793.43131011807,2.97232197887586
2492.77145096883,-694.663717256955,3.07079911737601
2629.50586973485,-1573.83026212716,3.07079289463064
2055.6814073578,-162.276865691008,2.86477196681248
1234.01127501063,-1694.8081911566,3.0268728888283
2759.65440722345,-135.806147188957,3.07126664878304
1719.95432842461,-1964.0537041093,2.96038942238152
2552.33587240891,-1414.61823307433,3.00213962481244
2214.68643411326,-399.238608258919,3.10779752655447
1034.52930642501,-1266.48317517468,3.01394024799734
3489.19873840886,-1314.13919840078,2.93282332036166
3222.50591059003,-1407.53527192435,2.95534761171362
2714.14015909042,-1451.34097500025,2.79594485342526
1670.03406871408,-1366.95694244551,2.87778759089987
3892.55921670112,-1842.52381507253,3.02243349855665
2616.35662346149,-155.872781508896,3.06740117156767
308.653252818465,-2042.77366708636,3.10948111833927
3793.94643930936,-912.621140897578,3.00712219290394
1355.39583120555,-1464.81722278302,2.99424229976133
1268.14555049955,-1628.64357957167,2.93244996779776
579.761499624632,-443.286189956301,3.01632900072357
3394.54731850336,-1700.04786185045,2.86827400859274
1744.76993003239,-1807.30379968589,2.95388802060933
2866.80604395691,-1595.30386729411,3.08016078767596
340.885460273107,-976.000045247224,3.02749517031577
3350.88162918781,-906.343192473128,2.95097568541139
3255.88291641841,-313.451867428837,3.03821774881078
2258.27076890688,-474.089688583241,3.09440226779133
2465.54813381591,-782.701678644359,2.90719084706149
804.387963714492,-311.067192750563,2.9903959151072
1211.60205111835,-629.229008485725,2.94777578679617
1887.90713553784,-2109.13255180224,2.95758293345586
101.13788637447,-810.293274372534,3.02053502255584
1932.98517859996,-92.0726295853356,2.92190960538568
1610.19320329559,-181.396758814883,2.91363103210614
3369.65951017534,-585.426720861253,2.89280549431187
1155.48677101019,-618.737773467919,3.21893586877762
3285.3017203497,-1507.70821828542,3.05302751891669
280.691398932297,-749.797094289073,2.97635939815412
796.769047063067,-410.931062496592,3.0190141441446
1489.90887813274,-1957.04550735875,2.99128642597205
822.231575324856,-2203.97489974685,2.98455526669652
1760.67004765375,-728.091988067324,3.05753240358978
3599.42834324739,-1733.24768234387,2.95061965043949
625.629514173528,-57.907356782091,3.06275472307383
842.861616582059,-1969.69510721858,2.99367661649598
1900.37800207954,-109.445615850556,3.37847138451087
2329.57101872737,-298.322169868761,2.83427115762126
809.229929120906,-1446.26082987508,2.99373935413922
3214.67033588143,-2126.68324054617,3.11497458165907
393.312487001481,-2098.13974037011,3.04362192531463
2564.32827019249,-2205.44965583936,2.90427643728194
4008.75621287384,-525.78465934559,3.039229268281
331.804342012491,-139.446599681923,2.94095530263483
1736.89821126528,-1544.25502884331,2.97883199911683
1487.02820367749,-430.781514111144,3.15378667480292
2168.76912764201,-451.431717141091,3.12741772785908
2390.70554628589,-1032.72245115013,2.88620705383297
193.166231515415,-957.348256185119,2.92285318017092
3639.50568944959,-360.523213351618,2.89704886927784
3979.75628552768,-1852.43425054431,2.98431872251199
2153.74247248381,-2085.87751448848,2.99466815287077
1529.56398837141,-1136.09514086254,3.00225365800859
414.200114073145,-1513.77754572035,3.10781402353629
4011.49778718261,-1696.30673553832,2.92167554969306
1859.58766539097,-1429.66344361177,3.05515716093032
1665.2722563354,-577.829762093248,3.08421113465696
427.757918743256,-1477.65254712579,3.10027294268561
2062.46270091844,-129.045500959754,3.07254963148305
2889.47163205175,-1307.51142830474,2.98959184997241
807.773540033599,-149.670484696352,2.96594113114734
2161.94125326875,-541.000005798062,3.01814421533036
2674.54991850077,-496.346198271974,3.1090816215003
1459.02555137578,-1323.50762983184,3.07344285667171
3055.6412269351,-932.403238932753,3.09794990342252
3840.61871186499,-1315.10786518085,2.97537187336315
3388.21363641425,-69.6819837772868,3.02879485366195
2566.96000142296,-606.980976092123,3.02556331340048
2404.2925434408,-411.533570609511,2.97105736615477
2214.95929528976,-1341.71353107366,3.01939398435322
2636.69681879893,-42.3669077329917,3.07894361484182
962.683359852067,-1061.04945326919,3.09251133797294
3663.49973414469,-2193.69580167322,3.19215424785352
77.489704820188,-348.459720991437,2.98829286486759
2905.28856706141,-491.144123756055,3.10593426980397
3420.7268779306,-242.74332317037,2.96141429749631
3228.99888881631,-1095.30507262242,2.97757832833671
1506.22963378951,-1413.42497640387,3.04328335480175
3198.15824729551,-1593.48281707126,3.12105605903913
744.990976218867,-1966.0774091073,2.99285927559603
1710.29642827533,-1624.52931354261,3.08213381516373
1290.82881687069,-991.814236864442,3.22529819624016
1915.17635803632,-651.676648495324,2.95145773125327
1272.95283785787,-1798.81915289271,2.9528299339849
3064.45284129056,-699.119163327868,3.02572997297889
2494.43218635493,-449.51406862911,3.06931065248636
1388.01071433908,-680.076773224831,3.00063780685231
1282.08682440126,-360.645228984726,2.87558287726959
1725.33521245256,-1807.04776287938,2.98140629755585
986.664666372299,-1751.77772732015,3.1184038810851
261.056528452817,-758.474158964634,3.06119204741174
1016.1278886134,-454.409702476207,3.07539573519282
3478.8686976937,-595.999341054842,3.03136535544215
3884.16507191928,-1489.16510134053,2.94322253784383
3914.67102007109,-257.269238264368,3.09001153140185
1053.31832933678,-31.0918892282571,2.92371052810927
1434.43066944777,-1927.06770568407,3.07774303067158
1837.8239218016,-2070.67641125368,3.16037540090272
3394.53070429027,-2206.82188698703,3.01459796660438
2869.33697050127,-1638.53852264685,3.13270110533843
1809.43458516285,-86.9458900492301,3.02223999648391
600.244399473313,-266.305584704903,3.03477492740524
3197.85368822727,-1547.24323718968,3.06485652323061
479.207451346444,-356.265738713661,3.11261780323329
2986.75089376521,-1295.97612389473,3.0443334051479
2291.84796362747,-166.391603094862,3.13147657838161
3597.52174560914,-339.120957742487,3.12062911736958
1366.8140346477,-1698.80154929236,3.01718725417483
2187.76984944216,-1570.76382459783,3.08004983920423
682.958430036777,-940.144637687598,3.08573730050803
1725.68850767052,-1727.2380234348,2.97059189950008
677.375897869628,-1552.81146954765,3.11374797197153
3901.92191191528,-876.518829470332,3.12105634198959
1974.64021852397,-1486.56578044752,3.0755061825517
2653.04143546682,-2147.89184632206,3.05714517995875
1568.80922093479,-1720.31106541171,3.2157219286674
3250.40718954985,-179.008946417574,3.27536040672263
3872.13073663136,-1069.13286006302,3.11126306022524
1430.48484746769,-2179.56547062072,3.05371333014997
2887.33977656237,-169.744120635249,3.03939311687754
2460.56199567355,-880.836472792187,3.11408320324202
716.41202888436,-1823.2415012825,3.03420800544785
3331.66788313284,-616.472926051657,3.05709585821664
3049.02393896287,-1330.07290467681,3.07254297584491
774.433280800194,-2035.30394367661,3.03406235179334
3303.47181715184,-1089.43813430005,3.0705154617641
760.975222403286,-487.503474291913,3.1496458219609
3556.58639978539,-1871.63114744842,3.02622209218699
3546.89426538542,-452.454648695329,3.20344339548241
3290.3352328573,-1029.42313965205,3.05770391044918
576.31794792363,-1933.43008361795,3.07858903997593
2572.88101984788,-242.254857496202,3.16558890573056
1770.02627718031,-1889.39096683944,3.18244640245643
1650.10331473965,-962.194047641018,3.07957071807848
2432.29486884032,-1953.80312378821,2.92593401431298
3253.92399115005,-1295.64844683163,3.13406402190188
82.5655710695522,-404.256706238846,3.0463259492468
1765.15675546013,-1495.44793552882,2.98530227283933
1827.68515544567,-191.268006339518,3.09618273516203
1837.66302523317,-1844.98644473755,3.0652035517629
3598.48717275398,-899.270922168579,2.93659560808097
4016.19442070281,-639.754061972563,3.05038618905386
1026.10483687785,-517.203808920958,3.20144603137544
2622.51678847096,-2210.5143323971,2.98081107655137
2604.42886894686,-222.590391951607,3.02201258220934
1508.19828868171,-1771.16123807235,3.05275248355153
3040.15508439705,-1857.55739114493,3.01330043730406
1995.05726444445,-524.654085352647,3.13929171384806
2499.76987208672,-876.460281304285,3.19494523635668
3122.02849123939,-743.447427030687,3.03871263107549
1467.30302779832,-843.892924434232,3.05056238605235
1174.43150181068,-1378.7358507582,3.15568846250233
1483.90820145245,-1462.19221192121,3.16755248810766
263.176298257129,-406.241342885197,3.09474000080378
1705.79039657172,-668.225469057529,3.19016251144187
565.312179740016,-1474.80944395772,3.05442048934951
771.654078046225,-899.506014229882,3.14401516654506
107.058310280331,-1436.75345119213,3.07028045898009
2952.65446836152,-154.42757027959,3.13664435345937
1993.91074370801,-1869.81237942121,3.11343900426989
1901.67009171006,-235.477754014687,3.19913116281532
702.563089570079,-743.269682334431,3.03690112432055
2664.62392095018,-937.095708710247,3.09288484011559
3319.86895655527,-531.165414773637,3.20524749485892
1348.51226277995,-899.731076766975,3.03298408189557
2476.99025765709,-641.236651502277,3.10861391868592
2569.5078031886,-1625.2816631243,3.06713984716026
2364.5949291435,-1730.86796054181,3.16073680979295
1395.17610781228,-1610.5343796743,3.177696100766
1276.27986333608,-327.180578999103,3.09133900201629
440.026871629528,-1573.90148834044,3.09642124675886
2269.66935162254,-1644.76218219303,3.19893815286858
2393.29845071365,-874.8729941659,3.10948469980245
3688.62629449526,-1733.14419546724,3.08883569657694
1426.66803255922,-2046.68396633609,3.08532269332463
3240.14242423935,-2018.95281720602,3.04795111265555
1222.74470048445,-1029.5545715778,3.23606772327712
2168.63688336742,-924.285137134665,3.23840763288339
652.984268817806,-1217.24518195225,3.17373815381862
2466.54190812661,-369.916081942326,3.10573338928312
1927.76241589022,-1558.07012218619,3.10279596797488
823.045954116127,-2005.43430422419,3.14508011936345
2674.07926209503,-1666.06285897115,3.19911310591251
2943.36661175193,-909.988102884386,3.01332012793605
2735.28089096258,-1712.95896721526,3.21062633204794
1926.45252689112,-1332.530032792,3.0946730355298
2464.20581815829,-179.018008809748,3.13950131775527
2204.87040416952,-453.852294715929,3.1483573573541
4036.35481972609,-1760.6751906721,3.11085179638615
2498.38439832123,-853.74369784421,3.20552526964028
262.277602954762,-810.821896545551,3.18094177293277
2564.92323823493,-917.730050167081,3.21049817645041
2677.17026075959,-673.80243086187,3.17877389895236
253.035204834788,-1470.32692276634,3.16789037548206
3777.22662809319,-652.543622717024,3.14803060151259
1604.88150424212,-300.983983714853,3.26534823230975
1621.31684389658,-2142.84348905405,3.10163693501267
1607.78216934215,-2215.13939844153,3.15101778656099
1486.65455242519,-378.596085380093,3.14882881450617
1762.17870804209,-282.649452321008,3.12217885425235
868.438007971176,-1327.53482722518,3.16337588459498
1824.96231754027,-41.1711489943207,3.13673661955767
1454.96460558583,-1238.31966363724,3.34879538583989
479.911958521304,-1840.95750540521,3.22025806838915
3666.22307730609,-2019.43207031468,3.09784581895998
400.935503637307,-1192.64562558692,3.22068839995394
3487.99164576837,-1344.06283366665,3.05864093233568
3790.47266313184,-488.794709659606,3.14349063243823
966.195579419595,-1431.06546656706,3.15999529122418
3369.60055619142,-299.267419476081,3.25720762812157
3754.21085880936,-1692.29108416853,3.19767563153475
3187.56273748005,-67.0525032931582,3.30280207787689
2251.90564908402,-788.133446111035,3.06206812624789
1398.16051630961,-713.207955150335,3.28817926904019
3654.0327500586,-177.897977310483,3.08351448639421
3573.1180229615,-1364.64172986299,3.15231764275381
1974.98652527523,-946.041802953057,3.16940300034242
3986.47485708529,-1135.33371060544,3.18072368231555
3103.09552204835,-923.659009688969,3.15800274236055
983.858689255727,-995.187106590913,3.24635659183815
771.581705998611,-1338.26600039005,3.21234929468054
1280.1972835621,-1104.09843694864,3.14519753335398
3025.525625312,-1543.63364933838,3.19800305270289
2564.59500041147,-506.462962642497,3.06076655265711
1859.67540196154,-1956.83651418641,3.22465954638066
2193.92275497236,-796.953850665093,2.99667903178589
675.02066764135,-44.6300368054906,3.18598235623002
3956.29224854576,-917.698943368315,3.17789346492221
3837.06099311197,-460.204450072059,3.30023656097435
3001.09467537111,-660.800773864931,3.19902481031024
4059.60139897421,-626.352658563302,3.17927479181653
1977.31565793822,-15.6627430866109,3.23402793628622
3665.51029459304,-310.204663250279,3.08551437134367
2788.96312179447,-208.353596086098,3.32838899915258
2771.34968937935,-1873.38377394129,3.19300267491583
3933.26491326122,-2000.8701343957,3.23364057975828
1340.70994642534,-2012.28204942669,3.26810866998129
1091.74329021737,-365.324106104968,3.33434369408751
344.584877996944,-594.91544620959,3.20844158892748
1914.39167856375,-1795.71494565933,3.1040633670717
936.345489767467,-770.94165166955,3.33396437422894
2748.43038902027,-1451.26786780176,3.29031450012912
2737.44906216132,-337.45737684054,2.98762934335796
2084.68049437441,-1578.93136649431,3.19300368001104
4043.41787690082,-639.642185175746,3.17397815772828
3715.21720675246,-1739.18363130186,3.10699411885385
2185.8791555915,-1670.47606019776,3.12968593376708
472.272404806162,-1399.15795003018,3.13304739615574
1086.23000717453,-2055.44377054802,3.1491754844883
3373.26980410796,-93.3696293468651,3.24620384428354
3469.22337129595,-1348.44437360464,2.99355318071014
3426.09908424828,-2175.85323047133,3.25140762650841
2743.54822315267,-596.122631002427,3.23501145662042
1699.01731257361,-1330.89266670471,3.16697890222912
3160.66414073228,-1937.48257491917,3.35060042003629
3383.7445947295,-466.934585051184,3.23181295905591
151.472169099354,-107.954125724201,2.99651009941833
2616.53132732162,-1977.98286237821,3.33467683477117
875.880866482717,-2088.18311809243,3.24778845535331
1164.92181703361,-895.698127236661,3.38249774202177
3480.51146517703,-893.728518355753,3.08873498776624
3195.46800652258,-830.473461259367,3.33893804590928
1097.71133737239,-1324.21285044804,3.31111226613524
3329.61423501864,-1836.88801214927,3.22847070600078
1963.07795023899,-49.8549369400968,3.13100170586704
2904.20468605479,-747.405653276817,3.19261072965014
309.743431166419,-1534.87998551946,3.29671590666618
1782.2653125443,-490.071996275268,3.36280082722659
1491.01590124855,-1788.6506816581,3.27170424793768
3946.44389682538,-848.936503966213,2.99780650825028
3805.21144841061,-11.6078306865696,3.15894241483577
3621.78333033924,-1562.87613810845,3.18476283658215
2440.15952208313,-2142.41495577405,3.36249926227157
2028.35956414555,-348.955998317199,3.23822778458823
3009.93854620524,-174.52127821428,3.26660679170077
320.984979198528,-100.904918676364,3.30102260887077
547.16259886556,-1277.00663247206,3.34040981943461
1000.09716572645,-1699.8370988356,3.24483184436207
2806.07231789068,-810.493771713748,3.18784656221134
2700.78626646677,-190.635054238162,3.16946686184031
866.802766971753,-292.854045055888,3.32212313152125
1456.29179251108,-1746.50069861346,3.22605201852648
3085.15286210408,-1858.04827616713,3.14007208006236
3547.54457161443,-1158.93947536233,3.32940804368357
2533.53471532564,-184.051795741355,3.2313017164663
4050.22971993165,-1621.51302689173,3.12120130872504
827.500795144368,-1918.71638257288,3.34296204628525
2638.54481393455,-896.365695974846,3.2588747259197
1039.0728121837,-1498.53291922561,3.29228234057733
863.832856816923,-261.079410351894,3.12794423504756
3686.91639263685,-2009.84671590149,3.23972317996238
3970.88486026595,-621.985091161331,3.31609133923416
3029.45480134036,-1841.69681951318,3.23361624763129
2793.09004470691,-2118.87695191358,3.30446974395442
3221.1310280241,-1826.24405813049,3.28679209960545
1077.0729104215,-1289.21757121474,3.34664017517001
1880.3738248814,-36.1690287226384,3.28833525414271
2511.51079679305,-3.94678372317087,3.37141063695638
1510.46215309606,-900.303248290156,3.45991351884079
299.126649425555,-1947.47352105546,3.26697459168456
2338.83489202361,-67.9306057601846,3.37979180093724
894.109289196251,-1983.13466161361,3.14866379356668
3429.9464880022,-984.644442079813,3.23846496234154
2183.16992248343,-2047.53565576646,3.31985778415397
3698.14832060687,-1882.89124316806,3.2221506290686
1477.31658353369,-1970.22642546849,3.17809945492748
2492.51530997087,-1482.81920538454,3.25660198384358
1988.18407764298,-1513.43550424814,3.36906214661099
876.325494700549,-1147.00894525907,3.32630576384722
3557.0602161076,-1342.48177966276,3.38186021760216
1094.17734419281,-1514.42344269667,3.34032414449862
2924.7467329482,-305.134226598435,3.25213956648636
132.959317451699,-393.746207073118,3.3423494313373
2398.54391838469,-285.779176115003,3.31461768889702
2182.24433399299,-1422.87409319495,3.3644371246327
111.132105273086,-1504.30731561562,3.46072183549461
3792.63018425475,-1028.92182335859,3.04031726538986
3952.32564648767,-878.625079537951,3.26209044740594
3302.0733688668,-913.366907867864,3.31289148215632
2349.40763058586,-713.041598658623,3.39434665927388
2358.44983001238,-1863.1317165522,3.21682491835426
2142.73199376619,-626.466602877051,3.31506878651834
76.2348166973544,-488.18944489187,3.39126839341547
3576.30556456858,-1190.76782509974,3.35325417886099
1901.45587327092,-67.0427524915,3.29531938605995
3619.6006247814,-1510.6041446265,3.19771563124732
2052.89742313794,-353.479342261508,3.27758371535136
1355.32234800379,-1318.88355419193,3.40675515202463
2326.91917277604,-1808.59340517562,3.22195608835974
431.048731385894,-1365.2516886273,3.38298371697601
1473.53053091235,-903.777715138774,3.41959949744423
1131.34786933282,-1226.79584899574,3.3540512304771
3159.96985846909,-1765.04325966551,3.37483473659543
3184.07401436812,-1872.22091076208,3.4129804057998
1044.53456591412,-708.99451532079,3.37381134683872
3191.07954659948,-1435.15505339673,3.3569065267509
2217.58465606752,-1685.38312692629,3.23283407008571
172.101321284764,-771.450162572958,3.33338902478185
2744.06225452785,-1640.48651562448,3.41826942065673
3262.67780993805,-68.6076328017553,3.22434312601788
1163.1840703342,-1146.42442466067,3.36479806991696
2925.85649038099,-745.320367641733,3.32829206124299
3241.71436811661,-799.548293234164,3.41343122007774
261.296144694048,-1357.25421783082,3.36946575758846
1777.70903385899,-2099.85936407647,3.20158191164182
2116.20715720701,-1138.46756197111,3.37134023571926
1987.75373219178,-1652.42277204779,3.35959505636892
3933.05767421985,-1449.70234961031,3.2773745547381
3909.60457017056,-1265.00637249068,3.44152044236987
1692.06335025687,-773.853446232133,3.34825680726367
3032.26285977845,-188.109998313274,3.28961136745267
2167.52155736834,-1106.62189878184,3.28272275784717
2627.04655488704,-1619.9751043645,3.26590675733239
1989.49422677402,-2180.14503018623,3.37347197304797
434.401462184259,-1738.69331367911,3.44683749025122
742.632825578897,-1886.1900561625,3.37309123370867
1699.38043358885,-1478.57697770669,3.34393881803654
1153.45776638849,-1001.62960319479,3.43783151144339
1299.86179492197,-1047.15678323624,3.38695379944523
2426.40332979855,-650.388171012957,3.1988046510206
3414.61454478113,-1785.42460036696,3.51420038604156
2316.02560206286,-86.7654128516164,3.45546631899057
2085.61583905781,-250.253357422707,3.3597985863111
2639.80546756337,-678.389839315557,3.43995998179212
3379.92377993028,-1530.290387268,3.31044870138368
2371.72902520863,-1679.89589921622,3.3809154490673
2787.07205952302,-882.702500173217,3.38311842039024
2922.1475643348,-2213.68582241166,3.47128131492073
1829.04230055036,-2001.73735783108,3.32475365279688
1473.41236272242,-871.120968246413,3.27082964112615
1789.52725422108,-683.429235553622,3.47013272097352
483.085109161783,-610.871362981701,3.43269557719421
3490.75751306687,-1205.92722449259,3.38429819661161
1953.98580961562,-1444.51405870925,3.56989432888342
524.215734860937,-197.678805374384,3.34158819440625
3660.68019343218,-2131.10021914046,3.44093697153894
295.938915082806,-341.711800827774,3.61092086113658
3687.09274813127,-616.438561981927,3.34257415638053
3165.3817114798,-680.477389364062,3.41184474526722
3429.19389296315,-1200.8067620129,3.55671551866902
2213.2961890754,-594.512882786272,3.42045016526245
2126.94336820019,-231.807557082774,3.52873922812915
2679.4977239348,-101.279232961999,3.53179897630009
2179.79446130829,-6.78051720873899,3.49804750749109
3155.71415853647,-561.86851945125,3.49946958246029
174.52875633145,-46.0343218858303,3.50745325943709
3276.85551142265,-1548.77511699993,3.43426859276228
995.678556066929,-533.662073524295,3.51193455326121
3200.44810562052,-280.067800648455,3.47630375997814
940.344808871972,-2143.05580728846,3.60472400562969
2953.72757532726,-567.322376262044,3.48291526404986
1881.9102310269,-1341.98388239162,3.50176264754886
3577.91516177982,-543.331772605035,3.51592157232681
3632.38571345505,-1083.88454476078,3.64762810370291
3033.90535369349,-849.432952241574,3.5116472713172
1685.63656617267,-874.816229148492,3.487312974705
328.325776274471,-682.201670421199,3.54791483314361
2824.24640314852,-2098.63828966782,3.56740192377787
3804.91511393121,-739.122081196861,3.54049700357284
2463.12470744757,-2017.84698578883,3.50061522972132
3726.47859016183,-613.223926479995,3.5488973306421
1812.23607259969,-516.095083602806,3.50181418975466
3096.57637943739,-1455.42578057426,3.38141785943524
151.880867497364,-166.747858409171,3.52926994271517
2789.43975129867,-828.978946107894,3.45990389983039
3087.0765166278,-35.733920829336,3.60425189057707
2066.20612458152,-682.194394412728,3.5024592334819
667.149850172837,-1452.47533655657,3.47909423873953
2821.41290669384,-1099.85244804904,3.50712009551259
2350.59403815587,-117.765536571631,3.36719854154079
3633.08743943382,-2194.15214563437,3.64940914066154
3294.60753581326,-2133.56518950714,3.51756859944243
3181.17382622837,-98.4562640590777,3.46621914656201
2384.82757767442,-161.399912686787,3.65140784504258
2285.89293259613,-564.505836233817,3.27609104369933
274.24688402379,-9.13762928770825,3.61113812979937
2346.90603829612,-1413.11742149574,3.58796753613342
3284.36680959961,-1759.81746556817,3.60665639248567
2563.93707096364,-2027.02295164536,3.65381979922733
2313.72039926958,-1964.4240167471,3.49933758349267
1252.54618229568,-1724.88182636236,3.56531358214375
1842.14925433211,-1363.494805253,3.51566154183103
3838.99911004693,-1669.46474178567,3.63883423466806
3478.40782069574,-1028.53007292855,3.55101852636443
1877.57604624315,-1379.9454552251,3.61933339689493
3352.87969444808,-2201.47308757598,3.65512062207626
312.631412934816,-1335.88267266771,3.67927508018223
1942.20472019154,-607.634807581889,3.43493856141857
1487.8387263311,-169.057362612686,3.40335611132314
2994.56972858553,-1443.92925491158,3.62252286060192
4040.309652451,-2056.57216354887,3.68387791873461
1309.21419844833,-455.490685791717,3.57287824456514
1682.24139958382,-2162.46415204951,3.53946846863224
1533.9983131401,-2127.25065462894,3.66050200714572
189.279224421069,-884.388294546843,3.50976392672526
2471.25664529509,-2117.61488993692,3.74644113108696
1784.10152258283,-786.719804137416,3.55971923639795
1837.56126325519,-601.599458530739,3.59516331612005
520.396175606323,-1554.79742760402,3.71159617098774
2728.32992225088,-275.713523141259,3.67809582300439
2355.78232283124,-392.965852733961,3.66819174801048
1282.77886770387,-159.047946172574,3.79060161789867
2825.74215966249,-1199.96241038434,3.66604416531832
2138.53715278379,-1294.35211598131,3.696588318765
562.303993431472,-1911.80771794686,3.54173677516968
2057.06445992331,-1822.58632065278,3.68244359429994
2838.57189057303,-1586.79006232485,3.63597925221654
2963.98345756614,-2083.51090339764,3.74237659743929
1184.74585783631,-7.49253719191885,3.55932186516767
2294.3359334153,-1089.26213584267,3.78015431893451
824.961509680786,-821.742147579766,3.63461324850436
2545.99465079428,-2155.81515328612,3.70757021764764
63.246344060509,-1520.85883227155,3.98087311391627
3894.87734429345,-461.189681542639,3.84643207180831
2832.43141046645,-712.087275520617,3.78013456274773
3723.28313025117,-685.951581654906,3.68037141199473
1220.39533295791,-198.004621373915,3.81121277380651
102.683647463366,-1326.52693745188,3.94040104108884
999.740547454843,-1163.44185902668,3.64218175039902
2380.20051382385,-1353.19298481621,3.77323170254601
3257.25859961726,-1132.48490471307,3.86917130441227
2998.94600107609,-1672.20806828379,3.88563853422214
2284.50011531414,-301.406752508778,3.82793275530129
1003.35550347898,-895.585186327827,3.96032955126332
1513.90422097239,-1729.86631916791,3.85903675351945
3130.19214110202,-1994.35394980563,3.87388190966475
3733.64971676544,-299.983786325466,3.92084140816482
323.955532507821,-1727.27161660399,3.88142469275927
1868.27544046869,-1997.36812550799,3.964524099028
551.807688898547,-846.720135038962,3.91220027402983
372.465992524673,7.40849167125549,3.96214768745119
570.408105620808,-163.146370567598,3.72533581378547
3064.16152543255,-761.178401244346,3.73172767843296
2701.23862459252,-2037.62381949811,3.93755613768443
165.349412142242,-304.481476175435,3.97069628897908
1361.9365507168,-1043.19202258045,3.75648805321555
1598.95879584884,-1325.8689257579,3.83677720499241
352.228274938685,-762.713177245561,3.78216655598651
3750.53594960067,-1027.31030116976,3.99133118583641
2873.97894611158,-12.5108328593557,3.97599571127718
518.779457690443,-120.63052028441,3.95930848069618
2421.15618443304,-1005.2530230583,3.83069783349569
3346.30254247434,-1363.11153771708,3.96179446679959
2808.68283769681,-382.906915143733,3.74765917163064
257.790474062675,-695.627729474094,3.8892696409827
3778.73417706205,-1514.64738136329,3.86412728829765
2460.10905186289,-314.895558750082,3.93021881970649
1088.24903070501,-233.575878795501,3.89777036622543
3012.95322929201,-294.257246661468,4.08536082227003
1947.44178784537,-217.483953911156,3.96579711014846
855.179936548255,-548.087116451875,3.9957625491795
961.996643153783,-271.163155269184,3.92636012957202
99.152542268268,-1098.09599298618,3.91568597249137
748.415838055819,-1129.78273806041,4.08310731858805
3277.69874572955,-189.481835823161,4.04748983722196
2987.41301220956,-23.5352262322822,3.83846910162287
96.0839576328349,-320.066568198319,4.14476212988945
1146.55662065003,-2216.21499124376,3.85453630195059
3264.80401741846,-885.556361355776,3.93235827637912
2596.19442699553,-438.110212906379,4.03214041403688
4002.13428457161,-1315.19281923003,4.04460566211253
993.902252856443,-1878.43757219952,4.07830087639761
2237.87336204478,-1978.35410393032,3.94248603970461
3310.8033517005,-1905.97010491156,4.03623248823257
1758.93925888589,-863.121623342888,4.10841853817708
2941.91378696275,-976.332948672085,4.01241040933986
1569.30554668781,-1076.89325291937,4.14888366037775
3311.34674951585,-243.472194667258,4.13434793055073
284.319658350747,-547.514622068626,4.24700165449219
3082.98000904129,-1946.89294667075,4.07128533350812
197.706039031395,-396.420606194457,4.21592965331798
827.697120520904,-1349.56703039968,4.24054809996629
3764.24459399124,-1434.59235305579,4.16937389760902
1252.60646365885,-1522.73823826422,4.22182034364849
2729.13443608539,-1964.43552189139,4.26054024229987
2437.81451610672,-231.66522899514,4.0629553103241
3456.18443090207,-27.1570206744341,4.15112019929956
1240.25494396394,-809.280627864,4.31693929459871
2591.04245383521,-735.108990081591,4.33581724456355
404.859330549309,-100.861100293381,4.20200557582876
2337.0921705172,-1818.44940160998,4.3485126017677
144.139840035863,-1176.63238277602,4.30722527064803
2539.51987443689,-1935.61089010699,4.35499694615094
454.832754613839,-894.021166819112,4.53208561420506
2102.83734845434,-26.8303611832091,4.38218335208394
1259.40180893938,-2156.45160525337,4.37419771346238
3047.2097663714,-833.137908779022,4.26552032834753
2285.8327307374,-350.65584826046,4.41583825864909
1826.33602138534,-2150.19683212334,4.23657242966607
3446.46336234877,-1663.00983525227,4.45787351442563
2482.34780445749,-1322.69799079308,4.49809480694166
2339.43127584083,-673.002397102568,4.45364133197699
3331.05674479333,-677.91767037118,4.52875281684212
197.021454843779,-1266.27215740255,4.3881262403619
1724.28708257487,-1370.07079076797,4.59171880173198
3957.99065590701,-1398.00844711209,4.46004409210528
855.237673580479,-1102.93317065744,4.6367999396532
3042.06306449241,-2080.46164199065,4.45536119248362
2057.33698745294,-1396.49529963417,4.465855117999
2922.46791233652,-2034.65000856258,4.55297826287269
3131.09106728737,-1085.79845909227,4.69828899552787
525.186610858956,-542.167592131622,4.81757448510962
2569.50906655648,-1610.29961858838,4.75243109881122
2980.20496715448,-2160.36741595592,4.39188856060843
2899.20208113902,-434.543952936675,4.89543937715461
3622.24988067491,-284.993566189291,4.77742852495886
1128.37600903663,-1438.07131487196,4.76434288842061
1553.87253065422,-670.226912964294,4.61684753480636
551.762087963886,-1208.08727888309,4.57979378135651
451.591256881733,-1288.94924792794,4.56616827109707
2172.78763690367,-1869.45494715119,4.88617898526907
2666.14719432192,-2107.19844884764,4.79565687864124
1359.53001698186,-641.613531771149,4.9710865000011
505.924526029071,-2076.01494023979,4.82658345549975
2956.31702303605,-1952.82116410246,5.05611791596591
1934.0595068188,-2188.39448269087,4.82898948833767
1116.38495527947,-1985.92032668108,5.13936727152185
3213.75695025414,-1254.41903547885,4.75673286359577
1683.99731543862,-485.709640025421,5.10811147477793
182.405388181583,-671.607141461598,5.09149705465622
2990.83765560016,-1185.29970954946,5.22778573401139
2893.22284485874,-227.274425716761,5.13661150179506
3447.23422171094,-1328.32440640171,5.43434928644305
3306.91397813757,-475.763899191249,5.15584170002891
1534.04701320489,-1007.52978811521,5.12233313563071
753.460308090526,-315.904453535774,5.47964859011061
702.036894569649,-1668.77167975539,5.44913855000281
1406.16705543747,-1175.87385586004,5.30397788436366
594.168416066382,-1020.68198315064,5.64398489270206
3639.65488974904,-2102.989524064,5.75764371259576
2626.39889876089,-1074.14158857918,6.10894158886687
3385.16314745583,-218.602358511699,2.90261073533685
3211.24699616702,-112.045828586498,3.00659689254323
2711.91013499707,-651.598570227315,2.99813095400005
502.87899634497,-1900.3197699926,3.18427499146586
2089.91096546574,-2159.68991182214,3.05398239563646
3555.87308841997,-89.0947734925148,3.01399447203523
442.026300889269,-746.206931327956,3.05876176245929
1658.88746017495,-445.064430837702,3.01991054976768
2350.7874604669,-2056.64918745415,2.77230434199313
2987.29486823865,-2032.66855286493,2.77682689716709
2670.06831124923,-921.07795738399,2.99504799627334
384.643183666382,-486.305427824405,2.96635958155493
2638.96121742397,-333.53698702929,2.70225279644091
1806.60091705032,-730.366834355163,2.88136391688247
1587.53568068516,-2064.6526811638,3.12976439878547
2641.69934353328,-363.122068402322,2.83309228038709
184.768414283023,-621.019251178626,2.90752039469283
1723.32362003322,-968.50396706983,2.92034534216169
3086.00791444274,-1081.58980587996,2.98409279140397
2454.58151419115,-152.653065194884,2.94131141361006
2178.29381756029,-1319.57562191688,2.98181745772976
3675.65442205015,-127.644332847955,3.21114924609191
2215.06286089403,-46.3700270645514,2.76145091215499
1701.85054283989,-840.341310554847,3.04234509641138
565.361467595253,-1497.71781993285,2.89621608273687
626.111658864515,-1416.20724370834,3.14393752918268
2686.72998868256,-35.8520181070298,3.10987597012709
3182.04412571729,-1607.07436878656,2.91351811235877
1215.31822828461,-1932.60769990772,2.94385909458847
3750.4383932757,-1734.59324756677,3.02995731325889
504.072210875525,-2157.40516078169,2.8434183404142
1435.66207638199,-1781.51578398746,2.97081415194009
905.366052256381,-198.138881562982,3.0578647970571
1135.81026871573,-293.799655722193,2.93161055453938
2266.31986780185,-494.333855313612,2.97416444345934
3262.14851503641,-364.926771195855,2.8883611788193
2389.11193193878,-301.829445013632,3.23688228944188
1498.22522780339,-1002.17104625549,3.04729127469223
579.46642280124,-218.467184416549,2.96647236492088
1616.48874350466,-1083.66788002317,2.99127424008471
1528.57512623127,-502.925662174548,2.50256893771399
408.307858799835,-1036.35707969026,2.88840121547137
850.496863562435,-431.493556570155,3.02081510217981
1795.55248955151,-209.261173182236,2.89900117400981
1426.26762225845,-80.7931341971723,2.98010129593612
1598.71059552195,-597.830744303135,2.86874988076075
3890.60045018308,-1303.3290117409,2.98371382175507
3432.51966849487,-255.793710197343,3.0267104019775
948.949492288332,-437.920540911445,2.9358200369611
3429.38160760783,-296.645017735347,3.24447334453096
2411.28810600724,-690.543025160723,2.90237673963938
2883.64734411637,-471.466013445408,3.04852489373247
818.195109927365,-577.646968322204,3.16556667204088
588.471607525608,-1509.56432684576,2.9921926334221
1457.86147008879,-1711.19810731639,3.07224813357759
3430.71483423119,-821.216985194354,3.01394165104992
1121.33662122156,-966.037921179746,2.7946454272003
4020.41251917637,-65.4438688288252,2.98401067899801
2313.98164753256,-993.366892051423,2.93297035997798
3537.58039356409,-365.561809923897,2.76781173336868
1395.61381357401,-97.887231964134,3.1441598151003
3390.50230130354,-1964.82506847407,3.12051206159353
910.432908240142,-1525.87446445958,3.31404507594433
2014.35640240009,-462.081112818208,2.83701442062566
3179.53156167959,-294.783371977409,3.05181245449732
3508.8382605727,-529.672391686364,2.71483352579133
248.5101041281,-111.832858733479,3.4313481116262
1035.90433975255,-125.214796760455,3.01700405756638
348.480623463164,-526.933308652911,2.98932227129417
3093.46033337661,-1797.26186781975,2.82713192532008
3908.13563676935,-7.76039448499027,2.84766471457506
829.086068752412,-376.613784157088,2.87298782861097
3142.15024476294,-506.411533631442,3.10317393870325
3735.06462779703,-334.321468653471,3.11202841168935
1314.16886630472,-381.469130108746,3.11680404805589
432.576816594567,-1873.60422484459,2.94905104046192
2276.38964206454,-705.951710112356,3.06962388803769
4001.72664345675,-98.3374695717186,3.21670062624373
2077.82030871404,-358.659474726292,2.92292209615863
2113.42938895837,-277.174323595675,3.18729294976331
3530.24041861067,-882.368209125648,2.94948766378146
688.249126765525,-79.337890046888,3.07414933261474
1146.77611912064,-1449.83351830079,3.00379552547763
2798.70622778977,-570.982578090383,2.72804483290861
3607.61966108445,-622.236481404628,3.02531105675046
1632.61148710132,-2134.65533185097,2.95354377737371
3162.72680509968,-296.776520008975,2.99008099869837
669.254586924013,-447.035134781832,2.90843557257313
3358.08426058591,-536.306481865194,3.06049530828224
2158.72674236455,-567.998283228354,3.00656108377363
3048.05573870568,-1643.91336902565,3.40810651320918
2036.45965555942,-75.4509747092004,2.91748375490556
1288.99321255194,-2110.52195245341,3.15690306287606
2767.62663934387,-1938.41239093873,3.00551192925539
2742.498943808,-1840.62064478822,2.97887091876162
3571.52253137158,-1897.23210508649,3.06150187044588
4068.86646331331,-405.894666739335,3.28665272558827
2589.10132016039,-32.8205054364507,2.86035288658672
489.396773909868,-1471.61862876241,3.00456440638894
2452.26845101818,-199.426124931447,2.9314520909852
1118.96503473913,-212.149240999401,2.80577417997176
2196.00869520868,-1645.08270053324,2.7744664610677
2039.06309287977,-265.540426158577,3.11531636936862
3124.14703439665,-440.090650066286,3.02109332456555
1915.95281368802,-418.727134924413,2.90200196873559
1456.99818466352,-114.976904040699,2.93882654168959
1312.16132191325,-1415.34586069825,2.91588916992216
3213.03403714734,-412.056917799698,2.98527103086639
2019.05959140907,-1695.91416781733,3.14594591880349
2333.96145601917,-2217.48126559277,2.99404263101686
3114.45814482051,-2199.71052640374,2.81747670088013
726.577006509917,-1025.18366160751,2.90249215252335
2977.04759658145,-331.764884335074,2.97280232621687
3529.4508947629,-1671.2684474843,2.93688312776271
990.516545195583,-40.795046621978,2.71339914001146
346.246855953615,-1455.3370149182,3.13629087629635
1491.89935879878,-1217.15698994369,3.05569335884412
3350.05858717316,-1883.42516877385,2.83711014418398
1130.6802001927,-58.260947963557,2.89936152289528
1205.68653071869,-1080.4159991966,2.96240753023285
178.102799490137,-249.005890380974,3.14011231188327
1334.03890631095,-1651.20758775306,2.89508365825922
405.152748359213,-68.0670516539354,3.16536808028402
1545.63852891256,-235.241894606739,3.02143569205237
1202.58306790717,-102.036909691966,2.93406564567643
2391.70067734473,-563.748179124029,2.90489285678417
839.977715770295,-183.003678979003,2.77750940973988
2486.60893311375,-360.457425099107,2.89746794391665
1573.73267375434,-205.032921041046,3.15861773378655
244.064325015089,-1725.9357760375,3.0172920660617
2023.5161944096,-2205.41076660882,2.84628713667746
581.318967438473,-948.465212994172,3.03727677586815
192.676293823533,-1643.89550456038,2.91991822576352
1304.96266085279,-2117.80133663623,3.33151746243268
1161.87813247859,-165.029907961083,2.97155320804124
1784.69882419264,-1921.47006061423,2.84693431296547
3269.3349100704,-477.849695522657,3.06460053312275
975.054809016121,-1548.81827108478,3.11028128151537
693.621548293188,-822.167547719647,2.75051314562841
1515.42909269134,-405.38657295912,2.8551792238071
2996.77432698938,-1743.90636396006,2.93524423778502
351.932839924976,-263.120534272048,2.83107364347281
2269.46962591089,-180.675471266035,2.83679880281191
3001.36956265394,-86.894922954829,3.05332854169222
1411.65517147624,-220.628420118971,3.44991916120375
3435.07700631757,-848.461425261293,2.85762927407319
1182.80155970059,-505.909095217395,3.00132278312003
305.55198458798,-23.4976729938542,2.89747318188662
1067.01895422985,-53.7753108412006,3.41088615349445
3301.67171636579,-468.953923065094,3.04903119812424
1859.28345876474,-17.6636522644064,3.0214533399419
3336.26697601696,-641.665966724985,2.96664090219429
334.25112032158,-1590.4338186817,3.10214311149363
2421.65979894802,-55.2052297240834,3.11039087022483
1119.27940623922,-2187.96900190033,2.99086513532928
1224.58068785806,-429.865095851706,3.00325409856563
3121.91218533032,-1709.08586940321,2.81347960698696
3336.29271402246,-879.220521629205,2.9718319460954
3098.7870721248,-2111.39962589711,3.01874285206918
953.900682446821,-2124.61660973578,3.17913515839413
3501.26414499695,-906.939035721095,2.91285776623449
546.930567411704,-2125.60199934925,3.06370803426806
2507.96675004951,-436.562226546963,3.00676900986885
3893.87179969981,-371.790136850078,2.92811127110473
3447.47098792188,-470.204593696404,2.91917653021097
3685.61333226971,-495.862634735737,2.82042960044993
3710.27330180062,-2012.65330394629,3.1406412544368
2962.65532185678,-1378.9651361144,3.02621015623952
1095.1699296689,-108.706170189924,2.97028391233627
2497.83329897122,-1931.96869718699,3.02361413166642
898.565089738951,-95.4002098515354,2.599995958964
534.264636659371,-135.853817463986,3.04838276787396
2841.89042009764,-547.830401474119,3.12054214145342
2088.73762572197,-1955.96505841229,2.98556392508042
2603.60259262403,-1946.51812878105,3.00443833578205
161.711998569293,-1531.91289215394,2.90129560944095
624.81896396417,-1400.61098997974,3.20981045639401
363.743066330883,-131.721369731186,2.99265272766823
290.293915425614,-711.483479701724,2.96723368338971
1253.69816248488,-1497.82058194368,2.98651903441546
3044.33002359848,-1956.03703050936,3.0636011127061
1666.76766513132,-145.13114988218,2.95534495458544
1654.94630106002,-61.2444143210995,3.15678595170707
1110.08269094503,-1595.60171404752,3.00137882140094
877.234388752973,-107.166710029533,3.16049020908103
236.617545102164,-1792.75388244731,3.02229372825187
84.8304504867253,-59.88816971861,2.95395035266097
3671.91961128594,-1438.50951514097,3.01344963752991
541.943058603688,-376.384602645291,2.98076282559982
2955.19178654747,-105.075105432888,3.19571397949733
610.196379801543,-430.666478134262,3.07379075996986
2826.30104790106,-9.52791483318099,2.84166032638469
1277.35615104164,-1942.98367097824,3.0070801953598
3871.03096465446,-289.806735719002,2.93625182166341
2158.02365833571,-1591.09089505826,3.44525273842854
74.2952911163053,-2099.14817101693,3.20114917758691
856.963535769664,-1521.78957631033,2.968009189562
909.01257092169,-83.1245431453472,3.13823638847037
3178.40712308892,-460.488939017662,3.0108701084371
1701.26989065896,-103.009063601114,2.93198632861825
103.352429444583,-372.18315918934,2.93847931778174
1784.70668057226,-1130.98427467209,3.01802642347988
1975.26205106962,-450.592457609591,3.0168987990786
3270.39667321265,-378.389049177553,3.07672903219693
1314.95734547806,-226.595779299176,2.91160471741237
732.617066770501,-1189.12292817681,2.69941232481792
1283.0785998757,-99.9695583120511,3.04918503575039
3285.82473891575,-864.802204029002,2.85372510516744
1222.88512724006,-1551.91542270931,3.01511751100134
364.067652125512,-884.60824302924,3.05169139487433
661.668407385953,-900.382800241933,3.00671393809395
585.596360704936,-1601.93672069519,3.26782322369844
3713.33689637006,-1673.62316592259,3.10731345164837
2417.53492983034,-232.790710473283,2.97195568040709
2803.02228156058,-1960.39462842621,3.04642598766439
1718.62601888318,-1914.13288482263,3.06202994193761
2319.47943055177,-155.923952118771,3.08136275143274
1272.06472618059,-204.035444615313,3.05091230252131
2179.91651480954,-218.595109467853,2.94875592392934
3185.72572925066,-662.330490102463,3.19771748283457
1931.61238711851,-108.542589215432,3.00274506178797
3716.97084309311,-258.589398316467,2.86514327209056
3755.44387883886,-164.441761576015,3.02895452799465
1581.53235253105,-256.449646534605,3.22966911652825
1030.18839946796,-1621.87475542169,3.01308805898015
1049.2075615102,-1577.70132907842,3.05039104596735
3692.0710986597,-19.7474046654447,3.148734176485
2760.36598745363,-36.3868239761648,2.96999073526132
1387.76549234701,-143.698161946253,3.14110048506911
3105.75146540931,-1976.22665393455,3.19463227008012
1013.628865954,-1026.31342115866,3.34629446211143
1929.53559637749,-473.179536375281,3.18401910330057
3340.33163508283,-1788.19528140865,3.43425444800283
399.500052234134,-231.459436041862,3.04465357316824
2241.36709947716,-1761.77939297494,3.16569953550341
2551.28703253892,-2137.04145872744,3.06820737922716
1417.54720597969,-1970.4670058448,3.07861966912217
511.027624366293,-1753.37349072962,3.0286182086818
351.358599056469,-286.212782918162,3.39998287006392
1794.66188310384,-1643.72700070711,3.74973653727669
1901.96694131302,-2179.00904817392,3.21317850844233
511.367007185774,-504.354022340462,3.0697156608634
653.509605207973,-430.462554885456,3.06547410562047
868.918434602523,-419.292119125325,3.09020443543012
1055.9523212027,-350.660584236081,2.95047547983087
1363.04474286487,-147.778886688996,2.77308372895056
2019.07062511927,-521.169587879475,3.17240178715954
474.718995365383,-145.266378741288,3.07506054654928
1001.22346548379,-250.565896634025,3.30810143113657
1824.30048930976,-135.049649416553,3.04784837002954
1635.79802533893,-298.398669545064,3.1048220761414
1977.85455514192,-1404.04946895608,3.05983190242555
2609.36704839905,-315.301887166379,3.17951889437823
1638.98576947279,-1019.77220170556,3.41157612713213
3606.60762295701,-745.262549986024,3.41486682433016
3983.8664345388,-539.493712294912,3.20423103994074
3324.57485529508,-1713.38427412608,3.33362801055022
1313.48521316034,-1602.36598562255,3.27005766596389
1945.05970402547,-1494.52944751184,3.5698398219381
3626.46006876349,-935.029559752681,3.37918863132178
1989.72333230479,-553.201376134772,3.28335119671085
3559.64853679561,-1626.94646405724,3.40548989140831
2998.22613312247,-1646.66342198524,3.52381813716352
1183.13673576702,-1910.28829162751,3.2798216343873
2894.18238459606,-1353.6564976663,3.21567278429814
2600.35706002883,-164.024532690681,3.31146512416875
631.513159137941,-283.562952403324,3.25872943025299
2404.10257886241,-2210.52154137428,3.51944863335249
3687.28131767144,-521.454970300571,3.4283313537145
1939.79850446473,-766.753265736112,3.54780128270321
681.675321491888,-1877.86166059618,3.48450485264619
1839.0544184681,-274.089823967823,3.47926394836759
1693.545619307,-186.257779747926,3.32630522628078
2797.35700963244,-1377.17089940096,3.53807781294789
2420.5000863473,-2199.96665990703,3.44960593040963
3344.77778586283,-1735.87830563262,3.49999503393521
2527.44838328948,-769.415441837483,3.34637814179287
2818.44717393656,-171.341418976811,3.45996409429048
1885.10410227214,-549.042005902699,3.54661311119488
811.927887835977,-328.754704279736,3.38202919223476
2325.15181747176,-1502.13050112981,3.4711981886623
1514.38765299574,-342.36416631664,3.42768991906206
1450.58516357689,-373.669711578252,3.74426977286313
2563.45552824838,-177.552247727444,3.44546777514371
2964.58802153515,-1473.11960158278,3.47432776289969
1480.19711467135,-317.087676491274,3.62498527985987
1451.94628235879,-265.582922177807,3.66086468236643
305.646485168531,-2202.61232660098,3.80214557448364
1316.86355671382,-1513.81374020486,3.8103529603388
521.001560902587,-305.380146654021,3.77701364779786
1915.0885978371,-178.117452990101,3.84419399808199
1395.22253351553,-340.664188797197,3.90815028015262
1591.35472142963,-1691.10456839173,3.60148552569026
2033.77975033364,-213.779640151764,3.54432161872084
3005.03822895625,-1836.00499329151,3.91711895204171
446.449200272755,-351.83413067394,3.8479526047337
1943.41960035653,-495.876265715233,3.80590663759737
1316.61402493446,-187.302090379707,3.59934625832446
1088.52733407482,-2118.82800286564,3.96543665950218
3436.63427070387,-1834.52319639246,3.77865431762236
1160.49182177019,-1519.84384084644,3.94194309936331
362.373270746326,-206.722291676303,3.90391442926092
1537.42503071445,-55.7284888769707,3.76679891090767
436.909541254328,-159.509864714361,3.93907910797723
1032.91549533601,-67.6343458560548,3.82955022723938
1540.13292568714,-1689.59586500932,3.921150631039
646.11989067073,-178.584983991943,3.92810312289988
2316.79718840664,-520.143049154144,4.20439024006538
949.959281856323,-19.2191840918559,4.28893562992054
2377.10234954756,-1622.47842350847,4.1068204421255
973.849932548975,-66.6514445089428,4.02325246813988
3436.71805757312,-1583.29750576847,4.26155365224343
3886.1087936417,-207.914355182219,3.95881705792714
2755.71542687414,-414.324127599913,4.06139033846104
1875.86385945745,-1633.28411167949,4.1098690691861
626.959115740164,-593.339475911405,4.20811020583082
1310.92136753374,-124.356057330579,3.98681026283571
2968.88187501259,-1937.62759529722,4.23954619902824
3507.18846661902,-480.547302909151,4.20001614832135
1438.03796168334,-1443.48891631954,4.31293552128112
2767.68199447605,-260.051385942287,4.32496569714471
3970.28901950764,-426.538421217449,4.49986852409992
296.838527847226,-1859.85444071136,4.30009835793977
2236.50952766569,-533.357484461439,4.46911271648018
2289.5894385379,-431.377507408349,4.35513670061153
2596.21385911565,-577.277090086676,4.53171520596028
1095.32105395681,-711.271967153914,4.56136798734952
3415.91025901868,-563.949376705296,4.90459929994107
1509.87462112803,-514.604552869632,4.97873264679331
3655.17198765653,-1608.83889712999,5.19984640796993
1702.02293055237,-77.3067324003651,5.25526883809011
2859.50726384036,-431.197548361241,5.41425123762002
3224.2761514073,-289.227125452897,5.5210413035859
1838.07886126014,-1249.45872671339,3.04673492484073
3082.01810598721,-1048.10646861944,2.8580677001549
2804.94261196444,-1261.50970761596,3.10661953024036
487.192845754091,-1790.13518353461,3.23342728094513
1681.72511891959,-496.984763543515,3.15171323750047
698.141188955997,-1701.85302249714,3.27228881820442
3307.69856937106,-2166.66453611167,3.11873131878211
1312.39258402119,-642.593268778848,3.13900813006724
3352.7722800454,-727.312145464489,3.3915630338726
4005.598685013,-75.5221159877054,3.51519865913077
3361.87403474111,-699.171821050358,3.28223160724338
2584.45902836853,-1675.80121418593,3.50966952738936
742.209647255548,-331.13430359984,3.40560126222309
697.176305691905,-2068.42279649485,3.6938636049656
2322.84068651584,-1553.84052849043,3.16297305285791
1637.18750311061,-2103.76350317769,3.76851041348827
1499.4824403393,-1524.21807837289,4.01578206167036
779.034792708999,-1941.07329030705,3.82489445956697
1661.99001865476,-731.539363244495,3.79263235415092
1680.3650690928,-2025.81243661626,3.92245914147347
1728.1883981881,-524.875670504,3.80848861389257
1261.5410191458,-1416.06674666989,3.78020869241306
1691.27691106427,-1191.01128691596,3.94161868969805
523.074964482063,-2197.30681049575,3.79421473136529
3778.10714270212,-903.427700550655,3.86395835706331
3925.02211453256,-1179.25332276709,4.00513365421677
1644.923576172,-2078.88759035956,4.08798779612317
1138.25843085274,-2156.20172417823,3.99242077672275
2281.93587734704,-2202.30345302167,4.19855815095036
2732.2811822298,-2077.61235113818,3.91850643628931
3834.23268947662,-1072.45409144229,4.38505082965063
3708.27065881716,-1554.45534065764,4.15418026287153
2600.61559960876,-1740.88850892011,4.51186741148625
3900.47523604046,-1013.578390478,4.43633480507635
1874.36566155386,-899.277850099999,4.44848408838352
400.193690184779,-106.848722021494,4.59813238863156
3922.62158820719,-297.577515362876,4.74749167183855
105.340359034641,-528.670405105294,4.65322411954908
2103.66301373401,-1034.03031954566,5.00457679134426
2275.91693900366,-1717.25157591753,4.41033530075915
2033.55538540663,-878.028497992483,5.17422560724806
2323.41088658942,-873.949678931014,5.2776779655383
245.098515526488,-208.011678311093,3.11824814863975
3667.71238154808,-1527.32862396536,2.86205045560921
3044.82200072316,-1464.98431639481,3.00809121650751
3120.3552755161,-1362.86466198822,3.05552972646397
3946.13857029335,-1352.48704398164,3.12714881980024
3957.66590200336,-1447.81259472205,3.11334726274799
2912.26491075965,-916.043184883896,3.20519787181465
3691.39100883821,-50.6897706032368,3.18465019755621
2141.56770073803,-398.865509055251,2.85123105900003
1598.77454329194,-959.600645655365,2.9493689227299
1546.122570846,-1484.75507466971,3.13461026672906
212.422006282163,-1954.64135637393,2.93021520356307
3309.86962005784,-371.173884574678,2.53764151770707
3776.13693091075,-168.10546218389,3.19600716634089
618.88128157794,-1197.82835035211,3.05593459049674
2372.7835162477,-1160.22905352588,3.01343829025135
2638.65244356678,-1523.49315839125,3.15839487398094
3334.78570392942,-94.0190102340524,3.10456735953715
1594.78721992689,-1595.44186811162,2.51760155890092
3025.51741545892,-1265.89720082256,2.9021865583381
2035.05673296597,-1136.36593231217,3.51435633213435
3482.86226303625,-2171.7338635394,2.95013022020508
1704.07240739264,-1422.07612688363,2.83385723785251
1201.04040099689,-2124.33204401362,3.15367908328061
941.77875904491,-2102.61717383306,2.74778919213815
2522.78809145438,-881.177140581903,3.17479162858792
2931.30836865887,-316.859700477165,2.93062778918226
3876.39276070503,-1115.38615876232,3.10189051964849
3948.09323447915,-2104.18958425618,2.96018358614506
1490.6275897955,-812.227441101995,3.42374278861917
3521.09711568713,-1941.96463086536,2.75228643452229
1031.34042291063,-675.291015119627,3.01853072370995
3830.77428227293,-169.030448604726,2.93231314301358
1225.64096048754,-1610.12877355978,2.89902274832424
1765.7880655418,-1992.57447707263,2.83718375242224
2946.66450028994,-43.3336442321017,3.32330856720465
840.174767692914,-804.397430191369,3.04743003726054
1170.47085468097,-1803.00129809961,2.80843473765724
892.386149145399,-704.011134973152,2.95597133825695
1657.97501905187,-1989.99661989954,2.95540242498344
1296.76818964921,-2030.69707512734,2.88603545075586
624.77718405406,-1784.78349103679,3.03412690727247
1824.89610658168,-1053.60253836389,2.65237886527961
1622.37964974887,-1747.42740318206,3.07164448327681
1168.88649901801,-313.610402144919,3.21814902132612
1118.89785671944,-1708.68120181165,2.95437791495644
1153.2701774731,-1620.1719211925,2.87732265175625
1487.64944789265,-504.081722237675,2.91207479653091
180.048892838946,-2136.47983596275,3.26482842755726
2806.59165897417,-44.8384484721564,3.02784362033047
3141.21104366583,-1773.44680117237,3.13062392591908
3109.31157988628,-1878.45918783539,2.82061678922472
3423.68622344491,-315.210540332571,3.16037438528082
3889.7158204594,-1796.82307571506,2.98283832619108
1181.35343052032,-75.1610231982032,3.02051676987935
2413.32912731864,-1536.43059547449,2.74452762924087
2933.28296449014,-1646.94740618406,2.99171675386054
3831.24638819463,-1377.87174577102,3.43481534965771
2261.79962496828,-1399.43808163619,2.89465318448649
627.409594961228,-1931.55521537054,3.06029179451902
2089.29854505337,-639.544972105679,3.25508878679372
3319.16178878435,-1184.36455007015,2.75698544929611
489.697943220912,-1039.81679327922,2.871285331492
2859.88915735618,-254.240869833255,2.89722065276834
666.749461712901,-2200.96796648953,2.83615010505715
3308.21552847856,-1512.73490284628,2.94596409140966
1319.71375570823,-1449.66903721471,2.75143570963576
946.112265553863,-349.92551103399,2.97736905527558
436.218542887249,-361.102965307408,3.26164780159636
4017.50945189192,-891.876977260064,2.71761740359863
1149.88567883115,-1676.18712088333,3.08537367886218
981.17106489766,-487.43854147416,3.01005716986356
3014.6016621313,-493.274811621298,2.96492117625096
2934.28490342358,-1059.50527493363,3.48178192812646
3824.68641213773,-245.418572554014,3.30391731780262
2880.95447263035,-2066.92395937002,2.77832334033742
4060.01438795316,-61.036166264349,2.70535853585407
1861.78640681783,-343.06664321219,3.03809020543812
1914.40663125793,-1304.34407722218,3.17296232966972
1200.09393899552,-769.953670802631,2.9122673546368
3208.39646334849,-1891.34431963695,3.49144354554422
1405.04587594565,-2197.35605856005,2.90486069119774
1760.42302655922,-1036.41679805962,2.80143455842988
1801.81588937227,-1948.04541276893,3.09942720040586
216.440880744429,-871.674529936975,2.82414827458203
1828.20271485718,-646.222514591769,3.23836976179209
785.011017054048,-588.22962793315,3.12729045268724
3474.83237320325,-1252.8424655048,3.22699921032451
3620.6365021642,-1248.7572601854,3.47449626120924
1797.11017776118,-1378.33325068641,3.32177695215253
1037.60906414784,-1904.29760307394,3.37191324685642
855.733522346712,-836.375780229223,3.09767664055816
691.459600298401,-402.572325578105,3.18877890651356
662.200614830793,-1477.8520940296,3.05173209587055
2347.18809753246,-1959.7143720682,2.92029633771399
3997.82708291848,-731.73688160402,2.76902965524541
2924.12703513427,-1939.34425884999,3.08227671627903
1242.01988309781,-1085.66395202397,2.9160998506266
593.312897288827,-1842.22468312438,3.03244873004711
444.365958622901,-1995.7382380452,2.95847380540327
3804.40852758654,-237.92501452029,2.7268739938274
1852.82799937874,-40.2415332085654,2.9690701431721
709.361508034259,-553.627379594462,3.19877772794678
909.884617189946,-751.799361654796,3.16773362788336
2231.78180124133,-549.219170052197,2.91707224151984
780.559928414024,-48.5874652393891,2.80545938732946
1841.62216901922,-58.3294008500536,3.14374542424508
1552.24622706378,-627.79344918212,2.92234128198357
2225.28723010777,-1241.11632363022,2.9538045523451
378.778296823696,-1068.8293016312,3.06082768960037
1565.2435616209,-1337.10070372248,3.14327437059851
1131.48631206806,-1812.58351202603,3.02162091812554
961.545739309235,-1210.15986734038,2.95496153866242
229.069768909223,-607.623509568561,3.01894593353199
1551.0013380847,-926.564138810558,3.00731888930135
2650.71072314556,-446.660850979501,3.33917870674299
1333.94725775074,-1601.98763976114,3.30309929632717
2503.91801990755,-1780.56715390151,3.0785216356548
3961.49995648904,-283.864111926667,3.08074761440132
748.673157754542,-981.619128353449,3.10534614153926
2103.58718204782,-811.898137486963,3.35351976903536
437.817570190776,-668.928413107909,3.10292136717917
1684.88643157782,-211.120415881219,3.11356037191827
1437.52016827028,-1865.29980056044,3.09596647175769
1382.62928030844,-1420.35818202398,3.34838690063656
3097.32367024729,-473.673684060911,3.21183349152407
2726.80503067652,-801.958844435926,3.32150381154443
2975.67737681207,-1402.82848636564,2.66439692500183
1475.4817928556,-1369.11874312343,3.0419122342419
1556.55988184505,-1223.07010654106,3.21102494827661
1752.22731539888,-56.3363550735099,3.08921801491793
4013.41392611908,-129.760108642909,3.12559285923074
3526.28154762647,-268.360973515827,3.08293012629968
3496.82210209149,-950.24423789947,3.0707302917653
1236.5628796111,-253.807477823567,3.10373941019992
2070.08099903302,-768.571365659818,2.96164207106196
1880.18099666906,-1046.36962530094,3.12103854820446
3245.17768769963,-1785.28288945728,2.95071101776304
229.470253497439,-821.998949794553,3.19246790582402
706.936578892563,-382.509500389779,3.05202816494761
3150.37529413563,-829.581407746201,3.19744380701936
3693.98791460309,-2080.36308226026,3.11428499518252
1025.74999620858,-2044.31677904918,2.80748129714461
3390.29971099171,-1101.22292309927,3.10565275122589
2224.17532814842,-985.782295869235,3.05650911751271
1397.74841100506,-2160.32549979131,3.05924303343816
538.134586487021,-1355.67958917874,3.07799315925041
3713.30972166089,-473.126716409869,3.22391552746875
1560.75470709687,-1283.29426154611,3.01273506435321
1879.16303356164,-1794.41574977515,3.23151028480036
1205.75451444823,-1323.63378867312,3.02742897111815
189.218292826134,-2116.34533781791,2.95676218146209
2921.86489483909,-1473.66944837562,2.84999020920222
2629.91295638809,-294.199369472411,3.05425601740777
2976.89710892674,-477.985458576539,3.20500457209938
393.236983829255,-1644.70153634149,3.0405409176845
748.838610610918,-1837.85156195039,3.27139186037784
2418.60649330589,-348.703769956251,3.37570757206939
3693.66387756894,-584.017631814541,3.10854710954261
506.648692700423,-1418.14558361797,3.21321860159279
1254.91919209049,-100.549237544825,3.10584646223661
3091.31061942398,-1250.31278207095,3.00004349195045
4048.34041374259,-1373.57119306313,3.11122762551375
3177.81326899698,-1652.48639694325,3.17799704712307
3967.94898450607,-1127.15896421823,3.22075964906853
464.598261926785,-719.499686522314,3.05542958181412
216.056175048866,-19.989158110724,3.11049072873111
2098.71385978087,-122.934609168152,3.05085674281325
3071.89670484493,-1771.10118304046,3.0497873499164
1310.12805400053,-1299.08493166425,2.8980316481262
3978.87638302981,-961.344675854174,3.28843374412862
1575.37817093296,-922.761164545521,3.09775951869454
2581.63862012392,-331.771159805425,3.20068133339634
3122.2198746391,-219.316305808101,2.82043644138636
1109.25033321831,-1573.45460931719,3.26524056266379
589.326791416746,-1744.85274866365,2.91769430129788
2779.5866979452,-1551.36974073193,3.11249222235723
3632.77123052716,-1963.87102695978,3.12426010639792
935.362721205539,-1772.85949983119,3.23936895253953
4006.43839072777,-257.433652158239,3.25043138611066
3933.21913085753,-1686.74434193944,3.26576377078409
361.743209679028,-1308.2048443686,3.01688730785644
3229.83511328237,-139.153260481691,3.22010890304117
3854.4170295115,-1602.46894909116,3.16769325822625
2061.89774632961,-580.508489994746,3.29286043525933
1086.10462057355,-820.576336143723,3.04246283927064
2157.31243813119,-1080.44337386984,3.15556175726038
1373.18211309669,-1234.84975434352,2.82448396614891
1401.90109358881,-485.957238802658,2.85587387938473
3144.49394437102,-1547.70088881007,3.43952117322794
811.34636932601,-2141.96954448522,3.38326110930814
2067.83699755,-189.037784011249,3.07507679332068
1994.9853249559,-757.239830941425,3.11224410483319
3244.64029918231,-1877.41218641731,3.04138214776409
1390.82273297926,-735.451307454458,3.13223990350839
1309.47462427571,-1322.47675731835,3.10316559587041
1532.27129827679,-881.585829840064,3.10703801299229
1684.43933289122,-583.722028010739,2.64297588764472
2011.76062140556,-2127.53966731791,3.15671790265644
2940.91951561594,-515.016088730867,3.3332305709178
2852.85356597584,-1181.83405290927,3.28910702686164
2501.31012421357,-1548.02454708331,3.35289537939631
361.840564859874,-33.8427257871296,2.93443829412264
438.994313422338,-1102.06497513824,3.33532772341642
2334.7293749564,-827.611957694181,3.38948739831679
1637.74295342232,-784.010318774138,3.11206809071941
1467.13310888566,-699.592899465778,3.41886366666308
2954.39755586452,-492.089375547121,3.38268016156982
3350.4380786751,-1190.96243325565,2.71926534111693
1141.97279045223,-148.687665882746,3.05491967955736
1791.50752170757,-464.963049812252,3.11827690232043
2635.33383948246,-783.517064693391,3.02743586076414
1896.66709948952,-26.9987473424918,3.14091460435894
2243.82100207505,-1526.5978024277,3.18136344744167
3651.04032941846,-1869.84652139481,3.06897833212148
1015.7807344967,-2116.32772168772,3.31523463204628
946.457476010409,-1652.24802578463,3.40228815635717
90.4801800466395,-1363.85994103041,3.18091126930062
373.930288193358,-1520.96004857406,3.10150856144053
966.769559071287,-149.04425618978,3.12399888315248
1915.95382270385,-1143.19878475405,3.16461465169761
491.267547959888,-677.0732244465,3.1641647596337
2075.61308373919,-527.537733357755,3.17957924311459
1978.00686725174,-516.859431684597,3.36430303914944
3224.65496985361,-1365.99177949232,3.09487608897391
3602.63899290577,-387.47967739218,3.26924924131133
2014.01099428272,-1493.58463993507,3.5585010204151
903.508424838336,-232.188390215063,3.32628424216045
3248.78912396667,-1892.72255545166,3.25958764051874
2745.45215798353,-1741.84460603867,3.25925233144522
953.345257391496,-1908.3823734433,3.18923832396136
875.735284537214,-144.768549758847,3.1123705730188
2977.02471526892,-403.141481267061,3.09053221204686
3101.8083532053,-2147.65927862664,3.30128812153956
3441.75232239814,-1749.79250064898,3.47120329519337
953.984553547511,-1230.59163895449,3.41585825505925
1740.63180106997,-956.418142743861,2.86741556170658
988.890387058958,-1832.16013740957,3.3527411492315
653.941291578992,-400.504251266564,3.35415170031626
1380.14656802541,-1961.47119562662,3.24005700652915
2724.27142466578,-1572.0151215463,3.29949885732204
3613.37742892,-1718.03727944826,3.28418360935174
1586.54012847069,-1147.53901581151,3.31951549351718
2698.77877718665,-481.180072777633,3.31330138668803
3889.53497517748,-526.826362381221,3.29073424776561
3467.05979354288,-1385.22092533394,3.54884108718731
447.550995144372,-278.606092011759,3.37674484211976
3052.97031625215,-52.9277577254671,3.64918610878818
2030.28992059248,-897.845318611355,3.15999376208195
1051.94247431154,-446.210043331181,3.47293876026038
2141.32290449256,-663.737185861549,3.71436287536146
1927.91802961179,-2154.76217127761,3.54191927622006
2684.80425975561,-267.025362402755,3.25583355251278
3205.06947201292,-1518.95791404917,3.38221967379746
648.124543706514,-1912.58587914553,3.21944369526585
1637.96085295677,-272.72493964493,3.74227527444964
3257.39877380554,-128.595120884277,3.14560531062367
3319.06484012851,-1612.09445403481,3.2880443984366
3838.97700680767,-1648.94726248344,3.30750916616624
3493.31338646005,-1834.48238318304,3.4227985685915
3749.36433127441,-1080.06215217782,3.2391590563883
2425.20445486045,-579.534659156316,3.23878674504495
2013.62485368196,-2045.72663373148,3.39908699688319
1123.14393560948,-549.501079378492,3.32699902798066
831.392878196873,-1023.77652322741,3.26969685321211
1891.79893084092,-1246.69647779506,3.59517632920681
3941.24907493685,-997.15548218642,3.4854183416482
2696.60773000776,-695.266922464131,3.66869118061081
1262.09531874678,-867.185187426541,3.43167756412932
2784.8488760251,-523.878238108346,3.3845268760322
3609.52515093132,-1771.25988052178,3.37166031991992
1945.66506747886,-1394.07538302352,3.38268962447438
1211.0642844404,-1172.3342590119,3.24681130883211
3653.5739278639,-1665.19500334309,3.53215369129947
315.671386906729,-1980.71154735793,3.5406336427955
3601.64513751896,-1418.85413282391,3.75630151739024
4044.539465404,-1048.93239841896,3.57992350463686
3482.88065415144,-1462.18968392041,3.69768259151564
517.081518187967,-411.38741028909,3.73157421009827
2008.7098167877,-956.026652613482,3.45153456302441
3332.4680784593,-785.523924829691,3.49646671193886
234.033826908459,-528.787250947122,3.42301803598436
1436.58012491997,-1267.47510827613,3.43633808770168
2620.72317122276,-59.1191363018844,3.40886589792805
3127.74171583671,-1396.40596566843,3.53914617154177
2905.9972277526,-1787.52679397935,3.52858779415825
1053.04115111555,-1679.41430427194,3.48815502884233
3177.9830008748,-1383.55154801129,3.47506086490658
590.975652108816,-73.958375404869,3.46957014287756
419.533651617083,-578.775259707558,3.72463259732666
1840.65748577372,-749.415694794938,3.21817845361207
3750.89465734458,-396.110340862315,3.72743620393091
3691.43268975258,-1318.5566187455,3.34385315839314
1383.90913146504,-1150.50696328577,3.6183447534419
326.858857815091,-634.251581935571,3.64048997910094
3860.09377356747,-1425.94798241795,3.63883173559917
3250.24255830422,-1967.12172025327,3.32487047007197
1401.4970648509,-177.511236584473,3.59096204779907
2287.43190166117,-734.4988007796,3.85652743094217
3710.71294612221,-1984.96478092158,3.51093221646752
3607.66671079926,-1187.57710688819,3.78137242578084
2177.99490215817,-603.123499969226,3.51805677131258
1012.61760430603,-2204.36683817351,3.54205368867006
2742.1613050869,-632.215778133957,3.548872917749
2229.65773902774,-1808.32961212136,3.61183497118245
3052.35070206395,-262.060235287948,3.96350518351133
2954.54175237824,-883.739232207351,3.79784805743928
3743.79468011343,-1796.45002782303,3.5913531107851
2976.66916883512,-924.347545722939,3.5154743889366
3756.19520182231,-1342.21818853984,3.36562194988658
2275.91128884274,-887.164311049868,3.71708339126513
1961.20654729506,-1999.54304882861,3.72892801392606
2239.13642492976,-205.231671678246,3.78991788317258
985.827578092887,-2173.72114551328,3.89569287563104
1565.06947594199,-321.018390804973,3.59577815751232
3296.87302111258,-1699.36031266804,3.72106476245595
2851.56602758677,-909.738348542288,3.6128378160754
2601.40147726172,-1877.22269037528,3.92667123141643
3025.1715749583,-1003.03610986478,3.96200808912484
3840.54554060857,-966.773571308752,3.59265804334738
2491.26057291774,-306.137451135485,4.1020484778083
2032.69848472507,-1557.17956996372,3.8543637356626
3897.50886988893,-1465.65283906998,4.04662209396536
2920.03658736893,-878.091024834897,3.91423373001539
2048.79700931392,-2104.30753803101,3.62794721608588
2004.80464144087,-646.077400795053,3.76780403222851
2240.4210202456,-1208.30497869478,3.71086753829602
164.476662396172,-1061.05189670512,3.55309523950135
1780.27541181735,-237.934672054457,3.60488422943172
2301.19934839904,-2051.87411467518,3.59577992300298
2396.5183975144,-371.974341698749,3.78811788448266
329.904741298196,-953.507101727236,3.78041628147393
1756.37719212169,-394.114783848279,3.48120586945785
996.574023131005,-417.287050785563,3.55339860870319
1801.61082053582,-1306.17181372192,3.67792764766822
2394.53200493221,-1423.39162622218,3.87794334485016
1524.91549751302,-973.472094421033,4.00441381580976
1630.74130988541,-1197.91388545033,3.57855913092133
3064.75154581683,-1360.54305220848,3.81309061198478
3128.94910503865,-1292.2023625596,3.71778781101758
1165.71213238376,-747.73454780023,3.96653900710102
2436.36184841275,-427.550336385107,3.61999660111539
3906.81069574003,-2188.40277457224,3.5948320766031
3342.38560805705,-745.68231149292,3.71582361024975
1655.70945497416,-1657.53936098944,3.82611086968891
2102.33612944025,-2104.18814371935,3.55453643543354
3225.90369682943,-190.029327565976,3.68524332599599
372.359439917422,-2050.09235056617,3.48439733969405
168.379598697237,-1999.51887764114,3.80160966593965
3114.68290742312,-2075.87007622052,3.31990185171433
1930.39781812247,-718.770676531387,3.66281608635349
2094.2814368701,-1762.42439644517,3.99553900178982
1365.64640301692,-219.269801902934,3.73080777229048
891.44885661401,-878.032666100544,3.72953827518412
1763.11062472496,-351.457162855317,3.76292897899316
1992.88324894826,-1814.97546219752,3.85402975317488
2219.13171362705,-1308.9518717696,4.06412931460221
1813.00008588265,-1661.7439515378,3.68446690312815
2154.41397463051,-1469.57877061086,3.61614157040138
634.195264054337,-732.412616705177,3.80515812149618
2983.09592403916,-1866.93383407059,3.59532424180308
2020.2757313861,-681.664655089743,4.07425778552062
1200.74005722276,-921.231226084618,3.73637815182136
212.836219119841,-138.243783988618,3.84997195462141
980.707201626935,-673.384070677131,3.85240603691725
3979.33471369603,-1807.48132047553,3.95726850100879
1751.65394605794,-1675.90870950116,3.92988415713321
2910.03650414026,-2120.39832534676,3.87447469475624
3305.63036200699,-1002.24346335375,3.93552324414775
272.842251431373,-232.129719859432,4.0283607076605
1928.48738062051,-348.26564068482,3.87918124771437
2154.79697404365,-922.540529937858,4.18388458503328
2496.20021622475,-473.807459282152,3.9394971020735
808.87416403177,-920.316762979311,3.74813876374374
1845.02567426254,-1872.67868926643,4.06420494833728
3990.50143142201,-830.524624158841,3.96128473403781
2607.19408368432,-1814.35363661473,3.94192133562054
2194.24778137676,-1365.39250523481,4.12401539189719
825.487948625575,-1788.34144274316,4.01428366273694
736.303919615261,-1908.51908762012,4.17658571524595
3623.05934424293,-1384.48230001674,4.21129678810288
1330.49124286248,-2006.4914390681,4.04655062992561
331.351088576382,-1422.97089084839,4.12606808081288
2004.44758107333,-433.227746050336,4.3607541471562
975.050505374623,-362.86710560606,4.14621224470399
1049.90758116622,-189.001719621035,4.23932479408989
2096.96348383216,-1915.20747031579,4.29553051802264
3504.17632863717,-551.960993575553,4.38927259955523
264.421085593414,-1013.56166158831,4.22564114598659
2265.35800523084,-1372.19267174509,4.57971639500488
3697.11190954542,-1190.1838953576,4.44585534745815
1760.98539816356,-1234.77520083911,4.48825257183539
2558.26867767373,-2113.42844413271,4.63799896124419
281.984427145158,-1199.04101988605,4.71181050925219
1251.6296884714,-444.763873931588,4.55572973229606
3690.55339521466,-968.713549237448,4.55015846008622
708.303775106767,-668.772548830026,4.6239362793456
933.982108431506,-1996.87068069103,4.94347233476076
1316.51315702195,-1703.48772324375,4.60446466863579
251.700245190903,-1328.45185603417,4.81833104556342
463.784248665965,-1954.26567179564,4.97028759045587
2909.77073625766,-1421.90944583198,4.94630588497356
2948.39078190665,-1603.58177822012,5.10408817994831
1177.35977671287,-1817.73678069779,4.78643225002935
1683.65572607395,-1501.26251884977,4.99872932145644
649.096961181869,-1436.22455788788,5.25079771988712
3321.92880497676,-564.730746566278,5.67677948113591
1723.93579302616,-1098.41471381515,2.81726350047072
1112.27476118708,-982.612743236091,2.91350505678202
2549.520439128,-1864.05359486284,2.79394444636966
1019.91246026477,-1551.1428515662,2.76717820759439
534.220530658149,-1321.11434756676,2.9197318907645
1453.04759155523,-609.191625430199,3.10130719605844
857.383453488483,-1133.94934298806,3.1225467030081
2959.76756482342,-693.813723584436,3.11999779707374
1587.32369838671,-591.862759975879,2.90287298771557
2144.93248628619,-1094.433257379,2.89417845198809
1259.17898110516,-563.777112795606,3.02399392247017
577.397823264965,-385.18105858253,3.53615229492939
111.564189534799,-334.755864403544,3.05658539474305
1761.7109910162,-551.797107385141,3.10673764926486
2356.32074413956,-1730.13210528918,3.34984036963398
1653.47048065127,-603.146827277556,3.36836637636604
110.977839805167,-50.3462473787817,3.20164863754387
114.365091262839,-453.377283412572,3.50057543922451
198.509183220585,-551.4779730892,3.36638617052602
355.578822394254,-489.67693778887,3.38255935367668
834.059938223791,-1235.77457602899,3.40934359693445
832.70921923202,-967.001232014671,3.43910419627611
936.907928325861,-821.864690586232,3.94099074790772
1489.59428315315,-872.985440273942,3.87602234396702
2121.09485443651,-505.812149093136,4.34190184667183
2212.25072760312,-408.175943653109,4.46902522433198
1880.47740858803,-1704.81960240317,3.16119310869643
894.813437676234,-728.794925264939,2.96910703244981
769.434876795318,-2097.08922091174,3.10684069191103
1853.25670296849,-1089.77377864391,3.02255754565407
853.914672990388,-1879.06390214769,2.94958487289884
570.67194519746,-643.699626485011,3.04115549704696
2647.29359489167,-1805.13200806607,3.03793118192755
1492.45287957648,-1180.96444092612,3.07051195604862
2103.47194924891,-2207.2309689986,3.28247793337266
3648.87886856479,-954.857356512905,3.06416364236983
2865.36386904565,-1914.55767343101,2.81637978027907
183.280484489484,-1477.65952775696,2.8180000272051
345.295574630479,-2186.21244434796,2.94147504596668
562.096570455114,-1815.83236261492,3.0382047450677
3656.31499313227,-1774.96471803323,3.15832265139965
3686.97073794773,-1181.78928973841,3.45225339995363
1223.55408517213,-360.256697849078,3.33280116044954
3374.54651817757,-537.693253331042,3.35108319868066
3256.66185429322,-2004.35421909489,3.3770257681479
2771.53503503825,-276.201233606784,3.49431230821181
2470.41944484459,-1716.74805885851,3.78314448938117
1039.83863912496,-1263.44904458148,3.70288519254566
2083.33332187235,-2018.02999446006,3.43048632207431
1969.53988700332,-2065.07145886742,3.85867185328287
3258.91642906962,-79.4136716143138,3.94038636050711
3826.71362282905,-186.209483669367,3.95600306982758
1555.33146404901,-2116.88929549358,4.69430872920425
1663.31838209858,-355.6096389056,4.58331549304286
1715.96375898554,-2169.71457295648,4.87681335044749
3628.15829873253,-1875.24491414341,3.06731091354464
781.696920863931,-183.416141267572,2.97294272314852
610.16242210976,-1141.01927158861,3.11091019228622
2795.49906164391,-967.737554768695,2.99043765630581
3640.4799840469,-977.563381631642,3.07977815161041
649.577965788201,-661.291733524787,3.49978058875094
821.213345355755,-791.86055845631,3.68818233243111
2868.36673796154,-2141.21602265212,3.58317523576292
1135.36525011248,-524.757409888516,2.94821587826786
3073.75490113614,-586.102528917268,3.01074613587798
3276.40825238134,-949.099402189578,3.02572893424299
797.278424083807,-1206.72947853758,3.3276422857087
76.5676420854825,-1455.84023303266,2.89453639703505
1500.34320146695,-1904.54081563786,3.21588597564845
220.410802483974,-399.826434426751,2.90879481292767
880.564788254979,-1860.10018968906,2.62530174548702
3659.639237859,-1272.61945931426,2.84808645024295
3101.42019569035,-774.799812955036,3.23617293028831
752.999703389469,-1243.81391680595,3.13211140663544
1425.05709396841,-1005.57863768758,3.2236215786147
528.216661784034,-1397.16549960334,2.61518559929392
577.791450877451,-1318.64918976804,2.91298045493808
1888.84457779171,-1575.51573178671,2.65604349312008
338.375823191562,-271.900691627647,2.76144117553851
3832.65341577182,-2129.07090496279,3.11728281727422
743.15421659159,-1462.84538315513,3.07873657507813
391.422818211607,-1372.69528424225,3.31969025643955
2315.29173562458,-469.053925437535,2.83796379281677
745.682452325388,-841.010056706169,3.00952722371325
1737.72761902367,-1833.66390453905,2.81805155368185
1881.09665995447,-808.329489681326,2.85186432920425
3863.46525881984,-75.6219708109453,2.98808949222017
2657.49888517814,-1714.10596982676,3.13814817201101
3100.70570663764,-263.082270315555,2.87226244518455
1212.94625008753,-1052.18647063509,2.98911785217777
731.660780965913,-1949.69750534663,2.87142977142589
3707.0879115717,-755.675369352726,2.72167927358954
1751.30441582019,-185.537608233463,3.02258943566555
1130.50328683007,-1157.91366768521,2.9785692222427
4005.5033129321,-1097.03490427448,3.04343218022287
2436.62597552795,-838.281774081222,3.17599417562935
1126.51905383764,-352.364408748916,2.97091058512776
1486.43110205242,-2194.99001723796,3.1539502936803
2981.42416263107,-1987.18143423336,3.15251740338311
527.91175650391,-1332.09048410586,2.92726771087586
1860.0590427639,-1241.75369320478,2.87981733705943
833.970435390148,-1759.64826913606,3.07840315268532
2345.11711985075,-1312.65063847244,2.99502207320883
1806.67995042265,-1713.13945032471,3.31221282104966
3557.29395837668,-694.912388630736,3.01047406735457
1883.50816986679,-1480.64122274689,2.5475240564505
3339.21436649073,-2051.5316249485,2.88718975959339
2016.02567895147,-1849.6130031171,2.95821631539559
1892.93087629401,-961.6594713192,3.2164042267769
1959.93122680519,-963.332072811277,2.44247893326689
2985.93988529181,-1668.19720144489,3.04490054039644
228.953548014783,-2217.25812720926,3.1920215472597
84.2627522841462,-1031.7472828966,2.99001600142296
1823.3471420692,-76.7843914624132,3.06720193641041
2583.05905074577,-2101.0640982936,2.99210147817804
1736.8032600254,-464.484853715734,3.03409095044033
3862.1801146428,-909.066597195754,3.2402413041658
3503.79403659348,-1795.14544431036,2.99757002575731
2286.02983809112,-1655.10072998775,3.30466022154038
3043.71369172352,-1661.26493809426,2.93689020361202
1140.26702940589,-1349.75805637094,2.87997353240435
256.015471132099,-1110.60185324412,3.30477553481552
75.3641267517344,-714.844985878364,3.11566017189295
547.180913468811,-1770.5791103475,3.16949240370731
3829.19752508172,-1080.46497864506,3.79333420673631
1818.34532177211,-260.314779662494,3.54087462476142
1338.92083208785,-1625.14361937533,3.41992329086458
2407.45093745249,-115.875959481713,3.52617067047134
3639.00395309555,-324.701014574783,3.64036154709896
1488.68342647066,-1732.41644918373,4.089339457131
1448.33870492665,-2170.94334057522,5.41131390387585
3983.06418417229,-1585.08450539783,3.00260244814299
4059.47483991652,-2193.92491570644,3.08539224016346
3687.47217009363,-1785.59235914551,2.85043326343469
861.589231610038,-1561.6341744288,3.01458516979795
2870.06368928469,-973.635786394018,2.90384786251556
1315.14534053943,-1583.93552987502,3.29575422753238
3988.12976292788,-1312.3809490816,3.08362975586594
3791.63324282554,-1269.46299105719,2.87322384330151
1530.1620577265,-1039.93427674002,2.88911279447355
864.947520092833,-1659.5425620116,2.99620567545393
2055.53541185874,-1203.6797337139,3.33078615661252
487.873836664134,-1209.14790098304,3.21799741136888
2194.45545423226,-976.10513467467,2.93554566171947
4066.65329483399,-1553.44995236085,3.06560169583396
1617.27510427116,-572.718163818905,3.11165255685965
1308.39908212608,-1395.2760875317,3.16591356584893
3593.09879549542,-1297.0315372513,2.78726428739322
104.02418885642,-974.890642962108,3.10278171161433
2292.62161264042,-1417.03188600877,3.2849595502969
3982.08453893169,-28.739477130376,3.09127226390782
2984.047272822,-1838.74401693723,2.98942425435025
2040.26096845596,-1283.72091751308,3.37009107933546
1009.29144874752,-902.074426271612,2.94806130536296
867.86019462955,-897.197558754866,2.80343741010721
1608.57434783371,-831.398741001189,2.71138530301152
2180.52496830846,-1590.44197566504,2.95339524088811
2421.58407522836,-197.81637986292,2.97132859069823
532.181675808553,-628.025862853635,3.00646006033039
2077.44872147641,-1136.99713786337,2.96388635643137
3368.73964937906,-421.794937913229,2.99022592514123
2747.06942353774,-1816.14954875625,2.75140770980937
2972.70514830709,-1042.43680837725,2.95149940371689
3834.24774182627,-31.2714676175307,3.4487025694784
3443.8738051112,-1053.49604948229,3.41183976999433
2575.55137295036,-1793.01963590941,2.81177751505144
3871.28541983789,-1609.79123442186,3.03118901061655
561.543740638825,-1667.32251432748,2.89070296823909
4026.53603113506,-871.220994033496,3.25247662720821
3096.23095933933,-1563.6921658326,3.02667441143039
1023.11854886983,-745.385946253344,2.88069274605267
3240.86063302894,-129.621612914388,3.30258224623908
1334.94040660122,-682.868358857752,2.74171230399658
3435.98761058515,-1685.4237387802,2.87966318862907
3002.71737189426,-1846.2853307712,2.89803829277336
3783.67426730451,-2069.19688520272,3.28420284137374
3005.39905212548,-1609.31238159405,3.728369841829
638.462131668074,-797.321054199301,3.00505482687233
633.899492148857,-1355.12011407518,2.98237309009219
1679.13439275687,-792.947958615841,3.14288627340334
3006.99875156071,-924.306108995257,3.16014865536421
1076.53960699626,-1127.3052742661,3.20550134000511
3619.35351668507,-35.6755824806864,2.96362948392963
391.261251713544,-1275.57139370657,3.12037556096523
279.774284016162,-462.169757090524,2.88231146330983
598.157283492215,-647.031838901373,2.97612652549561
3286.78344392529,-2050.34335048282,2.72986272738547
3157.24554482141,-882.958917853325,3.21765761251635
2889.30034467641,-44.0195430578177,3.37217076446402
2762.72965891361,-1905.82263365889,2.73606177416479
2254.2094418104,-1607.59838438847,3.28249616580616
3749.61727407165,-12.0549084578991,2.95239171715389
531.014270884074,-430.205232151251,3.15229881963118
3776.85851895187,-1042.78802598334,3.25378718155699
396.256390931998,-1703.17478216897,3.39785017204955
2012.50740992975,-1226.74724997172,3.75415687500798
3339.60504136298,-1121.86094526476,3.94635185684962
1211.73385110583,-1597.66227582842,3.63093526747441
3208.96253435891,-858.904391184,3.94270376258813
383.575921555664,-377.79329248096,3.99005068288934
1095.016123601,-1622.8575116842,4.30064140234057
1211.83252326051,-1708.19215666405,4.11780916657943
1121.04136404892,-1153.7547411467,3.83448611239871
1883.41824378345,-1472.48258286775,4.36250669604376
3659.78029560515,-1057.8270621624,4.12884195905347
1372.39320557811,-1702.99714606687,4.27348017747382
1811.61445382275,-1609.54758308433,4.3081774641824
2311.2201983938,-1178.62576762713,4.47714108413394
1322.45230596762,-956.040137032902,4.26432784688514
1410.47211290143,-887.474642062315,4.84231237544784
3983.96859789443,-1239.86242251859,4.88429693935827
NA,NA,NA
3719.5885556701,-436.759315968685,2.99923614144641
657.474440598145,-1362.94369955119,3.05007097427172
3722.85306455773,-1157.0155974522,2.92519467312861
815.183366373869,-1227.52142420957,3.0166067260866
977.086915514474,-673.998874629925,2.91459389697989
2468.26866714058,-2060.34727532403,2.87299074213066
1159.84303522989,-1719.19020265278,3.05887058911212
1975.66523711782,-795.506795771757,2.9908869808664
4027.14835725884,-1085.39860520074,2.92671815557431
1195.48016800523,-498.482609974734,3.00522273066919
2594.85227489587,-1860.50359295597,2.8482552116781
758.380446126695,-596.511821247448,2.9226419229004
1608.96563713016,-1401.33331655237,2.90015741758375
4002.47798389291,-1043.04947677314,2.95553443555176
2419.86163347842,-2015.39489814333,2.84202285269998
3489.77408160818,-729.527603052445,3.11681642158129
3983.33415766088,-867.074635741687,2.85899353101066
220.157111395561,-1373.19450991717,2.98379868449001
1081.3406664437,-17.3327581985676,3.0293746374992
1252.42300826517,-1074.4341073027,2.94191577908935
2570.44000480211,-19.9959676411164,2.96903210841883
1979.10608632252,-873.358786836928,2.94392573604719
2574.61408697278,-820.031608207198,2.79271481713689
283.280872884904,-1894.72045145966,2.92393816223292
1574.95001912368,-793.826540936571,3.04915152857443
1278.12428956513,-397.723043059203,2.95464282540186
1202.24392212288,-1377.47636828289,2.96519527063827
2811.05932134737,-62.8034471745298,3.09710678291091
1792.54701882568,-323.140798007705,3.03933326427196
3487.1849428475,-1729.00326816415,3.12713520910129
1312.74495044565,-1633.97735258117,2.97169227426626
3427.70193530863,-2115.71178859251,2.84841189087696
2831.79462327748,-961.896691441052,2.99619223185163
3393.06580459382,-1573.83968391318,2.92616644353333
3807.4450940918,-1756.45992416645,2.91359751300283
3476.8484069221,-1451.71353883047,2.92358086516463
3507.3205018994,-1917.72229753021,2.98248424450489
2838.08202056328,-1009.49548572803,2.94594521140657
3118.83331704919,-1685.40577818574,3.07516798643577
2038.10728631529,-1470.90879689627,2.9622804402757
2548.78412942751,-53.8333402618209,3.19514174402078
3126.9923461097,-162.738397577903,3.00031660331108
1765.45063674009,-1951.69092832185,2.99158874938228
3187.77478171907,-1914.97244690969,2.92922581381184
1364.45280659063,-1620.43408166306,2.95057036315703
1080.60232205029,-548.399122969695,3.06391529302511
3272.33135160427,-17.1540726527072,3.15504425131146
3370.47264701613,-1215.28167221906,2.98508529656479
1846.30761388438,-337.451677268298,2.77564340036031
1046.74685839354,-2165.50725640489,3.05997457284024
1045.72188654849,-481.90585527562,3.06940334201816
1213.80481502474,-1891.54360501359,2.90971720436232
3438.54848581663,-1254.9952535935,3.00518747780398
324.769672642801,-1908.88036606588,3.06368748266122
2994.8266891775,-1628.7436124226,2.85711185857975
4028.44477162291,-1793.30835534279,3.03459404642031
2492.73018062902,-694.633220661077,2.98084269220385
2628.70423923267,-1572.77638561632,2.98329375669172
2055.40639106712,-162.179322047304,3.0639982545576
1234.66693688541,-1694.99492488958,3.13835897100833
2758.80443093149,-136.051273194898,3.07932027321124
1721.90561053104,-1962.95942818326,2.92629644537799
2553.52586178122,-1416.00963329322,2.98220560435912
2216.47997805093,-398.195839317157,3.00766231288536
1033.10295447208,-1266.47422342112,3.00631378413796
3488.17529275582,-1313.81933467591,3.04368739196238
3224.19630870509,-1405.61628883819,2.93699160312405
2715.88425763509,-1451.32799040752,2.94428514800431
1669.5912054837,-1366.73933713045,2.98488128716195
3891.26193664318,-1842.34605243965,2.93453001732364
2616.47593753413,-156.486046169803,3.00923387880306
310.327912576178,-2042.14573857475,2.85840684398823
3792.58734665809,-911.727970306777,2.97335522385964
1355.23762498905,-1463.14780427384,3.0677515023807
1269.09730584739,-1629.2647156122,3.00730554743544
580.411166164088,-442.804941717222,2.89812909554314
3393.54038451521,-1700.2020536929,2.84179673762886
1745.246545828,-1806.12938171715,2.87844927911772
2865.9086377275,-1594.15005918559,3.01436269214616
340.782883536042,-976.025468887179,3.1080601290602
3351.19015955794,-906.21919101924,2.96929146578497
3255.10556459964,-312.068684938261,3.0433452169188
2259.52984261858,-473.873274652861,3.09986879225256
2466.96141981622,-782.6887097707,2.97264821892432
805.152628841721,-309.297417408367,3.02498720223801
1212.35181563924,-630.885745103385,3.02020586751571
1888.35697364386,-2111.47530113093,2.95246833301004
101.744257073202,-810.239401971346,2.9995150282539
1932.06835442727,-91.0914232855147,2.9714150593852
1610.81424684115,-180.673747153422,2.97425991007627
3370.22331497631,-584.598597110727,3.08525810330941
1154.88198150124,-620.519675968571,3.06264722016688
3285.07393176799,-1508.60880835991,3.05914061977548
281.184763508909,-750.555714790336,3.02012856695763
797.683794868757,-409.923325862867,2.97198810695042
1490.01466215109,-1953.44573204599,3.03742691312105
822.394307972647,-2204.27766317029,3.0172321473162
1758.01509189383,-726.872398535283,3.09595705351067
3600.18473034143,-1735.30819252068,3.12285952596212
625.472423911024,-56.9403450889631,3.11073660582034
844.184900391878,-1969.04793060303,3.02796296192801
1901.96680648361,-104.387695282437,2.93943653150549
2328.00670249398,-298.681347788568,2.85347649379255
809.662637935145,-1444.09613139576,2.93649163321147
3215.97212198821,-2126.04099900751,3.09860442894329
396.990346499965,-2099.15416194023,3.0091056033958
2565.23475165676,-2206.94697257641,3.06625755150277
4009.66343799463,-523.651587540052,2.956174840164
330.547938524857,-139.803977972942,3.05714754043675
1736.93719750831,-1544.54282217177,3.06641471443118
1486.98580718933,-431.205871863911,3.19258086292425
2168.94804220964,-450.47845734816,3.01004257407407
2390.56052961991,-1034.18346600396,3.13624577143903
195.03989955231,-957.896243279828,2.98417874588094
3638.70344257099,-360.243878130602,2.85893030255603
3979.41155623421,-1854.7494908884,3.08667579461009
2154.55811091471,-2086.85681279155,3.02334162014634
1529.37651709004,-1136.94116910689,3.03995052734715
416.40850195792,-1513.45296777592,3.13449220579832
4012.32438075816,-1695.02015100566,2.97590153367376
1861.68365852001,-1424.19456015558,2.87252368830096
1664.49656060077,-580.264471962714,3.00458954596935
429.477379546258,-1479.85614458755,3.08880973042179
2063.00856175594,-125.955827495481,3.06475194391323
2887.52184043457,-1307.15417095266,2.97573566212335
808.461957120745,-149.936608779616,2.95745692941645
2162.94108845771,-539.869545330536,3.03753007649912
2677.49595844904,-494.516125295399,3.17193441741305
1458.39655201126,-1321.25118807064,2.94561244008745
3056.53092148432,-931.220817820474,3.08815052729269
3840.45911278685,-1312.54810953125,3.11153222543411
3388.59727042397,-69.6782542157459,3.13734874395715
2565.75531533938,-603.917681191825,3.0294458590683
2405.60165371782,-410.904747802597,2.95723292120795
2214.07361982979,-1340.40147443723,3.03606028584922
2636.72075335216,-43.3925524673062,3.0547967365704
961.216850099928,-1060.59700508255,3.09264373319571
3662.30694147528,-2193.6192473898,3.21185557940719
77.1454756892266,-349.898481017856,2.87491489957829
2904.09592000712,-492.112641969149,3.06259534685779
3421.01782919478,-239.555322565157,3.04041397492073
3230.22419954293,-1095.74703653847,3.1588833965606
1508.81972309142,-1412.51629031064,2.96672698922634
3197.06462891757,-1593.25742245687,3.11506393214731
744.659730175159,-1967.411299039,3.06765387596403
1709.69025901374,-1625.9338801194,3.01895579341935
1290.32113423228,-992.283477426782,3.09692141742535
1915.93655264004,-650.082993165755,2.83321749932219
1274.9236042932,-1799.58930784375,3.01229437835554
3063.01938815468,-704.986016778175,3.09829186866538
2494.76434244714,-449.803401212308,3.08093527166891
1390.65783367892,-680.239145189717,3.09629078599694
1280.70221745365,-360.587821846476,2.98951789715946
1723.91334007469,-1805.12478275047,2.97378333689091
983.205505671286,-1749.76349681308,3.07424909041508
263.53309556685,-757.997122668022,3.12548994751825
1017.31758020354,-454.125194001138,3.07976192888518
3477.09638585445,-594.023309726059,3.09637823358832
3884.96210147912,-1488.76187015199,3.02990860707183
3915.1695906051,-258.999188978795,3.03162370495688
1055.03328178157,-32.0157690363313,2.89561270160715
1432.90142031973,-1929.98052262076,3.05691600660919
1837.99459186654,-2069.07295891555,3.12123053092972
3394.80092519919,-2205.77859692251,3.02715591835881
2868.06816646047,-1638.98414372328,3.07933810034876
1811.14208903849,-86.9542787586107,3.08456472185844
600.000334242827,-265.993145826116,3.05584242648594
3198.68627498621,-1545.25324464234,3.02795632078746
480.583293517847,-356.739182800369,2.98151428644776
2986.7762741896,-1297.00762505565,3.00266465930817
2290.16864293094,-165.327247372263,3.04089361559358
3596.87608713155,-337.511500945461,3.15078869865273
1366.75720398276,-1700.15606816728,2.9743500706055
2186.17244597393,-1574.65250908224,3.03126503682751
682.566471466048,-941.384070424438,3.10061996346982
1724.84898528527,-1727.37238142618,2.91320703721088
677.481411232078,-1552.41163973831,3.20606044417811
3902.3695381755,-874.927488801142,3.11519948023689
1973.64217540869,-1488.40911557325,3.00801811408576
2653.28558645648,-2146.46793700232,3.0838595221196
1568.86718463793,-1719.82063854197,3.18353867481878
3250.51090544743,-180.399534045901,3.20754978977518
3874.7028547662,-1070.65560762309,3.02620951524159
1428.77196558748,-2178.97326819439,3.14372238887351
2887.46434527775,-168.521535312448,3.14652205339813
2463.9789854264,-882.201950723924,3.12856381633044
715.858629511369,-1824.40107775505,3.10965451452323
3332.56878535536,-614.884090692822,2.96864966125799
3049.77902048074,-1326.83126111368,3.08366807613089
775.078800863645,-2036.00794744911,3.05620840056062
3303.30493047824,-1088.47011975525,3.01105504193563
762.101989266603,-487.3992047216,3.14534971550017
3557.99036412419,-1872.75916146325,3.05151040676853
3543.39341285662,-449.398718218122,3.26965522952066
3292.26496090127,-1030.91501642519,3.0129733579161
574.671736094996,-1933.37946433709,3.19655740757269
2571.05433370188,-242.739976876225,3.11646085009206
1771.73279575842,-1889.52912722735,3.12597413810839
1650.16794653359,-964.321240498129,3.14719354337278
2433.08209049726,-1953.41666049897,2.95774740917352
3252.8122425796,-1295.38193190771,3.06335437885359
83.2673478883914,-405.479524926132,2.91285074290536
1765.28667149061,-1495.80206402585,3.10619265404076
1827.93149029795,-190.630687683517,3.07794379098833
1835.10977097034,-1847.34629991273,3.1409612201908
3597.42980566297,-899.862620558206,3.05557601066429
4014.62495679106,-637.25224758913,2.97443125580852
1024.91372856257,-514.856182293242,3.16329702123504
2621.00318423616,-2211.61542965839,3.08403669277622
2605.32506746439,-221.64107087385,3.1927566798397
1509.16080245225,-1771.96258209243,3.09524615780905
3039.19293540389,-1857.09962330166,2.997769051031
1996.3252447947,-525.589830635313,3.12531221770119
2498.36572056671,-875.023435244512,3.17428895219981
3124.47213202946,-743.605312532627,3.12055964578818
1465.63437478417,-842.514068413639,3.0571551952598
1175.68271394895,-1380.23883073429,3.07519799960523
1485.09154369159,-1461.45099024094,3.07998030401981
263.028467545711,-409.195842643957,3.09938491849284
1705.71248821524,-668.545327941615,3.19313708643216
567.806609002648,-1475.33710693427,3.11076703295205
772.015152806579,-900.725810083705,3.04357800532713
108.404249185697,-1436.61697229483,3.13687106273196
2951.27081127364,-152.079697841587,3.20820769621646
1994.8097590843,-1868.31396019767,3.18162163808495
1901.20943372923,-235.166901436293,3.11233997797504
698.582647266735,-741.154034033872,3.1025690391832
2662.4124683141,-937.0099366685,3.04456229824229
3319.47777610371,-533.441404619588,3.18277585711059
1348.80268379271,-900.746802191852,3.01094227164026
2478.71302526909,-640.260883113788,3.24709073841759
2569.44308694354,-1625.8251710187,3.0752040038372
2367.83694207244,-1730.81754993429,3.16307324330056
1395.3302564386,-1607.48086449281,3.17184001371261
1275.14343857264,-328.114533162718,3.18025181281357
439.136693968249,-1574.25046134341,3.13285544607874
2267.3610208122,-1645.76605769534,3.07455757482612
2393.29060356661,-876.914159590554,3.12785780010876
3687.64437845056,-1730.51874546854,3.28306169388098
1425.42408326113,-2048.54149889849,3.01960792970074
3238.31066873913,-2019.55794356395,3.09343450799987
1222.8478043486,-1028.62039601478,3.21832434073156
2171.20332903859,-926.558587726321,3.19228276054269
652.564564608251,-1218.43763564904,3.15017183205025
2466.32930042125,-370.542158937852,3.26190748418993
1927.5168768981,-1558.09104379685,3.08939801858212
822.69492405659,-2004.70057271831,3.09533024035983
2677.02522458823,-1666.44851551468,3.19005998069305
2942.64592128141,-911.671060641645,3.22054204132051
2733.10572818808,-1711.90171674658,3.18523062125056
1926.98871504781,-1334.20892181858,3.12348518860376
2464.73565820295,-179.383143280799,3.19511565657891
2205.22782192691,-453.012778130321,3.16013374536716
4035.14616236334,-1760.21428398204,3.16073530674723
2496.99720457938,-853.714959960707,3.16088452245039
262.435432831599,-810.264629333157,3.21081745165198
2565.66439619004,-915.108256610533,3.16287711218715
2676.63713331687,-673.665413681669,3.25935369945957
251.705960967206,-1469.10451234155,3.21696814287807
3775.62839110514,-651.66533702531,2.98991108656803
1606.45285974537,-300.506665762317,3.2482218264579
1618.92986160982,-2140.215761153,3.23179826306948
1605.64235468314,-2218.18309256746,3.16708526900917
1486.42407764773,-379.395047421785,3.14291832078652
1761.83096476234,-281.003016534065,3.14220713592506
868.207256591489,-1327.86923185059,3.22762210877482
1826.59358775556,-40.6944402279945,3.18547778606551
1453.55503440627,-1237.18336947581,3.27689673881564
479.2658717276,-1839.45822136688,3.24311350218473
3667.62387032083,-2018.78907247367,3.1721324321354
398.969601428433,-1195.29225830022,3.20636881927353
3487.46092385073,-1339.16365368531,3.06963408236811
3788.81055824877,-490.114547722494,3.17034708805437
964.785764436661,-1430.36043924042,3.12237286426409
3368.24848855212,-296.436481916156,3.2122336011819
3755.34191748975,-1690.27561037322,3.38528473041173
3189.75657065234,-67.4785373669206,3.31657808756446
2253.11884077154,-786.661958048832,3.24260787808372
1398.29328749706,-712.245767202749,3.27994539844578
3655.25513693839,-179.252255004678,3.12845991682441
3569.54393249933,-1363.67985717568,3.21069794440246
1974.75227754102,-945.87977306168,3.25895916695535
3984.70613865536,-1137.09221355967,3.10874797966761
3102.15749317497,-922.401113243572,3.17679305107206
983.607949346531,-995.957237663217,3.2815384891652
772.11660316701,-1335.1517326848,3.19675791888679
1278.55875285728,-1103.41863737219,3.1263643166115
3028.6813327782,-1545.01242975663,3.11071222707204
2564.78273249641,-506.245678533968,3.09649196121232
1859.11821091196,-1954.62045285298,3.06531857448651
2194.15811943312,-794.461811443208,3.24436703825033
674.994001191955,-44.1455307819886,3.24277888161053
3955.80244594021,-918.022400644133,3.16937496499892
3835.42250963699,-463.79657389965,3.242039888302
2999.3037708109,-660.744010867841,3.24075954764312
4060.43660161297,-625.409211380382,3.02790826182078
1978.02884542889,-13.5153291718809,3.23143415619469
3665.52658525594,-310.864662200946,3.07452268858682
2789.37047931742,-207.465958374595,3.30307795501873
2768.76849424786,-1872.56395913289,3.20501663128134
3932.469588233,-1999.04625033523,3.1942962186805
1341.14616839973,-2012.65901249746,3.27937989451
1089.61794730057,-366.867380522605,3.34138963137546
343.494373083863,-595.838854771185,3.16724287317912
1912.19235732251,-1797.33018081687,3.14529778252264
934.208127246107,-773.613698928823,3.28493568140203
2747.69140934753,-1451.8138597274,3.28015748230899
2737.67454715947,-336.978380634791,3.15531544762207
2085.10102697855,-1577.44015355027,3.30175786198145
4044.3974897184,-640.841411041138,3.22418052330621
3717.04978518596,-1739.22103460816,3.18809316578901
2187.13469480637,-1668.40880001096,3.16434238925538
472.960967934788,-1399.6968028034,3.17312978750666
1089.84996327393,-2054.83428996399,3.09314911802542
3375.05414735594,-94.4005477483987,3.22371617942115
3467.45244911379,-1347.02840935016,3.20829203951598
3427.86000336034,-2176.03972389841,3.21167553045477
2744.0767128276,-597.239545653944,3.32592832910849
1699.42060431403,-1329.99624648627,3.22331279019633
3161.04207602636,-1936.89304897543,3.32275309696075
3384.48362937247,-466.832565130041,3.30932228037169
146.255912873887,-107.598026137399,3.05000823317421
2617.25609221467,-1977.84003237798,3.28871177241667
876.723802240416,-2086.63555789688,3.34366732444967
1164.31673106793,-898.002262023293,3.36149435943297
3482.34375080944,-897.050898782745,3.03843548319944
3195.83099624088,-829.581154831754,3.25039453495817
1098.75083028665,-1325.84076980531,3.11069769103195
3326.3339603083,-1838.4340517925,3.19902761585597
1962.69800412431,-52.3313532922914,3.16063903155953
2907.30695745247,-744.580948753604,3.32915521723696
312.257530917754,-1533.46033822499,3.19996827372233
1782.16823321199,-490.185938166011,3.30129667116899
1492.27945781837,-1789.82116098467,3.18325663322776
3945.28946604051,-849.093619445745,3.12937307308339
3807.42849347281,-10.3853250833363,3.16080320532319
3622.15846737877,-1564.97340164945,3.24017823189503
2441.82963552781,-2139.64391439153,3.35999735538312
2028.72851099042,-349.705781960742,3.14783651945743
3009.18584605999,-172.956016225119,3.28721349267194
319.736476359636,-100.204568754066,3.25252702974834
544.914093924425,-1278.92416381144,3.32420466855828
997.747691031562,-1701.13831644672,3.14783827486675
2806.97812446442,-810.411779993718,3.13741108722381
2700.73262479381,-190.22206496538,3.23607382281514
867.202813044049,-290.389618910107,3.30924388733476
1455.72807273501,-1746.51167537798,3.25419647156093
3084.42455402721,-1859.85848036962,3.16808006027713
3551.22999591742,-1162.25789213503,3.26446598336638
2532.42540686531,-184.209979053616,3.23298954161227
4050.16839344874,-1620.51387859424,3.20124301822156
823.811647742687,-1917.20288694829,3.36787130130948
2639.19398122475,-897.284626310196,3.296184000082
1039.98064530026,-1501.23479713834,3.1563547259857
863.720672031991,-260.818793748513,3.11702084190383
3686.82509445936,-2010.0611229353,3.27709031000184
3971.48945411966,-621.869387894408,3.24894804346489
3026.41811789557,-1842.06212293981,3.1995294430056
2794.75739447258,-2119.126050641,3.2861611194639
3218.28825000999,-1827.29034886255,3.36580898484391
1077.41729547691,-1290.05802158991,3.48723135665485
1878.71272199008,-37.7709618673988,3.17156295435885
2510.91423037968,-3.65195344760263,3.27922874362818
1509.71900071276,-900.637808891537,3.32996134397097
301.309361531524,-1948.91956111313,3.37763209735081
2336.43021698318,-69.2011326514236,3.31500641976671
892.955955058983,-1983.22485799604,3.213745459871
3430.64940723291,-983.855464555495,3.12904881225451
2182.45720047038,-2048.62258378977,3.31552795792087
3697.69118814514,-1881.49388110656,3.25784309990195
1477.17022660227,-1968.77056707481,3.24461565908699
2491.74719178808,-1485.22167258581,3.27223187011606
1989.26598010565,-1513.0433558674,3.27518499748386
874.475945501121,-1148.54475969628,3.44985977977762
3557.56417414341,-1342.31520311017,3.21379911140712
1093.62586307022,-1514.69309089252,3.41660776037883
2924.79978268673,-305.309497638265,3.31812568913765
132.028280712346,-392.557953881487,3.35032356453848
2398.98535715459,-283.912704808361,3.2760815165789
2179.49954378689,-1421.50329593275,3.26726476495691
108.659521463195,-1502.83504173256,3.3998248076943
3791.97184905359,-1028.60824432826,3.26193839000591
3953.14808991076,-878.638625039831,3.22223835059939
3302.42637229889,-915.468625044805,3.36399910082755
2351.17348904815,-713.580303383126,3.42121241616726
2358.70596233726,-1863.80664581718,3.19552134805631
2143.54416580684,-627.34823378692,3.41083341809961
77.1490367385387,-491.919918309624,3.29880682604542
3573.42576256019,-1191.81232603007,3.46017337952758
1901.57078170867,-63.8861307365301,3.37197391032692
3617.24214975748,-1510.84545077661,3.27548532998686
2053.0419770629,-353.809474229881,3.30501640971866
1358.63464695306,-1320.38766733481,3.3586965598249
2328.53520352049,-1807.62043668931,3.21157336175069
433.484189616419,-1366.08506941543,3.3783932029429
1472.43395035956,-900.768656929302,3.37027757501876
1131.07879138738,-1225.38162802072,3.48612651004943
3161.97306088817,-1765.7360304895,3.37241393345785
3183.63597603353,-1872.14038780658,3.21460281733504
1043.92105713381,-710.633087298026,3.33109794966724
3189.75897755086,-1433.67003307933,3.30615385758176
2217.71429458401,-1687.12833832235,3.27589473171062
173.395150366239,-771.835851725912,3.42968990056635
2743.11832490297,-1641.12846258882,3.35124548851956
3259.86118353013,-67.4924411524208,3.31300708933348
1162.69271334737,-1142.88797787654,3.43354287789438
2928.48663516743,-745.689092585464,3.28995280414052
3240.12055896434,-798.994797560566,3.35270045895122
262.644241367173,-1354.0656690629,3.30615342378073
1777.92939108504,-2101.38246434288,3.2310227958647
2114.77953745617,-1135.75389758118,3.3697661841371
1987.85855635242,-1653.39102194445,3.40650700690006
3932.67046597822,-1452.33054634869,3.30302336263764
3909.90172766997,-1268.22849033491,3.41194113553831
1688.99239264074,-773.951671650751,3.35561773394907
3031.81111320471,-187.823018211495,3.27431775285314
2167.18644797307,-1106.183270072,3.34012457279495
2626.98653076618,-1619.64845467526,3.35872420471159
1987.19751938692,-2178.2484776967,3.34002686728443
431.264247925061,-1739.97254893697,3.35940785468968
745.4655989291,-1886.1219811546,3.36852602935392
1700.92545888637,-1475.30156417564,3.3260582993596
1149.25248178495,-1000.1795073968,3.38146384770616
1297.3591444615,-1048.20713509819,3.35451179097328
2425.99152262048,-652.520281586718,3.02426032512405
3412.39449368791,-1786.7465673829,3.45195057953477
2317.24727105927,-86.0221377904338,3.39339652632895
2086.94574626899,-250.049463914638,3.43733400252867
2640.52116852345,-678.657385803214,3.48470536890616
3379.80586721008,-1529.99830465063,3.37544317445592
2371.14882460878,-1680.28003031501,3.42661320807396
2787.48520514828,-882.84518255723,3.38464431646036
2922.1897032922,-2211.84580247168,3.35198881421664
1827.17458713632,-2000.3341497998,3.43742753802259
1470.99134352239,-867.782338963828,3.2752783038842
1789.47655148121,-683.556468924374,3.4806083239969
485.386718913817,-613.915824476715,3.37725168777721
3491.26172044876,-1209.10612140962,3.48883571901154
1955.06609355345,-1441.79867225771,3.51456404143042
523.36736837009,-193.60662033731,3.34555642375745
3657.83248302345,-2132.90268394473,3.35584797199418
294.890152036212,-343.802367563631,3.53221692459471
3687.77800232913,-614.555748216047,3.43635140810324
3166.26167368079,-680.759016782456,3.42818876340749
3430.64069448516,-1201.34496854141,3.40461713648994
2215.34802515727,-596.115621411351,3.35353115933205
2128.81991655623,-232.27460515995,3.52344822263031
2679.26115373592,-101.130024249779,3.54331429159971
2181.42852361775,-4.4852277969718,3.48238421566258
3159.27417123532,-562.891647937357,3.54264220316506
174.922366555672,-45.1365703632138,3.40782892743484
3278.90741866624,-1547.82560366885,3.3598671787715
996.595390233146,-532.857408704715,3.50736764938576
3200.61506320762,-281.025779552399,3.5624526610704
937.577370227281,-2143.33393874814,3.44927252720147
2953.8789251794,-567.207962267664,3.62112775823092
1881.75526176852,-1341.63604941732,3.49218427719028
3576.82244516631,-546.389460053126,3.49999713077914
3636.09925586271,-1085.21336539484,3.55842220848471
3033.95272105617,-851.367885212651,3.54078107988678
1685.46601967797,-874.401818317391,3.52368499862557
327.729320854464,-681.668583832972,3.47078749743974
2821.46211267608,-2098.63500041478,3.58834871008784
3805.96447246082,-738.898864229097,3.60949002808991
2466.33425697172,-2016.84461687213,3.50159304354001
3726.23155083737,-611.885877033917,3.53174800413238
1813.03082609594,-515.524517049373,3.32694242315193
3096.10934031802,-1456.94757075791,3.38735880013293
154.251551884831,-165.780484085948,3.50851795533887
2792.80975262829,-828.846031650408,3.44475779399892
3088.02452121696,-35.7378401850008,3.69740843798685
2069.76509403473,-679.619285451072,3.50285486409268
667.197060531614,-1452.6900700783,3.45053376489134
2827.12766275042,-1099.47107856927,3.54911594189666
2349.8769550734,-119.933410492433,3.45087954087187
3635.98983284913,-2192.83228572166,3.54197743031433
3296.3214644773,-2133.67826140643,3.56454517499842
3180.36076845199,-98.9317139492428,3.50895146106016
2381.91094318715,-161.391268352428,3.65043582308777
2284.58056109737,-565.222040736927,3.37774004471218
274.431952808351,-8.69742846087225,3.53080471555818
2346.27243724746,-1412.20502935803,3.57766230527546
3284.69614952173,-1759.69579713117,3.66762866644332
2564.69857772251,-2025.77529803326,3.59858995127691
2315.6170372076,-1962.90456259754,3.47340540708633
1249.57270622947,-1721.94298284755,3.57468062890384
1839.49616562833,-1359.84319229945,3.64662128217176
3845.246883733,-1668.76822630613,3.61253687999655
3476.13221276814,-1030.86791035106,3.56172199346357
1877.63338131858,-1377.28401362954,3.58652979464072
3354.70568021191,-2199.77935164051,3.58494628660707
309.939513769368,-1333.1233768497,3.62674893961423
1941.19553994497,-607.584515913373,3.4894093605546
1487.37776527337,-172.205174368045,3.39030571601963
2995.11935222846,-1444.25033596409,3.63920656994211
4045.35346506082,-2057.4372847631,3.60996154848955
1308.00615476291,-453.728304894802,3.49968369814504
1681.01086389742,-2163.09660361633,3.51923068332651
1532.3164166854,-2127.04846976778,3.62794208752499
190.457659547099,-888.168706647417,3.3884535110414
2476.02481827496,-2114.70336901178,3.8550716303416
1781.06409610121,-785.984059584971,3.55074906223727
1835.5668549396,-603.33279911577,3.46115401834605
518.373557954299,-1553.6372531521,3.637001164092
2723.48661800331,-276.201146558425,3.54059706761875
2355.12193092387,-392.648018755617,3.58922150028236
1282.63012736108,-155.973891109862,3.88064037823406
2824.79847039457,-1198.53226052705,3.53160045146385
2138.72783653387,-1293.30311409199,3.76511959582849
563.756934456024,-1912.84833984459,3.72248920811442
2056.6343605591,-1822.49659908485,3.75975756524681
2840.91518311741,-1584.76419544806,3.64596144229673
2963.78781722866,-2081.85936609101,3.64110323924649
1182.66234856654,-7.34672193632692,3.61632097746438
2293.31427867724,-1089.90991925599,3.75192649048689
823.017279025491,-824.623360797391,3.75284978405256
2546.4069234679,-2156.75404630105,3.7405548009222
63.8083221474255,-1515.46420671009,3.53130891251803
3892.35148827596,-461.45161213021,3.79028511221772
2833.07183939649,-715.617142305558,3.73392014467881
3722.66536903679,-688.864650811101,3.63725034033701
1217.43254863602,-197.72152828464,3.57527987192682
101.751897963554,-1324.74954091374,3.79755721839772
994.664573617122,-1164.5602627149,3.79134215287893
2380.71361102798,-1350.74089038771,3.75636926565143
3251.58297156708,-1132.72275695149,3.79543626628488
2999.48941719935,-1673.93277375954,3.77722047110959
2279.36453483039,-294.010549116404,3.75364993574394
1002.08073438553,-897.840615796762,3.72808555544719
1513.59778628264,-1732.49591319006,3.78738713036195
3130.08712260947,-1994.29549560014,3.92821152490439
3731.99714757332,-299.476996558791,3.90377173992441
324.303993651195,-1729.65269858541,3.93904060223078
1865.69522282596,-1994.04353036893,3.89949392711741
552.08729422401,-846.947019046672,3.88395214191119
371.630561332631,2.65527919246367,3.88758494255489
573.034308302888,-162.797380897653,3.81569684711062
3060.84586395272,-760.597242056325,3.85090562363549
2704.23393666338,-2037.40963515269,3.88142488384292
169.119767087791,-305.160087352638,4.00705281005312
1361.49974617238,-1041.59042019918,3.84859024579918
1598.00941261512,-1323.36574066043,3.92519521156593
355.037418812205,-762.013401417565,3.76741431487865
3751.83172068833,-1024.73682885019,3.8951101452055
2872.6907994277,-11.0706563893578,3.89359703114112
518.665500203358,-120.017387504306,3.83956620874658
2423.02652594729,-1004.26177908912,3.8040529874952
3344.44351414557,-1358.93105345743,3.87497648263288
2808.13070801717,-385.845678824699,3.90075166500552
260.444220078897,-693.919041928639,4.00319243206366
3778.20693067656,-1516.85655471673,3.82324514629137
2461.30177728502,-313.921054504827,3.9403697692475
1090.17013671684,-233.577910642273,3.96409148590925
3015.82422360445,-295.713922801583,4.05903770627971
1950.9043759395,-219.497122401524,4.04517409627791
858.402954371074,-547.27929141197,4.02094333408666
959.920315554747,-273.404488122939,4.00625764875118
94.8125160956533,-1098.1091967005,3.92391453290935
746.121340958792,-1132.78778085676,4.00783176161394
3276.86809998915,-185.068098913548,3.98121686713736
2990.73632649967,-24.671932183401,3.95606084810631
94.4031975331103,-319.113073385006,4.26101824047693
1147.43222080575,-2213.79398419133,3.9207090410021
3264.2752371649,-886.156994327072,3.98242079393055
2601.50609711583,-437.960271811277,4.01210254629861
3999.44321810099,-1315.22760606001,4.00679362755172
996.07176013237,-1881.21317350833,4.07477146363889
2241.02042411894,-1978.39980628893,3.9749768461542
3305.69664707688,-1908.29835497196,3.98147718752252
1756.45889631379,-863.236692654332,4.04695967001284
2944.48642428733,-971.841051221871,3.98678908524574
1571.7815167528,-1078.80706737859,4.12395527313271
3318.04508948017,-243.474723505617,4.06742828765621
283.883306164521,-545.146170441491,4.28368000864841
3086.8780659159,-1948.71027300469,4.17867728503907
195.99208748316,-394.644335382919,4.18616360515632
824.235718524,-1351.3876512177,4.29316775817154
3765.94263722522,-1433.09539268701,4.19406793402263
1247.53584786779,-1524.51181851498,4.24349074266615
2731.64689364008,-1960.04003336117,4.1962224558942
2446.07460463495,-232.245634772138,4.16506770777353
3454.51379888355,-28.544967248099,4.17032108566054
1235.05492322415,-809.848322152714,4.30656537886943
2584.66458942809,-733.938277123317,4.28278083948902
406.467634116269,-101.362852935203,4.2254259055656
2338.70332064657,-1815.42316742457,4.32991150208583
144.699199493126,-1177.98806729391,4.35105807956934
2536.47281224537,-1931.42998098513,4.32493599019698
455.010440940738,-893.641439656189,4.40022152934028
2105.39122473934,-26.0133805889961,4.35678487723601
1261.77022772409,-2154.77260531759,4.31014683397469
3047.57880407625,-831.927388199307,4.37191521270225
2289.96431999461,-350.144581015268,4.41311717875393
1828.10839678822,-2151.13509116231,4.32845736137546
3444.50942975802,-1658.8566925434,4.52185427233938
2488.73575166119,-1321.7180814482,4.58179803960928
2336.19811424189,-675.666865402859,4.49749538506338
3337.68927546607,-678.255894525398,4.44495524363201
199.652303413331,-1264.86470084512,4.287312174857
1725.82020323562,-1368.75165307279,4.67873104806566
3958.24281487084,-1395.31559269662,4.42455892095694
855.967527916495,-1095.47242493914,4.74918942852325
3045.10531236204,-2082.10287033801,4.50655240349056
2059.92531569604,-1399.60717852524,4.27188587402571
2926.88635328303,-2032.83357811692,4.43908642662558
3132.49975582057,-1094.03175749207,4.78011277120989
522.750351870142,-547.551615929142,4.90913686363208
2574.05869090493,-1606.87765207333,4.68515951189475
2983.12555646676,-2158.3963093775,4.55982851952286
2897.79832014934,-441.906750144415,4.79782254881249
3618.54733085557,-287.280184690607,4.72389782639395
1123.91410174218,-1424.77859904063,4.84200529470062
1556.02562819481,-667.450864095852,4.56907678919142
544.917216488057,-1204.99182779054,4.38760752462724
447.15937522999,-1292.73875971052,4.55343931677486
2176.56575346537,-1874.80928759632,4.87443956594011
2669.94876519033,-2102.46317208127,4.7200584945447
1355.7505909891,-642.328132764414,4.94826103841592
512.676820235597,-2079.4798053305,4.8294659951783
2959.32883175302,-1955.13660833809,5.07333717317457
1939.04783786671,-2188.68220542373,4.8237163806595
1123.54923957069,-1975.51173512939,5.07049094432827
3209.03321239168,-1257.04118447757,4.77256288319707
1685.38207087372,-488.776667330939,5.09487461782277
182.32369864703,-667.67875387328,5.2357368548663
2995.08230116931,-1179.64871053688,5.18461234918461
2890.72143137211,-234.990727881974,5.12811208487584
3455.08775619626,-1332.43705573503,5.39865171142946
3303.17795807161,-476.906216210295,5.06896368740257
1535.52447159076,-1003.69365237794,5.12662893492215
752.902319090502,-328.048093918734,5.49104671496911
694.554957048561,-1660.89779611407,5.49496774880296
1404.97319656242,-1178.3218055229,5.50153958343776
597.387205128506,-1022.69063169847,5.6791314134382
3642.46000000221,-2103.44757931779,5.82343458364411
2624.49405183702,-1076.8699893511,6.13787920205008
3382.86379881203,-217.075441239685,2.98245796810118
3216.34955719106,-115.434670897293,2.99348775020218
2709.82252878229,-651.837364214403,3.02046217380725
503.058149959126,-1902.79382220796,2.96519496228815
2090.30517957798,-2162.16203307887,2.94009444012602
3559.02439661454,-85.7718095582012,2.95476437601251
440.481876025849,-746.048525907322,3.04046400021256
1658.20352104338,-444.435784596474,2.92650810036163
2350.51598828493,-2055.75323857936,2.9706091303712
2982.3895988765,-2031.89112709993,2.90999024395476
2668.67656507458,-925.226977618519,2.96636508937787
383.326886416688,-486.43657289285,2.93656100134264
2632.68570061971,-328.104097480276,3.30647590115105
1803.46436275099,-729.194974488623,2.97593201075112
1587.68965936229,-2063.06283202265,2.88575300213318
2645.64402418634,-356.740600707699,2.93850919603425
182.724588196411,-621.94800224388,2.90352678866138
1726.94085307974,-969.735950631824,3.05219547627027
3084.51470663791,-1082.68280893346,2.95443596099563
2456.51009770375,-156.596652225021,3.25133245616529
2177.42116255454,-1318.41108202564,3.06996809392837
3670.03462947463,-124.513606053985,3.21161831165313
2214.62155205921,-46.859032024177,2.91702585758963
1702.59357782356,-842.607969800475,3.17485012712909
562.197113241208,-1489.4538082537,3.65494652894938
626.720262682891,-1419.05042995953,3.20235578063533
2690.13002085918,-29.556576002259,2.83145946363173
3180.90252665901,-1607.09366391408,2.82183821801212
1215.67120774919,-1930.39692274711,2.89960411390116
3741.38547001691,-1742.11814705531,3.08996038079928
504.651081269323,-2156.44737137668,3.24993572428543
1430.32030473928,-1778.40488377967,3.00053252207478
911.587399523883,-198.231372422517,2.63295332094276
1134.12526300912,-309.035697811907,2.94025869508926
2268.48714865144,-494.599165029059,2.95421087777054
3261.94487583679,-363.737962254101,2.94422483927284
2377.76469848797,-309.61056780881,3.06638511275054
1497.21771569689,-1003.08625311224,3.17452947165207
575.874992816584,-212.830248035961,3.41325470542356
1616.25776224895,-1082.13609978208,3.07612718335697
1527.98175953447,-500.766371546657,3.1668252963605
407.370860711421,-1039.90140914848,2.89041713745229
855.754914753102,-426.269439219701,2.7655687206991
1803.81641054453,-207.751223728067,2.84239713790523
1423.49303630125,-81.1039551591036,2.97865690459484
1603.11210163091,-596.220615254838,2.90072082251108
3890.74676106767,-1304.87728779698,3.01791191804908
3432.26263240294,-254.493136155613,3.01213113407982
951.292810230037,-440.906414469695,3.06369598784317
3434.49424039166,-293.738847465685,2.99417224934369
2410.36313727761,-689.191194964567,2.93885837195502
2881.49139241218,-471.805251601606,3.35498685216185
816.265932481728,-579.686860290521,2.95344338118988
590.169390040073,-1506.02193843497,2.90171560197141
1460.34199347717,-1715.09399282895,2.95257483365672
3427.73014283274,-821.936308744777,2.93818327536717
1123.15755138441,-968.281202501583,2.75445142136974
4020.11061934364,-66.6678097860076,2.97863137274977
2313.28772903502,-993.287421149695,2.79476234214139
3539.99069622434,-359.760737398892,2.98833703074813
1396.86742789354,-98.1818782173499,3.56265340866458
3391.43135424257,-1963.86230195261,2.94068468612992
910.731507455163,-1531.16841890524,2.88841291045604
2014.80347269813,-460.895214599189,2.97426090099755
3180.15916924243,-294.213009024941,2.96137421483753
3506.43595206153,-533.44048575493,3.15042669802588
248.537034664248,-107.311564146439,3.27769537997495
1035.50739312125,-125.781632627253,2.85192108632185
347.074943202583,-524.714475484293,2.88889930359551
3087.83518659054,-1793.83285488884,2.84605040253026
3907.06244089683,-9.23823152371305,2.77277809416458
828.218259848782,-374.260110051143,2.97873882582163
3142.29212297934,-507.922932905816,3.01997772440301
3732.67118687029,-329.911513056755,2.66554369356919
1318.22824329969,-380.193737423239,2.74481871674065
432.44781105839,-1875.61417821552,2.86836849356726
2276.10989652793,-708.972376587399,3.05081082074659
4001.53866267818,-98.5974350344965,2.94005041554022
2080.77911667202,-349.979367891238,3.20065373603144
2112.01361819394,-275.590007070886,2.84805625356007
3531.58541014893,-877.887184386478,3.00588223000983
689.148384017919,-85.5770531562092,3.03866180062226
1145.86003613612,-1447.72152081438,2.93863151430842
2796.31509285739,-578.117016556386,2.91562234292422
3609.43984440554,-623.876622962206,2.86749955190517
1633.72365996662,-2136.65646336163,2.97455834968855
3155.45182287559,-300.893824885419,3.27667715309669
670.730859145592,-448.73565284004,2.98142782141743
3360.95163466577,-533.7595187802,2.95563956250667
2158.01572284592,-567.572608911801,2.95328371292097
3042.35618885797,-1640.4012265266,2.87133945948254
2039.32753140686,-70.0673420398009,2.83120621760274
1284.04900253361,-2108.91333372493,2.95749706289297
2767.01534592271,-1940.01377216145,3.00852147212884
2742.29523607036,-1837.96319875639,2.80647932022157
3577.19246069867,-1890.46310856235,3.11508321402551
4064.53347237004,-401.034117321983,2.85070372586921
2587.29466030521,-28.3022956449967,2.83799518018693
489.904067490157,-1473.09430307272,2.77428321214642
2453.81133014159,-194.207325042728,3.02308318476355
1114.38270682571,-214.336429675422,3.45007413945228
2199.00106166769,-1648.16444225852,3.14563673406701
2038.57608397933,-268.61587598909,3.19294156379233
3122.88416826449,-442.665871981773,3.03442630119438
1919.77477999262,-413.693661964452,3.4013240765251
1447.93285891208,-118.35227535093,2.83893327700805
1311.49755001762,-1415.57805756762,2.95194316797221
3208.79516740741,-410.516594156059,2.79269066732517
2015.66024205271,-1695.04776035749,2.84814877571632
2336.01666650995,-2215.99710433041,2.93963007595213
3111.4740261528,-2200.23261045794,3.03886616354956
726.023669437328,-1023.43697282188,2.89067487939203
2976.62366439913,-334.557659526378,2.91809311226044
3529.68229606042,-1670.95234548551,2.97576586852904
986.028939453278,-44.2178842435684,3.02701167456382
345.505186362782,-1454.80897069341,3.05396884002467
1494.24081954955,-1217.45585629269,2.90004574324447
3354.29699979366,-1881.91136358492,2.94581507011844
1134.52606597685,-56.187703574022,3.31728152506656
1203.46829896524,-1082.83271042568,2.8616632819264
174.670083474182,-251.686998009503,2.84485282142879
1333.54780752506,-1651.35856183892,2.92126221151441
400.919648573036,-62.4868071006214,3.0167895866154
1546.58288383794,-234.272253748739,2.85761175858023
1197.32169692558,-96.8081561904447,3.31271772028289
2396.36091020035,-564.034920464262,3.02038985064102
841.281155260463,-190.744749238484,3.33780436787553
2486.6384076115,-360.117790388091,2.93208743653755
1571.83100810292,-204.602179542043,3.01651550125457
240.912742039375,-1727.80656499695,2.9623891502957
2023.85191205689,-2205.96527402028,2.73815412688604
577.433022231608,-945.372584470065,2.89203312369553
189.590728648963,-1642.17283732022,3.12378330509454
1311.83433455887,-2125.76210974766,2.87794785365743
1158.55741010046,-170.471523102348,2.91325262178615
1781.96923123826,-1923.58258239796,3.10687737836243
3269.21585449003,-474.808075418892,2.73989626399985
976.599966562572,-1549.16288930888,2.92091385060614
696.70807464881,-822.312052686929,2.62733320233752
1516.71335750211,-404.210670521867,2.95488870066477
2999.14986190862,-1743.12521245227,2.96548160094378
353.483946721852,-263.901662739735,2.77116489900992
2270.87098511684,-181.663814631527,2.74907525790869
2998.25251180899,-79.3703067290214,2.73934622812199
1417.10936258293,-222.72905151542,3.30257410540579
3435.14748132432,-847.069868176777,3.15705496846942
1179.62098637813,-504.975569694978,2.92544888961408
304.465080239387,-22.4802425481138,2.94287054023532
1066.82428626881,-55.3858004558232,3.25381191365611
3305.38057805347,-465.859395807848,3.22163199828245
1857.01313965065,-16.5197939059389,2.99637552758365
3332.26772430381,-640.389236114818,3.03716897550997
334.212551195033,-1591.16594435996,3.0691854200953
2422.67950339431,-55.7805776431443,3.00649409941844
1119.64381328771,-2186.62421118336,2.96389373700526
1221.54226607354,-434.060330876488,3.15165712870874
3120.41988328636,-1707.52227882233,3.00982862208081
3337.17781806392,-880.774047191065,3.01114192507635
3100.77787069095,-2107.11127516637,3.0351753135287
955.12691510229,-2127.0693873739,3.0408895630339
3500.83264979636,-908.249350239019,3.00329534121764
549.275593782036,-2125.54481561006,2.91472463804257
2510.12865931437,-439.391390318969,3.05612907189629
3895.43405577461,-368.257997878424,3.01366633881821
3445.74080244308,-471.750660541281,2.9345893760371
3683.04428422737,-492.946409265942,2.99023567347459
3710.88375402322,-2009.02472078984,3.12973092244442
2965.26951835606,-1379.90160796087,3.04705203012919
1098.90073525565,-102.764765135204,3.22255525747527
2498.01132027621,-1932.34367166923,2.90303797182913
903.985946881707,-94.5738497244836,2.91936151300371
534.522664595724,-136.0137067983,3.0501588677081
2843.68151756142,-550.712230841325,3.10635207861385
2090.11011398467,-1955.77125218903,2.78560175247869
2605.28493348417,-1950.26114692578,2.95295661454768
162.600169684676,-1530.7496891681,2.93638679893204
623.729024706525,-1399.0418153822,2.89807927108943
361.456170132998,-127.513882254409,3.23718829262402
292.038743272207,-710.537145963029,2.95679677323221
1253.68779338482,-1497.31557608741,3.12200204763411
3042.26770706327,-1956.04083882219,3.08038040653936
1671.26534304242,-139.544283810411,2.8675438758837
1652.49612066995,-59.8590706684774,2.84615519539176
1107.37569284027,-1594.62023182257,3.0238798642715
881.00642672006,-106.971770549393,2.96602579140674
235.421374457536,-1793.12955312959,3.10953029403149
84.6437044261014,-61.1413885030377,2.96872175684233
3672.51651230918,-1437.56034947022,2.86444293595131
540.217087333086,-375.650171426768,3.15628562602265
2952.50024256734,-103.609499407072,2.94096670614501
611.724664269341,-429.341784966459,2.86962239794573
2826.4526352475,-10.3227680449267,3.0791173428811
1279.09718403195,-1946.26846359498,2.96658468879448
3872.82521488222,-289.429100208927,3.00470093924553
2158.6139044982,-1588.29129414443,3.13516320034652
72.431767853347,-2099.94026649149,3.13985284686162
861.760770061432,-1522.28606211665,3.07639781692418
908.974015711567,-79.8854578722979,2.85099773107427
3179.06524268036,-460.673116824258,3.06828982702361
1701.00975228346,-102.792139159108,3.00931122136535
104.300295193394,-370.744945568653,2.96698960281744
1784.01802881746,-1134.32326886391,2.93903816052658
1977.11548099547,-450.762732248381,3.04383093436955
3270.12680152838,-376.522518811811,2.95434449883111
1313.46978598638,-218.697155616965,3.26060932874351
734.545646487017,-1187.35462863392,2.88462713470629
1281.62274712591,-96.8731601248231,2.84703221686424
3285.79379735554,-865.529194155076,2.90843697397659
1221.43657742537,-1552.72443283884,3.0798681292746
362.458855948429,-883.959750271976,3.12259751137391
659.741856876623,-898.612293161338,2.90625767816118
585.778098988443,-1600.96121624353,2.90674848566694
3713.21247378252,-1672.0290952097,2.96508703959773
2420.91259502799,-233.006969114474,2.97447471242603
2804.58137435181,-1960.51010783804,3.02925888120526
1717.8743508468,-1916.12559157665,3.04899930478173
2318.70728295336,-156.690841268467,2.99532087313461
1273.41247852738,-202.019476291787,3.02034868294744
2179.09013910931,-218.959381869612,3.03303630309532
3185.90479786549,-663.500402610615,3.03074819094925
1929.07832896326,-109.491483795777,2.98829339208379
3713.94361481271,-256.343201756579,3.14467070625723
3753.77975352974,-163.440918541695,2.97551026197771
1580.76669935453,-256.195635911036,3.19205960000874
1031.14704124315,-1619.25207141891,3.09389266163248
1053.70533193103,-1580.23434169131,3.09664180476059
3691.04729379028,-20.9762108097729,3.01891114374128
2760.9747150751,-39.0672857688758,2.91925616477219
1385.24104162434,-142.339950291974,2.85473887576767
3105.43471633741,-1976.18403167257,3.11515336036162
1012.80627977488,-1024.64960878403,3.23487521562814
1923.73372542696,-473.638763660153,3.0089095448835
3340.71707845226,-1790.57905256385,3.37042224611241
404.189922463272,-236.223589697773,3.14712186838742
2241.33187849488,-1761.6228262138,3.13396122156014
2552.06324494731,-2139.59069113536,3.04288847827594
1416.30205240311,-1970.96739081289,3.07359683531791
509.964721231536,-1753.93792044572,3.17476874305245
356.666527229898,-275.436588243798,3.41404567193587
1796.33148096799,-1645.93476411603,3.0743357330473
1899.49616542053,-2180.30028230622,3.29079830063034
512.061287543628,-500.969595489957,3.20600896961188
654.289148789167,-431.182507222966,3.10819993649143
870.978426152039,-418.587720019623,3.16589647529863
1058.79635371147,-349.936956678344,3.3418552376776
1361.92437989725,-151.402211537371,3.12228266709429
2020.31085292923,-522.579747955089,3.17936830934339
477.885393788292,-145.174946149572,3.02806132194892
998.636137207824,-248.616294692614,3.187363271495
1824.08887856329,-135.70724036159,3.19590706207297
1635.50179398755,-297.904603669893,3.10377077961672
1964.21167017857,-1401.85136069213,3.12507591308151
2608.84204222286,-319.128282785764,3.16843800735698
1638.99412529622,-1020.41662461403,3.31764418987606
3605.81571044941,-742.868238679651,3.26253450674013
3982.955396383,-537.899705541696,3.19499813825637
3326.15020281399,-1709.25934469532,3.27327815744984
1313.64061828626,-1602.72366882281,3.24940169401622
1943.71331586492,-1499.61562788141,3.43775366411088
3627.41742023527,-930.304318422197,3.46617433012256
1990.00230309669,-556.290249945918,3.27590646743509
3560.37476543236,-1627.04159008581,3.43153170418339
2997.00305862934,-1646.56589970542,3.42009843406973
1181.63087488156,-1908.80030857769,3.28296183064419
2894.94754042437,-1355.53763490265,3.29710223867542
2600.11459816765,-161.075716397652,3.24724093573616
627.286633539524,-279.207949977165,3.22855109631134
2407.95577749975,-2213.21717182355,3.51914905744525
3688.92250702448,-522.312675696167,3.40888593377127
1940.63464520404,-762.207988287392,3.54080543852099
684.825067234334,-1878.18851800875,3.26886871563006
1834.64266391566,-268.703959826503,3.40235928288233
1692.31106169415,-181.865153338903,3.21071006366525
2794.31491953394,-1377.11083356487,3.43523495522471
2415.45914973075,-2202.44176162238,3.46484605026794
3346.7166819317,-1738.08381025321,3.5552193297594
2526.67211904237,-768.940785635302,3.53301703875464
2817.2869518603,-166.238835550512,3.57894207643984
1885.53038249952,-550.21682543271,3.46359765023238
813.393790573794,-329.77165436002,3.345229483397
2323.52143143606,-1502.19480648321,3.51970086557883
1514.56981198783,-343.031256039638,3.35442000642298
1449.78233997036,-373.942048847684,3.80487240582301
2567.12496266275,-175.617546002063,3.46570415665274
2968.50824566328,-1475.49376548287,3.59176515038312
1483.60570644804,-314.410378773145,3.70613956593121
1450.78880767746,-266.883837825182,3.58101971489524
310.293333503443,-2207.03655368392,3.80399687399191
1319.95857497323,-1518.79229480994,3.87641259863796
520.791316049449,-305.855906697733,3.74118482899366
1918.37324214889,-178.455160130551,3.72847093719365
1394.34936688224,-344.515903724449,3.81122983380881
1595.91337585122,-1692.78890153546,3.80235312575335
2034.4186428556,-212.288308134884,3.4835160508263
3003.44976033972,-1831.61894251962,3.83426027572948
448.765797325329,-346.760537316772,3.84183135049967
1938.50059599767,-493.707361131487,3.92977464797777
1319.68341546739,-182.209386515552,3.69098586803163
1092.90512515358,-2125.06584661286,3.90198717076317
3441.15583927059,-1832.9129805643,3.8229446886752
1162.63255603488,-1514.79153154185,4.02579392266003
361.315565163581,-206.504531171961,3.70692727320505
1535.94994314843,-63.581407976976,4.03793962887982
439.513743465899,-160.456009471038,3.70418321892421
1033.87171492137,-64.6185080083179,3.66944754073286
1538.90951260917,-1688.76024304956,3.96835452103951
641.156256242181,-182.593298450717,3.87585627856817
2317.14871867971,-519.628593112797,4.06485585705709
953.8863953883,-25.3289560224328,4.30338559863671
2385.33437180511,-1622.01996982867,4.15070252305805
978.067679172516,-65.4394576754364,3.93339182609075
3436.99314590266,-1582.1899707005,4.29502521597386
3885.09372508621,-210.982938253702,4.1491606778981
2754.61364191863,-416.297658014937,4.0924327214173
1873.51335729729,-1634.47509962421,3.95613679669893
624.938343945704,-593.280238351643,4.18996761549611
1312.41974709766,-120.749504135195,3.98588324324817
2969.31950409774,-1943.66163548944,4.33724164364759
3511.62259464471,-480.592445079312,4.2271210225585
1446.61006555018,-1439.94237376731,4.39677771076264
2764.73303710974,-264.530929505043,4.10541767023801
3970.88855711353,-422.061354031514,4.49729733879004
298.557190477027,-1862.68889502915,4.31533095986634
2229.63687738537,-531.85706293244,4.53348615124765
2288.74687076015,-436.37056009813,4.44200676457996
2596.56714134508,-575.916544156287,4.36409673871615
1092.03338870386,-707.28741142609,4.48548508648631
3406.29540392775,-572.653843805825,4.94604129320337
1515.41312194677,-518.102093644291,4.97689993933173
3654.68801420131,-1613.83222318189,5.23959401349936
1701.75080153243,-75.8801104805365,5.22029880166907
2866.47912234572,-447.24214075292,5.36587129627418
3224.54203730072,-285.855352193251,5.38311948179006
1835.53648824433,-1250.67861826124,2.93466314458903
3083.07106384292,-1040.60537361428,3.01759068959589
2804.71039155496,-1261.45182337348,3.09547772166283
486.911639645494,-1792.02879835478,3.07864651354607
1682.15846062683,-493.565002059243,2.99417865881917
699.156308523977,-1704.22624887577,3.35510140033168
3310.03000446693,-2167.18470225311,3.14036139410001
1312.93691188802,-640.462192659329,3.22075874564157
3351.47408974832,-729.925433569889,3.59617504711963
4001.59648141277,-68.0207598791432,3.28259372630272
3364.48286657616,-700.69033918468,3.24322342057224
2589.47332706145,-1676.74714096075,3.45549167271835
741.107262431754,-328.881602080041,3.50739824685468
696.910510307758,-2065.42701882466,3.57997240238872
2319.99912205975,-1550.33569121944,3.34201382102448
1641.9047757628,-2102.89659631281,3.78187412214103
1494.67888012851,-1519.81673508738,3.60150149870534
781.695468257113,-1944.45772064681,3.76525346071404
1662.27518632835,-729.519212469974,3.77249445481089
1681.19426026419,-2032.38676202401,3.81083516208868
1724.4079456472,-517.873961385997,3.67054013624371
1263.63333262052,-1417.40369435759,3.73632479503153
1690.42729866465,-1186.38537360005,3.90906570658561
520.137807419043,-2192.4990906066,3.73598448724406
3778.23835587536,-903.603512723686,3.88858675096986
3919.41927883482,-1169.06330704114,4.0129147282719
1646.57592513922,-2068.65678646497,3.93834543476898
1134.41126065324,-2159.06072298954,3.96593024879533
2282.08000528529,-2198.25928472152,4.11070375805456
2743.87558585105,-2076.24585955104,4.13743461726931
3829.65217452102,-1090.77889526541,4.34296984488772
3714.36192461465,-1557.65731157439,4.10932935178145
2609.26105192854,-1740.79261246984,4.66189458947507
3901.17496337685,-1020.5704383777,4.49416331864148
1875.76810839813,-898.531741472643,4.52387520303179
403.4718941521,-92.7387528091226,4.53884034946808
3930.89571530772,-302.629915331926,4.78350896060218
112.841877313727,-522.14508847452,4.5140476540511
2103.08071834712,-1042.9593030475,4.9978224723819
2279.42448010458,-1715.31260993663,4.38300151136082
2027.6875931176,-879.483683113625,5.08228292398744
2314.89089819305,-871.754711196399,5.28003316288774
251.127693595428,-208.975051996993,2.94308451253372
3665.41000571631,-1525.54424253838,3.31535617711397
3042.61430847506,-1462.84330546517,2.89259235452091
3115.46136177656,-1357.85915466509,3.24701379595853
3948.75065947587,-1345.24626682332,3.39428536785931
3958.54865488972,-1445.44253534084,3.0350230136006
2912.81323604192,-915.56849587408,3.30758163963354
3693.22786529511,-63.0663345023348,3.2439664814979
2142.87425378239,-396.161985693583,3.10411113075914
1597.72594943742,-957.119337394595,2.95092237284389
1549.3299511816,-1485.79663776143,2.82109306119434
212.892825156696,-1950.61443644646,2.92268545119875
3312.72579150506,-372.321639509764,2.92407976344872
3773.48042434228,-162.916671613816,2.46299965530604
616.161875309274,-1199.77224105001,2.45578354984967
2372.09158172567,-1161.80484874431,2.86531487816278
2641.29367270996,-1527.68972004005,2.65456764668452
3337.08789185836,-94.672991768764,2.9073091020771
1588.18194969823,-1598.9242299853,2.584981516648
3023.46247939671,-1265.04250506126,3.14679527887359
2031.4643024866,-1137.53995010483,2.83756745060515
3480.97873237821,-2170.04817640822,2.99789682585519
1698.94283971382,-1422.24767650245,2.89860652940017
1197.20639408861,-2124.84447945844,2.83843429747163
939.792880946358,-2103.26046187535,2.94974712162636
2519.19834495845,-874.262476923908,2.990639792251
2925.97912845231,-321.103685229666,3.0307092739841
3873.85501407005,-1115.88160601836,2.77692293997665
3953.91916953889,-2104.66557318343,2.84986241567136
1491.60435771169,-811.479431333779,2.9955187936659
3516.1748897985,-1942.30063516818,2.8074756908545
1028.48524588396,-674.385864665453,3.14488304307092
3832.45158322974,-166.767332514012,3.10342257882302
1224.59630587339,-1609.85456739966,2.97785855689439
1763.53548415013,-1984.23640184435,3.06911029922998
2948.25564609656,-43.3196197808895,3.14412674588514
837.458974878743,-804.660676822782,3.01117838322264
1164.88844967617,-1809.63036056876,2.96375949474471
892.770377888127,-703.801567265303,3.09252901274152
1658.87281124185,-1990.70399968462,2.95137098104538
1302.05389124756,-2033.29233698032,2.98237931151501
626.806863480662,-1783.24694059661,2.94389560489847
1817.90433064475,-1051.18271167925,3.00995013391073
1620.17856446039,-1747.47467264796,3.02832356066772
1173.31207480573,-312.696471774404,3.14553990675158
1117.58533159688,-1709.06644494634,3.27123426317507
1156.32137769013,-1618.85379605415,3.16242947634088
1490.60297236231,-501.893514628332,2.92297940461776
172.741436633131,-2141.56684178211,3.3316403508808
2800.75247617349,-38.8606045891884,2.86212011097443
3140.4069232677,-1772.84082724287,3.38433483049536
3110.68261744004,-1874.20898838841,2.81203090076412
3425.61586215473,-318.864769957738,2.95791937651807
3891.91467050773,-1798.01623667874,3.01408156331527
1172.0232893111,-76.4651993267776,2.9860809357556
2409.26791860658,-1535.9346151217,3.08784480271426
2936.39826208116,-1648.91378218847,2.93965313413329
3830.43393101195,-1374.95466224179,3.35186778611491
2267.3882114533,-1397.18516618156,3.27703870706639
626.759951238832,-1935.81833173593,2.84883764944552
2092.27826195158,-640.956255327316,3.25618991908972
3324.82128748596,-1187.93290933862,2.88749975973509
487.291064646451,-1041.46545878168,2.96935480873026
2857.89705638659,-257.393398000642,3.07346890072334
665.116654429904,-2202.88437323106,3.12474027331907
3309.61885033203,-1510.19949002817,3.07266151920028
1316.74735730061,-1452.63841615267,2.58381537836258
946.986883906329,-347.726610916697,3.19056024094425
439.907149850219,-362.084838324954,3.14164987447049
4016.68959795945,-895.604517737021,2.89933236708504
1153.2300634112,-1674.06795046192,3.05137934073169
980.874456551639,-490.507326249107,2.98699051494787
3018.31326032576,-497.399654011573,3.04160621465188
2933.93895549974,-1054.37475147756,3.24893875382896
3824.73436819447,-238.742129898517,3.73436068008321
2877.12291309313,-2070.41172567348,3.2585062161947
4067.00877641978,-62.1822762770014,3.36240183405873
1869.85694378889,-341.167290141159,2.92409089161134
1912.62330226891,-1308.61801904732,3.14001289966674
1201.66608234669,-768.337591643237,3.05615277323099
3204.41968052925,-1892.89522694846,3.50022851290052
1404.60653992893,-2199.93583723152,3.01305350079887
1768.36757137533,-1036.88882026945,3.18749641560577
1803.82795960605,-1947.6486454241,3.10892534554491
216.4088917233,-875.714073742987,2.93532024812873
1826.4560630443,-644.789076543432,2.91178503232244
782.459641565766,-589.342313612427,2.99082755707256
3470.82534958015,-1255.92786280401,3.01869464514859
3615.94775437568,-1247.58446896241,3.22644689107052
1808.94830992076,-1374.4374054138,2.876140108206
1030.07978705355,-1913.0824178232,3.38158414421457
856.592539175501,-835.220937004884,3.24429134090709
690.374639382053,-402.950020785443,3.0466878034187
659.094298902225,-1478.48361344665,3.02638274264487
2347.72770817842,-1961.79115092418,3.01788880432923
3994.1771793692,-724.183546792132,2.97007010236466
2920.93347370383,-1941.98045451443,2.93311821701644
1240.10219443626,-1087.50948350713,3.09651063471015
591.558314460467,-1843.69540338186,3.0533879933616
441.939487124366,-1994.50969026981,2.81397996977986
3810.43476744925,-236.586087751084,2.99210373544341
1853.65267791734,-37.9107785087942,2.89628592299359
714.110623106648,-548.566164192758,3.28646760774823
902.886609761896,-750.60232617086,3.06638055441231
2233.65895111473,-551.901297736942,2.96828935483104
779.065427806479,-52.5413680025791,3.71044155005063
1844.54363994136,-58.1999083110735,3.07272096669606
1545.14375422886,-629.187082937139,3.00847337812952
2228.11198611842,-1234.58060277622,2.61792545182831
377.962644350361,-1064.9486233845,3.22433873542273
1568.70738516048,-1334.5919594018,3.05661102924072
1128.54053845203,-1811.41287961678,3.17000855680468
965.314772013478,-1206.90634271384,3.00488159737015
230.05669490907,-607.306075919022,3.05567648764592
1557.65158251988,-919.378525789387,2.93749291763491
2649.41155218382,-444.936718333468,3.0058579489799
1344.78951222159,-1601.21454902227,2.94163152301944
2502.74202599363,-1781.8406755706,3.07610046195649
3967.68536655829,-289.724496197501,3.35961778628704
749.34685513879,-976.299546246406,3.23768149425671
2105.11260850965,-811.503038826677,2.89547743152458
438.944055733765,-666.456057751629,3.07086515077914
1682.4818799208,-217.459821227995,3.12397575998155
1439.06072287621,-1871.06309636264,2.93814278309701
1384.6094415972,-1423.41617849973,2.91366094735013
3092.83715614966,-476.123868764846,3.10525858595483
2732.30981428744,-802.56750706079,3.19731740673401
2966.60043084146,-1404.53695616561,2.98424307691214
1466.26966682482,-1369.45287863696,2.7178576398151
1558.76380382078,-1221.65367951817,3.15722314505695
1756.61482035775,-50.6674092400572,3.1187917364056
4015.98640658242,-131.045175883955,2.82108966763426
3528.78918521786,-270.648529528111,3.03757661793885
3492.55404292939,-948.886022213391,2.99787198081557
1239.31509893174,-258.102176585618,3.0625337682545
2070.6892582158,-768.907850154524,3.0721167339259
1880.68460177975,-1046.5004559739,3.114722006112
3246.77985814702,-1786.32896246679,3.36218666163309
229.435472296795,-825.425015382908,3.19506923020533
710.190399324319,-386.322212825802,3.24019256194326
3149.44639820342,-826.04133837218,3.06384877921638
3696.14646766301,-2084.65067517875,2.91005445586372
1028.92199932672,-2047.24302035683,3.00426360395393
3388.48978960975,-1098.08189320298,2.95328696641531
2229.24421360518,-982.462034589694,3.23363073418217
1396.64195156194,-2163.59794420383,3.19380835151551
540.69045719723,-1352.55997125928,3.17080559890219
3709.50526038736,-471.763731681398,3.43963665918461
1558.56015224816,-1281.8015721193,3.06161908265624
1883.74968770117,-1794.99573103435,2.82873909396303
1216.82118067029,-1320.24212777055,3.13966782177584
187.767841448576,-2108.65568844281,2.713807493878
2919.05973809954,-1470.95444656225,3.23824878734318
2633.44703638051,-296.94474543772,2.97979371606407
2976.38729160123,-476.242359978692,3.20170600659453
393.69010280476,-1646.66452280623,3.20993188042533
744.376776467226,-1842.44534881392,3.22727442957844
2420.10061861773,-346.257790093441,2.91758178857096
3695.47308414084,-587.106238233928,3.15472929249223
507.702753560477,-1414.02521983322,3.1451983975654
1243.72156476883,-93.9187419795598,3.02892765571931
3093.2029982078,-1249.46227748744,3.17556685219399
4049.28105735902,-1369.87557643574,3.41938092555726
3183.58897016712,-1655.77630972569,3.12081545079292
3967.13917628,-1128.81484687193,3.1486162273443
464.729844475188,-720.143112447115,3.03308045654365
210.900790041622,-20.132262360979,3.23788763949892
2100.82276073678,-123.357598275194,2.84503725451967
3070.7317825127,-1765.93737332773,3.15705692532879
1314.98071296932,-1300.05962700319,3.36779941923976
3984.05800775226,-956.569076408153,3.21286508707171
1574.95382542371,-921.994767538969,2.94715488525258
2581.20252685751,-333.79433470407,3.44624177298064
3123.25205471419,-218.849659745974,3.10285836001489
1113.29319811855,-1569.14464145925,2.74434063722138
590.872264114499,-1738.6109475887,3.37811485423382
2783.75511995517,-1544.27395083024,3.19105726698539
3632.23657295102,-1966.88673633846,3.03691712628958
938.105316202375,-1768.46722519199,3.30517071721116
4005.6523993345,-265.421145587875,3.19680933619567
3935.07935820971,-1685.56806125337,3.39757751822831
360.834339695543,-1307.19985695069,3.28286839189504
3232.88018162875,-141.192903266036,2.99575305537854
3852.63963988805,-1604.20398143169,3.31603004251255
2061.93071140835,-581.200452939378,2.99081283247453
1085.65716770433,-822.742168824818,3.16349102746756
2157.46413541963,-1078.68318733264,3.19012906504608
1376.1878121063,-1230.88923543126,3.04979434220522
1406.3417709218,-490.755397420641,3.01382719539914
3145.99404599791,-1549.27586873668,2.99127203307849
807.65141633259,-2146.47624912828,3.14098532966622
2061.80607755723,-194.103991622743,2.92980126643874
1999.3771775331,-755.368983450907,3.39091521004037
3251.64011430117,-1877.5713553247,3.16859045620261
1386.63960881773,-737.522229883816,3.11694388512867
1312.0494403637,-1321.70300257409,3.31358636440114
1534.09189977191,-881.02547900563,3.02745589652454
1685.68749183063,-586.341611234056,3.07679129877223
2009.17846931568,-2122.22861313843,3.33655477368598
2937.90237802211,-511.88294005156,3.06208176280043
2846.14292116411,-1179.7596337826,3.43626575933739
2503.60311723559,-1550.70465894268,3.93506697183349
363.947617590821,-32.0178790214663,3.01982649894163
438.244301678283,-1106.51095274537,3.10162049659985
2322.63028558298,-818.082198309731,3.00471429985344
1629.38653678138,-783.054052372866,3.23115283349522
1464.4121965141,-693.803056738154,3.32186132686299
2952.12496121469,-486.994822753718,3.3936336627891
3353.73047441309,-1189.90986783161,3.54874472407538
1147.11123126185,-154.319312848881,3.30447951465023
1792.29376739605,-456.148122967526,2.91158039404688
2637.15377560604,-785.762971949593,3.51606944791205
1893.81260410636,-27.3982472442813,3.14816326673137
2244.85987569423,-1528.26859096031,3.20272988714903
3648.35893676802,-1872.52430230552,3.1063072750999
1010.25150248868,-2115.51452859787,3.16641845051851
943.204147921604,-1652.01220176468,3.32733816459277
86.5458465471537,-1365.86576800897,3.33950217995859
373.95746667815,-1524.80477812144,3.41592373601554
967.373089597444,-144.368102574134,2.91404361866325
1924.19513382265,-1134.73534772457,3.5464848450733
492.273019545971,-677.527155923536,3.27246707035845
2072.67282286572,-528.56894995932,3.30878844549118
1979.6229069003,-519.02601347677,3.37779728804401
3227.93363657818,-1370.672036677,3.34640701002876
3600.41177043888,-399.570606528623,3.52784011284077
2015.04796352921,-1495.46073289342,3.17978685362466
901.834942098958,-230.758344588465,3.06196887093806
3250.07414558513,-1898.62111465505,3.08829805652645
2744.48162121453,-1741.57126200156,3.22543266455208
955.640183147055,-1904.59386072548,3.37140850234966
875.5415583118,-147.283639361405,3.39512336028064
2981.01196693008,-404.455065407283,3.37066418438698
3104.71955366114,-2149.14858823847,3.44081973888108
3435.51755635199,-1757.34082428155,3.11028632254236
951.986537197705,-1231.9514906013,3.52442742361596
1737.27652308516,-957.693392477433,3.16491160352541
993.087196301458,-1834.36468367142,3.34501886459908
650.770743431011,-398.243724999308,3.28598922458715
1378.74186487958,-1961.74927661229,3.26583352279952
2725.10143021993,-1571.41607631315,3.32910104484403
3617.51954104232,-1717.82617844144,3.32615919913731
1589.84611852166,-1147.76742396077,3.38799852624275
2698.06875310796,-483.527535240947,3.36150013945368
3885.0676108593,-521.783357715487,3.55019689516074
3467.23935426132,-1380.76809696225,3.36853350959667
451.251664246003,-277.407351184528,3.50437146557222
3054.5070170037,-54.803183613328,3.58618405992833
2030.1773049437,-888.191719456273,3.46222268453689
1046.49038742092,-453.310291937854,3.38167531288511
2144.40244129881,-662.32508112264,3.44000609295085
1924.51131019674,-2155.90871508243,3.23061722737726
2698.25099250137,-267.213958740342,3.66555521007756
3201.44064572745,-1528.70510973977,3.2595545325408
649.257989504968,-1920.30918930258,3.30326624193641
1640.42569165421,-268.564479094653,4.06430863685888
3257.86424975817,-131.595822096989,3.28563601822585
3316.67008211292,-1610.47624439542,3.38181643773178
3837.85393118979,-1649.09205563807,3.41162304226447
3485.56772907652,-1834.02626265829,3.4518880041776
3749.0705150617,-1079.26544595767,3.19207292891179
2425.93635612126,-577.648406537841,3.66203977569342
2017.88186182157,-2049.61551086892,3.46048726822762
1125.19811329108,-547.034848005056,3.42668807448105
840.903961086508,-1020.24513942211,3.33443966675234
1882.3616656433,-1247.07558695828,3.37112661800246
3941.36703814492,-998.761653744857,3.55455464249333
2699.21453564202,-691.666601946043,3.8570870092672
1261.25850423941,-861.946707341847,3.41058005628342
2789.045196745,-525.924659663727,3.21396627456346
3616.503738732,-1770.75358023002,3.66420932713287
1943.02509984898,-1397.02732195829,3.17072771404541
1198.52805756513,-1169.83855684163,3.2514739314337
3644.5144639801,-1665.02445072932,3.2282142358359
316.0510921121,-1985.38331417404,3.64353614165992
3605.70786117444,-1417.98008265037,3.65500079576443
4049.90581440875,-1047.51041942962,3.79404137057508
3483.74175829518,-1465.27616330824,3.60660478551157
520.296134193991,-416.818916982821,3.83754014638505
2010.46700099395,-958.345121035865,3.34064899382042
3329.15726521746,-775.476062881642,3.8547015217765
233.899496020327,-533.758144717911,3.24305427952947
1430.96090715891,-1266.9678440664,3.58784515791462
2614.86822131189,-59.856151194697,3.5980297211927
3126.82110278942,-1401.6650658271,3.44581055459095
2908.65779940658,-1793.0158511539,3.86479584618615
1060.17197321939,-1671.42361273368,3.21076401148652
3172.75513881427,-1382.33208024561,3.450965344246
592.608228043221,-76.9921360203372,3.65262405145588
417.24305845774,-576.799897961622,3.45080144797482
1850.6956408854,-746.714519009915,3.397692626186
3742.18362181352,-397.510141687756,3.87879694560193
3688.63036455826,-1325.40520067486,3.55349275573952
1384.66057096274,-1148.46181636806,3.39045262407219
322.585178629275,-636.802354308592,3.37289510918331
3864.3529979274,-1425.55722892522,3.46134093292594
3248.15832259759,-1961.95177114272,3.57731603368385
1401.04027357122,-176.657890386221,3.42224268939547
2287.12650049572,-730.742788949023,3.83680356615106
3710.92656313513,-1980.55157754482,3.5629988441419
3601.20954618453,-1186.94550400609,3.6363081105829
2177.44636012152,-598.249168246209,3.63610113701575
1010.0954262047,-2207.30442060299,3.42983912331846
2720.24212159197,-642.103910438261,3.5775688186828
2229.82750652819,-1807.07461400307,3.56915234503319
3044.5796575451,-275.702945839992,3.33405688864769
2958.12053690311,-889.752498923544,3.52711371499569
3737.10126340203,-1798.47563262485,3.88785516857749
2973.05712524496,-917.206143171049,3.54783558323071
3757.0118708317,-1342.81805972348,3.47502549266498
2274.10384881741,-883.964619099737,3.58176409682673
1960.24570581609,-1998.44932671961,3.52269966932293
2246.93447293155,-205.276756668404,3.62382087998596
975.305470100129,-2176.05616848603,3.64666086560845
1557.84094776431,-322.014419708886,3.66575851084786
3298.20872038549,-1689.36320275442,3.42331373758147
2855.62418024719,-905.984351261992,3.7766252202072
2605.9473281501,-1871.07906087916,3.55398442790263
3022.4398210757,-1002.90094936622,3.79727556461681
3837.91429670241,-967.830992465802,3.61789532050013
2509.01715177147,-299.567614465648,3.37119743344708
2034.4033855286,-1555.46972061689,3.31392690798203
3897.99068805838,-1469.3577411386,3.84516816897451
2913.15898828853,-885.417204923473,3.3382084568875
2045.24615197377,-2096.33922951991,3.61073006127312
2004.34850125068,-649.244065411253,3.69440645424956
2240.60085734236,-1213.89410032256,4.03976478589959
170.58774570897,-1058.35607803962,3.54191988322767
1778.78466102302,-238.270102249362,3.61990911128774
2304.74415698042,-2052.29869824435,3.60006872155183
2392.58690001987,-369.1387091247,3.87098019618673
329.489221827548,-951.145407703311,3.96322961861542
1756.64802084704,-393.183570652759,3.69162491231509
997.217289648167,-416.125463603346,3.41545188801539
1802.8726514749,-1304.65124739495,3.93648533067441
2395.7752977066,-1420.61253472684,3.75346705387965
1525.32220430031,-965.246049772989,3.8747656943772
1629.15441058839,-1198.27132867694,3.1807096959638
3063.04067043547,-1360.22938557656,3.61990076649654
3134.41907970534,-1298.45862634519,3.80824946103169
1171.04845132922,-740.798387715809,3.8508960665387
2442.73907092641,-423.293470857115,3.44587090962844
3909.52925336966,-2194.28248455736,3.84112176056701
3341.75509801528,-743.124172930319,3.40994165740565
1657.00532754136,-1659.08080116288,3.68034238625983
2099.68720375782,-2095.14924389111,3.76904522845405
3225.35343534283,-189.172530371828,3.69125876608866
381.872127438063,-2056.78648494607,3.7909746958636
167.834474057854,-1998.84841570382,3.813123500568
3119.46803558317,-2076.54549279719,3.99718334771626
1928.23917154568,-717.815630952337,3.7023321285259
2094.33913488692,-1757.34653668925,3.98123047942396
1372.53449724327,-217.014398602012,3.7221683146487
890.331815578594,-882.674036994738,3.99368334173767
1766.03158231518,-351.459386076879,3.51840066233365
1996.11199492344,-1814.48207617881,3.9246985832087
2204.18908412934,-1296.38193282575,3.75764635544474
1806.28046381113,-1661.02312405262,3.96038690392973
2150.20675081132,-1474.46267962841,3.92879766956881
633.246665596447,-729.388245066912,3.91010865582783
2996.85700989346,-1860.82036315329,3.91719396896794
2021.52353549167,-685.121285590002,4.03262441501736
1193.63127680194,-917.040125109691,4.36950564355789
217.224372765819,-139.256205351721,3.75363922782077
977.879034405169,-675.533710703511,3.54146583479029
3972.16006252556,-1804.52545792889,4.10840023963543
1740.34382765678,-1675.41848101623,4.04933519546973
2909.14222278866,-2122.41966667691,4.2586395240686
3312.92977299556,-996.670375137171,3.88004391201557
273.3485533547,-235.707925879996,3.93276683396037
1929.96943972734,-346.219528372025,3.87966144692836
2152.57590758087,-916.151048334099,3.99177983603199
2493.27483040311,-467.009281676579,3.92369025262078
805.618714673155,-928.279491131825,3.8721235481796
1837.30122417231,-1884.44522092434,3.84312366923385
3998.42475140457,-836.078565461426,4.10260856409574
2616.26388081224,-1810.98608975849,3.9516455069175
2194.8928184379,-1370.90369488331,4.40135914077563
828.887288191264,-1781.04797733462,4.1230575099722
726.013174093937,-1911.26850775892,4.15772067378656
3625.15468389009,-1378.42289276444,4.25321278009069
1332.0992334463,-2006.55713788738,3.91050192503369
333.213887224667,-1424.17390174278,4.30096087464896
2013.46643487492,-429.872314221991,4.34414631409429
972.92108942404,-368.303348082678,4.27872279244758
1038.0530188796,-183.213282268447,4.38730406169997
2093.44242518785,-1921.29357122191,4.33783582525638
3525.54999223726,-550.862803554675,4.49268353469897
258.722726011475,-1015.42627334141,4.42837079471157
2285.19626267187,-1339.53424287293,4.6723282102659
3709.55241943245,-1187.37160505231,4.49103129180629
1749.77609055306,-1230.44710256102,4.52178583370834
2556.73111117506,-2105.9523670139,4.58480392483139
277.023358949972,-1203.0047206313,4.54768812736661
1248.63397623685,-439.873842246347,4.61922632418917
3683.84115609381,-964.442501348167,4.81390750169523
717.176411056563,-657.146713818633,4.49630729158685
921.241103952101,-1988.64198180209,5.06972298572336
1333.8960421757,-1693.53158588931,4.92002925903009
250.716537728636,-1333.04609021839,4.84562932765124
467.433752232187,-1945.19256554122,4.62212965358065
2905.00580709575,-1422.47985027823,4.88446202610944
2941.25726023641,-1610.44216549863,5.10820810180535
1173.45217162122,-1820.65632834953,4.97138189187435
1671.95461493115,-1506.2765167607,5.17039180729354
648.430545732011,-1442.37019183265,5.36357398883696
3329.39971639835,-575.881982125145,5.63174216370576
1722.54209315611,-1100.07307046081,2.84414217952231
1111.56404093016,-979.802368482703,2.8510335190153
2548.41008174779,-1866.91456115318,3.02602877455031
1019.97504691176,-1549.20656776975,2.84274123669898
531.463509546167,-1317.47786432624,2.82051700300013
1450.28893152734,-609.59045480596,2.89419201713707
852.783789793961,-1131.39469274661,2.83845289654739
2957.92953407193,-689.31132299415,3.3361925961923
1590.49610000128,-589.896166601259,3.28784750017099
2142.2592226971,-1094.67386367093,2.96558249946186
1258.13408399427,-567.151361752417,3.07642872487647
570.44620716331,-385.253183731032,3.20428293297468
109.855350363111,-331.823111894246,3.11076892388332
1763.54243401566,-553.09450822108,2.92094692443968
2355.0827419155,-1728.12946093309,3.19128032390403
1651.97239066364,-594.937053038341,3.06227732718065
121.352781995829,-46.0535320477611,3.69469390357045
121.464463739153,-445.687121902348,3.39885531821238
194.485544018104,-550.088785714676,3.50532425210412
361.030024328063,-483.499054424142,3.67504201552344
833.06993793692,-1227.95435586177,3.46057773452373
832.417686192789,-970.080942615176,3.53260087740695
937.502582387037,-826.638891331943,3.94040796423446
1485.35769102414,-868.799571978842,3.87709299777999
2124.08876520218,-506.532156122939,4.44712544742674
2212.97035805329,-397.726092131215,4.49806850736291
1881.67952034801,-1704.99250943644,2.94162862154285
896.890078885729,-733.899353597654,3.00762755889781
769.411251946838,-2098.22257187222,3.12861964169923
1852.03105739384,-1088.28492220424,3.00408241817218
854.029781224814,-1876.90393816199,2.78232096826191
573.754959221854,-643.58633556524,3.36997911603806
2650.68974586433,-1806.48097335406,2.98295029017342
1492.33984685611,-1178.57473053556,3.1093779341997
2101.08696193777,-2214.87187860961,3.23770447494155
3643.32025800427,-955.159788845808,2.99324558492231
2863.24870865132,-1915.38733333362,2.91558588664271
185.368011094797,-1479.61489328537,2.78814179970433
345.571293169665,-2183.75321494911,2.93384872719803
561.678452677563,-1815.6682114729,3.24247946433559
3658.03375803853,-1777.41640013283,3.06028461921555
3684.18572983567,-1181.32862194456,3.24418531259348
1221.90495854087,-359.37912713907,3.50977912106388
3374.69342791811,-531.571381457988,3.41497574832778
3252.80284787565,-2005.7016146191,3.36452723348647
2771.08665607768,-270.697856224245,3.44799979496985
2474.04510890529,-1716.51961358829,3.54685820226243
1049.75901347917,-1268.64614487579,3.18450957454915
2090.93483544283,-2014.06234006124,3.8778833891916
1967.96051961264,-2063.20289277519,3.89516779872902
3271.31325315799,-79.5282777531474,3.93488211002938
3818.08048841866,-193.758027615767,4.12112742629337
3833.63290706178,-1076.39296801276,3.37865895554701
1554.48997915026,-2111.5937207705,4.18121279585431
1676.14384886097,-345.471256842187,4.41645309514195
1713.9039655022,-2169.11687429975,5.02834045564377
3620.67490880459,-1869.71949409555,2.69781979605701
787.757080696204,-191.491606989263,3.33641027463126
610.341296616317,-1150.53036272652,2.84250096154352
2794.01357757053,-971.444151407502,3.08843899168544
3639.28558432599,-974.131776677536,2.98335456305352
636.912086590544,-666.46555437968,3.21089615249599
817.173177538174,-773.715734499453,3.60630735156541
2863.48686781229,-2151.88101508226,3.72312022679783
1135.9893582202,-529.917486431438,2.69357018776357
3077.71085818759,-585.120292041095,2.96649558680277
3280.20792871331,-950.58158956838,2.97699158680726
802.195940903717,-1213.09017707373,3.0206344118612
76.3114478044239,-1460.06853427354,2.91352403413796
1494.4297917691,-1904.57589755002,3.05961081868091
223.266838245624,-403.602922658605,2.95338927241712
885.13698521327,-1864.27051384812,3.19320208794398
3661.8090098785,-1272.31386484688,3.02443798021123
3105.77556767225,-771.561029862081,3.33956198082474
754.05865162205,-1243.65804196432,2.94495779515634
1428.88363320275,-1001.00288420612,3.20236516520039
529.330296840422,-1398.56408715071,3.16599590239576
579.942748172717,-1315.70181877445,2.93505452948547
1890.3110805216,-1570.72902110773,3.32910521789908
344.436324721734,-281.573399927626,2.66761056442222
3833.90351276285,-2128.34996205863,2.88367462715835
740.586852115689,-1458.13274825477,2.96077371854491
388.102702543283,-1367.29088047815,3.24058907574505
2316.72825454158,-467.277608312286,3.04935395374327
748.29537910163,-837.032050975091,3.05250681946886
1732.99345576157,-1834.87413488351,3.08322961554838
1883.27446445549,-808.92848437104,2.75695137831422
3860.90611712414,-77.9545766834885,3.21062834797613
2666.497835982,-1723.416147217,2.65548846626224
3100.06511991153,-262.941679741198,2.74588116826747
1212.78687359035,-1059.64612797781,3.16947352809249
726.613404584197,-1941.8703966831,3.11801010257611
3703.85355773882,-751.74116435298,3.05193404285054
1745.32709857821,-187.334699253813,3.02376350685732
1129.43927136869,-1158.70483711338,2.73495426651355
4008.41485298731,-1098.49311926553,3.2362866626198
2435.63982009397,-837.585400234101,2.69973623332217
1128.93102286119,-354.012559618056,3.4008630516167
1487.77868437124,-2195.72961911578,3.1319400689676
2981.69840756659,-1989.05637459625,2.89132965423873
526.99810632715,-1334.96471999408,2.78307994084112
1857.28111065591,-1238.43194876013,3.20513656208018
831.618396978662,-1760.33230985076,2.89928692039933
2342.55794762916,-1315.95163918752,2.87008903735299
1808.73824439303,-1710.21313511109,3.43043559498874
3556.52689177137,-695.956365898914,3.10855409672481
1883.6507974822,-1478.28373020545,3.07692341756732
3342.90438523029,-2051.73026291051,3.01109952852151
2014.86601266015,-1857.31762346794,2.70822217397973
1893.02676063975,-958.567785329222,2.72014188179511
1955.73120985893,-966.809913714807,3.10347913165305
2984.72157002623,-1673.98059629406,3.16819480788813
240.509390617116,-2213.23291584394,3.10235810829825
79.9757245941919,-1031.08166089564,3.16674168375275
1829.61920648104,-74.369554574778,3.18999394767505
2584.38136238722,-2101.23071680624,3.37755035106821
1738.15693638513,-465.808475814162,3.13986022728418
3852.37922568154,-910.261751584152,3.13301826952418
3496.61733960006,-1799.41302148756,3.17299173636404
2291.34547123653,-1657.70800027512,2.96035787366458
3051.7690288032,-1654.12616038747,3.07142426812725
1140.97909566609,-1349.36147364898,3.12247050854354
264.923784363935,-1105.83858340817,3.03685992860522
75.816872715015,-719.419909755459,2.95739194682885
544.883883438893,-1767.76183809953,3.35391577372228
1817.51327050466,-246.084888826953,3.58671964239401
1329.40786969634,-1633.48887023558,3.905084520945
2393.02518367509,-125.443027946209,3.72069955471117
3641.90197979671,-325.839423992757,3.65238231367716
1487.62631751822,-1730.89634829192,4.1792753199249
1430.2595315647,-2173.01001127749,5.3811521410606
3982.38090113127,-1589.73134322576,3.00988442900527
4063.17360668538,-2196.65717779641,2.90642447882136
3686.41556467255,-1787.50368517097,2.95641075046457
863.608814423426,-1562.52277404005,3.22662008373782
2866.7367388314,-976.71033382732,2.99726316170767
1314.16077662681,-1587.95180384145,2.9462222581898
3989.55267213448,-1311.23511709575,2.90342269375266
3792.78855118647,-1269.42040080668,3.21863320071817
1530.57098745161,-1042.07652991289,2.97888325653334
861.246041921873,-1659.50643814712,2.99116114334419
2051.5304651461,-1198.54029658383,2.95436655208438
498.145750168224,-1208.36288767814,2.9034023329959
2188.03931786731,-978.757438403954,2.83695234618219
4059.5536893578,-1548.50443127665,3.11491751352752
1615.40630376315,-566.943831852341,2.74666033969658
1308.33247359985,-1402.83242836802,2.76311390624453
3595.91577756992,-1304.08389740105,3.13832308923195
99.2686178375868,-972.417229908446,3.26520780465717
2286.96855772831,-1414.08856922158,2.95738776485656
3981.48987307785,-27.1359445064496,2.8332194856207
2981.78009418202,-1834.0620011273,2.69622675893678
2040.99533288343,-1283.21411676183,3.07041112122506
1008.54628477138,-897.94498450726,3.13647193358654
868.640691052971,-899.180390387737,3.16266466805808
1609.44782159174,-832.202946597751,3.42982566457279
2185.07013484868,-1586.79172261919,2.92216916623284
2419.76941720769,-198.565188089022,3.18087642598622
534.437264231627,-629.79756898017,2.90145539245908
2076.61468692348,-1143.18534003469,2.7959709205646
3360.13261575485,-423.196550836575,3.02781350892217
2754.63015343676,-1808.98067282143,3.17066390345032
2972.92284598439,-1036.76579020721,3.02877068464858
3837.45352073559,-22.1359372910106,2.97835729890579
3449.37425665122,-1050.95787943238,3.31473871394759
2581.40235163331,-1793.65633387931,3.35621440224311
3867.92384022161,-1614.24407585123,3.22233401680909
551.075837164375,-1664.13968640543,3.11053545969708
4020.21537020973,-865.059835728394,2.66759724388826
3111.20934088232,-1575.10401386493,3.55797817341024
1022.98044183969,-742.325112713468,3.16255305462755
3243.49411813075,-118.019231985082,3.21272833675817
1336.74557688264,-682.761905252938,3.07402725521749
3435.57998767506,-1685.17389396376,3.39346486713577
3000.99593911758,-1842.96884966996,3.04219152649549
3785.03327399343,-2066.07679859498,3.26125243391556
2995.12079985533,-1605.5436840043,3.59043521297834
641.887197021254,-793.348312187404,2.80395146642116
630.605938471432,-1355.32928842799,3.06592984204691
1671.56957863144,-790.84748593234,3.09596084767073
3004.42627807512,-922.185755617072,3.19563398924105
1078.61891579182,-1132.55395388035,2.72400481264655
3617.17623292164,-35.075617159416,3.17609352898802
395.887308481304,-1282.22164883306,3.01896833141471
278.829220526293,-455.067781856138,2.89531105067411
599.089875197367,-641.190766794388,2.88834694801777
3282.74106408101,-2054.93816237035,2.92820340736189
3158.54573006265,-889.499139328585,3.20634015800029
2890.93169525659,-50.7393950274169,3.11366404924897
2754.62903723962,-1898.93130457762,2.95692188464189
2253.4918431003,-1600.80109252981,2.98026015855504
3750.58209407186,-10.0842448502523,3.15183649495523
534.987854151592,-430.692109389061,2.9512973420945
3778.01048949076,-1046.57581282918,3.20928356727085
395.45849459121,-1706.18754950517,3.19711541655153
2016.51178845372,-1220.27265780551,3.81599594264221
3339.10466100064,-1134.44715937353,3.65987746255687
1197.97989516167,-1602.88788917052,3.66398048680707
3212.97772810064,-848.83598283973,4.0688695633523
389.601788564027,-383.566174112636,3.89429524661132
1102.12098458778,-1621.42952988488,3.88395012028021
1205.50040134618,-1705.93968326681,4.23362337562554
1121.22362586576,-1152.29696413581,4.09183889578086
1893.33383558271,-1482.45609211678,3.94754558737201
3656.94624723423,-1053.56847461455,4.20499178844445
1363.71728676587,-1691.67823843696,4.30497217721938
1820.37138212097,-1585.83970300677,4.39636650996282
2298.26544620779,-1156.20410726556,4.38639361687439
1323.46130979505,-957.263336490484,4.76210213417908
1399.11073973535,-894.491925658755,4.65631819460003
3992.74440987611,-1251.08452727189,5.16047549146347
NA,NA,NA
3719.02356764418,-435.752365646521,2.94190912142888
660.820904612632,-1363.25164683919,3.09270613632404
3722.19175374555,-1157.47460070221,2.86535124456641
817.743158320964,-1226.09630649634,2.90464186755803
975.235626168054,-674.818218181199,3.05208318930364
2460.82576307016,-2059.66328833862,2.79715816354063
1161.30221568508,-1719.21103753159,2.84792493265237
1978.24716617663,-797.03879906326,2.90677414812338
4028.57666028548,-1084.65516484568,2.90223230544386
1194.54033986231,-498.300718840189,2.93962393965211
2595.10848922998,-1860.06710946709,3.02299720610942
760.05132361016,-597.746857392782,2.99611832844328
1609.90625617693,-1401.07844102597,3.00501805543204
4001.02381341625,-1044.63554342593,2.98913897532691
2420.26887444464,-2015.59520771921,2.82570268242053
3488.86412245614,-730.357801623432,2.7347027173246
3983.83928885707,-867.928435330834,2.97198134998687
222.112944048885,-1372.57987841451,2.90272700982803
1079.62743747233,-15.9684529028399,2.99431936704919
1249.97164984023,-1074.13864023511,2.98119996439822
2570.30012731733,-21.5313568936617,3.01667662742199
1977.59501372245,-874.432425027882,2.95033570788908
2576.37910903941,-821.614117482341,3.08698237887603
282.326908579082,-1895.36985857576,3.03232310806251
1573.65680311997,-789.127262098085,3.01147495847515
1276.36165760582,-396.737971290442,2.82745799155229
1203.81996677087,-1375.53028340339,2.91732981976066
2810.79946760479,-64.1874676526014,3.15077119769405
1792.12023338341,-323.823866904633,3.02722712133041
3489.35721957394,-1729.65302402795,3.06852691200062
1309.82235727886,-1635.55075949251,3.01191818958001
3426.76560126289,-2117.82858066522,2.93762882103533
2833.856813782,-960.128935459573,2.95393151182682
3393.30751906627,-1575.14959662231,3.12968532512725
3808.51208327745,-1755.79162491474,2.90811856861686
3478.71377569948,-1451.20295570754,2.95398071313139
3508.09089876739,-1918.47531335363,2.96644586923863
2837.61364263774,-1009.32221990405,3.01356521810286
3118.06123334001,-1684.35721290801,2.98178339515049
2039.30238430454,-1470.87280265988,2.97960738711658
2550.15990468795,-53.973654803765,3.07322835756921
3126.55008963023,-163.099510096201,2.94072907874422
1766.47728829453,-1952.46237333639,2.95474529385711
3188.65424729778,-1912.81833655801,2.83216848516595
1364.14784615481,-1619.95655749955,2.9737227083715
1080.01014040632,-548.856322822781,2.99441193820374
3273.16263355196,-18.8947080455468,3.0160832398309
3369.83676561961,-1215.53735227177,2.91510180430671
1851.2525478428,-338.891972214335,3.49776842588234
1048.18160752032,-2164.44388781804,3.01804434047984
1045.7203097989,-481.709659831031,3.06068021196779
1215.63319074812,-1892.08065899346,2.86774877617861
3439.81005326594,-1252.73344934413,2.9994270694288
324.369998026611,-1908.76524951514,3.09988828755986
2994.3044252263,-1630.90721942671,2.99563918056738
4028.43636355034,-1793.7590075174,3.00926217036065
2493.58139461048,-694.516584990507,3.04633717298997
2629.20128377325,-1572.76229248819,2.97496421670768
2056.65378919867,-161.736048853231,3.22845514358641
1234.58636829131,-1693.57007077548,3.00642990637527
2758.58831440583,-135.586051546935,3.05489355312833
1720.03327420932,-1964.55234312021,3.01641661404019
2552.94194591155,-1414.30243176224,3.08102167333335
2214.22330371065,-399.572703376887,3.03221455310371
1034.75617298322,-1266.66593104994,2.94601275861802
3488.39953153805,-1312.88326687352,2.82547350920788
3224.31618667096,-1405.29457451145,3.0590662240118
2716.09482462278,-1450.39137135247,3.09728103364116
1672.106406824,-1368.15448180495,2.91647004148973
3888.19787656053,-1844.0053376736,2.87860066623896
2615.58041467178,-157.228137077995,2.97011797282639
309.200333754998,-2043.66862500238,3.1254406580147
3793.19717615936,-908.761879689286,2.9061791103955
1355.94380147182,-1464.99509027515,3.02084696190585
1267.03971005995,-1628.58033400771,2.99301626373689
579.584453346817,-442.625078440149,3.04643431717286
3395.09355422693,-1697.21766647704,2.84601624923199
1745.00853297761,-1805.90241895763,2.95042495477225
2867.40628710723,-1593.54840595965,3.07128323725492
339.887720392053,-977.291549314238,3.02504166552474
3350.15975266879,-907.974776935544,2.97785151142099
3253.69540414719,-312.054681833239,2.91528713429325
2259.84359323563,-473.881539071232,3.12131157636622
2465.61228467599,-782.356937252406,2.98515713554514
803.753757464186,-310.922236576499,2.97995288024141
1211.18181601529,-630.718175526986,2.86552766574112
1887.08142055731,-2110.69769208243,2.91675697170911
100.45099066097,-810.063204293572,3.00569183025802
1935.22555994686,-90.4184202404283,3.03126515781369
1611.96656547185,-184.330689207273,2.99308424103687
3369.40588124859,-583.735920977416,3.06182418119351
1153.40285876519,-621.034190532667,3.06376066212426
3287.09747042591,-1507.7142028069,3.06623531669128
280.948090357936,-750.941464872125,3.0209233940844
797.459122006309,-409.424680582469,3.13418916940009
1489.71086725418,-1956.55704204487,2.87718564307587
822.03517087126,-2205.11787548373,2.98635638093316
1759.04627203575,-728.262098672217,3.07846792361315
3599.43475170251,-1732.31818478038,3.14155046499043
625.773347825958,-57.5046911005027,3.0023052538539
843.784134572042,-1971.14457418965,3.02107708232685
1903.54269262271,-105.170707980195,2.59093003369443
2328.13242902527,-298.488426070153,2.95818665973155
809.02430997584,-1445.98081896166,3.03377963132681
3215.26284080218,-2125.45375602527,3.11669967824895
392.977745085735,-2099.93939138467,3.09167645321402
2565.45922500218,-2205.98193095938,2.9633024961172
4008.36871470993,-524.772024992593,3.00532352696638
331.428465329992,-139.794001909207,2.96177796699838
1735.70423253395,-1543.07941325834,3.07440535601817
1484.31090730185,-429.64794063442,3.13962577605552
2166.62520054477,-449.68398497047,3.04705205740225
2389.14855551777,-1034.96577933125,2.89269443007832
192.524188606606,-958.59433989586,2.95405525613042
3639.27055561307,-360.52345306223,2.93246098165026
3978.81621755611,-1854.37642083885,3.02183365585592
2154.8760331644,-2085.81472405734,2.95623412440408
1530.33981683715,-1135.50667005487,3.06340771298757
414.837865125906,-1513.58211956911,3.19574836009253
4013.42514992061,-1696.60499164629,3.07814915956456
1860.51177710273,-1426.67828719996,2.92874685123872
1662.50618583551,-579.150033932715,3.08501773937406
431.44477661584,-1479.6860193941,3.0332347717472
2063.55855897484,-126.589191022607,3.03880020181538
2889.26304336551,-1307.5038294354,2.85335291597649
808.895994607103,-149.493644888115,2.97016055624395
2162.13435580237,-542.50306712143,3.01473425301813
2676.43026884961,-494.426341578381,3.18421604953823
1457.54576256116,-1322.44904869879,3.0225786939056
3053.10869007689,-932.16454759722,3.13989719586556
3841.44293833786,-1315.00292222721,3.05705166511262
3388.80485547119,-70.9711644055227,3.04243850392204
2566.66131643304,-606.166428274407,3.06256511511196
2402.63700067298,-409.771843305127,2.95460861324784
2215.88807296084,-1340.09837294094,3.00746064421848
2637.94599488715,-40.2038855776353,3.0249688640185
964.086229907935,-1059.20232048925,3.08250944080917
3662.92123360573,-2194.97065090974,3.09778768693622
77.1945501953579,-349.26800354301,2.9949826539633
2904.24468987967,-490.396259017957,3.12289689446851
3418.51111140497,-241.525472506713,3.10990401776095
3229.2308610107,-1094.82545679658,3.08919639635564
1505.94713008524,-1414.54186693458,2.97441787362373
3196.94012584406,-1592.01613932937,3.06148883081013
743.804712582496,-1968.75701166094,3.06496778378626
1709.51456545883,-1625.15362909024,3.07223950251729
1292.08143837031,-991.446726879091,3.01198566828595
1915.65872302277,-650.722283263808,3.00600856855976
1273.61490414962,-1801.17677641361,3.05834642642654
3063.10551563397,-700.933323968331,3.01351202666489
2494.27892557449,-448.784007025073,3.05943396698544
1390.34664379341,-680.067332415703,3.05455491057957
1280.53122602224,-359.233179867667,3.13913727290185
1724.68897663841,-1805.94529487578,2.98633316004315
984.389248627813,-1751.27818947336,3.17430571036636
265.27501513334,-760.475957350772,3.09044590832216
1016.06273200563,-453.079514809445,3.02746127347943
3479.45724255114,-596.272422701142,3.05641545970868
3884.41722280023,-1490.18160040347,2.94697433042815
3915.71564214353,-259.992862381917,3.14004876569028
1054.93315194311,-33.4776715252074,2.94066536244242
1433.82511119446,-1928.3348201827,2.97855852800307
1838.81229240906,-2067.67532767516,2.9861013208544
3394.23490220756,-2207.44624566754,2.92464979444139
2869.49010932965,-1638.57124489404,3.09946197424983
1810.22662452955,-85.9527025081208,3.04598470887097
600.52254549211,-268.857714494461,3.02851695316993
3198.13685874141,-1546.04297481818,3.10344098043774
480.675933215316,-355.956269142324,3.03479348568805
2986.69480814662,-1296.29238606681,2.9546542939301
2290.75846529997,-165.598694204303,2.97552999694264
3596.39220616544,-339.218061900568,3.03150151590019
1364.85920343838,-1700.5598574344,2.97963514795421
2187.00603900474,-1573.85004623549,3.04726988628058
682.495875419125,-939.912413296106,2.95564279028785
1726.04756296226,-1726.32227300921,2.94021325526115
679.168793841142,-1551.95424242717,3.08107720638166
3903.03770385645,-875.76586093525,3.21338927484457
1974.18974649902,-1488.19256861304,3.04747303749297
2652.3784415696,-2144.84191077102,3.02808035053594
1568.84628682215,-1720.92343047352,3.11554557756823
3251.53032622743,-181.649225812352,3.13810418801716
3873.06037789342,-1069.93067540386,2.97669458522267
1429.29341209225,-2181.34444394318,3.16203278519106
2888.28677985092,-165.22421975018,2.9177330685095
2462.81484742359,-878.888904246997,3.12036092500665
716.848908529266,-1823.45574417331,3.12861006285084
3333.60109274943,-617.610145471693,3.0946835442955
3047.83933550264,-1327.48831913275,3.08536424034812
775.987449033991,-2034.49024514226,3.12113193313262
3302.33717653306,-1088.86536477455,3.02191581514989
761.93297447291,-487.276376382285,3.03471167057831
3557.6269645861,-1873.8831570255,3.03727333102975
3543.70840883044,-452.139230333103,3.10376965487352
3290.65327390843,-1033.74523917793,3.05831596076714
576.202760548322,-1934.82948065164,3.11145408424777
2571.14904055409,-242.103970535147,3.16517464537394
1771.25828149625,-1886.61081733071,3.22729757999271
1649.67949440179,-962.367029837255,3.03456427182727
2429.7805345009,-1955.12103602192,2.98048287451556
3254.07509139277,-1294.7600708802,3.11130747503379
82.4708101972447,-404.501858227182,3.02130341986822
1764.60217453724,-1491.9319292865,3.09528281497182
1828.6386123498,-192.821583931003,3.15034384401884
1835.09376429659,-1842.82799831517,3.06370738649946
3597.72306701823,-898.257637354064,3.06369588209406
4017.31197658165,-638.347517977944,3.07968095727692
1025.24495849582,-514.943173728132,3.16722126246574
2621.05024964143,-2208.66868645016,3.09559966009802
2604.82424607154,-221.003824968483,3.07762226409365
1510.1307419689,-1772.48014259458,3.05531998908176
3040.56361013392,-1856.52302127597,2.97952695306375
1996.82890644026,-524.015960845552,2.95252188216585
2499.43408912669,-875.179113015036,3.260688247677
3123.35833965895,-743.135241790944,3.16065717152881
1465.3467005466,-843.890368378535,3.16692217253874
1175.39364685783,-1379.19456214206,3.03954046491845
1483.87098733185,-1463.34896838533,3.17763960054294
262.761108299192,-409.219782084774,3.16698905370534
1705.30086356884,-668.283084276865,3.2072006597906
565.731961495984,-1475.58340906662,3.18321864513362
770.995422334337,-900.354112869323,3.24342127592044
107.926833683645,-1437.13368663837,3.12092103512396
2951.46475904215,-153.636738725678,3.1773652317132
1992.53872222564,-1870.19688771422,3.10946164139276
1902.65984696986,-235.468122845086,3.05740031333542
699.330643163648,-743.253420033899,3.19355342237629
2662.86767052612,-937.234395379,3.16484562281965
3321.11847766231,-530.968363302083,3.10433654375559
1348.42653723169,-899.889132703495,3.08250378450732
2479.68972724445,-640.366253939814,3.02650970435243
2570.4148369812,-1625.23306816651,3.08357909973188
2365.41166854942,-1729.41560874332,3.1058159178232
1394.07379863181,-1608.21550440567,3.18372865548715
1274.03174045073,-328.407096135091,3.14761919697849
439.038018054516,-1572.5312927929,3.18450947497165
2268.56740277983,-1644.57689584532,3.13620849307169
2393.61757317577,-875.172135192024,3.1065026421862
3689.48488115849,-1732.78741958362,3.31979331397376
1426.71660413409,-2045.82507458745,3.09903710851029
3237.72634537792,-2020.04894463449,2.94723927806723
1223.91041453645,-1027.29064785436,3.19969658889579
2167.09261552915,-925.013463139835,3.14049379319794
651.491057060752,-1216.68808372205,3.15976023380095
2463.85494697073,-369.305552405811,3.17534108545923
1926.62716780521,-1559.40246191061,3.03375259368775
821.640907245829,-2005.9321255526,3.15807948188799
2677.64884639223,-1664.11320581741,3.13432023769757
2939.58147077764,-912.218218184004,2.99856196983197
2736.18745074455,-1711.24870857824,3.14173615240856
1926.36757263037,-1331.84999830578,3.19758935223201
2465.53879609448,-178.184153903902,3.0227659732816
2206.05362119046,-453.801957672634,3.07483941008746
4036.34100771529,-1761.76576554556,3.13390533465391
2498.17087133631,-852.734608421352,3.12627866485332
262.479290279403,-809.935293165257,3.18297642132887
2566.58825884573,-915.531582635804,3.27210034507082
2678.23091026169,-672.570260318704,3.14288693200811
252.180712056448,-1470.9419012621,3.23923834108055
3776.75246585291,-653.561990720817,3.03971419913515
1608.1845242689,-299.966455256518,3.18423461939443
1618.30806647177,-2141.21289953646,3.10021516052587
1607.49018777533,-2215.99268572874,3.06669776848818
1488.66977957854,-378.415683382185,3.05162917392992
1761.64735631219,-282.953972373122,3.17477409475442
867.324748788472,-1326.26389469401,3.21668609401596
1825.40999002491,-41.2047547302615,3.10589572084485
1453.82796128111,-1237.11494145733,3.31728064650043
480.746406126259,-1838.53999678596,3.27241595454951
3668.31113197016,-2018.94873226538,3.00125587189406
400.320457642707,-1196.13667205113,3.2579762900056
3488.36052049467,-1341.64763023451,3.13549342734858
3790.56658720925,-489.133555409856,3.28110730157596
968.5635960686,-1431.55847094711,3.18264053843514
3370.16813164436,-296.275660615864,3.24324593669611
3755.69255323577,-1692.8395510005,3.23900124267421
3189.90782819877,-68.3421779419459,3.33146613047691
2251.54390100893,-788.492375218317,3.08635736003869
1400.57144438462,-713.337747872293,3.25238121792192
3652.98675619416,-175.715713863674,3.13888829143355
3572.99510581798,-1362.09912445023,3.2102224284938
1974.86817335242,-946.105988929434,3.20525413185536
3986.75480739515,-1137.54243137143,3.13027316319448
3103.10343023871,-921.925438663342,3.16504487141004
983.428329947471,-994.507603957298,3.24188967224883
773.651103743667,-1336.70532518448,3.08772026154106
1276.94946842068,-1103.38860341763,3.12457091233967
3028.51164399941,-1543.41412334918,3.10723389386772
2564.13433443823,-506.740097183156,3.15969547892149
1859.20269123226,-1956.31296538134,3.05334635426861
2193.80938431502,-796.314338351244,3.27872372447713
674.229011890068,-45.5058912197336,3.20977934370516
3956.35467961077,-915.824510575113,3.20891277368778
3833.34666781043,-463.547080829589,3.28477971993704
2999.98364230466,-661.812081163025,3.14992752201789
4060.44817744788,-624.378302276619,3.1021605776329
1977.33573600798,-12.8039334810322,3.17932212677131
3664.33558436981,-311.374361321741,3.11146964525048
2786.51737486158,-206.713380999205,3.21093877989397
2768.47766252979,-1873.60839891342,3.21265660712115
3932.25908355621,-2000.58583062729,3.10528641306941
1341.24868371314,-2011.30220068574,3.27299644095434
1088.83491384717,-367.586224215987,3.29319568894638
345.908676556209,-594.500375056786,3.1212951176917
1913.80941572344,-1798.4689476982,3.1855506781815
933.143596994617,-770.457839299862,3.29818712467944
2744.5084252568,-1453.83930261471,3.29258004179608
2737.60111297637,-339.556129631635,3.0730230937764
2087.87887809874,-1577.15666929487,3.18310666270815
4044.51385846761,-640.922779329029,3.07603755651853
3714.92292851474,-1740.59662503172,3.20726754516975
2186.30399584943,-1670.47538395796,3.07208304611555
470.75797617233,-1400.6416965456,3.2399261854322
1088.5141679588,-2056.34461217838,3.16601904413364
3372.47207871079,-94.3923309375572,3.18588550073203
3468.54294293206,-1346.81129901614,3.20779079668425
3425.77671318654,-2175.22881446598,3.22074765979792
2743.87557878966,-596.94595993946,3.2863305533054
1698.75566152166,-1330.48280381522,3.20284658820796
3161.14075877684,-1934.94173501613,3.36769855506673
3383.34491625504,-466.565307520271,3.28105357434642
150.046273192682,-99.9541381202251,3.17808506011785
2612.82897950767,-1979.47258405633,3.30419694887675
877.064785788574,-2086.57301238791,3.17164976899035
1165.78716890039,-896.391730036204,3.30402395492296
3481.20381151966,-893.807033054454,3.01280384467176
3194.42298591642,-829.388543084581,3.27860651615172
1100.59053301651,-1326.72399089864,3.23883982201271
3328.8412120103,-1837.75845952341,3.32507967775151
1961.23643603101,-50.6426145289983,3.08341507072625
2905.3783971895,-747.369554231686,3.09455270708882
314.096375798673,-1533.71329733573,3.25670162522823
1781.03655024064,-489.598268316455,3.25688369904791
1492.69677719489,-1788.02945560978,3.27077031600657
3947.63944031813,-848.510926840046,3.22031032172544
3807.46226174974,-9.65208494295055,3.15071562615175
3622.63775173732,-1563.74784243,3.30978888544099
2441.26961802269,-2140.91197687448,3.34797791739943
2028.14314504755,-349.990965625408,3.27185467691367
3010.08327274522,-173.271648911027,3.25063798725595
320.237878736207,-101.14879290553,3.27781459339654
544.404664099601,-1278.29652153193,3.36800981638648
998.490287337763,-1698.78310159424,3.26340816726454
2804.85727327591,-811.447754653544,3.16430141221562
2700.79736156358,-190.912217700799,3.4161000977816
868.851479959884,-293.396516716185,3.29864259989014
1454.02193276409,-1745.88455734346,3.29897157046111
3085.34563865605,-1858.87478051395,3.20909524477805
3550.817595218,-1159.8826820818,3.30273322237644
2532.64177455783,-184.56982490085,3.153178371273
4051.51484141286,-1621.7243208128,3.1727584219021
826.093407053516,-1918.57678156399,3.33682002669105
2639.1120697642,-898.865011834004,3.19077448265661
1039.00917776601,-1499.24699331205,3.35347617443763
863.97425581573,-261.131054501044,3.13046852996353
3686.71124532164,-2010.94936597905,3.28205082332642
3967.99717652182,-621.988949931341,3.33497631035146
3028.2265129363,-1842.22536178813,3.20571046691725
2794.81635304317,-2118.82776133003,3.3419280141499
3222.11957602567,-1829.11697998569,3.30012181700993
1075.14814404938,-1291.82440185439,3.42401302111189
1881.07185520478,-36.8833928690348,3.2322620332801
2512.30902693057,-1.56178761115837,3.29630143372174
1509.16731520359,-901.52126914049,3.39602128229729
303.067667528168,-1948.48851814523,3.33974690748127
2336.69702877639,-68.6484504052737,3.32004910348299
893.109438595696,-1983.18942623643,3.21656602671962
3430.3645392393,-987.102309243082,3.17609419658022
2185.38660892583,-2048.25644555331,3.2652855044774
3697.77093422206,-1883.51491632771,3.34635005592903
1478.19693768825,-1970.75269543268,3.21905152772894
2491.20234597328,-1483.34544197271,3.31080553537402
1988.71172308204,-1508.56594093038,3.34851009285978
877.185482574556,-1146.93680285052,3.43514341867836
3555.51481837322,-1343.48909019932,3.43680331198498
1091.07673528955,-1514.80404986085,3.32257819199641
2926.27986393013,-305.765596792912,3.33450782818456
131.50097384962,-391.518447398451,3.32571624759381
2398.81115967658,-282.023683083888,3.2889369659634
2178.92818061073,-1421.23590333028,3.24235952353402
110.207250435375,-1503.80875582712,3.37025170903107
3791.25339497641,-1026.68595798073,3.3043249009573
3953.62510846618,-880.926044029586,3.3563289948197
3300.79754485718,-913.230128143325,3.43759894133206
2348.92677834239,-714.231243181411,3.14941255331765
2360.504282405,-1863.43074871119,3.17948779203979
2142.91732653775,-630.453339337505,3.2819496434641
76.5373759157095,-490.049080027162,3.33922735288044
3575.56773369724,-1191.98036010536,3.36850306251653
1902.19324421678,-63.2825743148555,3.30370519571231
3618.39143462416,-1513.47722413986,3.27915231039287
2054.62438309812,-352.577233409442,3.2805702395027
1354.3932439159,-1319.60551893631,3.36139798068732
2326.87529714251,-1811.24716383511,3.37127375837119
434.072473691662,-1368.27342648866,3.38108764286845
1475.25799846876,-901.235141866951,3.23131421787851
1134.86699812689,-1225.86516119805,3.37312071233889
3162.4223828554,-1767.15750885064,3.44302871399822
3184.25438814131,-1870.25865956112,3.19949992047655
1044.0301216237,-709.835776149696,3.39025693110422
3190.85565933529,-1434.05105581808,3.37951764835541
2216.87103403357,-1684.56803821298,3.354118597092
172.896046984862,-770.775852071039,3.39553956174348
2743.50076054744,-1639.72264226935,3.4090956672558
3259.5513349326,-69.1169642930961,3.32913524494476
1165.53495131885,-1144.46882707597,3.42602385961583
2928.23006496562,-745.884698313253,3.30570961912271
3240.46163091302,-798.648421226651,3.29980472720993
263.725573580147,-1353.81470620311,3.49574233154675
1777.24575375836,-2101.04745129341,3.16207573958673
2114.85906502693,-1136.3064449055,3.40128019694852
1987.55040085567,-1651.09404423903,3.40749675677809
3932.71254003278,-1448.64723408952,3.31335848524094
3911.1606611946,-1266.22829609431,3.39367308808934
1687.35869079881,-773.208849956446,3.37354316098293
3031.24080088315,-188.784159434713,3.21905154502528
2166.00191624424,-1103.537347194,3.35725967848311
2627.01644207847,-1620.77619092747,3.33690586109141
1990.64544076904,-2177.66289086848,3.40630719845198
434.048868626636,-1738.42705884587,3.41363371165547
744.020027239412,-1887.08548359521,3.34586828052249
1703.30372841161,-1478.35584486269,3.36684754455362
1150.21320433946,-1004.8285954451,3.50138966080871
1301.81515064114,-1048.2906756599,3.39746169365494
2425.95313971362,-648.973549728153,3.14049619983664
3415.10629958759,-1785.74933252337,3.58115796974784
2314.98832253859,-84.5008428044874,3.41171195438436
2086.6389149241,-250.926186245093,3.42045960484078
2639.70820429148,-677.258958755702,3.35692173330648
3378.55790972669,-1531.03095900542,3.31847648473721
2369.9382213557,-1680.16872974267,3.37395170942658
2786.0885171803,-883.457831058235,3.36198188301124
2922.41780516143,-2210.90359977293,3.38616916199243
1827.23571219664,-1998.32005928645,3.30841801754291
1471.53141495705,-871.055046278934,3.31183178290006
1789.70141675959,-683.68506318503,3.43562415091743
485.49251136033,-611.324008500479,3.40875435700174
3492.05634372992,-1208.95734934655,3.48862605153762
1954.97493982945,-1441.81919900802,3.54218849855672
524.53870230525,-195.388676425663,3.20602823859541
3661.17773521574,-2130.84041409875,3.55058111992458
297.247409513565,-342.228006372132,3.37455563403331
3688.82956059739,-616.760426943571,3.48213986319817
3166.89067773691,-677.204815830357,3.48760826211204
3429.93836402481,-1201.56109127827,3.45687801240939
2213.79609339523,-597.0540641974,3.31149686868209
2128.86887691448,-232.338689058801,3.46864346396336
2678.97472425654,-101.071962884501,3.55047500523656
2180.31327707822,-7.34951187636484,3.51246435771864
3159.0305490144,-559.948610733402,3.45525541319558
175.728847938425,-47.4097281637957,3.53686494512448
3277.41954620652,-1549.944498211,3.43620003839914
996.947096358334,-531.834310047438,3.57472430328464
3199.01276354645,-279.737383409722,3.56607739175222
940.4699239439,-2144.1405362577,3.49608532115139
2953.53085671815,-566.810374089257,3.37613949179334
1878.89483999015,-1343.27792407689,3.4422046948609
3577.22119408759,-542.018870954309,3.55495135533486
3632.88209794055,-1083.54959068564,3.58932219115137
3035.08995117963,-853.643389519061,3.50077765127584
1685.83385499903,-873.206195185205,3.55000438271767
325.263198650717,-678.619530542339,3.5750719127995
2825.26307368688,-2099.97192325868,3.58309684351668
3804.81025489135,-739.603986471695,3.52405270779706
2472.03009383006,-2016.2668199006,3.55247348340715
3726.25833430725,-613.179937001368,3.49702991338778
1810.90377313994,-516.173266050168,3.51820802002627
3094.26102996157,-1455.22827250018,3.39736837188825
151.40234679686,-167.570613089307,3.51165522017865
2791.5136256501,-828.209553834207,3.53750011128536
3091.33837363626,-35.7498316561113,3.51561377722939
2068.06287530253,-679.650911838029,3.57870548846558
667.827450478789,-1453.31416561271,3.4538274016363
2825.17438272358,-1098.75882787247,3.50667261084422
2348.94300082109,-118.572607640961,3.30337910698435
3633.33935698738,-2196.86974861787,3.42293091732748
3295.56994002847,-2133.50087554352,3.4603509141095
3180.01556690056,-98.3277128093922,3.52474425566551
2385.89664249264,-159.931728313479,3.61573338467724
2287.71629945068,-565.569659625712,3.36828371666286
275.984853290821,-7.43671184229415,3.56649710575157
2345.19144957166,-1414.83484940417,3.56542436805036
3281.34901390929,-1760.38147238873,3.56463179015269
2564.87344858461,-2025.74491282196,3.66492158754747
2314.205731511,-1964.9143824162,3.43614471107319
1253.00974882234,-1723.37053111918,3.53268855158849
1835.08561254541,-1361.57510561155,3.58243418583619
3841.02352052316,-1670.8095104587,3.61271097271251
3477.23660767779,-1027.84796636261,3.57351717968119
1876.75341170917,-1378.97428981827,3.57818355534665
3353.99292538219,-2200.63815253779,3.6925252157129
315.16193099171,-1334.96000567929,3.69850173791557
1944.53838433586,-609.911001887561,3.46946687942218
1488.27408668831,-171.056375923097,3.46819647660381
2993.53972546888,-1444.83379007344,3.60712225284629
4042.88625616992,-2058.40399760548,3.57348020316535
1309.40432820157,-452.138800240301,3.57454344458522
1680.20002055554,-2160.03947297341,3.50956280810746
1533.44614275634,-2127.5625256049,3.6679813220384
191.65654363999,-886.406397954225,3.41318174611135
2469.8173266318,-2116.79914682914,3.74613861242937
1782.36409900009,-785.453631602791,3.62461641545253
1836.09604057469,-603.632709442962,3.51140396525851
518.640829444742,-1555.58676556332,3.72757447001179
2727.53972682388,-276.107138473214,3.59753709419967
2356.506771231,-392.362927803599,3.57153716330779
1280.68053957463,-156.528141311627,3.74768428432328
2825.13415330792,-1195.49766869447,3.48178290604744
2132.57223375275,-1294.87745765443,3.72230018083608
563.865799386433,-1911.44785948222,3.64167935709415
2053.07595471603,-1823.13409506143,3.73571026887231
2838.31552100667,-1580.91063307496,3.62488367997628
2965.92601804493,-2081.53997167079,3.65786474103484
1185.34872105322,-8.53753857469678,3.59543139681817
2292.7439461308,-1086.1497036745,3.63865283467539
824.417261981631,-822.55795405969,3.75424726437269
2545.64004029322,-2156.55565137985,3.79340069731917
59.7952890441338,-1512.52180911469,3.87218807633928
3893.50828470399,-463.393215911752,3.89378378843926
2834.55676203258,-713.439093646136,3.6485302250023
3725.69350764593,-684.692018999865,3.73186328161876
1219.37373481418,-198.587332831287,3.65386008509207
99.6719211511425,-1323.6725598684,3.72140284113959
999.29321248398,-1165.44530329812,3.64870576611024
2380.44655940854,-1349.70576867192,3.7536925245002
3254.63378934907,-1130.66239868065,3.79786213324105
3000.11359006317,-1675.27154290508,3.92106312033469
2278.9515912761,-299.005828196439,3.83262756851377
1002.47618026189,-899.585346338267,3.7847490674904
1511.83719114466,-1729.08758800172,3.77657179025415
3130.34411381823,-1990.39111081252,3.8343835472312
3736.81957422179,-296.961958822157,3.93478064908327
322.335041160805,-1732.04885256696,3.77897872333533
1867.17044245328,-1994.71750791569,3.91782804042512
547.226689682207,-849.366097651206,3.90136277167574
371.60699985762,6.47242949689691,3.87111202488601
570.024004616307,-161.101057101434,3.85447682687886
3063.73213409229,-758.764372141285,3.81097065999219
2703.79311643162,-2037.58894491693,3.93225654533684
169.481545671646,-303.863365062913,4.0000498802638
1360.57125784058,-1046.44777932484,3.73372207028072
1594.56839103116,-1326.25926104152,3.89650251855718
350.71077987473,-764.023900459776,3.77593194974191
3752.02713077476,-1025.73022251859,3.94038579901336
2873.17982891806,-11.4298636282689,3.93036325247918
518.154146909514,-118.889319680436,3.87403676520896
2419.54320583836,-1003.9119653758,3.79781881265944
3345.1761538987,-1361.08924552981,3.90060441352013
2809.86212826379,-381.001128203323,3.82306126331964
255.942464921344,-695.637566991745,3.93225788248603
3778.83513580001,-1517.8255641045,3.80384321601254
2463.05126840929,-310.993617882131,3.93132779061487
1087.96604782314,-232.183345221423,3.93263508506636
3018.2598524822,-295.055681011989,4.03597702435093
1950.02728525968,-216.636733922551,4.05396084506804
855.42719527309,-547.530643777123,3.97624492252225
961.397679610861,-271.381315101658,3.92389628797971
99.0814130012381,-1096.37667967691,3.94341383430223
747.10228313712,-1132.03876240338,4.05270118529256
3276.05557081784,-184.126735934563,4.06466124068385
2985.87489380096,-21.6558170645021,3.97019774120147
100.360603411896,-322.929389332373,4.18071254939469
1144.99204113974,-2215.9392073078,4.01257102025288
3262.36507530502,-885.432270684409,4.07472737739483
2598.26482416685,-437.747635863692,4.07104885359952
4000.37880611999,-1313.0818475679,4.03809832072923
995.538349313925,-1883.32181362778,4.09993740729939
2239.56156261086,-1979.5680076564,3.9204215785094
3311.15685167842,-1907.71523070813,4.03509925627412
1758.45752893411,-862.812415315915,4.11318409811005
2942.09688500983,-976.619854838008,3.94143122163869
1569.42089772406,-1081.66511799017,4.11922106999899
3318.17502648168,-250.638043953377,4.25045158219368
289.870816764133,-541.932542001298,4.26591657082068
3085.22516457573,-1948.93257592983,4.04061682068369
196.650958826229,-397.953611697633,4.12421249998045
827.958269862278,-1352.69119174098,4.23567886791895
3764.8757746104,-1435.77013128009,4.16927677157799
1253.68382016368,-1526.9922157973,4.11717627130485
2728.66445543937,-1961.17289539997,4.10488290300278
2441.06785721815,-232.326724455013,4.03626321330913
3455.56805800369,-26.5577134613044,4.2889569483459
1238.47921902016,-809.128316179821,4.20017104622083
2583.57519598294,-732.810644676615,4.29061829376393
404.54848120053,-99.8831767100356,4.09671722131973
2342.08643042563,-1817.90686331603,4.41928533903261
142.182933141362,-1178.7260411283,4.37556124470871
2539.19472383774,-1933.72189241031,4.32031867879832
453.622970811669,-893.720242259376,4.55914385152556
2104.01896479834,-26.8098672888218,4.32514236579772
1257.86933672491,-2164.464019413,4.30542459984628
3051.45656527468,-829.008423905881,4.36147899873288
2291.11533259985,-351.33410539658,4.46100038433748
1824.18224018196,-2150.7356939675,4.26178900543954
3446.82993513357,-1660.72971124946,4.55629547213437
2487.73096217004,-1320.21447035963,4.51896785137397
2337.45403072026,-671.482253102547,4.47246154912793
3334.03615342067,-680.469218197318,4.53944951582435
199.699744683568,-1264.50958610756,4.33470336411151
1727.55003397231,-1365.66404460018,4.52456980764758
3963.97032754122,-1397.05696520514,4.36483598462632
856.730748839759,-1103.85645012786,4.76589782527729
3044.95707288958,-2082.82518814495,4.52875570887748
2057.18815932625,-1396.59428415642,4.20607628822099
2923.7509651801,-2034.88901387999,4.45652951130252
3130.64148351243,-1083.32013252805,4.81536234535644
526.134907005245,-540.089614991596,4.9268354909132
2574.47256453985,-1606.84370453,4.76455987697861
2983.91187467946,-2157.70577488791,4.57327491849623
2899.44870908987,-439.33103393552,4.79050136507402
3619.05120452599,-282.655652084351,4.74174678554059
1121.52805109948,-1433.60469535135,4.81942997148781
1555.75305384763,-672.69860760573,4.62507201967874
543.679674210923,-1200.97663857883,4.5480487386793
448.057252522331,-1291.87940347784,4.59505001758571
2175.55513740792,-1868.69044042737,4.8828435601609
2668.03512691008,-2105.95161212338,4.77973569343381
1357.98195431768,-644.290136927026,4.95839939532433
507.478927379729,-2080.58957016938,4.79489011271103
2959.05247058153,-1955.94578603425,5.04432059333768
1931.39951820787,-2192.40272669932,4.79449150435057
1118.8835549862,-1978.81725452857,5.11417995957245
3210.6336563351,-1258.30760896132,4.82149939821744
1684.58619059889,-492.242852039066,5.10210294209952
185.656057562965,-673.1178523629,5.16344033533496
2995.65918583493,-1190.8730625184,5.28366959682697
2891.8596765065,-227.913323297634,5.11003236500764
3459.69506722922,-1337.19216878485,5.50040235009201
3299.85637147327,-477.69633888737,5.20579170845659
1532.48257108416,-1002.47857655899,5.17689929852411
758.13778035303,-332.402850002159,5.41319603682728
700.362769771546,-1663.11235612354,5.42404191719328
1407.80023015285,-1177.56796828441,5.35935487406734
605.035693384762,-1017.87198556633,5.71440468333896
3637.75105634923,-2094.02159925098,5.81084126862123
2633.95454511353,-1083.45565436245,6.12018491893536
3385.6958209619,-221.103284176966,2.83273969360163
3210.51749255466,-119.139253041214,3.15679765674922
2713.28400580611,-649.686550123285,3.07645008928304
502.401789497755,-1900.48676338995,2.9026755737294
2088.95762225099,-2161.21653855961,2.86329626392102
3557.69815588545,-88.983776067686,2.91924777256458
441.201764005253,-742.30096672835,2.90061673537753
1662.06345607091,-446.338933069247,2.87696837982718
2351.92939744163,-2056.02925179971,3.08858634020666
2986.28433129539,-2036.01896462002,3.09252219845176
2670.53891453475,-925.451718160107,3.0690799940912
384.989852602049,-484.613216525962,2.97029382042945
2642.85937028952,-332.009692599241,3.3256233319267
1806.16181123726,-733.727566158353,2.67336870157621
1586.45561841136,-2064.21227541799,2.85976059178694
2641.46291193483,-359.964619835242,2.96779807045846
183.564694115012,-620.079627469513,2.88060650050814
1725.22599534117,-971.699327405721,2.84858906949168
3083.07450447012,-1083.39129683703,3.07999138852236
2460.95838676673,-154.981614186209,2.85342300374941
2177.21664072406,-1322.58878261736,2.99858439232973
3673.5169978775,-129.828295429332,2.8934551237183
2212.73553730755,-46.9022067443249,2.87322133851138
1703.6553895178,-842.567713724474,2.93169282009777
565.375484440703,-1495.28267818029,2.81990711384975
632.000247362042,-1416.84481080525,2.91417215419753
2688.59939174153,-30.5032791802953,3.06801229986038
3180.38827311555,-1608.96454944842,2.97710473488507
1215.8568825463,-1931.29951465178,2.9137937890978
3749.11397258146,-1726.45121295362,3.22728767365176
504.642138395507,-2159.55333296245,2.84837703114239
1432.71062413476,-1773.44910001872,2.7268213561263
907.044688111473,-194.51293451247,3.27368447917577
1131.38246926231,-292.256752540895,2.97675715820434
2269.20583405274,-495.551831854126,3.0481026310207
3260.89071444498,-365.224690517341,2.89256004959786
2377.8482933296,-301.035874916548,2.87225072567228
1500.060678579,-1003.7078491195,2.9095410437924
584.653875357265,-202.645402862427,3.5363659595135
1617.28382259679,-1084.79939273382,3.0003107830182
1527.6533277054,-502.221356732596,3.06211004598681
408.58512199457,-1036.85637542551,2.99704509477979
854.55542676074,-426.085637176513,3.08985406859694
1802.42381352394,-204.321871315323,2.81468081055469
1426.9024565244,-79.7918888292014,3.3801193771976
1603.46005672753,-598.566381575703,2.78035181127182
3888.72769166062,-1301.92818596028,2.99562372700298
3432.36115010189,-249.632016805765,2.92035244200861
953.005697319609,-441.438030077755,3.00039993304453
3435.49496614628,-297.707178423052,2.88703422807354
2410.39004706283,-691.418239936504,2.8898814895892
2883.00728039523,-470.763194803316,2.89537130950398
818.681842211855,-578.769745417453,2.87948554984119
587.993914285057,-1507.1994782956,2.86552142393353
1461.88652336932,-1714.50613590586,3.14177771751146
3428.55244669791,-822.033159477207,2.7861434975285
1125.16143335803,-968.120604627718,2.74862455034538
4022.73445327251,-64.8692428454071,3.0973296791863
2314.43800889334,-991.041337083691,2.88273017171814
3540.20933711041,-363.640807832799,2.86127294894293
1393.9006902021,-98.7574757888061,3.26603874503747
3390.11843716459,-1961.95781623538,3.08803891036039
909.961481635229,-1527.73576445217,2.74748975009114
2013.97016584238,-462.487429683024,3.18146760552822
3177.94679191572,-293.38862145814,3.01834563435482
3508.57494633582,-532.574639472141,3.37671808565105
250.686737161141,-108.546272460839,3.16345304878903
1035.34672916441,-123.778031903708,2.8987123990915
348.063550322403,-524.478067429381,2.94122638873503
3091.9911982717,-1797.02651384853,2.92270419243895
3905.96575139034,-8.34153658122267,3.06989775310418
827.864136083395,-376.56794040638,2.94764369133151
3140.09484885314,-507.468627307066,3.00296690695778
3725.16148613815,-330.09852201442,2.87091330369174
1320.29217188122,-381.379046723741,2.93153963974611
431.056830177109,-1873.1549706666,2.98836733820475
2277.97546385685,-709.747670822313,2.850547555613
4004.36240732048,-101.009228124346,2.83620280068617
2077.44028131223,-362.372385256284,2.9946152893706
2118.82311347112,-275.526394285036,3.03935720352306
3532.45006270695,-879.677688452754,3.01783631665773
687.976759330915,-81.1066137933212,2.84507853297209
1149.19546710744,-1448.81463899606,2.89135893591849
2800.26827491266,-575.349211901014,2.94477052200791
3608.11793702953,-622.854181955375,2.89083804879874
1633.6022479302,-2135.51373595042,2.947080727543
3162.76724511346,-301.303744457773,2.95530492134039
670.141285059876,-447.830677315376,2.93605892932215
3362.30933235601,-532.044034997766,2.91520226191844
2159.55786728483,-565.19802589084,2.82359525243095
3045.72026460064,-1640.6681403303,2.97527500390239
2037.78322912397,-73.2840448190788,3.234001276893
1290.51514011648,-2109.41022934775,3.31246282230657
2766.71423903482,-1937.79151132288,2.99927727288551
2741.49998669703,-1838.52641178779,2.97077701186739
3572.54764703018,-1899.65045644202,2.87682008217952
4069.36081722928,-399.13275516315,2.98955036601152
2594.25150521284,-32.8846281284233,3.07087457904786
488.120355008088,-1471.89878885708,2.92457933628664
2453.03507211328,-202.297670351991,2.88638652713529
1120.3021871088,-217.288782999583,3.1619688396235
2201.79078534471,-1652.06225176958,3.12368643474945
2035.49043267106,-273.166525466665,3.16501165394787
3124.24030282279,-441.122525302929,2.90264202496182
1918.9447119365,-411.344682127744,3.06112184133081
1445.12874128056,-117.53541088177,3.21723182286093
1310.84740915175,-1412.29685721994,2.98060240214693
3211.07363663616,-411.823880394917,3.16869016710346
2016.37788296656,-1696.17184000786,2.74696938757499
2334.64727324518,-2217.92538357527,3.05359803178933
3112.91720688161,-2199.97469910175,2.90220860243837
725.885336929082,-1025.66817370306,3.02643548872626
2979.62941111885,-333.782094445826,2.88444903045851
3530.45491914956,-1672.62954548846,2.83040094716303
986.996328965206,-39.1478206644188,3.32102015931963
348.099200319803,-1457.69221117334,3.00444734184424
1494.11196104971,-1217.31789714316,3.08796606219452
3353.15414101369,-1883.25923568929,2.94261430346135
1132.72274988457,-55.4695929629926,3.11206479435333
1205.78978862942,-1080.15545856395,2.85666232085029
177.657115463234,-249.098075781794,3.11512018816681
1336.70687055698,-1650.83223604021,2.83640760006256
403.805305835808,-63.8454376815113,2.7293532630452
1546.61028076678,-232.694960972306,3.00813920697667
1199.54505343157,-99.3958865618477,3.81136644890675
2393.93106806969,-559.661532465493,3.05122562712852
844.293421124585,-185.884909698538,3.32426841553926
2484.66353513487,-361.309337784114,2.9768020769949
1567.86891349097,-202.507069101209,3.19794841261197
243.4941328469,-1732.94427105593,2.91336995083411
2027.76590090907,-2211.41897905027,2.7512438183474
579.447214025071,-945.632800767453,2.82026421630116
187.60981866649,-1641.69388742828,2.96497390277572
1308.42757615767,-2120.29493373866,2.7896908216031
1163.06268057941,-169.33146971883,2.36314946580692
1780.68346188269,-1925.11500918089,2.90900559467714
3271.5415212812,-479.286516043614,3.15464225458078
975.817812789474,-1547.97239890871,2.80930270062862
694.179239226904,-823.858794390262,3.18048230476215
1511.09708546687,-413.4577778382,2.64181025651149
2998.85586567234,-1743.2025100549,2.95968615952737
353.008153227239,-265.39384303811,2.77182772586733
2270.15542608804,-185.144549584238,2.87000766343108
3001.29655353496,-75.1315218164044,3.17803994134474
1416.49933537317,-223.51732154438,2.81841696149587
3441.8814334368,-846.410558209581,2.94917664427851
1183.49143807451,-506.115809364535,3.02443469059338
310.143576975497,-23.2432890783463,2.8829585322479
1063.84278184966,-54.7453883892942,2.66805528815359
3310.94474212936,-469.000143212814,2.98244228545472
1858.45407331865,-14.3123364607909,2.82980766999846
3333.25870578993,-641.122684228642,3.1416819077422
336.436390408369,-1589.15120682804,3.01792128337478
2424.07927433368,-54.2331571719705,3.42708279496211
1119.73046780672,-2188.5480273297,2.92969072832111
1218.05810676478,-423.747635870769,3.45638690756346
3120.39390045715,-1706.6223712353,3.26104900426346
3336.40240904963,-880.109653037032,2.95331523248249
3094.7375440485,-2108.49515033642,3.17837502131193
953.893233060476,-2124.43974155193,3.03578389503168
3501.31820166646,-907.491483025951,2.9301415975417
548.565346759175,-2126.51897250085,2.92893063381508
2510.06023516464,-439.171669571238,2.9648141709071
3897.47231516963,-367.713063816743,2.94412587634038
3446.42371432873,-466.772633556732,2.94617698318765
3683.88680232131,-494.443874113744,3.01994257053265
3711.04319370237,-2009.81964187467,3.10513519081321
2964.74305346987,-1378.7679607456,2.99611277191586
1099.10198140554,-106.036514525182,3.13004836533058
2495.41631461938,-1930.39702357984,2.93071754424253
899.265958667378,-94.8950715462008,3.01542294417147
531.386687102319,-136.625807945362,3.18461868146685
2841.35949539596,-549.893538549541,3.04853105135049
2089.76738858004,-1956.43638891543,2.89763542021372
2605.90288893744,-1948.09378170111,3.12945225522099
163.773184243822,-1530.47618321962,2.9703415417823
623.384197691576,-1399.14287500135,2.99740521565126
363.160990217552,-130.204571914269,2.99093631173318
289.287457077769,-712.606864245537,2.97552586158074
1255.48483804207,-1498.45435474948,3.0031330777652
3042.13817085552,-1955.80676741891,3.05725666330841
1669.88249207218,-142.108682211222,3.02144757766929
1655.63558834506,-59.5999518841612,2.98557163012992
1110.69091614596,-1594.58017326905,3.02393953255827
879.287883632572,-111.089951949815,2.97113858496957
237.188403647452,-1793.75578252805,3.02582832796796
81.6676026159809,-58.7953098612096,3.14892578455634
3673.23555899729,-1436.90354544928,3.00219954971318
541.698425602563,-374.032047008597,2.98708739408302
2960.5265302075,-107.741564360177,3.04348320175875
610.636457037596,-428.483083596295,3.03171763361906
2827.73502426734,-7.38516771616168,2.90724959542609
1279.89446153314,-1944.24626466284,2.89761102968767
3872.34344704528,-290.706494903863,2.9767085641736
2162.97298914457,-1586.06287441882,3.13639047322834
72.8277712323962,-2098.39181600081,3.03132502227585
854.855331552254,-1520.09234050037,2.8648161128815
910.382168518705,-83.8675969391639,2.94554544438544
3179.22333482701,-459.767393950188,3.03336756550393
1700.54007364246,-102.831701174379,2.97889008597682
100.56667023935,-369.432302422695,2.92135948448328
1782.9443186278,-1133.74661058192,3.0066696323024
1974.13811475404,-451.436696674178,3.01347367029541
3270.02919381546,-378.076132316025,3.04392221895704
1309.06058128062,-228.247172970806,3.09904250199604
736.309185440321,-1189.63685743149,3.15350644130649
1281.82503143403,-100.853173108597,2.86467437080711
3286.74209835854,-865.957687244089,2.97065445981606
1219.14433512905,-1551.03995892068,2.95766038230189
363.567462517231,-886.218631560059,3.04321003505516
660.980078249941,-897.40205945342,2.96782253270703
586.171927487304,-1601.81131076244,2.95989070962182
3712.0253193115,-1673.20563787938,2.96473442823791
2418.61985455933,-233.97025614372,2.94507002626296
2804.5033412969,-1960.35693842485,3.06480411678749
1715.81570391295,-1917.84301288131,3.06902421976194
2317.2861041903,-155.236466992818,2.78825642282703
1272.28337165136,-201.93080343225,2.95948972484698
2179.15329449614,-216.8167025222,3.04570690427773
3185.24693970006,-661.965531049388,3.1318792825897
1929.09370561641,-107.603405590742,3.10448829858849
3713.80042264414,-256.657094955965,3.13261231330146
3754.60581342689,-163.890468396524,3.0211730625191
1578.66462605688,-255.965047886843,3.17472639707775
1027.70734233866,-1618.51790979355,3.13126889379199
1050.44162879163,-1574.38885889501,3.12807441820036
3693.73255764473,-22.2762081723465,3.39071645156776
2761.43922157455,-37.8673958290663,3.00541559054102
1384.74131257604,-143.8929902325,3.19299536134806
3106.55539794232,-1974.74553122813,3.1673169699924
1012.00905674991,-1024.91672558202,3.25649209614062
1927.6865049412,-473.717808906079,2.96558876614695
3340.93728865576,-1792.58915638895,3.41051555511829
399.726046089349,-235.352260952394,3.59181087518443
2240.40514038955,-1762.5102342337,3.19520114515967
2552.87561479285,-2140.48682699049,3.10023300785266
1416.08241458235,-1971.32767135296,3.17736058808588
511.458569862473,-1750.32657156382,3.18130141972406
362.659212692,-280.073411581029,3.39418211142021
1792.47234477133,-1648.83633450206,3.52172747441961
1900.76994460979,-2178.93819319892,3.26254944881116
511.255056587098,-502.416684770827,3.19174902534326
654.035818374017,-430.577703352406,3.18803926681487
869.467007341681,-419.063851430096,3.11633565242214
1059.00504745057,-348.794952692231,3.31065496249957
1361.18646001256,-149.859039135269,3.22605074177786
2020.39781921636,-522.172645763717,3.10747697330625
473.388274169285,-144.33105448045,2.99062228824595
1000.31742971665,-250.524477965911,3.26233790136173
1824.38882382195,-135.684405025966,3.15085842333881
1635.48611122622,-299.304732509537,3.06737245371204
1979.75347585525,-1403.57366302522,3.16529289711971
2614.83296169169,-314.743688977496,3.15613680133492
1640.46671764481,-1021.70398567645,3.32462243523776
3606.84682553797,-744.511364367507,3.20218509426982
3983.08351354483,-537.444954986561,3.20621236100354
3326.68829096932,-1713.95238393213,3.38599187796716
1311.63007388809,-1602.28910201417,3.28496971258494
1944.71639145268,-1495.85379121212,3.4180906975851
3625.89605905923,-934.95185288574,3.34747389040644
1989.12045285019,-554.680157468355,3.31438484872556
3559.95198871205,-1629.12001519732,3.42582528757826
2994.17609480443,-1646.72808020319,3.37327338222732
1182.40457777471,-1908.17465345631,3.14389331066471
2895.64065542976,-1355.50569276704,3.27751811577074
2603.39252291293,-163.73641294506,3.13524820868003
631.651570106176,-284.484526037712,3.23886335471185
2405.80085917233,-2214.32859203955,3.40752269391908
3687.28639773355,-520.72571200429,3.56431281148753
1940.82738652188,-766.85125465312,3.6037119750601
682.51447103321,-1879.65231581295,3.40169471458712
1836.07822777279,-275.088324931444,3.38390878056435
1691.40364748842,-185.81812942682,3.32693379800427
2796.13797700354,-1379.86185206633,3.34698777452872
2412.98656722491,-2208.59102802762,3.43472456188064
3344.15427640977,-1738.12566282358,3.58108171592552
2528.25983648561,-769.901929724391,3.27929014827475
2821.71772918429,-164.773659709851,3.47228252419284
1886.45458419549,-545.166544115544,3.4270757359747
814.937772999548,-327.049602750075,3.4183334457134
2323.25536051192,-1503.80083059191,3.53681678589958
1513.91949258274,-343.888320693071,3.39155799963755
1452.13246537166,-371.527742678496,3.83996987088338
2568.10454909292,-175.451546369115,3.38419810753249
2963.02840113518,-1475.6889516208,3.48890195614148
1481.01008011032,-317.933531543341,3.54650136200397
1453.03141426963,-264.932459315183,3.66752745130257
308.215612704692,-2202.11818104194,3.76351887134885
1316.38130954899,-1511.37297711142,3.90137773887019
520.758165923669,-304.90000747365,3.63896671443983
1918.33347523319,-176.055536175299,3.67758121217498
1393.97011478304,-344.521249188542,3.77119665077543
1593.98981581929,-1695.48502701336,3.87668749824659
2034.61267794612,-211.983374517757,3.5902820094494
3006.09979148596,-1835.03705573572,3.86153479898417
449.58801632517,-348.026746418093,3.86910251088023
1943.18231195417,-491.349116149618,3.74489682774638
1319.91525722608,-183.871344093106,3.95756409998251
1089.50673441269,-2122.35399424168,3.89505041892957
3438.15499452232,-1834.83694644864,3.87994718665444
1162.35747335987,-1515.60093756304,4.18369051087313
362.15030962466,-206.385325807933,3.68234592217788
1535.94526063811,-62.7704973589226,3.87729177930909
436.302159774754,-157.093972710604,3.87228462172327
1030.9761662274,-68.5426290116213,3.85809533933903
1537.19700447336,-1685.81024596276,3.88878694436554
648.015707870027,-177.364834858656,3.92589418868963
2319.00200678172,-520.078085689823,4.14374151513146
944.462720054525,-26.2372541859637,3.76770508652226
2385.99477224034,-1620.2640210933,4.0070293709986
982.52592791147,-61.1639403598642,3.95351051512217
3438.19696536864,-1584.83493639417,4.31604138030985
3885.09118437859,-211.120946020732,4.02739714416295
2755.88632527685,-414.913075658432,4.13876604688586
1874.16451531924,-1633.39807041634,4.12993932553224
626.259428279565,-596.918550116771,4.23971993455967
1310.51308442997,-119.630983077107,4.07420933313785
2968.06170835792,-1938.4277148721,4.18412968566175
3509.59612306647,-481.828946810045,4.16637288093277
1437.8764623574,-1448.67166434538,4.3915878878178
2766.05909501169,-258.808655364523,4.16179175662244
3969.35633421103,-422.263915626271,4.21206869837681
299.396319884365,-1859.42943642919,4.40618870144173
2233.8324228463,-531.729039782169,4.43681100013129
2289.97701003815,-433.103502559793,4.46862479616014
2596.76661391339,-577.322877660384,4.57661094328845
1093.84549352021,-704.487384206812,4.52777650932917
3409.95016790231,-565.966956266011,5.04960897200959
1520.19478616984,-518.187005546825,4.94649878932136
3652.56580517315,-1617.47277260296,5.357218796938
1694.50191152449,-75.6124261937923,5.2651431938754
2860.54277672582,-449.472623141926,5.30226924857094
3225.30544487451,-278.592984756734,5.50138043506074
1838.12807954941,-1251.20350721605,2.9472688208018
3084.57865962517,-1042.74785942336,3.20989672735074
2804.01951253363,-1261.39491214042,2.98452825188173
489.938561984193,-1791.74957158453,3.18830792599004
1675.94328497543,-496.827792201346,2.97611520817843
697.536356508017,-1704.35804294068,3.1648970910327
3307.96495778841,-2168.56895553807,3.23678420200779
1311.68406311002,-642.274670477585,3.16088243778439
3352.64274792296,-729.866023608307,3.40184237765584
4007.94215329258,-72.9190971372867,3.60220839209364
3365.25708226989,-701.253934411075,3.23308747573297
2587.50085143748,-1676.97597979854,3.59737903920641
743.507271325865,-334.358358444983,3.47576933736577
695.967826744265,-2065.89509579286,3.59916442445081
2315.58327209647,-1551.81822492541,3.33219073228089
1642.46114518806,-2104.75839608636,3.74650036121401
1500.72380879365,-1522.9013613755,3.77328637552084
780.984732767994,-1941.4755368634,3.82249962159198
1664.69275360233,-729.587944609947,3.73733140060106
1680.50331835152,-2029.72291408184,3.81296090442313
1721.79871547329,-526.592120752164,3.53629463222734
1262.30330907737,-1417.8535959577,3.81743906878161
1688.45258668295,-1193.73667753916,4.02161406318752
519.749093807271,-2195.85169104122,3.8866649987745
3773.99158943932,-905.430837493177,3.85872290873513
3910.15705015429,-1180.89016467867,4.01140961668051
1640.44045440974,-2078.0361732072,4.19229359079113
1136.39089761168,-2159.18199277099,4.1189214635106
2281.55543349373,-2201.85795386065,4.04921864347722
2744.51036171178,-2086.63051889535,4.12707715409381
3817.72873755147,-1085.20761563548,4.27546292125963
3708.71017225997,-1552.63808379806,4.3811285366294
2603.97442206271,-1743.65248223103,4.43451293605186
3898.7149992509,-1026.26505748378,4.39801586306463
1881.20384953292,-900.65884807212,4.59129120905019
401.070798165537,-92.2120775578422,4.47134240609714
3926.987324818,-290.027405551826,4.54491844670706
104.990020279856,-526.67110816322,4.62051282982286
2114.37951775213,-1036.93383978474,4.91086173825753
2273.53815446204,-1715.97672363846,4.53401354110467
2026.90962871946,-881.728806409832,5.17062366388052
2326.41118281762,-866.899257560315,5.20237149996769
251.369949204294,-207.916463234096,3.09872455304779
3664.5579967006,-1534.89184070868,2.94484152466798
3043.31707462393,-1461.75078837993,2.75826632487146
3124.59145951143,-1361.59536618641,3.12225573288173
3944.46718613869,-1351.77617821025,2.8615867130601
3959.55304452354,-1446.94622631313,3.02676118334114
2913.88566795254,-919.460837109174,3.10129190465959
3691.59762713477,-53.4179753727849,3.04030748161828
2153.57363407317,-401.506767194522,2.96869285744017
1597.34332555815,-959.621673431051,3.01089334333099
1552.54322001326,-1482.75678553975,2.94587879901052
217.317540860448,-1950.46693635186,2.98765528874548
3309.27262609837,-375.611322997305,3.00996146117354
3775.6061098878,-161.342311971419,3.13139398519732
620.142106606396,-1200.80293978451,3.14396972535218
2373.78551988525,-1161.24342015865,3.1556214029057
2645.2720057407,-1524.39246561013,3.1845593378297
3336.48878104888,-96.0139065505536,3.07597101500153
1586.28452174687,-1602.04795187644,2.51276735253715
3025.49976878377,-1263.97628174204,2.80420197189152
2029.02227697293,-1137.78261917455,3.24919750500785
3483.53374819035,-2169.58249127923,2.98930394661398
1699.23508062922,-1415.54949342123,3.06995200737651
1198.27289454376,-2124.77918001556,2.95032820006372
937.725631122249,-2104.17829398435,2.75631177055031
2524.80627604734,-878.855465054649,3.07001818930563
2927.02001100119,-317.11391189545,2.90921415931186
3879.49429547067,-1115.92469107246,2.91239754074287
3949.23350208019,-2103.21635011898,2.98098648174882
1489.35289291204,-805.774894295993,2.76151108276532
3516.74767908586,-1949.09902499726,2.98423599437095
1028.86261065818,-673.514813914329,2.95041550199836
3831.83079344593,-169.914828900994,3.21797813303395
1224.68471472846,-1610.63335550949,3.28563072958269
1768.68562175748,-1990.30323328383,2.86758918269232
2947.09066054872,-46.6457613370149,2.42691734890152
841.833446349454,-802.794662933697,3.11820166497947
1173.68751716811,-1807.68161698273,3.0942467514702
894.323042783918,-703.333189805032,2.79269517370603
1658.18239158323,-1990.37332597072,2.99149202201064
1296.15116591931,-2033.81065754109,3.4609604909602
622.793657169413,-1785.37446866137,3.11772627280559
1815.38834544766,-1052.93500602658,3.17242689821123
1623.57895071974,-1746.29487454116,2.8421263293852
1170.7564414676,-315.81946229059,3.24114548885763
1120.61946765199,-1708.66638726124,2.99246656478818
1151.47321372916,-1621.03515743757,2.97225512947802
1487.71526735676,-508.199037267599,2.80963029355906
175.490319893241,-2140.92699909593,3.39663482246495
2802.20191664766,-38.5285311706295,2.98381669648592
3138.28158025707,-1773.91552166646,2.99007837909645
3111.57238340081,-1871.05551214658,2.69343821526401
3420.50400573947,-318.547151840492,2.83554423358316
3891.75976360377,-1795.49421007745,3.12859291027616
1173.78720117203,-69.0861109518933,2.87437677371198
2406.43313732398,-1542.91786537512,2.97539651122909
2935.64078937958,-1636.77461387507,2.77994015742466
3828.87332643417,-1373.17730940313,2.76232437660113
2263.05908444909,-1394.71177240484,2.85762634468701
629.943636463522,-1931.30642890947,3.00783979909987
2090.7599866409,-641.324500654843,3.01198067753559
3319.50929036168,-1187.44388973672,3.06811745729281
488.277788987665,-1041.49211497865,3.0433167801402
2858.76763101574,-252.867348476665,3.07902444721829
662.805002611281,-2202.80368428099,2.94966299887149
3312.47321898417,-1511.90185703533,3.12566930534986
1317.01564524906,-1453.26221071982,3.32891711246457
948.904326171824,-345.731832498428,3.0742296448613
440.161551705913,-355.885052076397,2.95847239039362
4024.29560711805,-882.360166381922,2.47840976265638
1149.70395156068,-1675.76956224642,3.14473563565529
976.75120972806,-489.818440982474,2.9904177962695
3023.24129096708,-498.995849575606,3.35875398912682
2936.15966055874,-1057.05110627834,3.50700285859221
3828.49001299991,-246.797919000029,2.77441268218883
2884.0030062254,-2075.63901670641,3.37964787375526
4054.81969053589,-60.5962626606861,3.07592289367889
1870.10771264591,-335.928606119089,3.0804231394793
1910.24700456258,-1308.46628757393,2.92101356652692
1199.17748074345,-770.336531280528,2.94964626025128
3209.32827395703,-1892.99479363748,3.40314975728486
1402.43321782857,-2196.63154891651,3.03335961129098
1767.65627479446,-1040.23887514566,3.0377095007402
1803.32820062431,-1948.43950628393,2.87115389379025
216.05879759052,-871.324437939462,3.51037352118922
1827.79426591329,-647.953875711905,3.46185703562197
783.039009455605,-586.909883072487,3.1539861093851
3477.17071778897,-1254.36593007643,3.11025841106938
3619.12719192823,-1246.23258680881,3.09014939982727
1800.57004142581,-1386.10106732579,3.34929564972964
1037.28628038588,-1898.48027185683,3.13693554363597
857.413941320938,-838.633378755556,3.06220586726311
692.234744679078,-401.588964108495,2.96108135906752
661.197727356946,-1481.59680633561,3.15485737396191
2345.76438206072,-1960.04290750961,3.1126103210925
3998.13515562108,-727.374436145761,2.78633943828327
2922.62957773101,-1945.31534057796,3.0654252114135
1241.38275553145,-1086.70186917914,3.13500051564376
591.848422652415,-1843.67849183481,3.08377702164496
443.291863065913,-1993.11293985043,3.00983409533795
3805.66486017744,-239.927054995166,3.06773768646822
1849.46890813768,-39.4302577656486,2.97324626073668
714.335212486972,-553.992793652603,3.08512730052116
907.966419458352,-750.293158428906,3.1616807921655
2233.87926571422,-549.995553850554,2.85155806222307
783.898287375144,-40.2197849735972,2.87224090871068
1839.6691555835,-59.0161715861369,3.27152609067677
1543.37710603057,-625.82914922791,2.97941199986322
2230.97979214891,-1243.25466598668,3.05853495196172
373.355538175993,-1065.45537998037,3.12773660860362
1567.47579253806,-1347.73457365239,3.06313566577057
1124.8159071747,-1810.73166243965,2.61770001757877
958.724383745741,-1208.86771371442,2.97082130754456
232.086571277355,-608.32772608116,3.16831169312717
1549.89201686243,-920.740443793559,3.42752737534486
2646.46487303553,-447.615321368911,3.33731411542312
1337.26669704443,-1601.5938841632,3.08761502074595
2504.39963608894,-1781.36903830691,2.95429038752414
3967.6757106531,-288.64625808391,3.10646173954762
752.871432807829,-979.85828505609,2.8274657506614
2103.5166153934,-811.894353590447,3.15688502403507
436.846680864429,-667.763898554447,3.08984753682787
1682.4018549004,-212.190924111059,3.09760548863461
1438.60829730966,-1869.28137017015,3.2925760526979
1384.44924071267,-1427.90009244524,2.8717679625239
3093.73053535014,-478.978863435478,2.92892314341063
2728.53919881692,-801.032559424905,3.25767817803187
2974.29979680207,-1402.20760389672,2.90543211733307
1466.53558816933,-1362.20339812471,3.05920271769702
1557.07975600345,-1222.76923724198,2.91687705533847
1756.70665407968,-55.9165517037121,2.88050644990165
4006.84141724034,-132.843376173228,3.16526229150449
3526.08802782312,-268.246197733196,2.99314655172177
3493.92253306711,-946.053285531123,3.01487502791496
1234.84277765669,-257.32663597177,3.01517039404612
2072.33213060965,-769.792178783671,3.07767704527287
1885.58440316975,-1047.77633901933,3.08114871337075
3246.32919607177,-1788.26556065832,2.88164750347687
233.075632447317,-823.238818365043,3.22100026054236
705.857076380547,-387.883408358539,3.11880508320109
3151.01558652149,-826.012300478275,3.14469604209171
3691.48207929808,-2082.73304028305,2.79998106920893
1024.62928801783,-2044.42345509489,3.02737619852915
3385.96362253821,-1099.03825057559,3.01572069257659
2226.81086436473,-984.384295124255,3.23650794853451
1400.43848720135,-2160.06735998943,2.9510127151392
542.632311277978,-1351.45626948263,2.82788864129502
3709.90511074644,-478.139544039864,3.40482752168867
1561.18586289595,-1281.64423363763,3.07984502647842
1879.2961079199,-1797.06269481216,3.43264332297614
1214.36894507656,-1321.52566144981,3.28581850720248
185.97397606629,-2113.82131944949,3.03135720578266
2923.18630782744,-1470.04678424539,3.25152604455318
2633.49173681741,-298.471937468556,2.982194006251
2979.20589361959,-477.401445603434,3.21723153503477
393.939474728515,-1642.87589614869,3.00122777075553
745.600181556305,-1838.22130919598,3.37607391107198
2420.6824878971,-352.618022635459,3.05979927964266
3695.89480046878,-585.636407391795,3.12804205666744
508.959318592254,-1416.12476469774,3.13573248405498
1252.98713646168,-97.6720427644881,3.13023487018628
3090.72893282856,-1251.36635091008,3.19006054673132
4049.34035783384,-1376.98073701766,3.34747887427095
3175.47967190874,-1655.24174827804,3.28578677712091
3968.38432100314,-1130.85408230706,3.23227202023449
464.706991994357,-718.327690171392,2.87678129864762
215.564276314538,-19.6367153789998,3.08662952121017
2099.21752222949,-120.414762935009,3.11603979195801
3070.57186069792,-1764.09476444808,3.00858773591134
1312.99019808495,-1297.34603774281,3.56805987711912
3985.92847843219,-959.491263177835,3.01139301973671
1573.868070554,-924.821225035145,3.17501143343176
2580.44626391321,-331.802948390335,3.22404156221524
3123.34556918861,-221.979540490388,2.91045558051575
1123.30827540726,-1571.38077115899,3.29999474525874
590.811637325718,-1736.35822097989,2.97044034361082
2785.30646569549,-1544.82163667022,3.10858778072344
3634.90496552587,-1966.54444050751,3.00510018572079
935.063157342531,-1775.3777581208,3.07159403305542
4000.30220639307,-266.303853651242,3.44041917480226
3936.57110252749,-1684.49006874887,3.29327762538256
363.500647894462,-1303.50732186789,2.97222966849462
3228.68519238359,-141.81929891278,3.03839604411311
3853.02201630317,-1603.20291342582,3.09651240318261
2061.51384197936,-584.121935049586,3.02746771137102
1086.31154169913,-820.394778339308,3.09987789996787
2156.36406098194,-1079.60129682266,3.2769000312483
1375.85163549942,-1227.82847957177,2.96452133331496
1401.75295361349,-484.01356918898,3.07049143139189
3141.6786849007,-1549.64133557347,3.01527171228376
816.414451788994,-2143.05949013685,3.12192408431406
2068.83714832271,-201.175901704324,3.14643499787503
1991.08314338871,-756.536579290911,2.98853870267996
3246.30819887544,-1876.6095244133,2.97229897679938
1391.13214988435,-737.503466461042,2.82226240808044
1313.14207797092,-1324.77777022914,3.17125688601206
1533.52949745872,-874.847692877713,3.00610067907458
1688.77083839453,-585.600436577709,3.10860210033781
2011.17171604655,-2127.75046537438,3.33641520232442
2941.8947075995,-510.015896463099,3.46367725093488
2850.19257054005,-1185.55257841087,3.36836007248579
2495.03718117828,-1547.15829710742,3.27684363583664
366.701549603279,-29.2289691385231,3.42455617415482
439.26500526366,-1104.50191298329,3.15510392135824
2327.86751892522,-823.309922264148,3.50193444320224
1640.60943157386,-777.429958670121,3.16785254000996
1462.85304133237,-694.727585165945,3.38771709095501
2955.11136468981,-480.715098235988,3.166512146857
3350.98002813561,-1191.17230014791,2.90732296923767
1150.57140137457,-147.858116546255,3.09059307971618
1790.46840638435,-459.98463319474,3.40387350054386
2640.29353814546,-777.925990455165,3.14558983703267
1896.47647289775,-28.9648490021341,3.19219783544171
2243.21901578568,-1529.07843762991,3.15029794502381
3652.24284060726,-1871.63260881074,3.15188483770268
1019.95348116481,-2124.83871736648,3.28944947972956
945.460646377723,-1654.8879206547,3.42126954760614
87.3331739776896,-1366.60742745548,3.43624205546245
374.226462247774,-1526.46142695907,3.35844129367065
965.92797676557,-147.280190066761,3.04778947295531
1920.5497763824,-1141.18374138902,3.19845682726112
492.55289528644,-676.587894747025,3.21959380204044
2072.34821912537,-528.149248781753,3.29686752375331
1976.05750668161,-518.662629175038,3.2364375779604
3223.98123665804,-1369.52796105909,3.2312822560966
3608.69524595466,-391.92933864823,3.02965306553054
2013.92659618308,-1501.31793227991,3.27401878006017
900.399603110249,-231.002053116555,3.48429668415872
3238.01582708467,-1896.49968148676,3.33756580956665
2743.93723258367,-1740.59369646699,3.19937842413669
956.790432054816,-1907.84075953411,3.40185304947876
875.422205490809,-155.10803162264,3.64004503210806
2970.73744636314,-410.189490712671,3.40204895595514
3097.53502217316,-2155.17946964737,3.72168799881496
3443.28546693107,-1756.65896422868,3.12653235886112
949.112800482078,-1233.66281789698,3.37749982000097
1738.26346084518,-953.441382364787,3.20007914699812
990.104692961801,-1834.41623958059,3.51358865499676
651.588658446488,-400.520077683246,3.27558254588308
1380.54374051642,-1961.57768564164,3.28476017989828
2733.54070491236,-1571.19776596756,3.63136756146876
3615.24314293979,-1716.371109614,3.35573291400094
1587.97220068646,-1149.04330272943,3.16299622082298
2692.30437273419,-488.37630611168,3.3028756032371
3889.48307570941,-522.216551487908,3.40343547651419
3460.6702550917,-1377.92299270161,3.54599812160163
452.305976103248,-268.462239210636,3.04339870716709
3050.4685950683,-53.1885324209278,3.45309281978182
2030.31903499314,-888.029806163,3.29133563428097
1053.51797641141,-449.233518009467,3.34164386990083
2139.7899734986,-663.576654338908,3.54617307280679
1921.06325968416,-2155.12662894832,3.09132682344362
2692.1803631236,-272.994659465267,3.25701119948547
3212.10284610652,-1517.23296770087,2.72164276378488
644.95055333278,-1915.1532231753,2.86017957231686
1640.57654587647,-270.344304958891,4.05031271024697
3261.76261897987,-132.133722830393,3.83863130625616
3315.90180561724,-1608.39636330931,3.40579028988458
3843.20739604298,-1651.7628722775,3.30555674184558
3490.85939631572,-1833.41300056209,2.93056511251601
3746.38426344776,-1078.92655568385,3.23866133394013
2429.39403360314,-578.637585257852,3.53831866940503
2021.81606140525,-2044.54396173967,3.17540274790331
1122.66438712921,-543.905444619208,3.39196465851565
835.982955405686,-1023.64573263108,3.27498051563909
1892.01207750327,-1253.30929357425,3.43626215721764
3938.01036827416,-994.238684028865,3.542951452759
2703.5020530321,-682.793849948652,3.34158245853635
1265.51244739966,-863.150236284515,3.51786366804937
2786.44065064163,-528.347166561832,3.40008006832548
3615.85779217179,-1770.50897351767,3.26578053025343
1941.66784574953,-1395.49060041458,3.29070219697682
1204.58958695986,-1165.15404071977,3.61169396610839
3656.26130567311,-1660.53855973325,3.41927418350019
312.968318494501,-1977.20204220883,3.51740882552919
3605.76206535669,-1418.2162818804,3.47492277654326
4045.10133591027,-1050.56514999475,3.47979203512
3477.54543530779,-1464.19543886523,3.47831778899153
520.980021269433,-412.304496210347,3.50263128612613
2010.51614664857,-954.746801683439,3.3951691891075
3328.11438616301,-777.373786736823,3.5526181156319
233.701362998005,-535.83554849415,3.44946977669714
1437.28453170576,-1256.16319729555,3.36171873957551
2623.77950679875,-66.8184341371773,3.49654898634562
3126.20257910515,-1398.78923162561,3.56134245055779
2906.46849830886,-1780.69022770469,3.33096296513764
1050.68966824833,-1691.24833675677,3.45325500719335
3180.65999384252,-1384.79728514257,3.46486269728148
598.076615616721,-73.3447662005,3.46302462403955
421.107420099993,-576.183747471203,2.95370563212361
1844.49686934119,-737.846257304744,3.71563863614586
3756.02098030864,-406.514809922502,3.50369746295775
3697.89670007025,-1329.93385367559,3.62180007062088
1390.14275888614,-1152.14309730914,3.40397139737798
324.927225638136,-637.17508884616,3.44524968319174
3858.21877356682,-1431.51641180275,3.66221170531448
3248.44863145787,-1962.00449507113,3.51369823278254
1400.70576488265,-179.966712278013,3.67238084287712
2278.85825564967,-725.029927842419,3.48671741888302
3709.35710785842,-1976.96831680989,3.44041947067744
3608.63285344541,-1188.2341013018,3.62878245658297
2183.88350848658,-597.750821089522,3.48699682478338
1009.72058387422,-2200.38920204684,3.53096473384991
2741.2202030556,-644.563165475701,3.58542566583008
2227.35400239628,-1807.4692197762,3.53132563970645
3053.16002435217,-266.363225771309,3.41896802349668
2945.05932983536,-884.947256793016,3.69073894111188
3739.40359808969,-1785.7452410668,3.23570837079889
2968.99001512693,-921.648640209811,3.80587467420574
3758.30794008815,-1344.22131441829,3.54763570365956
2279.21404230106,-878.394607506214,3.6552972298975
1961.67160004447,-1999.61799118174,3.68913162591164
2234.19308514288,-204.280172235117,3.5665143723778
994.109449937008,-2170.5487544517,3.44024731592153
1564.04484297229,-323.629948544996,3.33409678853829
3289.44753776441,-1695.14461825506,3.9995452495964
2849.28433444567,-909.175943489421,3.79365118601295
2596.84975134553,-1880.28183481228,3.66983824280697
3021.42344567322,-1005.27563446628,3.39787976753374
3840.843390072,-969.974006839121,3.64196346410586
2505.14909267075,-300.310937518878,3.69703081139228
2014.45615611992,-1565.23134727178,3.60066845126177
3895.52299066003,-1470.27758156946,3.98721899967968
2917.22704845835,-886.309393591452,3.75823550278781
2043.23829874865,-2098.96954761542,3.60498666514194
2002.9200127521,-647.567634977063,3.78796620776593
2248.64074679833,-1198.69437390718,3.72002818948591
162.781726045145,-1063.65340945195,3.64926492208791
1779.64119426299,-237.555076624586,3.65455021927065
2303.94325687182,-2053.98456878247,3.57991757404312
2395.08115448569,-376.456405325678,3.87236322816971
331.961105560384,-947.623996822173,3.83962449297577
1758.58922091398,-388.97837878982,3.62600153989292
996.194390137499,-419.617841636833,3.71989656680453
1801.57416619125,-1299.49410587758,3.50412687909545
2379.72458530208,-1421.04633499302,3.66842437406871
1528.94638136313,-958.896324141874,3.91607394218779
1633.5381463227,-1203.98650044286,3.40126064605258
3059.29427786323,-1359.46325445846,3.70784184123897
3131.31746635786,-1300.70315691941,3.82956887712663
1171.59957059796,-752.46950819678,3.73354256164517
2434.70211948024,-431.428468897011,4.10328917098674
3910.96160066203,-2184.14437608162,3.40645480919598
1650.56463779896,-1655.73176377363,3.90775530363525
2104.84628524471,-2098.30814888955,3.66053079150423
3228.66687985997,-187.001120822815,3.85455340185005
364.023851887618,-2066.80373869837,3.70842747590516
169.854344100308,-1997.67346861771,3.65228643719061
3111.84998649436,-2084.67462012998,3.97874042980396
1928.75854917316,-722.533683962751,3.76838663618989
2095.25338859771,-1753.8043730083,3.64540685810076
1363.16395587189,-219.675583051169,3.81172982521678
878.670336432653,-874.830419752034,3.76152055754203
1769.4351908374,-349.53998610289,3.73895328275238
1990.93789121996,-1817.03649629099,3.85892238021396
2205.98968987183,-1298.49355652958,4.00675080793612
1811.30975834379,-1664.77029928129,3.80128063222401
2148.64400760214,-1473.10445994205,3.91178825525491
627.987375266245,-733.804703870712,3.7322313614904
2982.24533220951,-1863.35577201126,4.02789483677311
2020.47709607511,-687.990853070535,4.03242920447231
1190.21473797806,-914.853175866816,3.87928607018352
221.614427013094,-143.654860209901,3.91054713638306
985.15740913979,-675.406232494708,3.90662474802345
3962.41629873231,-1801.03230887969,4.03369929568573
1746.02888747944,-1686.27697322591,4.01534164340525
2911.98336378376,-2119.40977630329,3.73185136388259
3303.84118669101,-1003.99608056471,4.02804347921885
270.676669528745,-227.556350995338,3.99753034742896
1926.00068737299,-343.265750101091,3.86051597977494
2154.58278035797,-919.073684527593,4.05234956711064
2492.15208022624,-471.094705106004,3.98114208452217
808.64142856357,-919.736825215717,3.83964017175384
1843.91031358505,-1889.15782331094,4.15896776559809
3998.19415606325,-823.154886944242,3.7688322695468
2609.9918711183,-1811.29154204262,3.89388040372434
2193.88355580608,-1370.52293526282,4.59627460587848
829.455128831056,-1785.63961601885,4.24200487578693
730.592927084222,-1904.33847313632,4.02681236890995
3626.40180626559,-1369.69790821942,4.00998684180199
1326.46796611213,-2011.42320775618,4.18189398989483
337.586750270539,-1427.49418725239,3.85098535308015
2007.80955426613,-425.694429281949,4.28107345334537
969.806576661547,-368.968178563918,4.17792669579244
1038.85491435446,-192.10256640485,4.42527918475064
2097.05655152021,-1920.05004455013,4.38997962708169
3531.81884303035,-559.566447540215,4.03998508586625
260.875048213408,-1015.46195916568,4.39965872378986
2271.72709344611,-1365.52355126261,4.10994716573214
3705.36397092429,-1178.24968583009,4.29180984596718
1748.90987833926,-1234.19667431935,4.24622539130707
2550.07359550625,-2102.5960547074,4.66806798894987
262.847336400995,-1193.76983384369,4.3053848105824
1249.07810065579,-443.251075859572,4.78090498996601
3675.84084328801,-971.970768095403,4.32937882659103
696.958534996354,-663.452389481122,4.83966142152704
933.103640996714,-1991.58034779015,4.92940052616744
1340.35169952705,-1715.58044475279,4.67070142897826
255.219652833192,-1329.49577644219,4.97286626226657
472.579758979347,-1958.53815140938,4.72593220818707
2898.57495769308,-1416.34410250386,5.03520347718974
2950.15182569244,-1608.07809019156,5.09062101666593
1167.49759879184,-1815.89219137996,4.9684610350263
1676.51954793664,-1503.02825849386,5.06869311423446
637.690931852832,-1441.24196697453,5.15960766861741
3329.14010759306,-561.058954832304,5.68826637855037
1722.97845226337,-1098.85282613705,2.8383937508153
1109.25749787003,-979.310569221966,3.2776880180017
2551.89384412431,-1865.48246247467,2.90268251958022
1017.61968797845,-1549.71180130215,3.0280832521466
528.599944920748,-1319.62918953774,3.02052626446635
1455.1164337625,-605.641896575671,3.15519596566033
854.798556218889,-1131.96625344403,2.92601725100328
2959.51935025634,-689.188276891832,2.6405052592344
1590.06104462693,-589.320925872604,2.95677280592667
2144.30789597153,-1097.03360440302,2.93866655262423
1258.07515672096,-566.534702927125,2.96853841173033
573.778536953145,-376.930575250642,3.05561560949843
113.48422994752,-335.038554146261,3.10763762939563
1761.05132735888,-553.478602878118,2.89803030635636
2355.54390419837,-1725.67398744581,3.34027696275648
1647.84678248054,-600.804607203463,2.96056154803411
116.350929852508,-53.8318747629831,3.30562398094688
117.605878910822,-451.061504811597,3.51432327652097
198.445131831444,-547.958986322389,3.53016483707847
362.862063133521,-480.755820324391,3.40034620239703
833.480603072555,-1231.13717021598,3.61965587373942
830.743932740126,-971.016691627749,3.68656564063769
932.579088907355,-826.39376351314,3.96073131833414
1489.33008804805,-879.773081744002,3.84536522607842
2106.11474094683,-504.507010967329,4.62004915944757
2202.63165987845,-404.825365778271,4.44981682814714
1880.41892285034,-1705.21220153556,2.88858690633786
896.165339407038,-732.734940438464,2.88351756538044
768.064969211388,-2096.4876286264,2.92180320492411
1853.77950367026,-1090.95492621579,3.12312378871591
853.72496174514,-1876.82999303291,3.07676335787259
569.010195141449,-644.439785047946,3.03881025461185
2653.54581954539,-1806.51918654143,2.59760505790938
1491.71837047728,-1181.68563908707,2.92328238365083
2101.92393292735,-2207.57490349218,2.90722088580808
3647.8733347144,-953.743610157826,3.12146181650599
2863.2033786978,-1912.42533269171,3.2674404223501
187.128236007125,-1477.38882713926,2.88119408948968
345.744262078827,-2186.7707939385,2.98524377802319
566.017746571852,-1814.2003691765,3.20126396750587
3654.65512160259,-1776.20198602165,2.83766555357687
3686.62420694148,-1180.23423990358,3.24532996391466
1229.17568932788,-361.521550322418,2.86983060983464
3382.78050836308,-529.518290425157,3.09782473885267
3338.00428302815,-745.864462103949,3.15016597811342
3253.58396302955,-2010.52694544741,3.33553530744224
2774.05290590061,-272.070980374718,3.67374838689457
2475.29403836494,-1715.82760809414,3.74450719625793
1044.79721631819,-1264.74147127682,3.40972144891376
2080.94065574139,-2003.60692007561,3.45933210830438
1972.24935330971,-2061.57117453192,3.82107415528902
3257.15608098335,-72.7499983866929,3.98039537102607
3824.6797583895,-182.510418857649,4.28000369546785
3827.28770459197,-1075.7333255724,3.80959441557005
1552.60473087737,-2119.71357906705,4.26591420709418
1655.83709506546,-337.817470515481,4.40925436098559
1712.43490085929,-2188.29766984533,5.00522198907203
3624.28904908481,-1864.64064231109,3.05583623531848
785.779803937802,-183.233214453047,3.32093339972267
605.213727058722,-1149.06656276119,3.1388130755594
2796.64224963501,-971.183237623103,2.95111692326879
3637.53897557955,-977.667653261748,3.17922871884243
635.63284563548,-662.751627770314,3.26442546182395
818.038780344097,-783.361405776406,3.44888529392729
2864.02331036125,-2148.99283735086,3.51240853989514
1133.97354531981,-520.918657104107,2.82763584309882
3069.59677703422,-584.632618610516,2.30653858110721
3279.16887183103,-945.559080754644,3.27701716429122
800.86225119774,-1209.00262256509,2.98796692711356
74.1231086554308,-1458.49954955168,2.9850951783206
1495.00745670495,-1900.26043908127,2.80478952582105
221.692448308594,-399.931096266475,2.79716626505691
877.316057633219,-1858.62610796424,2.62380748117689
3658.1991165663,-1272.58278481828,2.92747766423825
3101.98711980931,-771.562868064829,2.94018795588752
754.064932124954,-1244.40083622188,2.77939119664194
1429.14868312096,-1001.26537931537,2.97392961755503
529.836095707602,-1395.83939360794,3.21414299758933
577.535813041081,-1315.9729471706,2.96405936690481
1888.26404693691,-1575.78598680527,2.56489137544717
343.370945993825,-272.013695900827,3.45425911170509
3835.13161032549,-2131.01545973094,3.04864739357991
742.522642395011,-1453.87697335567,3.06032449067063
391.43325725053,-1365.96119691458,2.97103509511364
2315.65289752351,-468.403752955409,2.96828763520677
743.330593957297,-843.159666817257,3.24048938732749
1736.52125312896,-1835.29868837543,3.02918035779532
1881.77078094177,-810.902014842842,3.13169106775089
3865.58788304605,-80.5635145371359,3.4691979533703
2670.06648600305,-1718.16877815267,3.22827104588028
3099.50579661019,-259.445502294084,2.96834293959959
1210.75918247734,-1051.90725391643,3.04476203620971
734.164984950495,-1950.28247716968,3.22820918144233
3708.07536846,-756.938689311942,3.14081680681407
1750.1079742623,-188.246319694101,2.995086476408
1125.74509689409,-1157.10536348077,2.89774305238064
4007.73574863348,-1096.78273092803,3.37054890800403
2437.36287804013,-836.584788205121,2.9591228106465
1126.1802856246,-356.758468134584,2.97330217901102
1485.49522422677,-2195.20540066005,3.12894620342047
2978.51205877612,-1995.27048317643,3.23111630834532
524.006248994417,-1334.88780106945,2.95659394192506
1858.71156201224,-1242.10448336214,2.8811975330054
833.144040096666,-1760.69053003627,2.93155746081325
2342.00177543096,-1312.89736780531,2.94518400947413
1815.26808355677,-1714.18977202941,2.92679259146631
3552.82984515758,-694.731540793145,3.16761272631833
1881.97360775337,-1477.28579779352,2.96163205494737
3345.69526576731,-2052.55863576504,3.39203672137582
2013.72193119342,-1850.81857899798,2.91660370776901
1892.67415925128,-960.132461785499,2.99803389901719
1960.33633343636,-965.053339023872,2.98470658955168
2979.44957075641,-1673.43414555324,2.99358981641309
235.297294010094,-2213.30333518777,2.89863603065469
80.0977661133217,-1034.5459104077,3.03458995334095
1826.99543914382,-77.5353622287995,3.11293863765766
2585.19560989511,-2101.13089519661,3.19832752190098
1740.66924807369,-462.293353576532,2.97689897052537
3854.19224394418,-911.131757088424,2.93983669891154
3499.82422755456,-1786.9776118906,3.07144628877127
2290.22353169676,-1656.01790973034,2.83859176377787
3050.01059629394,-1658.92857723778,3.04165242754171
1143.23422477025,-1349.27929165341,2.95001319713609
264.86573839839,-1105.22270354623,3.16147621097941
73.0659865172498,-717.582505928179,3.27957734203709
550.695803935804,-1766.96665652353,3.16781671386692
1820.03017838555,-246.884908754945,3.44461175042437
1329.65517967703,-1627.39558438307,3.49103947400577
2401.83255847743,-118.26536321178,3.75756727469993
3633.54680878589,-319.340748781394,4.18703212343611
1482.76567710689,-1734.99287573559,4.14213538010274
1446.15983754115,-2172.29422794129,5.45995574871154
3980.53286456496,-1585.95691980285,2.81816521657909
4055.10131286132,-2191.24085405199,3.07624844582837
3683.30571827587,-1786.36053093472,2.87529119575197
863.226463837069,-1564.84798066533,3.21233649437896
2867.07556889825,-979.678575081054,2.91686573406925
1311.14810746452,-1583.20311163452,2.58224047984251
3983.93973094329,-1304.11192922974,2.56412091602153
3788.938173822,-1269.52445824263,3.20609420866703
1532.54924763988,-1036.96593392652,3.17302861006023
869.146475125069,-1664.22061012456,2.87193528849341
2054.85921573263,-1209.88423567376,2.92000384745687
490.298938750827,-1205.78382286377,3.03040648924518
2193.59120051817,-966.302900024046,2.75973860302039
4065.92782311297,-1545.2336637444,3.13874735259659
1609.49455342174,-570.069093385124,3.14560679316042
1301.49719654407,-1400.94277692484,2.98308592195072
3599.10571047679,-1302.21122454647,3.06842127167157
98.2048087135851,-977.434635320021,3.14704878828806
2295.81939547648,-1417.86602919097,3.00075696215892
3983.93258635524,-23.4370199100747,3.08243207616148
2980.45550879196,-1841.47672485388,3.05679141325046
2032.58124238091,-1277.54555395646,2.64244818904032
1009.26684373597,-889.893359387049,3.09517875930517
864.566401449122,-898.923854489065,3.08700647427033
1610.97599387014,-829.754590769268,2.90491412549121
2184.95699752624,-1592.22544330903,2.91639133011282
2423.88635401948,-198.283454365702,3.25701531654458
528.451444073287,-628.710904997843,2.9662715347776
2072.46791529181,-1144.75082197903,2.78223962480215
3362.96007439918,-418.595091864857,2.86221253311306
2747.21732342965,-1812.54219975091,3.16478101074682
2971.93871106551,-1038.7952266683,2.8188535452906
3834.77027126452,-26.322351423361,2.69478585828232
3440.39303349274,-1055.43004080506,2.78511625675487
2584.78681606756,-1787.9018511419,3.045280516069
3868.66138916554,-1613.2296874095,2.99582857312119
556.330406135394,-1665.28070673151,2.81579122674145
4023.60114058697,-867.085265550692,2.903522630623
3099.07218845831,-1568.52128095323,3.25188211039422
1021.77360793607,-744.30741692446,3.00958688494984
3238.68102158086,-124.515884089407,3.10167704319845
1338.31169440715,-683.278601609153,3.03772116940881
3430.27784612047,-1687.94480244115,3.01369390241783
3003.1352905134,-1843.33783946366,3.41972733265546
3786.92980674761,-2078.54851274727,3.24420767094334
2995.08751929531,-1600.44621947255,3.54156579971792
633.17412283299,-790.488645981887,3.01855789586094
635.748432164644,-1346.46963178349,3.01904879634487
1667.32344451847,-790.77692310307,3.37046271216489
2999.74902732478,-925.891934596163,3.09258188745049
1078.46433994392,-1126.94830418686,2.98797442729999
3619.43985792897,-41.6617217794504,3.21148358873
393.327135987344,-1275.79150894245,3.05525026685937
280.030907847331,-465.920908439128,3.02923795861014
601.359407408596,-648.062118911111,3.18077991620698
3290.96886429628,-2058.55471625213,2.90772582538448
3166.13402072875,-893.29131004821,3.08407985996378
2884.74835557315,-44.965600744202,2.80013183494142
2760.09869958036,-1896.03637738357,2.50731827169977
2256.21336254597,-1597.43582749556,2.95352135619007
3754.64534786678,-13.9050168577884,3.1994640913085
548.068100723403,-422.709081495372,3.18790122058881
3775.63405996377,-1052.40031616369,3.19265089512884
406.48728973218,-1697.39357589586,3.3772456157135
2013.52284554037,-1233.97858037228,3.99088256991051
3337.86096905034,-1126.20958273954,3.73736349118822
1197.16872983883,-1609.8676093063,3.57144450126454
3223.19826056641,-866.721470874952,3.88674806721078
390.706415289182,-364.636093089475,3.90560033455771
1088.84608723643,-1630.53139020209,3.55804168472207
1194.0177207265,-1721.00915006109,3.79586585230133
1117.70015155952,-1139.73551410419,4.70299753726974
1871.13744134956,-1482.48156353711,4.16240262327798
3641.04571691043,-1070.16343471153,4.56800549730548
1356.3473779036,-1695.20561449353,4.35714837728222
1809.02605534138,-1597.96513233134,4.21203311857687
2296.45555869588,-1146.16826123177,4.53393089815212
1319.04758224376,-957.724892704663,4.5193365187078
1394.25687020993,-906.284981179336,4.7947305303313
3994.24875645545,-1243.43724727072,5.15312604152273
NA,NA,NA
3718.08729084688,-436.135720137631,2.76277326992999
657.993956419547,-1365.08524387548,2.96973939039835
3723.69639519878,-1158.30756890592,2.96120087313204
815.826162965854,-1226.31636426661,3.06569182147832
976.389299987773,-673.636015242292,3.02637440457087
2467.52866665495,-2066.15041691858,2.99121356452568
1160.88271024006,-1717.95154969226,2.95249827247139
1975.09370236391,-798.551417396461,2.92961579175578
4027.85447814586,-1084.61810543975,2.93641757537615
1195.66126839503,-497.100353740505,3.01584558527003
2596.01303245014,-1859.37727872971,2.92673595268
757.216965786536,-599.586452190605,3.01077870719297
1608.38292688932,-1401.76907881736,3.06128297636653
4001.9829336671,-1042.13951755562,2.94506788388919
2419.99576075126,-2015.48902732161,3.02705546050753
3489.42520198987,-732.597076568405,2.91719547455895
3984.79175407624,-868.269896868052,2.86304319456602
221.584224380905,-1372.08480286591,2.91028408023869
1085.43745451602,-16.4085936316873,2.87067668608679
1248.75179424691,-1074.2686038689,2.856048095795
2570.5309184654,-21.1277688525109,2.97765261657167
1977.73920359177,-875.362787241276,2.94173344190367
2576.31306694416,-819.519884991242,2.88986695661839
281.40846466591,-1894.6837229383,2.9077149717992
1573.41668547668,-793.024842387645,2.87730176445344
1277.02891441962,-395.441762531321,2.93407212697737
1202.11474524385,-1374.1885286084,2.92540342190258
2811.55411657765,-64.7090288200802,3.03202202951327
1786.91791805102,-326.823266472026,2.83941793338052
3488.12648106347,-1727.91458409606,3.01182784955223
1309.01632942748,-1634.59102233174,2.8195379079976
3427.28939765863,-2113.62627062176,3.06090372943306
2831.55759064308,-960.55465611645,2.81752517116955
3391.58009778896,-1575.9349261519,3.05539743703563
3807.16029772187,-1754.8382221303,2.95444398560136
3477.2214658148,-1449.75714774519,3.0125954911239
3507.8310952224,-1918.83143650367,2.98915838744372
2840.39830483821,-1008.47799898078,2.98554785070641
3119.72439965535,-1686.15517800335,2.97172570224396
2040.44028909825,-1471.41994356233,3.10015683710148
2550.95438100865,-52.6789290868224,3.00609286312558
3126.80084878941,-163.380654140131,3.01056744233423
1765.68605440238,-1950.4587592948,2.96105250476085
3184.53716498358,-1912.39222747867,3.01958226698535
1364.14037261462,-1620.8336869411,2.91003838368117
1079.52060952617,-548.630140725472,3.05537475719691
3272.1276623588,-17.1396929020646,3.08873451436684
3370.33691494543,-1215.5048519924,2.88884320860726
1846.73339968293,-339.0109911785,3.07154610242958
1049.32976723767,-2165.63197429337,3.12509871791796
1045.12519574633,-480.593917211832,3.02480891998261
1215.7030471453,-1892.60429952308,3.11077414313011
3439.6720174297,-1254.76975704084,3.0098076753369
324.170540028673,-1909.8420998496,2.99817060631268
2996.11561465397,-1629.97421942811,2.85802114344157
4030.09475616797,-1794.14257996817,2.9295377516378
2494.53354822015,-695.020309378389,3.00560641720391
2629.09013686822,-1572.06348194408,3.1153841586653
2056.06280156434,-162.632624836055,3.02157295974067
1233.23445733707,-1694.21210174168,2.91162600909019
2756.76743848684,-135.325491243563,3.06717298276222
1721.43629720793,-1964.92334593516,2.95878176173305
2553.33199536189,-1413.78606171008,3.03066423453617
2214.68104940386,-397.737338183568,2.96146020359139
1034.53639115822,-1268.0195395135,3.05619983704216
3488.99278517675,-1313.57213535138,3.16309996602664
3224.15697254026,-1406.35524009526,2.94678763864882
2715.24842953856,-1451.56200410476,2.8147105979191
1669.38469674202,-1367.25040003824,2.94186774993589
3891.4354319274,-1842.21707938295,2.96213237406664
2617.14862316536,-157.060877207044,3.12338567602899
308.755128306377,-2042.16907911669,3.16217739092061
3792.68729369072,-911.535591342982,2.93564502267471
1356.22600666496,-1465.50230904514,2.99031421372133
1266.90527589738,-1630.21945661811,2.92995887350425
580.473112785231,-442.754709054805,2.98796455382203
3393.90642362853,-1697.51787801286,2.87530392790914
1744.18991180681,-1807.58558036686,2.97074217380279
2867.81411663025,-1593.41353891692,3.05894257343294
339.328668319869,-975.834131764982,3.02644948987976
3350.39061846032,-906.768417748756,2.98279174834019
3255.98528124141,-312.794264451846,2.97449355952825
2259.61212829492,-472.996986451711,3.07814566550833
2466.60278698646,-782.598552960764,3.02025775781967
804.272722943843,-309.852166206763,2.92630976811037
1210.12676311527,-629.89324583368,2.97822024149905
1886.1460067876,-2110.89820051464,3.04999163908623
102.369514933822,-808.34667267347,2.96764550159619
1934.61188338917,-90.673568077544,2.95279664300995
1609.74971877262,-180.788419040433,2.88913699379357
3368.91887033932,-581.774751778334,2.99257366551215
1154.83576216326,-617.971313867946,2.95348351726186
3285.97411812573,-1508.28264587821,2.98405372663707
281.190604176483,-750.995436372174,2.95679733352261
798.530663976466,-411.407656913937,3.12114693999498
1489.65451403808,-1955.37518804883,3.01783804284826
820.750934026576,-2203.68264731923,3.02191219219253
1761.66820139141,-727.906666502908,3.08010319712617
3599.27038701399,-1733.56581352207,3.0343588928215
626.36056196268,-59.2985469162318,3.04701867349228
842.84755624786,-1968.85773081858,2.89993016547172
1902.89304539023,-107.108123797712,2.95033874454476
2328.23934383422,-296.738791219967,3.02136355904855
809.632431228591,-1444.34222263611,2.89629506877982
3214.62555831293,-2128.40005228525,3.08207995820497
395.282108103833,-2098.24244875997,3.12270059923421
2566.96924272358,-2206.32926407747,3.12418763294843
4008.53981924562,-524.531585569556,3.04575606094438
330.88010640786,-138.089737773926,3.04512171425713
1736.34696234325,-1541.87109120137,3.03887215478355
1485.25395566593,-433.579305906383,3.22287567592073
2168.36099157796,-450.354222332029,3.04049903118364
2392.53786226225,-1034.15178998743,2.94350629150677
195.248148778122,-958.987842214997,2.96756731315504
3639.38038351172,-360.055193502362,2.9370966498088
3977.58224580403,-1854.5789975372,3.08447819479481
2154.52061056428,-2084.5591978946,2.91914453703245
1528.52669653937,-1138.02254436121,3.02389423948464
414.907651963512,-1514.13825447419,3.20761378056239
4013.56559085282,-1695.84332764212,3.24059969431414
1860.7655923,-1426.2434955228,3.01834833607411
1665.53923643154,-577.747072754219,3.03202897411483
430.656523341776,-1480.95947389044,2.89178409458574
2063.38919829785,-128.784590861805,3.09421609778895
2886.76760603698,-1308.1740439944,3.08438878688922
808.993263686518,-151.536397469721,2.96380570561485
2162.74749358292,-538.432625729461,3.09267631434606
2677.09392419915,-497.379478352078,3.0234389868892
1457.91195072422,-1321.77322700576,2.98453330674499
3054.60608296269,-931.677241001955,3.06666956355442
3840.82069068262,-1316.66561912429,2.96999531874529
3389.09656575876,-69.4934185403326,3.03554515579954
2565.82061574521,-608.395149859806,3.0314737050885
2403.88621226394,-410.397661051366,2.99087457176139
2216.35243329343,-1340.62445106887,3.00740850476283
2638.06851048225,-42.3085109506162,2.94935282391544
962.116304091243,-1060.01652699945,3.03180003586527
3663.08809698284,-2194.47675849086,3.07575304996472
77.6179255122114,-346.645068866715,2.90626368521493
2904.8324599876,-491.979290406482,3.11123652961475
3420.12057664847,-242.633650589196,3.04236950483951
3228.30521205075,-1097.86122188546,3.06072230213834
1507.87393660432,-1413.60101550347,3.01526180180665
3198.25357011448,-1594.20416176837,3.06323685663807
745.068837088151,-1966.70365722385,2.99592040763001
1709.65072427166,-1625.44776114966,3.05250395707696
1292.98451738239,-991.452049435443,3.15629795115018
1914.44258966668,-650.623193038514,3.0025915187943
1272.87425949869,-1800.05481466087,3.03562375432143
3065.37355495275,-699.456481427609,3.04998584824187
2492.80394037294,-448.526156555601,2.95637653866787
1389.12766355852,-680.026397018326,2.99933153291046
1281.73275815599,-359.29808349392,2.95202202376567
1723.4244885837,-1806.48128045061,2.9964527898937
984.602813737158,-1749.26830998593,3.1527519654031
263.504182774115,-759.421448007117,3.100509289817
1015.97975707882,-454.797943176041,3.08410163389616
3478.06405392864,-596.144732789473,3.02786861461743
3883.82119618103,-1489.07698218074,3.00229992019252
3915.6240696187,-258.423023310222,3.04452781280762
1054.74799047617,-31.0151444395467,2.95286365682844
1432.53434429858,-1928.46675281297,3.00078355600584
1838.30580991481,-2068.05875654885,3.10569575717397
3394.55538690627,-2207.77131099878,2.93652036516777
2869.45942954103,-1639.92293015477,3.19219998032106
1810.04189376049,-88.7103953193843,3.06087583387129
600.336975655135,-267.68773094033,3.04862324436244
3197.2285506052,-1547.15660355642,3.10357321515866
480.040842162057,-356.755401660035,3.10707620448676
2985.92300056092,-1297.03916867351,2.9664590277823
2289.45966462113,-166.329274907241,3.09051308105052
3597.97389178339,-338.854966234266,3.07551241281355
1366.37400808507,-1699.24250176915,3.05475287489231
2187.8673534314,-1571.01441149919,3.1281524093195
682.554388975589,-942.228074994379,3.19208691879149
1727.00500617014,-1726.5126039012,2.99536583667354
677.531057346874,-1552.91192839204,3.09794501246688
3901.89046243955,-875.118822793394,3.10358572806765
1975.47869910833,-1487.90481455092,3.21224437587519
2651.91404513905,-2147.15867640005,3.1068560572093
1567.64436719931,-1719.11960812656,3.09666010205958
3249.51465074837,-180.329825095557,3.13649141104077
3872.2194998984,-1070.62032635868,2.96134815107522
1429.82991579864,-2180.8204065037,3.14261635090867
2887.45058848826,-167.204078977856,3.11537736804942
2462.47967077264,-880.488448932273,3.10620184158086
715.997258429299,-1822.41223647274,3.00320988183152
3332.3088837844,-615.824199920944,3.01548016998943
3048.59327068094,-1327.70980817349,3.05343634112904
775.090153400593,-2036.96804630289,3.10824449667719
3302.30210685096,-1087.73214570099,3.01121969887196
761.662680567465,-487.321819091513,3.11763463796467
3560.51437781613,-1871.48269381351,2.93347709496106
3545.10387754769,-450.743789166038,3.20895041049245
3290.16063179937,-1031.99246930186,3.16032576095917
576.127141712924,-1933.19438255112,3.09051576235468
2571.80993664522,-242.96016313128,3.23469756722357
1771.40454140365,-1889.27192869347,2.99296377205835
1650.25168958853,-962.290272112183,3.11970518912664
2430.71232816035,-1955.95364435453,3.01200862301014
3254.24342414859,-1294.85414617088,3.10561358337423
80.8682213650825,-404.300900684203,2.98160721550372
1765.71590368943,-1494.50436992905,3.02228162733942
1829.8191251151,-191.696078005584,3.07193109970739
1835.3629420555,-1844.242256869,3.10448029508867
3598.50325150649,-898.996266275165,3.06589408430662
4014.29444307919,-639.476347339642,3.0437427200124
1023.51346389237,-517.522681943478,3.12293058537357
2626.40275914324,-2210.90472949646,2.89906649067184
2604.70840347738,-224.698395407268,3.1816082540585
1510.65361347934,-1772.18864056817,3.08583728867341
3039.19730859423,-1858.23866341619,2.98297862501392
1997.34389270685,-524.169267369387,3.1000879299368
2498.30196843871,-876.733104826761,3.05898874568233
3125.31009851009,-743.395878958209,3.05945802983634
1464.07102636375,-844.467532341783,3.13543899277031
1174.43276643882,-1378.17947816531,3.06365596197105
1483.91472998274,-1461.37431412303,3.09071888756986
263.634146488377,-410.174434272782,3.15178276796198
1705.91405518136,-668.334392989281,3.22960733005645
564.927539253037,-1475.4181715454,3.09065749572077
771.455446515423,-899.832715648809,3.28242852691432
107.499725064493,-1435.95569860359,3.19777025546549
2952.63065309957,-154.780229379682,3.2102030692313
1994.04324052317,-1868.91950599775,3.12838412754908
1903.91907653246,-235.219502993406,3.15281267851381
700.082615538446,-743.951358987148,3.05881796780109
2663.12739024392,-936.136043124325,3.02899367590614
3317.94809820874,-529.38411134703,3.21756610921105
1348.2090946565,-901.398333146369,3.04119666471395
2477.85424061536,-642.58073969143,3.04426636568238
2570.87739308719,-1624.7098530929,3.04198139881406
2367.70153593816,-1730.69997796309,3.11742068442483
1395.24749400397,-1607.11653628175,3.20221866240183
1274.20563350985,-328.976257480599,3.10206624817721
439.920303655264,-1572.4605194243,3.1748178032887
2268.34711641861,-1644.52568511698,3.13321809391682
2393.16963124872,-874.404795594222,3.01803081692155
3689.14176603089,-1730.82453081249,3.20769960598886
1425.88562050665,-2048.69383110245,3.12383482876048
3236.79138306234,-2018.67398524908,3.11171651871643
1223.16359754329,-1028.354750168,3.25886073500316
2169.54653853989,-924.033623703703,3.26117614079513
652.436251053691,-1218.59664254816,3.05574089933797
2465.45228468873,-370.4856648163,2.98644937609838
1927.45080706013,-1560.11350274651,3.18305720033456
821.527091278473,-2004.45289000333,3.15645113315397
2677.12875484184,-1664.65807924869,3.20247690956855
2943.3776863138,-911.421771963376,3.02928790946264
2735.92838368092,-1710.21233132597,3.15141283663463
1925.72264113752,-1333.09223549372,3.11243036380219
2464.06914338112,-179.555397511744,3.06636320788605
2207.05700839565,-452.464758265397,3.14607431382345
4036.54081319166,-1760.17653778268,3.12362726745023
2499.14093529007,-853.291448816589,3.20159073110528
262.167394126578,-809.499615390072,3.19311394278762
2565.1826756339,-916.992728819527,3.15443080662525
2675.81389949938,-673.980228845747,3.24222656812854
253.757930027372,-1471.28952344077,3.16868189005003
3775.18079342554,-654.782904680332,3.05188639380134
1606.60954117685,-301.362257805044,3.26618105198864
1619.31703987514,-2140.8043958124,3.12391627981345
1604.82664060936,-2216.69316949991,3.12388609671316
1487.5393273716,-378.794630320554,3.21770707150515
1763.52606397788,-282.908212881974,3.20999380862919
866.361757539048,-1326.50931217868,3.13393269252306
1827.17974846591,-40.3351864399528,3.11963272869191
1453.94975023944,-1236.47237355709,3.40061902569788
480.28282825696,-1840.65160154275,3.18122630877964
3667.21009619839,-2020.05641057112,2.89358045888565
399.390828987715,-1195.32007268962,3.24533243215507
3487.14930556455,-1342.07898188126,3.05617247095686
3789.92142408338,-489.120240710248,3.04070488981341
967.603378401469,-1429.21857103801,3.1170736768129
3370.53803463467,-295.2933376296,3.21187070122601
3754.0577526434,-1693.14788684189,3.1766694478358
3190.63796935197,-66.9437619012503,3.14936208370095
2253.7287899885,-786.755458570091,2.98141663980931
1398.82769245304,-711.587851026669,3.17496347483836
3654.90959072883,-176.935364903188,3.08726108844549
3570.18468881005,-1363.89735280529,3.12114620445204
1974.35370073814,-945.403103730054,3.18791702419365
3986.85369308114,-1137.456065891,3.14167134460971
3102.23557606471,-923.028026948276,3.19340444510346
984.760086015901,-997.943012961085,3.27760274642706
774.012457871443,-1337.79444629992,3.14992705578195
1277.88689359195,-1102.50466419407,3.16557158499219
3028.20708056412,-1543.49829338839,3.03962209678949
2566.71289525267,-505.817182146642,3.09443257716145
1860.15920159764,-1954.78785584649,3.04767476739543
2194.47944089625,-796.386269415668,3.13829137804498
675.259729022791,-44.0648056382323,3.21615810179252
3955.1983823801,-919.012410819443,3.1933236628429
3835.39865761429,-459.708458918563,3.29230361398276
3000.23713423718,-660.956104099959,3.21659138228151
4062.04079287646,-623.841295791326,3.10326803195414
1977.14339306973,-14.3945522174517,3.26301522969222
3664.90789129007,-311.359305251228,3.19400085347486
2787.95937096396,-207.307652872482,3.24597664729575
2769.99549402454,-1871.39988132323,3.22145185354851
3933.31727652267,-1998.16422468422,3.28516207514131
1343.98350709975,-2013.45891169318,3.19520166926236
1089.30936609696,-364.739233612878,3.35513120121545
346.693916059368,-595.199639873526,3.13965695278683
1916.07104272782,-1795.48283161924,3.18185052422469
933.722933850334,-772.834713124083,3.25108871172436
2747.19604573526,-1451.0195460853,3.24158201443638
2737.02790234952,-336.936803142713,3.13689841163752
2088.31356914136,-1577.26288673309,3.15795828606581
4043.54744535446,-639.995133742183,3.05776073553831
3716.45472367158,-1737.87118845828,3.21933190063372
2186.91644711935,-1670.05058540452,3.15128613631372
471.844963871764,-1399.8162995731,3.21142933089806
1090.31652799169,-2055.2580256859,3.15576019366752
3373.93972860818,-95.5255577393559,3.26191519718782
3467.1653894184,-1347.75694620329,3.00471551742394
3426.53429197295,-2175.0992556031,3.3043077371388
2744.72464230456,-596.539543229111,3.27955895438465
1699.73886626596,-1329.80738771354,3.16897568226671
3160.70743077723,-1935.98594654678,3.3611129361216
3383.35099593426,-470.754131525235,3.30712979481296
144.790132473306,-98.4230269594017,3.22563222894914
2612.25695740533,-1982.12838990641,3.29745406934563
878.794381499931,-2087.06378988278,3.28139248329679
1164.63407527175,-898.643688496292,3.31087207155531
3482.1837897799,-895.605797139313,3.10655542242809
3195.0089264795,-829.642114866996,3.19306748560651
1098.42180521448,-1325.3971714332,3.20393442824697
3329.6878390007,-1835.16129252406,3.267606368764
1962.1055026828,-49.2125557261901,3.06457030425943
2904.80038362894,-746.397279583513,3.17216332231519
311.335766759346,-1533.09989342946,3.26448780653252
1781.19654420961,-488.90900646586,3.36211050725804
1491.36868237239,-1789.48109146162,3.18716013074105
3948.25916236123,-849.497824958848,3.14520895940449
3806.5620468031,-11.4584209134053,3.26498421109783
3622.43529379501,-1564.32438365577,3.2190946605477
2440.75046135207,-2141.08938905577,3.35050357472804
2028.41547966748,-347.623230474745,3.29142832891267
3008.54727945177,-174.336025222193,3.28949660152789
319.109348775837,-98.9739360946964,3.28462291693878
546.376932935377,-1279.37658667276,3.32130724142248
1000.30417447632,-1701.550333576,3.32130104400703
2806.92936905711,-813.469368410284,3.29789991111578
2699.86401640629,-188.97138975624,3.3539956022286
867.16530587988,-291.553522337607,3.19990297229854
1456.27591427309,-1747.86228692633,3.30897921269907
3082.42046197025,-1857.7792235151,3.12559327898961
3549.96251046645,-1161.06046703122,3.23012663120202
2534.21338056401,-186.33669764987,3.29126262432851
4051.00635050071,-1619.78483169289,3.15326109831801
826.884003727796,-1918.39785668721,3.31944965339138
2639.05680686641,-899.375171894199,3.20421318662073
1037.34268246153,-1498.50577135282,3.27562519147078
864.761193118369,-261.699365039801,3.25957213483927
3686.47543008249,-2011.04745473858,3.21923545336289
3969.52329627646,-622.538994640051,3.26953705749607
3026.40595880771,-1843.3744194541,3.31751393860658
2795.59683640859,-2117.2541385013,3.35585115648926
3221.20098008673,-1823.92946663988,3.39394474929916
1075.43613673758,-1290.38772038593,3.43766877494959
1878.51688437121,-37.3387146167603,3.35018570332908
2514.11422358736,-3.0069374214302,3.33149593974335
1508.97374855081,-901.180842030024,3.34933011488835
300.802995772842,-1947.40698761074,3.41860817058829
2336.53598680508,-70.1220363108224,3.28069435285063
894.761703305301,-1980.4932346428,3.24709832408986
3430.11398336121,-984.055052948772,3.17657970025925
2181.42393096282,-2048.52464407066,3.31107249679104
3696.73181811287,-1882.11824483866,3.31725045625557
1478.23586393069,-1972.10621780581,3.1988982730407
2492.14953672259,-1483.42222510125,3.25376459212958
1990.00122386157,-1509.61960756577,3.27546766759844
876.678570388033,-1148.81372644503,3.43337059492359
3555.402013592,-1341.43162732838,3.33820378491644
1092.41324956887,-1513.87939660244,3.24015375056884
2925.41923745027,-305.014421122375,3.28410151430661
133.500131328892,-389.84035913964,3.31042988113462
2398.77971340175,-282.578689287753,3.31890336301361
2181.87174691086,-1423.46893018515,3.28962662487923
110.747595901796,-1502.97395212869,3.47071055779274
3791.61274145596,-1027.55100826302,3.06505905130299
3953.98659453871,-878.841611163315,3.32264584455336
3300.19643575382,-915.647044721478,3.36963879921537
2349.03104375496,-711.989559499949,3.41716974501788
2358.67973492841,-1863.64666526251,3.090690780202
2142.38687075294,-629.735692859738,3.37191893115698
76.6286108664389,-490.460417470065,3.3907298767934
3576.01050296959,-1192.16935120104,3.26423471660452
1903.62109640672,-65.4067152212723,3.31582610586655
3618.44562933468,-1511.6187596717,3.23880855554618
2054.10681560993,-351.903980303191,3.29583105736697
1354.21818328901,-1319.099009352,3.3897471872626
2324.71748237145,-1809.79991822569,3.31907405728705
433.401042833105,-1366.53790631932,3.38194290104388
1474.50091531985,-902.123485539904,3.26597633942511
1132.82985824323,-1224.54139526176,3.3584698309662
3162.14014243951,-1765.09910459004,3.33542169512693
3183.74322442424,-1869.87162922568,3.3684032191785
1042.90676049846,-708.289415366921,3.4101233371836
3190.68917720432,-1436.01298814552,3.26371787026645
2216.46912319776,-1686.02610272265,3.19562992623554
173.779791047019,-772.292153527096,3.34701582600743
2740.82421290432,-1642.49105588068,3.49592071319647
3261.11582795373,-68.3672405250538,3.31794224338911
1165.54680985284,-1146.09542310079,3.42604880690392
2925.89182084245,-746.275093320455,3.35572993173387
3241.42954425181,-797.902701139664,3.26569861119509
261.492271512817,-1354.41406773848,3.46240873725474
1779.4039737183,-2100.84852933278,3.19988864588945
2112.10664901106,-1137.57178675787,3.38425551856075
1987.29496652135,-1653.96653659286,3.41677139684631
3933.15428694182,-1450.34509209211,3.26844561287761
3908.94971272401,-1266.8616265774,3.39913041277419
1688.11260963135,-771.675273577519,3.32257018985724
3031.48594518098,-190.428421537413,3.26387018668036
2166.01845182561,-1105.23513065821,3.32931727576124
2627.26842111242,-1618.560889261,3.28504205639276
1988.86253333409,-2177.28042289712,3.36693086009567
434.080883134519,-1740.91461328763,3.36798364843048
746.55822932333,-1887.96606741799,3.41102618965506
1700.30386544747,-1475.49341932884,3.30636107620683
1152.05827453824,-1003.63874846119,3.36956062528395
1300.09645245263,-1047.95608093643,3.34142798227486
2423.33733670786,-650.503257733702,3.22380970191605
3412.88249703655,-1786.19572798335,3.52097416307512
2315.81233444718,-86.8071518224461,3.34136572851686
2087.30647601351,-250.168272721459,3.49590755097465
2641.62295246826,-679.368505811719,3.37227945928885
3379.66911929676,-1532.19792807892,3.40508184779187
2372.01323153617,-1680.00701620962,3.40337367761337
2788.57384380061,-882.916959584637,3.33804301747133
2921.77326080601,-2210.82587397052,3.3825408876652
1827.53160301502,-2001.40947119131,3.27630074846633
1470.80365117158,-869.08426041503,3.25083123265673
1792.11575160334,-686.724306354449,3.4607097125773
485.196488035407,-614.423735614179,3.38702900901167
3490.68845276995,-1209.23764847368,3.41924444759519
1954.92811534919,-1443.29919932559,3.4504434706282
522.192616601115,-195.676106349635,3.44280307587387
3661.54583614491,-2125.68172143861,3.27432341788359
294.175664298145,-342.403361763688,3.43449323621686
3687.15773282206,-616.163728811523,3.46570298191279
3168.49488741129,-677.639307836165,3.46413541442895
3426.44708443195,-1202.40672260352,3.48527815071784
2215.30273662603,-596.10764668807,3.40017818479795
2127.01160040382,-231.891077290047,3.48380500745402
2678.27055979541,-102.859602798825,3.55284199573683
2180.13013072265,-7.50591090275124,3.41824667629898
3158.87629932372,-562.110867731045,3.39943588323179
178.999079145615,-44.4779573122852,3.46768304495539
3276.49046391621,-1549.86198426195,3.40665393452946
997.157940289721,-533.369018539043,3.57374262166996
3199.95081195832,-279.009758663561,3.59893661381926
940.967317094499,-2145.17611127966,3.5372579593847
2955.99738560498,-570.358091314542,3.51472307133323
1882.74793593266,-1343.02272577435,3.55332297384939
3577.77315186305,-540.19899259838,3.54854543823343
3633.95888811315,-1085.32283849316,3.42237344954015
3032.24220188218,-851.778246036654,3.51802119968258
1686.54075456375,-872.547023583623,3.54794158360659
329.17447445385,-683.032201003141,3.48512905201102
2826.09527935969,-2097.44433859644,3.61723489148314
3806.01460669477,-740.805018794401,3.5213626040038
2469.96692800206,-2016.42224507343,3.51413682974898
3727.79010538535,-614.279230173049,3.55519783271198
1812.67845531152,-516.244758933221,3.45281803781156
3097.27848083049,-1456.02852162246,3.4717511628512
152.125215109106,-166.060952441649,3.54045493767593
2792.72558030428,-826.779918324388,3.44448225853284
3086.44097694102,-34.8223356259418,3.59534178901382
2067.66951552027,-680.276394207911,3.52977074667534
669.77964584118,-1453.80320123897,3.53013709708244
2821.52469321454,-1101.7764121599,3.50995876367767
2348.66760812629,-116.233238657369,3.36830100454002
3634.88707478869,-2192.41443949534,3.46452416389659
3293.96842422678,-2132.73602953157,3.48918442041017
3179.42240226163,-100.260746412578,3.41649072587666
2381.62709647714,-162.717462136205,3.63669353043373
2285.24651269767,-563.417493601909,3.46914728232716
272.815108798286,-9.83322822009628,3.54944230694717
2348.52384101006,-1413.46138808077,3.52744759211155
3284.39243234995,-1761.03003151439,3.79914950788801
2565.22302706048,-2027.02737614461,3.61395621380677
2313.95922360019,-1960.98781436909,3.41834423496278
1253.39682539168,-1726.0804071696,3.50715958285816
1839.06606638469,-1360.87310226368,3.61761970503782
3842.59631202886,-1671.65794435992,3.62543995340629
3475.98057418702,-1029.19893077031,3.60016421362457
1877.96574295419,-1379.57138649338,3.65761510215572
3353.23216739361,-2199.7713839227,3.68793336715744
313.843472643357,-1335.17162175865,3.72678432196032
1945.47290838136,-608.33141536412,3.45250622396137
1488.50590441273,-169.025956005265,3.49853694087799
2995.48583323449,-1441.8600604788,3.70371464247959
4042.14810263398,-2056.54031809187,3.72091409874895
1307.97145662614,-455.483494278965,3.62283936517936
1682.25162773447,-2162.94241523662,3.57521399655809
1533.9834793687,-2129.72504635699,3.62698253760496
192.631435801649,-886.418740730353,3.39323268651383
2473.92591283842,-2117.88883056003,3.67432995287231
1782.98781401309,-785.794992508215,3.53618564471146
1835.74528453542,-602.95278619593,3.57599711814747
519.94241812395,-1555.41095924366,3.69839797202034
2723.63963952121,-274.943654136273,3.53259900811344
2356.12350617662,-390.123549472961,3.6458320350901
1281.17336548288,-160.600862071068,3.81561048766374
2827.09987429878,-1198.22778503932,3.53911045627597
2133.71948015012,-1297.23652369397,3.77762302555718
560.862759779043,-1911.55140230984,3.50649209661249
2052.6614082513,-1821.64000731529,3.69602329021077
2839.81370643202,-1583.37771862372,3.58596285825695
2966.30205912133,-2087.50720593501,3.73858307050202
1180.10138899688,-6.12517297117396,3.62307678440723
2290.55902399727,-1088.03298844205,3.70258797897519
820.602851247679,-821.920271093346,3.70333021423365
2546.32182583336,-2155.35952165389,3.69149906495499
64.8386079160893,-1517.257215171,3.53672163095981
3895.09831912127,-464.405601307523,3.85983048392106
2835.8808447668,-709.876823213642,3.77659171810854
3726.63540818805,-686.945798203774,3.69679425740249
1217.04539121835,-198.893884324681,3.53464091366333
101.182466631492,-1322.35756062913,3.77789685683288
995.478046006845,-1165.46283453462,3.74104149303154
2384.43162935931,-1350.71840447997,3.81849513170186
3255.55805820673,-1129.48915879175,3.81176220576772
3000.89170152324,-1670.54583519852,3.9199260632775
2279.15935547637,-296.389922175308,3.89555612822859
1002.7951105662,-901.700150609479,3.70127322506731
1513.18815887817,-1731.53892147504,3.79483060019916
3131.63573776533,-1992.35234950776,3.98386741186098
3729.13779530998,-297.831145377795,3.88105909115034
320.815222572964,-1729.68673332118,3.91026208135969
1869.18597508032,-1997.30805536513,3.90387493985962
549.22379211592,-846.195009662499,3.94636438237385
374.646862792504,6.01432358446943,4.04936334275213
570.198680693263,-163.387379654569,3.83178424838536
3063.02924588157,-763.713636891001,3.81097632561435
2701.74267778142,-2037.5213488689,3.94608716097339
167.480192791713,-304.777195249888,3.87751649673173
1363.28570015329,-1042.77936700066,3.6840133034203
1596.44202092332,-1328.75063458925,3.92006213634714
352.597132608655,-766.070412942279,3.80018454845392
3753.56208600553,-1025.40071680791,4.03991524250623
2875.66257922095,-13.0060123904758,3.90636960590241
518.070313749129,-121.456221634652,3.79633939734893
2423.44775471897,-1003.69041669807,3.81953376304384
3347.00246272176,-1356.75279240898,3.88269665307369
2810.15913777771,-386.333625092902,3.82511785666391
257.106374381027,-695.724457275286,3.96128074904607
3782.45689756356,-1517.34226304517,3.84479119917182
2461.90480582043,-311.368217449921,3.88814137962375
1088.32304572435,-236.494203002733,3.97492732357592
3011.31141586658,-295.796950234147,4.12116094642741
1951.96038256732,-218.004541760082,4.0134536996852
857.121648052006,-548.192702716549,3.99543537283954
961.393442914476,-270.312090362188,4.1583527668293
98.2147089518356,-1097.13490938182,3.83936677746362
745.988646965081,-1134.76507827874,4.06827178742777
3276.61451589433,-184.663775829838,4.03250502036544
2988.61979445926,-26.5859381373922,3.91073389316303
101.081112734522,-321.406584960987,4.14976651146965
1148.80714101391,-2217.08010660993,3.84448273632752
3265.63427514631,-882.088295353136,3.94477817043873
2599.52052591642,-435.384100118044,4.09468761373295
4004.66395909584,-1312.04768884108,4.05550738783237
991.127850137712,-1885.85558969047,4.10287606169673
2234.81212143482,-1977.17466426998,3.95286414320642
3310.0774292505,-1906.56616665107,4.09746643374624
1759.39903867599,-863.483013021429,4.1546268635157
2939.18902597496,-975.956395833394,4.08656393681289
1566.72925660816,-1079.56661554821,4.08534941717076
3308.04988839025,-241.605786490483,4.3068177353255
284.902520471109,-545.372141076107,4.2513320768023
3087.94597162178,-1950.95665040154,4.09696543710339
197.840493579899,-396.142859342436,4.24588425067678
830.149605810153,-1348.24103295641,4.30541096363393
3761.15178246571,-1432.35872280156,4.1902310944996
1248.66402279019,-1527.5456490734,4.16986606875043
2731.82563251673,-1964.82228986975,4.25019274682695
2438.77186166636,-233.214340056842,4.04961259693362
3454.31465053891,-29.3202158843678,4.10689335297659
1239.13360128054,-808.540868272013,4.26695642368722
2584.58076877854,-734.399898641927,4.32875874499393
403.767759864921,-99.4747789860335,4.28577973405191
2339.37696594706,-1818.29258223065,4.33325219210985
139.577643226027,-1176.96853376289,4.37856542085796
2536.059083504,-1933.36870834796,4.31600484420422
460.692450023442,-891.951870022167,4.4450244289185
2108.29882800479,-30.7801724880024,4.28701476595562
1263.77076859777,-2158.2159677802,4.40095252883562
3051.87198280915,-828.909993486067,4.30595471057114
2286.44867849618,-345.916937781591,4.37368013661588
1825.14793994173,-2153.3536314294,4.2295164642343
3450.1728825224,-1656.28791871959,4.4930054591067
2484.78294378815,-1323.40518326792,4.50552266667957
2340.24771087681,-675.098322225408,4.51289696140712
3337.41457770954,-679.205275262985,4.50856113871343
196.893230115611,-1260.14423330171,4.39700208536397
1726.23607877866,-1369.7331941879,4.65983966306667
3954.84292411896,-1398.58851102119,4.40107831759702
854.651029610241,-1100.35281132062,4.71387046975412
3047.66025271162,-2077.92248694362,4.49515092924173
2054.76442857031,-1400.3081914145,4.26773273178524
2927.00115945447,-2037.0072343636,4.54092865202326
3131.80670552081,-1087.92497397624,4.72654804134946
526.763131808384,-545.006569072727,4.8578127703698
2575.59480906321,-1604.79368459918,4.66156702291306
2982.21509685355,-2159.66919482164,4.63013898458593
2899.79550110751,-440.805531135709,4.77594091948786
3620.9377166507,-278.248712956193,4.74029973679233
1113.34930793671,-1432.08879934475,4.76969531749538
1549.65532072951,-668.782139077229,4.60147660000249
544.988440796542,-1200.31910575091,4.43746340996014
450.524463408082,-1299.68215403863,4.69290654675738
2174.88738824179,-1874.04766543152,4.8193691285688
2669.62085904904,-2107.46165220725,4.75295443318821
1355.85853260466,-639.411050371252,4.98893192180962
504.64012206625,-2074.18310989383,4.83967880652261
2966.36534589305,-1951.25557644893,5.04568055616378
1932.1236998524,-2187.50900228278,4.82827382512343
1120.74019489382,-1974.67876451869,5.06758787148826
3207.41453278176,-1258.71626379053,4.79556949691826
1680.80836077609,-493.98317188012,5.09177785293768
175.295016404634,-663.017662572281,5.16798257113796
2994.79111614367,-1179.25140432344,5.19549391981489
2890.79564626803,-230.650203107434,5.11061261892647
3457.04019963277,-1335.57614303767,5.39381100420976
3308.7837764536,-471.614754394238,5.24219607362614
1545.69459815711,-1004.74926996359,5.10137050724443
753.619255451873,-326.36170352065,5.46597611985293
704.322125663478,-1664.25312267991,5.5432773705629
1409.7297068137,-1169.55206163309,5.55840660186463
594.59930416268,-1022.86346077792,5.74518195139381
3651.48153472379,-2098.80812410679,5.78061646099672
2620.95199007416,-1081.30686021154,6.14570622703253
3383.09868614023,-219.535428214746,2.90673983777776
3213.9048842217,-117.875270044786,2.77067701262456
2710.37019896266,-650.923841432738,2.72297230511908
503.038508102472,-1901.46908185777,2.95930625962018
2089.3806595859,-2161.01365202961,2.87767422659115
3558.4340019694,-90.0868104798515,2.71856334321122
444.170923133714,-745.492297767854,2.93004431812734
1660.3275832925,-447.356746959263,2.92316179703029
2353.73514248074,-2052.84072127044,3.01355405642048
2983.69162492546,-2034.31391673618,3.015679829495
2671.51684979343,-922.541457339636,3.02187328423852
385.740672871641,-483.87870343508,2.93571378116454
2638.05597578515,-331.626364169581,3.33305006684828
1806.05228836542,-727.655757260517,2.96041091010912
1587.06141190995,-2063.04026441562,3.15989124231656
2642.33405937797,-359.096390073088,2.94658013535509
179.964243432332,-620.754532842246,3.12131612973065
1722.18495421702,-967.661734748183,2.9736253121509
3084.23573761677,-1083.5043575553,2.95311464859072
2458.74063264476,-156.259694988269,2.67780838506946
2177.25565037209,-1316.36892502078,3.11083199585854
3672.83994430263,-129.486711282178,2.41406864805709
2216.41237277872,-50.3585691456269,2.98391721183792
1699.61403554467,-841.363345735642,3.39234323353476
561.132153382442,-1494.19615921071,3.14873451476452
626.036401383506,-1418.15329191688,3.04563517411405
2689.79422877426,-35.2810499178988,3.09770168565665
3181.11384762404,-1607.56266889333,3.0502180783025
1216.71880206847,-1932.48357023117,2.9571935124789
3751.11458179347,-1736.96193392007,3.25636484825141
505.46592627217,-2158.14210455296,3.03160498029138
1436.76205628213,-1777.5155544419,2.77177470257244
899.514216317571,-201.245096995103,2.92629202786959
1134.07171308439,-295.997759996814,3.30820134593477
2268.05433342462,-495.926684717465,2.84218619093287
3262.66146102787,-366.179046383178,3.01915848813517
2378.51267020292,-305.344395868654,3.22370575628813
1497.88415678963,-1003.12318733509,2.87500471056656
578.993092057496,-211.908336846468,2.64054963296301
1615.59054185639,-1084.05401204313,3.0070562352889
1530.8307808216,-503.878255436274,3.00608398892937
409.73524798733,-1038.17095612073,2.80052419246096
856.038442357789,-420.67620914037,3.00978028824681
1801.71215597332,-204.965811018959,2.65663898077517
1426.12599984524,-78.7420463909418,3.12973556239728
1601.79924076729,-599.122515215552,2.92755895713565
3891.15061693633,-1302.62053866069,3.01612247963988
3432.40546114109,-251.517259638091,2.93097439722418
956.09679860172,-442.783187057129,3.01148349478065
3434.19237514424,-294.134695491838,2.83986719579952
2410.5754650815,-688.709061654495,3.21741823732753
2879.26770638312,-472.897248175295,3.00730357163776
816.271595288977,-578.640040661542,2.99618974638946
586.980887473467,-1509.29983455923,2.8248841117624
1461.70935648641,-1714.07724304294,3.16936102288938
3426.96186112114,-820.725320478552,3.09319257402024
1124.3851078924,-964.346590478792,2.89543333344135
4021.21465310402,-63.373244322771,3.20160197705194
2314.46009479197,-992.809369704097,2.99740985895786
3536.78807862309,-360.279303304345,3.18450018748954
1394.51691984364,-97.2313912658741,3.01481778623115
3393.49643808025,-1962.54177964604,2.8692771362495
911.418480753514,-1525.53108865831,3.11886873677758
2015.38202905848,-463.370473391704,3.06570018405777
3178.06537001393,-293.310657538012,2.95063928815481
3509.75001639215,-528.585834058837,2.68895840249849
242.24548985192,-108.967493541116,3.22546331559705
1035.26352497075,-126.92033132102,2.8765953369255
349.558305831186,-527.119478742023,3.03882523556697
3091.14863417093,-1799.9771342247,3.06381200539678
3906.70216603319,-7.76625176811799,2.95914073404322
827.897931205813,-374.968666476415,3.1624976744917
3141.12967063486,-506.454811640146,3.13805348171864
3730.83895958735,-333.67602229047,3.19847886154244
1316.4915799806,-383.174932070136,2.97615030573692
434.708881724956,-1871.743776885,2.91215349656735
2274.68399974631,-706.528326466897,2.74638462555655
4005.72381662415,-96.8993986131462,2.9458326648526
2079.32747110681,-355.155401195966,2.8855684492544
2117.49237104065,-276.366938376221,3.28120689984512
3534.38556029234,-882.231408872961,2.9698582628275
688.337437738906,-79.964588801962,2.8698580056267
1146.07757312788,-1448.62882996562,3.06307028077171
2799.72666334307,-573.390688995442,2.96104505151293
3607.9631418007,-622.956187090206,2.89776185410637
1631.68752079217,-2134.56940823387,3.06452062401591
3164.23837303338,-299.985738288633,3.05871977631293
669.834103909713,-450.419155703114,2.91504515676579
3355.13742364128,-532.470329230619,2.90422794626846
2160.34596947966,-565.361127214,2.89117716670423
3043.69023761875,-1644.45762666859,3.21686839180162
2036.4332618386,-76.322161288797,3.01031915112487
1288.47394856546,-2109.22297914621,3.03035504848099
2766.5320492094,-1938.17064269618,2.87979637242914
2744.56091517403,-1838.45453083722,2.88171117016447
3572.53742210051,-1894.11662620007,2.85193798389312
4067.7619809281,-391.784372394102,2.98652480478133
2588.35255942621,-32.0640538979571,3.29884452422969
489.991808987744,-1472.09121989236,2.79372146039126
2452.88713123481,-202.785581113064,2.86557068671151
1117.65219056462,-212.613362827722,2.60273573140452
2199.56910705262,-1654.1052196389,3.09238618190571
2040.57216151567,-271.224520185865,2.66053051290332
3124.35120902167,-440.993509239634,3.01031265484028
1922.85270743617,-419.633467332576,2.88642244614086
1447.77805260605,-114.996631773153,3.01498590370157
1311.68672239993,-1416.09658867125,2.94939436873526
3212.88899831842,-412.073099859063,2.96149479044458
2014.45742892595,-1695.04192136363,3.27132037067981
2334.66734795781,-2215.34063872073,2.99064594231378
3112.83914947256,-2201.08360038591,2.92863049694547
726.243674273686,-1028.26490778836,2.9411811358158
2978.38519990436,-336.130982629952,2.86390032849376
3527.83384571027,-1672.27398486125,2.90431555539371
988.206658840027,-42.5661119954435,3.09702566561684
347.04717597814,-1454.6728192554,3.14881472722167
1495.70469981187,-1217.21718967509,3.02053287505391
3352.01414132343,-1882.40256341371,2.95902918464506
1130.73419071762,-54.2062747478532,2.66304542890008
1204.88521068202,-1079.65689760459,3.26803140864263
176.222055788598,-250.517780368888,2.84493741333229
1334.94766907159,-1650.17098523644,2.88480985679673
401.343825196796,-66.6810593277142,2.88893154133652
1545.15023856423,-238.459497824772,3.13143161202799
1196.86529156662,-100.083446392987,2.78909411042209
2393.72997630714,-562.623464227495,2.97289156050362
837.747451504072,-189.671895011319,2.57861695539005
2483.67504966948,-361.901885247193,2.98490315100405
1573.91830793665,-201.619197717256,3.2329570282435
245.204919959484,-1730.19453379614,3.02907477325253
2028.41449482057,-2207.49172796231,2.8891597431866
579.586455086353,-947.703295972644,2.93226093975451
188.630806161886,-1641.86201501874,2.7958234653126
1307.39156881538,-2120.22997222894,3.04902935412154
1162.53760881543,-172.640956508284,3.17488862576957
1785.1331665676,-1920.20455317908,2.84907345530507
3268.99468591185,-476.058991227136,2.86096995536096
976.872637655481,-1545.98572150502,2.93736747146247
694.681308223054,-823.069361723919,2.89470665961123
1517.88857301415,-407.067233502876,3.04321384126764
2998.61086279027,-1743.34209194722,2.85912385519411
351.186748187753,-264.121165816726,3.13143103702688
2269.4962500754,-183.292328068243,2.98785205944839
3004.18464889417,-76.2538215702731,3.12272865368409
1411.06723373543,-222.384082612977,2.71821845268622
3437.50137435137,-855.358365373473,2.83897389017356
1181.86348927159,-509.233480514685,2.88388141597475
305.351806477518,-15.6767718269557,2.71001904844486
1066.39926873061,-53.2541397594821,3.51753460227531
3304.95997119591,-464.049185035067,3.04211797640673
1859.80714876401,-19.4508088333357,2.9462085909606
3333.99517417143,-640.571494444923,3.12868210597906
336.596386555993,-1590.56296449002,3.05234111084909
2417.82677157672,-51.796123407263,3.21840218900366
1119.92946183469,-2186.51009059492,3.02546030767546
1220.45141123397,-425.496918820954,3.0358473494683
3116.20141510482,-1706.69169114522,3.03858917201957
3336.49192908851,-880.194287478916,2.87482629464505
3096.96994472418,-2107.9380616753,3.03815610341578
954.530249588886,-2122.94385940308,3.10110146018896
3501.25337606023,-908.47701199884,2.90123486485137
547.272243291579,-2125.06524137058,3.06516929317569
2507.29786749696,-436.435180025229,2.96253145493452
3898.46771930511,-364.203087263575,2.93163996027625
3443.10314927993,-470.990997752283,2.79724031255047
3684.61040681613,-492.867714501494,3.08122414890789
3711.39512517911,-2010.64756375814,3.05354339945348
2965.85482979778,-1379.6506776368,2.87204412076039
1095.77642564692,-106.747071135733,2.79348187997672
2496.16029959717,-1931.08381843318,2.96154413710169
901.34766761189,-96.9718267728094,3.06197052441465
534.289260830143,-136.876973099645,2.97409243483287
2840.11939879339,-550.03185221921,3.02960692469475
2089.98043755058,-1955.90414072948,3.08603122897242
2606.08748330106,-1950.82246105759,3.06703073639342
163.141755776007,-1530.45836177768,2.96369112058465
624.746839748047,-1399.28862330292,3.16729506274917
360.619390874342,-128.12141550006,3.54573277276905
289.983517950268,-711.060148891042,3.00296436466156
1255.99191232943,-1496.85663549884,3.07818471843802
3040.68334506641,-1953.95121923489,3.17631099370772
1668.21154053574,-143.559824385025,3.17924136929039
1653.86000187705,-60.9941258054716,3.06929670099907
1108.32499685173,-1596.09672180194,2.95560567764672
880.217452860228,-108.101948853366,3.08878333570685
236.836340928384,-1792.12445982242,3.05339850468109
85.269974658677,-61.9296570228996,3.01387608720835
3672.67700608943,-1440.04402063865,2.98928489732758
539.95126266321,-377.377957146983,3.05560136079672
2956.94527070683,-104.072530883873,2.87940063660715
609.706349369661,-431.279538421647,2.96968905949023
2827.1779892886,-9.82445151052337,2.87486555759029
1280.03484991502,-1944.72964243275,2.9712621506068
3871.11159408994,-289.716302913638,3.07516240839202
2156.81320928114,-1587.79246625476,2.68131286048193
74.0836898006679,-2099.14199627364,2.97188738886872
854.443499839776,-1524.91855669555,3.08183772984979
911.572932018601,-81.3808145410971,2.86256568266197
3179.91156130969,-461.014102337015,3.00088686149764
1701.6555161329,-103.444408570909,2.99296544781539
104.743046513389,-371.665772461465,2.94002720733275
1783.93176363485,-1133.87387764108,3.00603581326265
1978.58118049983,-449.087681012089,3.06494379063145
3270.41876942387,-376.421735905853,2.89372316318931
1308.42359388935,-225.832483327947,3.13800018868544
735.988072860846,-1187.57507196213,2.68423134415859
1280.12280403952,-99.2444055160776,3.2231377801862
3286.15880667031,-866.74519822718,2.96268601947722
1220.87058575454,-1550.7883623509,3.01864511445526
363.089590305552,-884.499898543499,3.16350947091039
659.635119126086,-898.530442720725,3.01776816251487
583.359552701636,-1602.13106370241,2.85102150900338
3713.49294167772,-1673.23980622152,2.92565197676203
2417.43564837237,-234.834447783465,2.93474695961216
2803.62171297052,-1960.64083113815,2.97415686359663
1717.7645354234,-1915.94890747068,3.04661005942065
2320.2850454281,-158.046661445213,3.03545166201728
1272.15641633049,-200.950107795348,3.08962381421147
2179.14048620045,-219.961858924916,2.72216426902089
3186.50202183816,-661.141562031022,3.10877420552976
1929.3638465616,-103.342085849051,3.0986021921205
3716.66719244842,-254.035418134023,2.8883739519783
3754.40927850529,-164.076811640035,2.91829012428701
1581.97742002777,-254.097160672886,3.06227441704606
1031.28212477957,-1619.49309926257,3.16964115038828
1052.90872263037,-1576.96978047483,3.08979214885742
3696.68776691955,-25.525884688705,3.06719455562407
2758.46433770041,-38.9762463454073,2.95596583793189
1385.98417699754,-139.895207313649,3.16959586068584
3104.71567786943,-1976.25791386832,2.99122258332516
1006.16330433332,-1021.38212056646,3.12530745924528
1928.95403824974,-472.6367497773,2.97492292864071
3336.35309152218,-1791.87193135279,3.1414204604933
403.886119181032,-236.124070646382,3.43170333961783
2240.98843495987,-1761.0699777615,3.13902259613069
2551.89966502732,-2139.14602263954,3.2488232211584
1414.67278158101,-1970.73222058932,3.13291440069146
511.277001210654,-1753.69332992907,3.28813292411591
348.967650545803,-272.648908980993,3.09070455802266
1797.76558699554,-1647.03896159721,3.0436322054521
1897.05392489903,-2184.27088301309,3.22556023693763
512.644488848158,-501.917598550028,3.12981808454604
653.12137044269,-430.149006345877,3.15351946346141
869.918424552276,-417.93820125599,3.14991839578636
1055.89973457487,-348.009346544328,3.23542610835465
1362.77907289555,-149.769431350151,3.07378734953027
2021.18653967111,-522.915976621849,3.13972397778879
475.055684060135,-145.278115537668,3.140453339284
998.496215838152,-253.132201312018,2.93048604901012
1823.96039336788,-135.578355551563,3.21701137907839
1635.24596941901,-298.989919400314,3.11657471236693
1976.64696101312,-1405.29526475887,3.17291579666893
2613.19841785943,-315.936063012622,3.29376533494777
1638.09783979211,-1021.47588510519,3.1441818447747
3609.38084783055,-748.231345292173,3.3558425070923
3982.04133083579,-539.770527090078,3.11705186295994
3327.88958358612,-1711.89117993601,3.24477745007862
1313.62873109915,-1601.89191734619,3.2306202306271
1941.71621394917,-1496.87603137137,3.46795753264132
3623.54475118532,-933.289481922015,3.38340401456426
1988.50452546081,-555.373246876912,3.29964957217312
3560.47926031118,-1629.13210498903,3.49895267574515
3001.41556074083,-1642.97788340039,3.54059544214047
1180.80310292917,-1908.53019914131,3.430195343556
2895.64184933285,-1355.6475620177,3.38178482189752
2601.53558364658,-161.185097423709,3.43071444935223
631.07680533566,-282.687441763033,3.21676215883911
2404.99575845219,-2216.04710881409,3.51889521261612
3688.97550055798,-522.608706082566,3.49235731513099
1941.86305001136,-766.379083128055,3.57894760277038
682.038860690694,-1880.03346113829,3.36976831251241
1838.14525615846,-277.600063208435,3.40741775616402
1691.25778764843,-189.13116203568,3.16871621530608
2793.85797290382,-1377.54837057612,3.42241020594758
2409.73506220919,-2206.74688088009,3.50452182536153
3344.36041387124,-1737.56796451514,3.56161681666341
2526.6440900508,-770.43635799936,3.4151553355268
2820.11810341414,-168.158865476402,3.38494450999805
1886.58475704871,-544.937676671112,3.39096465863984
812.515326423685,-327.503452936783,3.36119047192139
2324.19294592319,-1501.63958983302,3.67413367077535
1515.14542405412,-342.02639319857,3.47991351550332
1447.95141187992,-372.171680726935,3.79211509544925
2563.53275100581,-174.110805403881,3.43199912090813
2962.94390077861,-1476.2269341292,3.43581885388866
1480.64576707207,-317.767700184268,3.71052910127663
1451.53711829468,-266.523293326769,3.61497750667687
307.29017332773,-2206.56562097599,3.80286917148656
1319.60627292699,-1516.79671750889,3.81729130984848
522.108194643463,-306.799205600087,3.65827671393492
1916.24923618247,-177.491743868694,3.65143583675301
1393.63808700861,-342.463578764934,3.86712878780912
1599.48808359341,-1692.48147188762,3.8216970319271
2034.00978774801,-217.158218994191,3.55398998524879
3007.19995468894,-1834.39206001676,3.91637008862119
444.674205918945,-351.04830794943,3.90428003218564
1940.91987378367,-493.745741329444,3.82018833177927
1317.28230112613,-181.235640074833,3.72923222795847
1088.54464884846,-2124.77350320988,3.96894651548161
3435.33850842056,-1829.91239647387,4.18413599533998
1166.46573297671,-1513.87235046599,4.04088018657529
357.395388692574,-209.690434168555,3.77638017034451
1534.46662436201,-56.3184074854921,3.95438270873965
440.098987717483,-159.990429165766,3.93514357879301
1035.24177730502,-66.274889526107,3.7685386784838
1537.44378853799,-1684.95687716995,3.97174237237895
644.717056251014,-183.922343001239,3.79369398229812
2320.52871496679,-519.44434119487,4.13058487166572
938.80080135576,-34.3507695029558,3.91099447041475
2383.40968743137,-1619.3123892034,4.10052813336849
978.413472620025,-60.3290143590305,3.96361253471276
3440.30633426098,-1591.98278631917,4.27931891760035
3885.83776451243,-209.426556787788,3.9030598690419
2753.75257588455,-414.477041149951,4.19390255451451
1872.55340495118,-1631.16321127275,4.11065046592791
622.99485288968,-596.639139210944,4.23427404679896
1312.96321934328,-119.527843269666,4.01953389714988
2972.39815266124,-1944.73972631567,4.09651786124974
3509.92502112964,-476.90809422776,4.17593952354983
1442.95958209498,-1446.99221768478,4.40769677422891
2774.28017857377,-258.128324299145,4.26324501075308
3964.91368734647,-430.161500501431,4.45572570505773
295.101331980399,-1851.97973763391,4.33406697554484
2230.60228333206,-532.126201103663,4.29937398916409
2289.12290043494,-436.949733960783,4.3678286653023
2600.5919198016,-578.389441920483,4.58404774111725
1105.6608738886,-708.086199144873,4.49133816516604
3414.92669541364,-571.031644138752,4.83369121571974
1515.773718218,-509.44507906262,4.99790087142097
3652.29010230413,-1612.79415082936,5.23998746588352
1706.42157713439,-90.0282246833637,5.21588103886576
2866.31538722182,-463.036699026068,5.4308293348466
3217.5640115056,-282.545977327997,5.53745239744732
1839.5656316133,-1252.84251107375,2.86312041567473
3074.49144997042,-1045.55400510289,2.81618544722138
2806.71451337229,-1261.44333649396,3.13964331865968
487.536332775137,-1789.67309513911,3.07718886998392
1678.0121064466,-495.261855107689,3.09909790730531
700.903277255153,-1702.44990844635,3.29119664413379
3308.48227639085,-2166.92994041461,3.20545669702153
1312.49240009397,-643.68903877633,3.30291414785354
3350.63440402799,-733.493153122121,3.45294424303572
4006.05446296437,-76.0803093476806,3.02826129883357
3363.69688126203,-703.956618168078,3.32605544745826
2587.61067737893,-1674.26277604871,3.52608256161243
744.521826090857,-330.452669644818,3.36329968932578
694.329225691389,-2057.4557190518,3.63572789043784
2321.51207800042,-1549.60913588617,3.31353562089795
1637.15308208819,-2101.89640606479,3.74054679703353
1500.75793250811,-1527.53544213696,3.8674426770586
781.745628413542,-1944.5981338952,3.80651920484616
1663.08544737401,-730.147964312663,3.74631335931062
1680.02131660145,-2027.89427895022,3.79674997407776
1723.39996920223,-524.093387705507,3.72556084358935
1266.01494934929,-1420.08541537,3.82917350377719
1688.66631922095,-1191.00725176593,4.02999812528761
521.174141765053,-2194.52583857913,3.98820871246398
3777.84001932959,-905.443999111366,3.86825057251913
3910.55424892784,-1174.68489768859,4.17425250672594
1637.58166946455,-2077.62331088058,4.26837352613789
1134.17958076113,-2159.22305523888,4.00801225163963
2280.35521949189,-2201.42637704346,4.12021393610103
2748.06382223287,-2082.5229311541,3.4913876388255
3818.2647860931,-1097.79709065014,4.31984780700869
3715.33815794001,-1551.65632435559,4.24832344759439
2607.32406235028,-1743.15035957392,4.47880423991055
3897.81107715269,-1023.41898163518,4.45027527396398
1876.71660860634,-898.94260171698,4.42228661428511
388.973480488974,-113.958634485775,4.60906348237808
3924.30961583422,-288.985891910764,4.75880045296132
111.630033902528,-521.808040346148,4.61289937145326
2111.78735919202,-1032.231596951,5.03801626613074
2279.30182317629,-1717.03209994802,4.53211146660464
2035.4832737792,-881.962741866722,5.36856734700565
2313.37046630054,-868.561051463765,5.35193004437896
251.596736232524,-206.758865371638,2.98007865798757
3664.87478191236,-1527.96368954424,2.84975356250762
3043.83183167199,-1459.24410593034,2.78539764020956
3108.39995438209,-1362.76944273851,3.22366308812815
3946.9599851761,-1344.01247286033,2.92488373162343
3958.37375354232,-1447.791335692,3.0764335170391
2904.39845245216,-920.942750951823,3.29875329361865
3696.22124848883,-60.0845213475109,2.53355401492733
2140.58322800774,-397.731125529128,3.1167820685983
1599.09893441168,-959.539969055344,3.03544739106136
1552.24247962476,-1482.18152826017,3.02971947622438
214.326264438922,-1952.12406076841,2.90436716095986
3310.15507946103,-370.065299787559,3.07138853806965
3777.03650403553,-163.544565879953,3.10587526181954
618.96015220659,-1202.49159073822,3.15095238868925
2372.38120838035,-1159.9740106692,2.88566572288501
2644.27040370379,-1521.92487704748,3.04621974145766
3337.32653649345,-94.3429827457898,3.18543335314563
1587.52938892287,-1597.55789158048,3.00307210198472
3025.6652732647,-1265.58717662483,2.830672473173
2034.86477695432,-1141.35360770047,3.12944057137938
3482.26003350948,-2170.63861012145,2.64374590093332
1699.35312609857,-1425.39049216855,3.32485362722621
1198.22367908227,-2125.45908164379,2.87421080233273
948.442992376994,-2096.11965695429,2.55520338825076
2524.8741647648,-883.945221191357,2.88769133477871
2928.10546804452,-316.416610283591,3.1005289557246
3880.0973308448,-1116.8641403358,2.93793022910336
3951.52287967419,-2101.06645086484,2.94726180141405
1489.36418886457,-812.841685222869,3.23244252937505
3519.17901053817,-1943.93872318707,2.82567265161962
1033.24585321047,-675.387676162834,2.87327704110457
3828.53896031221,-163.229953993048,2.88520068544555
1226.12086830772,-1611.17501426412,2.86075375234535
1764.12071255294,-1988.52844338826,2.97374611383288
2945.10249625059,-40.8915567045281,3.10088859427951
836.951879053969,-800.670670900224,2.98103654912583
1167.31360518848,-1809.27272522325,3.23689200833677
891.387413637903,-704.596745160567,2.88476181406516
1657.79192649028,-1991.59610891978,3.06457897886763
1299.45890671499,-2027.73101251231,2.93935152900783
626.398654238006,-1785.66028681662,3.01397558969524
1820.38766252006,-1048.44678146586,2.9667559976763
1620.56961505038,-1748.21173507572,3.02405545079365
1169.71307910852,-315.853893178429,2.86197605245008
1123.43312219867,-1715.94715272609,3.53253034665084
1153.59494446151,-1616.47915672564,2.76221645171468
1487.89309837945,-501.428522035043,3.11567455514081
177.141145761421,-2137.44325023748,2.79909551895695
2801.68355664394,-43.2269794753293,3.02613590174741
3138.52939609675,-1775.09371476431,3.00157569184846
3111.92855411402,-1868.23365669951,3.30655923006184
3419.821765154,-316.825739958957,2.76357001100129
3892.33685403762,-1795.02694792094,3.110874806686
1169.66322252374,-75.3851882975181,2.97095630945933
2409.44110937091,-1535.31225964739,2.83565843958921
2934.63823036682,-1644.59155455351,2.72953463981224
3832.61987516651,-1377.45834571875,3.3753991174664
2266.22826235681,-1398.77568358504,3.03075977354565
631.222541946118,-1933.57691241707,3.12268486472616
2092.3398730502,-637.104194316346,3.12286825824802
3321.31279748186,-1184.61739802056,3.06280998551646
486.115669503341,-1041.2131137274,2.85690132826428
2854.78904947616,-259.728004732006,3.23820030078278
665.21464475679,-2201.38870515016,2.97649245135757
3303.72277158832,-1505.22625326448,3.05639716370913
1322.66762555442,-1451.96573796023,3.22811441679573
945.930173646821,-351.321932517537,3.24041948043812
438.687960038838,-360.398770437044,2.96402507533462
4020.31276479405,-895.738184268726,2.75362836945362
1148.65537726272,-1678.19808579337,3.18643007737162
976.843239651259,-492.818842833745,2.92237981123562
3023.71277330185,-493.377433001857,3.0986903107574
2938.63474011863,-1063.84721927438,3.47988003766548
3825.74664635198,-253.559794420144,3.26080591799831
2877.02379283801,-2062.82839680247,3.107344424901
4061.31583716828,-58.5076588291291,2.87958111514198
1865.27841032777,-336.054031281382,3.28012196443612
1912.12777784655,-1308.02117747022,2.92969283072556
1201.03208783647,-770.668676344738,2.99051527448506
3202.73694333425,-1897.25554208466,3.26486497923264
1402.50123859065,-2199.87814457665,3.02088605056481
1767.05481625737,-1046.32541431225,2.75296311923429
1804.19819395586,-1948.91992571058,2.89126290861728
215.962604554204,-871.94861552437,3.12654478656267
1825.08576855803,-651.52237916803,2.84978662415615
783.364491478908,-591.087963763497,2.93097683701175
3476.55011812878,-1253.80174054632,2.91148661145949
3613.40796027022,-1250.17251529148,2.92268975417528
1801.02486069143,-1385.7198242529,2.96185810072103
1028.00364223728,-1902.7341506462,3.27118523080002
858.11970109507,-837.849476724108,3.02163170942316
688.76172057219,-403.025692927331,3.13835403079384
659.575198804765,-1479.84834576513,2.97830747235343
2344.81201681091,-1965.43469104997,2.94766701938835
3997.69516023359,-729.125152109223,3.20928046974149
2924.45498582876,-1941.29237787815,2.88503977864443
1237.42566053034,-1084.78263814026,2.88014371332579
591.819218245001,-1842.1242423473,3.09829900642445
439.956757840863,-1997.02099222754,2.81218636086868
3806.21893553742,-244.41477443674,2.96113198748214
1853.74732172305,-44.1807204570383,2.92276339795885
710.123883506705,-554.124092854693,2.75083195865273
906.880281158512,-751.676969758651,2.77097951211731
2230.62572679687,-553.701039172192,2.84529454501624
781.442729547731,-43.2175586522606,2.91779639758128
1844.51024359494,-50.4849156671429,2.81655103958789
1550.99702679503,-622.903810931902,3.30611807447834
2229.05180304712,-1246.09887337326,3.14283533444354
379.607494229295,-1070.35824298934,3.1267475960353
1566.27269896909,-1342.24819197539,2.93525955699582
1129.45759694386,-1809.35642943716,3.3770145109127
959.062943422021,-1213.8356206204,3.10192898700009
232.36604030478,-608.157498101406,3.0119677358952
1550.18103649287,-915.923485446526,3.20381225141273
2645.0132790166,-446.85090653287,2.89971613970636
1337.82390934671,-1605.08522759208,3.13857164541424
2507.98252536764,-1777.92299285285,3.13117326790554
3965.65392299019,-290.589228764193,3.06411863637128
749.685774292193,-979.073242756201,2.98392060521489
2106.40338185568,-810.58623185938,2.88422827600862
437.281104548217,-667.471657492674,3.04280503911363
1682.97114738189,-210.721760592963,3.07438982695224
1432.96768702005,-1875.1278263515,3.015407862196
1386.70690537802,-1436.33252051997,3.46288480934106
3090.59912289683,-479.569126811201,3.02042082751091
2725.33410837628,-802.126230142572,2.84587619354058
2976.03015789395,-1400.9327479886,3.34864837797001
1467.83619326218,-1367.77323910039,3.10961559406115
1557.28643522178,-1221.59686257731,3.01594004343294
1757.59410534335,-55.5085056014869,3.51396493320046
4014.53437927194,-117.711626248387,2.8537202186744
3529.40152303176,-272.352911565814,2.87106163080739
3494.02390047467,-943.886257570608,3.24143496446897
1239.29875982043,-253.470798802684,3.03755530816265
2070.60912925143,-768.011480915263,3.11405405516118
1878.47986256481,-1045.86216863635,3.25724180123539
3248.02750498876,-1788.58450011064,3.06576691290901
230.852092311068,-822.178364329575,3.13538865128444
705.537239407733,-386.164694847599,3.32197709979594
3151.65890495795,-824.47902032281,3.17008178385616
3695.50776686101,-2079.90116646198,2.92082612350769
1031.1173532835,-2053.86206623013,3.14835347051606
3385.90050884972,-1098.15858765874,3.23703530015651
2231.21654631596,-981.242260987215,3.13398094694978
1393.65378583627,-2163.29480565986,3.08308809110777
540.588108611173,-1351.45786477445,3.16263773159244
3712.8239058592,-478.093712516902,2.97121616194534
1561.89238037249,-1282.59437665107,3.1643510961219
1882.71409828736,-1802.91955548046,3.13136502935882
1211.39840836758,-1314.65842912763,3.08754597826324
186.156734190344,-2115.60825667575,3.20072286119895
2917.12205552473,-1463.84010280083,2.98479139068863
2631.83500412826,-299.086177377701,3.02859821522431
2978.17728053096,-476.425105799679,3.28729958146631
395.361580354751,-1645.90627341276,3.2012120910328
748.071443814119,-1844.2217704291,2.9680556700002
2417.80338218768,-341.576441590706,3.4625220147221
3692.79352351937,-586.790040720383,3.18174054281512
507.724040172346,-1416.07756574221,2.96876926441777
1246.06898874381,-96.9869189146826,3.00053589610335
3093.04825447993,-1249.72272918435,3.1386345455402
4054.71630178298,-1374.26763310377,3.14927762848612
3173.4879833719,-1654.82237392475,3.02840624674592
3966.94939880642,-1126.36800015485,3.12052279994052
464.026668467691,-722.672449377518,3.19984664706372
214.983569775677,-19.9739533264435,3.14427274077109
2098.6323433964,-121.268156234374,3.14957190810325
3075.40969688688,-1767.28970376599,2.96276351376825
1305.03079407999,-1296.2226483835,3.28709271291843
3979.16418816928,-961.639612664089,3.19046292234846
1577.49204357975,-933.700318526746,2.95785610703719
2579.98203627585,-332.965687636173,3.31437260385541
3117.47117238108,-220.556653777778,3.04383811629205
1115.36702110222,-1574.81776508168,3.12175879578216
584.19778466837,-1736.09595579313,3.35355100915337
2785.57699177731,-1547.07258734108,2.96964473828899
3631.96802045543,-1969.29228266388,3.12687087250149
930.336279001923,-1769.45060142295,3.2567687555833
4003.23687021804,-264.756720095299,3.61343021924617
3938.7415608749,-1673.1185009349,3.31597052991271
360.637974393181,-1307.00649735365,3.18332407921371
3231.2939599073,-143.976886588032,3.20488639506466
3855.2325779057,-1602.42781159315,3.16573680311274
2065.31675179572,-580.039436402836,3.00084512022837
1084.19751698573,-820.78508651996,3.07601376732958
2156.17650808922,-1077.74340908578,3.08446879129938
1378.44370648385,-1229.82362628018,3.3029029232327
1400.09867894228,-489.64710502165,3.14741653776299
3142.86687393218,-1549.76803591968,3.00257620691466
813.729412465871,-2140.13984891985,3.10589545200401
2063.14366828258,-201.906708558833,3.33777931507495
1999.40491599894,-757.22629995439,3.16353433448944
3245.18744814399,-1873.3015231286,3.25015025557522
1390.38296254592,-737.090507844345,3.04355942231474
1311.72197750345,-1322.69754769602,3.09180110819563
1534.48697613979,-879.469655036267,3.35022658309354
1688.97870250709,-584.543048745379,3.41005364674453
2004.08688165324,-2119.45740468597,3.1249907747994
2934.67036339195,-511.328835566751,3.44911131965731
2851.85060024609,-1185.28727766424,3.38880754968816
2502.84272380955,-1551.00660473344,3.49844189899581
367.070078640845,-24.3438263348411,3.21006213098673
439.866258181863,-1101.88248540138,3.13775240280352
2330.34535263527,-826.102421019089,3.13735694221958
1627.69828666961,-784.647671715618,3.21326218504667
1463.88597839314,-700.685624951931,3.30327264377726
2955.3318597022,-490.768373261564,3.49952749118045
3359.09734723519,-1187.10358403092,3.52454542671761
1149.40857688901,-149.169886793555,3.40219576262057
1793.60556604993,-456.566941510121,3.08800899680052
2639.46259664331,-782.229557958867,3.15778534996624
1896.19796870122,-27.0612193083921,3.26902777166278
2249.71288092294,-1527.32764023912,3.18226647669599
3645.92617331489,-1870.65096729416,3.178762136939
1021.74612991956,-2117.44143313104,2.82189900846719
945.475692457196,-1654.24192768276,3.27476957704744
88.5674919928705,-1360.96070718274,3.39614384022686
366.803490047012,-1529.36933234095,3.26013583380227
966.485508371996,-151.453395159483,2.73828363714411
1916.77228707364,-1144.86627765015,3.18083263794428
492.260799833107,-675.365249817631,3.34024679189557
2076.16305001255,-530.086454747641,3.41871014165285
1974.56719862379,-516.049947315792,3.30335953566276
3226.86726196444,-1370.22887010692,3.35033993105474
3605.19164425212,-387.86929200982,3.31295933755886
2013.37237665775,-1494.84650255904,3.12485543341081
903.495815598733,-230.178480561525,3.28181667862052
3246.00424654889,-1893.11195635756,3.67259715385477
2745.1299128706,-1741.14684822428,3.25245460141933
956.463659731334,-1899.40904850218,3.4773129196397
871.20641530687,-146.25978413442,3.73061476716627
2981.16971993274,-399.412554080667,3.160704582803
3100.84519126485,-2144.76307469067,3.0393829297475
3437.65855665467,-1756.88056449101,3.41942664055961
952.612065140975,-1233.68755919237,3.50154403049368
1728.2472607556,-957.49919611357,3.16913436304464
992.471498119848,-1832.70569588412,3.30992247569973
652.925835309554,-396.853668650711,3.28079266025261
1376.16464122971,-1961.95509341948,3.21954077477481
2734.53916682868,-1574.97318680214,3.43017205557057
3613.96748147726,-1719.51494777324,3.46799039610549
1590.44960478794,-1147.16969973909,3.43483601762362
2699.69619188916,-480.32317835622,3.31717042443607
3894.18595061172,-519.94340767717,3.38222043229109
3471.30018628214,-1381.11848381755,3.30455493503041
456.860095338162,-273.093905613516,3.12191172950641
3051.5939360297,-50.8967807933744,3.51234969440861
2030.81415467433,-893.939157564091,2.96978292309262
1047.25991483995,-444.446343268561,3.63400429549772
2139.41345168,-665.128453816249,3.11252031051903
1929.29152660847,-2155.10363544454,3.36336344884283
2693.81298256766,-274.418351747887,3.48572333293024
3200.28656024826,-1524.82006885861,3.54866305299103
647.285027305547,-1910.44222688932,3.16567823744281
1644.07827413942,-268.267214141802,3.30769870813397
3267.45079852046,-131.392750257577,3.63133265041957
3317.01551277345,-1607.97049851519,3.24755095095145
3842.2279757524,-1642.49970150834,3.46098557797298
3496.23869992683,-1827.57094564291,3.27853912058388
3748.75684645355,-1079.43757006371,3.39088806964532
2425.81879764708,-576.807110340798,3.2852499737697
2011.01983226021,-2043.7291541543,3.07520131431371
1131.27427023116,-546.172046434903,3.48531060588188
836.50720303818,-1027.43311309801,3.38227904352198
361.908006453395,-286.41727300711,3.21782080838382
1889.20470113073,-1255.68289372633,3.3771448789302
3942.93855067484,-992.12530803608,3.3298466846612
2703.21951638548,-689.574739524293,3.5144702806432
1257.57383956862,-862.506274485346,3.44379997526615
2786.81079225073,-521.951112644798,3.38387222017943
3611.08741301848,-1776.11697971652,3.44757659694309
1946.10998429314,-1393.48167037006,3.25630525238582
1201.7404885761,-1169.989715322,3.30937557825119
3652.66345763422,-1662.19110545053,3.50242670599347
317.853276446288,-1973.11206229004,3.29836438148703
3606.75382345823,-1418.75558421693,3.55637917350556
4045.66358543406,-1049.968740402,3.64701918375595
3482.43675326148,-1462.92630968747,3.64690427062496
526.746081435966,-411.401804732537,3.71814426605042
1997.84474378587,-956.825366369395,3.3036442453095
3329.65065007428,-768.786267476611,3.95603716055876
232.13511566931,-534.823408823862,3.45096235012436
1432.0762363665,-1267.75847563223,3.74267835847168
2623.91293213009,-63.5472471602525,3.37373614575599
3123.70272951019,-1395.3766520534,3.53093096286494
2907.2003642501,-1789.52351410629,4.26396931198513
1052.5712439305,-1682.34184459579,3.43963565514962
3176.50476053119,-1385.75749362342,3.54898455582054
596.592676025692,-74.9197106729449,3.46825215488597
419.483718580216,-582.400309655424,3.5809591779001
1839.13466312093,-749.874788983,3.99560106089918
3750.02597221908,-403.573302413038,3.2930578649321
3688.41002405009,-1324.03645663344,3.49173149125509
1388.0529999603,-1142.62866048136,3.61780179983063
322.739175123323,-637.494246366732,3.39674109937206
3862.17758892964,-1438.58698173509,3.6033520636052
3244.15631343685,-1964.43758421642,3.56651830869814
1399.74445650379,-177.907931315557,3.48943681318579
2274.0360855476,-729.759106965281,3.59575205039242
3706.27103607773,-1976.3486623913,3.73673992676792
3613.65916932325,-1189.73767198215,3.81909558048167
2178.11928382707,-603.451633850094,3.73267309524686
1016.87372196447,-2210.37701128762,3.40656125649283
2741.5349957039,-629.795470559521,3.0999799428557
2232.6287612658,-1810.34514796211,3.53177091817678
3054.42132114656,-261.142053885863,4.10871265354984
2955.36541320549,-883.509536407991,3.61197167555316
3737.22575457465,-1791.06062792905,3.4052857358858
2981.89747142914,-929.738751981537,3.98199538539292
3753.05048344391,-1337.84955464214,3.72850936892586
2277.46250347305,-882.772321605842,3.74094616800094
1959.83400490078,-1997.25681468705,3.59531231987698
2240.13769506527,-199.938735560222,3.77901680399629
985.705708120454,-2173.44787239615,3.82913170609304
1560.68624311324,-323.745194049914,3.35603741432153
3296.62438636375,-1693.004802934,3.69108894472581
2856.23256964113,-907.604174255637,3.19298459019926
2600.27441456024,-1866.13449191134,3.95136975115267
3025.84188320939,-1000.01642069793,3.51536435886743
3838.20963776793,-972.705052194564,3.55082422412011
2504.38977158983,-310.139185252333,3.7181652787617
2030.67518831185,-1560.76169494796,3.40958300026648
3900.35960695256,-1469.57151332932,3.96613101012427
2908.98822121189,-886.207689502912,3.71101921135952
2048.4083723817,-2097.8573823677,4.0182259013161
2011.15633915326,-643.679172759557,3.93958797329704
2247.13082162459,-1197.99372292231,3.69716821498661
164.36770421502,-1062.31720729036,3.90852378479706
1778.24893753602,-236.455813812126,3.73247465579282
2302.88583823848,-2054.58699028391,3.65436556796792
2390.37476998616,-376.275271520145,3.85135620924076
335.006584732263,-956.099725288596,3.87746349849023
1760.1663710202,-391.357879025653,3.62750630426891
996.971912775863,-420.599623033591,3.50089716067412
1811.54465025716,-1298.60368940246,3.64023547919758
2384.78994837448,-1430.93947592999,3.8693295743261
1540.70824443276,-963.515060872382,3.87987295474994
1633.54068477934,-1201.23045689742,3.62704431003031
3062.8638322982,-1363.29987529216,3.63681511037065
3136.96011722068,-1294.57793323116,3.82257911935383
1173.03749867485,-732.903382494576,3.6332517246251
2445.8142645763,-417.380945312912,3.40003616553338
3912.12774936364,-2188.92096800817,3.85404430194519
1659.98325075253,-1665.17860026226,3.50084508855636
2103.52531762636,-2101.04387659886,3.6545045759323
3228.23775698419,-194.229645354204,3.89962265433544
346.768053446839,-2057.11430283026,3.82456973764329
167.569741265396,-1998.81877870834,3.75494602952695
3112.88590195844,-2084.40518381124,3.86118281461049
1932.0451493885,-719.503732841953,3.74388992449574
2097.58420892735,-1761.00620361103,3.94487981553208
1367.23929822079,-215.675366401541,3.71123671027789
887.480936215969,-876.776908121822,3.99083995048446
1765.34623090624,-352.138269860267,3.7113132505888
1993.08831165728,-1817.52930387626,3.94767458443797
2205.79698958874,-1302.68973432163,3.83926720276583
1815.55761591612,-1667.85616530619,3.80412219932489
2148.00274351903,-1469.05663584937,3.96228869709876
630.418583201191,-731.203385623525,3.86060262814109
2990.48717254402,-1871.69871055737,4.09227205185278
2024.69921579116,-684.307494817061,3.97032183982827
1182.7382314031,-911.283403000158,4.09220312102889
212.875500633463,-133.300383824886,3.76237818503566
987.506438045586,-670.457983387959,3.95661967573046
3973.80573502383,-1807.01982233936,4.01428955698962
1737.59973738631,-1675.46351432956,4.12092133019992
2910.28482443453,-2125.06353353173,3.91004474949074
3306.95789858003,-1008.34912848378,3.76751198834766
265.770101662416,-229.250160967445,3.91680673795104
1925.18064604938,-344.814519161522,3.92180131425658
2159.49241950148,-916.407499303872,4.01071439993303
2496.17010743064,-470.459138473305,3.88595556018935
802.454327332566,-931.225032904769,4.07425146104557
1839.4949127791,-1880.44420357243,3.95954617586119
3988.042071521,-842.475898288779,4.14354729264025
2615.30917338674,-1812.59740792895,3.98440018803012
2200.9474385867,-1357.91592285686,4.54150296784441
829.394106870625,-1786.27474908647,4.14158504551473
732.680637835806,-1909.14822857369,4.30391702730817
3621.88737517607,-1378.49479559471,4.09365051679823
1334.0288569596,-2009.30426825164,4.25433680673424
335.583378102581,-1421.16712104302,3.90548469002505
2007.25319649358,-432.578627357547,4.18951431399203
972.319079351009,-372.40767907415,4.56347073479621
1051.07773475561,-186.923101200151,4.25109378860371
2099.66703433434,-1919.71447317871,4.38913881808102
3527.79631518462,-549.139028157451,4.11378311010025
258.354726901506,-1025.20544887222,4.17926313806484
2281.00200046093,-1354.49898517457,4.34686392804987
3706.94731971986,-1184.71943629136,4.38917829960252
1746.07610069071,-1226.22606090089,4.57296679939641
2558.05167550745,-2107.53358076871,4.69902431255491
264.722993632199,-1207.97038123836,4.51561727594506
1252.42580981879,-439.865559260347,4.71594519282134
3690.15267169876,-971.956517448339,4.5316361805958
698.123496956443,-647.257463311341,4.64985348382589
917.684288455784,-2003.49961309614,4.89524954683592
1349.57021889971,-1704.03757102727,4.74115712335218
262.030278286798,-1323.3525573345,4.95041107341158
463.534640876324,-1961.06996838217,4.84097143970247
2905.01626644936,-1405.51451083298,5.15850560435728
2943.63376363744,-1603.91163942918,5.11368008025847
1171.82214464099,-1817.77391245646,5.01060271545346
1692.07338481943,-1504.66501568009,5.13064195474903
646.653593797408,-1427.64300778567,5.4080390218407
3310.10154677528,-560.658551774346,5.62554923531282
1723.91310813913,-1096.48343458187,2.98862102302881
1109.29256265585,-980.325498521806,2.7355308307204
2550.17146697671,-1866.88365321741,2.87633248898666
1022.05302786995,-1549.55931250713,3.08916887061303
531.562381923321,-1317.68199143224,3.13333167337273
1451.24477248785,-607.061253873539,2.89023898192535
855.463094411116,-1133.94052378227,2.99182023257203
2961.34628899802,-690.845805962008,2.67546404456262
1587.83890570866,-591.548285712563,2.95015662700049
2145.10532134967,-1094.31153969024,3.13507193669787
1257.08480267509,-564.699128891941,2.81283425381605
585.778039894769,-382.306802746955,3.30603280052799
112.95462990351,-333.759479851082,3.06645507247997
1761.99033617217,-553.493213802214,2.98710465004871
2354.94398641259,-1731.57915831188,3.2453216669001
1652.39205683074,-599.922204390164,3.50221128203305
105.62169745841,-48.6471227125312,2.98178634731144
123.940660280361,-456.090758877885,3.79965225922107
198.78306468692,-547.616034365387,3.31608390471906
361.608645626423,-489.107477248124,3.56028522639539
829.550168407914,-1231.74822992729,3.38064148746432
829.498145650732,-967.299594501322,3.57420320254578
935.605227763972,-826.999636597926,3.98155288268112
1485.61749304618,-873.264976628381,3.99732788584595
2116.8299514669,-507.902637973526,4.51474874895166
2206.24319626211,-400.021086455563,4.55053488826293
1880.17625261482,-1705.90407476776,3.00394584106189
895.395285550419,-729.584567041607,2.90117431100335
769.217186960392,-2098.73221346204,3.11055080157315
1854.18583044635,-1091.25749799577,3.17028811106065
853.056196133701,-1878.36922934294,2.92100078963632
571.123420111177,-641.859368337805,2.90386311636127
2647.63801371672,-1805.62423713231,2.84885014600907
1488.77676532124,-1179.87998067555,2.86826633195558
2101.99765688226,-2211.34554126349,3.01522364843937
3650.83928699734,-950.39826245374,3.02394755007341
2866.72077927158,-1915.38237740637,3.53902092742113
185.472153569156,-1478.20077478188,3.1915686436693
346.936314974582,-2185.85259235812,2.99933629605153
566.638834604788,-1811.59737345403,3.1036849346115
3655.75011568741,-1775.5748697802,2.95239811536661
3693.78438621991,-1180.20687549543,3.2248955619713
1225.8093483013,-363.655579729221,3.09325354263258
3373.74722482512,-529.025891622563,2.98195850723227
3344.79284296895,-749.381520930634,3.28494737017162
3252.32871375173,-2007.26057635221,3.38211312082481
2763.53575496317,-272.449077773054,3.67509009941964
2472.22372226067,-1719.05445777647,3.58887834641831
1048.52658700233,-1262.09394193154,3.66306598591603
2082.99105709761,-2013.67841322145,3.60737076151572
1978.48478970679,-2052.50778543128,3.83162412104053
3265.1411877304,-77.408973302019,4.23039742511388
3819.32120696713,-197.800726882827,4.33401207276055
3831.75089951626,-1078.12143524021,3.62468004438313
1548.56891550031,-2116.30504452396,4.41450477614444
1656.93991235197,-342.33091311309,4.59638843716943
1699.24673412386,-2157.463851866,4.74421435406732
3622.66457277484,-1870.22630032195,2.80107983428399
787.632513762228,-183.48830061765,2.79212737251893
608.503287211314,-1146.9827033025,2.83449456023328
2795.95361021618,-968.486077235987,3.02518431907123
3640.37370326068,-973.508024425258,3.18286984707075
630.072731371049,-657.362586740715,3.34110112110972
810.288109351807,-776.381712264883,4.02965564980287
2873.86339179185,-2148.18175619115,3.7471921320587
1130.52741832016,-523.449355996786,2.90770451312173
3075.76742512098,-582.775494345049,3.09696102053663
3278.33878737233,-947.04652974221,3.05196825875802
801.575554275152,-1202.81269045882,2.6908723613988
73.6693029231992,-1453.54980675641,3.21722577715144
1496.07948896936,-1902.53054865039,3.2735146057722
224.433347411829,-404.130303505916,2.82828123682466
879.739480385174,-1857.81650975566,2.56408394367444
3659.98586147558,-1272.78531738479,3.08620302707681
3099.080337475,-777.614176923486,2.91502340281394
752.029397581997,-1245.1499244878,3.04080389833262
1429.99631112945,-1006.03279462167,2.93230742248112
528.162627727401,-1397.81416798841,3.27054599660808
575.893973106258,-1316.6988175468,3.10529320705598
1886.43127422803,-1576.93211592991,2.92923858863666
3833.31417831913,-2126.74646363562,2.9733970981021
739.55120032112,-1455.30735091661,2.85786507275384
385.082208642631,-1375.0360465074,3.13011346688212
2319.36434280346,-469.653095384847,2.81049649099629
742.806513207096,-842.018713006129,2.90956812324504
1733.50283014297,-1831.09588369071,3.07060867493612
1883.26929252547,-810.320685212198,2.84225725142342
3863.33568831789,-81.1447282304784,2.97542371713469
2666.12647813995,-1715.9583117201,2.90909642023735
3100.11739379928,-260.596296717855,2.93564122768846
1212.62691989935,-1055.32625397187,3.07896301183858
734.101170754482,-1952.3219662683,2.95956574234855
3705.92575888465,-752.931203592277,2.67409765614666
1749.91324776965,-187.571149763556,2.96267628664676
1128.7157982477,-1158.17642015469,2.96113540267099
4010.70405078688,-1095.35851125105,3.15734264126142
2435.89889243782,-837.348382021187,3.14933786606796
1121.26750866379,-354.618349303759,2.85402867055796
1489.54177913641,-2193.58507682875,3.14363345390802
2985.21726372986,-1991.79476603687,3.07153493069745
521.983064047303,-1332.39350866558,3.18697452869266
1856.6380332214,-1249.01136582855,3.06460440119164
833.774790719877,-1763.52734138962,3.02216196422301
2342.57976709661,-1316.16836376313,3.13624411307979
1811.01975378644,-1719.70310198636,2.80171910816087
3552.63985562723,-694.212709968454,3.23188806942021
1883.65991463387,-1476.91806146358,2.77900869534512
3348.03979888799,-2052.13832232302,3.02391678799102
2018.12522292221,-1852.0500420071,2.93980084780126
1892.00429326588,-959.954753152174,2.88609452988784
1955.38191782787,-966.914561231762,2.95243154069627
2985.891228676,-1670.39045791729,3.07346438113924
228.936490431977,-2216.59615202067,3.04773882434996
74.3124309571416,-1033.00580371047,3.22538597090949
1828.32852294609,-75.2946938019923,2.95897954055327
2581.37040437834,-2103.76270784116,3.34166277735743
1739.96846293442,-470.039662373737,3.01445687432281
3854.42006201945,-912.611910127905,3.1505595996129
3501.44693021539,-1799.03795242907,2.64077085660306
2290.16009050095,-1656.89587728067,3.11466522108509
3046.11927735994,-1658.93283127229,2.98277273258315
1143.03303026762,-1344.73091084622,3.15219783591314
264.099862811081,-1106.79715097218,2.99349609309862
68.5924696122397,-716.971368402913,2.90040297535783
545.187387033842,-1772.50957049046,3.31498498778
1816.99906780773,-252.778986182099,3.64575558530314
1332.3308285491,-1624.68307006035,3.44927228975854
2409.90443413344,-110.845534893062,3.66478203878882
3648.89062268398,-331.285099687817,3.57733098604693
1485.43921935559,-1731.09507292972,4.07979851711124
1423.26841475377,-2170.63557610774,5.47635976792279
3979.98476410351,-1583.7316832,3.14305199624997
4055.56423496621,-2192.92368206698,2.9299859651287
3686.21736952487,-1788.53716451868,2.598550434282
863.369407310421,-1566.36573856073,2.88082516126099
2866.39063902869,-972.431942201415,2.93055675824838
1318.71623483138,-1582.25280894281,3.3414829302215
3986.15700151867,-1309.87101616664,3.10830065726358
3794.08030888952,-1265.61404421223,2.6849477297535
1525.04310640495,-1037.31676840019,2.85933503329327
860.930833534823,-1658.13223100651,2.93199677254912
2053.37706588976,-1206.29503608551,3.08958840288273
493.267356061553,-1206.24874656192,2.92415759070588
2187.68120615037,-978.265947689902,3.02358346639249
4053.08925096154,-1541.09119474674,3.30370112471178
1611.92085063229,-565.739366027507,3.00021747933522
1307.74498415911,-1398.04348481428,3.09659595011816
3599.84355483683,-1304.59255932906,3.13637432295973
96.8723185552865,-973.624010998359,3.06987981879867
2294.57181077385,-1412.29267700153,2.94978178737098
3984.88278023264,-26.0704894062471,2.66253969779894
2988.22170274964,-1840.89233897303,3.03799634008781
2033.58363118718,-1281.7897689801,3.11424683009083
1009.47948211102,-897.155736799042,2.93228482922793
862.899161757323,-900.164776726684,3.21652268647195
1606.67877106782,-833.093789359564,2.83964475228373
2189.14820031255,-1585.56593853039,3.04467108095204
2423.06260566365,-198.717611904893,3.20407052480576
529.329843516252,-629.441406982039,2.96577169839513
2077.22207921215,-1138.38402906453,3.25460644443615
3361.61696750203,-420.512874414577,3.09294759795628
2754.85057866014,-1809.75893526233,2.86030843823365
2974.42933768045,-1042.11476230636,2.91627519960232
3834.00722258577,-25.7122307624591,2.66695261468864
3445.67569652875,-1055.01393067856,3.06843116652286
2583.47350708834,-1793.03258367741,2.96514953883768
3862.74924696206,-1614.12762468723,2.91120505944072
561.199116382265,-1663.99696600513,2.92985428005627
4022.08084781555,-866.826874258739,3.0834628288952
3110.30201768313,-1562.19724100842,3.03678436887869
1022.42768807443,-737.801213233339,3.15573293906759
3234.93911019384,-121.207450287737,3.25755404843853
1337.01715248637,-678.237550614981,3.29515691389242
3434.66345934826,-1681.27890998059,3.8152837621045
3005.13327879728,-1843.05436777039,3.61575486499252
3782.62133922709,-2065.65210071139,3.47343431347812
3000.55649461266,-1601.01729000257,3.53541087901821
638.647505086675,-793.198276225901,3.05310070993627
639.167626424641,-1351.15205719976,2.77064194922334
1668.01525578544,-788.800616133186,3.0200563171358
3005.72631245683,-925.402429120001,2.93866360316691
1073.22761187428,-1127.1385990126,2.68062197310114
3616.07310804808,-39.3445387740323,3.19947292745226
393.559781219239,-1277.75954649032,2.86085352472158
281.87120204721,-458.978990054133,3.23519875347464
597.56037243372,-649.932162148405,2.6402387752344
3282.41745864753,-2063.69661095537,3.00957633599672
3166.90726789664,-887.316930954493,3.18328071765464
2889.54381546605,-50.1182101539496,2.80500594454824
2756.10236213152,-1899.63961248767,2.87295416419682
2250.22105581356,-1601.79670395206,2.99181201136111
3756.92494423823,-16.8123008676352,2.73519903434752
541.850351704438,-422.656575987817,3.30713088259278
3780.09503661717,-1053.73431856904,3.07351355110517
416.476029485749,-1697.20204546878,3.28936187718398
2005.13538115027,-1226.22235173866,4.24458987729649
3349.22108975708,-1126.91401605986,4.3252732960694
1196.04408687342,-1615.27082182797,3.80569053497269
3212.77930281481,-859.011927350169,3.95759933915815
392.669877533244,-374.80788100405,4.05189874935177
1090.61197959557,-1636.44361768537,4.12508793153813
1197.46471583984,-1710.09167672198,3.85262336743456
1109.28317025171,-1135.08895598251,4.65310880947225
1875.03178144298,-1486.9104470435,4.45926025869387
3660.1427667138,-1053.70702346031,4.66505297573391
1361.42831704635,-1680.98272506735,4.55872498423746
1812.03940067829,-1588.29529087372,4.02227348580386
2299.02218271483,-1170.74930482434,4.83377426922615
1314.82753975932,-981.115807361361,4.84890299656754
1394.31019157936,-885.34003049415,4.61461085889413
3985.86600064544,-1239.25306038503,5.11606619119561
NA,NA,NA
