3719.78553945927,-435.155766553248,2.98632631728608
657.632215233258,-1363.43597414834,2.94698269323218
3724.55626510556,-1157.08230071146,2.94700273594013
816.316524134167,-1227.03734111756,2.94274958189248
976.94699096705,-674.649409784531,3.14677134306135
2460.99025165635,-2064.39221948288,2.79850530614752
1160.10288856295,-1719.44385260291,2.81482532764576
1976.34625084626,-796.91617956395,3.0006571636423
4028.4199997712,-1084.15864474875,2.88115595645539
1194.83210780716,-496.265995801672,2.98213596982915
2595.62937980693,-1858.31141650072,2.92594858280207
757.419972962116,-598.8516546156,2.97976211289701
1609.04602879709,-1400.35972555302,2.92803523341742
4003.18775727852,-1042.0956720035,2.98834555379455
2421.03015724439,-2013.95912957783,2.91472434510521
3489.60205174644,-726.415268176578,2.91616439109934
3984.78518818282,-864.935892211858,3.02675524953036
220.809384104302,-1372.00969240209,2.97806633976091
1082.6240062043,-17.6748013422678,2.89808911869485
1249.7065255112,-1075.13537825897,2.96644820169639
2568.64569452219,-22.7711955718106,2.91435457414521
1978.01709988411,-874.803374627853,2.90263629850441
2576.17857845046,-819.747779830563,2.91261838248561
282.531362980125,-1893.96761843468,2.96298481221701
1573.81538281852,-790.914020457226,3.01259364203256
1277.82836635645,-396.31977841618,2.87820977827289
1202.42322450195,-1375.56604509434,3.01045515857037
2811.64817187165,-63.8926379361178,2.99109861147417
1794.06633945103,-323.192366016423,2.94459431822953
3488.02806268957,-1728.83661996102,3.05485740732483
1309.30842065642,-1634.6302745032,3.02003829285999
3427.64167949367,-2117.36813843624,2.95638355540445
2832.88595077945,-960.564267003272,2.90486244622392
3393.55704637476,-1573.31705990948,2.87650819986323
3810.06955425459,-1757.14330911289,3.00294605016148
3476.65478705564,-1450.35054788996,2.91722703897879
3509.17798386975,-1919.47276602331,2.89551160512568
2839.44424309356,-1008.90060224939,2.8607719612704
3120.54019742398,-1686.45342263422,3.01128192032519
2039.37013651617,-1470.72784456378,2.97522366461352
2549.41641393111,-53.9281763779966,3.09478819338116
3126.26852194309,-163.108335238414,2.98670955391924
1766.39026028088,-1951.49862089735,3.00423577355954
3187.98206763417,-1911.60821157309,3.01682962558224
1364.25190612377,-1620.66957027527,2.93489122457598
1080.88532174128,-547.90565356322,2.9552765026101
3271.91246115937,-19.4651690950323,3.00208789371601
3368.85464332204,-1215.52035212495,3.05561555811183
1842.20081158253,-338.80119548868,3.48892548219737
1046.91993806655,-2162.55688266743,2.87225822058033
1046.38733358329,-481.128307006493,3.09772688601442
1214.56814071201,-1891.37618073134,2.93719919293028
3437.3903283298,-1253.61868675083,2.87112474171265
326.105195480691,-1909.35821908523,2.98296360879285
2991.80159946792,-1628.95290646736,3.00819981707145
4027.28895213306,-1792.04646755842,3.13858109914186
2493.01768349469,-694.089452969655,2.91686446100812
2629.6018555543,-1572.71412169907,3.0274576302878
2056.8806986493,-165.690405889058,2.92032681390963
1232.9296978603,-1694.43573524411,3.04235062193014
2758.80836350856,-136.619258682652,2.95395604031918
1721.39851006749,-1964.6679517651,2.9983856234555
2552.08494750993,-1415.44795838411,2.99902167629699
2213.38335311076,-397.969188952048,3.13641303974469
1034.80957895876,-1267.80228467989,3.09217283501599
3486.70769081567,-1313.83074505533,2.9405720909872
3222.71008779531,-1405.92787594796,3.03188886936344
2713.49150065959,-1450.57126125967,2.92809152806329
1670.94335255105,-1368.15981984911,2.95408547298314
3889.03036276624,-1841.84906398468,2.9765904583449
2617.53669246161,-158.10662964617,3.02252968945878
308.033420909319,-2043.18771247682,3.06920235381491
3793.39574944529,-910.652745058887,3.00653897273089
1356.46749182777,-1463.857865902,3.00644860846952
1267.44340097837,-1629.51467474713,2.98434490913366
579.063443659433,-442.883529004799,3.00116116767428
3392.08341191288,-1698.18995583062,2.98416152292334
1743.43350571346,-1807.19595695365,2.89658627199765
2867.30911974759,-1594.76948904593,2.97853280011783
340.224040954366,-976.581374258477,3.03661566800235
3351.39562442957,-907.384508806573,3.01207772482821
3257.4569987461,-312.791593899283,2.93230977381329
2260.05925511238,-471.6454544583,3.05119194655809
2465.93723396252,-782.058080111349,2.96635087692321
803.127039424657,-310.070043418907,2.963210073465
1210.27084492225,-629.183743069909,2.93626005334236
1888.25802958442,-2111.00372559976,3.06833551138926
101.432365228688,-809.216807361094,3.15506683935321
1935.35833375691,-92.1772878767548,2.87394612693543
1610.65333683765,-181.924854653414,3.0026002816124
3368.17250243338,-586.173686574696,3.0233322752839
1155.65695294617,-618.445273158018,3.16303905588949
3286.43697663004,-1507.87383020297,3.08176945920597
280.567794142161,-750.811187990294,3.05402981234819
796.661262897046,-409.372121520327,2.9460017030613
1489.25784594561,-1954.30645453373,2.83072317261211
819.538532286545,-2204.73490601334,2.96908638673595
1760.8363919847,-729.111409985546,3.09224696424085
3597.34106135907,-1733.78548457103,3.03480877606655
625.563303470845,-58.4722764077311,3.1059448487839
843.614168699953,-1970.34741614131,2.96346808300769
1899.3021757919,-106.652411376489,2.7030472778562
2328.50768495007,-297.496035885671,3.15027301598019
809.767058682864,-1443.92664489499,2.99222015769718
3215.95558222067,-2126.43230478136,3.16451580090304
394.616818881088,-2097.71775534954,3.04519606037493
2565.11730062591,-2207.74119702239,2.81332316584535
4008.95108134387,-525.950721207257,3.05047417520556
330.455553831952,-140.07137458507,2.9909326582651
1737.35155828758,-1542.23952644228,2.99765015856201
1487.03956493185,-431.212134853401,3.10334586125575
2168.74637251428,-449.579872061607,3.15932730640617
2392.06253373078,-1034.69741701973,2.99566562771147
193.873607870908,-959.06235464347,2.76887761218918
3639.57646954571,-361.134897051294,2.77666445604558
3979.14341488678,-1853.88478684737,3.08392068522476
2153.6452885375,-2085.46416552597,2.91470669604675
1530.56460563881,-1135.33970193081,2.99468084738836
416.291818775496,-1513.43335255284,3.08126169856024
4011.98265804863,-1696.59739446869,2.90365168404955
1857.94987960727,-1425.1560264712,2.89955250149149
1664.68160848773,-576.696816558834,3.01334768615516
431.270670892647,-1477.24818279272,3.04396239308719
2062.84885105682,-127.16956348846,3.04000276740162
2887.23398195643,-1307.23958896606,2.94030932418878
809.629649797161,-147.651398442733,3.09034965377205
2161.67539581095,-540.07905282274,3.02911660527119
2676.98434506719,-494.17311278286,3.06523151010257
1456.96219059899,-1322.99462106705,3.04071975939628
3056.07426686641,-933.214002487812,2.9162302487486
3840.16404307992,-1313.99735114646,3.09268508593962
3388.29106817529,-69.5213554385052,3.13334585970168
2567.67601776976,-605.976327448834,2.96152771884982
2405.27998669038,-411.910276395672,2.94519247036075
2215.74767370393,-1342.37206776275,3.12171262015992
2635.92227612191,-40.426181536964,3.23845498006674
963.958479832033,-1060.40691223054,3.11032171483777
3663.00075917792,-2195.00020158148,3.0949545942045
77.6964690010964,-347.444845539596,3.04448237769975
2904.32146174212,-493.419451816186,3.04981134954083
3421.19822843697,-242.286288598101,3.0520263790697
3228.59138706394,-1096.07063108678,3.04571556139564
1506.01692242428,-1413.47317330546,2.97926485086127
3197.56469567662,-1591.99032531997,3.10758986677979
743.456683539509,-1968.01976575724,3.10023294734293
1709.38487062987,-1626.35170890233,3.00735305420832
1290.01394290939,-993.009547623373,3.10378954584387
1916.60260414794,-649.559220425405,2.91798773836355
1274.03020719465,-1800.09499683495,2.99984299619026
3061.11435438735,-699.113033496283,3.05478398188616
2493.92347911939,-448.128840311976,2.95911893331447
1388.40571065508,-680.769009468502,3.07896838872827
1278.67104780264,-357.80970134911,3.06959261185213
1721.84499204955,-1806.05537119367,2.94989615283445
985.429271319798,-1750.06678274988,3.13287497690289
263.526293929809,-757.590029644097,3.08597538250107
1017.42299670245,-455.395036436328,3.06747800061308
3476.29439733014,-594.320095801326,3.09436110560598
3885.46802210966,-1489.09932829926,3.12228151027648
3916.94371947792,-258.549544000558,3.03014073839297
1053.5121461348,-32.5797297864353,2.90638936971926
1433.17646944925,-1927.55660507454,3.03042763596978
1837.32048182606,-2068.3400197601,3.08950849473232
3393.60640663854,-2206.56969380207,2.93687584337747
2867.98099911088,-1639.04266397852,3.13755026635101
1809.57730686575,-87.9498340409445,2.97044287388974
601.238230494387,-267.097797219525,3.06313743439162
3199.14359930724,-1548.2737964462,3.06935973720387
480.37266703179,-359.305150044458,3.05145562629247
2986.32379627116,-1295.25260339268,3.08080647107563
2291.07835174971,-167.747026302919,2.97626552493636
3600.09635870964,-336.661540521852,3.14795294693497
1365.01781849807,-1701.72329724457,2.94060281036713
2186.5314540042,-1573.64547210212,3.18943900819616
682.824059761356,-941.228523531621,3.1835981257506
1724.95760240315,-1725.23913296805,2.98712875887381
678.442948685254,-1552.34209901201,3.10785421572985
3902.41721871902,-875.467868827851,3.28463108368508
1976.77840938448,-1489.4315314001,3.08841344841193
2651.62899274615,-2144.48820809241,3.13332443858332
1567.26861223899,-1718.62080617001,3.20927884042605
3250.41824232636,-180.501276392752,3.08075574768413
3872.71258596783,-1069.88263687068,3.06820269085592
1429.0054838405,-2180.93724872488,3.17146308634726
2889.93185059834,-167.55115361728,3.09741475794439
2465.16483823265,-880.984284697028,3.08990387251403
717.408123973747,-1822.96190624452,3.01253059408823
3332.09415428969,-617.503387172431,2.99899808148938
3048.46748853807,-1326.85533556414,3.06798891603225
774.509004668077,-2035.8173705342,3.05521865922268
3301.00975554541,-1090.4566215616,3.11761511420319
760.821982891332,-486.531239932395,3.18919998594027
3558.80772374725,-1873.17228928324,3.03873450770837
3546.12881087232,-451.526644828084,3.24960544980134
3289.07608859373,-1030.46593025344,3.15905579233465
576.068265584764,-1933.06346541965,3.12160327053947
2571.34558430218,-242.482595277741,3.09943528715306
1770.477617437,-1888.05034918203,3.1313533885053
1649.63277793659,-962.365807910663,3.20940939761725
2432.04288651535,-1955.31221583738,3.02438054152311
3255.87550478066,-1295.2472826932,3.09914039567348
82.9677932812986,-405.176021329706,3.00626696183886
1765.76413376991,-1493.61084165119,3.0006888898635
1827.71945525894,-191.389683734262,3.08996381397663
1834.80380159516,-1846.00224667825,3.02446288323019
3599.30339592994,-897.423007576756,3.15302515308003
4015.03002389395,-640.682325060942,3.11266216633944
1025.49415538174,-518.081607669707,3.03019556476304
2623.19571217915,-2213.34169214825,2.970988055208
2604.87226261695,-222.982923989888,3.10179903420192
1511.20176243125,-1771.86667066986,3.02631797181987
3040.89675862989,-1857.54640378991,3.08507648263951
1995.55708245334,-524.64054753423,2.96476614661923
2499.57768656993,-875.703912551309,3.12813693478633
3122.13849200284,-742.312428810157,3.07472395153242
1467.04345741527,-842.638546450537,3.00944795859431
1175.24187771654,-1380.54407396116,3.0892087258661
1485.72699613978,-1461.31216144623,3.03072291477909
264.136315133442,-407.841800587511,3.03396711644784
1708.14804824927,-670.374273841114,3.09722655537835
565.524317145444,-1474.43718792135,3.06865269615784
770.781949659399,-899.960440065394,3.15394290439023
107.933346005629,-1436.03894196826,3.11106388559167
2952.75977299885,-152.896034044193,3.21760458958091
1993.88701030631,-1869.56234355783,3.10464156767535
1902.97213915017,-235.235069834711,3.11494662783351
700.934911248143,-745.278722824155,3.03397728273379
2663.30922506557,-935.021590327369,3.13973123880193
3320.58002588494,-531.976466452175,3.21025540336863
1349.65745420484,-900.978489252918,3.07169294056621
2478.98922868691,-641.993331562473,3.07533207140772
2571.03015965535,-1626.42417308619,3.06918011073169
2365.51664707681,-1731.58770687717,3.20506623803197
1393.1817975928,-1607.112502275,3.10851710224027
1275.23741154178,-329.979799800426,3.17767234798136
440.296173737584,-1572.61666793845,3.16562232603946
2268.81189701701,-1646.20901607923,3.09589694527255
2392.39677084444,-876.072436433364,3.09317462139555
3687.39834204756,-1731.57887187095,3.09650152020462
1427.01129149214,-2045.99686104357,3.0280042702241
3237.62639562161,-2019.63484477709,3.01898430213752
1223.29849146463,-1028.5229966631,3.23869686289791
2169.74353419344,-924.492659873199,3.21158220402715
652.112676380283,-1218.2817532175,3.09973320109043
2465.87492791959,-369.549168808702,3.0211030688307
1927.57666155958,-1559.55235778064,3.18435304148535
823.636234013217,-2004.01099771031,3.01614563556816
2675.66624409017,-1666.90741947439,3.158177476163
2940.83460533377,-911.223635154215,3.19858379879016
2735.5571830149,-1710.79187640164,3.20117494638327
1926.78980240051,-1333.0791838548,3.14787093779775
2465.15865578862,-178.469351442325,3.1728082601406
2201.88722106978,-451.331132443984,3.12460026312113
4036.17089167218,-1759.50290876628,3.07305676308476
2496.17565555669,-852.751281133332,3.14981674519981
260.807462729156,-810.048504246256,3.20064276409796
2565.9547125923,-917.663846006755,3.10654131155695
2678.1217793638,-673.990581329223,3.14017497437573
254.480559133744,-1468.39755970106,3.10674010415214
3776.45004767132,-653.467035804177,3.0782073898045
1606.24692007727,-299.017667563797,3.25397855016142
1621.24915322027,-2139.79977176126,3.02810745430252
1606.08518932827,-2215.70349887591,3.18238345706272
1487.94120083111,-379.048660231487,3.22707645403051
1760.42028240091,-283.100864521538,3.19628844100075
866.076515282146,-1325.81936070811,3.24150750419522
1824.89471114804,-43.9688508288831,3.19050266122435
1454.86965354672,-1237.6500234701,3.24653510156033
479.78746951523,-1840.64770676962,3.22847924969814
3664.62495757743,-2018.21277995721,3.11356780501395
398.13524036589,-1193.88296053984,3.25139950661276
3490.18084860299,-1343.34330685477,3.00544050050998
3788.34727902145,-486.835349647589,3.13306360665664
966.555606683553,-1430.22614954081,3.1339608850184
3368.14288913584,-295.947021483132,3.2057356102467
3755.61434441325,-1691.17614223908,3.3036729386482
3188.84401922993,-67.1660577844348,3.30616968846275
2251.86507524474,-786.875937881805,3.20643748870289
1398.33050160047,-712.850053702111,3.27523713052254
3654.43403540404,-179.247330943159,3.06913794788647
3572.76014096245,-1362.45312358726,3.22374226594331
1976.41000142861,-946.551423897758,3.37750477659684
3986.47929406494,-1136.47879619491,3.08988778521476
3102.6106693384,-922.936537189014,3.07237828869246
986.27459417258,-995.504979844226,3.30420346925883
772.184944728915,-1339.43965351802,3.14210684091226
1277.98204959926,-1102.78175785463,3.1734583373545
3027.19529315591,-1543.20725487912,3.18705102348056
2563.7526347637,-505.374142267868,2.96960305834109
1855.9522724299,-1955.36976500771,3.09828673846928
2193.19919031259,-796.187648789634,3.11699915597724
676.537339855442,-46.4169821963016,3.2960274041656
3955.23808689797,-917.41057321923,3.3777548112356
3833.25215456314,-462.833961208707,3.21248749884298
2996.90981934507,-661.895743498803,3.15954835625219
4058.28006920295,-625.652127451539,3.16500276596935
1976.97304222562,-16.4596409576777,3.24560439694567
3665.21787269067,-309.400227497872,3.17760823299026
2786.67757347164,-208.161318595111,3.23445408493422
2768.9238937765,-1873.5254825908,3.19821971645676
3933.89170802103,-1998.73508606289,3.21725252905657
1343.49678877448,-2012.88153837804,3.29214388301066
1088.3924626166,-366.466445473319,3.25784498830685
344.20500590396,-594.250780431925,3.17570102393928
1913.5185924975,-1795.13823866423,3.31150963868211
934.442901956537,-772.571096441071,3.27553363120867
2748.25901661131,-1451.54003864775,3.21695648431126
2737.60949284725,-338.187647879398,3.20326657875236
2087.9118810605,-1577.40663774528,3.22364180075184
4043.76263338734,-641.793258354564,3.089947700511
3718.23634280605,-1741.06328666197,3.13687834660982
2185.93315202196,-1669.12144887302,3.13896831578548
473.097785913574,-1400.12047371468,3.24679409613636
1088.27475939963,-2054.89098124499,3.17844164117451
3376.89495467989,-94.1671585193375,3.12569987357747
3468.41263182535,-1346.0618854938,3.07006945661164
3427.55596714649,-2174.29924422931,3.18959372436276
2744.25679793335,-596.16184019325,3.22220698789505
1699.01210005032,-1329.59308444156,3.20327114153327
3159.68222862534,-1933.98282445456,3.24085316393314
3383.9521287372,-468.865759365248,3.28727058327454
149.119618085597,-102.886194257257,2.88761485841231
2612.78421298009,-1979.52506450627,3.23290140268156
877.322810858599,-2091.35879888782,3.27875059518422
1165.16018600528,-898.688130678994,3.32307549803441
3481.07292484742,-895.286702708657,3.05836355084695
3195.32310908163,-827.900952271218,3.22485285497505
1098.76949331885,-1325.8189260577,3.16283062955117
3328.92109445718,-1836.65223542063,3.25046356368426
1961.55048540737,-50.870980781145,3.19454798619215
2904.30781434333,-746.121946142789,3.24065604105693
311.963951724808,-1533.70776911566,3.25793286874639
1783.24381258681,-490.589177829585,3.24996090268722
1491.98868586707,-1788.26988807804,3.23017448280178
3946.56829454409,-849.304938168397,3.12738733218836
3806.47421826794,-10.5890031399477,3.14330050055908
3624.51405936775,-1563.8603512871,3.11934284976169
2443.12462206185,-2141.69959328483,3.31416321361389
2029.45295970324,-349.614954953444,3.26331423468163
3010.8769572899,-174.653607858826,3.30743233715233
317.495660778115,-101.088477499885,3.26779531623549
545.746133205443,-1278.56476474257,3.33268912144825
997.910941450901,-1699.84202414339,3.14567258003384
2803.89205719026,-812.239759482033,3.25641970152274
2700.74123254699,-190.436924924218,3.29605291496956
867.9190066285,-291.811467391682,3.35477857435675
1457.82044172494,-1748.45666710707,3.20276148534353
3084.51143491633,-1858.84391145753,3.1043522562907
3550.45754106666,-1160.94979774685,3.36526826675183
2532.95712061291,-184.187216907102,3.2223703793359
4051.26614017207,-1619.54216257264,3.21069759516404
826.116747338922,-1917.30107474599,3.41059139102553
2638.11360682943,-897.713086249752,3.23828545563805
1037.20193152177,-1498.03872473868,3.30158878631012
863.034873756048,-259.862350759105,3.21067329487739
3686.73260355007,-2010.6714235028,3.30695373503577
3971.35630301991,-622.208786650891,3.38747513827714
3028.57179111678,-1840.87933567734,3.30393163177991
2794.63972048533,-2118.0251602195,3.2381811877438
3218.67165449794,-1828.55610830448,3.4207013195485
1074.35854639122,-1290.9648647462,3.43479481264298
1878.48395643354,-39.4268795422209,3.35684305748292
2507.59102748396,-3.87578178663251,3.1917565165041
1509.19998020698,-899.715490666081,3.35660275513532
302.000433578055,-1948.52287054357,3.41067570457697
2336.11862099512,-68.690157121385,3.29957220702609
892.631078749836,-1980.84381515293,3.21079230353279
3431.34545837507,-984.456010499889,3.24482191887547
2184.63360850048,-2046.77238213311,3.24618762655749
3695.43105631298,-1881.60139347795,3.28829613394371
1476.48997260109,-1970.53497494713,3.25814748581902
2491.84472109894,-1483.11105958599,3.25201470503197
1986.9130771504,-1509.86577871276,3.30572721244969
877.373498478559,-1151.07313192924,3.32434188052828
3555.42627957219,-1344.73302780925,3.34960188764957
1092.89852894547,-1514.70108424537,3.32013290577622
2926.24791788059,-303.403179158962,3.29043395730071
129.491794026163,-392.190205872469,3.42932864805669
2398.92302834723,-285.194403458861,3.37966831821071
2181.12579287447,-1421.25144832911,3.30852174310561
110.551577405068,-1503.58488785888,3.47974963164224
3791.88159913066,-1027.96903325911,3.190049741033
3952.08740177529,-879.411919520063,3.31710878423811
3300.40904439048,-914.259930115595,3.27787308021529
2349.18612124155,-714.813702117269,3.29389188912072
2359.76432828201,-1862.00802862371,3.23798481650655
2143.50552552695,-629.04251566325,3.26032244133908
78.9048383690076,-491.360858356574,3.45578737923018
3575.15771557947,-1191.72053171053,3.35343169162461
1902.56145420446,-63.5040461137458,3.31475895829847
3619.37181653391,-1513.84769491589,3.25431455466824
2050.2505676629,-353.329511351617,3.33812637533235
1354.622421421,-1319.2019814188,3.34758159960972
2326.70250346006,-1809.14576646246,3.42610927935492
434.676215735222,-1365.41835695656,3.27906484987703
1474.45628377682,-899.789782807087,3.42932721564639
1134.03021189029,-1224.50148793526,3.38182492530563
3161.44939977943,-1766.2958628809,3.49662862151531
3184.0796840595,-1870.03276572635,3.36531833946412
1043.25043544541,-709.679296361302,3.25239845622426
3190.92193671968,-1435.09705032072,3.31979860431685
2217.26480099986,-1684.74072937081,3.27368798012932
170.092342758456,-770.703234226576,3.40268804337764
2743.21858049455,-1642.77104864859,3.41613372728149
3260.17562496377,-68.1223133245765,3.30281016081332
1161.50786365408,-1149.07438985816,3.449367017339
2926.71910759488,-744.91883583586,3.43717866042733
3238.91798344005,-797.548237568318,3.29214953688783
261.594844368579,-1352.03255001051,3.45267491326865
1778.62931346232,-2099.49118683044,3.28594459044443
2113.7784838273,-1135.7325360861,3.36625183847676
1987.10499324611,-1654.40404777722,3.42909951013568
3931.90488709164,-1451.80679981716,3.29760698615266
3908.81965713011,-1266.82428833271,3.39402334379219
1689.30077942332,-772.137435317484,3.54836970674034
3032.13996346688,-188.960969615514,3.34978946075122
2167.46666652256,-1105.55717561818,3.28678043994461
2626.64499441344,-1620.12178419796,3.26821930268667
1991.01573840504,-2180.10614471636,3.39745381367943
430.274934795143,-1737.7801335454,3.41377137607876
745.770794906838,-1886.80357910506,3.55320573019362
1702.16985832491,-1478.83166850469,3.2940385298809
1152.47060009147,-1001.24951081717,3.50791173082289
1298.91958884002,-1050.68784269425,3.3271802341184
2425.66210351726,-650.006612067435,3.1554893434586
3413.11471476399,-1789.74958832149,3.48962575104998
2314.87605257063,-85.7190686257607,3.42046094696469
2086.4248275212,-250.982435424253,3.46744977388118
2639.09451443184,-677.622990141838,3.49917809976559
3379.07000382761,-1531.15553438082,3.39620160108416
2367.61519720073,-1680.34447508008,3.39508753916769
2788.6642178344,-883.488235448459,3.41315470151315
2922.70383078689,-2212.32358406396,3.39785271740573
1826.95322018759,-2000.51108122066,3.40078096095272
1471.64839688222,-870.152426010851,3.33761684468916
1792.69519902336,-684.753923572482,3.51230652042609
483.922921010479,-610.244284595491,3.37703499938068
3493.37067094454,-1207.873481486,3.30530145782711
1953.05847209532,-1443.59550009811,3.66017719344081
523.398087067071,-196.04238277801,3.29937603678666
3660.73333609922,-2131.07604635336,3.38767697694263
295.119569366575,-343.427948870943,3.45370792335687
3688.76363491629,-615.19505254738,3.37205702154147
3167.14573354736,-680.38598169973,3.54747071884051
3431.29151950215,-1202.36545958805,3.34978263172457
2215.76551554494,-597.734431679014,3.40346303277541
2127.65531117989,-231.235941258926,3.58458229914518
2676.75440450138,-102.598529951657,3.50186300136994
2180.75451184285,-6.09382043062612,3.41799892394519
3159.24654734387,-557.340561851657,3.44328657951601
176.828442414507,-44.7534860338457,3.43380345625885
3279.38434684027,-1550.16562461205,3.48259642812058
994.351590264981,-533.414084380105,3.59317133427469
3199.46705868398,-280.797591207192,3.54769407817259
940.294360721901,-2143.45115685483,3.47504627584443
2955.95029622136,-564.250990986136,3.4933478456486
1883.03540853361,-1343.96537774483,3.50980638077969
3580.1988545886,-542.717392169979,3.56539058831579
3633.74085099354,-1086.91942914455,3.50754172485679
3036.83028705467,-852.976827968707,3.54563935281691
1683.82282520794,-875.32731393998,3.49844159573161
327.358169880979,-678.732340038728,3.50064482558785
2825.7958247621,-2099.09229612422,3.58188351021993
3803.79126259499,-740.945966999375,3.56083086590758
2469.56806106158,-2015.46477419262,3.6361220502994
3726.32875265635,-612.672844596477,3.56167902294927
1811.22675904423,-516.018990529914,3.456786005589
3094.43206527145,-1458.16138831779,3.40915388325599
152.942400176654,-168.195341334222,3.53290528965086
2791.17869451644,-829.778338553709,3.57802289582172
3085.40808009826,-34.1490459846405,3.52858059276425
2066.29685682119,-682.300833106585,3.54135018809533
668.196347679244,-1452.59737233703,3.56067528579036
2825.11192647423,-1097.50629955727,3.57807150734845
2348.54437637038,-120.955093415153,3.61311923315719
3635.19991262223,-2191.91608973848,3.48757951958166
3296.11122133463,-2135.75958941459,3.44535414466718
3184.22729961083,-99.5172796559984,3.54343474591478
2384.55153811995,-161.720808511291,3.61124154494142
2284.1224789044,-564.618851137452,3.5024494900879
272.654993276726,-8.87497179645541,3.59000953274714
2345.67613906096,-1413.12351934473,3.60249004072766
3283.72141631709,-1760.38052065646,3.71050939178018
2567.87126536917,-2025.96355207632,3.59083012288884
2314.20122436414,-1963.59141443289,3.4180686319156
1252.46455698499,-1725.93160063335,3.68042198457003
1838.12752631466,-1362.11769299797,3.58000165302596
3842.94896034441,-1668.93243626538,3.65780569319028
3476.63916966825,-1030.77128225921,3.50744484263838
1877.14887910587,-1377.85805168179,3.59299022003726
3351.79964426772,-2202.26850463422,3.52181622851887
313.144732453003,-1335.07579061435,3.63581532519857
1944.73644025712,-609.658825466712,3.52086046427976
1485.32362159857,-170.808226440113,3.40496088513421
2994.01933944533,-1442.39110762715,3.67247158067336
4041.81523260021,-2058.45630606107,3.59049683271849
1308.96828159985,-455.475732969113,3.59978646592785
1679.56052560795,-2163.3060820328,3.50002911040003
1535.06133980191,-2127.79544619886,3.69627424461747
192.135477813666,-885.360333366251,3.49972918078052
2475.95745775526,-2119.03920403929,3.8906695805461
1782.143898877,-787.650956929662,3.4872203091427
1837.66703716821,-601.483281046453,3.50247114314001
518.858355858726,-1556.61057472278,3.77835936732227
2728.21613349579,-277.387682072715,3.6518971777539
2356.95224606161,-389.907745950142,3.55544724874239
1280.07797141568,-158.53524582577,3.83609563753444
2827.97135393621,-1199.09957672098,3.51067868269846
2136.3034910153,-1294.56572620442,3.78397970074529
560.566433742405,-1914.52497853331,3.49053553552125
2056.8736498078,-1819.86038614623,3.64212193489613
2837.4772878235,-1581.83312457277,3.57443052621519
2967.41060088976,-2082.65996740993,3.79499178201849
1188.60241024687,-7.29681814141402,3.59451214352604
2292.06852501131,-1086.6907725539,3.82272550263273
824.876185669416,-821.414727660677,3.74191269098133
2549.44017545176,-2157.29152804241,3.70023814496455
63.8096312291975,-1516.55831683621,3.53513168211417
3894.32431512318,-464.446789641556,3.7967989107534
2832.57593103536,-711.216626881749,3.73550811633243
3723.9685475032,-684.820920538341,3.7115949825206
1215.64023119759,-196.508176951412,3.66931111566241
101.04245105646,-1325.45766703927,3.76597584165312
995.749635492303,-1163.29961619067,3.76358303250792
2378.54461530674,-1356.68968322765,3.76809119726742
3253.08626264136,-1129.87332117077,3.81564493033374
2999.38987735308,-1677.01291366635,3.84536966084532
2279.73183400875,-298.556036461661,3.6302579593731
1005.16710751091,-897.936329830721,3.73902192606992
1514.11849758052,-1730.0734015859,3.77748452656501
3130.12417890946,-1994.49011482028,3.79625885740614
3734.5466217613,-301.490641134223,3.94874483216349
324.630228926704,-1731.43924692072,3.89346468880312
1868.15966037112,-1996.49069361314,3.826584174195
547.806783210773,-846.171132703528,3.94787408279588
374.119772174165,6.13406123573019,3.9586616824645
569.516316175767,-161.95476393505,3.79955732876243
3061.26251048046,-759.627931825632,3.87587839574238
2702.88968289546,-2037.81136627793,3.89602307862692
164.151805531974,-307.618163535766,3.92642021148528
1360.41426029431,-1039.91200867914,3.84722525938073
1598.62913323783,-1323.94331581513,3.97519249059536
354.047231871741,-763.469285501236,3.6569813102485
3752.84711738501,-1029.96961060123,3.83309553030298
2872.99608605667,-14.2797603622903,3.99388791838979
518.539681925456,-121.489813188274,3.88922329008911
2423.06575669416,-1006.75277609007,3.76873618439005
3347.95262582204,-1357.83459815573,3.91293312578451
2809.16111582772,-382.483586582499,3.85848414947311
258.489477363109,-695.59743874931,3.94852025540222
3781.10729049171,-1516.08592721253,3.77268724838609
2459.41004822878,-310.339165117884,3.91167650912202
1093.24381027237,-232.837734025158,3.94495619640221
3013.66673010145,-293.245551277229,4.02681509655936
1950.81336047393,-218.136418892889,4.10978646757937
859.135059512306,-548.074841648941,3.91569162663231
959.959147016599,-275.562333193092,3.97473639615434
97.7154107820062,-1098.6030680372,3.81388167962201
746.222001418849,-1133.9479816646,3.990487438091
3278.28626855417,-188.562262385248,4.04269714803609
2986.90286069545,-26.9330826345618,3.87347213797006
98.0194643596337,-316.229611941894,4.15491025433136
1148.41837608673,-2217.79561098454,3.83128562489863
3262.65128788991,-884.597399821543,3.94009334025382
2600.81642988001,-441.901383359932,4.08228735628694
4000.53674347214,-1314.63563756184,4.01305337623285
992.14499280537,-1884.18486582315,4.08268306912503
2237.88032134139,-1978.84544093588,3.96435133211181
3311.10975147307,-1905.94400037266,4.04554010986386
1756.67927941004,-859.322463114689,4.11865043935914
2938.48882824693,-975.251751825039,4.04595502858733
1570.67699929062,-1079.0053880878,4.06893835201408
3328.95138995022,-241.922977718453,4.25537166427922
287.494142564081,-539.670542786508,4.26207590329569
3083.86969015271,-1947.34888849438,4.15639828543248
196.311527751126,-392.978406645685,4.14552665995483
826.899959664246,-1349.00964004882,4.33573629932374
3765.22511528643,-1438.47778053412,4.13168547024523
1253.67983572312,-1526.43806466742,4.34516564363638
2726.34482413902,-1963.84500947321,4.24012725081605
2442.07571885288,-232.296670762691,4.1642741881835
3458.38334094847,-25.8645142246893,4.18085681295551
1234.30863514698,-808.253639941359,4.22473013757313
2585.50126128638,-732.51770440529,4.25688661353866
405.762112352849,-100.544191341771,4.29241340697794
2342.61812315523,-1814.42911150708,4.45796385322636
141.93015917622,-1178.9840618377,4.40910169945134
2534.57579045228,-1929.05640092476,4.34363699766232
455.375068430443,-892.527947914683,4.49800519894684
2103.35924064756,-24.8646167009604,4.3723865081225
1259.18104920341,-2158.64501612188,4.26557830286774
3049.78030690574,-830.158117468789,4.31912683538091
2287.04125453051,-352.837470345461,4.35733526095172
1826.06933157033,-2153.82066665688,4.18260710953256
3444.01307849203,-1660.68859176084,4.49499210980437
2485.59654007175,-1319.56327423047,4.55461528034074
2337.8380699161,-673.039318307237,4.39084609058149
3336.7743830817,-680.724452201227,4.46686970755747
199.684009702484,-1262.23688101262,4.29597777179918
1728.96758809444,-1366.73200685139,4.57251744708165
3956.39311581854,-1396.74747342204,4.3293981580515
852.644008101223,-1102.97492908959,4.75198474614834
3041.64630180762,-2081.36667072575,4.50010948697752
2058.21165657717,-1400.62408883288,4.28543611018551
2928.41640410041,-2037.14235629251,4.49812107277076
3134.86922097292,-1079.0881909273,4.77916855444298
522.4151487411,-544.982324656538,4.95995876574951
2575.50768207617,-1608.44357921063,4.70991111279636
2988.64764886857,-2160.91345561319,4.57044313661921
2905.0787345045,-434.531433907286,4.94930356514777
3621.91468338718,-285.813236151006,4.79147190152246
1121.50865148507,-1427.49717756418,4.75944784968043
1557.16952696266,-670.004787386191,4.51887251425955
549.340720383178,-1203.53686010825,4.54462816396568
445.569690336438,-1291.34668648778,4.73318115942868
2176.79460521312,-1871.40472494486,4.88278535963091
2673.81340823016,-2104.46361686068,4.75023423390289
1361.3629876982,-643.371191312147,4.9406091613112
506.852860330716,-2077.71247713226,4.74612143625112
2962.65260096238,-1947.21362216126,5.10268959902573
1936.62306053119,-2188.31884217007,4.6916677349438
1119.69488676755,-1982.54947259524,5.07001325006046
3214.71809502605,-1254.87146077424,4.70068476138285
1683.04774308079,-486.214249457979,5.0102680018862
186.115046622885,-669.10111833294,5.19388842493421
2989.39177048857,-1183.00860225595,5.21695791592003
2895.7121951863,-233.739887849909,5.21187959378146
3454.19744005724,-1334.08122131951,5.40397089320167
3312.76273242309,-470.829848903109,5.16965804822286
1545.151898645,-989.49850359566,5.17583847297501
752.507194077081,-322.810533287356,5.49196986022517
704.596292017249,-1656.68177224129,5.57682118866591
1410.55363270711,-1178.52815782642,5.43754408525235
597.622924085304,-1025.85739697058,5.74530407464651
3648.69745533266,-2095.05830759859,5.8514918647556
2628.08674050096,-1078.34535867325,6.12435373593875
3384.83153183567,-217.001885091878,2.8251641711738
3216.30854600846,-112.938366812874,2.80831507300188
2713.25355846138,-650.739897041984,2.91789757058401
500.609546121619,-1900.48002715489,3.22124504564867
2086.63507550219,-2160.19230601094,3.05312525276297
3550.80221632147,-86.0939088004302,2.96292437163407
442.429836460015,-744.803548482181,3.06288469456389
1659.74507144023,-447.309278174442,2.93517844843042
2352.80104817429,-2053.47915825987,2.93592874293083
2984.36107556677,-2035.35750314399,2.77512869800314
2667.03876704952,-920.60697931811,3.04031154980128
384.137500288565,-484.260586676483,3.10688583528467
2640.01696531154,-331.885456700058,3.15453691550107
1807.71163879093,-734.972118776595,2.85973280568107
1585.73124442539,-2063.89305266259,2.84515326072064
2644.85580782751,-360.127165768246,2.92000437033048
183.016846468111,-620.833775762087,3.0023861184684
1725.50806287707,-970.872526493377,3.12967463899011
3088.18844284433,-1081.54414911244,3.22042094137152
2459.51014290607,-152.591027968259,2.79619602982718
2178.93050232943,-1318.51595238076,2.92153767871911
3669.6630567642,-132.517196870967,2.92155223271199
2213.05009494112,-50.1853049055876,2.9323354410627
1700.97642927883,-841.618302677565,3.0699487257411
561.598572062476,-1494.01417470624,3.03030107350598
630.899715181062,-1418.60471492438,2.97338083603236
2689.03159849956,-30.0426873536028,2.94469419903147
3180.22263331078,-1606.34656865325,3.07742912353199
1215.27424648448,-1929.29342182118,3.00918972752067
3752.26645749869,-1728.41460643009,2.82884170216748
504.420089058708,-2157.29058346633,2.94902967646
1443.06267112489,-1778.20098673637,3.35969995594898
912.133746387502,-200.711490081311,2.67633195066065
1137.19566209305,-296.332094612152,2.95729935823238
2268.25092198527,-496.858145734742,2.96373478910686
3263.14266781934,-365.030242114876,2.85802951626043
2381.69988200215,-299.993956978882,2.83185864965154
1499.36340357778,-1001.32423645293,2.8195390247744
574.28261280694,-211.804397229198,2.8494954503519
1615.63565419725,-1087.33684541374,2.924858365839
1528.09309792425,-500.432309438557,2.85227608036672
407.420555049092,-1040.12586452392,3.14191376347135
858.919744409338,-425.676149480658,2.88301281973846
1795.41360229324,-200.734807083743,2.98080403581243
1427.61619842749,-81.6602286130738,3.15001233759107
1599.87613603457,-596.460000532067,2.88929684141617
3889.70952357572,-1304.55997241576,3.03840810214236
3432.98078890824,-252.892966626886,2.86924652415997
952.192471083187,-440.499822014773,3.09684083920787
3429.97635592062,-293.016831994253,2.89825915758228
2410.14560645258,-692.806054594419,2.82698597049658
2881.69277191548,-471.938397537639,2.7436888472608
816.926509560634,-577.153654269248,2.93464968483897
593.166192798839,-1501.42794448505,2.98819438982188
1459.86015459489,-1714.14249837304,2.91090124915938
3433.00387182896,-823.296627972282,2.74879580613658
1118.48093701574,-968.718546414969,2.91160019587106
4020.04127090427,-66.7400922158243,2.61759434349557
2312.5256225912,-991.97544203085,3.06032370739694
3533.28906294244,-365.236199399684,3.0610759700471
1392.44572952499,-99.1894148177009,3.32106580784969
3387.58042995979,-1962.20566626781,3.23270500007666
911.159666221679,-1531.64045637661,3.13497097679251
2013.61642192585,-460.887116355471,2.86201309533378
3176.05801694621,-293.343100571223,2.84236142662295
3508.18033113893,-530.058348929212,2.76815475828833
245.530226151672,-106.963332358216,3.19394124718928
1038.42937248769,-121.653166271583,2.75118252952021
348.850141388038,-523.906720110023,2.86456448059588
3091.43786098326,-1797.82460236852,3.11840106506715
3905.96610652074,-9.45450007956719,3.03826042085054
824.836827257906,-377.522691106533,3.07170225268529
3141.44482381897,-505.099667093883,2.99089206886381
3726.58941046918,-330.387835416816,2.98321418908974
1320.02535164445,-377.979384551804,2.85161499966074
431.148864948482,-1875.39978800465,3.01842601734647
2272.63839381817,-709.347780893181,3.11093320628741
4002.65007192412,-97.4998136689593,3.02757241693583
2079.08241517653,-350.948366764897,2.90228873418806
2111.13817857105,-278.749456872311,2.94661567016549
3531.70339735994,-880.746778713357,2.90617981504673
686.945370439954,-81.0740123104387,2.89902905089698
1149.95526149261,-1450.09286634869,2.8857566355102
2793.88678284597,-585.041963063155,3.17518393535677
3608.81607142156,-625.893421774795,2.84813625328349
1633.12322214022,-2135.01694813899,2.99300320004488
3167.41551766243,-300.348577633875,2.82154979520098
667.457844056015,-448.018588655368,3.00913493071493
3359.30476105622,-533.097420735856,3.25272364426241
2158.87463457201,-568.2263563359,3.05276863346912
3045.59586622202,-1640.8368317271,3.14941799685895
2037.65348012568,-72.4325237152171,3.05907470781768
1290.03476031552,-2113.76545114201,3.08674424620012
2767.05185277312,-1938.88057223842,3.06222165840258
2744.78173834471,-1838.92848382556,2.83753971200474
3571.74596312318,-1895.86114174248,2.57695318518061
4068.0317825307,-397.612335487593,2.95911264931837
2593.78263217687,-20.3434154101699,3.01483294055412
490.199996889957,-1469.91383845601,2.8611660355097
2452.04941513136,-207.94926678349,2.97529548062991
1114.55693265749,-217.667231430577,3.13372750451862
2200.13900454702,-1644.49140978206,2.57862265858725
2039.35726496247,-268.364030116921,2.92798820025719
3120.6765367511,-440.982984196804,2.92401407779144
1916.03954944546,-410.758540531388,3.04998512975294
1451.78192613894,-107.723400073925,2.72661633308712
1311.26682490461,-1416.35759123201,2.84297564573314
3211.7522720201,-409.67266640928,2.81797504281487
2010.42899127867,-1697.66357060938,2.41620331986133
2335.9134555944,-2215.14504234321,3.08032004973757
3109.00036055462,-2198.39070449417,2.95103917761983
725.743339305707,-1024.92784156546,2.99755513076142
2972.11491937348,-332.833348004401,2.78065272777477
3531.02778277059,-1671.78641619241,2.6085265034631
982.878116537214,-46.4683025405126,3.26769812600762
351.092926700349,-1456.32342186572,3.01688211638847
1493.93884478931,-1217.04452554214,3.0745366521104
3354.4036216999,-1882.72175835596,2.88639167449327
1128.17270771676,-56.3192747678984,3.45079484040455
1205.97137032196,-1080.61182817543,2.93931145728307
175.530377089705,-245.893718516993,3.07285714851356
1336.76464654935,-1654.58144783289,3.00753648153645
401.046643367237,-60.826406009471,2.93745743224478
1544.89420750901,-234.111454146569,2.95204787100896
1206.39562943722,-99.878263323647,3.72554163884602
2394.62904761726,-561.780906497944,2.97717399399694
835.384648680536,-187.057937359303,2.55356378287721
2485.44700075016,-363.569418067293,3.09909319930984
1573.00568379078,-200.970104127457,2.786709778331
243.024265078743,-1731.16079933689,2.73151107635317
2026.70388471536,-2207.30362726046,2.98288740527837
578.951740922591,-946.917555196296,2.94181225600091
188.491191350636,-1642.59054728426,2.7447961943519
1301.42335135336,-2122.70606113134,3.0913512127274
1163.67997098865,-165.071149377673,2.99420356614829
1783.19401317408,-1920.42992309591,3.03629097480052
3267.21159800785,-473.344306209655,2.51501255571212
977.178957484471,-1547.66954176443,2.71248328187477
692.790124216722,-821.016376804231,2.94484382570191
1517.30617813875,-399.747325583555,2.41459746161053
2998.13411046355,-1745.96939197242,3.07365886457105
351.501574579357,-265.688340833329,3.0542284756669
2268.15032374004,-184.001233557477,2.90433220870092
2999.90547977971,-77.0846764016764,3.10962370396384
1410.06057419937,-219.84842771092,2.99477922522932
3435.11068266085,-853.941346097883,3.03124016970493
1185.277921945,-505.465993068518,2.87189920674555
302.929996793184,-21.370671584685,2.71306534926335
1059.87019906455,-56.6685933893536,3.69935210151152
3299.91186335011,-462.80544906586,3.05785424754974
1864.64496195273,-14.4468695655303,3.04414069366499
3334.6084705944,-641.536093933112,2.9190794872198
338.308631244476,-1590.30131994443,3.04165198978079
2417.82005150126,-54.1180076611837,2.82967655641201
1120.06566519794,-2187.69409992596,2.96562776110175
1218.35078112463,-426.44729401326,2.87415925353162
3119.63902395131,-1707.0466184171,3.11650521827336
3336.23040829833,-880.182693380033,2.9282128460826
3098.38403657262,-2106.08660057297,3.16227912327384
956.339002342984,-2124.28910472596,3.12691744799752
3502.37887269117,-905.874724133383,2.96245854722586
549.005897511785,-2123.83605142367,2.90478362119405
2509.22705414139,-436.173623741459,2.99710739594547
3896.65729058089,-366.256826784018,2.88269932390232
3447.63970421002,-465.922197774747,2.87485239850717
3681.75344726402,-496.035102290409,2.88721435100027
3713.76593051653,-2007.654018091,3.05717821359801
2965.89788980126,-1380.11326767091,2.91364727369953
1093.7807689118,-108.614702334989,3.09539545835852
2498.67147545744,-1934.67476481828,3.06255459533207
901.146364422757,-95.5853151896309,2.88130167306807
532.615471502746,-142.683815597913,3.20533958733885
2842.40545311289,-548.06767723024,3.17797190253181
2088.56172991818,-1956.3183094282,2.96069647507649
2606.09132798375,-1949.25846515869,2.81610857039766
163.129531701239,-1531.23703086338,3.09557389291719
623.869692127616,-1400.83159500929,3.06191215439794
365.22280201781,-131.759628528437,2.86546858514487
288.031360471821,-708.956979525531,3.03075854438043
1253.85349208642,-1498.01607593683,3.08688335067258
3043.77225694997,-1952.50755776185,3.07086145924009
1662.57485963915,-142.622675628709,3.09690815672224
1655.6424835065,-62.1757779577358,2.89702752160138
1110.67576324924,-1595.23049221991,3.07035658523832
882.745248731398,-109.927925928967,3.09770769170077
235.77478529858,-1792.27601881733,3.01520623802627
79.345549470503,-63.7494051669442,3.23844522289022
3669.88722195403,-1437.08166353187,3.14142151342091
539.54069806838,-375.098043350434,3.08973444595789
2955.24101023978,-103.052371183613,2.59329724304682
612.196493968319,-429.447969823299,3.09441827180965
2827.78752618704,-7.22410687922665,2.91184372362381
1279.00606427239,-1943.58154977769,3.10182863469071
3868.60068703683,-289.228292539284,2.90315895576177
2167.06768599701,-1589.00317485114,3.16036578963135
72.8910366713498,-2101.37815901206,3.27025948068263
857.914519794909,-1522.83537199893,3.10006098867716
907.577136533936,-82.7860290906495,3.01147092565342
3179.52779890951,-459.856012873683,3.13258041003206
1698.0415778541,-100.817758639121,2.8709466401428
103.033398672497,-370.139325944635,3.02305121306405
1785.03344826513,-1132.12682839182,3.06323707394435
1979.04466315896,-449.324111839669,3.01237298085106
3269.34471938453,-377.445749949145,2.97714106016812
1313.54951772115,-218.419547903687,3.00237701295157
733.887737643682,-1189.63599767144,2.9080746712924
1281.07827616121,-96.954291389609,2.84708510576685
3285.27011037635,-866.03888576824,3.03326542294332
1219.20360943765,-1551.95076093943,3.00996371182779
364.255645133813,-886.069112720102,2.99428268877965
660.754688463988,-898.125766086439,3.03578630395457
588.046003797896,-1602.21173408161,2.88050851414533
3714.03511482753,-1671.72210217639,3.03343226618082
2419.24573581421,-233.096553195704,3.02307943577056
2804.91755675821,-1961.40237514225,3.06429245910178
1716.52247392987,-1915.32998049299,2.98381059832184
2319.03381114742,-156.671606579148,2.87342661289001
1272.70208655536,-200.180057578547,2.99145097137159
2179.59631676785,-217.253771429726,2.96525940568599
3184.65262341651,-663.659466114504,3.07427468723727
1930.44012989739,-107.053696278405,3.05177442912161
3712.57641428752,-254.980609306623,2.92611572185219
3754.37028764569,-163.295517672046,3.01219496638382
1580.26913034247,-257.659959024975,3.199001500832
1030.31746752575,-1619.97117681157,3.01939346611041
1052.34567827321,-1575.9382871477,2.97017315785957
3692.05734276828,-23.717288648553,3.20140173432974
2759.39838813229,-37.3280374772832,3.07111626894948
1384.28725770524,-142.428008007158,3.09290305608282
3105.55043115371,-1976.54435819783,3.08541703892658
1011.21450905912,-1025.01452357794,3.20219124747481
1926.57291509498,-473.97932013009,3.01219234790182
3338.95543325525,-1789.43597566355,3.22190319132076
399.883956319967,-240.584204550957,3.23164974419139
2239.93329922444,-1762.60513107544,3.21386145888422
2552.20840482176,-2139.4405932155,3.0752401755672
1415.15307086561,-1971.04140890275,3.0734224718927
509.183111945298,-1753.72149923065,3.2973728158608
348.085930614947,-279.391576676445,3.36986336451543
1792.27887872312,-1644.84036902575,2.8175588638313
1899.33356235198,-2179.03669303728,3.26810221374934
511.161911815489,-501.769409466076,3.10391935691546
654.121797031868,-428.264964857386,3.1594217684781
869.004566406661,-419.663113752059,3.05275309840144
1054.51094024558,-350.624327066388,3.30185389553073
1362.75504047733,-151.141576154813,3.15093777549783
2020.92810674615,-521.724579727821,3.15354343211521
477.46054069762,-145.173179758477,3.10446129258765
999.595226349526,-250.551954456271,3.23345119292464
1824.05308015731,-136.583596035311,3.1302312852408
1635.41470359596,-299.298926807398,3.09058839171597
1974.08102533631,-1405.69839397406,3.34383333857599
2613.36878247281,-317.825933989319,3.17181560453262
1639.1339548003,-1021.24812934353,3.36969682273332
3607.87513799464,-743.849486157672,3.34209863087759
3982.11641442614,-538.928729256304,3.2154590937072
3327.22182106264,-1711.13409336448,3.21911061796294
1312.34486049105,-1602.88548716107,3.09305408101966
1946.52373138784,-1496.2747300455,3.40939155746414
3628.28884854128,-933.311258510043,3.42907594969865
1988.78325963325,-554.086133128999,3.25634660551739
3558.52152509133,-1627.69251947261,3.41717165283261
2995.79914627696,-1643.42162592333,3.43242846003951
1182.01789986329,-1908.49660594961,3.1713299882067
2895.05021943707,-1355.78398196673,3.24320137077862
2599.99452749523,-165.112395887929,3.1285374522919
630.500621306036,-282.639775032578,3.43043843216643
2408.60097803353,-2212.23908681731,3.4571139903149
3688.31783590655,-521.075190669688,3.50259442219101
1944.02054632242,-764.739573414228,3.55504136091494
682.481882997198,-1880.57714589155,3.23332954842192
1834.25413808204,-276.598196673183,3.56308619040087
1692.30954397694,-185.051372133948,3.26608973895601
2794.89574944253,-1376.39561956487,3.40681303563367
2417.51935703974,-2198.43074846569,3.30538462632504
3348.54796344961,-1738.63596669445,3.57125319521991
2526.43341609155,-771.257898415917,3.35920509871602
2816.1721900365,-165.018991079716,3.54644399176626
1885.20013001829,-549.388874281792,3.43729558540113
813.51467128566,-326.823022202205,3.3941116125864
2325.75663800385,-1501.90859262833,3.53542063981465
1514.74983851611,-345.454289869685,3.29717885048921
1448.58538775166,-368.224892418373,3.65925780481556
2564.69587694157,-176.570343364826,3.37400613473165
2964.8473716309,-1472.0086121908,3.51052186307817
1484.26899865323,-317.345547066843,3.69815589221577
1450.81862871407,-268.562989495798,3.66565589366338
307.865463738544,-2204.96312796386,3.79563145482451
1319.4677111694,-1514.0418335942,3.83675344339669
520.94361691955,-306.002985267321,3.63914992980534
1919.83117143482,-178.159959884999,3.73360287915905
1395.40993329401,-346.263874832262,3.87340576290637
1593.97139178448,-1694.95540495518,3.79163582544044
2035.45370537438,-214.237902448137,3.59016262195039
3005.97634914528,-1829.74288617731,3.87471766143779
448.556973242718,-350.403768902591,3.81512193599984
1939.84842201393,-496.565445699653,3.85046506693115
1317.80662472411,-181.626563298789,3.6315797930698
1090.76018626675,-2122.18699311772,3.76664646079271
3439.69363608866,-1836.1849594605,4.01215911022068
1165.97594622755,-1515.69357635181,4.15896105783825
360.995035364165,-209.631196391562,3.71474414796573
1533.67062977348,-56.3010666831626,3.77461119393002
439.212227111972,-159.988186868366,3.97690444330342
1031.55914064254,-62.0055195706118,3.94741015196363
1538.87574130962,-1689.1726860791,3.93351640970741
652.669038126668,-179.308940212336,4.02891745432951
2320.11054875142,-519.268858311377,3.98488338203583
939.015614733942,-43.038377082197,3.75948466459498
2381.96471994014,-1620.72544742342,4.16927604999632
977.570712790002,-56.1359216598246,4.06813361430494
3433.19223359665,-1586.42780894892,4.31142160059116
3888.12697307412,-205.612607826147,4.04705902263961
2759.1452073972,-415.542492580253,4.10437629034921
1878.4065382411,-1630.80613840545,4.01639858412505
624.603217124034,-593.379490510676,4.10632135150191
1310.34547368207,-122.191577419633,3.97055168424509
2966.66956302195,-1938.82966078635,4.25878376258352
3510.3184572178,-481.262291931719,4.22393369472645
1430.06279428661,-1449.7406524656,4.43633533233931
2762.09929819865,-261.419361715415,4.24881371052852
3968.70943953421,-428.387368308208,4.37944732170106
296.882967052289,-1857.17432883231,4.29770753905075
2227.68198171711,-524.373668916775,4.36882078014204
2291.81631738126,-437.515303470274,4.43021932100283
2602.40905787616,-581.43742971451,4.50842177715194
1097.82565320485,-705.267558737697,4.6305269724647
3423.58076460218,-565.914605203271,5.1840833512538
1512.51449018651,-513.383666572867,4.94159971253833
3653.52379835855,-1607.30685303928,5.19300483719553
1700.45290795778,-73.1619967565443,5.22226155201836
2859.87053770266,-449.215237100561,5.36079674597934
3219.8886239152,-282.130593768699,5.42877756344356
1838.33793637712,-1253.02811603362,2.96035338735925
3088.03497534416,-1045.89036322694,2.89952286675878
2806.25005462886,-1261.71247338794,3.08124704838895
487.062892350047,-1790.64498090897,3.18920608246006
1682.29011601195,-494.48680489943,3.03626559314678
696.473314602805,-1703.77203712606,3.19947580872992
3307.74590837877,-2168.76035399836,3.16129975145942
1314.51250442229,-641.592504465419,3.20249312286289
3351.58944049923,-727.55949830841,3.42360711870237
4003.77844536708,-71.6213745049899,3.64795590388939
3361.31673080958,-695.781967510314,3.36778991081173
2585.1248798171,-1674.76040382559,3.67023739343607
742.592464900361,-331.497269153276,3.42585253214681
695.84462271473,-2061.68020386285,3.7755470571939
2315.77836313463,-1555.91389509101,3.38089080599344
1642.89838944694,-2101.89378109333,3.79223775772597
1500.33632017364,-1522.3909031116,3.93233518177373
783.057339635607,-1944.10985553653,3.7714788020501
1663.52548510425,-730.24964568539,3.63381447900086
1682.32605828289,-2026.75944095305,3.9048412154796
1719.40267067314,-519.408660366907,3.70504877617674
1258.92673169914,-1417.65229094038,3.91553363753235
1689.75079994296,-1183.92339676532,3.94083708897381
517.823585980071,-2198.9026345947,3.84219941668906
3773.96392161348,-902.427165289554,4.00774150559781
3917.17613771546,-1173.7989902572,4.1179757084203
1644.98699188922,-2077.72687297617,4.12207487995972
1134.95495204549,-2156.3764325291,4.05416636880398
2284.59384897829,-2201.59548905814,4.13993073528041
404.446041339895,-101.687671477741,3.966299156985
2740.24383047006,-2079.74356826155,3.97655834490166
3837.5944398747,-1082.70974559947,4.46160558390447
3718.36143028933,-1564.05323328979,4.218299745973
2595.38354228917,-1743.05527637868,4.58290311177503
3899.25315655518,-1017.75375379698,4.57602370241288
1874.78719471441,-898.840137785046,4.36689484914137
3915.29812688087,-295.813873091766,4.66683636354317
108.879444231909,-533.009612566645,4.71414790606322
2111.68189895547,-1031.98112268965,4.8931469965137
2265.36540622812,-1724.41341620556,4.47945104180255
2065.53440174121,-895.549742676867,5.16755066927633
2315.31077871024,-867.70040528352,5.17120296062731
253.273266071302,-212.540458957958,3.42152038567898
3660.58715752647,-1528.25223596336,2.78595586106937
3042.43070260839,-1464.32221708468,2.9378969824299
3110.26142858431,-1357.72079555496,2.87289921699947
3948.20381046546,-1352.09812171269,3.05583469029387
3960.88132542464,-1446.83751085622,3.07666225734273
2914.09449884449,-915.952926689965,3.0474894761478
3692.50963585986,-56.3526102967135,3.27099701246272
2146.03002537737,-400.175124918304,3.23537313384404
1604.00207293033,-961.415067759993,3.00178602425395
1546.85402567521,-1483.89796224484,2.88620018159784
214.269773699151,-1950.29828935812,2.92550642961886
3309.10987340791,-369.847475243527,2.82947396549416
3772.81459105244,-161.672952959641,2.73093237849143
622.511236649418,-1197.81528583255,2.67838681073932
2374.80784523741,-1159.11816701957,3.17553611677397
2640.79529550643,-1523.97462044566,2.71102398517156
3336.87270520529,-96.8367465811741,2.83041671942593
1593.74311070243,-1601.69344067043,3.34506030437882
3024.87334829414,-1265.06584579601,2.89450611824275
2031.71916098438,-1137.40076118336,2.69613237663632
3483.48549678036,-2168.74801244546,2.92013963390463
1708.25500516669,-1420.95377143335,2.70535338217114
1202.63316414521,-2124.1516189005,2.92694569061857
937.823970788703,-2098.92504328765,3.1036242886203
2525.20213117367,-877.7110669786,3.15546888876096
2929.56358256822,-318.57894095652,3.08239090955889
3881.18353594081,-1116.72163655476,2.92525356270554
3954.29996950323,-2098.89955970974,2.91816382052211
1488.74259620256,-812.380585640674,2.98305048707358
3517.72005946819,-1941.71039741355,2.79225780070046
1031.45982852816,-678.43145708609,2.76990836640454
3829.24570748658,-173.704298112527,2.78512934932455
1225.50755048218,-1610.89177463287,2.90826399416608
1767.57595208663,-1982.94758060054,3.27321865639003
2947.36448275343,-47.5590640257442,3.12439276628332
840.650887018959,-802.028486676712,3.02380908290775
1174.57416477041,-1804.35395806659,2.72875432530417
896.345734960051,-705.214899092953,2.56985176848322
1657.58503170715,-1989.16820420632,2.8560432101616
1301.20209497917,-2027.77741281245,3.26964878156322
625.314742896765,-1784.84862837767,3.14294925684092
1821.81217415265,-1045.92490075785,2.92864154389959
1621.88963184829,-1747.34667650522,2.77562965051094
1170.3222545128,-314.544750334979,3.13922253532032
1121.74923597027,-1706.81021067997,2.99099081259246
1155.75425407842,-1621.90682472348,3.13569611701106
1486.31180131751,-507.041066924093,2.73048654504786
176.894162274896,-2143.24378120011,3.01072003407385
2800.83873736548,-44.5215932003119,3.16494366194668
3138.88920801905,-1773.77970970996,2.98707904207548
3108.91607253611,-1870.82468319985,3.22858533063267
3426.21970845474,-322.252128734521,3.02927924095639
3891.79709990853,-1791.26917618758,3.21062386874637
1168.32005666135,-74.029043607869,2.94654370313579
2413.24251601194,-1533.66191230505,2.83838637854609
2933.34804333114,-1643.35885836206,3.09000180281805
3830.12367806947,-1374.24639085805,2.95506630610499
2262.25292131193,-1393.46719743268,3.33567333419494
632.966891087647,-1938.91963972758,2.89985223210515
2091.54317133546,-638.244384869511,3.06088242066572
3320.82653972826,-1192.59260275674,2.99855525951786
487.585509046507,-1041.54664184746,2.94013967590287
2854.73404461047,-252.411421789867,3.28746248194573
663.873811306342,-2199.44113676793,2.96217302246455
3307.97306375442,-1506.50290790143,2.80302623715378
1315.81036612515,-1452.73155226067,3.21790770234447
948.86898420127,-343.472421565998,3.14761681043287
439.444651748932,-358.34644756221,3.0265872616632
4017.73649371579,-895.168490112964,3.30486851175507
1148.78169643212,-1674.29472842157,3.15715372700714
980.059259889922,-489.006010940526,3.11265355986357
3017.51922357405,-496.61011922744,3.13467735315554
2937.28721298106,-1062.27417589715,3.18874356565143
3828.80173639976,-250.176034397667,2.84667098217301
2883.67089462409,-2066.54909357664,3.08771461970322
4058.91155861861,-63.5989037218304,3.43950561158415
1864.06731368973,-342.100870490869,3.30245130852855
1914.35589768871,-1305.89697126595,2.92805857188969
1202.15218146635,-769.135191969425,2.92037787001536
3210.20284207704,-1893.04886313256,3.06721789865438
1407.27946889204,-2192.54647025949,3.0254250093003
1763.18109540138,-1037.0668706012,2.7067680281273
1804.02536877795,-1945.50273567346,2.95818336470957
220.853596205356,-876.287705241018,2.91198431731815
1830.18505793834,-650.250424067528,2.83291541026039
780.39948911146,-587.800852557463,2.75116937826701
3473.26118671991,-1255.81681628927,2.97724939993142
3614.68055445477,-1250.45224011012,3.07839476565911
1805.81149947765,-1377.79405419611,3.04234350751709
1036.76364259616,-1900.70396987178,3.81094577461829
854.406122858703,-837.112136951538,2.95825474527573
689.3998351414,-403.778409377721,3.05699411124635
660.319232694254,-1481.77163928212,3.14834749128467
2342.26508351808,-1961.19046332675,2.98618753442693
3999.00882843688,-725.410894019825,3.07346018172116
2923.37564511771,-1941.97328396438,3.01249970033014
1241.59189525122,-1084.91590683327,2.96920258698024
593.563971818218,-1840.6372531692,3.04467837280375
440.813070156952,-1995.16099850449,3.07736636280169
3809.304940376,-242.194987261723,3.04691086490484
1858.26318824924,-40.7488942022892,3.04654817391734
712.318592444782,-547.719584126272,3.05345110836909
902.907066197983,-752.140630678767,3.01010068340939
2234.82029615401,-547.030555012603,2.91636024733661
775.150084975899,-48.3736729791912,3.2316018950874
1846.29773759914,-61.4742946140453,3.12759761954653
1545.42954794225,-623.168884370224,2.98487535292363
2228.80149390628,-1241.39136100465,3.11682603781706
375.755305941179,-1066.42276418322,3.1070472527841
1566.28259947889,-1337.76622492088,2.64275696346439
1120.78487260957,-1813.40009621435,2.63678422977086
965.581958453485,-1209.89724262976,3.25996465990681
231.683909497315,-607.046785231218,3.02670927433228
1552.56707709516,-927.468237514169,3.04416804652261
2649.84828798437,-446.3869039252,2.99146803564836
1345.5645054731,-1595.08923240513,2.88217277709013
2503.17341631749,-1778.84085759807,2.89456089972464
3969.48182687716,-288.444736670916,2.81508377241071
750.428168105936,-975.369133961793,3.09385184960201
2108.01914368645,-810.184242422865,2.96365932081465
435.271372575634,-668.365724242841,3.15982812739058
1680.85037911129,-214.124098855827,3.08966261702827
1437.43580292186,-1877.32151145142,2.8770216904369
1389.98460026451,-1424.48253794136,2.75324109042886
2320.60016562178,-1548.35085841188,2.92375748504493
3094.59604701314,-478.97150550475,3.26266133042493
2733.2967783456,-798.553393140928,2.98971873172803
2974.07541704334,-1416.38521588366,3.09272168259896
1471.16578058894,-1364.0195515885,2.75780562052536
1558.00375851294,-1220.24098523225,2.94739205873718
1747.87502890997,-57.3550003842172,3.22440993756504
4015.95140903,-130.092150191188,3.08391399996691
3526.6032585087,-272.04987809962,3.05041390795651
3489.75650900174,-944.367348823664,2.94253784502311
1237.52839995952,-258.652669732434,3.07845470240524
2070.60011335217,-768.207797468611,3.03266527685021
1879.64008133115,-1048.45639300451,3.08381692372554
3250.48586457933,-1788.35630889743,3.04246211647788
229.736730590084,-822.056109666925,3.17451173542337
709.250231544303,-384.436154019003,3.56564184970348
3150.41225613631,-818.903026564528,3.04894493373948
3694.34030395624,-2083.22654976147,3.17040629131471
1026.3457835849,-2046.09027826835,2.98866229185513
3386.12332016492,-1100.72378279361,3.14034969081154
2231.97466950213,-985.734538048107,3.1424103615469
1396.09153165295,-2163.37997065997,3.0544109711378
541.160946704686,-1352.61296063002,3.31691026471162
3711.55279243904,-472.568009811924,3.16438757712534
1559.60483305961,-1284.03274869546,3.06938857927062
1882.11970890503,-1795.36441167183,2.77012707317044
1213.06093241787,-1321.67685677392,3.02260918267208
180.59248489639,-2113.25507296104,2.91966395934849
2920.40904446561,-1467.76329095884,3.32946366940421
2632.26941256764,-293.311056379702,3.18202214908481
2975.93708204857,-474.195383529014,3.03011645481788
390.279873190444,-1651.13206295725,3.21567755066365
750.638149189145,-1840.9270251639,3.28021475716201
2420.34170123674,-350.307315784837,3.04128535859838
3693.38348484163,-584.312144402615,3.07602908128188
507.382129533386,-1416.11145274592,2.96695302618456
1250.02635216357,-90.5364994024785,3.14292449838498
3092.33730245086,-1248.55699525865,3.1185708682158
4050.85647423346,-1373.35917047192,3.17460559885824
3178.22968996693,-1664.14727802376,2.93149584779838
3967.32740281597,-1127.13344036637,3.12607524540161
466.262680935852,-719.134044739243,3.09225907211787
214.188084736125,-22.9313779049234,2.99147542340534
2100.59882736461,-122.693213057041,3.4793141413452
3072.3371058454,-1765.2435937458,3.13437072053868
1315.40233170762,-1291.94337132262,3.05959742115533
3977.63051232173,-961.780917816659,3.13480724472115
1579.88896160534,-923.049665811715,2.78591650914963
2584.13917658088,-336.298396815279,3.2048066508984
3119.45831127799,-215.595981099141,3.31110838514445
1109.74445227462,-1574.80073110156,3.17099557388039
576.796352954227,-1737.39397569991,3.31794036615105
2781.02683199831,-1546.73956260369,3.14011341862252
3633.47604054879,-1965.91981449314,3.22498822266048
929.495476065662,-1772.37826915087,3.10491761976828
4005.82605311204,-262.119548356539,3.17297501889905
3933.09692487315,-1680.85552380982,3.12413982073971
364.742516659118,-1303.80560717835,2.70402132925634
3228.71727284955,-139.603621689064,3.14185306436849
3853.16495334446,-1605.30939195727,3.28466048565732
2067.77575999126,-579.768288587335,2.87569044845794
1085.25469659062,-818.935280552652,3.15330100862815
2154.19582940715,-1080.61447909116,3.21193451811518
1376.75908782174,-1231.82545028319,3.12988570448984
1404.31111642676,-486.310820000357,3.23655573893601
3143.57977451689,-1548.01210869189,3.08052414862695
811.502612391041,-2140.43979771882,3.46417847140006
2069.14391206281,-191.063271745746,3.22499728388403
1993.96718598412,-754.419006590758,2.96919115925029
3245.06991381797,-1878.65344883499,3.48425626659217
1389.87966041447,-736.790015889695,2.97549881030878
1311.45675170823,-1321.9270128939,3.49586003007466
1529.21066348838,-884.535882963282,2.87163056635208
1688.35408467452,-586.897102210371,3.22849752312115
2008.14305496602,-2116.46056905005,2.81568048277349
2938.04184409462,-510.443109625215,3.12296253097394
2856.20027702519,-1179.5006961497,2.69418201641914
2495.55112078596,-1546.40195597719,3.04959232670411
362.392060311151,-31.1057289266193,3.45819199335922
438.086915689531,-1104.69744952747,3.1605975368206
3363.69504772485,-700.348856453264,3.23987983871835
2329.21989750125,-825.8101142802,3.27255725132448
1633.73746923127,-785.18183877206,3.37131901808115
1465.91820541952,-697.47032143564,3.29398915490845
2949.60238614043,-483.895741306841,3.14309107433552
3350.19362115724,-1185.00770190397,3.0411017539015
1150.20901819968,-154.198465423676,3.05345135435625
1794.48725288667,-462.243836253162,2.93833543030759
2639.74026499544,-777.362569643199,3.50701981755995
1894.74195702051,-27.1328442857615,3.37675268229104
2242.67928868206,-1524.25287304834,3.15469120810711
3647.34008596123,-1868.51761181385,2.83813041416393
1007.9358393906,-2110.25630005482,3.23541929734787
946.060837338762,-1651.13352478239,3.28997833351332
88.3660080218133,-1369.40034736435,3.33825332207127
371.063720734423,-1528.36057420395,3.6247520565681
958.74055354917,-154.020368122614,3.27187727459051
1912.25682525506,-1140.54755246086,3.42634070824457
490.524002660218,-676.889714432122,3.23542664471692
2074.90753204397,-528.218077869242,3.63409849088404
1978.02098220552,-515.545550147475,3.34583123402797
3223.44401693659,-1369.04221193285,3.20486272661438
3605.77401437954,-398.469509307805,3.41264888914841
2022.02018182585,-1493.78292834917,3.47634262899496
903.886510037742,-232.653872168906,3.51534501401059
3237.11416068499,-1893.20363941622,3.3755736049321
2745.92995625552,-1741.34099281481,3.28776976789315
955.963059533504,-1905.18854291949,3.40145662757959
879.509791374452,-157.036487408452,3.46777100316855
2977.94858361738,-402.935800314874,3.37341490749822
3105.16542086457,-2142.78261384767,3.44454900357201
3441.21151382638,-1752.81844550401,3.36605418574487
954.597717432785,-1231.13850847959,3.15748807436313
1738.59807608314,-953.868443738135,3.19325782610033
993.090816174983,-1834.16039540428,3.35853547318696
652.753265905128,-399.298081442021,3.23692472767441
1380.13229828383,-1962.46422509578,3.14673230926076
2723.40334622038,-1572.76174550622,3.63932637032495
3616.73247092491,-1718.92888534474,3.37391411759051
1592.07792279247,-1149.98399924534,3.30646363492496
2696.86764121236,-479.117670221496,3.15851282495577
3890.66099016428,-527.681928942455,3.34157086085025
3469.53922650797,-1377.46263606515,3.20989447955847
456.994000671474,-278.338273934008,3.12601457842331
3050.16080126782,-52.9910532631757,3.32906236604261
2027.88549266687,-892.477142634489,3.43172715649731
1050.74406009059,-448.469275692854,3.41648174674401
2143.14292856927,-656.262631604645,3.05958397033762
1922.50624655051,-2154.30373430041,3.28570467160212
2698.37801084097,-269.329584156235,3.5672693467779
3207.72560138044,-1526.15704422517,3.38586604034122
646.741546860428,-1906.86901849894,3.30033440927789
1635.30215593711,-267.482625336033,3.51855718059284
3255.25237350763,-136.928203196561,3.37021275188744
3317.87343835766,-1612.59035135954,3.37693286088795
3837.7843113565,-1646.47923769063,3.3567345317876
3493.45901510024,-1833.73712658088,3.4961788230661
3748.70967795176,-1078.22217197554,3.11422036133471
2424.7687758482,-576.088628103618,3.35386057484502
2019.84570323755,-2051.1698646722,3.18574221644357
1128.90307488223,-550.025300587242,3.30508976489973
842.452833617383,-1028.97902043103,3.42748413307033
369.175578013959,-274.152942365293,3.22868516270873
1881.61087717709,-1258.63006429004,3.54515558765662
3940.48506592994,-994.218339499867,3.60993569609697
2700.20050076296,-688.151617910365,3.46083683478151
1267.09498359735,-866.26840765845,3.36090605813667
2786.91919364905,-524.297337139113,3.41268496678559
3612.63618006971,-1770.77985403211,3.92480903729463
1939.65256509277,-1395.95950233637,3.8510533914775
1197.46801550916,-1170.16200706075,3.61563222216624
3656.00910900901,-1666.13598634354,3.43696658536508
316.174193903103,-1969.62051768601,3.7671798714145
3595.56174938026,-1414.52700581732,3.65450827394418
4047.23932226168,-1052.8451708294,3.59078859709399
3485.93968914536,-1457.58089952947,3.43197764940602
517.788350769405,-408.674767772242,3.49361838909528
1996.59271263763,-961.935774153069,3.30741492800876
3334.75892419346,-770.119496807506,3.15777416078039
235.251132005309,-534.30336352913,3.41827594335706
1428.20350418437,-1267.10605629126,3.38000374896777
2622.91201435743,-60.6379751153418,3.72164687715763
3130.00949267008,-1395.61377807164,3.52783471136589
2898.25104417228,-1776.69540416047,3.49905502926084
1049.34940944195,-1683.60000508168,3.20776324789333
3181.90592233913,-1383.57780385594,3.316896408466
595.317737277811,-75.5548747606192,3.5150388169329
412.725450459892,-573.905709665219,3.26460076209343
1848.95631476634,-737.875456708695,3.08857563320016
3741.07792891004,-394.768918198609,3.82763445403634
3682.55690358586,-1325.14289047205,3.80086807317655
1398.18490614583,-1150.97430088025,3.70127040342997
324.310507504673,-639.083624214072,3.37006687803531
3866.3071696073,-1436.58695683443,3.5249705488376
3247.96247831249,-1965.95656811681,3.6097124555687
1398.07367087896,-181.675880920403,3.53805059731533
2283.600772637,-735.882113626094,3.66318385335735
3707.50999808904,-1979.33941329029,3.5785655062824
3611.46187045271,-1190.85055536796,3.376755758219
2174.67444202197,-591.82769420858,3.32054328025858
1014.2572740933,-2205.10562093188,3.74066929550275
2739.35912602786,-640.08428765629,3.81221361889191
2228.26417825349,-1810.82314786995,3.55722585196268
3052.95761839921,-270.255585765938,3.53176338258293
2957.93877370409,-883.419800457197,3.67185680322786
3731.44048026351,-1788.89737093472,3.47902379823489
2966.21540464191,-917.933198759453,3.65207773550862
2741.26922821164,-2079.09348307004,3.64360733079029
3761.69104067635,-1340.29528728351,3.42459856740224
2280.5417686176,-892.678608756636,3.77790267060349
1957.94229725408,-1996.31671645406,3.45407640896385
2234.89269727537,-204.753132190994,3.52920001650842
987.608415247187,-2163.83875374923,3.84312627673692
1559.7992846768,-325.521730340879,3.46987415923112
3293.62751999739,-1690.79415723926,3.63711789587678
2842.01915143461,-906.262361166663,3.65265823349306
2610.02617458627,-1867.73636965287,3.94615865116752
3019.36772677987,-1009.65267482697,3.64501965356902
3840.14869154993,-972.866673672813,3.66920537602541
2511.03532083947,-306.547228961623,3.5519464872312
3337.89563201112,-1803.13913642648,3.81732211820638
2033.65971188643,-1562.1729161138,3.6306216182254
3898.28551878666,-1466.92526010498,3.96649287240957
2911.68821956121,-882.697328182735,3.41444942681703
2048.64046132053,-2091.53679965017,3.49201803973224
2003.18491281809,-651.988566622062,3.68065452284382
2243.47317793199,-1210.49943550312,3.94425183504802
162.751625082697,-1067.99003420648,3.63549817801589
1778.12080221186,-238.621493265229,3.69228877844158
2303.89966666699,-2053.60397941853,3.59788973368306
2390.89956564081,-374.038524863535,3.75363973550534
337.385344178768,-948.353509859772,3.93940031451652
1762.82523529028,-392.47174586739,3.52959858032665
999.609185815424,-416.721017544955,3.58430791448695
1806.39540929768,-1309.99665974228,3.80858352374751
2387.03163219082,-1421.36622783179,3.70535915309367
1523.97424883822,-967.175052172784,3.8135146587671
1636.80555195336,-1196.73839481278,3.79115045779126
3063.88900513869,-1361.94564357977,3.83626007364433
3122.04265477869,-1300.16726121407,4.02034577001793
1171.9786078448,-750.292913697333,3.58540029467141
2439.10948656325,-424.547421805946,4.10362547631043
3905.40446274031,-2182.59845945736,3.77510909385063
1656.68580347502,-1656.59758400826,4.05649680352934
2110.2732784002,-2100.43234195952,3.84364806286799
3230.58044970599,-192.098823910239,3.8202734570943
366.855312413709,-2054.59288650095,3.51090752469155
170.902924254642,-1998.93278148681,3.75029464134666
3119.03214288183,-2077.7162954915,4.06999389536045
1934.87211318438,-718.184908859328,3.69590661029406
2100.95315621819,-1772.4174418022,3.80315330943682
1365.13035588261,-215.333724662508,3.8729067125308
879.777486922037,-872.951696649324,3.55909463261548
1765.54097270177,-346.828878019985,3.84258522659205
1991.99350091552,-1817.45617319437,4.03243544580573
2203.21647074993,-1306.42522086091,3.67767957583307
1810.98809631535,-1657.25254057034,3.91633749265282
2146.99990907223,-1472.40120221161,3.87362608469159
629.297656721168,-737.722102805817,3.86078426302815
2993.38380236038,-1869.41907320563,3.92670406447172
2022.49264329212,-687.601318115562,3.88918730640087
1188.31873791014,-914.9300866522,4.0159285424524
215.299656959593,-137.244524400021,3.77830878849457
975.048042404965,-662.933093454984,4.07561847866251
3976.72855583608,-1809.46233528845,3.94174883281743
1741.06175951225,-1672.8079062516,3.83113616111447
2912.13988845587,-2121.62184278078,4.12140389029098
3305.72442432891,-1000.74074301371,3.94857033788951
271.843800265092,-226.082373833711,3.8979148946764
1928.56950758957,-346.972103908769,3.95471759553187
2155.82050031004,-916.708937253772,4.13846127752674
2491.38411476474,-470.538859128857,3.91014636496721
809.56609739354,-924.6766749694,3.92670698015282
1844.18766980432,-1886.65187421888,4.02563229708814
4015.98897109889,-832.62522254208,4.05159303646581
2613.95743884018,-1809.18967406496,3.94970047539078
2197.67178014466,-1355.34219475058,4.07269944720351
825.117571108175,-1786.96764189046,4.0850867254901
726.495686449127,-1908.37512397574,4.07061223389301
3623.66076267913,-1374.75901629046,4.08892848451594
1337.92147219206,-2011.45928181836,4.35555213779608
341.190091375408,-1430.53018271401,3.96867543872963
2000.23169073064,-425.07046325126,4.20499905828106
975.213614399639,-370.061954242107,3.95581418609364
2281.45573029658,-1711.11941470895,4.33164756635883
1046.74024864545,-189.677489986764,4.14629745042582
2102.19750197503,-1919.89324684457,4.30377101358988
3516.11037998578,-558.280583118352,4.05752841875371
255.66437663405,-1019.62689747243,4.3435816773345
2270.47929960747,-1348.52235608734,4.36275253615754
3698.8082296235,-1179.57283375935,4.33191595527736
1752.06240902045,-1229.73912179437,4.33544184443541
2548.55047968617,-2110.38501909621,4.65660542171331
292.529724383788,-1200.62070225006,4.63745504173826
1252.45575235835,-441.75729616669,4.44958074494975
3694.9472098031,-969.654513179991,4.9825226346822
699.2957000264,-653.133478265582,4.60619157384305
929.529512977807,-1990.63701016576,4.88200778989072
1335.28738902958,-1697.0455259648,4.86251137457698
268.290180988729,-1322.97214854338,4.83079412315809
467.436133034098,-1955.49295865473,4.79137336788001
2901.72925498562,-1424.87832247511,5.02468444047034
2940.84439784931,-1602.29866629752,5.0734219116499
1186.67777861997,-1816.8629282172,4.93030725996905
1688.35308127105,-1500.79809597061,5.1567898732193
651.263589497514,-1455.11543902049,5.43997463156593
2024.18756823729,-872.069083052292,5.18173304625102
1677.33958067322,-80.0627507549811,5.58676534915459
3320.87994613804,-563.816416932919,5.58096823750532
1725.917957123,-1097.73954226896,2.77615387551459
1111.38461131175,-983.532313617427,2.98635972206728
2549.30548319558,-1865.82602848866,3.00859653524743
1020.13534156472,-1550.14536113654,3.05481355904077
532.0771548364,-1318.03380444139,3.05430069043988
1453.27615237759,-606.159761030317,2.96483139749259
857.625874487458,-1134.60265222917,2.94988223240396
2958.8020385257,-685.008932658332,3.27919838285045
1590.58753655013,-596.535300061652,3.20505241999418
2290.53127109145,-565.009246427194,3.02304588742483
2144.01074607612,-1091.88939092916,2.94518167342795
1254.37029688923,-565.175352733382,3.1061968788608
573.788408365611,-381.932068179282,3.4368221190357
111.035929407381,-333.573752793461,3.07469092103201
1762.07279732226,-552.576619302146,2.99712903051462
2347.77148919017,-1728.01534398955,3.22663232570914
1650.35795328986,-602.069388890344,3.28388419270618
115.929659734056,-51.6342633458196,3.38804758796166
117.941718715483,-447.91296111028,3.50875941364566
2033.41070969313,-201.464021558962,3.32945451124951
199.62925743479,-547.324067911008,3.43362375684191
357.805636048537,-486.709279663179,3.6767742365995
829.196459337182,-1233.39608677519,3.41442525948847
817.914595131191,-978.020937416281,3.66748775692525
3201.77586080112,-1894.0472069781,3.6677475239465
933.163851014707,-824.628665349638,3.91358497313147
1485.3123037367,-876.450838871198,4.01418473090516
2122.80126208556,-503.37723042171,4.26371552825722
2201.03493505135,-399.544577782362,4.38813205147422
1880.97354716373,-1703.12338430578,2.92038810163339
896.956301687331,-727.396907196796,3.00598251535468
769.367965959376,-2094.58592219647,2.88771452862364
1851.11649611138,-1090.50790821318,2.87726255268435
849.98130103655,-1875.4461708666,2.96603841249617
571.430401529982,-641.771162017071,3.00640999792732
2650.38437004904,-1805.96432987029,2.82512570730607
1489.73208759605,-1178.0373592916,3.00439256912759
2104.03892187482,-2215.70270831551,3.54306268450597
3653.80705722179,-954.056511501923,3.15908968119239
2863.24147228487,-1907.52939615712,3.35826192850793
623.779296305239,-1934.59623069008,2.75943315728262
185.656649658546,-1475.59650514312,2.88029783574482
345.927828465449,-2185.68891913072,2.89500637099317
562.613174096589,-1813.63035334082,3.09475099450851
3656.48490263839,-1775.54288638112,2.98779110695019
3689.51819408665,-1178.38479974477,2.85719395657395
1222.75364326754,-353.687542068052,3.43092447495178
3376.69249678882,-532.127047304267,3.31019721498137
3350.20255910871,-752.751811862124,3.35310492920829
988.213075614299,-427.265359293844,3.14036955930349
3258.55165529453,-2005.75751706933,3.51672375991602
2769.00615247308,-268.23199653605,3.69228233605048
2470.01742687614,-1717.65944177252,3.67786408137866
1055.80871259924,-1273.8032797624,3.61815371929912
2570.13124296073,-504.797634849653,3.48921417488103
3337.90500022344,-1795.68094453103,3.63872115779221
2097.6197727542,-1751.98347646136,3.49076812585825
2086.07102590379,-2015.64322476342,3.76520881540618
1970.51446249549,-2061.87811757682,3.64379909342781
2389.16304199806,-1615.49696785063,4.08714273001254
3259.48670740268,-86.4382763378437,4.10823586670852
3820.25765186583,-191.33985477288,4.37028764733836
3822.62533609177,-1069.17420072199,4.26874748202316
1559.5816284537,-2123.47127826548,4.42192574783897
1671.49388336822,-338.59698998361,4.43377016720673
1721.82379380298,-2177.47226201249,4.83567424409281
929.705784212599,-1986.04337628406,5.26260662132993
903.127363705781,-753.04439109662,3.17544609999557
3626.09779259182,-1871.2220863466,2.49461175153852
786.589063528443,-185.762351260067,2.90976227670654
607.413252898054,-1140.98194509761,2.94880309050375
535.438470191223,-1349.98384367103,3.22840572020694
2794.63041397448,-966.816164431644,3.1102406943158
1392.45158007653,-740.370498633847,3.14548527577406
3341.19943100653,-748.785655514684,3.73939168203315
4041.74392660858,-1372.33056767215,3.3262074227257
3637.4907712392,-980.354785130558,3.22645927064242
1500.97698693887,-1534.96431734653,3.32159956586483
633.428366599277,-663.343401294156,3.61080304529871
2049.73892193238,-2100.42721707833,3.25322578806735
410.350677928509,-573.403489780773,3.54218910496892
2974.82170792583,-25.2455833067476,3.57653130790939
813.49153603662,-778.544407753912,4.02203829650637
2861.17261047068,-2143.20298373583,3.62779058480294
854.045034139901,-1073.45940425042,4.38413141387857
3478.34707993551,-1350.06746502115,4.81481165716107
1137.6436722054,-528.574398645035,3.44345884280213
3068.92932522111,-588.384220760408,3.37375871380762
3278.90082021406,-945.167508281646,2.84637833953603
798.6583041661,-1208.54980295476,2.8556609933973
75.1599957137462,-1453.84101930606,2.99926462234199
2219.97048687535,-50.4431037698454,3.10706510198557
82.398608637109,-57.164306059643,2.85437752174133
1490.33432864222,-1897.32175606061,2.9176027406741
221.821819607855,-398.571035505494,2.78445751423981
881.010550728005,-1858.73782932171,3.00352452374986
3658.14058475607,-1271.24438515244,2.92115477494272
3102.72774049222,-773.432054279961,2.96759691682763
752.537040976785,-1241.41755867282,2.91038118383179
1427.41566298852,-1007.18621331487,2.88816209169595
526.093217580444,-1394.1932337746,3.09692489176609
576.873111102297,-1315.69068839265,2.7781067169188
1888.96499610987,-1578.44931373107,2.81050769958893
3833.83552285638,-2126.34486247918,3.03798159865462
741.082079186303,-1459.70671388555,3.04464557307374
386.146210641281,-1373.72364436671,2.92672990356421
2316.06034877083,-469.399155162323,3.24049771348828
3393.37195723516,-1966.68931508634,3.13172498936452
897.809216022536,-738.775855174464,3.03614031349302
742.784228994238,-842.560863052114,3.17301727786803
1736.15989893287,-1834.15158826222,2.91305021728582
1883.24352130882,-811.87282216735,2.83157044313248
3865.57949247121,-77.4971066432404,2.87967650186465
2666.76189457744,-1717.57207323433,2.85250185091478
3102.38516123892,-263.169363154089,2.97018108256135
1214.58863785998,-1053.13701414779,3.03969931560129
734.085800879283,-1951.34649063172,3.09377940669478
3701.24894776859,-754.599958731715,3.3134984453052
1748.57530323271,-181.638420576085,3.09198096265691
1129.48438824677,-1156.08579438207,3.08348144330449
4011.52214789051,-1097.08116592924,3.1260743531708
2439.03154457447,-840.123165114073,3.03154549673373
1124.17323760734,-351.291310192786,2.9326843018028
1488.21163652077,-2188.59862618979,2.90188729739222
2985.46363083427,-1986.3685076863,3.17820806877769
526.644409751451,-1339.1577640564,2.99406622714059
1858.17470166544,-1243.48564310433,3.10524838131787
834.275590934478,-1762.54575922578,3.0198807613617
2343.13244473773,-1312.61104930297,2.82110459451947
1814.70322471953,-1710.15304753597,3.26707559775656
3560.17619125846,-692.244711437286,3.1277404795083
1884.62712444778,-1476.74070093547,3.42057699205437
3345.24924483859,-2050.03471051565,3.01711405111816
2013.91281508076,-1850.45601321856,2.82671545655644
1889.98631669792,-959.347423269854,3.08846511499296
1958.03038306367,-965.820384368662,3.14197817201241
1670.36787106438,-139.716936675351,3.21175720680111
2989.76468889638,-1671.50404412025,3.1564654217687
243.198401047207,-2220.27034101479,2.27881478278424
74.5326561399433,-1033.13749282593,3.28037819574466
1825.1658550118,-78.1850154282717,3.09111747511796
2582.61041449726,-2110.05046720932,2.96149042749516
1741.11069240113,-461.229591612931,3.15093149693636
3853.81631302179,-907.437578502331,3.34904035317348
3498.1076579414,-1802.10021195166,3.37983013565638
2284.86595678882,-1657.48651161013,3.26769677364958
3058.31501620894,-1661.75829959161,3.14349534555451
1140.95547063208,-1343.92809014346,3.00758473258668
261.420770914541,-1110.12686536097,2.95815999234848
74.4095357990149,-716.900474843497,3.40756798106517
546.271920367589,-1770.96138281437,3.36644810864189
3833.86015932202,-1079.96572876314,3.66133324921853
1820.47708467639,-257.911210263791,3.5541794234048
1334.75638513093,-1630.97203209147,3.47511288607897
2407.65680217854,-119.808129946644,3.65097999817496
3639.01853788768,-325.534747079284,3.48129553138604
1484.43634936055,-1738.35485810067,4.04572062060896
2924.54652205048,-2126.24201107028,4.06733840245122
1590.35409502303,-1680.6439472261,3.81005955052705
2029.73836496353,-897.117594071871,4.77936219029199
1446.84519147534,-2193.9369337447,5.4725852171884
3981.1263680013,-1586.78647738963,3.1231101873758
4056.61261261557,-2194.92337179417,2.9659072542833
3683.6110366665,-1790.31068568284,2.78598411244698
864.966218034795,-1561.54373540216,3.31777914720894
2865.18021276941,-975.396602159124,2.96999000463078
1311.23513226963,-1584.48120813295,3.10050603815303
3986.42675579907,-1310.27961152254,2.73377722837683
3795.92720533485,-1266.2878653415,2.97083299969692
1533.94774926211,-1034.92006138381,2.95926333346021
863.953559429688,-1660.72393232991,2.69163558692227
2057.83141815978,-1213.16303104772,2.74096459557004
494.958234150836,-1204.59208483579,2.81414815073532
2192.06143078217,-970.876306797237,3.3234377083403
4064.21494139669,-1552.54613710971,2.98007939638248
1612.38296660224,-572.100120855017,2.88666354781351
1307.89060098682,-1403.64705965147,3.05192542016096
3592.5412040649,-1302.58366572553,2.79023662591203
101.930716111151,-974.74894265786,2.85329101873043
2294.27260803164,-1408.52771559498,3.1120842952737
3981.9909930515,-26.1374682383281,2.93515021282208
2983.84386250808,-1831.90731746195,3.13432873190581
2036.45046922579,-1283.86663767773,3.41152781533215
1011.23368201785,-901.801779587543,3.18944977527481
861.795592963181,-901.515146739916,3.25683354731218
1606.45287495287,-829.793334059382,3.10406160879262
2187.97923798357,-1592.45182470832,2.63389942520287
3278.01011628504,-951.435966893913,3.15654917832162
2421.05082508097,-206.502338722089,3.34182065661786
526.214693108866,-630.943478153323,3.09812787332907
2074.14159434441,-1142.46619623401,2.85951467817333
3360.49025510933,-422.346205315306,3.26985034930835
2754.19747170579,-1809.86801094246,2.87542732946174
1433.30601226012,-81.1592772191376,2.82784709967136
2977.18641123622,-1033.9146416401,3.22525803263499
3832.65460042955,-25.6122509995967,2.74103183516748
3660.61300631451,-1276.05748593752,3.03104363795575
3447.9356719045,-1051.05988812421,3.06275583734423
2578.42560286468,-1792.54934016366,2.79940442758617
3873.61745599342,-1608.35834312541,2.88850254547603
552.146615720415,-1660.00632009535,2.85033561145597
4028.37657172236,-864.530976129677,2.75995951852589
3107.92832817779,-1569.17165074155,3.10527180216306
1021.4598900386,-745.982023459726,2.90571898561039
3243.28292767629,-128.093486658461,3.24829680709537
1340.81704912271,-686.412557211976,3.23126033524174
3435.82940244003,-1685.72384825155,3.04115082480039
3003.31632250092,-1833.19265411133,3.229791447123
3781.97604893083,-2070.52086268255,3.29678451989554
2994.4964427192,-1609.39587591153,3.50180751927418
2548.5530335054,-2100.00743971052,4.19165745255953
635.176160685436,-790.639278553124,2.90000248992878
634.070687841327,-1351.74979768696,3.00170424097644
1666.50927756876,-791.030479737861,2.96211349420511
3003.68640253585,-922.832858269292,3.10460350771011
1080.36854622116,-1132.21705555997,2.93175670357685
3619.75841303365,-36.8674318947714,2.62737975349938
393.349682318591,-1278.856836367,3.03901250948506
279.844671434376,-462.939853666484,3.08913623831458
763.721507204799,-2093.09044979317,2.88032897470833
592.8992545406,-652.442439975869,3.07083881938677
3286.37435535408,-2057.59101351238,3.18660700712342
3159.7684826355,-887.180371608659,2.8786331699278
2886.46891138846,-49.6971463148628,2.86042923882905
2756.8754284457,-1903.10543850212,2.86508747344159
2255.15572163226,-1595.96981960389,3.05443389426319
3756.91653687427,-12.181803442926,3.02322305158739
1732.43306594441,-1838.11996843434,3.23077689101977
538.818702370971,-420.419152507001,3.13937562695506
3776.09268136043,-1052.27649369077,3.05668204925028
398.782254499603,-1698.93282055669,3.38046405757991
826.656499138906,-973.074556085073,3.63084972917221
3121.37651014142,-1397.14182248759,3.67493517938612
2007.65915376652,-1232.78839477295,3.81870152587976
3344.80756748973,-1120.60844481631,3.57869888596028
1461.38560282676,-692.100662796206,3.51035349184329
1194.0831418486,-1585.75364627919,3.85345826050039
3206.76756277203,-858.356163089846,3.92819042392763
387.021692260124,-371.026020379237,4.0078936404471
1104.90282963884,-1621.88504564954,3.91965067205514
356.276170597553,-192.805601663563,3.75390270449465
1198.07898610683,-1702.83629781259,3.95692451015897
1131.34764937192,-1136.54043445722,4.27159879639829
1884.34910550031,-1479.96367855858,4.31420245245311
3646.17462102559,-1067.62609483313,4.41677522971391
1359.7259157894,-1684.75216545142,4.38892550614765
1798.23197638887,-1599.27550677783,4.2521333711435
2292.92689138471,-1169.96033144932,4.20786981016263
1299.38593525132,-962.713964777512,4.41035711175273
1385.94972916475,-895.931728659752,4.73365507561425
3687.04472503281,-965.845110206409,4.45971259492554
2115.43306798245,-533.48630548393,4.55811658664972
3986.91870746904,-1244.1329776458,4.82356975908333
2297.31686286609,-869.483558096012,5.46266541479495
1411.14291585482,-2165.06244049646,5.32039640729434
NA,NA,NA
3719.42469801231,-436.17592395358,2.9490166855824
658.476878669947,-1362.66698084594,2.98729726317984
3722.29982041645,-1156.09019388148,2.91266965750518
816.33022642857,-1224.76027395929,2.96444804194465
977.026048861353,-673.909333158173,3.06650105374929
2464.13755403237,-2064.63806501144,3.32928701735862
1159.58667111787,-1717.43823129022,2.93347178865439
1977.60199719314,-797.176945963511,3.02586912888846
4028.46263935983,-1084.49709698928,2.91777557011863
1195.68203149786,-498.202976275731,2.91750632425854
2595.01299013652,-1859.19901147211,2.98784332961472
758.417771728993,-598.554542966909,2.98731428966037
1607.78721836944,-1399.50814404013,2.9073178674329
4002.07963942986,-1043.81002430375,2.91544308205611
2420.94050056596,-2014.9476771504,2.96907172919569
3490.20241285506,-733.150547750734,2.88471668053952
3981.89113014842,-866.242900536758,3.04958697091897
220.718708441961,-1370.81502155081,3.04568766682222
1080.60826791343,-16.6387021148626,2.94913677896105
1249.99375180822,-1075.34199968264,3.04857978626476
2569.38580298311,-20.3693944580801,2.94754791443666
1979.46207143873,-873.577075146104,2.7454513876758
2575.56594118548,-818.568057516083,2.94824182749411
281.07346495579,-1895.99619767854,2.97759567488452
1575.14248007418,-791.788024734244,2.92191036295582
1277.1989811719,-395.023293873306,2.9986623682614
1201.3355087187,-1373.96292039841,2.89538400424943
2811.58919294327,-63.5829513029794,3.02453204982269
1790.98370678536,-321.133591285888,2.81387969724394
3489.53572573672,-1727.48077297216,3.02024183055864
1309.50799003295,-1634.95911009311,2.81705525071795
3428.38140266273,-2115.26129294917,3.01367218276962
2829.62447923129,-959.880933976377,3.00777302798281
3394.28030941536,-1573.89273513807,3.15169650082062
3811.63417332738,-1757.43324433831,2.8801098792098
3479.69602775451,-1451.97295457947,2.88115678941244
3507.14709813768,-1917.07750547331,3.07160638395186
2838.75282446467,-1010.48919949135,3.05472056826652
3118.91840820718,-1685.76379272439,3.08529559733988
2038.25063335706,-1468.71884410911,2.94602745944593
2550.11585355479,-54.0807523888134,3.06273462973741
3127.00983089318,-162.616855423873,2.96514109579216
1766.56876464536,-1951.62811809313,3.05750481196077
3186.98453197952,-1912.47271095665,3.1022939176936
1365.09587751313,-1620.26095295462,3.0995516425073
1081.91286823683,-548.891996723518,2.96963154929115
3271.94704314496,-19.0008686322525,3.12146458530801
3369.15623950859,-1214.66014772737,2.90128098583707
1853.87197921072,-341.905343131705,3.71775504515846
1048.07310114013,-2164.20032072877,2.90545362038012
1045.34562218282,-479.789015685492,3.02900928653601
1214.95205524842,-1891.518852137,2.9409548028938
3436.99189739313,-1252.46358241463,3.03392299748248
323.713291446877,-1909.00810032258,2.89601909350604
2994.8769397776,-1627.7051782776,2.94971369952813
4028.46233037229,-1793.93007736899,3.01150558290308
2492.89568303501,-695.92269868421,2.98013704301292
2630.41403847447,-1574.16334363822,2.99606503039706
2056.78827856692,-162.86060229035,3.02324675009219
1234.75793748172,-1693.69621637103,3.10852050087167
2760.8094437658,-138.643680294619,3.04093150333212
1718.58640979453,-1965.12251358118,2.94871000012707
2554.60392974174,-1415.43997812049,2.99950720103564
2215.4082553217,-397.19285285826,2.96095798392876
1034.12883767412,-1266.70647727947,3.10232007149194
3486.41475708051,-1314.62406090599,2.99185093835135
3224.14768875297,-1405.91819200201,2.86133461027503
2714.47906004673,-1451.85627091461,2.97444579777177
1670.24976973347,-1367.16552581575,2.87124695283846
3888.26386730565,-1842.0508598733,3.1290206199524
2618.68495661541,-157.272866942863,3.09195363637205
308.78780818527,-2042.84882897856,2.94818981429649
3793.46099034343,-909.301737468363,2.89476585110277
1356.46924436331,-1464.47352425334,3.12075121510407
1267.19708288931,-1629.4899696737,2.98610553511466
579.345420590144,-443.444011263845,3.11562128009943
3394.13235535247,-1697.18590995962,2.94241390170176
1745.52090687901,-1804.98899860552,2.94719150891763
2866.49749833162,-1591.80277105448,2.76853428755853
340.677218847748,-976.598703500323,3.00084679956584
3350.73013175418,-906.825521630369,3.01164294667862
3254.73749573671,-312.448850136164,2.93643285600585
2258.87373430041,-474.522715485806,3.0384843942308
2465.28927954642,-782.142580498455,2.98102046843911
806.631340287731,-308.792884511868,2.94456663314705
1211.52531196021,-629.206027123435,2.95266913065512
1888.1853989726,-2110.11607239745,2.98100025200803
102.87883454348,-810.208449423962,2.99087222242935
1935.56337958245,-91.762499623313,2.9758015308343
1610.91581944594,-182.822286929979,2.95388709237112
3370.52634902252,-584.735662776575,3.03527027440627
1155.20360979811,-619.659021972094,3.03554154736311
3286.67025123048,-1507.77920632759,2.95621963553476
282.080199228557,-750.128214115017,3.08260970194355
797.339294221136,-409.76793417913,2.91879387864437
1489.0063725085,-1955.78073551352,2.9327051162809
820.137809325588,-2202.77944274972,3.11077001820589
1760.81069325209,-729.572927895696,3.14751814521509
3600.12000392316,-1734.0182492521,3.17359991982074
625.899482223656,-59.3701010045086,3.14219289071614
843.218352942183,-1971.30039668451,3.00087327473323
1899.95424125246,-104.523482261008,3.07951240229527
2329.8984810173,-297.535656409511,3.14176179804589
810.391032454045,-1445.15716482559,3.09996267812125
3213.45115647517,-2127.87776904366,3.16664789702821
392.774272049777,-2098.41575877788,3.03635688826632
2565.70477034947,-2207.28235002061,2.92329425781753
4008.43706700724,-525.768420618626,3.02330882125652
329.567053739599,-140.874637967741,2.98187100449889
1737.69706295088,-1543.250266352,3.09711968080104
1487.78137455166,-429.854563691705,3.04034826916846
2168.24843537654,-450.147023880846,3.08290256732466
2390.65729574094,-1035.20032683201,3.00147217615757
193.295290112168,-959.219791365764,3.14864474654669
3639.39733635974,-361.402188142067,2.96624279691501
3981.46536808479,-1854.30266344885,3.06738294337668
2153.97688104003,-2085.69200679783,2.93573994442748
1527.49555413656,-1137.53734474111,3.00665571096258
416.070160982104,-1514.73632586177,3.16305013508773
4012.15279394388,-1698.76302883039,2.98200621234201
1860.0447923102,-1426.95037889295,2.90404590115075
1664.15959617623,-578.832701125412,3.10419685328336
431.473314995475,-1477.61822886849,2.86011596244843
2062.32348291937,-127.074488394728,2.96722412854112
2886.44271186232,-1308.62980867451,2.98788808706225
809.756055367681,-149.197224697031,2.90018341367943
2162.6850708463,-540.465409732861,3.01317819321594
2677.81978153368,-494.88740976572,2.92761848098427
1456.91393591259,-1323.12562384515,2.94390965105013
3053.9605830535,-931.390090322276,3.01836287915472
3839.54586717726,-1315.1645683889,3.08588917259115
3388.74256244347,-70.2217233765836,3.0646501794462
2565.89786697526,-608.405694964912,2.95442092554208
2403.77198612241,-410.601971648603,3.02714043268678
2215.83127830195,-1340.26352807102,3.04058851053057
2637.49290804084,-40.9893651363862,3.1623254626639
963.402567227142,-1059.47480913269,3.09341148997127
3663.30332088218,-2192.63298623213,3.17669363271412
76.658858047833,-346.480742463315,3.01259409731385
2904.94695425416,-489.245858179886,3.01300007535129
3419.27498399493,-241.274237885765,3.04511341251446
3228.34383727379,-1094.19202829489,3.14290874253017
1507.37330622258,-1413.07882166927,3.06407426255661
3196.92148499652,-1592.34762254886,3.13646100086005
746.496723087719,-1966.89832019594,3.00230536713202
1706.96390263252,-1625.43963981256,3.02931891456351
1290.1057877351,-992.024764746344,3.19561600433886
1914.71737205418,-651.833460948792,2.95641988959726
1275.29444158542,-1800.04948962593,2.93017795017991
3061.07376163613,-703.033054775717,3.10035842829617
2494.36855394524,-449.189973974081,3.13320044016854
1390.66060825826,-679.072475974918,3.12948761116029
1281.07499993706,-357.903175553081,3.08219036959676
1721.89555780052,-1807.07250927294,2.91569081589969
983.783973057481,-1750.95274266044,3.05692625135567
262.400635312302,-758.861705768371,3.04017802218483
1016.25446486942,-454.793830072256,3.03451975077689
3476.55835327257,-594.92119975702,3.01982035116087
3885.61435672283,-1490.8035744947,3.06654618504636
3915.66175412046,-256.858318596838,3.02671652426899
1053.71027692787,-32.4792828003259,3.03947093602828
1433.75005503647,-1929.58557042339,2.96503128658639
1839.04923133953,-2068.98277267327,3.04898781359633
3394.89335721744,-2210.36360581208,2.97293888552595
2869.15527190068,-1639.65664422382,3.08237210920761
1810.40600195617,-85.9073510823887,3.00930093939652
602.243856037147,-266.247937069652,3.05761441811082
3196.8054555104,-1546.58134968337,3.12456764614594
480.198071809778,-356.76297309386,3.04768394058507
2986.24678396953,-1296.83304516234,2.98680630708117
2291.68255992587,-165.308514579472,3.08667364813009
3598.17963342085,-337.766383220552,3.19248899567057
1367.41079891001,-1701.29117000001,3.05478468545463
2186.55414472679,-1572.92290779677,3.10096435495126
683.137257184743,-941.842177670961,3.10132996819382
1725.59551503688,-1726.17042330816,2.98167981417247
677.629442319692,-1550.96553659093,3.12968412926258
3901.48488800314,-873.735856301751,3.10258996618574
1973.87015589677,-1487.3872823362,3.06281004996189
2652.59261676389,-2146.40518058376,2.96180672610162
1568.58549951695,-1719.33374876018,3.18707851538507
3251.10767659591,-182.195893879877,3.19542000079588
3875.00898821689,-1070.47055224764,3.00777952730812
1429.03631628226,-2180.84482568962,3.07235564213016
2886.46016427856,-168.049644704398,2.98833919064398
2462.18601954513,-878.711887905965,3.07766192221859
716.522681982832,-1823.65719169351,3.02603304959826
3334.39166565543,-616.39253784629,2.88013312766313
3051.67810509458,-1327.37084074093,2.94923438163728
774.245952866745,-2036.19995406473,3.07034049358606
3301.71461467857,-1088.76335012198,3.07678485459075
761.74476079675,-487.485070754642,3.2026058013252
3557.84634158974,-1872.50055763138,3.04740505560288
3544.4303567291,-451.498151518987,3.40829522449276
3289.3151993268,-1033.21893003157,3.09004262116896
575.952865025026,-1931.79774963908,3.06225567941175
2573.44907847468,-245.565690949698,3.20706956989259
1770.11183833492,-1886.51529108364,3.04314784101697
1650.69259078653,-961.533282870046,3.11539611778929
2432.79602968322,-1954.3583743975,2.95365335043717
3253.42506633559,-1292.98145274628,3.0364388879262
82.0657231505724,-404.065012657655,3.0894547755116
1767.63984815403,-1495.41047411328,3.09580694190976
1828.25464903974,-192.183922659056,3.14870477224899
1836.64316913052,-1845.05206030759,3.0635523663823
3598.9094470613,-899.040720175519,2.96390925282777
4015.54013433769,-639.135026752468,3.02954237544773
1025.46125809997,-516.885264035671,3.12870563347099
2620.47071567414,-2210.88149438304,3.10433518408946
2605.29950255015,-222.751326159369,3.1083699761884
1509.63653646568,-1773.48165176173,3.07667251432696
3041.0772559445,-1857.9768855652,3.08916932492659
1996.95908582801,-525.158515017935,3.04041113416554
2499.134758151,-874.087500227561,3.05764221218841
3124.5351007508,-743.827279992958,3.07516923010647
1465.11034848237,-841.914642023102,3.13031663789453
1175.12933738017,-1379.68474712394,3.08584256759679
1481.84159193056,-1461.77031231866,3.10768153598172
262.823299838584,-408.82496626627,3.05978241508097
1703.31104507464,-669.017351356461,3.14436603090621
563.945406423247,-1476.50038590063,2.99547947801652
770.360320436148,-899.141844922599,3.15160232481205
109.625568522097,-1436.26454273506,3.12786280842486
2952.37870665894,-154.280464070971,3.22864288985713
1993.38490343386,-1869.65400639126,3.12275590428282
1901.03981274075,-235.694285877108,3.07077049897881
701.625549184584,-743.879725124572,3.05044123404288
2662.62986187877,-936.887626470151,3.04549657993312
3319.3438923739,-532.594202538115,3.18356722747249
1346.31315374445,-899.903405151047,2.97378247545904
2479.45149478619,-641.160619391866,3.11418578604882
2570.59518876778,-1625.11567314185,3.03751645690947
2365.05871931073,-1731.7436193949,3.12434373397392
1395.25243906457,-1608.09533499534,3.12425298827893
1274.41815678769,-328.967742151992,3.09058022752803
439.042925203333,-1574.17289427874,3.23275019383058
2268.54117406362,-1645.96457651496,3.09953790474965
2392.7259154765,-874.270331650165,2.98208066982334
3687.79078365547,-1732.54231151973,3.19350121892224
1427.00601453282,-2047.80670978821,3.05059917317086
3238.95377153425,-2019.323115123,3.05654924260402
1223.82486546421,-1026.55572020242,3.26198114588878
2170.24197491211,-927.418089171047,3.20605585254898
652.056659822939,-1216.23212853771,3.03442812381852
2465.28061692713,-368.329705346999,3.07818638553329
1927.44218723548,-1557.71288350021,3.11252406346114
822.740926009034,-2005.48961658203,3.08231977163204
2675.5355202483,-1665.70821223018,3.28718125880919
2942.9185043186,-912.062380745168,3.11661633386627
2734.96538273653,-1709.68303490946,3.16421314917686
1924.29272516623,-1332.77177743878,3.09697231043958
2465.47842180533,-178.360973567746,3.06826349441482
2206.11876744204,-451.670483852956,3.03367470204465
4035.54119201287,-1760.89229755338,3.0797375157507
2497.45290093997,-853.517948072026,3.21032908591589
262.848452168313,-807.233351941352,3.14653559451529
2565.3053396815,-916.053548975543,3.1451356708275
2676.80347384421,-673.580826262164,3.18667953557957
254.487444779657,-1472.50335904976,3.18965997421019
3776.79329451176,-652.335270828477,3.08108840595744
1605.01158304633,-304.30531995488,3.19561799547074
1619.59225903409,-2139.92192500689,3.06281240308769
1605.44186879923,-2215.27732388414,3.03847910826541
1487.69695289715,-378.366922314125,3.18817738977174
1762.75992688015,-281.582801868359,3.14705509881576
868.01347087942,-1325.69706353085,3.19416860261264
1827.67099028834,-41.4408001634366,3.12405785203769
1456.12944994328,-1238.55819328543,3.35372490353144
480.146294094541,-1839.26276582376,3.31079490151216
3668.4361916171,-2020.53404347781,3.03359587329998
399.806710514116,-1195.12453897065,3.28125495124643
3489.21883385719,-1343.49768738538,3.06078271812569
3790.11069581643,-490.422023267934,3.21689010254266
967.171030712526,-1431.46595910578,3.0976807482244
3368.45342433404,-297.393210740962,3.24959544798448
3754.51594640585,-1692.15507188062,3.21494153399786
3189.53704634733,-66.9089519200012,3.31978802024842
2250.61573093885,-788.477645992103,3.18966690208597
1401.08764208852,-714.159477562452,3.18724182394352
3656.17825624127,-177.221615856848,3.1859227793642
3570.90402779942,-1362.32123797514,3.1541686161976
1974.34016624491,-945.91775090473,3.08725845824338
3986.99697685615,-1137.61892265989,3.10289301116982
3104.08503350415,-924.173186204181,3.21532670228188
984.880526076997,-995.890216563172,3.37508479647247
771.234105872611,-1338.20951281798,3.19346196408191
1279.08800566959,-1102.87243702339,3.14753233420944
3024.75535126485,-1545.00586991379,3.10209882208485
2565.68178435043,-505.555715412724,3.20338095558791
1859.08995722545,-1958.94705236857,3.05619676861242
2194.99252585907,-796.344857404326,3.1079496211226
673.180700627275,-46.1880956793424,3.37063417949119
3956.32346952852,-916.239590788193,3.0909969851636
3834.32190418247,-463.696389250122,3.21820472204631
2998.65629284766,-662.559235845261,3.30258869627929
4059.76108127118,-625.408167579909,3.25712089427866
1980.98228869822,-16.0052215985116,3.23209388322952
3663.40523675011,-311.42059670461,3.0678013882667
2788.3075753972,-209.124842238374,3.26779516418232
2769.1838317013,-1872.97229953125,3.21994894136639
3931.99573481389,-2000.17995403958,3.23430238495576
1341.88179734329,-2011.70046043863,3.28688914008471
1088.8660197921,-366.747453226004,3.2241682238994
345.621975937724,-595.9689392286,3.1368931578562
1912.17211159387,-1794.83043305544,3.25085703611736
933.756440178618,-771.043466027021,3.28097536933113
2747.67285248423,-1452.3506555932,3.2443440720485
2738.0468808134,-336.128204684497,3.18533104422235
2086.53758518693,-1576.9235587734,3.18089247823565
4043.06502927431,-641.279968396069,3.17571880141108
3715.17882904906,-1738.75810863172,3.16198157984395
2185.88418724528,-1670.15517327851,3.1371380110527
472.488482167313,-1400.56508628195,3.08182328494508
1088.72285087517,-2057.15670009344,3.22128268359603
3375.10215078295,-95.1054240212556,3.18856377995367
3467.02132365642,-1346.03896084461,3.11855549582182
3428.9768911622,-2176.39220012606,3.2100734406949
2743.53518482535,-599.446291987841,3.24084784115401
1700.4013884523,-1328.8440110363,3.12927898300152
3161.96239169921,-1935.33072655096,3.3184683885727
3386.78628863624,-469.255398028001,3.38503693560191
145.141763609798,-103.167161470455,3.40457556379897
2614.54880796751,-1978.9328774604,3.3408009247784
876.386603214455,-2085.84409019383,3.29124924779403
1162.68442944996,-895.917492251015,3.2270710984585
3482.5857700845,-892.305960710201,3.07612784971787
3197.43026796024,-830.026882142202,3.15419303029799
1098.4566373518,-1327.05093085109,3.24275816098987
3327.1804205284,-1837.6063241897,3.27070405336335
1962.74897513028,-49.9116824873858,3.10524617913736
2903.23543519475,-747.739406696992,3.0696166312512
310.516541165394,-1533.91387857588,3.25317168180658
1782.09611108493,-489.010588317802,3.25903690781911
1491.11496019539,-1788.1550145201,3.20839331917997
3945.03433660033,-849.477952308832,3.1968062494729
3807.3430235996,-11.7312498295202,3.17108907345944
3622.17943473139,-1565.06116652497,3.15855530963881
2440.20438576051,-2140.40092211437,3.27221805843874
2028.98258517096,-347.781034609888,3.22733409404861
3010.55104607531,-173.9742667428,3.27197245605444
318.522599426416,-99.653781690325,3.28396755000906
545.490192284732,-1277.17610775563,3.32511178591564
998.19733093743,-1699.51769492183,3.0781995274862
2806.03444628554,-810.236628942733,3.35182634418686
2699.84341579285,-189.062771901045,3.2357152160702
869.403955048276,-290.96774033275,3.3711023524634
1455.3102767138,-1746.02737731037,3.27533864876866
3083.57880529367,-1858.25584500424,3.11459217100981
3548.75461922966,-1161.97364432592,3.28194339389493
2533.32620577442,-183.376694977414,3.2976807045776
4051.52329836545,-1621.44963401339,3.15845426679056
825.464326813003,-1919.58065947345,3.38045968750823
2639.59562551042,-898.336135007909,3.27700624230174
1037.142924851,-1498.36308914765,3.28934155509827
863.517090209832,-260.591402606509,3.1798890819662
3686.88391495654,-2008.5939341777,3.30898638074175
3971.98362230087,-621.698201119329,3.43188444800003
3026.65403375912,-1841.03187259036,3.30807463761486
2794.17383068379,-2118.92039879865,3.49376349248882
3223.05020965907,-1828.56599168756,3.31730518695342
1075.13431215464,-1291.31220072315,3.43144735529182
1878.74290248005,-38.8169835154385,3.31200872107981
2513.94752894203,-1.43530897939243,3.41346342070146
1510.50468239606,-902.754660517333,3.35092266215759
302.113427719253,-1949.75311190756,3.36654969475469
2337.06240921226,-69.4298785300226,3.19680044220197
894.11174445045,-1982.18032028548,3.15707842553657
3428.74150700174,-983.691624681937,3.1038511948127
2185.15347900829,-2048.01264590789,3.34010691243967
3700.78736156493,-1883.22046091309,3.24632622208109
1478.59400690859,-1970.60179990019,3.14771996147825
2491.384513915,-1483.96858942102,3.25654207180234
1989.68798770919,-1510.72415678521,3.52296622180311
875.297328618359,-1147.18330097435,3.29804170187317
3556.21480380216,-1343.52326772367,3.38421982956889
1093.04123013184,-1513.79264562602,3.44154355041906
2925.13979218814,-306.09103280727,3.28658921990958
130.489387215142,-391.515727064045,3.39063185141304
2397.26649537064,-285.048701160753,3.30379078829761
2179.10180243865,-1422.88710379002,3.23555604778079
111.681483917683,-1502.56565944326,3.28267477653929
3792.23234562662,-1027.34510115559,3.09754418541171
3953.78995656511,-881.212523377307,3.20063982331714
3299.59407315942,-915.866935602019,3.43710321906356
2349.67701525853,-715.880639466061,3.27783147793894
2360.17790071133,-1862.59803920188,3.2088557836838
2142.25929623639,-627.606294016386,3.27221843711501
77.5495961932851,-490.086569663714,3.3680346563166
3576.0527299462,-1190.31932703944,3.3134802310828
1899.30919209825,-65.0887737864417,3.41387399155527
3616.13094072706,-1513.87775355114,3.30172055337116
2053.58168315753,-354.407089375913,3.25756443510148
1354.44645286917,-1318.67491192162,3.26281638074843
2328.05789598375,-1807.70656206158,3.36820897858543
433.598765535849,-1368.96827401643,3.46811155728304
1473.13540198513,-901.141910389412,3.31408246838138
1133.93679586645,-1225.24332660174,3.33557752525706
3162.18072542544,-1767.38736238979,3.37549711607149
3183.23863431078,-1870.63287043966,3.16930245606153
1045.93538788685,-708.802652053901,3.49629039472635
3192.05466598867,-1435.30671599534,3.2747010530375
2216.80616370694,-1686.30592968226,3.29017760481223
172.334485006716,-770.868395015176,3.34200336978612
2744.16339262415,-1639.09035985085,3.37776518455461
3260.34321331281,-68.4242396317721,3.33877864962379
1163.82322363344,-1145.84989755472,3.43529694187689
2923.53399023726,-744.110783823474,3.3160844741384
3241.7154004126,-799.07299454282,3.25820284922974
263.640316056677,-1354.51180986807,3.38147735444164
1780.03777310028,-2101.08574521419,3.0917787602586
2115.30158044105,-1137.37607645669,3.39800823918275
1986.7029192608,-1655.12323575613,3.35016041438444
3931.26038643261,-1451.53647471789,3.22309614658095
3904.97415963805,-1265.07696602937,3.32147775006517
1685.78909723992,-775.003921301194,3.45278379709192
3030.23981874093,-187.766744451768,3.33982965882598
2165.977830431,-1106.33948698828,3.29937392858057
2625.08029151217,-1620.73619853831,3.33735176858371
1988.45287000144,-2177.8974051572,3.3102260510582
434.440396560374,-1739.56002448342,3.45498547047356
745.251890364911,-1888.16358792163,3.46085799997845
1700.13452368606,-1479.16457505135,3.36667082105761
1152.01998627727,-1003.29845289866,3.51424896903421
1300.66617339216,-1047.55519131215,3.37096393807254
2426.51820537231,-650.430089190207,3.12004207374631
3412.64730830496,-1786.30487095809,3.50853465341275
2313.17192725648,-84.7025946747781,3.4139965248577
2088.70009802871,-249.815637423926,3.38774944100972
2639.57274563142,-679.32792360877,3.51901740422432
3381.22587735256,-1527.97411370196,3.36240043133535
2367.92466813207,-1681.5344258308,3.3445681030651
2785.77586029821,-885.349020086313,3.38657426063084
2922.12058522551,-2213.20481993322,3.38516713188074
1826.86370967489,-1999.15587940675,3.31587576404006
1473.70951045568,-870.865150043072,3.41606945538276
1791.74848905073,-685.820130483839,3.42254084473264
484.288311404779,-613.647510639079,3.42634527353901
3491.30704172243,-1207.06194125887,3.38785158719786
1953.5408607078,-1441.42054605657,3.50676253017789
522.063084736774,-195.207797570143,3.35289360933213
3661.48159746471,-2132.81970908557,3.38883290940217
297.304803861188,-344.913632899501,3.42501951448067
3689.30157948521,-615.08949888684,3.4184713270613
3168.54246823812,-679.561872355445,3.37826216845123
3427.28561750258,-1202.66491269733,3.54762133419796
2212.66758811966,-595.57424955035,3.41522379828734
2129.36515389402,-232.596828208107,3.5307891158278
2677.53794920651,-101.594423581165,3.59310291017508
2182.05765197516,-5.88319268602069,3.39572563658649
3153.76862417191,-563.256401598533,3.46330274411146
176.5318259386,-45.9501029263423,3.50354312131972
3275.65124209062,-1549.23683022315,3.44837931999439
995.70860401246,-532.776479083077,3.55053348170545
3202.45778711643,-279.469859272578,3.48885668808176
938.255917733315,-2142.9087085885,3.51445876631273
2954.61628338633,-565.574989077833,3.48104539322549
1883.6234996364,-1341.70465365865,3.4596840166167
3576.7318077996,-542.563169874191,3.54433498859656
3633.10956773119,-1083.4708154776,3.46789539416749
3036.40023385023,-853.917919121421,3.70416045609482
1685.73503994352,-871.083395355893,3.54893277714164
328.776188312213,-682.450043262625,3.48205490056364
2822.64737295895,-2096.23659762437,3.61606029650457
3805.42506581902,-739.576042249718,3.47307598489715
2467.75850349881,-2015.26429464321,3.53306403665132
3723.32503290244,-612.846632634468,3.50811837755165
1811.25913776836,-516.559819663109,3.43450964800467
3094.32704858249,-1455.83491517553,3.43407965708296
153.656090004575,-166.827892685246,3.54986212958256
2790.72479497333,-826.416137894588,3.60590967627147
3086.02755057402,-33.4315493099672,3.61784307236407
2065.77072700462,-680.416801782031,3.51496229492258
666.887315261356,-1451.36882802232,3.48397331010342
2826.60806502594,-1100.08247994944,3.51236453584729
2346.93867558074,-117.963866416158,3.50006279568551
3632.41289607791,-2190.92356341239,3.55415636070414
3296.93786661883,-2134.07574996574,3.51835807330958
3177.83780783429,-101.523850610354,3.48947784776052
2381.96209523,-160.454487111297,3.6547169525526
2284.66678109835,-564.333000410824,3.61510791544878
274.693562918752,-9.88084397595962,3.55407506865001
2348.30871998303,-1413.54255893713,3.59149573180117
3282.84147401037,-1759.56411568615,3.60140279969881
2562.18433092968,-2025.50205430113,3.73302039932921
2313.17668749543,-1963.50588758812,3.50884591177843
1251.79392748779,-1725.10446876447,3.55446244311664
1834.93841093904,-1361.92480862394,3.57283034242515
3841.74199250838,-1671.85270134343,3.60568184361895
3477.77469447146,-1031.40546530255,3.53964627739604
1877.67838924394,-1377.87695845641,3.58476827328625
3350.70820206335,-2198.44909578262,3.42897834727044
312.980572247961,-1335.518363273,3.57980906224353
1944.17233008842,-608.171745042756,3.41022904871124
1487.79754201463,-173.208032430434,3.45370085315661
2994.26741489636,-1445.29487509188,3.60147912001525
4044.73882566804,-2057.08804920053,3.5686960531001
1309.75587465922,-454.859826865829,3.55047615846821
1682.04477686066,-2161.67499863771,3.56816567701065
1534.32113700846,-2128.62370427353,3.71953744814492
192.165333639315,-884.953804579877,3.55791745693043
2473.25721447619,-2119.4200073744,3.74219350062567
1784.44419340182,-784.754587145437,3.56436255989485
1835.40169167725,-600.164098971415,3.65061532426858
520.637139019163,-1555.27157836701,3.68310172039415
2726.09961752316,-276.46636671395,3.64557964105555
2358.10586958581,-389.861825229903,3.63034338893529
1281.06778257005,-157.694925687314,3.70341426106365
2825.62875630177,-1198.56177963618,3.5017737775903
2135.79813855836,-1294.0980435426,3.78933891580411
562.747105614766,-1912.20083580896,3.60273996066642
2060.80419810138,-1819.65241970653,3.68046369513658
2836.55464147417,-1582.46563675329,3.66202372091787
2964.26746436407,-2080.53257117211,3.76275822262407
1183.9768687448,-11.1318984362796,3.5615470799242
2294.58612311227,-1089.07537134714,3.78195702840695
824.036687435636,-819.645923502826,3.69355306989532
2546.26184810848,-2155.69209794061,3.70724205399071
66.603679099638,-1513.70006610814,3.62801757170485
3892.96547140304,-463.374933407994,3.78803733446095
2833.81922266717,-715.112884559261,3.60275675135178
3723.90363941514,-685.185541790666,3.66611377258722
1217.14785861421,-198.515853797899,3.62416642157506
101.566873093594,-1324.28881430537,3.78733420153316
999.069593811998,-1167.16182441666,3.76795468563959
2379.33590103017,-1353.6695366122,3.76320493097401
3252.46179944515,-1130.60154884342,3.80781008117036
2996.9864323529,-1673.50018199074,3.83479668594538
2281.52500419997,-297.226764960939,3.78670382289712
999.424354781757,-898.048052708421,3.75158269940859
1511.77503095054,-1729.79098960421,3.6893765050435
3131.63912356312,-1995.18014268941,3.77915351519268
3733.01152891159,-298.138729049231,3.94615117790491
323.636890635974,-1730.63529067829,3.84353835224557
1867.62727884704,-1995.98489860764,3.90531346730109
549.374372111754,-848.008733990208,3.85705974376909
369.524196506642,4.98964689872917,3.60826038807692
569.693163643355,-165.410900393755,3.81497943026682
3060.46643183071,-762.507228939907,3.86211966572276
2704.56900753401,-2035.5211444229,3.89145282982124
166.520120901344,-305.839654649322,4.03504610133444
1361.52569627745,-1042.34887471473,3.69352986740774
1596.9596172603,-1326.60431515732,3.80252002640376
355.708975882226,-764.667858401628,3.70268767819548
3751.22859936079,-1027.03945156043,3.8978300312997
2873.77933607052,-14.1732019771774,4.01083016504379
518.695518619724,-119.786562746606,3.82837540545198
2422.37880968245,-1005.78312913406,3.72738281139853
3347.93343266346,-1361.14046655051,3.85222347343849
2809.84980727102,-385.453309248184,3.83222476884287
260.466750613149,-697.529200202194,3.83014419242166
3781.89497970991,-1516.22767505201,3.76829865146079
2460.87128817709,-311.891182647525,3.94576056903284
1090.21840354207,-236.3941411157,3.92403353239894
3013.65070685694,-297.955886827416,3.99427560867787
1948.48895846784,-220.24941998974,4.05062402846974
855.610906276521,-545.961399744835,4.00109194632039
960.208551785087,-271.673886530689,3.95279896400234
96.2934469674887,-1101.41172271153,3.99450486105116
751.746976639076,-1135.31094330601,4.11033883737581
3279.6354629984,-184.526807470209,4.11116581144451
2989.77716450481,-25.7513760147174,3.84040087343409
93.008530067169,-319.694095227428,4.01038629194438
1143.79066235732,-2213.1132988575,3.8543741664848
3262.74773942755,-883.259432681874,3.96568929522552
2599.22519949588,-435.727557381861,4.04266602577379
4002.1230141139,-1315.20069555545,4.05849454938502
992.374497573081,-1881.69626521486,4.04803355327924
2236.89773155457,-1977.80380990379,4.0799017369381
3309.50841488681,-1905.65527259846,3.98436233842479
1760.55027471934,-861.759437248062,4.11789210813407
2947.71828878933,-975.177891700807,4.01577087895835
1572.8600863454,-1077.96981284916,4.0936936119159
3308.23395034035,-246.551027167735,4.17320504547136
288.257239210179,-542.33970781967,4.20013854865872
3086.02703125292,-1952.5873936398,4.07361867072811
197.344460746226,-395.890837953547,4.23940013645164
827.97514798784,-1350.96163348779,4.363442783755
3764.39923845336,-1435.36211364183,4.18756029202154
1248.69598781764,-1525.34555687564,4.14382293153448
2730.21411396288,-1963.3615124702,4.26883385495865
2442.13193602784,-232.637603501368,4.11849984747023
3454.15022437862,-26.8415955117446,4.2391361365509
1236.21612083718,-808.62002815928,4.23560494099195
2585.88521005325,-732.28102956247,4.36616375155753
404.773396450296,-99.7477298697347,4.46197736849855
2343.34331216883,-1818.24758228535,4.39712267737988
140.561992190245,-1177.22217475373,4.42113841650412
2536.02995213662,-1932.38559619055,4.29796484436116
456.916450359659,-893.793684236552,4.3719449039898
2104.10016639242,-27.0048506924058,4.3364399445406
1260.47492613912,-2160.85537390968,4.36748467902482
3048.61046495468,-828.550056568409,4.32411176736858
2286.59511259914,-351.736747793404,4.38401932125314
1823.18671260631,-2151.70817133132,4.14143632701086
3446.7704697268,-1662.34554037156,4.46269178905079
2480.64130684709,-1321.86374443003,4.43064284082662
2339.35891495276,-675.379992962171,4.52700957560562
3336.86964886001,-681.442848853248,4.50121748039277
198.014870486342,-1262.14030816005,4.27637102268663
1728.85013812055,-1367.02890351455,4.54090691860367
3956.3579737582,-1396.20917465781,4.34656316720008
855.28552231369,-1097.08950359401,4.68879757123827
3044.18557238031,-2086.2904760516,4.46966704270626
2055.27505570074,-1398.12667693881,4.32273050611679
2926.20450728097,-2038.98742438046,4.53259341160035
3136.33177773116,-1091.43631317729,4.76371413037083
525.995368039924,-539.405178082155,4.78972292127175
2575.56136175529,-1609.17483017852,4.66708545824747
2987.87747698522,-2156.76267331366,4.48918797907254
2898.53763639822,-433.000548505245,4.82192410273994
3620.11295212101,-287.417984487597,4.77706620370595
1119.14353632727,-1434.96660232758,4.7528626775801
1550.85599521817,-665.820908616368,4.68362453310609
546.538499709541,-1207.83343522364,4.52006611762884
447.495331452071,-1289.28971465422,4.69361273841618
2180.41130683927,-1874.48117133866,4.87669236109757
2669.70485740743,-2105.59303018273,4.756946832261
1356.99627532342,-642.946791575177,4.9185667821607
505.058889404664,-2080.4037911476,4.76949040736334
2971.8195216848,-1954.03942714759,5.18087955724759
1932.33448410234,-2191.66845967617,4.7981387813697
1115.79542168743,-1976.70364870811,5.0895133414403
3213.03310459628,-1251.77717328306,4.79112909057738
1687.82215286252,-491.017661725355,5.16031960116434
181.004785267393,-663.140552830023,5.17366648642855
2992.34701055729,-1185.70950898106,5.2027163447943
2891.97088494327,-230.238475258958,5.16425457597037
3450.99869456753,-1331.94532352563,5.45714410786946
3305.75816834174,-467.720341728654,5.08771180288469
1533.62424324343,-1006.20041122349,5.12143622757475
755.362371237934,-330.449949322119,5.48814372946351
701.816898369812,-1665.35715512316,5.49839373528392
1411.89469804974,-1168.42954438138,5.4842919873088
593.243576878196,-1017.6959974505,5.81800457901563
3644.98825749024,-2091.63548779032,5.76090843270576
2630.51330996183,-1078.91171551183,6.12206289797689
3382.95455397791,-218.165915458459,2.75069178896196
3212.12495901087,-112.710852317597,2.68401860013562
2716.02095166437,-653.055789508988,3.01677619325138
503.068540471683,-1902.99443059532,2.80508659237965
2088.57646605576,-2161.93711068299,2.85721343091986
3554.86743492096,-88.8545506576115,2.98058765765181
441.044340599485,-745.584576948024,3.07005869083803
1658.49229984238,-447.424996950827,2.95534037850956
2346.18946531849,-2058.51798118688,3.16227136010886
2984.35598483349,-2032.14648828512,3.08909973567774
2670.0731020991,-923.904213665186,2.86669220996546
383.998479062851,-485.429004399792,3.01581044986431
2633.63870028051,-334.709983030607,3.12929321622209
1804.83127898765,-725.618732684582,3.00789618413116
1583.67291485156,-2063.37382099671,2.83445848667476
2644.18443102737,-360.558785250591,3.1704841187205
183.860286034544,-620.242031830631,2.96868614578185
1728.46852076197,-969.757943756486,3.05343521841026
3083.73016534621,-1083.89833504414,2.89739471568949
2459.33735648672,-153.706682716441,3.02595613924439
2175.07968443264,-1319.57017468538,3.44394573970301
3672.85461182807,-128.974886049072,3.45270221856801
2211.27876363227,-47.1719474247776,3.06844269296057
1704.00151371602,-843.165370312628,2.75427735365635
562.499051046654,-1493.10761124974,2.99013967102793
625.057165037371,-1417.19793264389,3.15429607019209
2685.00664984429,-35.5719141370611,3.03186109865893
3183.87128086517,-1610.77743871036,2.89573223621521
1215.60389171564,-1931.10039467273,2.87417627990671
3750.59638606046,-1736.77071697859,3.19409489135339
502.530812841028,-2156.68449361351,2.9840453743876
1434.69463933755,-1779.97604862801,3.45272339219167
909.717232938018,-199.864481453141,2.68093443211511
1134.05817845304,-294.185287751953,2.80278326345291
2268.60881270393,-494.712343173899,3.00084069436417
3260.4176791192,-364.225028663212,2.8747555351092
2381.84932149941,-296.479427538553,2.98702893649635
1500.45904323335,-1001.51026612972,2.93221423581311
579.190304038322,-207.24184868774,3.35545677104987
1614.4067450251,-1084.60403210556,2.88901073785912
1529.65950105233,-501.4588558748,2.94729096640802
406.988507806617,-1038.33551452561,2.90798186794381
857.506847018966,-421.296586952363,2.95584970268878
1795.01207559168,-203.376177981179,2.49340962540023
1420.89464689402,-84.5804836589214,3.21398124938153
1603.29847499618,-597.448371794418,3.0034659276089
3890.06178642909,-1303.61577503536,3.06744371517638
3434.53024801508,-254.626002972578,2.89252611996721
951.656971973056,-439.473130914154,3.26854694801233
3429.16863175348,-294.469216487434,3.18117150416528
2408.8010052662,-689.176921880664,2.63858224445716
2882.93518415604,-471.651885351304,2.97881613319964
816.283644980492,-577.270822051114,2.98834760086316
593.215346836083,-1507.25814364544,3.08509614947238
1458.03702591573,-1714.49410501086,2.87403234705185
3428.7746488122,-819.714552759348,2.78518108903263
1125.8537850782,-965.807658253816,2.96931553300811
4020.28440583748,-65.382277322564,3.06808958663738
2314.52125307147,-992.532352782648,2.95544713247911
3532.36569719182,-367.544856334338,3.33017532735929
1394.30429749536,-102.618819036015,2.90395460861423
3391.53275716969,-1960.74665122545,3.2260365030694
911.829965009973,-1531.86548591791,2.91923855502377
2016.21983956645,-461.207991891016,2.77826253095596
3179.62392112367,-295.275738411557,2.97360359546856
3510.92650278401,-528.566286396621,2.93787335116466
244.306849178916,-107.293892055892,3.16640681756542
1036.23278486137,-125.225101250781,2.64377105808312
345.477334512464,-526.862784769841,3.09627692590529
3089.39105577752,-1798.79036841854,3.15711306055058
3908.85329074612,-10.9179874839438,2.82387754505176
830.664794428002,-374.36867329723,3.17164739175823
3142.34770907448,-506.903513657078,2.98068842685913
3731.29558211881,-335.25063653113,3.02793118249027
1318.49520194673,-379.679654685714,3.24360066957571
430.993028887867,-1872.80670560324,2.9556736857169
2276.26681234777,-709.378287452427,2.69233224070096
4004.22486594914,-98.893686698294,3.24178268871276
2082.41113874585,-357.552730327224,3.22364719033866
2114.47486358521,-274.984664259633,3.22437028817819
3533.09424843511,-879.823683293687,3.08519986035907
688.815563496438,-81.6059950081842,2.79777992211666
1145.18079040184,-1447.87590744106,2.86356867786919
2795.52717628027,-575.385245888697,2.942268302042
3610.07619153577,-622.666740536519,3.03966028350314
1633.87163732063,-2134.99641181913,3.00625735381344
3164.26037082004,-295.936306142436,2.77917361734232
670.860942433987,-451.955064015698,2.7909391837649
3356.93195853971,-538.165953228589,3.20097639919564
2161.35676096376,-564.315693587918,2.92359519751607
3046.44178170788,-1638.00845060824,2.97324097706342
2037.53675058392,-67.3810569474667,2.95238886215319
1284.96394330023,-2109.37819603955,3.12427199541511
2768.47072095646,-1942.99815565278,2.88989596322273
2741.204099851,-1838.62540840706,2.81369781592048
3573.11425191541,-1895.51994169362,3.23368890970836
4065.6005152689,-395.839677834279,2.51269871516158
2583.30652365589,-28.8608218151967,2.90199217192536
488.089621870495,-1471.4954801845,2.84517005521333
2449.54554518873,-203.089692842563,2.82869532934877
1115.4597994746,-218.78503844364,3.21083267423502
2197.96420531082,-1645.88660917088,2.93945551606447
2032.95645721818,-269.964902490221,3.0372046980823
3122.96246960389,-441.935821208593,2.93543582686785
1919.89690737542,-412.39310792951,3.03979886653862
1442.26125592898,-112.902249790952,3.07349913807715
1312.85150276341,-1415.45683284157,2.7763892937635
3212.9523569787,-409.023558742836,2.95875102094942
2016.13195767108,-1697.17732856626,3.11278176699489
2334.69526862439,-2215.99559513206,2.77463720643771
3109.95939826139,-2201.03624198709,2.9164458336539
726.926057374131,-1025.01598357642,2.89215086869647
2976.07505839309,-331.86575843516,2.91920919570361
3529.5083876395,-1669.18050684235,2.85819733455107
988.046704651822,-42.2477870974934,3.0177402941168
350.142528867518,-1456.34691445369,2.79201378129772
1495.02990463527,-1217.68405773772,3.19895119726643
3356.19818470979,-1880.70942125274,3.07082190706409
1136.65560379294,-54.350595930046,2.80083142254794
1204.28441394129,-1080.12030865481,2.87100638341239
174.155135876965,-249.812864194898,2.67970584028554
1335.66450304774,-1650.45537289328,2.96189202894483
399.430246170056,-66.1078789508122,2.97529092278806
1546.04374898186,-240.333866515476,2.90408681766707
1202.14115071004,-95.8634748132191,3.16110694364755
2395.36237511037,-562.231140256349,2.9875278170845
838.784608469009,-184.599989953477,3.01044351734183
2485.05147641134,-361.137194742227,3.02236221912215
1572.19480820723,-195.264594810194,3.5476562830818
242.239520965487,-1729.78693655427,2.77304450724231
2029.14025955688,-2205.96338200055,2.93960255410721
577.915466657732,-947.277090681791,3.02390541067818
190.713690682749,-1644.69302563308,2.96155340578839
1307.93897709349,-2123.20383768772,2.90499899899887
1162.75955792565,-162.178273333802,3.09062687348219
1781.57949000658,-1921.74125431875,3.01989219044158
3273.89973119498,-476.829677047952,3.17717821008092
974.234529563943,-1546.94414197815,2.79919740362786
696.182357257996,-821.671512370769,2.94221981411999
1516.77620064793,-404.879715140532,2.53192302872768
2998.02154238039,-1743.53597802335,2.96518388290793
351.986911427885,-265.243542431521,2.92053427026345
2268.79523187766,-183.866475629243,3.13644198059964
3000.10439745821,-81.6909712441472,2.86199919691082
1416.01905057019,-221.959488540173,2.83536300324239
3435.61772953469,-848.660130360625,2.94839534433385
1183.64695881874,-505.229891441499,2.94952393291018
304.361398622415,-15.9489870330801,3.16309094999145
1062.2233517914,-52.0984150826227,2.69691425260606
3305.786611985,-464.667532524833,2.55519912043771
1861.11009465452,-18.1497205285177,3.07630135574386
3339.26762856415,-644.072778235431,3.08087260009433
333.26721284503,-1592.1729497878,3.10138760812705
2416.87558168785,-51.9293289170487,2.84704230879066
1120.82239429392,-2186.73156949786,2.95360384289516
1218.94098248976,-428.456024741167,3.17866905002394
3119.04373391888,-1708.71529478615,2.87869833105008
3335.95958812974,-880.532280391369,2.9607882046738
3101.83960474606,-2109.72806998989,3.15175107905014
955.66373905842,-2123.17506819389,2.98177125477926
3501.67720396639,-905.929737635879,3.1042500608131
547.84711844966,-2126.5678441872,2.98575462644845
2510.27532955671,-441.713881871931,3.00615417824542
3898.85597549402,-367.019824519531,2.93568536940747
3450.48264939677,-469.589974856356,3.15984496958833
3684.20386047747,-496.585932787142,3.13680763626457
3708.91048401073,-2008.57775991991,3.13129955278303
2966.51837941248,-1381.04200748094,2.94403842176234
1095.15759240885,-105.403124617553,3.23642774863904
2497.344618479,-1932.58910052574,3.00392722076165
898.775932221185,-95.3845509203153,2.87949921737637
534.589791381769,-140.141464591321,2.83022092477912
2842.37140427513,-549.895634327344,3.20790253930534
2087.1826819398,-1956.25188612985,2.76791265898988
2604.8280485837,-1948.54284447227,3.02445887835312
163.076701545495,-1528.57298437664,2.9644005271175
624.001097834861,-1399.8385614199,3.10400025269105
365.820068440423,-128.171395783645,3.02281842319375
290.27796045847,-709.494251730976,3.00750009079058
1255.20836445256,-1499.05513953608,3.1460489492468
3044.49424182208,-1954.27230230925,2.94470337398295
1670.12877929488,-148.733941510707,3.20424963186047
1655.56429354042,-61.8994243214092,2.8596533614134
1109.57977721065,-1595.89710965668,2.88069417593136
878.953892239068,-108.598225950727,2.92743998807697
235.124062883501,-1791.45727331733,3.0675771692721
82.0804925437891,-63.9066044848398,2.95433180188303
3671.73011389097,-1440.58292404313,3.19023023292717
539.824806146306,-376.967096320837,2.99477947089343
2958.09945065076,-106.729754313507,3.09632845780775
611.347597503824,-430.758707976487,2.98784830584799
2827.26725479387,-9.51282417287719,2.76774165401504
1279.2029412342,-1944.74789067985,2.87855761661356
3871.92597732428,-289.908830635439,2.91999773308207
2157.41817098713,-1591.57300308402,3.00087385545755
72.2586817851727,-2098.15651392142,3.13802605863007
859.17860997204,-1521.7279864495,3.01353087135597
908.652228609054,-83.1702302062283,3.0179844638486
3178.07576816443,-459.504544900709,2.95286021256658
1703.81677391488,-101.930984590601,2.95301087261154
104.32345264892,-370.965999603096,2.89842231118345
1783.68734210993,-1132.47898003496,3.00101667913903
1980.41297821754,-451.484097161425,3.20035805730305
3270.8890417686,-377.766800789767,3.00937619334499
1313.31743247353,-219.158872383632,2.84127866124512
734.642496497288,-1189.82053599613,2.99397206298181
1278.143369353,-98.7235520778066,3.11891375638633
3285.27253929185,-864.990778331383,2.89447696005824
1220.5405371903,-1551.91542703318,3.14003732378185
365.542123836689,-885.317591204996,2.95732752594245
661.630669114848,-898.043194859926,2.97346643295192
584.626174487724,-1600.05623895761,3.20154563944479
3713.74637059427,-1672.63007712355,2.96821737083535
2418.24479829315,-234.828396712335,2.98223634564257
2805.87243859152,-1960.19419912728,2.99670925556028
1716.2251185384,-1914.84592855988,3.10295622782802
2319.20770391953,-157.434109195803,3.00440351035876
1273.55865265855,-202.991207629618,3.04542760603304
2178.19593858084,-219.669141634489,3.03902700137914
3182.24698243066,-664.960613454953,3.18740410693005
1932.17735974758,-107.866564067662,3.08610341078559
3719.61071126363,-257.130145671154,2.97235477546736
3753.52377646485,-162.6284645023,3.12968127656849
1579.96287465735,-255.307943530162,3.07769146411059
1032.09016273329,-1620.36599826061,3.03534863168019
1049.36054493015,-1578.33819776189,3.13044762398433
3693.14269465632,-23.4112793188541,3.11754694310043
2760.96898624309,-39.0223855712397,3.043357063705
1387.10478529672,-142.288932662818,3.0540819374392
3106.44258730805,-1975.14315500571,3.01192802357044
1014.81652783238,-1016.01500781074,3.24339156199918
1925.98539898165,-474.599183505807,3.04021609993657
3339.25719599386,-1790.02070376993,3.1076503813525
403.109033516599,-244.738467857664,3.01553317876639
2243.09713367301,-1761.27278918133,3.18311129824075
2548.78944379867,-2140.95814804895,3.24400329830044
1416.49743582192,-1971.75397617778,3.13493956791957
510.660864025887,-1752.65502208401,3.17324217746713
350.282536028106,-277.387394319105,3.37938903277363
1797.35982524755,-1646.46481112269,2.94532318453245
1900.22666604688,-2176.18079369614,3.21849740797068
512.419222430391,-502.595187331915,3.15549773974167
653.624984843001,-428.92777097992,3.11977869554979
867.538657046514,-420.532560040303,3.09927753757138
1057.26801404167,-352.645331196995,3.09713606784632
1364.83967692971,-149.405648017433,3.07866175452348
2021.23478507892,-522.235360634861,3.21946061128028
475.769290925969,-144.884546882064,3.13284343818518
998.7667455889,-249.814523344219,3.12457329753299
1822.69542054224,-135.946205210768,3.17482833045711
1634.72768127646,-298.781218623805,2.94202592200933
1970.41289928164,-1409.46058307075,3.31542932304321
2610.2796049622,-315.872424879845,3.1528557618782
1639.31979285967,-1020.02572288835,3.22566059276454
3608.98539206528,-744.97796342763,3.3222639611594
3981.85028668898,-538.428656713276,3.23664999680101
3325.78268788475,-1711.97952498462,3.39936756558388
1313.27335850528,-1602.20616314519,3.3306320446639
1946.40873886847,-1497.80504632663,3.46252607211768
3625.70379446208,-933.014821721639,3.36538882678409
1990.04645971498,-554.534793286815,3.22670997539808
3560.70144649205,-1627.12563494336,3.37737408041518
2998.50962904942,-1644.39496018421,3.46367480274679
1181.8899937794,-1907.89859622107,3.19488246955001
2894.18325102325,-1353.23948120171,3.28065172899092
2601.15676806583,-163.130766431546,3.13169012932517
629.210865884099,-282.939051174411,3.44025653893215
2408.90637387158,-2211.82456762988,3.3481985521266
3687.85788629463,-519.533748205665,3.52917147973241
1939.12495176409,-763.35161258713,3.56829098193938
681.685610804414,-1881.8061023112,3.40566668194704
1835.45219432177,-272.863541198989,3.3760265036058
1691.69788258311,-185.937929176042,3.2560241696155
2795.44404132073,-1380.34417877169,3.43113868617989
2420.18881605602,-2203.82918150007,3.64325812004337
3348.49428028687,-1737.6190858334,3.4534699765322
2526.13260665558,-769.299088412959,3.36404674365556
2817.12626938607,-162.964093379591,3.36591677167686
1885.62945878125,-547.839126051962,3.32672843041869
813.18925454404,-328.592894441955,3.26745607836689
2321.60986634957,-1502.0309816318,3.53120965070645
1513.48683868607,-341.756866234656,3.45650983514109
1449.37045782183,-372.359142270457,3.87005022773507
2566.90147833909,-174.391966593008,3.36229472654981
2962.33037538715,-1473.45159932781,3.54768625091823
1483.17587202228,-317.76653774107,3.44397901488477
1455.49697010608,-265.354413545201,3.61548160943901
308.402415784486,-2203.28477386424,3.82332439209934
1318.93771175809,-1514.41520345614,3.91366205285793
520.866268783781,-304.743412078214,3.71476404602482
1918.6419074763,-176.390670764589,3.7073457170656
1393.95007157106,-343.266704678264,3.81948774262084
1595.12449745487,-1691.56033215854,3.7135027548895
2035.2096548234,-216.016317811957,3.50440712781247
3006.01954356361,-1830.59662171682,3.89656459396405
445.148794992027,-348.205855339552,3.80934966645347
1940.62337621227,-493.707816709732,3.8862145176707
1321.49626580633,-186.274408136726,3.83758313143253
1091.09943821883,-2121.62939188772,3.87507198945834
3435.65730641576,-1829.81564604591,4.07237408901792
1162.35021687812,-1515.84545569329,4.05054730760241
366.025425936434,-207.802888239251,3.79468071622231
1538.22944343944,-61.2255527319175,3.81205379622083
443.03696923748,-157.378948937503,3.81843617831197
1029.96891516238,-62.7453307836165,3.7674731825011
1540.20076330572,-1685.7295383623,3.98744373841389
645.839792417568,-178.423552780317,3.79818138338245
2315.12262691907,-518.818397849718,3.99442277888554
965.121329630431,-17.2170326502355,3.7252653612163
2390.26523241591,-1626.9818137628,4.06583223123155
982.242448111312,-63.374238259586,3.96654816944578
3437.04819932362,-1586.5722797674,4.30878755818071
3886.64934082885,-208.704688170742,4.08676378523095
2757.05690992504,-416.997510673614,4.12382366010055
1875.98779339965,-1635.11799136692,4.09881306445826
627.832128783714,-593.2291460663,4.20134155675725
1313.21299990393,-120.873643511954,4.02909093714116
2967.62133878005,-1945.07642064059,4.25328698599952
3514.05707970988,-482.182161972359,4.26635589089359
1440.49547641826,-1447.60454900392,4.39474532985003
2764.45206064365,-258.51973240784,4.02471343035795
3972.92337434225,-429.0104266128,4.30354328946066
297.922091549516,-1861.10616475638,4.36589905931132
2234.38210477558,-528.388637145315,4.4823265071201
2289.63568064353,-435.553016849786,4.45040457110319
2592.32891604109,-580.669615464779,4.55940771850838
1097.98812681968,-702.529189725146,4.52313379724467
3406.39210318743,-564.732909689864,5.03743079969512
1519.29168847797,-517.900857026934,5.04434842720488
3657.30820337855,-1606.80690664024,5.29338495427145
1711.48264552923,-81.4430513821128,5.08765348751296
2862.90079271399,-463.212852747926,5.41365968693895
3225.38312819572,-272.661034264016,5.40508837694771
1838.07552283533,-1251.05055957426,2.85713980782038
3074.13507305837,-1047.81026413169,3.06779820683065
2805.19587691637,-1261.04340816067,3.0194457406229
488.484553953243,-1790.02347426217,3.30159495325836
1683.66344942668,-496.334359012207,2.97342407241004
695.002213729209,-1702.49683726406,3.19563019780991
3311.78772223411,-2166.33291160492,3.18490203052456
1316.27115267334,-643.549800220636,3.25357558569512
3349.17076148635,-730.192810683947,3.30246940486166
4009.49105984609,-77.3071207655767,3.35345755731899
3359.37725907712,-697.178282504475,3.42608622802498
2584.08448360901,-1676.35074191921,3.49521553045961
743.698829585798,-332.38786830983,3.40321218071975
696.327672296046,-2065.04160484257,3.64953270408732
2318.01448255151,-1552.49534874885,4.04436837599532
1639.98647676033,-2104.73358663723,3.66566268993108
1500.94155562447,-1516.57965413487,3.91541945822315
782.249655719487,-1941.9552553195,3.71650415897197
1660.01113463844,-730.080808885139,3.71880872410937
1678.34486629788,-2029.80701556356,3.71404497715358
1725.5184383965,-518.255709136231,3.85851300741101
1264.31450942505,-1417.21493268403,3.80567372065057
1683.40251218425,-1183.72650541555,4.19991352078694
523.057345387397,-2196.54224172913,3.95675566031848
3776.143469102,-905.771842516291,3.90554379122049
3919.09690712299,-1174.05580043437,4.13817455364118
1646.50413277652,-2073.72837138944,4.19712364372356
1134.92920130944,-2159.26108575509,4.03916126598876
2279.68433605184,-2201.3624355479,4.10198950314874
404.757308520569,-98.3031778335138,3.61469296101703
2736.45227779832,-2073.52273021804,4.18819911676652
3815.95624400939,-1083.8602148859,4.60006939961386
3708.3510876903,-1559.05449257796,4.30214971963708
2604.79652051101,-1738.6440457996,4.50639221361628
3904.17143234101,-1026.39492340275,4.30497628154366
1874.65227908938,-899.976201194255,4.30765172244527
3916.15749922801,-300.199998212912,4.84972149540312
113.291384214538,-512.633735087461,4.64590663178331
2101.70408027384,-1035.73600258367,4.9641550833424
2272.05874645436,-1729.00172320845,4.49887102261449
2022.3816436472,-915.071445206404,5.07078439055889
2323.11088114615,-882.564881456461,5.20541544063115
246.770527311897,-205.942049686413,2.63235960263132
3667.90622067226,-1531.51454698554,2.48247804888378
3045.10060808167,-1463.05311940726,2.81070135972111
3114.9531850383,-1360.98384574917,2.83624949291916
3947.78775576911,-1347.70857473381,2.86729664098389
3959.29869599672,-1447.53256761522,2.99214395455079
2909.40886396259,-908.501257741,2.92264941489834
3699.54819897282,-56.5920025657565,3.05372153782213
2144.00281822554,-402.317550931318,2.51085395444011
1596.90161627174,-960.76647152969,3.13505624023406
1552.8352890775,-1482.3111942724,3.22466534953466
213.383662552046,-1949.74853966314,2.95800840891407
3305.70973828384,-372.24057001587,2.81615423976137
3778.05219154555,-169.725656073931,3.31963442126631
620.147015413613,-1197.53634701402,3.06044378351109
2374.58944024239,-1160.50437095921,3.07971699775273
2638.1169099078,-1519.07144049482,3.01940557281815
3334.24092986008,-93.5397150646718,2.94204537150427
1588.00147857344,-1596.73477117734,2.56085041884534
3024.55884177737,-1264.77704471927,2.83066207232672
2034.28855544707,-1136.67875938553,2.90610004866945
3483.93989681446,-2168.16887683313,2.94082597956951
1702.04143878602,-1425.52068256153,3.22348556285773
1199.72834131286,-2125.88573098283,2.90620086146983
943.679593399695,-2097.9364759245,2.93820666433745
2524.10066647927,-878.860626389383,3.20093812807754
2929.29999653299,-317.956752976261,2.92675092993291
3879.8300911092,-1117.47647496553,2.86282559952991
3949.10360032641,-2104.81532284477,3.01056255640774
1495.65939698575,-816.367667789283,2.89253051300403
3516.69437250969,-1941.34680245113,3.14667082199446
1029.74440605757,-678.837893721867,2.93874468322201
3826.71897819717,-170.212922233665,2.65224876711486
1222.79216944855,-1610.39817871546,2.76496820218315
1762.80226451859,-1990.0228499915,2.91601067034191
2954.65028737448,-50.0746309463255,2.88438817372019
840.963347058382,-804.08156875036,2.85231863156113
1172.26163473453,-1806.351211129,3.06404027884964
892.255095713564,-700.094303933502,2.78688426769561
1660.45530668903,-1989.37583154702,3.02347559209561
1292.38201951438,-2034.56011215475,3.20737546310528
622.829009412928,-1786.05866705957,2.86106977167651
1818.56217203846,-1047.34611984315,3.10201817997943
1622.80042186551,-1748.76889302597,2.91227786507375
1170.7473619916,-318.847787352886,3.00891110139675
1122.51111023947,-1713.69044053088,3.12615982576668
1149.51142961425,-1621.21779056083,3.32181355798087
1488.59017022498,-504.158830168431,3.21004409610272
175.358123696103,-2141.27656622538,2.87465284682122
2800.92303166742,-40.4771653539767,3.12900220063224
3139.44826496602,-1777.10718633633,2.96257469265734
3113.00308903529,-1873.80829695557,2.82000758611484
3418.33913833638,-318.94656309756,3.08558362070524
3890.37451527081,-1800.32361942595,2.98326902020264
1172.99992516926,-69.7152738877907,3.15831231668924
2409.06845381189,-1537.04646597881,3.10826311193796
2932.38443154623,-1644.83421946488,3.02188679351002
3829.40156505134,-1377.8958283003,3.08483592837235
2268.24578404395,-1397.40355381698,2.93694587956651
632.752373205577,-1931.68571617011,3.07343245442612
2090.30821427624,-639.447924280546,3.17227224513961
3315.56728759338,-1186.99905101536,3.00456472318541
488.349030411566,-1040.83452675675,2.94539713419231
2855.82267806503,-254.000697667994,3.03418798597017
665.438384920095,-2204.40598626568,2.990582042846
3305.42669038687,-1510.28300147621,3.150330388669
1315.71456761395,-1454.10894479335,2.72843211676982
951.391673937655,-345.708721202453,3.02903613211493
439.518470090426,-359.699415252883,3.01057332823657
4014.57325742232,-900.883108873699,3.05251218903218
1148.29871390451,-1676.67602524509,3.17720715857036
984.25231917921,-487.260978958197,3.18605996432747
3025.28463522301,-495.256881462089,2.78826701095724
2934.92683256791,-1055.23116717792,3.13032832133924
3821.83081516832,-243.909439415639,3.31881634402939
2880.83684659289,-2062.91975018049,2.94174506476088
4058.86178037564,-60.5316174702391,2.78215709124995
1866.88053337461,-342.075998224835,3.21822021205115
1909.71895589733,-1308.06334483743,2.78570004953962
1201.9615110753,-768.517297020048,3.22821982904664
3213.02765646721,-1888.66363369888,3.31719815770464
1405.18691845033,-2197.9884865393,3.21244557339629
1762.71650732189,-1043.37704018592,2.9862590452783
1805.02074049834,-1946.08335477488,2.98251572504541
218.867092796518,-876.078761601906,3.30615413329953
1815.90083906121,-645.296852256423,3.09197627494623
783.66363656285,-588.18403579656,2.97805145139432
3476.70908196905,-1252.08016197863,3.26041810817607
3616.83638297257,-1246.71772919845,3.02509851499031
1801.04119919359,-1377.07900860101,2.85951222092871
1035.52588648752,-1908.31594934983,3.12516931133504
858.157550064631,-838.209186710905,2.96599675528371
692.323229149587,-401.492213888358,3.45692799952213
661.068266075711,-1479.84601862781,3.01070685359887
2346.37024111303,-1961.0087653323,3.11059417685379
4000.49779225187,-723.384804174988,3.01881538698782
2921.97826293752,-1939.90611963267,3.2951208448923
1239.07427394762,-1082.30421851339,3.09240791253557
593.055030280733,-1842.22740939117,2.96589861206947
442.932353762969,-1993.31848189888,2.99104891903744
3803.97332405824,-238.236350452984,2.95107605485964
1853.83085069233,-45.9496399026648,3.04707178503301
713.548108539347,-556.617107650993,3.12362176773953
902.482532183303,-754.385233087092,3.19986269807671
2232.27365469697,-555.543464211129,2.95552637908847
781.617360124052,-43.4569458191019,3.23694095218833
1840.043462295,-57.4805721480036,3.23171650254673
1548.66441159908,-626.578198140663,2.98540458438489
2230.94951405101,-1242.95859278544,2.79480961015679
372.583892721475,-1069.52910243853,3.16783410615767
1563.70297260625,-1335.21364484009,2.91097749558369
1122.86151850873,-1815.22200388625,3.0045709655155
962.991512772533,-1210.54440872242,3.00823619312285
229.445970649872,-607.824765155529,3.06311665860508
1554.55251114995,-921.365877358454,3.3439850617058
2650.93451387602,-444.351685232399,3.01273759911588
1342.14845767639,-1600.61831171377,3.05753131254394
2504.09149096718,-1778.63086416167,3.08835211054175
3959.826928427,-287.37706064004,2.81821651724446
753.122014341863,-979.458772610911,2.92181846836425
2107.86354365121,-813.732505117103,2.92863012343132
437.920171879081,-668.839364481849,2.91474820279254
1686.08241722485,-211.843090794483,3.0482677122023
1443.88719995181,-1867.10366192694,3.02816935395533
1385.24113205352,-1426.81371139248,3.07765998254499
2317.25661883823,-1549.70167192816,2.99920573767557
3096.09841525116,-479.571523511628,2.68600604701544
2728.31306318059,-804.951156541866,2.95517987884582
2972.81974066434,-1410.6005296868,2.9356501290419
1464.94263145107,-1369.27011693089,2.92304020985594
1558.53506054688,-1222.7966494374,3.05488109584094
1755.46824957717,-54.9367129181138,3.23604291904273
4012.00754346865,-121.950043830899,3.04906210434146
3525.18422167886,-271.995159091785,3.18494845713257
3496.66793901631,-943.763021979875,3.20180659600358
1235.24348295457,-256.745029562859,2.92279797241325
2072.66659223115,-767.993913474116,3.04547944664436
1883.55995954736,-1049.1174524651,3.24174391301193
3246.08149052824,-1787.24702619562,2.88462991453007
231.250863953913,-823.547180342026,3.31623937644874
708.023952923423,-390.853457226774,2.72542454073059
3151.0772953805,-823.234286484444,3.21182624961673
3694.39930966244,-2081.71532119746,2.97463555319018
1026.07566678556,-2051.07511409794,3.27714940339076
3389.99158845426,-1100.22613559968,2.9473966748386
2227.66793005411,-985.922926334167,2.97428721462865
1395.8695690072,-2160.58595310803,3.05103136552389
540.115950817721,-1354.17413434358,3.3260999432216
3709.68013528702,-472.809155614397,2.89868807929548
1561.87998378815,-1281.84087163757,3.09277934917437
1877.4173273465,-1795.26125385296,3.3680151613357
1217.94094140848,-1317.62884837294,2.81485911879988
184.092153286793,-2113.08482637872,3.33374349651756
2911.81319726323,-1472.36058056736,3.63050705375511
2631.57092028509,-296.006429215394,3.02743026888854
2979.40586622221,-478.073802153782,3.28590510931266
394.764005768469,-1645.03309591675,3.17250062401258
743.459513860524,-1832.77320544671,3.16156077330999
2418.67111771784,-350.398863486154,3.03414977697392
3692.62702816745,-584.54944418971,3.20880990889856
506.058181171122,-1417.87545727153,2.83438276001811
1248.04184155248,-93.751134054529,3.24720117162032
3091.40511636911,-1251.66463825884,3.2142760911656
4053.81162278345,-1376.42889473233,3.63175531212601
3180.30593017859,-1652.62847651994,3.33935569293555
3970.1672433775,-1129.4678394306,3.10676083857186
465.827943823026,-717.842536759259,3.14737670345714
212.883191575881,-20.6932434973264,3.01194709240963
2105.00287382638,-123.300060843141,3.22666630075734
3072.19701543042,-1765.10971559825,3.19541016577019
1314.25998020355,-1297.30847483106,3.22137667764082
3978.48314699365,-958.206197525434,3.06296918035375
1574.26148580711,-926.082512658672,3.16487779266834
2578.35113092493,-332.740193865379,3.35724260417183
3121.86407773337,-210.86321830757,2.60386872990977
1114.8303455021,-1571.31901098994,2.86756000090151
589.457436092605,-1738.65388529813,3.44986865345457
2782.44797756259,-1548.58988949776,3.06771623898105
3635.74605598168,-1962.78758406105,3.11250369779371
942.735087131224,-1776.70462470565,3.19715766285624
4010.26479483901,-257.911058711702,3.15322944973042
3930.66971011257,-1690.71332113114,3.04110520924862
364.006762707142,-1312.64595232376,3.24990635494947
3234.54466549142,-146.020027371344,3.3093069758108
3852.51992520733,-1602.720363857,3.19734750984311
2064.87774843096,-577.944266540797,3.75062950527284
1087.44448618785,-819.8473889963,3.140561326362
2157.44821660407,-1077.33996745911,3.30234152324754
1376.36871316908,-1231.24246396277,2.90193144389554
1402.063424566,-488.317367496952,2.84834180599034
3145.23428012302,-1550.38402082626,2.96106506331727
818.11812244208,-2139.61571151851,3.10750806318371
2076.94424942564,-193.211200967098,2.7714515617777
1995.05938948658,-754.404933709106,3.41541669843866
3246.11588721661,-1876.91577336349,3.1287895111296
1392.50052871535,-742.636877943337,3.01166176202784
1311.78968025539,-1322.10372032442,3.4707621764365
1528.05580878215,-885.095213140501,3.24688513172936
1686.41882324808,-584.176553296282,3.37971433437874
2010.42962203206,-2128.2698658604,3.36328902331747
2935.83061421865,-504.51795595743,3.23698521473481
2850.27715418366,-1180.83717133535,3.03123592282728
2500.94726702301,-1544.69116114442,3.22939261086877
366.603511713525,-31.5427078445501,3.1584839563473
436.612687860091,-1105.39226538385,3.09089967740713
3364.02642666457,-700.750086575416,3.25647280056038
2327.74377220383,-820.837537865089,3.09638500778738
1638.28215970802,-793.003647631153,3.55082442520634
1465.65378722054,-694.371650934603,3.22944115816694
2953.80854545494,-492.40445173618,3.09208200577205
3353.6890658816,-1186.74565152528,3.77211533497409
1144.31788997321,-153.636287388213,3.48821030247258
1784.91487207399,-452.91981828306,3.15713299170734
2642.43131524379,-781.953623736927,3.5676901469613
1895.37678507967,-27.2589067701231,3.16569299887352
2243.19976881005,-1527.42261557787,3.25090420180386
3645.45794280814,-1873.2255899906,3.03354585100742
1008.66529545733,-2121.02769816637,3.22133202719262
946.173998033927,-1652.42284890154,3.37444474461789
89.083790877719,-1367.48880557508,3.30156712388721
375.60540027134,-1529.80386199456,3.63957775182437
959.315232300256,-152.234258257435,3.18878675098113
1918.33849785963,-1138.11792233687,3.25992695477405
493.969395619573,-676.773469122425,3.41416410413971
2075.45552730789,-533.821057352162,3.36430753321663
1976.64114260203,-517.051683609045,3.20426133890029
3226.96583696043,-1364.69152204487,3.06499220793326
3605.43120882744,-392.556756728702,3.69083469265355
2015.24537951406,-1496.4195566169,3.15453818730172
900.677855828465,-234.043768334444,3.39476257683746
3245.7566383183,-1889.14067723343,3.22164514416043
2743.86674845252,-1741.03619594825,3.30648103813099
953.900019647967,-1906.0106607179,3.34324590786284
873.286455785387,-150.037789693625,3.06598981674756
2975.90565032392,-399.548684984465,3.63993218222351
3107.46002222405,-2151.35027089155,3.45679664308537
3442.34335618795,-1757.09228577751,3.01604162776571
952.214782582245,-1231.45061323112,3.18843273030852
1736.7675556398,-955.846192392407,3.321903556053
992.439116586085,-1834.38174168467,3.36795289325265
652.968991475719,-400.220336500735,3.31865332889908
1379.16775010131,-1961.42146761865,3.25900646881246
2728.48165459309,-1579.8114918997,3.26301049227075
3617.57633991124,-1715.65434457684,3.37000540271123
1591.07429978359,-1147.14377619722,3.30816657369497
2698.23237939466,-483.922596039937,3.5880296702728
3882.24958788926,-523.832067128116,3.45911815897676
3472.44068817734,-1384.05077924866,3.30702343773208
451.704122930466,-273.845493415006,3.33180720082377
3051.47836233889,-56.159438772015,3.52705045064185
2027.13256324399,-886.671616010783,3.84365851725234
1049.21989223442,-446.28533396525,3.23811360139411
2138.69963064383,-663.021111694706,3.43232300930178
1925.76505427894,-2153.51300823022,3.31829776196293
2695.18141434278,-269.911737247226,3.51581458288663
3215.01976781288,-1523.66021077716,3.48329784314152
649.386720837582,-1910.78492911835,3.31477385938543
1631.29938141339,-268.025149765647,3.54592322927456
3269.64208929353,-131.093820233405,3.45773203416779
3318.42956122489,-1609.89728952445,3.30454050436691
3841.02945611894,-1645.54834594568,3.28619786858179
3490.15600619678,-1829.46744276008,3.50372876422014
3749.91789934644,-1078.61965061538,3.13115316900524
2437.52038732599,-582.513383139326,3.47351151523217
2017.82710757581,-2051.19350479994,3.30739919288891
1122.95796218031,-546.483133122256,3.39774495370828
840.046072333769,-1025.89427958794,3.37024420339286
368.013341835137,-272.505092587861,3.35415792112184
1894.71285988032,-1248.43206177177,3.13055760483056
3939.73099305107,-995.622683171443,3.45036513782792
2698.03425819655,-692.654929741859,3.45882922842895
1261.24989308864,-868.283668583675,3.39904356482769
2788.54063748049,-523.537668032489,3.35272976760281
3613.85468960107,-1774.83147450789,3.36947983227659
1934.07527299282,-1401.12093265516,3.19777941427862
1199.54659323018,-1166.32408461491,3.48998734807759
3655.05262067964,-1660.36053706938,3.93608297707071
319.0502139259,-1980.40087132043,3.607123404094
3605.86316072004,-1427.13293925888,3.29577240089985
4043.22383505675,-1058.14656767229,3.48986409553547
3484.07248420206,-1464.2715777874,3.51198696215595
526.045518506362,-410.98141452434,3.63538294128364
2007.9874658956,-953.231073487902,3.58864767183073
3324.15544142239,-772.670100972794,3.55799186783145
236.481484797361,-535.828938683768,3.45494859262163
1439.8745759495,-1258.75982918849,3.63557366524641
2624.27609163178,-73.4624409276595,3.45890994240751
3122.70959920768,-1402.63220427094,3.1192724278992
2920.07629688794,-1778.62579840695,3.21167443814575
1054.87568953899,-1679.7780798672,3.22533149563209
3178.33092469237,-1385.55669579907,3.30332135350931
591.948188167027,-80.4614671936124,3.56978147548381
418.696398243741,-578.209404004197,3.63832856312628
1849.11088954359,-748.700140026966,4.21812553042736
3745.98268868027,-399.168346463756,3.44197647921748
3686.63523411999,-1329.48551326389,3.63447855880646
1398.7842753537,-1150.95353981178,3.46812299433938
326.048590870695,-638.556770888679,3.39119126157489
3861.32768546794,-1433.1300490588,3.4761042556773
3247.28202211747,-1965.58627267252,3.53440996666003
1400.11024585329,-180.257754247493,3.45165441487619
2276.24278906609,-730.474541280243,3.69876466844259
3703.60911325553,-1978.35300818692,3.69812386481591
3608.82654774718,-1184.79537668172,3.35989222128925
2184.0428489936,-597.718803590101,3.6899791742342
1013.1889877963,-2204.56931292497,3.56914120402325
2736.69463893257,-643.077314859111,3.49635713288116
2230.01892647062,-1809.77993307734,3.53299657350085
3056.28837931355,-265.252492703742,4.02962161037779
2954.17249981314,-882.724716816163,3.25493071402084
3745.03139822223,-1786.72765322282,3.60654772739299
2980.44790413585,-914.548224685682,3.38055780773702
2737.05758510183,-2074.93989132251,3.49447761708855
3756.62297746795,-1345.15103615769,3.75914789850876
2279.63395774876,-885.964215701782,3.51834193956607
1960.72386460116,-1997.7897518757,3.77099730542211
2242.97744368746,-192.817307756365,3.34514733170497
985.170792657828,-2164.60783929576,3.73630847896753
1562.46778169097,-317.84540370353,3.65903892131218
3291.85533736399,-1697.95642185665,3.66369757366888
2851.9825708752,-916.344145020048,3.70636469110571
2594.9696966149,-1867.58595947822,3.6361014734748
3021.64306944569,-1004.04779101253,3.78072152635694
3841.13517526685,-970.782182581481,3.85770219424104
2507.7796593389,-311.041691197813,3.55066656443186
3337.75999855374,-1800.90810556091,3.27792845194552
2029.32613702646,-1562.08125234694,4.07056928802132
3890.73705422955,-1460.1033328313,3.88047409812329
2914.01502248892,-878.434135762476,3.84639634989366
2057.74713470415,-2097.07947125804,3.79551518566832
2006.75258012235,-646.197722407921,3.55082079078473
2242.37461215847,-1196.20117792151,3.59722392192323
166.183661316469,-1065.78781040133,3.68099806252834
1778.20998658523,-238.270899738228,3.70945428541346
2298.92254480498,-2052.22693883301,3.63775234875344
2394.30956258313,-374.512899077495,3.78083906673945
331.229052327101,-952.088282819159,3.77358483678925
1760.79989094518,-390.398687408991,3.50714659842035
999.971943264669,-420.468495542297,3.58000626857544
1808.20261357159,-1294.20465817011,3.86210089164914
2380.24977947455,-1425.57171301567,3.72015001355844
1518.73254863204,-965.091174691439,3.98062705445605
1640.91354950066,-1208.05555848549,3.39675173660582
3067.9613251072,-1359.20423567933,3.45693420786207
3125.06951687019,-1299.07868483284,3.89907418488788
1161.20811175489,-735.028277726771,3.85705816220891
2452.30549243887,-423.051935933075,3.44188753775068
3914.39620084144,-2180.68116480548,3.84470448450412
1649.17806437431,-1652.202004644,4.04522528525376
2100.52798712615,-2103.67173510681,3.7776533756625
3221.89240938196,-195.200978422125,3.99880753326394
371.755344794905,-2054.90934548916,3.84191874051304
171.577953407434,-2001.54946922521,4.0372256660457
3123.01885408691,-2074.66101315673,4.06572577025306
1930.89464192991,-720.979617846484,3.70822868488792
2098.04531679783,-1762.05760252197,4.04868877457666
1360.56151132919,-220.162465824343,3.62463616808607
883.763371681292,-872.215147332039,4.03177879009988
1767.4751615078,-349.820146719636,3.62605419539155
1995.42430780255,-1812.39702078687,4.07592273063466
2212.06857787418,-1311.91408424133,4.08236966140699
1810.61685293088,-1662.03688740825,3.9089963883201
2148.62421475201,-1475.17675939803,3.81818511058484
625.955614195331,-735.457550688708,3.73315497470984
2990.58887962307,-1862.3741051851,4.14393752940002
2021.14729897906,-682.984784904116,3.95762683832477
1186.21984988121,-907.522428422691,3.79878048836605
218.086165513052,-129.244816438712,3.87959884466443
986.642989337608,-662.953372710285,3.86864957642643
3967.57358530287,-1814.82642726166,4.17526919937009
1737.42261790854,-1679.84691582717,4.08293827608912
2911.76702911537,-2113.42364345728,3.80180544063646
3305.41471648107,-997.382634219551,4.02011286796757
272.459456149802,-231.389290002279,3.86838208167418
1930.57534044311,-350.338310125929,3.95457372649384
2156.67307497311,-914.975769195656,4.18306552998361
2491.52213552979,-470.812537264865,3.9506985759717
806.509743774017,-925.803066166917,3.93036709486829
1840.84310571996,-1876.84087275262,3.98938315724933
3983.48127834099,-824.729469403655,3.88647751811172
2615.38448692527,-1809.59121088268,3.98917758569916
2197.11302202133,-1360.25304038302,4.21144394447901
827.699386531971,-1783.41014870944,4.0781847923489
2378.7204588094,-1620.68052962055,4.0547079912964
734.087534313381,-1902.88329933561,3.95930692613261
3620.74402878373,-1363.37983757521,4.29439447308131
1338.1197895136,-2013.43741422366,4.11664796394983
339.878321398011,-1427.3909541507,4.32372331981374
2005.94814520087,-435.990088483037,4.44199383092262
981.651914922703,-355.915721400424,4.15463497343654
2277.58536746322,-1716.02523619126,4.33644101023319
1041.04779437747,-181.230701460669,4.49756674810972
2101.78649485548,-1920.44164742976,4.23739680801756
3510.53065209942,-565.288550670943,4.28367588186025
260.801274811222,-1024.03953364966,4.26223232633645
2272.92178596632,-1366.66722143895,4.51725779719154
3705.9717436729,-1181.5841166966,4.57731911849563
1753.25072165269,-1226.99177487061,4.47750937335648
2544.53654406438,-2111.01757995475,4.71243345147878
283.671237744954,-1202.23022038288,4.95744690844062
1251.97974025594,-438.430608359965,4.7017201560102
3673.76346152966,-974.917250847355,4.828494648592
715.488337294318,-654.438085722084,4.83888584916635
939.294553639596,-1998.76350582147,5.06050292935488
1330.44963525583,-1705.57831532239,4.9002196149879
260.731749716216,-1332.50797202663,4.92481402936502
455.859564355324,-1954.39083273136,4.78920168980056
2877.27908519217,-1420.83417060533,4.58506006892314
2949.83975122214,-1605.41278260289,5.13386963685521
1169.37097741435,-1812.8165924782,4.94462763670849
1684.74558567161,-1503.31275508035,5.07082729556293
652.796889456054,-1458.96097752581,5.19197437341803
2018.59922964662,-870.677905839183,5.46362885898442
1696.09424229113,-81.658645087979,5.20325511314149
3339.58222681445,-569.829268555587,5.69848563346696
1724.08013927853,-1099.97341081288,2.93440954418693
1110.85761086884,-980.787045904085,3.01585538835849
2549.03737263327,-1868.09908056826,2.86034538942066
1019.0692159158,-1551.23323096621,2.87476961952052
530.883711618248,-1318.7721121774,3.10591084942674
1452.512218976,-611.188493861034,3.00002525653541
854.009610154841,-1132.85642615773,2.97898017473826
2959.2260722309,-683.582153131742,2.58435673807535
1588.58909589085,-591.616533489891,3.09685241429079
2291.10848733851,-563.192785578159,3.1813598196214
2146.67769222443,-1092.75412418146,2.88453772137856
1253.50607218703,-566.940896214921,3.16387850347965
582.745984775528,-383.253826238609,3.14762314667819
112.02235782207,-333.492715656991,3.06835050544356
1761.39242214566,-553.469458350249,2.95014512361243
2360.2851227513,-1732.7324902817,2.87972369227729
1651.6289144803,-602.941566777009,3.17583298260349
109.379820355976,-50.1219887204665,3.03352080382265
116.27779809942,-452.160076255484,3.38662005592097
197.235615787244,-543.845614807304,3.49393126647358
354.708675047336,-486.076238636893,3.31634756258504
832.314792817559,-1233.25704544859,3.58532254464164
829.93489262957,-959.103444004716,3.7852351263199
3205.2778337265,-1891.30699301211,3.65820770071139
937.397138405548,-824.517211204609,3.93741480704268
1490.54762453332,-874.7590099981,3.88405563601687
2126.28267422261,-515.389376769327,4.08098017080173
2205.09750342041,-408.065234940785,4.63726598781745
925.992618321011,-1992.13280178889,4.92652581119714
1880.61087118322,-1700.60609426778,2.89746595814377
897.888491910574,-728.184417837065,2.92564903345871
769.32816291418,-2100.09751986566,2.99287973318744
1853.92861828255,-1090.27796014058,2.87347244132428
852.764846547998,-1877.614123013,2.92865510657291
572.593616519056,-640.541200076459,3.01908815774235
2648.78019759339,-1805.37716405367,3.06405042217936
1490.36186343564,-1178.99249757195,2.86154728352597
2107.59149851823,-2214.8571217461,3.55936470966706
3657.84554165715,-958.298411836536,3.09333015267027
2861.59774292387,-1909.74102958499,3.1588007331189
625.666046923274,-1933.25508710927,2.88367608466309
187.465791365561,-1478.43135075253,3.10447061356162
345.086065566024,-2185.32091471545,2.98304226745901
565.636919444475,-1811.21769071154,3.31176430881834
3654.87227981934,-1775.67618601691,2.98863417207405
3685.4586842133,-1185.5255085779,3.74076650890193
1221.50858584582,-362.934392112253,3.43346332318983
3377.58472432972,-532.572708322328,2.98530933047281
3340.42241424499,-750.61723658961,3.3145423716229
987.083487767784,-416.200759772692,3.17255009289025
3249.97873981122,-2003.24815811071,3.18035484484643
2772.56147159915,-270.729155179797,3.53965359302848
2467.87309357195,-1717.73223224116,3.55993031175213
1041.09205914554,-1259.75849365438,3.5815620634873
2560.13750768318,-516.8853795764,3.39513957849392
3333.28211783122,-1792.08084698805,3.6927365904824
2085.66499270431,-1747.1036914393,3.58142412081651
2092.98694790276,-2011.01053170454,3.52231689220954
1965.78480395561,-2066.65089043774,4.15631288151926
3261.01147529008,-77.8284445506519,3.64888833871141
3825.68721947744,-193.191376868884,4.11888516633124
3815.54310957052,-1081.50594008207,4.14100034690908
1564.90234033705,-2113.50463200238,4.49147397007191
1668.83764604815,-364.579249154776,4.49791660320606
1719.46494180362,-2168.67472847532,4.95975525572435
905.15406939533,-750.391976714964,2.8837210486018
3624.80996181978,-1870.77900858618,2.64881117207514
782.590193284535,-188.806731438785,2.79963473001981
609.727326169582,-1148.50347349204,3.06590852288803
538.69792440297,-1353.66355620669,2.75490201518583
2794.73060155024,-968.892430782322,2.82683222994192
1388.39700181635,-731.841211644899,3.27021263131706
3337.32999955367,-751.074594752526,3.03162858883489
4046.92809330157,-1379.85222960681,2.90258707038665
3630.55800946929,-977.412115019897,2.98557070914291
1499.83273996586,-1525.46275947912,3.48422402047793
637.024583830532,-661.341544637451,3.2873111748007
2052.55114997762,-2092.67308257207,3.11310840505221
2027.01695648064,-217.838636794248,3.44834687935272
403.718936971098,-578.249676662929,3.55347488180679
2985.74931011911,-28.1707527756431,3.76742435456225
812.289529152722,-776.168374164291,3.65157672755575
2870.24245301181,-2147.84622632674,3.07802927300335
857.778433984893,-1089.65575565512,4.37353253966057
3465.57206924681,-1319.88850920066,4.97176174151697
1134.5841291739,-519.353980591618,3.36147857095404
3074.13043441451,-582.460901256923,2.78985824243013
3276.52955479695,-942.780801189881,2.91502701372618
798.802257198343,-1209.50594256731,2.98165302433017
76.6268572684694,-1458.58795741341,3.10456742783048
2215.94134365168,-46.6819164077993,3.21554819352218
86.9402237790473,-60.669169510129,3.05469439390187
1497.35289557837,-1902.64388795398,3.20167700415529
222.192450256037,-404.46085079791,2.92205582063785
878.193130670909,-1862.10911161958,3.02247210468502
3659.32754782868,-1268.58973117767,2.88896753262102
3102.66512241358,-775.245292573096,3.27052695901991
752.119989944402,-1242.06106799193,2.9507450214505
1431.23966874563,-1005.57547999203,3.10045377654586
527.020777717305,-1394.94733288897,2.98458370606608
577.241042030232,-1315.74645120586,2.91039311155305
1887.98904446147,-1580.78879195491,2.83032408352566
3831.89089099869,-2128.53218752311,2.90184118874442
740.44171818204,-1456.71968790679,3.00982913465569
391.614642722336,-1371.39979661484,2.60967252301154
2316.50177091062,-469.201350637381,2.73156071966155
3391.33254627313,-1961.89788459107,2.90559680903884
898.760652802563,-736.855028541182,2.97607535707609
748.397369659764,-836.606400771009,2.81550454996036
1735.3501673378,-1839.06334779576,3.34528670960374
1882.25635509167,-810.908878992842,2.67992371553455
3861.35284270247,-78.775980847494,2.97619299076737
2664.51436615807,-1718.14186494516,2.65869327579223
3099.49636249725,-259.50853932462,2.87277771689098
1214.4171561049,-1054.59104339802,3.07341517508695
734.012130289348,-1953.56159227005,3.01773150524459
3704.53697055995,-753.165157822038,3.53480768515884
1757.24020339647,-187.86192762767,3.22842262855753
1128.22667846848,-1156.5572116403,2.95639525929315
4006.53842134685,-1096.8645707023,2.80374715152547
2440.08944556848,-834.074745869012,2.91130567099536
1124.92784990672,-352.572308986704,2.75761729604601
1483.0070184701,-2193.63726005789,3.02777445895087
2982.12126020515,-1989.02973330453,3.06841528939917
521.768479694195,-1333.72954503997,2.83302080222315
1860.45567384574,-1244.51623433333,3.21747413818661
831.634004738501,-1761.05459424878,3.1978508453746
2344.55342501383,-1311.36921548564,3.07800950121072
1809.27328710248,-1709.94347974993,3.17546785928987
3561.43020661368,-690.7873981941,3.11303977254184
1884.3353191575,-1478.31021095319,3.04929878090525
3343.65589044252,-2052.62048504735,3.00503938708838
2010.61685765221,-1854.87838251914,3.11721487896372
1895.00668816236,-959.732927168967,2.72641213021042
1961.06286639344,-966.247899783313,3.16345824885103
1671.04612248472,-138.537272024139,3.19960407428048
2982.09868230351,-1668.92324274978,2.94613570628686
240.991622367642,-2216.11931504809,3.22749637049042
77.2933003704803,-1031.6363427982,3.33041248025498
1827.43678200527,-73.2964595091372,3.06689084012191
2585.18683602026,-2101.36538053505,3.15577206754444
1736.84566174804,-467.363416153799,3.11020174644705
3849.30909315327,-912.264644428324,3.18232737821656
3500.5691299405,-1795.53518180553,3.23476588646976
2286.54147521102,-1652.43323881256,3.22159680901261
3050.28771669572,-1663.44835488699,3.39407542729212
1140.68534470915,-1345.99728092132,2.87970046173973
262.454112308357,-1112.71227091153,2.90580910769942
79.8063440733798,-717.469763984941,3.21283449128029
547.980750786094,-1772.18898319353,2.95523769449943
3833.51671748791,-1078.78812764815,3.5430635195848
1816.27537474964,-258.964444661727,3.5676929567091
1334.74671634195,-1630.02939733937,3.34096376248892
2404.23906204154,-119.000170012014,3.61176673739299
3644.2734806525,-322.199009361082,3.6871873791018
1489.16434284201,-1737.88197557278,4.08466047808319
1596.19808303196,-1690.31498115358,4.15922828641761
2062.79625871529,-897.675737124961,5.13746569430586
1474.80124832621,-2158.34012835019,5.04369217449693
3976.28803477428,-1582.89090784801,2.74299197633603
4056.92180195672,-2191.80245711322,3.05648916817675
3682.41859390523,-1788.35220423994,2.74487692724152
862.187530175003,-1562.47020882367,2.71183706751216
2868.48976089671,-973.340289716156,2.57840642086539
1319.20237352129,-1582.29747204354,3.08843124674008
3996.01348722606,-1308.23154554818,3.06193923781277
3788.81726089013,-1268.20804343992,2.73366397297484
1531.70310473355,-1039.59016217057,2.62198073244894
864.064296850402,-1661.07851492996,2.57422046904457
2059.42175321682,-1206.24307365585,3.08317436726003
490.433306801623,-1206.32575560649,2.98246719420919
2193.31823151033,-965.177894575087,3.30143835361029
4063.11032636018,-1552.49822069872,3.11254392718267
1610.98261327771,-567.722473665064,2.7455443307328
1299.64218158546,-1399.61242867653,3.51747714265984
3602.89630937469,-1296.42219161808,2.9107545466016
98.7257760963956,-974.063999058302,2.94622648252476
2292.44293782949,-1411.96560745041,2.853106998242
3984.30729478322,-26.6054680375548,2.86278538172342
2988.31511215371,-1839.03090018354,3.20563703967015
2034.81503788931,-1279.43780819767,2.84892231997796
1004.37699172529,-894.84500428757,3.34885020352008
868.372862948921,-898.238927170835,2.76874438654126
1611.76550508981,-832.082914185056,2.71523530781418
2186.31082159053,-1582.97154354612,2.99487909536222
3279.39503453687,-947.443298105396,3.21464681226321
2425.37429356568,-198.299036843059,3.06820853976525
527.322263319059,-627.098177411056,2.97301256574974
2071.98089841053,-1141.36937618487,3.12961902240507
3369.83303599497,-421.585670789102,3.26097134200526
2753.18982307745,-1809.77930683895,3.1439796228733
1429.06966016303,-84.5931149417977,3.23504971798977
2967.20407743241,-1043.53656249389,3.09178971322429
3846.14663050561,-27.917171408036,3.1416510637441
3661.26566823386,-1270.46112994297,2.98332726003311
3442.59508174369,-1053.5158495013,3.28913625488694
2578.1304785984,-1791.63297887083,3.48648804809251
3877.27771842401,-1612.35615688699,2.73244242070283
555.886856276633,-1661.82862046291,3.04118773923405
4024.17237337107,-877.307454118604,3.60901345341737
3105.86658728676,-1568.39150174026,3.36328886638419
1025.50903010253,-743.013414683173,2.95111292559576
3239.16573200449,-117.652916285836,3.28959893259957
1340.09383011115,-678.807372545647,2.91931510803341
3438.16615286355,-1685.5709913427,3.10570859033146
3008.71323112355,-1843.68822227016,3.28348013460158
3783.31365125646,-2071.81375552435,3.54655621861857
3131.43179952729,-1392.24970739049,3.64787970308023
2990.88901409187,-1604.70794681448,4.11572687841458
2569.38871859384,-2099.31380808859,4.84713235607447
642.933940222829,-793.792506026836,2.86770950590211
634.237459290476,-1343.64597777479,2.69649272310446
1668.23599791916,-789.913204024555,2.80477056415428
3005.38628036532,-925.490733022228,2.75781594855344
1075.50379077069,-1127.30713217945,2.83749783340504
3618.60747952851,-40.465508288562,2.77342619127135
393.318974451395,-1277.21184228812,3.12299094232891
281.720550220385,-459.865059241473,3.17279867905999
770.758869742,-2100.98078185642,3.28872927037712
601.206787581115,-643.826000468562,3.01418481031401
3288.27345610512,-2055.06031558857,3.40335465006317
3158.03981747105,-887.113249216748,2.47602711709044
2882.30105565196,-50.5889062838191,2.87346434406412
2758.13012849023,-1906.35009336284,3.2671778759199
2247.56703804106,-1594.53026708868,2.98053929704789
3755.89949086406,-11.5371301522287,3.02856014508762
1730.52666042706,-1829.80225988843,3.21762352171167
538.406316713528,-425.250345805565,3.18409154354263
3774.36896406412,-1049.59920537403,2.88066107367144
404.197861906964,-1690.00884041937,3.71068781364702
823.35628442888,-966.179056206561,3.31449664583279
2014.04009914403,-1232.22098986528,3.92245603224739
3350.0637655237,-1116.96971123554,3.90226811855638
1465.18930366917,-703.026890959368,3.44579492377861
1205.94215063522,-1602.15684179531,3.80683151419907
3217.63039724381,-865.366068074161,3.76005020671034
381.573966825916,-372.420048197561,4.07356807112321
1101.53470865153,-1617.50455002879,4.0950858896744
1205.78986453157,-1712.87396929666,4.03608121564672
1136.96113539819,-1139.33929671191,4.46425931757706
1875.6093305328,-1483.50175760246,4.19994721658285
3661.16866227767,-1072.88802774155,4.39480293304865
1372.29678744875,-1685.45717934435,4.67313389976106
1795.3381358271,-1608.699878076,4.45484168511292
2303.58443227228,-1169.36980559153,4.68065900548955
1318.86737412813,-984.223875787953,4.45350639277007
1385.96716594387,-890.705014266885,4.61754660411741
3698.08936851394,-961.004119500299,4.8967508390696
2101.29842490382,-512.501768878018,5.15063519317633
4004.21400653847,-1254.24188740855,4.77212882671083
2290.86459876835,-856.966517606373,5.09490803264331
1436.16333765385,-2156.63722354729,5.27216286361514
NA,NA,NA
3719.59732741039,-434.642797499286,2.82073614200297
657.784855429217,-1364.01639272901,2.98604700668792
3723.86104095504,-1157.2098025988,2.98426790712261
814.490457521598,-1224.49173709659,2.96297750461143
975.189567536203,-675.439874016507,2.98698110683391
2465.73389418858,-2054.72648282734,2.7220851334122
1160.30027161691,-1718.76598613541,3.08810772685566
1976.36475961924,-795.762081603158,2.92237173825967
4028.0948325073,-1085.3192263247,3.01250985518946
1195.18226945932,-496.570439411121,3.00267500806127
2595.79631404421,-1858.46909451045,3.01338245414769
760.156927533004,-595.760961643156,3.03168202026734
1609.48472476896,-1400.19362090473,2.8857926414802
4002.98307424186,-1041.96188722653,3.12884931242391
2421.34059484071,-2016.1993184566,2.90941912280577
3490.44520137549,-729.37079523207,2.93292365029002
3983.81229333307,-866.52869263159,2.91907881643134
220.085054363802,-1373.75787109763,2.7992231804365
1080.18268382509,-15.7841527981792,3.07821775671036
1250.82803940108,-1072.41568934028,2.97012854932
2569.12116350546,-20.5347094745053,2.91866828205303
1978.55536443096,-875.870379476478,2.97584725231818
2575.29335979505,-820.262771421658,2.89045075879742
281.477037372105,-1894.48965427174,2.93576923119537
1575.29214460471,-793.445711977222,3.09427714689896
1276.62029892917,-396.161515527077,2.87072910064212
1202.49601374924,-1376.55370494128,3.00340681297927
2812.41442237327,-63.3911219590908,3.09821394702881
1791.00563046599,-322.808131923483,3.08391033268556
3489.53188216277,-1727.40526870152,3.00013947496755
1311.48061322234,-1635.49964882902,2.85229444000155
3427.08130065117,-2114.34787749988,2.93555929892257
2832.64044190204,-962.034549100513,2.7581022919492
3392.62287480027,-1574.07140736495,2.74483652509823
3807.57846467185,-1754.42165134824,2.95980618033274
3477.8650917856,-1450.63998926527,2.97963520356477
3508.6845597772,-1918.05214376196,2.93379381157475
2838.25445330288,-1008.80610747226,3.10098748796612
3119.42751608463,-1685.00275744693,3.08717308206136
2038.40081859904,-1469.26294125162,2.98286041135766
2550.04610630873,-53.4567401320608,2.94606511313112
3127.95391817108,-161.935380362053,3.02756407437842
1767.50523235909,-1950.62852505336,2.9615638340715
3186.22236956782,-1912.75076595152,3.17517171808624
1363.74566871615,-1620.79451300407,3.10138316093161
1081.93607428884,-548.371175317281,2.97998930801057
3271.36478384908,-19.0008708581341,3.06433769468818
3370.02915131342,-1214.56375799008,2.96908589291325
1850.58912862632,-341.44708144179,3.26065169463856
1046.98848892958,-2165.60040590264,2.97923573084021
1044.63042802772,-480.551293706949,3.04491257233171
1214.00223643038,-1891.78600746111,2.92887271784739
3437.96723676549,-1253.35879028213,2.93417276230137
324.954022800029,-1909.60858105966,2.98836015131228
2994.42316984103,-1629.84940590727,3.07188543011437
4028.32828113987,-1795.59577557258,3.06167246872959
2495.80912624802,-694.160323610984,3.01729421830533
2629.72560054834,-1573.81716329479,2.98191539669392
2055.12191390358,-164.885176885696,2.99117620576552
1234.49137689756,-1693.67160681074,3.02265636994633
2757.32868347381,-135.939883398732,3.06744881320737
1719.61645436994,-1963.36497275066,3.00768995402707
2551.73192067882,-1415.89284887434,2.97298416358591
2215.02208878832,-397.983397229989,3.0952449409792
1032.220243019,-1268.10083463775,3.16282240651477
3487.8355944383,-1312.79468991266,2.92872314642154
3223.56663517777,-1405.71660231827,2.95733098310839
2714.45981842489,-1451.88351967012,3.11623833263707
1670.11784230846,-1368.1355288617,2.87776873090637
3890.15283278865,-1843.19235319641,2.91813714582521
2618.11054441375,-158.085639595961,2.93581006024914
309.841998950253,-2042.35264654033,3.00017439371319
3793.77981441616,-911.133982343191,3.09293802602303
1358.05247585679,-1463.39942689884,3.09224878677798
1266.91214644961,-1631.17351626726,3.00167604634012
579.950726069305,-442.702984716663,2.91280987267883
3394.40552462337,-1698.47643447817,2.94222801102577
1744.89767001502,-1805.87028942068,2.98567531276319
2865.65274905089,-1595.11886821613,2.89432979001505
339.646594805441,-976.671080048626,3.19900475811222
3350.28098736089,-905.83978583626,2.92803775297475
3255.58543920971,-312.030548124137,2.94997554980849
2261.07481988051,-473.610841424005,3.07278410254305
2465.63862136986,-781.696349815129,3.03139317249375
801.377380295597,-309.879184536827,2.98063072525813
1210.72236867088,-629.904370267265,2.83875313450635
1887.90125943293,-2111.36510180813,2.97654225850766
101.497321691673,-808.795339574753,3.09521865856046
1934.4994462671,-90.8533559134429,2.95282473756961
1610.47036061105,-181.942995453862,3.06091561738382
3367.7990007247,-584.099796008591,2.98460776637846
1155.41116321455,-619.729505294513,2.95425475365073
3287.23171615359,-1508.48340295834,2.96789943364581
281.165503519149,-751.673895566745,2.96961232270953
797.07520919727,-411.042068169562,2.98659171976936
1488.45124820676,-1954.5911347366,2.88142837566173
821.470775422013,-2204.06352850378,2.84721243843563
1761.45796749316,-728.203726952801,2.97583470694418
3599.20682265545,-1736.38480940344,3.05003270988084
623.546727168416,-59.7385990871539,2.986590891807
843.594599220101,-1968.46647527137,2.97568762793493
1903.19858957401,-105.191251420284,2.89332485571781
2329.99374418421,-298.796485950262,2.92851970083756
809.64491414924,-1447.02055195952,3.2012583603002
3215.18496498894,-2125.9932466234,3.09172912759845
393.018649509956,-2098.97264507341,3.08997059969945
2565.88098517363,-2208.12708397126,3.02178978139761
4010.94718275113,-525.965592106647,2.98319450686005
330.291374682085,-141.074809899452,3.02605698436067
1735.86712806172,-1543.08804992987,3.00723353145406
1485.69064422422,-429.840266608762,3.09598773439889
2167.61004834584,-449.127908121896,3.0414770477788
2389.41729299091,-1035.80670932217,3.0244519579154
194.102102103106,-959.133625224607,3.05725378771022
3640.46000516967,-361.472034477901,2.97529844634828
3977.63535791817,-1855.12016998928,3.00787210911023
2152.94552071786,-2084.64162112498,3.00946789520188
1530.78587355109,-1136.53101544214,2.98270254906708
413.151722908722,-1514.94348140141,3.04828448288728
4012.73550463164,-1693.37304928584,3.04995022774218
1861.69051306754,-1427.51614548727,3.0049649275265
1664.51689619422,-578.6944946848,3.04122143959643
429.866345905393,-1478.39187287702,2.95035376344076
2063.01528379798,-127.21823684364,3.04650300120784
2888.99025775129,-1307.28001869171,3.05069249782714
805.996164538124,-149.701593948641,2.94015793336609
2162.11409943501,-539.063664541128,3.06422969290742
2674.76318011413,-495.827110828677,2.98620211124558
1457.99362016019,-1322.46946114677,3.02867778684617
3054.70466910715,-931.996924513224,3.1870697131238
3842.06110025078,-1313.46095212146,2.96352738879475
3388.41254019142,-70.1520443501209,3.08734839562171
2564.42278529327,-607.009283457987,2.90965099388315
2402.12512172459,-409.398866824575,2.94705605930048
2214.54584787471,-1341.44976963444,3.05150311012523
2636.25123320958,-40.6176542240507,3.081200130375
963.131494729834,-1059.31753888399,2.99048386669134
3661.79654948157,-2194.47786732665,3.21680560010583
77.755438572943,-349.037867660859,3.08736051743756
2906.19389206795,-493.208142870661,3.09654856881868
3419.81622559822,-241.641684880561,3.08187794706984
3228.05505763465,-1095.75708443115,3.07350067130561
1508.7564836158,-1414.53321628064,3.00281669846922
3195.6338665804,-1592.25858802645,3.115664990989
745.168483439001,-1966.61504812387,3.10742400299129
1708.12225081455,-1623.88143559594,2.99481086988165
1292.0433767554,-992.39403353391,3.01036278017825
1914.82953223006,-650.946411083627,2.92066239060627
1272.53453260746,-1798.89603593196,3.07804228709115
3063.48854361607,-701.186319932872,3.12037822448943
2494.16775681495,-447.763568112963,3.12078792117408
1388.82967458272,-679.792059940253,3.09067467094632
1280.31155715149,-360.922929550235,2.96715658219179
1723.37965923518,-1807.43727990209,3.09052806483374
983.602101433675,-1751.93368178049,3.07402287495698
263.098877772474,-759.297690611041,3.08679653310154
1015.66363348379,-455.346404297877,3.15015993973519
3477.66825452312,-596.091093529618,3.09138082429568
3885.46995754766,-1489.87048902559,3.07212255915252
3914.92257454827,-258.352373893627,3.12400324999317
1055.62875339184,-31.4201773702232,3.05061921212112
1431.73520903994,-1926.39000234744,2.99363874914323
1839.15626696217,-2068.27392470717,3.01854045590279
3393.94878606899,-2208.1990821227,3.02315401600426
2868.7251788922,-1640.37778453982,3.13998197221581
1810.11164305884,-87.1454960867978,3.11443731257996
600.901338704002,-265.586124337454,3.04791585104699
3199.35171239074,-1546.87607511936,2.99152208256091
480.497956855342,-356.2378639775,2.92013099325645
2984.1673043029,-1295.23683835211,2.9736530801333
2290.20633730136,-165.630907374148,3.04759449201696
3596.27877204297,-339.335988828014,3.17009416216071
1364.7114038254,-1700.75647365208,3.00745605482709
2187.26456228931,-1572.64685994496,3.08494082691913
681.585043999309,-943.457964518494,3.11442183465531
1725.79758628592,-1728.74892710613,3.07047792803432
676.853351363839,-1551.14434065564,3.16417885892655
3902.72687456264,-876.544911846517,3.18085274674684
1973.4575831239,-1488.44290796621,3.01705955346306
2653.57112429467,-2145.92667350791,3.01562976169118
1567.94985368666,-1718.60712639834,3.1553926157954
3251.26717734946,-182.905121936473,3.21260757452956
3875.29480324547,-1071.40825517743,2.99493066394202
1429.54353619119,-2178.75102353188,3.07189266233474
2889.48365323082,-167.920823738196,2.94385264284096
2464.26322442075,-882.45027153284,3.13140598937519
715.384295894786,-1823.62264224296,3.11232439467742
3332.45745974158,-616.13871897486,3.10205322700197
3049.36309623113,-1326.78197757358,3.07452703134313
775.688800479407,-2035.22017531112,3.13099155352525
3301.56505773007,-1089.89504323192,2.91844171078339
762.922761044385,-487.290790740185,3.09113414026027
3557.72294528384,-1873.39077143133,2.96179789210178
3543.52126876757,-452.243453455951,3.41432351998532
3290.59614594935,-1033.04869765366,3.07322933496809
575.551692946504,-1933.57055386462,3.07291861957106
2572.09131677227,-243.394123552098,3.16779352241966
1771.22894034498,-1887.79636109152,3.16504154077435
1652.68905118865,-965.081405749334,3.19267832741098
2431.38704922699,-1955.27662514129,2.88335316347417
3252.59144043627,-1293.61173458527,3.09573866870571
80.8044490494008,-403.687487445113,3.052064265133
1765.77512801626,-1495.07932010462,2.9463104773899
1826.52630775399,-191.622072432061,3.07638543180286
1836.13890864086,-1848.06433565772,3.1235670399715
3596.82434336408,-899.293487820943,3.11544231109036
4016.12286810436,-638.916532000537,2.88866130575031
1025.56940904281,-516.992256481245,3.07781075123494
2624.02928927238,-2213.29795492736,2.90199947885839
2604.4932197707,-222.862354020892,3.035456083258
1509.34236950963,-1773.61293852233,3.02536808330506
3040.53580484645,-1856.0636861832,3.03525804380699
1995.70721870584,-524.999397828395,3.13029058951278
2498.46918217662,-876.4060375289,3.09530951824815
3122.11406903473,-742.628880144322,3.10956688171862
1465.99344824778,-841.772325609704,3.16180789352689
1174.96907296229,-1379.63720333287,3.26609289949504
1482.0737678907,-1461.26748544986,3.05169966012913
262.874854334435,-407.991187283285,3.14077446788328
1705.15589373206,-668.912460346249,3.03449923475003
566.405672106193,-1476.85521736705,3.0652664406827
771.29025422647,-900.039350115239,3.12851848492375
107.27965323828,-1437.25927331714,3.22492183092773
2952.93293426837,-152.65770559398,3.16553200049182
1993.97951794498,-1870.64236334453,3.09328450840451
1901.4609962816,-234.509428971697,3.09253592033444
700.878479780924,-743.240798814233,3.14435998831498
2664.08660476815,-937.296190085702,3.1470502547654
3320.94395192249,-532.147265287718,3.21574424939386
1348.28669105466,-898.762791908758,3.0278963292436
2478.05834894661,-639.29512979847,3.1677184245399
2571.24210284386,-1624.02912176374,3.0767886437841
2366.0352424267,-1730.95926797849,3.10174423110498
1397.57008674295,-1607.34282483397,3.17839520318065
1276.57533655579,-327.94425547187,3.09148991907538
439.835066718745,-1574.09335570676,3.08410778262941
2267.07594735174,-1646.59899527903,3.25671775995329
2393.82280355165,-877.178517482579,3.11240083521427
3687.41944503905,-1730.6157613667,3.22106226730457
1426.39141102168,-2048.93119020765,2.9960675602232
3235.90704931505,-2018.79536913714,3.14595213865073
1223.33314324978,-1028.77409685959,3.11862666393753
2168.37132033821,-927.590606823727,3.2504355823711
653.237347986172,-1216.73426358997,3.13750103255129
2465.45141328874,-368.888133220777,3.1272332234192
1927.49915407826,-1559.23476874953,3.11039189491807
821.592782941397,-2004.75909966787,3.19092597319408
2675.54098815729,-1665.28182060011,3.20096517822435
2942.95634588142,-911.874844820029,3.23317103158445
2734.73891489545,-1710.17039978056,3.24552489270586
1926.8923129327,-1331.59987372395,3.12788294651116
2462.43419567117,-178.700809013137,3.11536236927596
2203.6362285043,-452.677660259295,3.03206662030184
4036.03187203736,-1759.89910037406,3.19487686386556
2497.57701623956,-853.034009730562,3.16137766000352
263.103655759776,-811.427684724789,3.18834211864464
2567.84321011563,-917.860671782729,3.19570088366079
2676.71416629199,-672.656838700881,3.14397121409381
250.000152705106,-1470.4397815316,3.32027295764743
3777.59915126967,-652.132264748088,3.09728183903498
1608.22348635827,-303.512423626186,3.24683096898014
1618.87474206921,-2139.70520907704,3.20088637104369
1605.85114718854,-2215.41965413926,3.03322884142383
1485.53643223306,-380.304075541801,3.15707605291857
1761.10502567221,-280.987205175108,3.17381855601242
865.737371710915,-1327.41357131488,3.18598753065645
1826.77510946847,-40.857498746656,3.03366567087296
1454.50761716813,-1235.67305668629,3.21558794921834
477.880306005344,-1839.1467578713,3.31988560683495
3666.20210227149,-2019.94104050047,3.09215272612895
397.916650576265,-1194.04770671026,3.22286387127396
3488.12874349135,-1343.61450463403,2.95932971520251
3789.65828736267,-488.505389043109,3.17178807803081
966.675897764927,-1432.28175915736,3.25506095846038
3370.07322380245,-297.149077679576,3.20349061325799
3754.99678483982,-1691.25552624843,3.18572376330059
3190.4798130359,-66.6919958393311,3.29134134515618
2252.33602350399,-786.919608038703,3.21366946366949
1400.30839174014,-714.193715297435,3.19563060664218
3656.15265384975,-177.766152068156,3.15047289066317
3570.77323425802,-1362.95879315982,3.18919305589584
1977.06881728666,-945.427066096481,3.43263886674264
3985.37783225243,-1135.99909906453,3.080920173075
3101.53557634186,-923.564601063092,3.1149241713412
983.314776307201,-994.758612194162,3.2350817718231
774.403537460101,-1338.24557313223,3.28751543064278
1277.80433183024,-1102.82840333395,3.15137152152531
3027.68931032632,-1542.27142865798,3.13388159830551
2567.21483309838,-505.391580324827,2.88610671484352
1857.76112851292,-1957.01453893486,3.05810051612093
2195.5175844963,-797.378786326372,3.10849869053882
673.733058718769,-46.0477892076034,3.17749212038506
3956.03437466647,-916.126440087278,3.05390867054297
3834.08443791029,-463.217770780835,3.21222025391372
2997.78789535733,-659.735195976538,3.17977410730757
4060.08826379671,-625.263274039599,3.04602418970761
1978.13750808905,-14.6738953556688,3.23713062856643
3662.92304792503,-309.206552380267,3.0661475106874
2786.43874152484,-208.364579827388,3.20627522848821
2767.86463077044,-1871.94728383603,3.23818167285491
3932.89721210244,-2000.7520702707,3.22951717943361
1342.10984819899,-2012.90612704518,3.34416419858814
1089.83750312152,-367.334378380312,3.3044283535797
344.328568823344,-594.839571036023,3.14090488831252
1913.27311722656,-1795.68092262579,3.20801942091107
932.960371126185,-771.926323788311,3.30305215844334
2747.8007488361,-1452.52964195978,3.20360392855072
2737.73129360865,-336.818843282193,3.11011433777787
2086.93196065076,-1576.44223851479,3.21951051847255
4044.32768113436,-642.396212944715,3.13178569932136
3717.07481718976,-1738.87194095018,3.1229708552237
2185.38926935648,-1670.9089684775,3.17312725930543
471.816438944623,-1403.19548266847,3.17658815045944
1089.47299774875,-2056.25116334037,3.16344656228347
3373.90524719693,-93.886598124613,3.3484661367199
3468.13179629186,-1346.33001836763,2.987395255394
3426.34321661537,-2176.01212543065,3.1780115936042
2744.34224678703,-597.1270464245,3.21585033969742
1699.64257928613,-1330.91540337737,3.21632408708451
3158.20054586773,-1935.09189558432,3.33017178315155
3385.92622400058,-468.926450734291,3.26404954419477
146.619596188802,-108.790852040818,2.9336096878831
2611.85300880757,-1980.30445288514,3.27921217857177
875.116030169641,-2087.32079144533,3.27601714057086
1166.57204120523,-896.79101887182,3.33432723109414
3480.2210340921,-895.151350282487,3.12227643765142
3194.61651044835,-828.450136224098,3.24643180979463
1098.86371851165,-1325.11879056365,3.21371752468954
3326.7347604089,-1835.6158553963,3.26905840690441
1961.37764058395,-49.7392294504889,3.1092836998951
2904.21221758194,-744.293177227653,3.16209598768312
311.965959026448,-1532.62700003757,3.15094482493938
1782.74051501655,-488.884630009893,3.28181199979025
1493.27810299065,-1789.8331713781,3.26158940447015
3947.15314454846,-849.191565116091,3.19479029212022
3808.24289528873,-9.35340458570885,3.2197856456131
3622.51028309843,-1563.9890159407,3.17455524435032
2441.21345786104,-2140.7983567566,3.24788005835118
2028.40233019557,-349.035546973036,3.23869836368036
3008.44512440451,-173.737535292398,3.32337896096018
321.269060677296,-98.6232549356152,3.30882464005592
544.972729808143,-1278.64940487434,3.35060970200124
997.480146611142,-1701.69462438188,3.25839266622992
2804.91248228671,-808.981929341089,3.23698409787074
2698.12718973058,-190.624379097707,3.33293433895805
866.63442369296,-291.722991305631,3.23683826428968
1456.3754619125,-1747.06528877577,3.29880205188262
3085.2322726757,-1859.4816464179,3.168462648417
3550.95904160575,-1158.50927082291,3.34286202497866
2532.27893401783,-183.528314142344,3.19639327443357
4051.66698812382,-1620.61467018621,3.23624100170476
827.207368187259,-1920.28955470987,3.33845418560979
2638.87129105845,-898.377999687994,3.2150587560296
1036.92837531641,-1498.88205767249,3.21175620738976
864.360290681931,-262.35712431847,3.24410811874274
3686.6190865396,-2007.95808357365,3.1691989081274
3971.84478820001,-619.707619332813,3.3169796754471
3027.28659625372,-1841.78478764751,3.23457557918467
2793.65489691481,-2118.37107730636,3.41334040450908
3220.80617835203,-1828.23135208401,3.32590298318778
1078.90101861886,-1290.2551740704,3.38012106944929
1880.52121693525,-36.9699915976079,3.3000995005213
2515.47564074083,0.518809898224809,3.25418690824806
1510.42979418213,-901.539555442384,3.31208568673731
300.235308355904,-1948.96787790055,3.26450467605212
2336.06854292275,-68.063228940873,3.26643918735991
892.516713321976,-1981.75905010548,3.20449664810125
3430.95093798799,-985.97777098398,3.1826464209692
2184.78956540683,-2047.3562007245,3.30273090228063
3697.90370968025,-1884.64107989217,3.28957026060867
1478.34984849184,-1969.11444612401,3.29465148333117
2497.29761312164,-1485.50637893695,3.20335493321341
1987.20770171969,-1513.93570528006,3.28780016125153
877.638669617754,-1148.92271470148,3.34793242400084
3556.28392493938,-1340.63626382407,3.32785805321388
1094.0099544799,-1512.08661167151,3.40052718709038
2926.85734283819,-308.897796313933,3.25032924748974
131.741424953156,-393.917871876517,3.32461628515529
2395.4458957805,-284.439229141597,3.43855541509883
2180.53182127052,-1422.14902661288,3.23858330192777
110.051965260715,-1502.98531706277,3.36929989091851
3791.00674726573,-1029.3428288421,3.15307987147458
3955.51949969462,-880.040108734623,3.30625370300194
3301.51717994426,-915.391693129503,3.47955220850154
2349.6865087157,-711.555289691525,3.32904186663797
2358.45866441591,-1862.31211250825,3.2513092419092
2144.20261276313,-627.826170583934,3.31977953390953
78.7195429992531,-490.250332002451,3.28945826491745
3575.19298334605,-1190.85625413174,3.23048049633628
1901.80153700609,-66.3037681172478,3.39549067862158
3616.95623965789,-1512.90852356317,3.20956550860707
2051.90896307274,-352.649099274185,3.19819895098023
1354.32844956572,-1320.74467529721,3.39831559370365
2325.6899034929,-1810.7795380312,3.38285572364692
434.28497231785,-1366.62914182697,3.55060216332248
1474.63201212456,-900.765438754683,3.29953321552905
1132.42944988689,-1227.45886291401,3.41328647878577
3163.85837520088,-1764.82332891156,3.38637461110454
3183.19249635817,-1869.03584979489,3.19862079588633
1044.45404707052,-711.1786225647,3.36794572746228
3191.78290626257,-1435.38805385643,3.36595063582937
2217.37437648701,-1685.27115353112,3.19061021394273
172.372482990802,-769.129685548441,3.30054912649034
2741.14835644686,-1642.27095839677,3.45718979961433
3259.66551988524,-67.9163867320685,3.33867628894609
1165.28076533469,-1143.84783557736,3.17907445226928
2927.54224403768,-745.443581819406,3.1702177253761
3243.20018582003,-798.98494553433,3.37335194163797
264.223332857417,-1355.05159990412,3.40365832260037
1779.35894445259,-2098.26372861308,3.23661279750939
2115.51834669903,-1138.11881855724,3.39143825523499
1987.85489742005,-1653.53318069686,3.29415246972522
3931.20724385338,-1449.09444932084,3.26828549627581
3910.26000460441,-1267.22149456298,3.39583949479566
1691.32073481451,-773.472804728253,3.43050468140929
3031.69814003477,-189.135478416487,3.28254838545338
2166.86868137332,-1104.80263138853,3.239131539897
2626.68636898367,-1616.84580484133,3.46459025463465
1988.29668116027,-2177.01506246623,3.29134838835775
433.785783608568,-1739.72816538084,3.38429285247022
746.40670498672,-1886.1881362824,3.26098949217238
1699.27192775782,-1476.1070767144,3.37040656269936
1152.17806130079,-1002.56282574325,3.39802475421464
1298.83425600994,-1046.77674333947,3.36608497626638
2426.10843496141,-650.900337887497,3.25540778037242
3411.87583152061,-1788.35782815221,3.43740719677147
2313.96095922855,-85.8706380915733,3.41207995418511
2085.93832572394,-250.133962312324,3.4205405924049
2640.38710565919,-676.124759666195,3.47531998894864
3379.21853098699,-1530.04707666204,3.38875024854438
2369.076331289,-1680.21050664941,3.30814946729214
2786.87051090364,-884.630292742479,3.50801408246462
2921.67835425484,-2214.06647275664,3.44373188172122
1826.64163620014,-2001.51332350755,3.3301605994351
1472.25151569119,-868.391251553291,3.19159339928779
1791.12069096207,-683.539457416245,3.42108778658317
485.459775087651,-613.032731691046,3.28511446746887
3488.56354513847,-1208.1809732077,3.38510962148264
1953.83360989029,-1442.80522356441,3.58375353327315
523.057738388642,-197.100327973415,3.2964676809091
3665.18295061838,-2127.92643987644,3.37341062155974
296.307470026836,-344.770757273567,3.35424803784942
3687.93825825524,-615.229616718826,3.35020629732217
3167.82787598782,-679.35481153295,3.46613737783805
3430.63887371585,-1200.92521653414,3.36866143294364
2214.95463970954,-597.372493359896,3.50090532973108
2128.10832509109,-230.546245947624,3.5791818363792
2676.80224424268,-102.493095523184,3.45388985523391
2181.4606390537,-3.71098105962883,3.46818528867894
3157.24148065103,-562.586058045576,3.48654984850832
176.802474090955,-45.7247513687858,3.51612302041455
3279.01631384712,-1547.93827503329,3.40888977444629
994.074901225443,-532.507617524524,3.48415840127907
3199.88428692545,-278.766531217779,3.51172349094684
937.772950701628,-2144.88750707226,3.54509376527377
2953.77821321072,-566.9865370611,3.56331298281408
1880.93390514462,-1340.81807291975,3.45952520109348
3577.35722780641,-543.488641461029,3.51578827030577
3634.52733609894,-1086.67320065799,3.45790248955955
3034.07836532361,-851.596880853678,3.60880304955413
1687.55502033789,-874.153271905494,3.48859840348292
328.206910951437,-680.698119710884,3.51594336541048
2821.92813679053,-2097.45518323429,3.55923117710319
3807.03157340204,-740.79879887565,3.50880270423195
2467.4780373701,-2015.07502346115,3.45010463464304
3725.30985902804,-612.583800524518,3.56588207945923
1811.94881946506,-516.560600672022,3.44936753640353
3095.95884214796,-1453.74493169671,3.42196378770905
149.584219020232,-165.723666818587,3.45114852150972
2788.57857607589,-828.449734046539,3.55661814803126
3086.40558144342,-38.4464977619493,3.59644445148162
2068.03867690722,-682.644158506797,3.50452604527318
666.853293577057,-1454.89071935869,3.54528817663241
2825.68839136059,-1099.88015816931,3.64817872917014
2349.5616466762,-118.363585281516,3.43064997054459
3633.18327708777,-2192.67947335624,3.63304107807981
3295.52088974831,-2133.39996597776,3.48227309445573
3181.62200966526,-100.151198407911,3.56352348519735
2383.22052907205,-163.198703417914,3.64808789865808
2284.09256920674,-564.99833715986,3.65823660251188
272.531429013824,-6.59991609339339,3.58023470342711
2346.92504341816,-1415.39854061506,3.58928007679987
3282.62011159639,-1760.84117614259,3.55514163096009
2566.44496307477,-2024.40734780841,3.59316923315857
2313.06387860554,-1963.05138151753,3.45199767953507
1253.89773717089,-1725.38192440079,3.53801251022827
1837.22167109173,-1358.89627639057,3.57626103043355
3845.0539102874,-1671.77545024758,3.66163057643855
3477.94782540684,-1030.14548551192,3.5307937128481
1873.43184171854,-1380.13311830856,3.61559637846542
3354.48923614393,-2201.1148694957,3.49064628503392
314.566162895748,-1336.25756625608,3.6394897950896
1945.00786751714,-607.855208141718,3.50747663203931
1488.76521221526,-170.788245786817,3.31879432697004
2997.57249335151,-1442.75778403149,3.68024006518752
4042.23457477242,-2055.23933408,3.58740017078742
1311.45392864233,-453.788554177408,3.5948091447872
1681.05969299087,-2162.28846273397,3.56512735553131
1535.89970522744,-2128.04415514405,3.73197535722515
190.139123537444,-885.057730758194,3.47247011169513
2474.75506613391,-2114.92253719489,3.76126123201485
1782.40578634148,-786.880395705614,3.68788817121264
1839.12442621428,-600.498276463765,3.58376691833131
522.552978761436,-1553.76974044743,3.70309318824623
2728.52815830255,-277.027069309939,3.56078629977075
2357.0199341101,-394.964250109449,3.57587476211177
1280.70651488502,-159.645028949036,3.74943519479724
2824.18276710895,-1198.81789647356,3.45156450043853
2136.03689850309,-1294.15029199495,3.83880886780832
559.996549560903,-1912.2264662885,3.62392843543004
2054.39936177869,-1821.17151589702,3.80305991590613
2837.53350634121,-1582.39777351273,3.68124414299882
2968.12355289005,-2080.75088961459,3.78826898282527
1185.70591270697,-5.17058826791489,3.58938203854642
2293.1007643266,-1091.01668195805,3.69650627888189
824.671536419162,-821.229104301094,3.71489629148641
2548.32020902593,-2155.63589589326,3.65942684537932
62.0820013422792,-1511.73702970141,3.55170048330558
3896.38367223282,-463.54204753921,3.80872266326917
2835.46584790866,-710.06471877919,3.6960612755089
3723.21122567285,-685.116052380593,3.73934477403639
1216.87320366076,-198.03733056868,3.69319215225552
101.941524649838,-1325.70481455906,3.82824379466669
996.511634367949,-1164.38552579673,3.60163423191078
2378.49004675999,-1352.7264523039,3.73897043436312
3252.3281716857,-1129.07765179175,3.81224954200926
3000.03312077833,-1672.37541996726,3.81223583912045
2283.27251628221,-296.521419048735,3.72913941305925
1005.01349951796,-896.86192555937,3.82029238126649
1510.09331971256,-1731.23783677499,3.8807547539009
3132.96948805661,-1993.96570630648,3.81263827716972
3734.08607577265,-298.56064039963,3.9402786958405
322.332249564193,-1729.1944346802,3.81572294431182
1868.5635608554,-1995.5241989328,3.9083614045591
549.655445298125,-844.068648848665,3.87914673134089
371.474773153092,6.28735648229033,4.03137942002195
569.256275548736,-163.766197511501,3.81537199486065
3061.4459474621,-761.495525029541,3.8044336939628
2702.90168470203,-2039.76994017704,3.89819175816313
166.610133115067,-307.282581369873,3.89071235651245
1360.70649204497,-1041.13323073626,3.73228442655892
1601.04643295154,-1327.70277628547,3.94263299366724
352.85507706701,-761.954536066121,3.76094264438968
3750.31786737786,-1027.58009723201,3.89985012297046
2875.63334336886,-10.2140547746782,3.90671872111807
518.033070064029,-118.227597369783,3.85010674140814
2422.63442604123,-1003.69035254,3.90236387983179
3344.14528027818,-1359.3489246942,3.729010232176
2808.31067786296,-382.598738880868,3.83252556458122
258.997825747341,-695.031763987155,3.97106314522411
3776.6756441667,-1515.8617090499,3.75818913815468
2455.02585632527,-315.595091812811,3.92349993265388
1091.86554444666,-236.747377446412,3.95428343511708
3015.65429353196,-294.26704026551,4.00903274255656
1952.11786860592,-220.851627611832,3.97627017419771
854.675672760047,-548.457640713807,3.90921484130315
959.259744510948,-272.178045478559,3.94585414328692
96.1436312973402,-1100.96287438722,3.90099935885608
747.543609430518,-1134.99233492424,4.03018969368153
3277.54319539139,-183.734829903874,4.09338532452131
2983.77963240981,-25.8097495221876,3.80414269616714
97.9088436017588,-321.990702031293,4.16840800363802
1147.99022029414,-2215.23721639468,3.98483879177118
3262.11186839829,-885.346381768436,3.90621715501847
2597.53423540789,-435.115019912,4.20248242538923
4003.50633336824,-1317.49705186007,4.04586981679293
992.342242245935,-1883.8712999087,4.03399410530714
2236.16257482756,-1978.9629916296,3.93343001581447
3311.27126105456,-1907.94900133573,3.97396518343636
1760.27388198267,-856.545335837243,4.04781325681913
2938.26986764153,-976.241615579806,4.06119993977249
1570.22609468014,-1083.10224445422,4.18024968188654
3316.9601289145,-252.416610816068,4.07970908023475
285.084808227912,-542.587298648563,4.24852737454414
3085.43027591247,-1945.90798011419,3.98180275883525
197.483484783902,-394.463634959605,4.32796314451997
828.621799593631,-1351.05451895649,4.21294254027693
3767.32294402649,-1438.34607828657,4.14864980126581
1251.88164848222,-1523.06163583625,4.31030039616933
2729.46658866821,-1968.68454492475,4.23157390691155
2443.77460250595,-234.749720913564,4.14692141047149
3455.02755652333,-23.6819056266577,4.23159435501332
1237.65449936346,-807.337655380185,4.27940215007395
2584.47897039052,-733.029466355915,4.30497099092324
407.084625018915,-101.736279997659,4.36890817472571
2341.98375161624,-1816.8053413431,4.42462659138666
142.492179048889,-1177.94192321434,4.37744200438474
2535.42930858372,-1937.05077253185,4.25325448554991
456.981750309593,-893.897206561038,4.28467655795668
2102.50944339532,-23.1681708860395,4.4117969710143
1263.26626141751,-2160.13808360797,4.34291141183062
3051.09427215505,-829.341188768454,4.29480932395654
2288.38938881742,-352.020969315928,4.4324132394805
1823.11458702398,-2155.60445611232,4.23026602415927
3448.69267017899,-1655.04093172158,4.51888862432792
2490.59279739486,-1320.64214062368,4.46707116667096
2340.16102947133,-669.843226269639,4.41584509787142
3334.43950597569,-682.87939990222,4.4574813529615
197.273334846697,-1261.36905099838,4.35742423397232
1728.37682298799,-1366.08829877639,4.54307912672904
3955.32004006466,-1397.49006178786,4.30769264963719
854.067469402268,-1104.13221385273,4.61208076887191
3044.29361550266,-2086.28923879236,4.39548782252479
2059.55786505788,-1399.30169209764,4.30935404143184
2921.97700287967,-2038.09547046587,4.47957795956698
3136.66194600963,-1089.18624597743,4.75492045763539
531.878604003118,-542.013856615508,4.9255218387609
2575.02033845166,-1611.20191513401,4.73540779143842
2983.40869507301,-2156.19831706388,4.58382922473613
2908.86257301504,-433.10630549539,4.88479820892131
3619.82498287504,-285.062546554319,4.76467135886163
1122.59869237239,-1437.43231685309,4.8032889818921
1555.45295941577,-667.468497643118,4.64742551297357
546.500990936318,-1207.29668103984,4.56530390215025
448.953175602435,-1287.90860468613,4.56859258271705
2180.67136023661,-1874.28363094214,4.85864596709068
2668.15565941252,-2101.41439264785,4.75723217146201
1359.72655530941,-639.502855940198,4.89475125370973
506.629582432544,-2080.79634106087,4.76561863119688
2963.5049494545,-1956.31344802471,5.02099855357438
1931.17689069486,-2189.14646882182,4.78975236969931
1126.09469981648,-1981.64645312479,5.09511591941929
3211.82549975053,-1260.56921892891,4.77572633717123
1685.20771294247,-488.532090105098,5.04361366064164
185.47150530754,-667.171171130277,5.24775308795421
2992.19362153192,-1182.71929941605,5.26192293245039
2890.46730449254,-231.818914896242,5.15833993674313
3449.75620175109,-1333.47465946543,5.47470744608576
3305.78349910246,-472.596716936932,5.09836001812576
1541.38369045668,-999.305740861178,5.20477978808586
750.950809760017,-329.617782457673,5.3865473774627
705.36077109981,-1660.48781106375,5.48230379626065
1409.47350284402,-1174.34417412415,5.46866795497623
603.033376272697,-1023.70121068019,5.67870177633265
3644.51130960797,-2105.84690191606,5.81631877206008
2625.65274900192,-1091.2988540336,6.1511025294669
3389.05525217658,-214.578009013997,2.90646154572038
3212.49126726637,-113.684238223087,2.46372082259409
2710.2477089963,-650.674237160557,3.03378339055782
500.493174929586,-1902.84806259511,3.11330187938013
2088.32985110218,-2164.09848588833,2.88780206033778
3555.59260811589,-87.6042629403081,2.85737638950999
442.208560985011,-746.532545160014,2.8623417049758
1660.25118861811,-444.291607618622,2.95196940690914
2348.06893506419,-2052.66315250022,2.85062285778843
2982.71131568732,-2035.05610211485,2.7662562598928
2671.51460198812,-925.270786937361,2.87445381967587
384.96579618426,-485.16178744035,2.9023166733653
2639.4508862194,-330.740628270967,2.99980101776541
1811.4299897878,-733.7441125892,2.89956040494311
1584.69431110369,-2064.17564948978,3.07633491308802
2641.9159361718,-362.348757284027,2.76500275379081
182.716899405836,-622.271877905304,3.00518432154005
1727.09754641413,-967.61826737847,2.97500726274616
3083.75795909851,-1085.2072260342,3.00747771308722
2456.0450462989,-156.305769826344,2.96075470280534
2177.36617055016,-1318.75123821952,3.07682448919064
3671.5317967547,-126.8484157689,3.0573318266263
2215.72627684889,-48.8649597288995,2.80235563631619
1704.36000199032,-841.567358775756,2.87667098963031
563.616920520835,-1492.84130894204,3.13902676457305
626.383335269085,-1419.13503498564,2.99772201584192
2687.18604503312,-27.9183170374899,3.2730824279612
3180.83020435453,-1609.84325186548,2.95433953181231
1215.34717568386,-1931.30728404561,2.87606867974093
3745.33935534675,-1729.43152010645,3.14628566895657
504.419215940292,-2158.12254861618,3.0080062733672
1433.71327368585,-1772.97396344015,3.13240932780854
914.394432818814,-199.19450579577,2.76737515092942
1137.91545560382,-296.254773349142,2.88927383694312
2268.4480446446,-494.707591004882,2.87211611655822
3259.79261761939,-364.575094072317,2.97989690895167
2379.8012663372,-303.343823222975,3.09042338210005
1500.2251075869,-1002.83555025388,2.89915654943771
577.402632419773,-215.296380058907,2.7635752340537
1616.94224212936,-1081.63556389665,2.91291501889878
1527.1119921033,-504.102134257932,2.87962481183429
409.362592187627,-1038.71506946304,3.00524169007384
859.066405525658,-424.015709799825,3.11039742829046
1795.05946549197,-205.809572652868,2.65776627418433
1427.30898382882,-80.5371706644315,3.05054391256521
1600.64121863156,-597.799917303236,2.94829409516552
3890.91034221534,-1304.90675041257,3.09328842530951
3433.35331231994,-253.440468403911,2.96937797366132
952.54543175836,-444.520530421802,2.88124467060635
3432.0041486764,-294.200940571178,2.99696931014587
2409.14776458259,-688.549112755977,2.94643980282518
2883.91555027739,-474.664505576675,3.12776262176282
817.254303852213,-580.151932489587,3.00793724261632
591.759027887034,-1506.31158570547,2.76221632381269
1458.8868383536,-1716.33985668821,3.01639496817715
3427.71548689903,-823.640430172572,2.88847290302298
1123.62025000694,-965.127161455997,3.10237042650359
4018.80988143409,-67.5328952567785,2.87139673154705
2315.85931538727,-992.78334350474,2.89277403810166
3538.46996152888,-368.675653228527,3.115813601752
1393.45069542539,-100.056913531484,2.65156410435771
3394.41210535212,-1964.73028282939,3.24764802521927
909.410876205787,-1527.96717670378,3.07081721310576
2014.29481993476,-464.444107234594,2.8160371860655
3179.52556051156,-296.672387169003,3.00059666381218
3511.02089712575,-523.443792824957,2.96546092780013
247.04977440297,-106.88911730832,2.9715411141584
1037.3001841225,-124.696135238931,3.09922907412812
348.065396699495,-523.39268007997,2.97824810605975
3094.92795541643,-1796.89215438138,2.94565339789629
3911.87179161441,-9.11998850568985,2.9168949593486
823.885421931356,-374.274050839776,2.90124897063616
3141.10455799755,-507.975922500935,2.89015201347314
3728.75329701787,-336.64078471434,3.3583631961655
1319.72962908672,-380.39182624885,3.18133590764308
429.996275837387,-1873.93640181021,2.891195368213
2272.9156986252,-707.510819742428,2.82439533485821
4005.96697477076,-100.670404995893,2.85070546825423
2077.96900320335,-353.630335494496,2.83125328598457
2109.25233091988,-277.706438825083,3.13322966655309
3532.08801851353,-879.171869964261,3.04824022640354
684.131081653401,-80.3478399571511,3.03853982512112
1150.09108402138,-1449.89615676317,3.03265297705539
2797.87600667155,-577.709025001737,2.83122159801277
3610.56643186902,-622.170304798999,2.92991587267902
1634.285499869,-2135.63243688184,2.90103563841999
3159.30670851799,-304.223407258896,2.76890262526483
672.799618985037,-448.172909013221,3.05201798709178
3359.49772398983,-533.10602120354,2.78897341381507
2161.79723912655,-566.212470330061,2.94128164490086
3043.06599901525,-1644.15387712536,2.72122405729453
2041.74523948581,-74.0718022045155,2.53549495483907
1285.23257120601,-2109.08479328271,2.82377066142092
2770.18135555609,-1940.48465707012,2.90462033474553
2744.43933842083,-1837.86205870972,2.88587120225888
3575.26619769382,-1894.63372134014,3.10996886584871
4065.2895510006,-397.318045902627,2.85622554926552
2591.11707833397,-24.4451708757049,3.19031536474471
490.678186432303,-1472.31526857279,2.96728486864823
2447.0006116576,-196.015107442667,2.67492904382152
1114.22503048142,-216.017961149943,3.27637767167366
2202.89163508189,-1653.6707070453,2.9456578511117
2032.76444356484,-271.236875409605,3.03678848788844
3123.4539387659,-441.272645034466,2.89904110223066
1918.15856998847,-415.89674818138,2.70168947931129
1452.55988144419,-115.890103528972,3.0880905405518
1313.20770046835,-1415.1647483774,2.92679743184308
3209.06441687131,-414.509124117261,2.77040878818403
2019.82294755492,-1692.44257068535,3.08635247893648
2334.94153393671,-2214.81568691051,3.20840241775121
3113.26760708474,-2201.1615514035,2.98864190894078
727.337187356134,-1023.91660283822,2.91053761480875
2976.10926929375,-330.355162599501,2.77864291099926
3532.38898054488,-1671.16399410596,2.95264548955886
987.655145016252,-41.8244036744355,2.95836910555511
347.72803990673,-1455.45925707818,2.79518608581279
1493.34571710451,-1217.558094286,3.14442106667677
3355.65349721232,-1882.82000985989,2.84887972112671
1128.09248639716,-59.0885897766275,3.03801204658239
1208.07711304079,-1081.52570649829,2.9379965261525
174.008439862613,-248.854816756248,2.90917153667628
1337.80800951477,-1651.71485025099,2.98175887577016
402.915923693567,-65.5539324655992,2.77252558295857
1545.66010859922,-239.757652065038,3.29380080243327
1206.5336514515,-93.5240682611486,3.1628300159317
2395.45215427323,-561.857720885556,2.95629549941754
838.726804950073,-191.438361975137,3.17630570304134
2488.7772244293,-361.929105309012,2.75774633914967
1573.6295106779,-199.601026449819,3.08798598265049
244.478571800921,-1728.17454537631,3.07041688700698
2025.35906327393,-2205.52124766722,3.01336440147388
580.126300999649,-944.247674774925,2.88678192100219
188.877861997472,-1643.66351292016,2.88255720421219
1307.41681742631,-2122.99736377671,3.05096156313122
1160.5289419212,-172.977781574903,2.64027805738004
1784.64878686499,-1922.95876049663,2.8584882791274
3272.35286401908,-477.865104155896,2.54928358890423
974.473196919383,-1551.18015832398,2.93719052979865
694.972292153042,-821.827774000695,2.85889893419364
1514.07349007472,-414.420587667369,3.35049339781009
2996.72319294352,-1743.12816588704,2.98719654695799
349.379657635536,-269.556319264012,2.92666803027734
2270.67193792856,-184.006773435512,3.12042025281775
2997.91911229063,-78.5336765779442,2.98389571303401
1413.51839479443,-224.499155312636,3.39716841649007
3438.62407939263,-851.013546634954,2.89466025017404
1181.04329680193,-507.620881573732,2.91432324082773
301.227076787216,-24.352021437087,3.02568867497691
1054.6833097058,-48.5947925889856,2.80857821228918
3305.21897344966,-463.252694453343,3.17989615891098
1860.15983745114,-17.0247024207065,2.96384351913043
3335.3329057321,-637.994636357772,3.20537476829521
339.432637512033,-1587.49510190774,2.80625011525905
2416.95676755415,-53.7241866838013,3.08163415862818
1119.54896648527,-2187.7511957035,2.99960875714574
1217.41778322367,-428.737672579565,2.9890907748701
3120.66740949047,-1703.44708680763,3.04617820496734
3336.02585427046,-879.066904502853,2.98281263903576
3098.54814712363,-2107.70571200226,3.03273065006872
955.140013124501,-2124.00278248394,3.1399332389513
3502.3612000379,-906.636497631945,2.95364464207071
547.2807373962,-2126.45409243518,2.92342980082957
2508.08131853992,-439.91354229454,2.87790889080414
3896.31281629902,-365.299138785847,3.17277491210105
3448.84258173224,-468.804839993964,2.85415435394554
3685.80217488473,-494.037609119033,3.15239260504215
3709.00328046728,-2008.83900080856,3.06368657128284
2965.02372555464,-1378.24681272719,3.10462187600672
1098.90917372884,-103.973808402016,3.38984054437409
2497.93869479003,-1935.27866760912,2.9149149452436
901.978399296276,-93.8598089259611,2.89658320313663
534.379153218332,-140.607374298124,3.22145665824762
2839.45740298327,-548.26736265175,3.00246716601561
2089.35199192823,-1956.4775254721,3.05266695418498
2605.10510183433,-1949.64696307497,3.05686827628551
165.674139547924,-1529.88725477331,3.02916739428634
625.217911512286,-1399.45615859722,3.1191286182736
363.034459271725,-127.854558611966,2.64771614067687
290.781189626262,-712.574279938141,3.04598895868679
1253.7954200215,-1497.22775778384,3.20241092333127
3045.87600677582,-1953.73001142922,3.06172856286368
1671.00052296638,-139.536268807246,2.9472034867483
1656.79900234685,-61.6627082624852,3.05935780260979
1108.65977528228,-1592.8209269423,3.06932088801846
880.108442106581,-105.148102303428,3.01004764262965
234.758400350768,-1791.38818915953,3.00494054309681
86.5685158966604,-57.7577778854127,2.75152244409776
3671.81366776899,-1437.4128858339,2.92840106141448
543.157087906522,-376.389150708646,2.93681963025865
2954.03871657255,-107.557331354096,2.90923931866179
612.36137711724,-431.12420848496,3.00483296793263
2827.96514070448,-9.92699208247901,3.01542242038502
1278.45045072039,-1944.38563869043,2.85419155760467
3871.19215133776,-289.452960017665,3.03592841009781
2163.8292105078,-1594.37252288913,2.99455279113297
70.8414803098446,-2103.49944982874,3.10983284586707
858.514598318879,-1520.55699978839,3.12271520194493
907.315494213223,-83.6401976990638,2.98183952690913
3178.49752655369,-460.778526464265,3.11483275099438
1698.90407973159,-102.071488000936,2.93545150734076
102.209788781511,-373.071148127365,2.72764318755239
1783.57673351593,-1132.11503091888,3.1510543437186
1973.37332092856,-452.4572593712,3.15374918964988
3269.68017845279,-379.433199395863,3.020494065942
1312.80999724692,-222.252275710383,3.19458925011585
734.561896657924,-1189.42588242895,2.97138691349432
1280.48252470803,-97.4024253489323,2.90444908894901
3286.48471923681,-865.11691499841,2.84049315582811
1217.47749993386,-1552.78687140034,3.02564575076329
364.325774167033,-883.728026822495,2.99904164675845
660.099505159635,-896.715966049409,2.95413565833879
584.125851783718,-1601.11857968837,2.946722131868
3713.09353139245,-1671.89203065771,3.02075036882073
2418.53672777242,-233.675491757418,3.10711925650667
2804.2628258347,-1961.52776701416,3.01613845172192
1713.82536464,-1913.93061434332,3.10806466777086
2318.03288992859,-156.08916093522,2.8849150204089
1273.99067348764,-201.952420386586,3.0226594192321
2180.68482539298,-220.404986997235,2.97523801318468
3187.21531307089,-665.131332842671,3.04880802871051
1930.48591397907,-108.046735722252,3.05081279008909
3714.04545126619,-256.385606782708,2.98823438066306
3753.59459183999,-162.724025225853,2.80395887044787
1580.38433487839,-256.292832324457,3.07518503842237
1028.84011493197,-1619.06739757813,3.01589095870372
1052.53739610836,-1580.72598294749,3.06560401456488
3694.98638095983,-23.1269716491674,3.22815078571072
2759.58768235407,-36.0646982631557,2.88825644472797
1385.85522509759,-143.650022205474,3.08872042768154
3107.39396777696,-1976.38505696876,3.01618443051558
1007.77248038195,-1023.49162748973,3.22741587451043
1925.37764472078,-476.00826141745,3.06692502207046
3341.96617266133,-1788.95852905455,3.29862399831008
398.408637365489,-237.429028068507,3.30106436651497
2239.92946660454,-1761.17055455618,3.04583206014316
2551.31638169183,-2139.29805027882,3.13785393045332
1416.2222143221,-1971.31559518992,3.12643700979488
512.19805250011,-1753.56189369163,3.2094884474037
350.655105099279,-276.612541905705,3.24373605377349
1797.54646866218,-1641.18612814245,3.2204068790067
1902.05891591348,-2180.51065218854,3.26481955035368
510.629096315206,-502.64090468997,3.18965478832295
657.429683266137,-428.537134897851,3.0332037175441
869.301472328767,-418.309068997292,3.15945297616208
1058.21418531454,-346.814573204726,3.16156478221722
1360.73697665853,-151.148440746075,3.05212387591504
2019.94048195496,-521.913086724281,3.18530344070538
477.743878905077,-146.861787657286,3.05726428438122
998.874167774883,-249.817366451571,3.21714351160331
1824.19530423568,-136.832745015553,3.14265996738441
1634.54061405905,-298.723059817214,3.09031245244415
1974.05518653612,-1409.00857858465,3.20382374707257
2610.44878317204,-316.919396686785,3.13956718422877
1639.76875866605,-1021.23842904589,3.39918760715565
3608.01355245558,-742.772600036848,3.21423331597999
3980.6655804868,-538.655180591585,3.23982363871132
3327.92913848017,-1712.65876958158,3.30430560135954
1313.43118755857,-1604.73401494546,3.30365965823191
1944.14289281988,-1493.76714217398,3.39020361468956
3625.5868145946,-933.879343701521,3.44012314716492
1987.47879350868,-553.844495635714,3.32422331306357
3560.80364169893,-1626.35178395217,3.56293404183819
2995.96353937189,-1650.26896573491,3.38508341552559
1182.76190924197,-1908.81052142577,3.30752760819044
2896.45163972038,-1354.8685295068,3.26960449241123
2602.63161631833,-162.396036743216,3.31343900839955
631.459679443582,-282.843859459742,3.43016782509385
2406.19518114535,-2209.90793903876,3.39922327957607
3687.55999271171,-520.369151461343,3.46078336955551
1940.90705865648,-765.555371825815,3.45142979639937
685.00873362034,-1880.37277010258,3.3603405006944
1828.7725632541,-275.630512105327,3.54062733957294
1691.80375105831,-184.909195368099,3.26071604568925
2794.89105544997,-1379.45096003423,3.37488038887023
2418.1838699249,-2207.52642780036,3.55696374212076
3349.3003671384,-1738.59566080789,3.60761660485576
2528.97925101741,-769.215631968655,3.40382345693251
2815.01405689073,-163.41993352461,3.50652112245036
1886.36871914669,-546.07809187492,3.51890915898968
813.626990183639,-327.98504064872,3.38733064157557
2325.68571453419,-1501.46435282344,3.60953805798721
1516.05695694969,-339.986346493169,3.52369719373256
1447.75368779154,-372.05685760946,3.81522032454862
2566.20136318797,-175.79306854899,3.42420689549416
2961.52005579314,-1470.2447871394,3.634943686806
1482.45252928736,-316.990959116485,3.67404946803896
1453.70212043641,-264.180952106474,3.57763624317369
308.610272845521,-2204.93394972695,3.76462041587425
1318.89892106865,-1517.33262750957,3.88744034157696
520.359298612428,-305.375426910213,3.84153444639884
1917.64578095591,-179.405497508407,3.66439602815115
1394.61717725361,-345.347626977348,3.82834297092546
1593.34850070319,-1693.86480897126,3.70970729103116
2036.18781589088,-215.182894049012,3.62784924376035
3007.12020605297,-1833.00356197014,3.89665361210733
447.822384036646,-352.980571225106,3.88261051434845
1940.83511298073,-495.165853003951,3.82887230381028
1317.11689416109,-186.129051279183,3.62692018175151
1091.34039571904,-2120.15318433266,3.85743104056219
3432.27876313491,-1832.81193903985,4.07824198491578
1163.43360690389,-1516.83916529295,4.09768460424048
364.874585271615,-206.431367014409,3.72356485854105
1532.03517877848,-57.0396326111806,3.88642323782745
438.075221296608,-160.590566267453,3.91645521660436
1031.10802783074,-69.3420958013223,3.71712959574997
1540.95018339066,-1688.25528479809,3.78539146944824
650.089672629673,-178.00781128294,3.72798627934846
2319.25979845883,-517.919885937944,4.04274380223898
944.126646539109,-32.451488575447,3.70343448925753
2388.6617955559,-1616.35666631911,4.05584064038223
979.345909706707,-63.6630308769965,3.92806498288834
3436.55169341847,-1587.95711949878,4.19555928697802
3887.30584772868,-205.727302726598,4.11714768575109
2751.57489028638,-414.662883673019,4.07991450288277
1873.36891221259,-1632.04950917665,4.12834224417046
621.75555116042,-593.77318793648,4.13694828858058
1313.02981510829,-122.443294528156,4.05774293337452
2964.15819129689,-1943.51645970073,4.24047668714294
3510.0311856434,-478.613757394183,4.37076065717739
1443.08207337967,-1441.86167834592,4.51517620225964
2771.25374228064,-258.322121388174,4.14375433726154
3971.35571856445,-422.411716103242,4.42147039522708
293.283359103588,-1860.09549695738,4.35355820192579
2234.28102270689,-533.914806863413,4.3959048092088
2293.18868834798,-438.660760207241,4.43292135730311
2597.16154289507,-571.407493177323,4.45414205049962
1097.39215029109,-702.801260750863,4.56219266839203
3421.11433372829,-559.723661442955,5.07585642746451
1511.67679215367,-522.334930212332,4.94048404575732
3657.48401855855,-1611.29784155685,5.35215919281165
1709.45889944788,-65.0999386176909,5.35776733330888
2864.89679952139,-459.030451337115,5.26050827086446
3224.47325701944,-283.661490756654,5.58084161525676
1836.54452342319,-1251.59668601472,3.00253565586932
3081.48676959105,-1048.06476685881,3.10291791449639
2805.29084719893,-1261.10201279434,3.06518397272391
487.105440244178,-1790.76665114072,3.1883545312913
1678.96448732015,-492.853838827505,2.85645708589821
698.030993698533,-1701.63842879503,3.22029032804913
3310.86864977273,-2165.70100002042,3.24607677174027
1313.96348605631,-641.260688464025,3.34725783762407
3352.72062987258,-727.542382062951,3.3771385329859
4010.42312925164,-74.1823938961353,3.4818046947434
3365.58750685009,-692.732359067759,3.57003222917665
2583.45360674199,-1675.02905074196,3.39748861248987
743.980447936054,-335.53437334031,3.39976136687847
695.874542832792,-2068.72564698789,3.65224610050924
2318.77275068111,-1555.88158733187,3.71682860204936
1641.08444382526,-2103.60865383217,3.65587018860631
1500.01352667583,-1524.42299630185,3.68349204360169
782.816062994931,-1941.62309377864,3.79128619836246
1665.33758231403,-732.805043285456,3.70896521321762
1680.57467506933,-2031.70199718855,3.76234906448568
1724.28462176187,-521.682706366723,3.79518382133615
1263.36041040527,-1422.44671983428,3.89980551925253
1681.68711970969,-1188.59986799057,3.96843555727111
522.202996298341,-2193.74967868109,3.86584661585554
3778.74519706583,-905.759222770268,3.91369047046611
3921.67765645596,-1183.82691979382,3.83980398334579
1646.89639734964,-2077.95172337645,3.90570362429268
1133.11852060359,-2158.10597343215,4.08951235087669
2278.58851802575,-2207.32812662613,4.09834614757205
398.708797832513,-96.1586450619845,4.28236339292839
2743.26567800179,-2080.99743140107,4.11448099463765
3821.55781465558,-1092.32033487186,4.36874837400272
3708.92977186334,-1549.92259352459,4.23034427044538
2605.32169965007,-1742.84182031959,4.58039086214538
3896.63278347915,-1026.88077997862,4.490791409372
1871.48436794696,-899.114865977531,4.38767277047782
3921.12047416422,-283.40522939063,4.64164888938123
109.401568415099,-527.199172996042,4.67841858839751
2111.60123392494,-1031.4311306329,4.86868910324387
2299.11117786468,-1722.90888156699,4.66107093704929
2058.6981433322,-900.47852855301,5.07617754062715
2320.57834877292,-879.440993346608,5.41531863785922
246.564598897201,-210.78697280739,2.67248963183957
3663.77380287331,-1534.30689211858,2.8520953501704
3042.87609019142,-1461.97588253842,2.91703923568143
3113.90201059298,-1358.59395771993,2.90369030836189
3952.04025474898,-1347.20311989055,2.9974594309241
3961.55900609776,-1446.71363780453,2.99699513104032
2907.24637730465,-913.751737137479,3.32050185763755
3698.04596597483,-61.8435414234009,2.6074849821278
2141.82368269046,-398.361418608052,3.13790148263312
1598.59625363053,-957.832485600425,2.99587593846952
1550.89259216768,-1482.90271834639,3.27004878500957
214.274160604482,-1949.67210632789,2.897491517299
3308.7222822734,-372.784713589564,2.83906991518958
3775.49365255192,-164.477392962006,3.28963240183931
618.037375115811,-1200.25988520465,3.11349473313848
2370.84716584414,-1160.82589602667,2.9249994558139
2645.11336369003,-1517.15397229845,3.03047226413713
3337.16780037513,-99.1062331433632,3.1587181739536
1593.66767408141,-1592.85738881582,2.76536979444804
3026.34366559435,-1265.29084126164,2.8968250849395
2035.16860552587,-1130.15400318723,3.24260989220094
3485.56522708138,-2173.91863588027,2.82057078930595
1705.14184218645,-1417.75951713715,3.11505879238269
1196.3625189975,-2126.20686119507,3.0176029721001
938.43138544907,-2099.45873441852,3.08921954814362
2524.28249519225,-875.332016161875,2.67810223616092
2928.43050981106,-319.541481208943,2.73984029099331
3878.63760168824,-1116.6855481123,2.79806942295784
3952.51956079985,-2095.56110354374,2.97035096662536
1490.16211604284,-818.503056328252,3.25006549145682
3511.13755740721,-1949.78836165918,2.57817113074029
1027.20311734783,-675.039152598436,3.02629691539464
3833.00404024685,-165.306103862569,2.74423675869981
1225.04276239714,-1609.31003723695,2.91052510906054
1762.41428016922,-1982.97032656562,3.22386725535374
2940.48003224218,-44.590738785954,2.7152290520942
838.213550173941,-802.41940137821,2.94247348109397
1170.72182010946,-1806.61354952087,2.88988388878389
893.853314581618,-703.547056126575,2.8439800959195
1661.19017346804,-1992.54332582207,3.03131377652678
1291.8186398392,-2032.55293001128,3.02218668300354
623.166962529633,-1786.62361785606,3.11815351773948
1813.754375443,-1053.47800002579,3.30768727522925
1622.34219555588,-1749.55692779736,2.97809949978902
1168.321545711,-316.061852077578,2.96392535669554
1123.61124470261,-1711.88179693011,3.00111064199646
1158.65939909396,-1618.15059381347,3.07300586795482
1492.33895164363,-504.585965796486,3.19648415922828
182.036064323112,-2144.59667704483,3.04817659029035
2801.91597033116,-42.4872481470373,2.93899067412812
3140.47735941891,-1773.58649052474,2.66652705384714
3107.44840206249,-1874.78879852875,2.63245107310591
3419.23021017663,-319.456980911614,3.37603653414614
3898.19816036105,-1800.09659825275,2.98514315934233
1172.51532939673,-75.2334727799316,3.15105548252148
2408.23930916982,-1531.91629565015,2.85117903571941
2932.26464387745,-1643.93275958646,2.80563902590973
3829.98222052392,-1378.4031275563,3.0940523474206
2265.57983378272,-1395.32844886818,3.31126006566099
630.239137241356,-1932.81092449599,3.07821913405717
2090.85671827256,-638.740156033747,3.06105905006025
3323.28291217863,-1188.45774253351,2.92448619791606
486.270646018922,-1040.07024290383,2.76987590401991
2854.63834071761,-257.378956785508,3.17026096333944
667.015868516582,-2202.37366028447,2.94070709412294
3308.85882573533,-1509.3100198047,3.17583234026923
1319.86199367898,-1449.03156501908,2.90760450609937
946.890612191155,-349.970252338109,2.9870382042118
440.435738509957,-356.365980618553,2.82899052065915
4012.55894333014,-892.911899070139,3.29693908795265
1147.69755496469,-1678.12901858684,3.162854862069
978.775270582987,-496.642360526532,3.28175450886938
3022.39777627362,-495.209104112415,3.07958696316588
2938.78148189987,-1065.87725618682,2.80145392041174
3826.02915241156,-247.126541518063,3.23707349001368
2874.65773075774,-2064.46089120582,3.11639089983172
4058.12565294628,-62.4533546850935,3.18510193740629
1866.42681124553,-346.395483209683,2.84511901553109
1910.98195289866,-1306.54990194264,3.11486213036785
1202.58283092132,-771.972212397681,3.05875617850779
3213.07848911042,-1890.57274000858,2.886067090709
1407.27227880147,-2201.23059981892,3.21341974039525
1764.94983812467,-1034.69395288747,3.14500808937383
1803.6795630834,-1945.18926210558,2.99322243991646
220.620479409368,-878.510936255748,3.32173167126251
1826.11074321455,-650.143096034905,3.25139414289558
782.177233125978,-592.651591993056,2.98051276809373
3475.46662489737,-1256.63543758714,2.90572312487488
3611.59378090454,-1249.52359364623,2.92472781731832
1800.64220122812,-1381.8231105646,3.14398597069622
1034.99147932711,-1904.34454085137,3.48427152325129
853.877517456688,-834.748827447861,3.106778040868
689.984486873905,-405.112760660918,3.25473072013707
662.844818674567,-1480.92269809845,3.02178790619796
2347.58098755245,-1957.58621336421,2.88977478355254
3995.78747181544,-731.441136803736,2.94863161221063
2922.68478284132,-1942.81884332166,2.72373650644304
1241.84195376351,-1087.054895068,3.17584460493909
592.045695490081,-1840.44200034964,2.99462740477223
441.44484309071,-1993.01691172421,2.96965052942171
3810.53675341928,-240.328877342586,3.06030261703464
1856.13241629016,-43.5774753424261,3.00400041039121
709.9845597756,-552.555976148379,3.10286382362516
905.07217784572,-752.95440472226,2.84651460148852
2228.11155429057,-550.41895068238,3.03070455928778
781.426183892581,-43.1324110188546,3.01914298232445
1833.50371536807,-58.3419183017283,3.23759379946418
1545.97459371396,-624.887586247776,3.22751504221408
2228.41840516336,-1243.49992826777,2.90090750304603
373.717064717183,-1069.7279418002,3.26245645081579
1567.92991829883,-1342.27869412717,3.15411197931052
1118.53242451414,-1813.95541250263,3.19389239274024
962.306489264116,-1209.49923032782,2.95822267956577
232.195367975506,-609.77478492849,2.67080497948126
1554.10971156186,-923.391169218769,2.79234241136886
2647.69440604414,-447.56333194358,2.78257640817542
1341.88966322991,-1603.20711688708,3.63138940764242
2505.63251964063,-1778.43680231556,2.99207932972413
3967.5891857223,-285.287202674353,3.3437922662561
751.86392296777,-977.019781928515,3.03877800403215
2107.35808534375,-809.642832885895,2.98559410724148
437.016422262579,-670.257562229361,3.08094512296879
1686.94499144978,-217.232606846788,3.0288717352686
1439.66148898078,-1868.64778660041,3.31382368882686
1388.53551845199,-1417.14727590629,3.41499341803717
2317.88484749784,-1551.49944392907,3.12291589268224
3092.11062966122,-478.164665833269,3.05223098449563
2730.24401037227,-802.074274015356,3.01755914647727
2974.24210534088,-1400.02481716506,2.82712291440991
1471.48934928694,-1368.98184819504,3.14625190771814
1557.75801361461,-1224.08549199133,2.98054653126365
1747.96002982755,-51.3496892366668,3.24818517643081
4012.21420193574,-123.924523942315,2.95840740369962
3527.98033771854,-269.791284211661,2.99561603448776
3498.46360491634,-950.244575627132,2.96804495026071
1238.90146067443,-257.273492679497,2.98968670837488
2070.76247098294,-768.302706074559,3.05444172570171
1879.70422881535,-1048.69512518745,3.12534489859754
3247.16093744005,-1784.3802657229,2.9576746526537
227.915236221782,-822.255507683833,3.37090381170272
712.244559848961,-388.76010568995,2.81546518110309
3152.89025004771,-824.533573798016,3.09467536352489
3694.31834115523,-2080.98639913585,2.97821780544703
1027.67747302386,-2050.29232850681,3.4413134921079
3387.28336722462,-1098.38779433174,2.93497892450254
2222.65651079235,-978.7122752931,3.08919449403275
1394.70613529855,-2164.0683794145,3.14327910397674
541.484914606661,-1354.77763601112,2.98869140522684
3717.50294258556,-469.98992314606,3.22346633373611
1559.91466305304,-1282.3982775191,2.98721023935895
1891.8663676798,-1794.34834718851,2.96230711331786
1217.09449264907,-1315.8626794677,3.19715163738548
187.115419674998,-2105.68960850122,3.83312661206944
2919.56106373526,-1469.36930321537,3.10337969982025
2634.81619685518,-301.205748719824,2.97665724405993
2977.12191771262,-478.718776717713,3.25211962490196
397.271793524251,-1647.45744038019,2.93689900705911
750.570546012176,-1839.14597402606,3.02557671707828
2423.09965700733,-344.926076990954,3.05459642118451
3695.94385808106,-590.431461834697,2.81050712595685
505.049117093142,-1415.93943341689,3.52369010538273
1250.86360608531,-92.148295748358,3.26239498403695
3092.94424239505,-1250.55248577595,3.08000933622439
4056.07580981416,-1376.85987573753,3.00709155426599
3182.39827127359,-1651.84405165323,3.48330566742266
3966.60864384687,-1129.06923874984,3.28043613199377
463.181163123445,-717.531254805303,3.05401522413602
215.786745924526,-23.1128896432167,3.10613652507665
2100.61379302904,-119.999373012121,3.40934357861544
3070.80046549357,-1765.04803680831,2.91288371833709
1308.40016079154,-1303.20618558533,3.35884846392568
3981.82802373675,-960.00405074608,3.14983634173164
1581.88857514069,-930.676875710545,3.02528232877224
2581.3891367905,-335.949339427549,3.2497866147752
3124.0654592407,-218.899351434718,3.34099552200825
1112.15984283086,-1577.35363933537,3.01989132344918
584.66922086006,-1739.28854689856,2.87522664795235
2783.57995752153,-1544.82372633176,3.20754526307612
3633.74001210183,-1964.50542205832,3.0629746080355
937.042423126657,-1774.28260941065,3.38833574002885
4002.24230464758,-258.289497739907,3.25591488674143
3933.94080655468,-1681.75230887951,3.0958080402249
364.865864185182,-1309.37756705464,3.14200849015145
3233.98007979605,-141.71055064968,3.16698653122655
3852.04667437508,-1603.12863161756,3.14873543493732
2062.75322399841,-582.120796229161,3.41219249355333
1083.73154254591,-820.946001390306,2.91143435908686
2152.80488709809,-1077.54385366672,3.15558397234346
1378.59082660221,-1227.32389796781,3.09038554638249
1403.70785752501,-492.252765730473,3.31066389541365
3142.60945409294,-1547.59451733516,2.89867803468761
808.372518124391,-2142.08845910843,3.34932623928173
2071.39174005536,-195.711428468737,2.9977543264396
1984.00994346662,-757.690076737213,2.84512218682895
3245.0117916854,-1876.98788100128,3.16222125887215
1388.79257697682,-743.261592477456,3.42834527737098
1315.44939422699,-1323.28684677318,3.20477716903948
1528.7425246968,-878.852333195557,2.96756449217482
1688.2300578101,-584.835915021267,2.7675859710522
2013.35553165885,-2122.93516129197,2.79937737695036
2940.88240864806,-511.01339397909,3.10836194425629
2846.54383261284,-1182.34451719122,3.21530842467572
2504.2940405631,-1542.47939396127,3.18096551063128
365.019722573617,-33.1346828849138,3.05780590743197
442.069365799174,-1102.17012119515,3.2239999781114
3367.45355815502,-702.546836379931,3.16332334343035
2336.04496944945,-829.527413416626,3.18390598460767
1632.7559410311,-786.506697314945,3.39647463560331
1461.85389560375,-696.04268687312,3.18677526194674
2955.10744950084,-492.487999225903,3.31115348613173
3352.64313151658,-1179.83789102331,3.03923196577079
1145.08501614727,-151.096697191313,3.60295131693879
1792.25868864145,-456.835381193869,3.15515579892149
2645.47548878084,-783.9310061299,3.20314128670099
1895.90532712896,-27.7096535884597,3.1915083543654
2244.09346019402,-1533.08213016319,3.19531294398335
3649.28118520909,-1872.47100970536,3.01816672113517
1025.0254443385,-2120.29281087622,3.14983826327923
946.243517496051,-1657.62990665462,2.92382802912623
87.135219733179,-1366.35310349604,3.01054273382283
371.28830185865,-1528.10469775115,3.39576612123805
959.377970330969,-154.739310295907,3.27795050500535
1917.36402802179,-1140.25340558291,3.15141644743084
492.660912390275,-677.01396190455,3.26154668893428
2073.65946950505,-529.806356506626,3.4275027088074
1974.18697840913,-518.055608019818,3.38130104373832
3223.41105819519,-1370.18565592541,3.12296658901637
3603.06745202572,-396.598395632439,3.54545121335808
2017.04203800554,-1500.00696789236,3.20742101153783
898.601981426696,-232.082701089533,3.35384366104272
3240.85257520205,-1897.00897156147,3.33425190238442
2743.92229887925,-1740.25928572116,3.26479380432874
958.679703644449,-1903.43740888168,3.37141045204725
879.403577193505,-147.190730588989,3.39057312227757
2964.61950819343,-401.316160117692,3.17371487144648
3105.1444964387,-2149.34429805814,3.25398453980708
3448.62026244504,-1756.58501884245,3.07201604632398
953.525299612499,-1231.77324363652,3.2285165893032
1736.58418215768,-953.902437161627,3.48027640578895
990.152125519405,-1834.58199794571,3.31051447875755
653.126114077988,-396.137316570717,3.36942132883594
1378.46761499683,-1960.88558485946,3.17004475445161
2732.99396104718,-1572.92389358835,3.38728753164153
3613.25150187827,-1713.99338364651,3.41182617582885
1586.99636946405,-1146.99069349464,3.40818668258776
2702.09796299711,-478.794090811684,3.44245833910351
3889.26813793019,-527.721625056405,3.52767424237824
3471.72526931501,-1383.17371115722,3.63345937280948
455.741477428014,-271.322125695475,3.13875929014311
3054.550524905,-56.7101786102797,3.40659755768265
2031.74189376652,-886.749635101349,3.23522500060455
1046.66443687864,-448.180880646854,3.4063107098735
2146.66145528094,-661.720681323693,3.23792239299516
1924.40915469204,-2155.83630172053,3.46013615079341
2695.72264928553,-273.965261465373,3.29805273074323
3201.57598589473,-1514.83199602301,3.59685288065685
642.906390244427,-1913.5208624203,3.45057659788845
1634.57461519353,-267.080765718909,3.43062811913359
3261.4094056268,-140.269758935971,3.06566957156663
3318.63221718379,-1611.73661607267,3.38843639314737
3839.00806441283,-1647.79952354376,3.43367282159012
3494.62008861256,-1834.42264813948,2.97228585449325
3750.02997645567,-1080.62465625615,3.3416560996022
2427.66234912155,-578.989865193826,3.5287271829989
2016.21011996419,-2045.78277753598,3.45475860481119
1126.42967904382,-548.746898291573,3.67308571008675
838.475373931435,-1020.69051928715,3.44910967529934
370.952748809668,-280.127846336826,3.56016208573053
1887.29483521834,-1252.13609985644,3.59734187172841
3943.1546858639,-993.97100886133,3.39735375779161
2700.64259180182,-690.358879666915,3.39058558472514
1265.23466138445,-867.081427187171,3.44367953024008
2789.47036877675,-522.640951644154,3.28490240233393
3615.61491843912,-1776.62096407039,3.81497629062836
1936.87830779574,-1393.50703390507,3.11091046575338
1201.0160797258,-1166.18528174309,3.52049039806726
3653.04509309064,-1663.93659828024,3.48095595909498
312.739965147331,-1976.58895376004,3.52515260229941
3600.60078514598,-1413.81924212724,3.46322021757602
4044.1108069759,-1052.0139821461,3.6554596523914
3479.71257844577,-1462.70446879492,3.55976010143036
524.493985145558,-410.74441740001,3.6260158532398
2010.1801564116,-963.510262000725,3.3880047759197
3326.97111553811,-770.833838154013,3.40372497565093
235.667057266369,-533.680084505114,3.46914098193481
1437.85220869282,-1262.84880355964,3.71787323332272
2622.88807701986,-58.7451212644643,3.71268055550887
3127.28667937716,-1401.57163535957,3.50546049942486
2906.07187291982,-1783.17364567453,3.59897715766723
1050.30616226879,-1681.84808460829,3.59732118279234
3180.96633115547,-1384.47947679099,3.64997499751534
598.821551688092,-71.3398892710249,3.45074107956618
411.270264391934,-574.618382806919,3.37941377359671
1848.00345309106,-746.154335398829,3.85178024190304
3757.54395449449,-403.193403196458,3.54084481147802
3687.32176651091,-1323.66008372157,3.32616442626596
1388.90947389285,-1152.87420779833,3.49644137594485
320.25233122067,-634.88754901001,3.5737804845454
3853.23634640179,-1428.62394842265,3.43434393796364
3249.06302742005,-1963.08406820422,3.47598055561457
1402.26536488021,-178.436017338995,3.73574230934668
2279.35411362834,-725.98598877313,3.50486508352438
3707.27987586013,-1976.50850390198,3.59292468684224
3613.95864976554,-1189.33944415399,3.32818017642802
2190.204507382,-595.137991879245,3.60467751354934
1017.4973560875,-2204.50459473748,3.96603851844086
2747.88222083822,-636.092500810715,3.45291873602626
2225.27324349918,-1806.14053763719,3.50531533681489
3055.29294588947,-271.191177835762,2.75961892967163
2959.46899215566,-884.884893074153,3.83977712930814
3750.23751269528,-1789.90363288781,3.43407275643519
2969.47048176098,-923.733728371092,3.86857886703592
2739.70979890106,-2072.11218694187,3.83468468941823
3758.48952979437,-1335.58284336319,3.63661390557661
2274.41450870475,-888.874951717671,4.00461953183519
1959.14382161835,-1997.58557829186,3.48862304774215
2233.73540433522,-195.88358686182,3.97391902793868
992.879794799893,-2171.74456044188,3.35758673042396
1561.18906576178,-321.065017960961,3.49144094843296
3292.88002817415,-1694.85601536576,3.83452454841496
2853.99315792127,-908.768125462761,3.76467216318459
2602.30991269883,-1870.4915560734,3.21191667877461
3021.20029256131,-999.168309826558,3.8116918059753
3841.05957300645,-969.423108126194,3.5428969399181
2502.37398844137,-308.542160688442,3.93999788238137
3329.40574884694,-1788.0891185151,3.6438802392615
2028.71765680805,-1564.78115672421,3.56680867623019
3898.46725871251,-1466.31982284527,3.96515798362327
2925.47035168876,-885.366922463894,3.55633034699997
2058.38944555468,-2099.29119038347,3.70794060013918
2004.30809275376,-648.004936138983,4.03637194738229
2247.63277907416,-1200.0782905312,3.7234376468794
170.668596928252,-1062.13885799702,3.72432438495547
1779.90605608849,-237.940030765242,3.64819304237649
2299.4887457987,-2055.65972529452,3.60258341771191
2392.48654392272,-373.988996971624,3.83760220673969
340.226306519713,-949.631753884606,4.26786059216114
1757.88444729681,-392.185440655827,3.74864023031287
1005.30793148623,-420.850791845427,3.50357757092873
1799.5081306212,-1310.13083503027,3.65513443086957
2395.54704446986,-1424.35946190082,3.90110083092651
1538.95208364744,-975.677184032776,3.75579973644602
1631.39957940584,-1202.45919904528,3.8840231237157
3060.84378709816,-1359.85483494508,3.53928688652159
3131.45137002091,-1292.12892219865,3.80742536012731
1169.62688172818,-742.108725029078,3.72756405258876
2440.16664035481,-431.374207865987,3.9072984250562
3909.66073509005,-2191.16580917491,3.58904067647033
1654.02650056558,-1651.22952147841,3.87891261148991
2099.90857933474,-2098.30454343697,3.83930881897517
3231.8930147609,-193.467292625765,3.83298099503473
373.498613780883,-2059.20905431481,3.29479581706184
170.445401326037,-1996.96627013795,3.80587319885159
3125.31123284855,-2090.20824587121,3.67608103254314
1929.22379311821,-720.750941760094,3.67461823984573
2103.93545211224,-1762.66372155347,3.64523855109296
1361.16721405621,-215.956111281625,3.77866845229453
882.387294444821,-874.552531923418,4.06751678390007
1767.44254842453,-351.60139332221,3.69800333152045
1989.36253872242,-1817.50033047203,3.82746918940358
2200.97453878571,-1307.67127209311,4.12269822278974
1495.34530646452,-1512.51912444019,3.91822023935912
1818.65202386137,-1678.56708833332,3.82802544771992
2148.78499015121,-1469.1876952544,3.85478495311055
629.503080364056,-735.646160170502,3.73640426541087
2984.0948074235,-1872.33570348039,3.60803661840966
2024.44074933547,-681.415026080562,3.91774402860185
1189.53725526601,-917.318044851143,4.03957276661962
219.020048801921,-136.185538982746,3.84602896398778
975.502981147757,-673.298248353385,4.11809511515861
3980.44445731964,-1814.65324961162,3.82370486663549
1736.39666728111,-1678.59170738274,4.05715589423264
2902.46693484671,-2118.57604129999,4.15989180801834
3308.86569593465,-1011.74311479698,3.99754728455836
277.533888679556,-229.51218540651,3.97729422670088
1926.58603972385,-347.690644801376,3.86518933340302
2158.12082104702,-912.086451725838,4.01935424276405
2491.87117895704,-467.162060051268,3.9328194788263
814.060689041345,-921.587016108204,3.9076552991264
1844.93641834169,-1884.69511315465,4.23676699973539
4005.1673217192,-822.15726269894,4.10576039790875
2611.10519593559,-1810.55302701665,3.91606255944255
2196.36867668549,-1351.89992947607,4.1980445362624
825.871307146861,-1784.47950414828,4.11067122540996
735.235429945212,-1911.63531033523,4.21921913059283
3631.01115043206,-1364.52342863371,4.02178488719126
1328.77348733049,-2012.27526920523,4.32835074230442
350.43248739271,-1425.23078252323,4.34876369022729
2009.34876830169,-431.269310541939,4.19972335308489
971.006105586414,-360.736650222105,4.15997983778877
2275.6996830687,-1720.84177523408,4.38070767436242
1049.27434762922,-181.235000001347,4.2929557052094
2096.87922910591,-1914.40299147997,4.28287112821654
3523.32738472555,-559.440852421575,4.76435518694133
257.805477585871,-1011.01038062599,4.27111122999726
2279.3574933049,-1365.05232363925,4.40187647806182
3701.5973899339,-1185.65400610856,4.41416549307814
1744.78805057459,-1226.00439911802,4.41243552191553
2559.78963057037,-2108.40804573748,4.74119487967296
281.518451714014,-1186.75548715384,4.21364077962309
1246.26542893242,-426.043242044407,4.78091500924241
3683.62230165635,-968.472108004278,4.58169787516606
696.292561399514,-670.307213397662,4.64240157871926
922.34190605565,-2000.82953052474,5.01409210903989
1324.80390337675,-1713.95656815907,4.65798119797157
260.153282873109,-1327.92269932248,4.7434616680602
470.402281931754,-1950.27659288811,4.99289500108882
2311.38316597877,-869.85077746904,4.81181504949293
2902.3411370648,-1432.80057048566,4.39620361469714
2943.10265810594,-1606.94179219746,5.0491055859187
1176.31176074867,-1819.29417390156,4.87735813643318
1674.60108917443,-1506.70773949262,4.85554272347404
664.398094975169,-1450.05993647966,5.17671983733289
2026.59621979333,-875.97355973214,5.37221489414051
1694.48654621817,-100.573352577258,5.58284808606376
3320.59182115997,-559.275803456425,5.60161445988693
1726.8487774314,-1098.55268146241,2.82988941318067
1112.66308262769,-977.939945113652,2.95552362811291
2547.55872564032,-1869.60321860882,3.0022606647681
1020.82155729923,-1549.27675135883,3.08794287927504
530.162674730617,-1319.68309974266,3.01598230188236
1455.06156293717,-608.451195499504,2.90754814662941
858.658063086193,-1128.89674948452,2.91605246003636
2963.80173555076,-689.399748364337,2.92519971325807
1590.04182245558,-588.766638274577,3.2434535545753
2292.10864169347,-563.424684326357,2.98784431649199
2142.67088412988,-1093.59700527244,3.03410325249611
1254.57758695738,-568.35664807613,3.10958179493921
570.160109976352,-380.358370803861,3.23839354844885
113.825290049211,-332.592259238351,3.11822465946307
1761.24582788099,-554.814184082737,3.06773473400496
2356.17320664976,-1726.18133346386,2.98666154701135
1652.18487208078,-599.813042512836,3.5008678437451
112.246282817385,-58.9909004771161,3.33360378585662
121.541470880812,-455.749622447582,3.06247585090305
199.038987298235,-546.193920254899,3.64231433939629
359.878333786449,-480.440032462673,3.48274830338811
835.090073482848,-1236.73280982098,3.45250648264575
832.651309211574,-963.440088404313,3.43392558086569
3202.74903509195,-1891.1745840572,3.70071314128025
936.349210927449,-820.3372771126,3.92273057953385
1486.17631919394,-875.38627398536,3.85814057779464
2131.10312165571,-501.866908167331,4.42540533340155
2202.28074782998,-396.928625527433,4.47796170653391
1879.77410835158,-1707.20821943048,3.01488337933237
897.657537039676,-726.591717026896,3.04290426011656
773.668061359708,-2102.93905358321,2.89722732994808
1850.06921867753,-1091.19298964557,2.9385482097342
850.525789489063,-1878.78094366318,2.94925737701416
575.166556061104,-640.850346026637,2.92647067583849
2650.93359716729,-1801.62014283527,3.02499546681056
1491.58943844935,-1180.34173447369,3.14217679330937
2100.919852893,-2214.33972182872,3.43071352033377
3645.08567274605,-958.277318629459,3.04806580241845
2862.44484808283,-1898.68782445037,3.44051547505015
186.554536039016,-1480.11056368901,3.29917238849543
346.10684560882,-2184.96219770959,2.92271424679614
567.363491868664,-1809.57566856022,3.16989210313847
3654.90080147377,-1774.20147689501,2.93727619024343
3686.7949362881,-1177.61316167823,3.25626800225979
1228.53136979576,-358.123171066512,3.0224752055984
3373.3464022446,-525.04342505602,3.25525969608753
3342.09925079853,-745.331881595527,3.58148751659431
986.222558741727,-418.420494576173,3.17038849728096
3246.58617649817,-2000.42384956103,3.34638686575513
2772.32214701682,-272.731413552151,3.51664051010962
2477.93254501154,-1714.90952060407,3.71155013289289
1054.56758940246,-1270.32759916667,3.49664283223059
2557.4140751631,-507.315305882897,3.63002146023734
3343.68642671624,-1788.98965590597,3.68852095444383
2093.35589803907,-1749.90185888252,3.58370274015337
2081.36621416782,-2015.82580227334,3.53817400081436
1977.68655302636,-2068.71774340561,4.04025092871494
3261.92100883254,-85.6232950580734,3.76640191341802
3826.15608148178,-188.45842784216,3.94062755266168
3820.21130967611,-1087.74207463559,3.91941630583053
1557.390014972,-2115.43183177165,4.45729561274589
1662.90240557593,-353.346436012354,4.18331159439701
1714.38118118584,-2170.12343565547,4.8860018529809
917.847817538316,-2015.95648720039,4.92028059325925
907.139395692243,-745.781120399044,3.11838932122948
3626.12370180201,-1869.46577692503,3.4922459292907
781.721510179648,-184.082406372208,3.27305867743026
612.787240978018,-1143.89004598623,2.84970939423707
536.059920069329,-1354.30139728944,3.45189954843021
2795.56593151078,-970.626771545413,3.04186020358368
1390.50820281739,-736.300056844393,3.21862125531335
3332.234680588,-743.930416471174,2.99848958579613
4048.45053316986,-1371.85670141137,3.20111848153739
3633.24786041941,-977.35075330092,2.64797841859459
639.268083920426,-666.452179766128,3.29896338777217
2035.60073805806,-2105.1933860368,3.02737231172862
2031.79616568008,-214.536911078203,3.40138105999438
418.813724895271,-566.235551859963,4.02656109321543
812.78534813298,-782.211129293302,3.96326737468048
2864.00842320549,-2152.20952014253,3.81560016490497
848.848398297325,-1068.66511205958,4.66598559187655
3448.51187599559,-1327.54293381232,4.87667048308499
1134.11200731591,-525.211206502529,3.35050792669286
3069.19958115885,-583.99389822259,2.76009635533188
3276.08884750686,-943.094029396407,2.94799016548736
799.466662491558,-1209.36351168886,2.93795690788736
77.3856863129866,-1458.07616610494,3.04359753714269
2214.4619471672,-47.4616830018454,2.79588971790915
79.9910609584413,-60.1138493918705,2.929497661643
1502.71302215931,-1902.49967689759,2.98526620426514
226.10451069717,-399.784483875074,2.89261934792281
878.963341011993,-1857.46521754375,2.90643879553001
3663.09748626885,-1269.39725655947,3.16801745883621
3101.1672928864,-774.899326007774,2.98286213836227
750.069045115951,-1243.71759467107,2.96342690674442
1427.42037718379,-999.085608951686,2.77962012913932
530.526822655588,-1396.01343881959,2.92664682899116
577.301070973116,-1317.50672413118,2.70152030553085
1886.13174953231,-1579.53553915119,2.90967145402517
3834.09629401775,-2127.2761063058,3.05898479648425
742.300440519475,-1458.87340331871,2.78559683777776
389.249048415952,-1373.71854606317,3.19899817969556
2316.22194318433,-468.33770381746,3.24003878675588
3389.28074988204,-1963.76461945939,2.77389368800902
898.070985993153,-745.829383306953,2.9672174748431
742.66033243238,-841.911316188225,2.94353626693404
1738.32827614583,-1833.59229229107,3.16211076698482
1883.05716137131,-808.069577635316,2.97457311166361
3873.04553113163,-78.5239834338384,2.96684224398995
2664.01631836586,-1719.7828686497,2.9840582689382
3102.13860025029,-258.066370238349,3.42241749713224
1215.44333533651,-1055.8415473338,3.23584031949382
731.562240909229,-1950.56524886838,2.87309354222933
3707.55146966363,-752.530030850709,2.83462649664656
1751.95102200614,-197.742893504139,3.15570530238504
1128.46066726901,-1155.1685998016,2.86838645446818
4007.36304530615,-1094.21696586834,3.01258553262878
2437.4656732055,-834.520365330831,3.17225811728277
1120.47071184572,-358.704384353027,2.91240543567196
1484.67638876805,-2192.2691496983,3.15044162523871
2982.44290252593,-1989.59607413645,3.04123404533076
516.086837920033,-1331.50059109873,3.10281157659388
1858.28702887879,-1241.2393194725,2.71250420143586
832.259544988583,-1762.39507766175,3.18389998671169
2343.22487318081,-1314.43595789113,3.08483891463881
1814.77587198887,-1709.45000152147,2.97368135214091
3556.63333922609,-695.166322778449,3.00232064511903
1884.2367133911,-1480.43161663814,3.10799316242061
3342.05055700873,-2049.55022544165,3.0154965679306
2016.09889896001,-1861.42128439088,2.79297138778619
1890.17185240054,-961.099602177666,2.66870140872515
1960.58520599055,-969.108286570441,3.30727186306321
1668.57182257247,-144.482083952488,2.8157782917434
2991.69860725379,-1673.28034653434,2.62222359168036
238.822351957877,-2220.47656755642,2.84663933416414
82.8955548476715,-1035.30388833174,3.18773824517589
1826.69434713643,-74.8913934724273,3.03932741562957
2585.57450774435,-2102.4208131135,3.11062530119174
1738.89576024491,-463.008059439143,3.03604196709087
3845.63365628407,-909.884204051081,3.15130074928452
3501.9177674525,-1789.21511548515,3.31715435807652
2280.5644642465,-1652.19523774733,2.9699829432177
3039.97596361959,-1668.84502054377,2.16895028881528
1141.44352034488,-1348.57721648595,2.94477732691459
261.198180124556,-1108.25269130333,2.97583728788143
78.0300028712721,-716.728219558077,3.22319067235216
548.16948213319,-1768.58361569278,3.23706931156376
3835.0434514496,-1084.15281248983,3.31974137353037
1807.21475963987,-253.385162923519,3.64351794058295
1340.02880681868,-1621.06713018503,3.52890618881519
2405.27768516937,-118.291849932519,3.60442174590711
3630.89314642541,-326.480623552333,3.87541599160567
1490.10733054656,-1727.6964615065,4.30257347119926
1589.86762745142,-1673.95704994245,4.14832043054671
2049.84662776271,-890.170743820531,5.13373787391888
1472.39416144592,-2156.5052846291,5.71762651322518
3985.34151749577,-1590.2310256986,3.15803828389932
4061.72938788986,-2197.3409015429,3.00121699045189
3688.9286872917,-1791.3739701552,3.15150789129737
861.375244311797,-1564.78031818528,2.71727583902512
2868.39810421573,-972.748499898742,2.78431487710897
1319.39893817276,-1583.00270126676,3.74351803550682
3981.73533532688,-1305.35986724241,2.79100037387789
3793.07610487565,-1265.22081532482,2.93655553300165
1534.19831610565,-1038.24918051228,3.06965696981925
867.101817109823,-1659.01948455661,2.8368440607626
2052.66694942862,-1199.84751154609,2.95331765541031
500.128440125286,-1204.45983140824,2.82213876084036
2184.74712957429,-972.979550914145,3.03602131312037
4062.93990318943,-1544.49470871824,3.57665569065082
1614.7346475056,-568.012805182921,2.92656890966825
1307.20641120458,-1394.38078275951,2.69127099984149
3597.04020090266,-1307.62897354736,2.946892259012
97.6926371923915,-973.384002210626,2.6969368235533
2294.55988128082,-1416.24601459502,3.08141004557853
3984.27882483708,-27.1255580936313,2.78129033100061
2986.44091563687,-1840.81121952939,2.78695727942459
2041.81041766572,-1284.52061079666,3.40842288893197
1005.13394613986,-897.289129299649,2.94334802281356
862.139739415757,-899.906535634668,2.97392072563213
1611.03326527396,-830.074006001454,3.18715996366672
2185.48940593709,-1587.05402046927,2.96454498231674
3272.89348643633,-947.971742894703,2.76167265299518
2421.67837931801,-195.618856796433,3.08220945188672
527.887269898553,-630.332511374451,3.06070276054908
2071.96168578393,-1139.33004738921,2.56706020041857
3366.16436732743,-420.957912974632,3.2530594928696
2751.05831619599,-1806.91957003869,3.16153245849721
1430.36143877305,-78.4120958305538,3.22907288148301
2974.6348754667,-1034.17852370557,3.11677640766939
3840.86467603039,-31.8451729209907,3.42046559823757
3657.40033384715,-1272.04110889973,2.8095496011785
632.410384815753,-1938.03223407258,3.48973169369006
3448.85696698543,-1050.2161117424,3.12857231180803
2576.84858988941,-1798.59679143738,3.17686162073984
3869.90425783766,-1611.26874314395,3.11360325782217
555.628262990423,-1661.71942126283,3.31603159950358
4024.49925708361,-868.496513293351,2.89733022533844
3104.50982538915,-1560.18110940934,2.93849893564452
1023.75295063288,-746.346641320264,3.11409417440877
3240.25277164163,-121.256324578972,3.16623095259307
1338.08518665312,-684.485166350537,3.36493065214297
3425.35135067723,-1688.34882277136,3.5886333969465
3008.64021527336,-1840.15730769962,3.33102321904141
3776.69925432416,-2073.24531682555,3.45789302540527
3126.55226104349,-1392.43987524462,3.55366851845899
3006.66593580394,-1606.02455285255,3.61495328339505
2567.59225141619,-2088.81585204885,4.81184552898049
636.836967013454,-793.363259624847,3.16374479081093
645.499685065613,-1354.2287697178,3.03592854993169
1668.60866946468,-785.585191688282,2.9726433280112
3004.05852852267,-933.085513761801,3.16751726871312
1081.7923812791,-1129.98997814988,3.12792996794421
3620.12703446801,-43.8688684481012,2.67482741253788
392.424390388233,-1287.46673332519,2.82945179782647
285.695784966048,-458.811404085935,3.00606650796979
761.474180936415,-2099.46099094962,2.97975887120768
597.291425368322,-648.545539295928,3.04196963317073
3280.56286668901,-2060.15166982271,3.03877926884925
3161.56771132135,-886.392712381079,2.78317203239977
2884.44701901121,-48.1251098938347,2.92672981072353
2757.35340020941,-1907.01232388452,3.07438232693987
2255.76866688559,-1601.71372834586,3.3407095055079
3748.06457428538,-10.3881902885087,3.02344990140068
1733.71139459587,-1830.33918770801,3.28828380893157
545.336348456226,-424.644187873033,2.88908195865172
3776.82896437992,-1051.20315924005,3.35744505718598
395.087656100483,-1698.85229100191,3.76201940759943
818.472334752351,-963.344567218339,3.41756942489083
2005.41075079599,-1230.24350422288,3.80788675740443
3347.84001827224,-1126.41461406114,3.82251887096874
1463.3377517243,-701.236317473473,3.69303256209572
1208.43502330237,-1595.45340517196,3.8494358778048
3199.81024376403,-873.699600119882,4.0469762185826
387.55627229632,-372.55302502408,4.02051962403004
1107.03917570302,-1618.34462752785,3.92619397337079
1209.36850842588,-1703.44052515001,4.00137235377486
2381.7097220859,-1637.82784693057,4.1622133033054
1121.58762074387,-1134.87086593771,4.37010578792001
1881.07749564986,-1472.70010489404,4.03187308868777
3655.97432680032,-1060.31257789513,4.32394455250598
1355.09850450959,-1682.04412156683,4.36434747874918
1807.48691119826,-1590.80626735995,4.85226724816722
2302.67351603205,-1167.69098990585,4.44609909455329
1312.75001445737,-957.52872968325,4.41645418574102
1381.00246437595,-890.553483438467,4.71469228286074
3677.71478315899,-931.999411794597,4.69020856801345
2108.0464900632,-503.616273460387,4.67639302391701
3996.80615279891,-1265.76100300055,4.94876120180825
1436.31640232113,-2154.20039077731,5.29980426311636
NA,NA,NA
3718.05291996382,-437.446421656972,2.9175402152307
659.88048810792,-1362.96875123147,2.98964065669862
3721.0848964083,-1157.07580486493,2.94980989687227
816.106215712974,-1226.4221707527,2.91873847689821
977.821331294453,-672.53068920944,2.9447943299674
2466.57619974302,-2065.31980539295,3.19681814444677
1161.11904534182,-1718.84975350701,2.93876658360554
1975.19555823555,-799.254781961677,2.94792831150482
4028.5360929166,-1084.89228980276,2.8942087319541
1195.12775000248,-497.682608931269,3.05491742454853
2594.71122820381,-1859.64706258146,3.02870741279048
760.324351235755,-597.353388026623,2.88626707164005
1609.04715706735,-1400.44338182391,2.8956822256122
4003.13405146521,-1044.92598976206,3.19221841301753
2421.32493628056,-2013.86701552804,2.9825926438581
3491.9106242901,-731.834805153822,2.96096812035205
3983.46978694493,-865.097231953346,2.9715636984301
221.064731286658,-1370.7852223726,3.04255715519251
1082.30840534906,-16.2426018977643,2.92493063759355
1249.93879795202,-1075.87464449145,3.06073100580384
2570.45521542867,-21.4272642257584,2.89899999282036
1978.74582187817,-874.412013358341,2.85235641145966
2575.1197596715,-820.328495877203,2.99255979862585
282.961065175457,-1894.86762028652,2.98192090577666
1577.010947485,-789.220552812114,2.85259687096425
1274.50770293929,-396.80745903641,2.94970642821887
1201.841942565,-1374.88629503663,2.98601474106659
2811.42868197619,-64.0613100877278,3.09477642330651
1789.00003883525,-323.836895087631,3.05283158381735
3489.09657845122,-1729.62312636921,3.08135106738629
1310.55839065264,-1635.8784705697,2.9521925704119
3428.45892257752,-2115.45235129565,2.91680411142137
2830.48212377074,-960.133597115403,3.00450950476386
3392.9353140906,-1573.99168287938,2.82224595558526
3808.29495430744,-1754.31465528723,2.96567100981333
3478.51374997884,-1451.06023038615,2.94283192602532
3507.55128983775,-1919.48184742609,2.9787632570073
2838.7011239739,-1010.46616571887,3.02330329479792
3117.92862470463,-1687.43698518873,3.06011042939907
2038.2434594306,-1470.2805409579,2.99118433010356
2551.89253140395,-53.1668290710685,3.02215788290821
3126.76981936049,-163.738878726698,2.98547038347749
1766.562455332,-1951.40820453827,2.93920898386617
3185.33664221252,-1912.30919052069,2.99029557792078
1363.72454567719,-1620.83005729935,2.90679798963799
1080.93835715147,-548.7683173421,2.96371719595809
3273.0716218441,-16.9204822238714,3.08616638804661
3367.67723194069,-1214.59529536696,3.05809803430312
1847.33777208938,-340.941522435947,3.01065594290508
1049.18837066591,-2164.00781630184,3.01767568702322
1045.7300374025,-479.961263186888,3.18479940369111
1214.043862368,-1891.62621959509,3.02474304313073
3439.28192826289,-1255.16625866564,3.02964347578184
323.806696403664,-1910.27145633075,2.93230241613331
2996.90186580474,-1628.87409724783,2.92371822702894
4028.76935005849,-1793.69642622767,2.98322437772308
2494.27977391169,-696.742199739801,3.13525609365445
2631.0851730824,-1573.22083962383,3.02615630750744
2056.60937430229,-163.792137653322,2.94599585850548
1235.10857408109,-1694.93369181261,2.84241202322151
2758.20923970595,-135.023028095233,3.05727742063221
1721.03156481781,-1963.05677792939,2.94695763247586
2552.57365342473,-1415.8374096235,2.9891416315774
2215.08097515285,-395.820176769366,2.9736122757002
1034.33716690102,-1267.60224600953,3.03366636707643
3489.81620204279,-1314.37344911305,2.94117817449531
3225.29921649078,-1406.18540607233,3.03628173967337
2715.44443421224,-1453.26870980117,2.87169874360569
1669.93831336973,-1366.7968889357,3.01302196866518
3890.29664621298,-1843.81086973774,3.04510051238022
2618.08887693559,-155.891912454603,3.01717803301033
310.443737096104,-2043.34392876116,3.07475765102541
3792.21048674372,-908.617424304945,2.93464381624108
1356.78061111209,-1464.52307884602,2.97481229292251
1268.36245007874,-1628.39524675013,3.02507148301267
579.691612257593,-442.234097074728,3.10223803360301
3393.04011595286,-1698.762960611,2.95505541305659
1745.85998731748,-1806.53473342534,2.96561458953561
2870.50056139768,-1592.44942639917,2.94102756079631
340.361648584131,-977.229201330385,3.01994814231905
3351.19969756618,-905.926504521318,2.98443650039435
3255.60222516806,-310.94375093259,2.97697115236936
2260.61861167354,-473.417903174612,2.99787837255143
2466.31182310894,-781.942946173152,2.91792725289359
805.28223907379,-310.8352982469,2.97101511330165
1212.61351794321,-629.732466455982,2.958145229104
1888.12665852929,-2110.49175341445,3.02941316351978
99.8208722665245,-807.725394350982,3.00265863365432
1934.47698817357,-91.8641406852673,3.06720123039774
1610.74794365831,-181.573827179628,3.00729378219305
3368.57159909334,-583.514687877287,3.11089548419735
1156.28883573195,-620.515968701323,3.14222454862718
3285.88550801471,-1508.0612626141,3.03767587852936
280.145471179822,-750.574528098361,2.99173195939332
798.766126195606,-410.825641632607,2.8337785459747
1488.69083291514,-1953.93197080472,2.89276656217757
820.8929504636,-2205.03410512367,3.0406095185619
1759.10180689507,-728.386345597392,3.07633097043317
3598.19405055195,-1732.55223596654,3.02745299441957
625.068040220541,-57.1780797345773,2.99559634057934
843.287112819436,-1970.41531006297,2.91876479706571
1901.14130764725,-104.70261076275,3.16224199728384
2326.98385941702,-297.790456037655,3.0200950069517
809.551759543052,-1443.98802762549,3.08273960923682
3214.43105639955,-2125.79417353639,3.02972052616464
393.478136322163,-2100.35083265156,3.03418256961707
2565.99618327144,-2207.19750320198,2.84254804086312
4008.72307649658,-525.743173058627,3.0083235215306
331.971091909002,-139.597196316646,3.0879449488925
1736.86281253233,-1543.02180310997,2.98463695292115
1486.92152153292,-429.909410577063,3.0518731609306
2169.50654693155,-450.761533665551,3.00137513670684
2390.51664309235,-1034.92369064262,3.0075639691268
193.184783406862,-957.839136615621,2.97510982201594
3640.51397140163,-361.941929386368,2.88092192788518
3979.96157549464,-1854.77197740524,2.96619255079656
2153.4286054291,-2086.2793350278,2.99969316595957
1530.82212834887,-1134.7281261954,2.97417348367016
416.545129906993,-1514.93876268868,3.11353291803225
4010.95544696096,-1694.28967024722,2.98219134738265
1858.17424691055,-1427.95144058896,3.02985239592867
1664.64451437989,-575.980923697536,3.03423904472262
434.316856008553,-1479.05303706826,2.9810159646499
2060.89238606429,-126.703517068504,3.09980918449676
2885.6268209823,-1308.0378221407,2.99434652249452
806.940046150233,-147.395953470743,2.95107231222848
2161.98340609595,-539.94978069101,3.00506266035624
2676.21759744453,-495.425726088006,3.03008843713748
1457.19739067288,-1321.94946421243,3.01812118825714
3053.78575093446,-932.295324218902,3.08879993305858
3841.69390097299,-1314.39852078427,3.03584066676017
3389.11396942045,-70.7316147014962,3.0078089159951
2567.02047593277,-607.094510408055,3.13665454109348
2404.79307806619,-412.330151580512,2.95217084922155
2216.18055543809,-1341.41067667382,3.02877704945734
2637.06092902846,-40.6243593337978,3.22894341914613
963.296454947104,-1060.18611705936,3.06219853313497
3663.38532648186,-2195.39753079415,3.1568742332608
79.5344263540207,-348.040417590799,3.03226810666467
2905.85791338144,-490.779957015764,3.17864251350471
3418.79093097586,-241.745216038143,3.03713321345465
3229.26209709209,-1094.82833975544,3.0407223058085
1506.53410037615,-1413.6412602621,2.96816883077949
3196.29213503074,-1591.37510027005,3.21785339239132
746.768941228852,-1966.00350989132,3.00916812820424
1710.52247128283,-1624.92406990783,2.92965706607414
1291.08748513938,-991.188498177134,3.17051923707675
1915.92323639815,-650.245653937425,2.97899708289252
1273.74237114879,-1800.53825248983,2.98382744639702
3062.13695577843,-701.656080646563,3.07786278086149
2493.15278923707,-449.630698895223,3.01475323059742
1388.90712178885,-680.396135558302,3.04993167302843
1278.93144866883,-360.354245786021,3.1159146191539
1725.23538173265,-1806.31417724329,3.13198302486708
984.218035335233,-1749.44307216987,3.16903052165057
263.831141636941,-759.74877659849,3.1977800265766
1016.41244056339,-454.358791807809,3.1050546246928
3477.48654161418,-594.417935117003,3.01963151525581
3883.90448670373,-1489.64462744648,3.05284570524062
3914.9508921499,-259.228993129738,3.17187699986466
1053.0273569749,-32.9443882256468,2.93545227197409
1431.49326573418,-1927.63123152101,3.01246376109115
1839.57323557744,-2069.12922210756,3.14483335770589
3393.25057335207,-2207.76182455525,2.88204128715764
2868.41388283606,-1640.24251791287,3.09245269122899
1809.81474257919,-87.0530340003695,2.97327770285857
601.043378898308,-266.476443743983,3.05072017651765
3195.69033390714,-1545.0209657047,3.0425937431085
480.028982611951,-356.91616749209,3.00241982985392
2985.68273483501,-1295.7825430742,2.99808114860509
2291.1651913206,-165.437331013018,3.01119733614258
3594.28686103509,-337.592015129066,3.0400851280234
1366.25108224488,-1699.70870850772,2.99779461315953
2188.03580206125,-1571.28904805986,3.09391356856518
681.049942023659,-941.125144440471,3.13610024674158
1726.35719548176,-1727.10783371838,2.96740225424091
676.776753310155,-1551.4111461067,3.10272868744868
3900.80490221406,-875.315828457017,3.31336159670442
1974.9857326029,-1487.35739601445,3.11617763144168
2652.32359488889,-2146.15025230922,3.15528624069421
1568.95897851525,-1718.4560703407,3.13718409296819
3251.10345398777,-182.067337014199,3.15175506426567
3871.81021050335,-1068.70685890889,2.90588975611562
1431.34209587323,-2178.57211587736,3.11497084136172
2887.43498839424,-169.521248388558,3.04880084583441
2461.47518719212,-883.020267474292,3.17146746823725
715.542087356093,-1821.71729728358,3.14383189409964
3333.28013364841,-617.035719116263,2.87368030347809
3048.22803889394,-1326.75668461675,3.06044499440948
773.462912620742,-2033.88966808624,3.0340268610314
3302.52994079594,-1090.04579002277,2.98143502703723
762.340829816667,-488.028947741684,3.08994837539908
3557.20812065067,-1871.26997059595,3.06204620956555
3544.45561739338,-450.626269980629,3.00846808851719
3291.29447564765,-1032.65706213691,3.15616247095063
575.919281128713,-1934.17363743536,3.05863657026947
2571.88483004041,-243.894217453004,3.17062134572034
1771.87407716156,-1888.38070055735,3.07157374378139
1649.81495813167,-963.519061618835,3.28053712192787
2433.27072439375,-1953.47082059373,2.98706035388492
3252.8553919098,-1294.57306768665,3.1146335742006
81.6537665476447,-404.561088732373,3.03075370428889
1764.37094382262,-1495.66198507142,3.06158323336572
1828.27844699921,-193.135679345076,3.08721211349116
1835.55274792922,-1845.53425421436,3.13274885754404
3599.78262753606,-899.172199123607,2.97392100820773
4014.8119476475,-638.320345748862,2.8971865603898
1026.28300183308,-517.512989661401,3.11788453153632
2622.9629107714,-2209.97900077487,3.10080308783599
2603.51283805059,-221.886572207663,3.1480324642677
1511.05400563113,-1772.3176279562,3.09473765412482
3039.04171993686,-1858.00005421056,3.04358468571904
1995.15527554602,-524.937786355467,3.09755548911299
2497.37673825896,-874.84781685957,3.15105260214376
3123.49587753955,-742.599216014278,3.10481553204191
1465.35262513994,-841.957475984437,3.25185928615829
1175.85481870822,-1379.03920340614,3.18185950707889
1484.78998766618,-1463.02331653251,3.10103123105826
266.534422876044,-407.233301230703,3.12018914293107
1705.21326797578,-670.288461859744,3.15584257153655
564.601308890587,-1475.12077254018,3.12865062674904
770.492106769826,-898.925549196239,3.16325028344005
107.236991912209,-1437.93488404952,3.05156226021734
2952.0756820449,-153.001818055434,3.16455141072293
1993.05313015502,-1869.56742263452,3.07207448547214
1902.42046715874,-234.73382880392,3.07764009614846
701.963023427423,-741.734695437333,3.08451759554844
2662.48898447919,-936.400953684127,3.06595839896787
3318.77808869402,-532.5978752105,3.15179381849897
1347.70883497175,-898.611583559065,3.05797735671722
2478.31491448695,-639.878388759268,3.15730950406297
2570.99854361165,-1625.72529521776,3.03137039802042
2365.30002848955,-1731.88862394402,3.16208154202062
1396.27728664989,-1609.09309913998,3.07812789752573
1275.86935933854,-329.934597825502,3.18428225307331
439.88682443795,-1573.60055733326,3.11575454946074
2268.80520866631,-1648.11930394364,2.98833832364993
2391.35052394873,-873.133543202028,3.07851367288577
3688.88050944077,-1730.35432822492,3.11866851674991
1425.99960861458,-2047.11054057363,3.02408117884303
3237.94829053501,-2019.19209871099,3.0748646432498
1223.36112777005,-1028.72318215104,3.27611528216525
2171.10529661188,-923.76246569367,3.23166902616249
650.439416183501,-1217.89612933772,3.0848653310876
2465.65540274662,-369.356583833885,3.03187484099901
1927.12599512738,-1557.17977902797,2.99448385460967
822.264737647061,-2005.55538359175,3.18986278644139
2674.66569725569,-1666.04968050097,3.10842730230876
2942.02519252344,-911.069629391583,3.0464196236416
2733.21191771292,-1712.87013387404,3.19973924254671
1927.49169914437,-1331.22175089629,3.15509044866345
2464.7228314243,-180.172415735931,3.12221365201327
2204.00079515711,-451.708758306936,3.09024970995235
4035.95096886996,-1761.74600049321,3.08269143893075
2497.21306983792,-853.169132577071,3.17722468904785
261.124917956423,-808.663478839216,3.15697059260743
2564.59679003805,-916.317060054461,3.12047606402939
2677.90552402014,-674.754529606846,3.12267532545918
253.330714406715,-1471.03756073711,3.20008867315046
3777.55146452178,-654.372270113861,3.0582700669691
1606.94277684947,-301.218678997109,3.11414904043467
1618.90758959139,-2140.8964814181,3.00972056246483
1606.83653018213,-2215.68577868617,3.08172898155183
1486.57528792927,-380.767846150667,3.2052279490058
1761.94982025586,-281.13621151287,3.13483410279631
867.858197822003,-1328.34941334088,3.16420644783717
1825.70598828976,-40.0507133116982,3.22262683425752
1454.78935800331,-1239.23334377065,3.23148445480965
478.538562170489,-1840.61207416925,3.1831559571092
3666.92026984559,-2019.22296792358,3.06163362477225
399.843376913423,-1193.03607120953,3.26290611473032
3487.17714201808,-1342.80934367127,2.90888882855395
3790.57189843616,-490.719996384227,3.25058914930345
966.293218779137,-1430.76500780165,3.20508092811263
3367.28653267916,-298.44927552027,3.21372011297452
3755.48581654595,-1692.49678406419,3.2205170894085
3191.44147440919,-69.0873516770313,3.16640077287439
2252.10698271126,-787.033558411714,3.1813829535536
1400.31042863257,-712.964695172871,3.29166886735813
3654.70498780249,-176.987688703159,3.08188690979304
3571.15515453497,-1363.71006563823,3.18340643080504
1975.87439784416,-947.071165100701,3.34400482915157
3987.28970040654,-1136.22068099919,3.13382351342254
3102.67611403963,-922.699506401639,3.09521660859366
984.659022656174,-996.613195649107,3.37047643133592
774.144259199376,-1338.39008067609,3.32573935445085
1277.87900100069,-1103.85996633801,3.21777313661733
3028.08399173509,-1541.92862598193,3.16762938567096
2564.68982433977,-505.868327267669,3.09980520875242
1854.97668469135,-1956.21139304782,3.10680300813829
2195.04143362946,-796.050825697507,3.13499191936501
672.896914070474,-48.5527344035752,3.15591610973224
3955.44221549683,-916.22396898985,3.2204520901364
3833.75213481288,-463.037582635103,3.2717127403135
2997.03219185873,-660.288449943383,3.10392395184532
4059.84383568559,-626.239595078169,3.15389566389981
1976.10787062696,-13.8513532593526,3.18017924851632
3665.67250311846,-310.190487080757,3.22581078688469
2786.82050024319,-208.661497651547,3.28813212352973
2768.17239583185,-1872.98146628015,3.24535172313862
3932.84881393936,-1999.19538081343,3.31327956666876
1341.64823468625,-2012.43090416515,3.22235791529557
1089.02858284404,-365.871342708453,3.28985869488491
346.163066783728,-593.699650521476,3.16993143422985
1912.26099688231,-1794.7396669688,3.24627536030787
934.091667795873,-773.982899558487,3.2877135483371
2746.91935181073,-1450.63511067206,3.30644816195716
2737.23503834956,-338.188562023927,3.25862019575084
2087.72853104305,-1575.85482937274,3.15239087895626
4044.38699700907,-640.433520455498,3.10241903225622
3716.92588133091,-1740.40677506551,3.18921580249095
2188.49535134419,-1672.83199487032,3.15663469723963
472.925890613514,-1402.19314610432,3.17007391545596
1088.99030961834,-2054.89511913891,3.19526802550569
3373.04640105503,-93.4413603887032,3.12430876073689
3465.9832718818,-1347.48795219161,3.10408618331619
3425.47938414509,-2177.0039469411,3.07764855858046
2743.6218866629,-596.20177652934,3.13939808593991
1699.86325520979,-1329.05785336365,3.16493872205047
3160.94796161489,-1936.51384022748,3.30994996197565
3386.15203397773,-467.553006646443,3.34902641326612
151.683274321536,-104.727467581779,3.0108475147268
2610.70424362305,-1978.11907208654,3.3045813698876
877.826881599887,-2088.90601882475,3.21931435207732
1164.61428792078,-900.570921293513,3.24056738876994
3481.5964898254,-895.624272874971,3.09026295329621
3194.76633958311,-829.654166328829,3.30376455321732
1099.45410899461,-1325.28811257492,3.18054338299204
3328.66063921953,-1836.39917208006,3.24068504855807
1961.43614421301,-51.1860978791014,3.15264396471301
2903.04635093397,-747.006985052269,3.19860498475371
312.427566188466,-1533.3149421697,3.2536598219801
1783.24798213378,-490.422398707736,3.24487246868764
1491.22212583421,-1789.80659826753,3.24685054909394
3945.09336569231,-848.667618322789,3.15210300322911
3806.17171311634,-11.0196836437064,3.19619568647863
3622.55015340414,-1564.26674013982,3.18655618050637
2440.46174846432,-2140.88649369838,3.2970721981716
2028.86785876733,-347.309740629724,3.32978064949028
3009.32730466947,-173.05522095506,3.2112936216076
318.693205558745,-99.4624755967564,3.3103434458418
547.127829003238,-1277.78894436412,3.35229793744653
997.445988071329,-1699.65382595517,3.16642984740414
2805.52862769136,-810.879965871227,3.2513565852249
2701.45963095394,-191.660709254392,3.35979694587934
867.81140746285,-291.134422376651,3.24001517750699
1456.30117435685,-1745.7214113274,3.24073100570454
3084.25237099584,-1859.16773260661,3.34575598058208
3549.30341344933,-1159.75807937671,3.41731913932774
2532.74264687479,-184.281780491298,3.19749980273014
4050.54813804238,-1621.47555271346,3.21544611172853
828.1669613246,-1917.36563691071,3.35364231730642
2640.18569232111,-897.48445124212,3.25686323533596
1039.52185119386,-1499.91173041393,3.27479917021951
863.770521182099,-259.838255387537,3.17343570766047
3684.24732728828,-2007.94828543756,3.345882008431
3971.0808831661,-621.0149393162,3.48423035153316
3025.71300238098,-1841.94212965597,3.33117504128578
2794.31447364904,-2117.53022356899,3.41815675182007
3219.08712335822,-1828.54707115617,3.35546051748647
1075.1635991529,-1290.43197298513,3.40003919809188
1878.95317766042,-36.7667777178393,3.4007531285591
2517.41514073794,-5.26169280416034,3.37405119188091
1508.06814503302,-902.074194080619,3.3338668254831
301.305091916412,-1946.89145749663,3.40597864970736
2337.0906410621,-68.2746789320819,3.21798250025618
894.688624041136,-1981.48678571478,3.14074420496035
3429.7556986988,-984.558898625795,3.2196548428376
2180.45484481499,-2047.5376114107,3.31299438260498
3696.57792663506,-1883.12864674236,3.30645668936451
1479.85112809469,-1970.08115879786,3.18216200621166
2489.8615154663,-1482.87336443563,3.23534594037698
1986.85920914663,-1512.71323431005,3.47984332779015
873.996574974225,-1148.95935598935,3.38930321310051
3557.34233099562,-1342.24549310488,3.27056737368715
1093.01265811166,-1514.44358421533,3.34070300892837
2924.86771621079,-304.617161516869,3.3556064959498
131.896055730734,-391.06091984673,3.42757409739737
2397.59993613716,-285.315222902135,3.32996833924813
2180.1696658123,-1420.87258749562,3.25630229950779
109.208687620785,-1503.03434078168,3.27440464878081
3791.83133421545,-1029.47735541757,3.21093547623908
3954.19893044668,-881.650735900308,3.27425842022384
3301.23705368671,-913.362372823504,3.34264912635067
2348.7500161226,-714.913317272504,3.34362107737307
2358.53501983457,-1861.93074510758,3.25983470098254
2142.73847099304,-627.810474596192,3.32605542263392
78.0378631081856,-491.834965529461,3.45721685893228
3574.7204311743,-1191.07010850757,3.43948633425875
1900.21441247329,-66.682607321572,3.28785655209334
3617.98463524872,-1511.11203113994,3.24350612077319
2049.44151297147,-353.43992401202,3.27046053431786
1355.51197005945,-1320.89697164204,3.36214946771658
2327.50697183743,-1803.83928162631,3.41835992776998
430.850755233882,-1364.98752678718,3.4492518448953
1472.9518668545,-899.538903347108,3.38726496876584
1133.90585922528,-1224.59969071447,3.4458505373392
3162.36112940432,-1765.58459230906,3.53471341202914
3181.82068462518,-1870.12438250883,3.27353784694732
1044.89105198873,-710.026491832214,3.28262230650287
3190.61764811993,-1434.26155436352,3.34106183836113
2214.95174525878,-1684.58246972248,3.24493023232185
172.042596822306,-773.158150236957,3.35091123834208
2744.01998595335,-1639.42045092191,3.36143118529338
3257.98287253718,-68.0189351206138,3.33403946369169
1163.855547228,-1145.17455349243,3.47783236567314
2927.65822307939,-746.840557078369,3.4120602820134
3240.09690181341,-799.459418465428,3.27077004251963
261.982265867995,-1356.86398720152,3.45179918271364
1779.09958570904,-2099.57758715373,3.31718325867238
2116.78714731048,-1135.9275401552,3.35043110598064
1985.57333019357,-1653.06905373627,3.41739408265217
3928.69370609851,-1449.95797068431,3.30939737120887
3911.1175205521,-1266.38503507079,3.27606410230378
1690.40947539189,-772.946616413041,3.29988014133491
3030.92057277128,-190.995653109779,3.29629832628154
2165.10607433328,-1106.73676811475,3.28372078307346
2626.26253073001,-1617.94943066685,3.06778531481954
1987.22483502908,-2178.52623762103,3.330851140232
433.725595429891,-1738.73753926519,3.31685399752766
745.683155655444,-1885.51917275134,3.37962272098296
1701.30323682731,-1479.09029610609,3.34266950491729
1153.20403927063,-1001.7457440315,3.45898977058352
1301.52120363743,-1048.28353003601,3.40799575242551
2427.43150770087,-650.390176244542,3.07488223217767
3413.25874430509,-1789.64944144988,3.39654722235903
2317.16930634309,-86.8094196048671,3.45796213886032
2087.80353973818,-248.760974206148,3.39584179305822
2640.44387328122,-676.187315764355,3.48473107285697
3379.54890373466,-1532.51561736675,3.32352143188219
2367.31258177117,-1678.61380378837,3.32293697816369
2785.31574124911,-886.45605068418,3.38483113847066
2921.60664157016,-2213.56071188146,3.37624210956681
1826.36218723856,-2001.85339580298,3.27054773469377
1472.37528129237,-871.411075888123,3.44234203009571
1789.82930439852,-685.106065058804,3.44073796134733
485.631029833139,-610.320594840821,3.41365657577332
3491.32130714932,-1208.21753634204,3.60683793633865
1954.63667807413,-1443.84462413381,3.62182405837845
523.088448072359,-196.262949912701,3.38232309476193
3661.60098134166,-2130.68573227767,3.46985717779819
295.392654365929,-344.786573932126,3.3733859330473
3687.55400800472,-617.210872714103,3.34946071667512
3166.13271364217,-679.459202680351,3.55477688731618
3430.05529739359,-1201.40036515362,3.50050654867024
2213.61923236873,-596.551761272205,3.45786601600485
2128.71889284579,-235.054901090238,3.49234055246013
2680.29805197415,-100.528912594994,3.58551504587303
2182.22392762872,-6.29987366809424,3.39178418102148
3158.03926306571,-558.069089845193,3.37315278044379
177.62046012289,-48.4508918514306,3.52795823809561
3279.54344407621,-1547.30949433574,3.42360989096342
995.255841881816,-533.976706332495,3.6999226276792
3200.71589590125,-280.870442207528,3.48524269631875
939.585836706928,-2145.7077107254,3.50751775225127
2956.30698062273,-568.09090786136,3.52654115018282
1880.34824833773,-1343.03454607513,3.46813474482722
3580.80899066241,-544.244893557577,3.52172083740962
3632.66698986442,-1085.43574489944,3.53351831341754
3034.52762941414,-854.353424679711,3.4288205210441
1683.92934025501,-874.324537191322,3.51868511431944
330.31836498199,-680.794789638481,3.52771421533242
2824.95273747173,-2094.25998542051,3.62805830932999
3805.40225936549,-739.119251597128,3.38408685063442
2467.58741896551,-2016.72862536299,3.56955634821011
3724.94066162707,-610.5146293138,3.4340629308636
1811.29189909057,-513.392029190335,3.40306887525413
3094.32129794032,-1454.18048503208,3.37026981498835
152.425661199243,-165.573295250409,3.56013372587438
2791.41587626332,-829.823639577107,3.60455586344883
3087.93543473835,-36.5077673652434,3.63839884435559
2068.52942396076,-681.769587613681,3.49108017009415
667.239650209506,-1451.51354665408,3.49983532169499
2824.40049055931,-1101.06313994507,3.52600824438209
2347.13088131884,-121.511666838478,3.34676653278536
3632.33170783975,-2190.52754795608,3.5939217606271
3293.99974715244,-2134.64596958985,3.49184646263537
3181.51399039978,-101.644257428656,3.529303617931
2383.94202735086,-161.091187238162,3.66823274256113
2284.03510045028,-565.330150188791,3.55324927131005
271.690257716274,-7.50744653543461,3.61192203577062
2346.52464685838,-1411.32765135702,3.54851550021359
3283.1604987288,-1759.76238960055,3.75636259589137
2566.12107630133,-2027.44753986433,3.57484916923038
2312.19486032328,-1962.86811624248,3.50832942858389
1253.18814796423,-1727.81898400393,3.5188531088811
1839.71997107444,-1361.99981893914,3.57088094446224
3842.49743868033,-1669.8113884843,3.60228930667656
3476.84514579439,-1032.62539005997,3.52054353146979
1873.83936047041,-1377.64830002225,3.66097027104525
3349.83407948989,-2200.68549191067,3.64667322501768
312.102778345486,-1334.61074208181,3.67201882923461
1943.44260693297,-606.957240514397,3.46950314418731
1488.35713099226,-169.354562175537,3.38582143689138
2995.86056025181,-1440.30329318777,3.65020733050851
4043.08006025535,-2059.65215611716,3.61438372768109
1308.30105321418,-457.841294918437,3.65869177663214
1680.99176520071,-2162.59505593812,3.49799072814109
1535.79754660441,-2124.69077284344,3.63928979837072
191.404122836822,-885.112914716637,3.48711478501666
2470.77037978835,-2117.60181872836,3.87870935303954
1782.15011056244,-787.589269436143,3.52762573307372
1835.92222764918,-603.911282332837,3.63209222356271
520.565845421429,-1554.74629651285,3.61691670925649
2724.3805009659,-279.451302802928,3.63056301769475
2354.87037454103,-390.906934402606,3.66002842204309
1281.39688537961,-159.749201649643,3.76904429296045
2826.60876993694,-1201.2565182192,3.46574727098153
2135.41343033707,-1293.95833822572,3.75910668173099
563.426340811298,-1911.29654886787,3.59475077880667
2056.85782251564,-1824.50387079238,3.76849747912776
2838.20358934377,-1585.40271933847,3.57641456400427
2965.42274157567,-2084.86515497794,3.72615018553057
1186.55365013709,-6.57940887761685,3.67271614828262
2294.86149667981,-1088.85039186634,3.80133758289674
824.943602833198,-820.548037557994,3.59960663874468
2544.649102596,-2155.86134560005,3.77054997648614
58.9325718126411,-1514.12553252446,3.49612115688629
3894.55594254226,-464.428157820285,3.78684854476843
2833.01634283578,-710.900903836518,3.69594876606466
3726.02712790274,-686.909589003995,3.60885903368358
1216.03702401296,-199.748479749619,3.70391006716488
102.861055264424,-1325.39058089554,3.7760671225059
996.033606587338,-1162.24924806164,3.78348684688096
2381.04141717785,-1353.18258775294,3.77504690552605
3256.67741014478,-1132.12551207921,3.82610709477176
2999.52894050247,-1676.40811980653,3.86446632034411
2284.09498705173,-296.60773561391,3.84533893848116
1002.85993478692,-899.000126801292,3.77923888081257
1515.21273146356,-1731.30459349238,3.86328856089773
3129.99580063837,-1993.78885063621,3.86799852675553
3735.2479081705,-298.987450420543,3.9515311083702
316.955928117596,-1729.41461053456,3.7521875535503
1866.63306832684,-1995.75160405715,3.94796271624264
547.954223181748,-848.068179007172,3.99639509016841
365.109979890634,6.44850460753684,3.90621866184721
569.422286658274,-165.450812966981,3.86964412751918
3060.96760116799,-759.180778365039,3.79479712779255
2704.48632664842,-2034.63225478666,3.9331058430126
169.083155175842,-309.574315363604,4.04187053628762
1361.56836416014,-1042.94490341014,3.93404565625873
1600.29908717163,-1325.53792760755,3.95862077313277
352.551181936364,-763.254532404557,3.76862203253479
3751.15732732739,-1025.95982927754,3.9455829171435
2876.9481775752,-13.6861877939385,3.86707860476254
517.446406857311,-121.00287398917,3.84354059385697
2423.56453692283,-1005.01129405728,3.76831073305194
3344.89521308811,-1359.91466696955,3.88056633031418
2807.69630906142,-386.737831210571,3.85572609561468
255.437187460903,-696.229322724377,3.80558800477363
3779.39051981378,-1517.95740963172,3.76313002689806
2459.56794306543,-316.520738705874,3.9901484004893
1087.41261062131,-234.082185815946,3.92278777802642
3013.98764448139,-295.520886033987,4.034055112118
1949.84341372783,-217.929726877338,4.00565874977321
856.957627006977,-548.836513126244,4.00946663440354
961.457513590042,-268.857550756725,4.00079560376789
99.4314852530359,-1099.23635834386,3.98948447811508
749.883443612258,-1131.37555584706,3.98139485804522
3278.45783846999,-189.679467334064,3.96370908528707
2984.73163874366,-18.6968306916252,3.88613266969093
98.0483300126988,-321.257595707016,4.04279741873265
1144.04331450922,-2217.40195744355,3.85469576079784
3263.85964470555,-885.151262432704,3.89599349751547
2599.1514816521,-439.720209823057,4.05561435103505
4000.94479917668,-1315.16261496832,3.99487675019474
992.56572910672,-1879.27659025887,4.0587803983666
2238.38541895444,-1976.49509087603,3.96232244173122
3310.39070061106,-1907.9568682671,4.04292898749763
1755.48074429672,-861.237500236949,4.17224592489213
2941.39183225756,-973.189556712357,3.99831158290832
1572.13094459087,-1081.92413953591,4.01374606357675
3312.86014140449,-252.201945572764,4.23199752767378
284.304258189638,-542.29705279103,4.27515406827691
3086.66198556519,-1949.14136269721,4.09266312943321
197.526558100983,-394.678068895016,4.24317792231051
829.84761047249,-1349.38122524377,4.14437440787732
3763.87534053945,-1434.79705055837,4.16790976769745
1249.30904885877,-1527.17160582579,4.25134828457525
2729.31108181682,-1964.05197465355,4.1399144998189
2442.20462643234,-233.761374558951,3.97803104319956
3453.29171299151,-27.6798345578994,4.21130201493277
1237.19128403731,-810.356084997669,4.27226857967666
2583.7977569437,-733.43910010742,4.33685052624747
402.808534923836,-96.2806919965562,4.43971788481369
2341.20847301262,-1820.19095329429,4.44752029330937
138.785275302702,-1180.28581190634,4.42408983796496
2539.17389284493,-1933.4488509343,4.3209575567989
452.136431692009,-889.581277961036,4.36712545192091
2105.09106905478,-27.1711486872511,4.25225894836851
1257.91099027923,-2157.67810307793,4.27370355963817
3045.86352537794,-829.018974670136,4.36909539867736
2284.2589379403,-350.040853965814,4.33853210423615
1823.29537497048,-2153.40461178276,4.15383968195738
3445.27446176106,-1662.8044213106,4.48460773351904
2485.44821753402,-1322.63270051212,4.5426364622074
2339.23975006019,-668.456542840161,4.51223300790809
3335.02823706103,-677.176387123289,4.53492456247955
200.454974203765,-1262.72479759342,4.43328162882564
1732.11630125206,-1363.20261362489,4.55409341707663
3959.08522582015,-1397.74940615584,4.25321790837182
852.79448919023,-1101.82344672301,4.85734069376033
3045.60041160403,-2083.97271801107,4.55965330783834
2055.77609479108,-1400.18936566229,4.32404689730812
2921.74630440106,-2033.98292940435,4.5033330439475
3133.26113753882,-1089.25616594042,4.69418192129867
523.675958021371,-544.749551954392,4.8662462360088
2575.9542292693,-1607.1550252745,4.75440541449121
2982.94454721658,-2161.24930774099,4.50171142538836
2893.16314790212,-436.727236037077,4.82484426549749
3617.77263108768,-281.938331036533,4.73716579872416
1122.43433234322,-1438.66666919312,4.84185199183209
1553.12031425745,-667.998494229081,4.59663737742278
552.024657494818,-1204.933967426,4.51800233108275
452.644142155701,-1289.9707545824,4.65227420789817
2176.94724289281,-1870.15712771102,4.83786228129958
2671.89686737622,-2102.15071468833,4.69867406116149
1354.48416346107,-645.135869222981,4.91933202101245
508.089708584081,-2077.35802759793,4.84343148796605
2955.93008186231,-1950.08714648495,5.12270148009446
1939.63606452122,-2185.6069146178,4.82515164903666
1125.92639025048,-1980.33568139202,5.03544475482246
3211.89901783932,-1256.96550714721,4.8887335429471
1687.62348376238,-491.780265977373,5.18603445208562
187.560689023309,-668.863410277323,5.1907486566158
2993.92670893644,-1189.43464243315,5.20552073950826
2886.98103018311,-227.389183892555,5.15766578989368
3452.32067599879,-1332.32460050792,5.49945983820689
3306.56774060349,-470.005778292256,5.19012631773419
1535.02500501633,-1004.13355978576,5.0562112684004
758.839374498458,-323.986247839654,5.47454518738996
703.463957090937,-1661.70454646978,5.41267081393353
1413.06460483069,-1171.39401641532,5.45747743138355
606.43456904143,-1020.16005643759,5.67427129366482
3647.86195808816,-2095.93835296015,5.80018332387525
2625.90632899091,-1079.44666156841,6.06847277026521
3383.85959339485,-221.901512452271,2.74212074799211
3219.60136359725,-115.420934658512,3.35523498935739
2713.75587915316,-650.308672329602,2.82771572404834
501.329294016272,-1899.09755098923,3.09089569049671
2087.60984430003,-2161.12774217212,3.01060045718764
3553.70947028686,-84.9964724755566,2.85937330160597
441.495271367996,-747.285784602815,2.86181032100929
1659.45461696562,-445.673848657367,2.96747117082877
2350.247118131,-2054.70859920089,2.96228772963074
2983.85037570121,-2032.61056382453,2.97809226906323
2669.56886320285,-924.067208231094,2.97527320178456
383.235579757835,-484.788954043486,3.04683516199891
2637.17977709327,-331.435121960374,3.25406187648667
1804.7356352166,-731.097717074225,2.85873808205558
1586.90449897003,-2065.88425221883,3.07132883693597
2641.35702147068,-359.157201265766,2.83156812206015
180.126101711593,-623.088088178158,2.89926694641047
1725.99194554756,-967.52709492991,2.96789050587854
3087.44259193685,-1081.90355164275,3.02037230432789
2458.62688401275,-157.62524099546,3.30659520130259
2177.33317489016,-1321.0605143385,2.85527956982398
3674.43593685896,-126.375955696636,3.28651466937802
2216.50055314232,-45.5461867514396,3.26500260698986
1701.04618021924,-846.408758123905,3.12526915057648
561.542866837478,-1488.96761515069,2.78391478609324
633.44632985104,-1417.02864074644,2.98806961027287
2688.13839810469,-32.1544564914201,2.98201513901663
3179.78592610514,-1604.81847805721,2.65215556686289
1216.10178360466,-1931.08594665043,2.96088895087705
3746.27672106274,-1733.95977251252,3.21942900458858
502.46474376571,-2158.70398972714,2.72619630902359
1428.98582422701,-1781.91030913863,2.81904905264034
916.310737884721,-197.955644548002,2.98342169490882
1139.54984858118,-299.245934350633,3.090426238169
2267.67922183207,-493.84106608232,2.81494491476063
3261.50514050966,-364.166905594772,2.9267347566795
2382.98881626464,-303.760008614506,2.45696792244061
1497.82254135569,-1003.46524535368,2.96601110752617
577.050502883337,-207.182814338417,3.15155860625365
1618.2995102913,-1085.28853742503,2.95650968988281
1527.64157938934,-503.67733051664,2.73007781254115
408.820728849523,-1038.18638984228,3.12710486980152
855.110167179499,-423.915140062315,2.89343281708527
1795.24325650411,-205.968259973686,2.99846516378123
1421.33117619631,-77.8872186591582,3.21238955498436
1601.41446201025,-599.511657518506,2.93859736829426
3888.92400380554,-1304.52492010368,2.9151536162884
3432.26450021124,-251.750384541497,2.96612862289539
949.759923360397,-442.280326661958,3.12762243576278
3433.06470761506,-291.488865542674,2.87541941555867
2412.120423818,-691.368082227083,3.05588385674111
2882.73769881572,-468.049570862181,2.82699570947724
819.389777780379,-578.482465588089,2.9261674551814
591.309902360048,-1507.09854122173,2.81598742981879
1461.24841685202,-1713.77489751073,3.11905465692112
3428.77004649865,-821.788341374686,2.87094783388263
1125.54242091188,-966.999559481884,2.93329220340719
4015.67829138094,-65.7034384004652,2.85854988881564
2313.76576241636,-994.0373986753,2.976973847045
3536.10055311983,-363.819239334759,3.39782962957898
1391.03647445202,-93.9701749525115,2.84693122164903
3390.61086224482,-1966.63056324904,3.10503090259265
916.029113605871,-1529.50640830391,2.80043579777039
2017.64658995203,-461.033040920549,2.92769502199214
3176.62245175629,-296.618631140937,2.98330474524401
3512.25521296259,-526.181827361953,3.14888016373991
249.397899068906,-107.516665255345,3.02633189116218
1036.01846295359,-126.705473701724,2.73977190193004
344.375150433069,-524.942367709557,2.98013950745712
3091.89107815393,-1800.80716144777,2.8335359671439
3907.11482727405,-9.2420551199847,2.9783070299309
829.786579019704,-376.142965708437,3.01395504801667
3141.82150472638,-503.795136818426,2.98954408555979
3724.09345504401,-338.329979083833,2.98072736580548
1316.2344929551,-383.437402295463,3.23574445398447
431.230259386246,-1872.98936042833,2.93169945988452
2275.65334376486,-708.392119364382,2.87188280983891
4003.27007084603,-98.3219707983513,2.95061349046491
2085.09212791473,-356.48448291617,3.11911273427037
2118.86565207099,-283.573260211677,3.25569534551307
3530.98877209224,-879.618017978403,3.02975585848562
683.033733380784,-82.4766632526989,3.00927528629045
1147.76524266421,-1445.26850513097,2.94351550530579
2790.52607567138,-573.292345124251,3.1073872134192
3608.93512601033,-621.450247046295,2.91283172726518
1634.73290736226,-2134.56690999811,2.92900979550682
3163.59076234463,-294.403209757888,3.04176760476093
667.445829887685,-448.86984785458,2.88044956122016
3355.87933172787,-537.269016365743,2.85758237366182
2158.41533332952,-564.987967306947,2.93746546242353
3046.17910773437,-1641.07073499579,2.82728585385149
2037.36717081641,-74.9058878814257,3.05346876652795
1286.74865751283,-2107.7196214415,2.81567331693559
2766.05373305779,-1936.74943459458,3.11134778329906
2743.30177106686,-1837.15731920877,3.00153468829225
3576.46837401165,-1896.63429201521,2.93627451825579
4068.27185420035,-399.744169301522,3.41401122919641
2592.31896256833,-26.5113206798959,2.75018980552849
488.504153329991,-1470.70187794405,2.8944996062487
2448.34418755808,-200.550563296257,3.16389619337179
1121.65558649954,-212.248879940646,2.84797663197087
2196.4642793268,-1651.43184393125,2.53920472431767
2036.3135611127,-270.530958394912,3.32626402515233
3122.97590890473,-440.828882523152,2.92697694033383
1920.28497753177,-412.525523419892,3.10906979508166
1446.38170432011,-111.934424435998,3.03358024527674
1313.28090349721,-1413.1215092133,2.85479272279294
3210.01665105665,-411.119325262877,2.99790244939115
2012.90931950673,-1694.36930894488,3.01983721147351
2335.47682063771,-2214.57215006631,3.06122391911465
3111.89430550749,-2199.97059765358,2.98342133706521
726.326278212935,-1025.09596275781,2.97129049070225
2971.81739278715,-334.335880190457,2.79055917098727
3530.80083271445,-1673.55352511913,2.99594010763873
985.432168925611,-40.8327459188014,2.82659278841998
347.617505479794,-1454.52583682868,2.828478155526
1494.74484073471,-1217.03861725899,3.06410480214831
3352.74068300815,-1884.56940025104,2.95499500991134
1129.53345010458,-59.4688053652499,3.01834290014011
1206.51863081149,-1081.34147851539,2.86070074993437
178.350319108391,-247.43703614567,2.97562383719076
1331.95480999881,-1649.76739597954,3.07483854101089
404.97422600145,-68.7403578082496,3.00166638677054
1544.89160919153,-239.476990398468,2.89305487710725
1204.36086917559,-101.630017056385,3.12380348685475
2393.67926776086,-561.077906841381,3.09893211687983
843.032559292172,-186.653427676536,3.38207269128647
2485.7970130283,-360.010089926496,3.02427318121414
1576.42459041204,-205.658576976,2.54123362616401
246.414408148281,-1732.70054265482,2.90641811065378
2028.22364988524,-2208.41690102576,2.69630962571431
578.554851881567,-948.99923492368,3.01224868435735
189.455054255669,-1644.0556351108,2.78757744955029
1307.09739163117,-2119.24385084952,3.07440283621233
1160.57808363163,-172.556856770539,2.75314968231007
1782.89599599266,-1924.57166098668,3.08394500633189
3272.7444616599,-477.715468653145,3.27200931099842
976.754087390824,-1549.33990130014,2.97798520454277
694.213792842109,-819.035785050682,2.97085155327901
1509.70230017342,-407.974735593987,3.34242365708136
2997.06015602766,-1744.72409181887,2.97396029338176
348.240700531599,-266.408340748773,2.74212353653498
2269.33889331035,-183.021008114681,2.94070407075502
3000.72086783345,-84.0982846964254,2.94477861552414
1412.27908530726,-226.101510714381,3.17567441700198
3437.90053997817,-846.494781563466,2.72878223689174
1181.41528370205,-506.744321838635,2.96255064627473
306.746554020256,-19.6620525289833,3.15877560652801
1067.00485253866,-55.2831734729724,3.68157292384503
3303.93838132167,-467.649028961937,2.91720044573863
1857.26659801639,-19.0833510366455,2.89985244206407
3335.86809044991,-638.927456892851,3.21448057320111
336.093436538148,-1595.28762203943,3.04562726251194
2419.29411073784,-56.0389014489629,2.95913087740719
1120.86662765674,-2185.62359467663,2.99884515927534
1216.7178575509,-428.781133227797,2.98330292388073
3120.81648732343,-1708.88218871465,3.1971927761369
3335.01966584208,-878.67145512034,2.94544620628308
3097.99442652751,-2109.2975785737,2.99731657534115
954.626950309114,-2126.81396213521,3.06286249818932
3501.30741534084,-906.167554072234,2.97110143650778
549.106927002691,-2123.88011605146,2.94863762770099
2509.26900063813,-438.691993716331,2.8563119076433
3897.24853017503,-369.833909208331,3.08716765437037
3446.38253025363,-469.381580927203,2.91779768400085
3684.21547342767,-495.375646460761,3.00544039772637
3711.03631014048,-2008.28907224701,3.25859906133124
2964.00486399163,-1379.86575732516,2.97205578467731
1099.7656418651,-111.096668116048,3.14268075140861
2496.31375022205,-1929.71088113777,2.91851280693628
899.205051970794,-97.5653931307786,2.83337225112412
532.569174334896,-139.742037863919,2.95447783639748
2841.12119520038,-550.763961626378,3.09048215043634
2089.14742762827,-1957.33944303852,2.90088427846563
2604.72261568044,-1949.20475790442,2.99079431379871
161.19762782397,-1529.76937474792,3.02488595356563
624.602482131317,-1399.90965419628,3.05976831519027
364.665687748198,-125.682243677997,2.97173434664752
293.224566791017,-715.828718362373,2.98264455839481
1254.95177444597,-1499.12889454885,2.95614021306559
3043.62129021316,-1959.56630700239,3.08369485624
1669.33320410785,-145.46689120564,3.19421428656964
1657.15082796404,-61.879877765929,3.25249415646923
1108.25431628955,-1594.33513840367,3.08280911478853
878.309713424851,-110.93896882411,2.92330471805752
235.596011418964,-1793.15269822977,3.02235597883843
82.5779900581645,-63.2311682406443,2.74383759589717
3671.66604947181,-1439.39326047357,2.99245099639332
542.844407446035,-375.827301427904,3.12976721427687
2954.98951290914,-105.731830165096,2.80660942348856
609.994288789043,-431.496959413523,2.9344726822729
2825.43592450395,-6.28524800764523,2.91868666158975
1279.80487285763,-1942.28344742564,2.94812945677122
3871.92698419536,-288.820843063839,2.97998765770204
2164.53104509202,-1596.92338347098,2.92681329713306
73.3052955302504,-2101.89064403135,3.13711452513208
859.345278153796,-1519.84612204165,3.31978911536787
909.281136395072,-82.2953381400994,2.97653468490005
3179.12843418864,-459.917455015784,2.92081575149679
1702.46788095562,-103.026204482256,2.74533104553898
104.706216999569,-372.70234703257,2.91841743364629
1783.82610731508,-1132.32219395158,2.97032556810461
1978.08199289762,-451.459137043562,2.97918403691665
3270.42394570979,-377.213372141363,3.00202357003567
1315.06486906476,-228.897616448553,3.04318827388794
734.759778941141,-1190.81942267195,3.02035976141799
1278.34698429944,-97.3076845859262,2.89417845788635
3285.84815383607,-866.833076016718,3.06630031710533
1219.05725449997,-1553.17513952731,2.96315541172335
362.558582380745,-884.647614840533,3.066005147008
661.225477229498,-896.935890173981,3.03405177260035
583.844007880552,-1602.54411032407,3.15945533048769
3713.36267142219,-1671.0926787527,3.06065176814992
2418.06240762647,-235.148760597588,2.89252113553954
2804.98783618225,-1959.75467544119,2.99127388491557
1717.1613760557,-1916.45337797184,3.07114021913782
2318.49722611278,-157.294791343055,2.98671314908549
1276.07366958707,-201.984669860917,3.10674519301485
2181.18200288614,-219.203000015504,2.86952866030914
3186.09976682647,-665.740625140713,3.06792099079462
1930.18529848646,-108.511954439763,2.9851177782228
3714.43224308281,-254.623565067074,3.06275984009882
3754.0643100648,-162.567199804973,2.9683607686351
1580.49459263236,-256.459769651128,3.10796090505044
1028.23921842192,-1619.53580514418,3.20602099673332
1048.93403940418,-1574.65321959136,3.03413970333086
3696.46574821164,-22.6455631101626,2.98937492595622
2761.6916973875,-36.8711509522742,3.05946194939014
1384.93925753972,-142.850404786875,3.06534244828123
3104.87512920111,-1976.23949958424,3.08253356227154
1010.3629299025,-1021.05221027305,3.05153378781665
1930.48393555479,-475.355226761175,3.12322356734033
3340.61259261594,-1789.95952561033,3.14694072106321
399.47272812947,-228.564294970329,3.18879515562486
2241.06529547393,-1761.00999226578,3.15943520707696
2551.67447491957,-2137.63691918164,3.16010139116333
1417.32274489802,-1968.28696376252,3.1649035921563
509.862496882645,-1752.3247275097,3.12378210950132
351.919358583763,-274.888613238003,3.02065651213712
1799.94510591552,-1646.89571812078,3.42229668618125
1899.8526574825,-2182.65125491441,3.37320524708917
510.278206670583,-502.793113686712,3.15028506886773
654.701826632058,-429.999243617426,3.30115157541169
869.038690850063,-419.105327845832,3.1544104177192
1057.53206310612,-348.831552544358,3.01230172971739
1362.36112702253,-146.066002985403,2.92660306473884
2021.12580473431,-521.8867982216,2.9919327224288
475.609186918353,-142.309780235299,3.03914364681267
999.518402705161,-250.546244380178,3.22215648700753
1823.75761955941,-135.818646421473,3.01913965259662
1635.09799940053,-299.222225393823,3.13103540251989
1977.77699090996,-1408.06925130022,3.14654318839981
2611.43300781983,-316.939290099943,3.206898146463
1639.48130147429,-1020.13022156415,3.21250326026564
3609.71403520176,-748.252795406123,3.34410668753387
3985.24779468457,-538.734699043657,3.20001832978835
3326.89719497661,-1710.88313853774,3.2552980121185
1313.15315873001,-1602.85860750801,3.08981959574951
1942.55693951714,-1496.62608527617,3.50957149351032
3625.76149750535,-932.889061869655,3.50918390414773
1988.24598999609,-553.455968702676,3.25419475520565
3559.89294781842,-1626.37935619215,3.54849064660426
3004.74252403353,-1648.41975485068,3.57758817689665
1182.36504747371,-1907.69961807711,3.12053140764222
2895.60650062101,-1353.96747550789,3.35385598867058
2603.60016794371,-164.063099369991,3.36700813265648
628.090160755861,-283.135642716306,3.41893411903205
2405.63629844173,-2214.32449854137,3.40297788599441
3686.35293032599,-521.708623535684,3.4408808568456
1939.33599542273,-764.129091224115,3.56058173640736
683.182799770237,-1879.72386213892,3.37668634883699
1834.25662573467,-275.044883305185,3.40837115262029
1692.83401891823,-184.91515242693,3.25165271831425
2794.67172157252,-1378.01134584238,3.46913718444475
2420.68234717067,-2204.75044210708,3.59797533602101
3345.28214687578,-1737.1042680987,3.60341243871303
2527.87977201736,-768.740789191088,3.28903848366436
2814.03361687771,-163.518100480564,3.62269066646009
1886.97824708321,-547.327176459104,3.44943324838922
812.322094475574,-328.9560612839,3.28494066954509
2324.15603429177,-1502.75802982287,3.57884692010506
1515.82778680205,-343.270157092777,3.37003225156002
1447.49922369491,-371.138727217135,3.69966129808579
2567.52949618319,-174.322823892321,3.56257562787557
2964.30610629361,-1476.0277430578,3.43035726873338
1481.14029073893,-317.709461891578,3.67883790055132
1451.62051762968,-264.915692166896,3.54484760828233
305.3088736844,-2204.48744131173,3.83497140696222
1318.83547890025,-1512.91605183676,3.90528450495346
517.840071583912,-304.444557787196,3.79439280844435
1916.06049265196,-175.605027947636,3.72639145505133
1396.50922609754,-344.108864295694,4.04525130966907
1587.88813793399,-1687.95363680243,3.67226650060066
2034.57075700753,-214.852969322785,3.7030552216951
3007.95619738469,-1833.81614139101,3.85430625249896
447.425376306461,-348.394043820015,3.82060067050961
1940.64097868312,-495.526339610409,3.91778515563019
1319.25252522656,-184.982298553232,3.73658251437164
1093.26908712952,-2121.124936303,3.83882693695019
3434.65589542039,-1835.64573014492,4.05902882713595
1171.82619800388,-1520.88055545545,4.02092865567154
362.348582264829,-207.162983022636,3.80917541612652
1532.74274383008,-57.5940845332469,3.79660714003057
438.13465815336,-160.124508035476,3.94049557086526
1029.72227211634,-64.4828997446777,3.7577017268203
1539.93370308269,-1690.00501233543,3.9645152442581
648.2467792225,-178.434879052036,3.71180249435534
2315.81756803148,-518.775747438437,3.98536498882549
942.940121295535,-27.620531892402,4.31097491397213
2381.7780478295,-1619.5083986853,4.02637152423906
978.415195362844,-64.1284878971707,3.9749230632865
3430.76697851926,-1580.96414558552,4.49386067624714
3889.61571049399,-207.510867117974,4.08538722795852
2753.78208698431,-419.969039601682,4.13182696141899
1869.57175167771,-1624.84271073241,3.93704845203371
623.213119830854,-591.572956492328,4.22417911598562
1313.27557197197,-123.256334519377,3.98469510489833
2970.36582995591,-1943.4819754747,4.27232378461964
3512.50431709201,-477.180602037006,4.34653672890673
1437.54791102265,-1445.17842637052,4.4427247034462
2774.50811625066,-258.843869898955,3.9361429694812
3973.41452327235,-424.314554785732,4.33815299759976
295.177111082858,-1855.13327026101,4.35878556336728
2229.99015545417,-531.333252612542,4.45394847175741
2287.90692102791,-432.133453549436,4.48045661465634
2595.54977084059,-576.927042804523,4.61152879976795
1099.30219159075,-701.51718412431,4.59483888064413
3417.26903961451,-558.789734745426,5.02971829943356
1513.33142686086,-509.364339591986,4.9895909304493
3663.99946094908,-1614.76068434436,5.28431529397436
1687.80509580129,-82.8192032690775,5.12826802591764
2856.57109199001,-460.544368830756,5.40664408125573
3228.62320246766,-285.398069892187,5.51025248038935
1839.31954057248,-1250.81046663598,3.00744628207783
3079.87408865283,-1045.25961549715,3.00425642985578
2805.10926835444,-1262.00833487347,3.16172538938023
488.213145492388,-1788.82080866002,3.1475909730211
1680.39877104081,-496.27313362756,2.94639225153176
699.682898126146,-1701.04512001054,3.38878620574852
3312.39963658435,-2164.99990424421,3.09828190437613
1312.19804326797,-643.236800967056,3.25914504350848
3348.50838160132,-728.64862939456,3.55947886507107
4007.28618542443,-74.8162402443206,3.16515444041424
3365.19607334891,-699.32223293112,3.44872388873402
2584.05975481807,-1673.41597058456,3.42226958859742
741.227328975683,-332.320615180573,3.5397692858281
695.616036789191,-2065.59792251265,3.66107193239638
2314.44014863,-1554.02695053934,4.05221180079034
1641.84236649535,-2105.09398639637,3.66367285346335
1498.85849172244,-1524.40474156359,3.66092811882608
781.415473174971,-1945.66731986192,3.70862688631853
1662.9175533881,-730.039237639626,3.80206396747158
1683.2764119344,-2028.56748271583,3.84595808322598
1720.44317682184,-533.856321145746,3.66282756682634
1263.61949702554,-1418.59808938984,4.0024139362114
1683.72323672108,-1188.5812522244,4.04818749823704
520.394545671907,-2196.13743217762,3.91929911231862
3774.72373610228,-901.233491851193,3.8423788506194
3910.69147649154,-1178.71799605202,4.0829626806809
1644.33933860683,-2076.62397365555,4.06049321218942
1134.88370118446,-2155.53429017116,4.09715596902815
2280.03491244945,-2202.42924406653,4.15599880022344
403.255436864112,-88.0900918833428,4.33050124007991
2744.5852325035,-2086.55886544624,4.50566148654275
3830.78817014404,-1079.63725689202,4.44748126464615
3719.81391756225,-1556.09259054258,4.21629396517355
2607.49098029404,-1746.39331250999,4.60191692909371
3897.11611081314,-1024.82435985349,4.45382092493765
1872.61872859082,-893.37424125589,4.42934358172195
3933.33644728185,-296.457318928992,4.77330230012565
109.394302897479,-536.351119108169,4.73125460258372
2113.26076276158,-1027.17623287696,4.81579561588043
2285.11159932594,-1727.79022980172,4.59562553185065
2052.42960214006,-905.661692663091,5.1469459046521
1696.30337237624,-62.1284906616377,5.08762304864358
2320.71780251913,-864.052939680825,5.29640345962221
247.227055738032,-196.479489262171,2.82703308189485
3664.79841700931,-1530.27846815401,2.9799255293785
3044.63004384135,-1462.35894292326,2.81547344861423
3116.68383800358,-1363.44272058539,2.68810798038752
3952.96328182058,-1347.46937471944,2.76854619222357
3958.51353543426,-1447.42186889444,2.96468689553993
2910.68798955668,-911.986227977278,2.71502251853404
3688.75932269412,-60.2352852080353,3.35211277433419
2141.80020565543,-400.660373968755,3.45017595583322
1598.63249990174,-959.797644558801,3.18798253337427
1551.68913260621,-1480.63227200634,2.96024837816575
215.887066760062,-1950.06907036121,3.11942608676569
3307.73156677227,-372.509257242081,2.64495778047712
3775.38394753871,-163.023516183434,2.88551800176441
619.234895304567,-1202.52518557606,3.08299096841059
2374.0085327423,-1161.88977975968,2.99416870176793
2647.05048560305,-1516.15119839409,3.17330517540542
3334.63617522041,-97.7828261963613,3.14315229490108
1590.62360447953,-1595.44263970638,3.01938306300432
3026.01464536647,-1264.14270618476,2.92876643785599
2035.14550586924,-1139.6845025583,2.88186977047775
3481.34978633484,-2169.68005591247,3.04897946343939
1702.91005039219,-1417.98675046442,3.03323151354606
1196.58972690247,-2125.98246618481,3.10207463456548
942.89440488204,-2101.22188943956,3.05648753063287
2526.32537997455,-878.463184093719,2.83217893062826
2925.80849270149,-319.50209942456,2.86478699758642
3878.14947606381,-1116.06338410537,3.05569032271518
3944.81687673511,-2100.60008186548,2.72877080384583
1489.51442912565,-811.359949818101,2.91504444902714
3519.13731155045,-1947.89611170912,3.1932416024768
1030.51585678922,-673.369315210602,2.94615656364914
3834.42832008882,-169.775609402871,2.91440390700939
1225.00697368655,-1607.68450745232,2.94850664172063
1763.77464807459,-1989.15323168381,2.89853366711087
2942.37425060877,-41.9579842236877,3.14608726242945
840.884614877152,-803.428009368468,3.16941834865193
1171.27322168748,-1805.06712829438,2.78654898008768
894.411621993281,-702.288752243344,2.86290718712843
1657.03766790219,-1991.23036707522,2.87756720061415
1296.15708915715,-2025.93338590425,2.75691211263741
624.777213650342,-1784.65056818971,3.07662436823348
1823.66884509164,-1057.0668505638,3.13116924139605
1626.1291334444,-1747.9394284227,2.92977968499866
1172.79827104982,-318.323798244037,3.30691572482022
1120.28862995064,-1706.58719164139,2.87807717493739
1153.62994407624,-1619.49031461629,2.97247831954181
1487.96439508593,-503.614528959663,2.91695516797149
182.07386467702,-2143.12564477284,2.96179100335677
2799.98938937075,-41.5028506612488,2.85750998489132
3140.26577075726,-1774.39716139931,2.88827817895987
3107.21866934012,-1874.45514450141,3.28613307547817
3416.02913949764,-321.727936321141,3.06971076697228
3896.64678510586,-1788.47418681413,3.26453340553276
1171.82872980585,-76.9113045151788,2.75802590887745
2413.57575368356,-1534.96814638418,2.71729624619553
2934.76313479191,-1647.44150686422,3.19758519689741
3828.82223157391,-1379.22054663101,2.866710803449
2271.2740788544,-1398.3213153816,2.58604055742757
627.924018210172,-1935.67522271831,2.969869950211
2091.14130546097,-640.487218226634,3.05702408183164
3315.80183248735,-1189.37654289673,2.61905911559402
486.13830196892,-1041.06832815619,3.09162154873884
2858.02651332844,-262.441569764806,3.30770366593311
665.700547746608,-2202.44026527869,3.09315069524697
3309.97605089289,-1508.35731922203,2.98059368865036
1311.68975630482,-1452.48612909999,2.60869436132139
948.019080429696,-347.712657882321,2.99566960338221
437.794996341336,-357.120402180096,3.24457376447209
4016.64743230477,-899.78872655984,3.0420566512272
1145.69461420025,-1677.22337294928,3.11815667200739
981.367005035951,-490.055288452726,3.08088277402116
3020.53896085352,-499.814191277014,2.95069989236811
2936.3849017404,-1059.8255855291,3.15325962140428
3829.66660691224,-253.318266694478,3.12957099828412
2883.98959750909,-2063.8390853942,2.88966261557944
4064.84274396423,-54.667426385049,2.46550480136127
1866.67055213876,-342.754096484078,3.33300330606712
1909.94615541015,-1308.3895720015,3.27772365014466
1203.81740105611,-771.13230252752,3.20223253839867
3213.15872224209,-1891.10340724798,2.69352566876944
1404.42506398481,-2199.06554322186,2.62200530225499
1767.65450838284,-1031.81273635184,2.84951350646065
1803.66141043884,-1945.24154243831,2.95355766820809
217.743301829666,-877.700894605357,2.96905982224882
1823.0558205523,-648.774327183055,2.85148913852173
782.922506193442,-589.3134673734,3.03626857261171
3475.94510233974,-1255.76087172086,2.93925099367932
3621.03336384592,-1249.92908308835,2.88712589729354
1806.21103796567,-1380.66989091331,2.88294421409109
1041.20088714227,-1904.52058872325,3.54389574073682
858.085710936933,-837.605181467914,3.07598520272674
690.53273191854,-401.674971879586,3.13150237566072
661.625960722498,-1478.03739572998,3.01973704064507
2347.3874411037,-1958.47525823955,2.75658703800205
3994.94791441806,-724.170349466732,3.02482585107415
2920.14085724367,-1938.50509260023,3.03997993127002
1240.29871493063,-1084.95628818905,3.22891310569398
592.559627675562,-1842.53254790321,3.05771905511545
443.174318574995,-1994.08888763905,2.93677847413499
3812.74955079107,-238.769715307055,3.06382755424978
1853.70856375718,-47.1310884015088,3.06781869243607
711.60650218942,-548.973134833232,3.24603312599783
908.229080996506,-751.272183858037,3.25679834246897
2232.97902652882,-552.60029488993,2.99223634153337
774.118846776107,-46.6630990896572,2.88409579494922
1836.85958686352,-57.1411174423792,3.18063360504527
1544.71884592887,-624.229445755649,2.99322107753258
2225.36893681887,-1248.62757696923,3.22617713628881
375.684928244698,-1067.36672166895,3.20439308084117
1566.25653801607,-1338.45187539899,3.12422168714273
1117.6060513682,-1811.68649527458,2.88944405978718
963.482555290708,-1212.90332207557,3.11225142819926
229.852456410459,-609.655781779819,3.18449842155199
1547.71132689836,-922.184102205054,3.23915964324188
2649.51586602171,-450.450205041152,3.00019095785852
1346.29415543957,-1600.63441326802,3.0146797215805
2504.07175979509,-1782.68753527894,3.22663221210862
3963.52173276084,-287.85877863074,2.88487379529846
754.166044023794,-980.003692318656,2.95644310413462
2107.49088000112,-809.926777877119,3.13626194739415
438.239193883299,-667.712023299178,2.989496685216
1686.26547467742,-211.305728054057,2.94433007204038
1432.97845524396,-1869.40546459664,3.0167831788673
1390.28832731579,-1433.48539807697,3.00519330326618
2326.13633779658,-1545.23340017512,2.83358544037545
3093.66134101071,-477.233599017033,3.05172373584053
2729.85645482308,-803.611752065375,3.16594558057894
2969.40747481224,-1406.39208660856,2.96862192197204
1467.01370924222,-1369.68755432332,2.94781767932827
1557.50057105303,-1222.77996184035,3.09866685988878
1754.30071439199,-48.8337645726879,3.16693698876207
4018.78134635369,-122.335753013117,3.01162344552318
3525.40875313328,-272.821899039156,3.32368506767152
3492.89862834097,-950.485632677655,2.91354579662867
1235.8759934835,-257.94945574491,2.99779079882678
2073.15443114063,-768.708346987062,3.0293181884607
1882.70658956336,-1048.12083795884,3.14746220106891
3246.02075320816,-1786.75829920013,2.92476980812848
232.11235004409,-822.645139243852,3.36413231599854
709.838539157955,-385.040612973846,2.73886454084622
3148.77360862188,-820.804276158426,3.15775731812303
3696.6212000183,-2082.66794112767,2.86828021411236
1023.52308334236,-2047.06213185434,3.00455358322017
3383.13316589623,-1098.16216585541,3.19105447367177
2221.26641120364,-982.506869518555,3.22914538901743
1398.35032562606,-2164.56904184988,2.99207894066083
539.916931746025,-1354.96277426402,3.15907576710766
3707.79854718232,-475.298242062833,3.2012425360824
1560.99964533843,-1282.42619831833,2.98609057630492
1883.85609027339,-1789.99922146923,3.43974319751353
1210.9153022947,-1314.81090187203,3.26725327715145
180.716844372039,-2110.05443384487,3.29746297428416
2918.43621805174,-1462.22767360611,3.28766884351838
2628.8710389377,-302.80445851245,2.98249858762919
2975.06872279126,-478.168104020784,3.12189460735234
391.34150370071,-1646.63034045533,3.47618220595496
748.505566832015,-1839.14323024144,3.13350203981078
2423.31469253742,-346.581718534441,2.98701999866151
3696.04341060028,-585.061412228953,3.0951197181353
508.941357428395,-1415.70557368588,3.16772702791364
1247.89325434132,-94.9295930621988,3.22915462242706
3094.87058271607,-1250.41835800928,3.1045212216672
4053.18749926602,-1372.95206226862,2.73720686107915
3182.4841116552,-1656.03728478233,3.45623363762401
3970.72417032227,-1126.4668014139,3.32875238840865
464.213979114263,-718.286032512902,3.06037656007785
214.059043051568,-22.5540880318328,2.91996041098306
2098.78686860944,-129.546219504521,2.86562717662117
3073.7005574928,-1763.4266401877,3.37829293604361
1306.9768750912,-1297.1049580187,2.99298533996539
3981.08058308539,-956.694933701565,3.23781301341672
1578.96227722825,-925.181082688823,3.03177417161026
2582.97524929193,-333.29231846055,3.24319637164554
3126.21393723303,-217.711543437439,3.04796618610916
1116.64600113834,-1575.58815081568,3.28419320060218
582.660236939726,-1737.75274023976,3.27627174263581
2783.99251028901,-1547.2021832717,3.09213306731456
3633.07127111005,-1968.18025925518,3.1448033650222
940.171535424227,-1768.44628358343,3.17064119093647
3999.83307047608,-257.891666194729,2.93437880008839
3933.28203005626,-1682.85111372573,3.15035819454772
366.190068678324,-1309.21780340213,3.14263745935988
3227.70298072711,-145.607754214944,3.05250095887585
3852.775688673,-1602.62129882519,3.28973790318456
2063.45216942202,-584.90977767887,3.21541877849732
1085.98678339069,-819.15727540086,3.13191215045483
2151.07562955529,-1080.52380908461,3.23088327404555
1375.42412097708,-1232.21001165514,3.08368899646185
1401.02685309735,-487.075832321757,3.00318827980054
3140.67484881802,-1548.40139882369,2.99122151567398
805.415635483967,-2135.24900859518,3.08923741162568
2063.19489369604,-195.917241917139,3.25864635102659
1995.97303751626,-758.602626094987,2.75184687276867
3243.03374169807,-1877.33512447274,3.14351154513615
1394.04941615008,-744.320468843754,3.29985682220789
1312.0026701573,-1324.44075340468,3.16357278095393
1527.45378666946,-884.862076486964,3.22892556709006
1683.35970301362,-580.108779328519,3.97308455163839
2005.16812293641,-2119.81652210135,3.28536672555909
2931.30761581296,-514.609012223001,3.06584288868497
2851.96377148109,-1190.79624436869,3.06907013062552
2500.61511476997,-1549.5563013721,3.09818271500269
370.020771335235,-23.7206904002847,2.97002128008299
438.955214463182,-1106.04312838173,3.24465475065699
3365.51658234523,-698.12368189524,3.0505450890031
2323.77158617523,-829.353153279363,3.14882749241794
1634.13240889858,-785.091991878669,3.44905650729326
1463.35742915267,-704.713640178466,3.34908614927678
2948.60822913864,-485.436251793531,3.28003053907783
3354.06093674823,-1187.00006188409,3.02241093795846
1148.68776608817,-149.869026061082,3.34611562125311
1787.64281791599,-457.888920171768,3.31596697759996
2638.15812317097,-788.173489466425,3.49013803250282
1894.89394672686,-29.7280118065426,3.15675166546594
2244.67334892715,-1528.3112632515,3.30656049801093
3647.38098929208,-1871.20505577697,2.99172894343247
1010.79058639061,-2116.53342356233,3.28000371758717
944.130952628274,-1658.95212703525,3.21028767041119
87.3294998536725,-1368.3837687592,3.35961230361666
374.26637303185,-1527.09196982403,3.56800742826727
971.793156245409,-151.996764505061,3.46145948685729
1918.68326339821,-1145.28727349165,3.03470485250684
492.310558442728,-677.472178616088,3.48588501748942
2075.6039104512,-531.064124552155,3.22426476266236
1978.26197955965,-522.058231931178,3.37064642450047
3230.92422148451,-1368.21346199672,3.14158351765256
3606.49500482797,-391.200830836589,2.96872082974468
2017.32654184584,-1495.97018523414,3.19462454348641
899.956928884888,-231.125654015309,3.29731802738706
3242.72515601561,-1888.09856147569,3.49038761582693
2744.49426828025,-1742.53135226451,3.1461598722658
952.428944942621,-1903.52163569155,3.26729587552185
869.542929721969,-149.618181883925,3.74392647071252
2978.45692413421,-402.3618531935,3.51877502958733
3105.45593214886,-2149.41349418356,3.32431367713984
3441.03930170231,-1758.60830538545,3.571611395514
952.271900194338,-1230.48954184604,3.27633156048836
1739.16174088165,-959.854345382895,3.40112804197001
990.103632581921,-1835.58236174888,3.55607956138498
654.8073019911,-399.542343911907,3.26191238219517
1377.59978798218,-1958.85805179278,3.3321047884262
2732.72247798507,-1572.13884959105,3.41179293180281
3614.42622306235,-1716.30148733073,3.44080438429413
1585.85497311942,-1144.85146796359,3.3538759776534
2694.72944946553,-484.529518810018,2.94335461049727
3888.46325300257,-523.499718466965,3.50577419739712
3459.38789348585,-1380.88466605869,3.4505167052041
456.733021481274,-277.50838845961,3.62884123288771
3062.52925957006,-55.4285094870292,3.33526267953835
2038.09822883764,-895.179976576405,3.90185641434649
1046.90337364365,-441.413733398447,3.41091017011805
2137.81090251642,-663.602734695585,3.51367271298532
1928.74163157177,-2156.30447479214,3.38057272193694
2691.04458429521,-267.25293775515,3.73168801677207
3211.7564959486,-1525.01732834681,3.34570698222997
650.868784129215,-1913.46334486876,3.1865214218521
1641.15516050571,-272.412384593239,3.37231878371291
3256.77733896048,-135.515243909601,3.46731556270163
3320.04699447574,-1608.1404276484,3.31695248435953
3840.11454014821,-1646.89361085474,3.42427597506048
3489.11396036241,-1837.54917894947,3.49293712654293
3750.73255539591,-1081.1044032254,3.30640560733374
2420.0633230483,-578.525122644208,3.2688909077605
2008.49196447101,-2052.69381235605,3.39925456670278
1127.26382618762,-555.259117360714,3.73391640925724
839.461887555883,-1019.51010569921,3.38696862159223
365.181509512682,-281.668023768957,3.43507419376405
1891.93130357866,-1251.14634759823,3.54751743865115
3939.19741324469,-994.506514021329,3.3652374168558
2700.84710811006,-685.491593888926,3.43487890104841
1261.20935641857,-869.077873028504,3.38898307785426
2790.08135772246,-525.016928403491,3.31970428385053
3607.74368925781,-1774.01844554443,3.36321204655241
1937.99588265236,-1397.56079971045,3.46302361951745
1212.51386798765,-1177.7605127592,3.36817472270395
3656.62495846213,-1670.29506554173,3.2237962979993
314.231200444122,-1982.66799289673,3.09183556273874
3600.03868521573,-1424.82769211296,3.21313298668992
4048.52342311921,-1050.64663654346,3.64921944628563
3482.12947247407,-1462.85224083665,3.60664701375506
521.360741437911,-403.149467584919,3.38935817399341
2000.30722585419,-962.644210783534,3.66363881863232
3330.63328157752,-773.649778102282,3.43893029285506
235.056677847733,-534.834950177921,3.44344525875383
1439.32796914074,-1268.4247343596,3.41163932015952
2622.2916445845,-57.2500047104643,3.11314343389301
3123.35317188305,-1386.46506822989,3.93821778920835
2909.983104414,-1769.27718139984,3.74179189016977
1065.93814187251,-1688.05872835931,3.52478363715208
3176.71745266763,-1382.16202952005,3.43617481852783
593.906095238501,-77.5440658753616,3.05710189265985
414.411820629761,-577.998669643161,3.4096844613215
1833.70735111547,-753.285459250947,3.44480655266202
3737.56297972872,-404.878415935978,3.25165481531011
3687.96385030516,-1319.12895770703,3.74634313830905
1393.00008325891,-1147.23810731872,3.87744014401123
323.677541761842,-641.011841109968,3.45149795607784
3862.39464337243,-1435.14345331597,3.78501121813889
3247.05719908318,-1962.81399590372,3.33439375054501
1399.69626828405,-175.555048180042,3.64662618056656
2281.43253625863,-728.615423500244,3.63873575780506
3707.71756357001,-1977.84164842564,3.54645112273506
3601.2246828754,-1191.6134566241,3.72826002114452
2180.13788277446,-593.1644636599,3.60126101609078
1014.33844205591,-2208.65164289231,3.4656570401843
2735.90482245926,-647.042701977691,3.54573925390575
2231.65972650271,-1804.25831710185,3.43919259080659
3057.20528793992,-261.580905040088,3.30109631193695
2955.17270109867,-891.061725752028,3.43675475261942
3744.70834388615,-1790.38063480041,3.54226114910634
2978.86631908165,-920.416213314664,3.6885806777328
2727.64379707212,-2071.7046170636,3.70118652771153
3752.11525740313,-1340.01109000834,3.70386202115972
2288.16454159563,-884.17721386617,3.66400013958079
1960.1058364134,-1994.24805106766,3.57054091071668
2238.40167658329,-200.894140944297,3.21436787069046
986.756857844215,-2165.43437629917,3.75372995596301
1559.43011023155,-317.884687105494,3.62455216103302
3297.99020461971,-1688.00631643317,3.33159699370886
2851.16292846679,-891.73687722891,3.62741293437924
2594.87505791425,-1880.56211157082,3.78883895949491
3026.09661552734,-1001.09173306621,3.61232695980759
3843.49676063407,-968.644277731071,3.65727816750787
2511.13710598355,-298.936627105673,3.78263876141603
3338.76368516953,-1802.17880159629,4.0797103269589
2031.18242105192,-1562.98920215978,3.68850435638824
3900.40784261868,-1466.32168307829,3.9175246701123
2913.25195288987,-890.476727207591,3.49676312361718
2052.61653672696,-2096.16756608919,3.77335737153301
2002.15848116873,-638.74280521087,3.691934346717
2234.68670515108,-1197.61395405977,3.55923576321098
166.589791806099,-1067.55813798025,3.70372313896239
1781.39925486519,-237.274607747109,3.72715738402617
2301.85692064985,-2056.73462238483,3.58488884180575
2391.51871064067,-374.890252807776,3.79352560710582
332.969218692982,-949.414680991996,3.80650471395184
1763.55800637803,-389.114722008078,3.62866246618603
1000.02535323575,-420.41595139616,3.66438362220557
1809.95663407408,-1299.21250935129,3.7252208261558
2388.56777284042,-1410.84897843536,3.65957570340682
1531.41241462121,-963.220079595621,3.69256087941832
1633.54626657804,-1196.95469120047,3.75932057453955
3062.96923166587,-1354.97386231952,3.55812684472224
3126.27352053502,-1289.23809573194,3.68888920769496
1165.02357506193,-732.62554771343,3.60817413792649
2434.30439337145,-425.506719934618,3.6483563091381
3907.59512802776,-2185.15756224956,3.71213098586113
3344.42032983069,-748.035497950398,3.63887124572597
1656.36124071684,-1657.35305985951,3.90443718875253
2097.70838588618,-2103.94749366171,3.6470389558077
3224.21400453856,-191.632797001881,3.85603345619097
381.686612003882,-2051.76423813723,3.20482667950885
171.052340607805,-2000.90538136602,3.80627568781364
3112.67527994846,-2087.51381319445,3.71088079611498
1929.36950092777,-722.566080014493,3.6225585778751
2096.65927945496,-1756.10151997294,4.33364723698195
1366.59958028968,-222.814707554605,3.71560003975723
883.295248114638,-875.373285090739,3.7643967981905
1767.90980603792,-349.058342018217,3.76473711725534
1991.04914003523,-1815.78345745565,3.78584626625067
2204.36889755736,-1316.09286498066,3.72581443577366
1810.21545021815,-1663.03055157054,3.90209071844872
2149.60377011327,-1471.15297992157,3.87530222619142
635.221465816323,-735.724909982263,3.84819110169462
2983.24603536698,-1857.49965534975,3.88484396285743
2022.96942888795,-685.570434534205,4.04028985847611
1199.3932181143,-915.72291277475,4.43105099566049
217.3987131186,-141.428466324807,3.83695581549378
992.74515639493,-676.497201067848,3.95663617844092
3975.67684934409,-1806.85960580011,3.73729390993429
1743.21592548496,-1669.38591803632,4.18822670308388
2906.5582273078,-2121.29925731968,3.79481447336741
3314.11670187613,-1000.60902332867,4.09932018677637
272.781837556102,-229.184778051171,3.97052114804209
1925.8708576327,-350.402346934459,3.95796690406508
2155.64247933008,-922.47263485236,3.84270572481731
2489.61364623858,-469.130984265794,3.79710224240708
807.598008035024,-926.955111894824,3.90753220502447
1837.34850027915,-1886.22581197551,4.03096394798987
4002.14757860993,-831.69865125298,3.99229331535372
2609.30848070362,-1807.50810308475,3.91266768119771
2185.71505269101,-1363.51394579755,4.11296988647381
826.23267583062,-1786.08025275058,4.20586931312575
728.557533186689,-1899.28907817577,4.13512130767032
3626.42173209487,-1365.28095223512,3.99869154382923
1334.51506697896,-2010.34043341169,4.19117822563846
340.228393265482,-1429.54673296985,4.04236425719501
2000.23831862896,-432.000384296988,4.49084335196255
970.739589476987,-372.433388882553,3.88826342204027
2278.69262414632,-1718.0990076765,4.35494028711673
1038.09610310149,-193.972754025262,3.77968241119454
2100.64895664391,-1914.791385575,4.21188609634234
3521.72600858928,-554.613467452114,4.29604053199342
253.815543353433,-1017.74158510404,4.32264882197392
2263.10879149966,-1361.36755830456,4.42931724724711
3707.8931316621,-1186.04443199585,4.33957035650761
1754.75039545543,-1219.55329031998,4.4961065950039
2554.09713095379,-2117.53562186088,4.61310953840559
293.461858337123,-1196.71743441391,4.53509074169744
1251.58148360444,-437.333957293156,4.5764737953876
3694.75497987568,-972.007335963596,4.60911909865259
687.13797577254,-660.675638724114,4.60820110716705
922.226226137006,-1992.61360136751,5.12294233544408
1323.34796353567,-1702.01316574126,4.54846883462696
263.202843025895,-1328.32619694082,4.80125178440771
465.512131354996,-1954.5353356262,5.0670613605285
2321.62377187571,-868.325452703956,4.89155539595909
2903.86291252102,-1428.44837444509,5.19454906440832
2938.43574474763,-1607.80134836727,5.07853255145656
1176.38794451706,-1820.13192233294,4.88163287217689
1674.40299243004,-1497.36320400113,5.05980265790065
658.031654115362,-1445.2752176051,5.30684362315137
2025.58971507959,-866.000715524061,5.34807543911132
3338.33053288258,-563.523123923649,5.69095611925387
1724.50442289855,-1099.14871367246,2.92589088608822
1109.40393450513,-981.455888484316,2.98006200865737
2545.49962426235,-1868.98079740412,3.11721302978527
1019.21422335479,-1552.09621397873,2.91399371992129
532.356504747868,-1319.11528679243,2.80685521172928
1453.86732190672,-608.653681856375,2.85952728330427
855.046606869698,-1136.39183580961,2.61960658075962
2948.97630845007,-685.409601783181,3.22967433652093
1588.78664932249,-590.28182385556,2.99210628434855
2290.52092745583,-565.629258600035,3.05001029677838
2142.48159576949,-1092.36856680063,2.97066497260051
1256.44615992865,-567.704481319258,3.13090542943981
572.043877510591,-380.301443428932,3.11025749520087
111.796020929419,-333.18071612115,3.04492172603413
1762.43358259323,-554.008346053789,2.99597785758856
2355.11546866133,-1738.68633536267,3.39821650213749
1654.29171059902,-601.388757657814,3.41121066058009
114.056051148121,-53.8826342331056,3.48811139158833
113.081826518709,-452.829327741985,3.46873140528539
2028.83310227648,-214.511838686527,3.50567096528247
199.128751186001,-554.218077602476,3.2050042500421
360.670865366474,-486.405666582844,3.35000068807304
833.62932658813,-1233.36171870363,3.4785404294564
827.323423266433,-966.26615838222,3.56049048727221
3202.44450088738,-1894.3368254157,3.57803627413901
934.049402570701,-822.578238691929,3.82574601093701
1485.11970264326,-873.444002380376,3.97307881880375
2140.14111723396,-508.828373560806,4.03291857691249
2202.16397729329,-392.579969591922,4.41236320113359
1885.48383495408,-1703.16347862375,2.88762826106361
897.548650294009,-727.329059542807,2.8579498080562
771.659878119429,-2101.14657027166,2.91005672299033
1851.88444202098,-1088.71074232655,3.05784716386904
852.191598357578,-1874.21884277478,2.90433199597908
570.432978759529,-643.3798037317,3.20491525764911
2648.68846553226,-1806.61897656726,2.76441259697597
1488.36896905495,-1180.91291732663,2.91402494117952
2105.86365419854,-2208.15368632002,3.10073111149668
3655.78033711116,-956.307557078465,2.94640622630922
2866.39825743316,-1913.68420416926,3.03216183007858
186.301701364145,-1478.17787842783,3.11591344895761
346.645874608243,-2185.20971923455,2.95115042976171
564.014518482871,-1815.52110488357,3.16282680538679
3655.78252087802,-1771.76174134612,2.92953017811777
3681.56802653245,-1184.6024046413,3.27221362228565
1224.50992370203,-357.545627756625,3.11892232453593
3375.46786959178,-533.640168585708,3.30877961421952
989.426338262504,-419.336163611832,3.13907465446132
3258.2769081365,-2006.11458837747,3.39805786523322
2774.48087502497,-272.216452418287,3.52027225128599
2470.59619098204,-1719.71260105845,3.78338538631224
1041.17627705648,-1272.98766318999,3.59334537307456
2574.62714994043,-506.230377853201,3.82868385988497
3348.82616236502,-1794.55646706002,3.81634073365848
2094.9008336651,-1756.94581786506,3.4348083574102
2080.97525023151,-2007.48246816535,3.60917674277204
1971.5046222295,-2057.46940072436,3.70236525176204
3259.23503103412,-76.3556162060656,4.04171149957487
3824.25507294809,-192.41229920547,4.15154081658297
3814.47427575981,-1068.78264607443,4.26173477932465
1553.30963494314,-2120.64346434775,4.57416979924044
1676.0910495922,-354.249336916465,4.41583753528718
1713.80817964803,-2166.73500592126,4.88492860936823
907.783813468989,-1999.19824346148,4.59141854185071
906.290500768052,-746.528013755345,3.33122749178082
3622.86137936703,-1872.69597545541,2.55386838668556
788.413504617366,-181.602979514332,3.11546573654147
613.391732343849,-1148.56928811814,3.03518385570923
540.802142583753,-1356.59502296323,3.00572831453096
2795.69423276476,-971.14504447302,2.93227365753767
1390.33860375682,-742.113560001795,3.15120331481305
3345.05353692689,-752.176373520795,2.98416951162824
3635.33030665343,-971.105409914421,2.99588062220929
629.126765632691,-662.81446987955,3.19054273927005
2047.73135848572,-2097.27390722777,3.76534457239772
416.53435440698,-572.430531649757,3.5237415934446
810.079711534064,-779.635595662861,3.64896835374821
2875.58458521272,-2145.20694588686,3.50613826415393
861.336197260941,-1083.48208524185,4.46805423906492
3453.34630781402,-1350.18257033375,4.98786539193445
1134.20197129681,-524.345013197373,3.16095238589397
3064.85270191181,-582.677709469287,3.18690439761381
3280.34062854467,-944.668408995603,2.82620229612258
797.149913486852,-1206.57747660086,3.01813951788685
74.5451156798129,-1455.66116789477,2.98097224608688
2216.42661945663,-47.8124776978067,2.77465195478242
80.5412983176267,-62.0663890181385,3.07983982999765
1498.35278984966,-1902.25035359271,2.65560901464153
222.05285736379,-402.589975930305,2.94115186039242
879.457021036303,-1861.30694266867,2.97736996221423
3662.61788943572,-1272.58175898502,3.16284566637716
3103.90072819131,-773.327250125193,3.04489809405222
752.685623865189,-1243.42096670004,3.10302823242277
1433.10336451334,-1002.7669368568,2.69754159887396
530.259247894195,-1395.47238240715,2.75083029007168
575.476959025005,-1316.34560760342,2.83504092867319
1889.66729764732,-1581.66053511653,2.99187104352222
3830.99490157955,-2128.37281561467,3.20095699146465
740.483313355858,-1459.4553438414,2.94019053832032
391.713543605237,-1369.41841642535,2.99791831798349
2318.01928357178,-467.119148051286,3.02168326512755
3393.00451219393,-1963.90096956774,2.94699676458552
894.380158041293,-741.794738610935,3.02021175423868
743.403364920887,-836.656952455296,2.95998251646905
1734.58082759567,-1838.08786460948,2.84630356043659
1881.04074648833,-810.315448649894,2.94562274822469
3861.14103244622,-85.2009519469017,3.1739231453555
2664.14561192859,-1720.36659706572,3.28249261858037
3099.92012997286,-260.282635777274,3.1311181095386
1214.44321789352,-1055.69105980424,2.88728815174973
729.127990927152,-1944.60637277592,3.2226393429331
3705.51271240507,-760.426093093819,3.15701583333383
1748.03927937648,-193.470775624972,2.87371646496653
1129.91799880772,-1156.54855110999,2.92878234222702
4007.28302008964,-1097.05443618531,2.98220316257765
2440.8166668787,-838.117915220112,2.89466556549162
1129.14342979333,-356.443070609792,2.99889454915371
1487.38218697403,-2192.7380002419,3.23773448181474
2982.07520391109,-1987.32191133148,3.0361068140214
521.442855468897,-1337.66494678533,2.99680721231555
1859.15454217409,-1243.21029306955,3.06263572996214
830.914666133634,-1763.58284905142,2.97829212950729
2339.15907837278,-1313.22916678736,2.8815164697403
1813.98693345244,-1703.88600394554,2.81419613923649
3562.04895670254,-691.934751564265,2.94039578790791
1875.69847888352,-1476.47123944426,3.18817889458133
3348.5754670481,-2052.04366466068,2.97931891024513
2014.9254298674,-1853.10926495492,3.0788376174242
1892.26364879721,-958.843024421173,2.83252117807414
1956.9391802951,-968.888237197704,3.17515288737779
1666.44012891872,-139.816728585774,3.04227897999616
2984.33836605071,-1675.06857037017,2.8359650025643
234.150109313046,-2220.48184755996,3.17863791142044
77.9722314891157,-1035.28545245821,3.30451671895859
1822.92249962205,-77.1355947868454,2.91522397360293
2584.27030432713,-2103.22974438306,3.43092497820019
1737.96664840048,-465.230344485642,3.16880003645344
3858.94213556596,-901.989997696239,3.21505316781557
3501.5186485914,-1795.21121674108,2.86176478744303
2290.59778092926,-1659.58338381867,3.14352848814248
3043.05828842064,-1664.45990208846,3.62739105674317
1139.61966924408,-1344.51864632253,3.1984630270244
257.257297976627,-1109.02085238589,2.87861752445962
79.6768438361188,-721.37880687181,3.58042421264174
545.934299818359,-1764.37267852304,3.05262440372865
3835.33375922353,-1084.20858263772,3.32839865019629
1812.68719795865,-253.244246373224,3.94483318582961
1329.96188150835,-1627.4723355846,3.57542230436375
2403.85848415911,-121.49654438142,3.52507069048163
3645.00487171839,-328.280826831427,3.76435029472351
1499.12783673065,-1730.4836422165,4.26683793749184
1592.19932981717,-1687.44222394582,4.34951903376488
2039.21038004778,-904.346402011142,4.7974941416091
1445.42691309667,-2169.22001223854,5.31302370076387
3980.49549241808,-1587.33969383897,3.53465734196489
4055.74365500011,-2193.20692611335,2.89007790495519
3681.35794986226,-1790.6852131112,2.97992403393165
861.798566857257,-1564.11284642758,3.05724267707076
2867.63285904323,-974.167678922347,3.04232934604692
1318.75180508864,-1579.74882753275,3.32697427757029
3988.35217794974,-1312.03556209399,3.13776954341535
3794.02046183842,-1268.5958902883,2.94982856403468
1529.47353907324,-1036.23513441855,3.15813692797364
867.435688479288,-1658.27636141656,2.94669533017665
2057.4769324296,-1211.84180418082,2.46656712644272
492.413929077692,-1203.85874000371,2.93181565894004
2194.46962678389,-972.931275670192,3.29104108691601
4063.5197052661,-1547.69327157655,2.73070984956131
1613.82965256587,-570.758541659249,3.39712479183942
1309.56702906105,-1399.28343283102,3.1723788649127
3597.22627734517,-1301.58651777102,2.97465946779967
98.0565321822222,-979.453706595403,3.03562753920038
2296.10310664259,-1413.04143314942,3.08300783057229
3988.30569125019,-26.8555542847712,2.56245220823186
2981.8340132452,-1842.29526750545,2.73743809923002
2033.85936642831,-1281.08462069597,3.36776860396556
1006.84920136465,-902.320293373599,2.64162759643074
863.947088155951,-897.596580242863,3.11024837799059
1606.39317197649,-837.607380713725,2.93034097300985
2183.17753119378,-1582.63630549346,3.1529636193384
3270.18259631631,-954.587123315393,2.99437520807103
2428.04049858839,-199.682000165008,2.97665838591124
527.891429204019,-625.842416230262,3.16547487872002
2076.66797786531,-1145.04922382036,2.88000028636488
3363.07139948084,-420.590403792751,2.85456727982874
2751.69445820901,-1804.09559080223,3.00407446168674
1426.91638555374,-81.4413788304432,2.80198945083693
2973.82450082801,-1045.91397305763,3.04753840491884
3841.13188650408,-21.1694822341167,3.12429048083201
3446.16763893322,-1056.81468070789,3.29295413234019
2585.69002693239,-1794.30608268458,3.39572505373023
3872.50553957238,-1610.5818271662,3.10571274510551
554.417108350001,-1665.07993305349,2.83827002029017
4024.51883882923,-869.154236941267,3.31955908894897
3106.18735982841,-1571.17045032184,3.09795211796649
1022.64593284201,-740.956065933938,3.16512069957439
3234.80884083992,-120.213858662754,3.13133941221476
1336.52467419145,-682.227595382165,3.58989119915119
3433.34280476336,-1683.67500972538,3.6081231942845
3006.730695702,-1841.43729342301,3.25548745397269
3778.51526198533,-2076.03135205164,3.29250069350518
4054.63229779934,-1374.84757414208,3.18860421878432
3125.52407642119,-1397.95118418783,3.64646444104926
3001.93556342944,-1609.41499293548,3.76452057667123
2382.82567553072,-1621.27953304578,4.2814343217165
2562.36729808642,-2091.46827907481,4.64421887042484
636.880596694781,-793.577123881954,2.67988961339235
645.469573474594,-1355.55182258263,2.78404109653529
1669.93375345499,-788.813214592929,3.00640775746775
3659.00725990767,-1275.00256098072,3.17864750145119
3001.15990046852,-920.449408815352,2.76950859708327
1075.63366634414,-1128.76276826844,3.1724311503973
3621.79045379772,-44.8123197788798,2.90535748806025
395.379292735207,-1276.14413163658,3.13350231827789
280.279222316375,-460.686115908986,3.22778100693831
765.504981728846,-2093.06100788086,3.1282134477304
603.536381380774,-646.790225635578,3.06157411738509
3288.28041874596,-2056.16474444377,2.93193684041492
3162.65246671053,-887.568215307152,3.09404579641123
2885.28725998929,-51.9843739674294,3.20862310129915
2756.54775099232,-1896.02815881459,2.90836748208226
2251.0304649742,-1605.05378360167,2.98601655264025
3753.07405005641,-12.0956121567322,3.17715864106243
1738.07449755851,-1834.49761582474,3.52304370596273
546.704977813831,-422.414464936993,2.79969817307843
3773.05134573994,-1043.28417738415,3.61436727507912
402.687669194321,-1701.80519022641,3.74606070673117
826.423639330813,-968.232342602454,3.43412655264639
2009.32003922367,-1227.13207119743,4.17870979649221
3355.99139099253,-1132.00604905616,3.66913269800684
1467.17588104489,-693.422371551919,3.78525157104126
1192.36915518169,-1601.93082744063,3.73548864547821
1488.63655642473,-1503.64664395241,3.7829832277259
3208.55949924166,-861.33906951473,3.51636383513536
388.131102243895,-378.671342487356,3.98201115966363
1087.5192253864,-1630.29614382983,4.00699959380201
1207.98999791389,-1705.81396304374,4.12427319122792
1112.02294118177,-1144.09188995738,4.04648709177432
1877.75418265279,-1480.970773084,4.10822832577604
3660.6876806152,-1058.65654052572,4.40578980623014
1353.32031221736,-1693.18215108133,4.52653050538211
1800.07735076704,-1598.54010913807,4.47257452931096
2293.54964176988,-1168.78723201198,4.31125666046283
1311.75573329153,-960.478295668413,4.71236882741633
1387.52843786469,-883.932417824625,4.67557473535996
3700.51619841437,-963.294707712923,5.19678085572688
2092.01001577774,-516.250082568014,4.81224105678993
3993.2748250887,-1242.63483135288,5.00071059189253
1422.26080018581,-2151.83858410747,5.42563117720732
NA,NA,NA
3718.36029026244,-437.690467474394,2.87253513203407
659.162126999452,-1364.79696375238,2.95326120939186
3722.61920377418,-1157.33070531956,2.97677955111564
814.659566183384,-1223.37450831167,3.0590124356074
977.28327933765,-675.538810838789,3.09279161276859
2467.22283355329,-2063.02187735174,3.50394308189151
1162.63307764121,-1719.92098432109,3.3051644719278
1976.57379528262,-797.561264023751,2.91581386656303
4027.83943364282,-1083.02239542624,2.97957736354685
1196.23252069456,-498.235158031377,2.95055726382509
2594.50403101494,-1859.85730252973,2.8485798566286
757.251213860953,-598.568909697486,3.12084903556081
1608.38024364783,-1400.31379681209,2.90219723689563
4001.92302888991,-1042.24523261067,3.08189586235541
2422.62922550551,-2013.84657964402,2.92750162753018
3493.75012839545,-730.116452966933,2.91541288434698
3983.52535920099,-866.228483641638,2.93910601656492
220.580892337372,-1370.44058658618,3.03130913538803
1080.89241950598,-15.5038479364859,2.96676558822712
1248.97341251572,-1075.13482349867,3.01678601847045
2568.94821947404,-20.5925376998068,3.0444842909167
1978.83437166323,-874.776619663876,3.05983553367513
2574.25589774186,-821.450098433873,3.09325850861206
281.918209021901,-1894.56733780967,2.87798422783396
1573.87266321472,-797.938488277366,3.12587637882171
1277.27041495374,-397.812792265056,3.08632072405288
1200.46831669928,-1373.70459463852,3.042928650162
2811.22783604785,-62.8820631742918,2.99398476471442
1793.20386277086,-324.091504262863,2.98614696497929
3485.74507377161,-1727.05960961237,2.95460723157076
1309.82214595387,-1635.28357955779,3.0816422743008
3426.49342119335,-2115.83047373851,2.97996731751485
2829.8203177778,-960.594358263526,2.74952625414179
3393.70821257998,-1572.0042583938,2.91762353194768
3808.21202372448,-1754.81275221877,2.95747198894318
3477.86262248947,-1451.188901294,2.94952226962992
3510.7226901273,-1919.77285155554,2.9341601809612
2838.42446743756,-1009.51490487734,2.82208514211179
3118.16162836506,-1685.98258278652,3.06740387932904
2037.75058598229,-1470.10596078062,3.00425415345109
2550.68054916216,-54.1205231023301,3.03934996475999
3127.85274251447,-163.197907396283,2.94496024982689
1766.06555728029,-1951.53104067107,3.10166308654766
3188.02784573659,-1913.21201580458,2.73223265611332
1364.39875246704,-1619.61815609257,2.95891585282298
1081.83772627415,-548.13653583109,3.02960658566068
3271.99658358667,-17.6169655129438,3.06778690985406
3369.32777741637,-1215.15250233612,2.99539069168198
1855.18470839314,-340.805823231193,3.0523819980773
1046.43771920284,-2164.53479376541,2.92421650608608
1044.27667387623,-482.222474478043,3.06981648082735
1215.5024792352,-1892.17623767074,2.93140806484778
3439.47780272439,-1253.6723564849,2.94247625961597
324.706973044573,-1909.68974337872,2.92700111280358
2995.48444937311,-1629.03853169631,2.89641190668961
4028.39756004406,-1793.87191390648,3.00371645066616
2494.36757952012,-695.323935292301,3.07486966910601
2629.36538895508,-1572.14724488751,3.16611262425393
2054.96233251109,-163.824226052906,2.97593321148516
1233.47104405218,-1694.79150064897,2.96193993342213
2759.39712249157,-135.717995240648,3.07570162966853
1722.02815612566,-1965.10393764398,2.9733436640968
2552.75941502069,-1416.38292747183,3.02333202563139
2215.37261315712,-395.966032745072,3.08629759457258
1033.05249986763,-1269.26085666571,2.88319045707994
3488.37193951645,-1313.63568071972,2.90868095680728
3222.61454129489,-1406.46344157431,2.94236130681345
2714.92390796787,-1450.70235558208,2.84031597698414
1670.89976434678,-1366.76639664651,2.96984036033025
3889.14306058908,-1841.98987639811,2.99742171953521
2617.00930674165,-157.127316420753,3.07695397957097
309.197083331608,-2042.72771732453,3.07685314726998
3793.85330070458,-911.502575631696,3.05617519413861
1357.01717525409,-1465.00413521282,3.06730903929261
1266.88635932553,-1630.82339031773,2.88574602681154
578.761431988595,-444.284529010983,3.00874442077078
3395.18022950516,-1698.47605871306,2.939628114761
1743.84153932539,-1806.55980069708,2.92674248340418
2865.09276841108,-1594.93056568544,3.16625268236273
340.723182644509,-975.693390888256,3.10713113657158
3350.91221336436,-907.427181236035,2.99018720421443
3254.66978765904,-311.32487569423,2.96077818003252
2259.10656921588,-474.281717852927,3.13156098602581
2466.66191130387,-782.550988555897,2.99797136869631
802.262793449483,-310.924511631738,2.97320590757741
1211.97967470434,-628.755757871537,3.03232038098657
1887.24506541454,-2110.23825500633,2.95852652071664
101.363161577751,-809.947808596873,2.98104944104177
1933.85694707183,-92.7159974911061,3.06841578587644
1611.95191455249,-181.359920809858,3.0123992843135
3368.2896096762,-586.148384735304,3.03781623261823
1156.63699039098,-619.505386269669,3.07823158204903
3285.77573402962,-1508.08268338473,3.03323071965758
281.888834414806,-751.054477280228,3.05899025119398
796.560391623145,-410.372431704362,3.00860970892546
1489.83526108915,-1953.97845862444,2.80463813079921
821.952090792311,-2203.83114294516,2.81602189565262
1759.76142602522,-727.699023982457,3.15470275093989
3599.00050330714,-1733.37447347258,3.07107800539844
624.339176942248,-59.5503037490608,3.08354877394112
843.239870363151,-1970.72553138783,3.02579935219205
1901.64803795267,-107.031568336487,2.96989167551117
2327.72043206096,-296.960356161573,2.94882941836875
812.572229161769,-1446.61788703712,3.1227399892248
3216.44058939583,-2124.81610439966,3.09065864092029
391.881107838764,-2100.17563439449,3.05936536324994
2567.07700941342,-2207.07364266363,3.09609699552956
4009.38494150659,-526.628383022976,3.03198071545892
331.239715445806,-138.797361726024,3.10981006438781
1735.90164207066,-1542.46504679644,2.95375586266811
1485.8015027061,-429.259712960386,3.13120148989351
2168.18232014176,-450.003204927895,3.00865702124918
2390.30247775162,-1035.48945153549,3.0444391650243
192.768542578463,-957.81173982976,2.95940839223994
3640.21910206816,-360.587533453449,3.07126394006625
3980.70473733416,-1852.43446883955,2.83297380018961
2153.38292832958,-2085.14448219572,3.13596915560739
1529.83687577202,-1137.27664812584,2.99368871542511
413.692399406757,-1514.59784101739,3.18573494643227
4013.06821695202,-1697.07838335695,3.04430014870235
1859.90280089881,-1426.65721297009,2.78709991783453
1664.74239121598,-576.652834610121,3.05412404189574
429.587363119294,-1476.13187153654,3.0192857230313
2062.15967137786,-126.080835119971,3.07234218012826
2888.18458085629,-1307.01990989346,2.92151469045867
807.597986352818,-151.8875279322,3.02741899607089
2163.23485606345,-539.293813903428,3.05044072732603
2675.97528679994,-496.936346781579,3.09301358970598
1458.25523261679,-1321.9678763737,3.08733719436359
3054.8726658753,-933.958208642807,3.1321596286605
3840.65131386557,-1314.0943197951,3.04983615415893
3386.92272565986,-70.5087414450378,3.20393803395835
2565.32752536426,-606.549804738569,2.9220653162146
2404.86538674781,-411.688494391518,2.96569416654621
2214.45552373718,-1342.50936666096,3.02961817509738
2636.75438745241,-42.2850344982645,3.06430360903643
962.020819994262,-1059.70297460021,3.0280311747307
3663.56299086092,-2193.68862923635,3.17921361429636
77.8675805134128,-349.926915296625,3.01465357486323
2906.88592180209,-491.347923779775,3.12346965881949
3418.12158517978,-240.682832588176,3.00691692730117
3229.83896688116,-1095.15749397243,3.04745220254036
1505.51806344563,-1411.83008254709,3.01616848754383
3196.51212191099,-1592.98148919237,3.02811979284348
743.474934548892,-1965.35115433047,3.08358666095441
1710.75438326483,-1624.41474609612,3.03501407356754
1290.00244088333,-992.496984086184,3.1693802889698
1917.85166332358,-650.440510750852,3.01306172683037
1275.04384939842,-1801.33957232716,3.03941318094037
3062.29423798399,-702.328478492322,2.92310440608367
2494.38026070693,-449.423911330385,3.03176029143896
1390.1844302051,-680.781993431835,3.09243763372711
1280.82199942798,-358.81036254398,3.07201480524943
1722.64014591839,-1805.74873143674,2.93525245243797
984.972161475985,-1750.56089296319,3.19630336535249
262.625474512844,-759.455683232663,3.19518383759669
1016.61073642087,-454.687680841446,3.05448141208565
3477.64774448827,-596.302908016946,3.08071740962782
3884.4871357014,-1487.47739756151,3.11569790221837
3914.87653532198,-260.750565526864,3.10958458997402
1054.70593921876,-31.3360208733153,2.89858414551071
1433.06748772294,-1926.59570389562,2.93823480180149
1839.17053037625,-2068.2501186296,2.96278094615246
3394.00103559596,-2207.04641214571,3.08160093051244
2870.96813025807,-1640.07813488971,3.04299814110329
1808.85675591874,-86.0171975015845,3.09118166897178
601.532094574159,-267.71602443174,3.06063138031608
3196.24270441062,-1545.58050655923,3.16850459488908
479.632984809279,-356.105835026554,3.10478634468984
2986.3343481767,-1296.35203287358,3.10914245509226
2290.74955555157,-164.070207747096,3.02034405203686
3595.60292270695,-338.89896767083,3.138224035286
1366.16263357235,-1700.1813183718,3.0067039790769
2187.25818619177,-1572.73592799622,3.13416181223652
682.640650717569,-942.026261686691,3.13304587399753
1726.9819517049,-1727.03885271687,2.92791415671681
677.093880865786,-1551.18252493721,3.12702306808409
3902.36081353748,-875.807066447079,3.10836428510372
1974.22211942875,-1487.85470427203,3.11994289655298
2653.48632933135,-2145.91127077071,3.09988383679469
1570.35479156051,-1719.31032352094,3.01491754617872
3249.02390780603,-182.965087145508,3.05143933534039
3872.20465321774,-1070.30728718873,3.00284756986028
1428.75132751403,-2178.81995072384,3.13200173506903
2887.52987617254,-168.462370715108,3.2162123862189
2462.26832957596,-881.524379664197,3.08853941051933
716.468576201062,-1822.88067113263,3.00799255868404
3331.4973764984,-616.855949890364,3.07315810833402
3047.82378399202,-1328.18845131988,3.08297914843704
773.82383423287,-2035.865321408,3.13916068971705
3303.57263769223,-1089.44071614792,3.18639477029271
761.685944640929,-486.669691884299,3.05338671921225
3557.72300192785,-1871.96896562409,2.89706499065618
3545.58591859679,-449.455990552478,3.1418953081887
3289.30289617816,-1031.73061272745,3.09999264565875
576.335191572709,-1934.32219554363,3.07062237386562
2572.67736586991,-242.586583061174,3.09713165127726
1769.94138695596,-1887.72652155393,3.1066894848799
1650.22441259551,-962.21822491923,3.16994866783604
2432.64214090265,-1954.53049330484,3.01609081420228
3253.19093936798,-1294.72444510362,3.11056196745692
82.4099689075998,-404.905726276722,3.14988847654903
1766.53711037663,-1494.89048556212,2.9502258748953
1829.07852179959,-194.135821125677,3.11762527105202
1835.11374106051,-1845.44202208756,3.08508606941712
3597.07615525023,-897.990120657907,3.12160081666369
4017.04030531318,-638.198071084652,3.00171395579499
1023.96222316675,-516.619749637925,3.10641342402107
2624.28023120563,-2211.01039443162,3.01658046276511
2605.27616054009,-224.262205777872,3.27759849493707
1511.07815205391,-1771.58299243729,3.12335657966694
3040.70084610764,-1857.16998093178,3.0265344819386
1997.12230070942,-525.499759715386,3.07348821756736
2498.35361100494,-875.106011570363,3.22379510448514
3122.62218315643,-744.191200081871,3.10345406608914
1463.51519699903,-839.78268104787,3.12251280865081
1176.07736186312,-1378.17267245742,3.2547961887841
1484.01462946048,-1462.20304925878,3.05646837304691
264.25379873591,-406.705147559496,3.08391121278224
1705.93670991434,-667.781284009818,3.14076206622319
565.268123167858,-1476.06761756081,3.18853870768031
770.278302534603,-898.88671312403,3.10134310880263
108.723342017487,-1434.43217110432,3.14029629283223
2953.01238812344,-153.853242940614,3.30008294257555
1993.67089103181,-1870.20392108725,3.1356563655291
1902.78849672743,-235.891463057967,3.10866893510001
698.723466123241,-741.911708564627,3.12996309101643
2661.9931344856,-936.942552685277,3.18339548822368
3319.19257476646,-532.724791028297,3.17149612859351
1346.75894000175,-901.081412793257,3.12977284953557
2480.25031228095,-641.083190517772,3.1477695557246
2570.13722334735,-1625.7442271753,3.06709061713434
2365.18163516461,-1731.38510024063,3.08170386881988
1395.24429046378,-1607.11553788076,3.32571556312851
1275.02712190055,-329.198691658683,3.09617840492433
441.046743295757,-1573.48329254624,3.16238802408733
2267.49414070848,-1645.99291607136,3.09766297673093
2391.92122884997,-876.062242290163,3.07346240310479
3687.48786946766,-1730.33902507787,3.1106457739962
1427.23876078083,-2047.90012330963,2.96407718341716
3237.28068017545,-2018.70532379777,3.06731514857763
1221.20751467783,-1028.70709995126,3.233703441054
2171.32735986624,-923.21685361813,3.27813950402204
653.157239735978,-1217.37726937667,3.2087643044229
2465.28981173397,-369.127352182729,3.10531816363579
1927.29056976794,-1559.8046188035,3.1531586187989
820.415185868361,-2006.45336976051,3.15985767087208
2678.27712648032,-1663.31213025659,3.09123647048909
2943.8447473619,-910.327862463896,3.12636575309325
2735.4004571335,-1711.17452882637,3.0532538435456
1927.77203139135,-1333.04971591183,3.25699268568637
2465.32718759271,-179.987764391017,3.13359982440374
2204.82767810304,-451.972289243358,3.11132631376358
4034.41628423219,-1760.21756976988,3.08413453529962
2497.41796142337,-851.895582579433,3.06648894685953
262.048473363417,-809.227778256307,3.16086087958508
2566.61628008969,-917.032290281032,3.23162004124367
2676.49033631024,-673.105483712262,3.26078811569868
254.415958453474,-1472.25484298646,3.25635659744882
3776.22371383264,-653.661497731479,2.97990704726483
1608.07106749284,-303.131069098749,3.26528398211532
1619.75991986015,-2140.09448683048,3.10810429724313
1608.03534126164,-2214.8555858936,3.14788464349685
1488.03060807037,-378.588306373219,3.1607507626494
1761.73070835165,-282.527388367087,3.10737016578227
869.010799680359,-1327.13921249807,3.23262688950861
1827.64666340633,-39.6852032796145,3.20224061177799
1453.32621378584,-1240.16356914673,3.31750378279262
479.926163243274,-1840.44645674358,3.34032081749297
3668.22748990354,-2017.67988329464,3.06499677732952
400.964072678568,-1197.27963915824,3.21749252305254
3487.40837465211,-1342.73558216807,3.12767942792911
3791.25847886135,-487.887539880837,3.27205939580112
967.157028499326,-1430.86065271356,3.15660544408734
3369.88614593347,-296.033957705616,3.21198895465347
3753.5315741845,-1690.21639945901,3.18214130950393
3190.55796268238,-68.3429751722179,3.18231255947889
2253.85880542545,-785.827952905776,3.13154493357934
1401.22137054099,-715.315079568639,3.19101429309131
3653.85633381743,-177.314413667302,3.05280453101914
3572.77222913335,-1362.44716143259,3.1474882629366
1974.67800862059,-945.038588562803,3.23592637669601
3986.49266835718,-1137.27690831832,3.21355375792104
3102.42688105771,-923.557016557647,3.1266458980839
983.720983049585,-995.934097310022,3.16636127233412
774.114899329853,-1335.42246732922,3.16513253836213
1278.12503720361,-1102.6646167148,3.208677024093
3025.06729713868,-1546.69238289392,3.14307759661161
2566.98143889949,-507.696551628414,3.15476634285998
1857.84662842709,-1954.58234552217,3.08517334370479
2194.22752958719,-794.855163686763,3.32781729459124
675.65601329823,-46.7267989629853,3.13720117951691
3956.64936142839,-916.923439519271,3.05146278644045
3834.11351302175,-462.730729169341,3.22837678586153
2995.9684907549,-659.83706644041,3.25473127041721
4059.16784548359,-625.319408153559,3.06617935317089
1976.05502249102,-12.8328627019239,3.27715908351943
3665.45093652562,-312.256166301157,2.91493505876703
2787.80008494142,-209.510678176915,3.20595614685504
2767.94714077874,-1872.09723967978,3.30891832245381
3932.12427006217,-1999.55205645806,3.21084674638995
1342.67354750659,-2013.79354966422,3.18604965604739
1089.86870501125,-367.935576500319,3.23831592127661
344.449261286941,-594.305911692969,3.14294544333127
1912.17863803728,-1797.00297780541,3.21679277437528
933.991314046109,-772.18683173838,3.28795229121892
2746.83639418851,-1451.67363426356,3.35337226464117
2736.69501160763,-336.911469793697,3.18100212886866
2087.58428292874,-1577.80222410956,3.19720096158359
4044.65490926078,-641.20391442275,3.1662568238223
3719.09356408277,-1739.63229428351,3.06679529309225
2184.50533581326,-1668.59688133983,3.14821912450631
474.749002065771,-1399.44532150272,3.17658298118887
1090.94572377892,-2054.97657953328,3.1623902543617
3373.965989199,-95.4133512734115,3.24547238124679
3468.38772818512,-1347.63127906076,3.03292454848225
3426.6385823146,-2174.49573409928,3.16669325819549
2740.90710845122,-596.536221132353,3.25172012728169
1698.57302221963,-1329.31436107633,3.21925883784787
3159.65924715602,-1934.27025483206,3.34380269304493
3386.70422118239,-469.646598355393,3.39336981648289
145.439853891408,-100.742114887962,3.04026872245743
2613.75212574977,-1978.97265534293,3.28347024305105
878.874473474511,-2086.8380392717,3.29516158580206
1164.96589869553,-899.428612534346,3.19381292380357
3480.5813642296,-895.338279872971,3.11881850091774
3196.88624744019,-830.454056252963,3.27445341618174
1098.81281637508,-1327.34137720748,3.14643353027924
3327.29490523418,-1838.2324812583,3.33226698965225
1961.68193958864,-50.0876447644432,3.13064871967611
2904.80266405067,-746.269910911562,3.1442067447577
312.617632175463,-1536.06133160148,3.25985060536358
1781.20968889463,-490.103795864076,3.25571688563038
1492.10558159917,-1788.46921939655,3.27745163555526
3947.52364909563,-848.521290852931,3.22825852090504
3807.5088444566,-9.95913816838638,3.2299708026445
3623.54034636949,-1563.80076886977,3.24918327914441
2440.86168092072,-2141.36244967519,3.2519684304869
2028.94370175044,-347.072391341359,3.24993204576005
3011.0413413701,-172.57917643327,3.37271671353862
318.378721067505,-100.431122293003,3.34480646129352
546.068288957319,-1277.91141751403,3.29363063521432
998.260111852293,-1701.18561746872,3.32200240254733
2804.95241252545,-812.037548155532,3.28736916102073
2701.23294989968,-190.780232041578,3.2911879720003
868.532688253788,-292.541192546961,3.25838887098176
1456.82673763669,-1745.70038008202,3.25173268471088
3084.59714984299,-1857.88000487936,3.09067574075327
3548.32646456345,-1161.09816113296,3.34379877049196
2533.77754510562,-184.556436321602,3.19623258225735
4053.49487890896,-1622.23865511317,3.20160790039686
829.345154373812,-1916.51684869894,3.35794178401179
2638.1697846204,-898.633703411436,3.22923586082943
1040.85619763654,-1499.42622699971,3.18417091574642
861.906631773248,-260.899951833102,3.07573332267013
3685.02922377666,-2010.04451126256,3.23559287392841
3972.15532912986,-620.603997618673,3.26230876663908
3027.51661446257,-1840.74056955138,3.22005200008188
2796.5353670458,-2117.83806252751,3.28969398394346
3221.83121849351,-1828.18587443112,3.38117078579018
1072.8197952305,-1290.87349045581,3.3920368398006
1879.85571178881,-39.51273382644,3.29012951722391
2515.98643199309,0.153805279176495,3.40255406522998
1508.57488552206,-898.600093712616,3.29709458884244
300.470089778715,-1949.30514413922,3.45543863422068
2335.69899404092,-69.2823279008053,3.2786600607276
894.219802386023,-1982.99346096261,3.21287605212492
3431.80852468627,-986.659898982559,3.1703784913028
2183.17961610969,-2049.08509172187,3.27163125760868
3696.71116398,-1880.0445292443,3.35107401491701
1475.1426697161,-1970.88261123731,3.15736232778929
2489.61594743525,-1483.22207274403,3.17108586309603
1988.88893763533,-1511.10155240648,3.40239292958882
874.112442449171,-1148.0760147073,3.28721095330681
3557.65445626499,-1341.44454529614,3.38646405133559
1093.66270329577,-1512.4638793663,3.36278281091228
2925.63973214184,-305.400659803969,3.30928546235223
132.038755633656,-391.84256380016,3.40252608576752
2398.84767422213,-282.762847948762,3.37939984352654
2180.47081052757,-1423.85057862578,3.3627419884987
109.939965927649,-1501.40669039657,3.3073893978412
3792.88635555316,-1027.80826560397,3.11866910550017
3953.64893428713,-880.055415685736,3.21196729695914
3301.88499696058,-912.519705905613,3.39139625975056
2347.69920540609,-711.566538215391,3.29915717076514
2361.17304815566,-1863.10936910883,3.26189237502507
2143.90801433841,-629.10666160816,3.26377617114048
73.4679430656885,-491.153784475884,3.38221247114511
3575.85048198288,-1191.00828337447,3.35889008110627
1900.98175387939,-62.2644115579596,3.29517160652249
3616.85230983211,-1514.11760367991,3.27401512395243
2051.27897709893,-353.598060095948,3.27835621197723
1355.19778179742,-1322.32442995236,3.22349109921923
2326.94804947783,-1810.70401145149,3.40511597320819
433.595246529456,-1367.07305095069,3.48434042403249
1473.80444175751,-900.968585715427,3.29637729705429
1134.18293086548,-1225.32664675068,3.44285932748062
3161.44445305799,-1767.08585115469,3.45117027151891
3184.28619349462,-1870.90422180146,3.25974710412465
1044.77317781243,-710.440722268943,3.37820161834087
3190.10053647746,-1433.14445897077,3.36938310707296
2218.9340748158,-1685.21434970205,3.23492955012598
172.615548892368,-768.697362945675,3.36440503887965
2744.07240006798,-1641.11977470103,3.2970096770161
3257.92982454749,-69.0181390690928,3.19213856006481
1162.85593744813,-1147.44877680498,3.44370096155075
2925.37289336925,-743.814466131858,3.40420187970533
3239.4950570193,-799.20490491382,3.3489414854957
263.035902873121,-1351.31436983184,3.50687970129961
1778.34944782817,-2099.55071344462,3.14603794223036
2114.86978452487,-1138.67566276064,3.34681400287235
1989.27704419538,-1652.28140399905,3.39021246793579
3933.46617811381,-1450.00010305921,3.2434019205017
3909.83429819657,-1266.65303535734,3.34009844537256
1690.19154401434,-773.482123310263,3.38773888349606
3031.34574488419,-186.914194263539,3.37527082240362
2166.96239623167,-1106.19619772088,3.33860757529864
2627.86115842892,-1619.04675865564,3.37059990549816
1988.15193177414,-2179.41264576978,3.34624929679799
432.199060247414,-1737.84956337852,3.37199259308054
743.424325599653,-1887.26594631686,3.34938404427581
1701.11747680923,-1479.17919114706,3.44104963424942
1153.0231927061,-1003.47798661199,3.48933033849383
1302.07733385783,-1046.80265817933,3.31686481663607
2426.59407510808,-651.061472909776,3.08244618518802
3413.29455707379,-1787.52552287061,3.48909374277984
2315.10542609277,-87.9715823980825,3.41382275339337
2089.91944176585,-251.428618859907,3.40155684703684
2642.91516681799,-678.331707949658,3.43767145021313
3379.92764843424,-1531.19739166402,3.37928525250315
2369.71173355722,-1678.19257901299,3.34922274247993
2784.92782672728,-884.393593668062,3.20099844010879
2921.88482765954,-2213.05187388141,3.32980820332188
1826.72756869967,-2001.2648461968,3.30391571720227
1470.59587834843,-869.934259373147,3.24467030178053
1789.17220177059,-684.412696649024,3.36101079295657
484.650974626838,-613.894954579022,3.43115998491617
3492.35600156559,-1206.7869120745,3.52888695146077
1953.74367901218,-1443.43512364569,3.52216112279552
523.508270033782,-193.444466541483,3.32847700869412
3661.76516803872,-2129.9096069062,3.377422115005
294.05066059634,-343.022911585567,3.44973203548928
3683.89071073425,-617.268450070889,3.43169305294261
3167.11308814308,-681.225608859731,3.50645174004156
3430.34181435106,-1200.19236538327,3.40400357065354
2215.59128058217,-597.503911068198,3.30824905568649
2127.83602832778,-233.815097975519,3.65180736004042
2679.44596787296,-101.650994413819,3.49395776753819
2182.37593271792,-6.02040978392195,3.44473768758436
3157.24809945116,-559.829177846517,3.37607777305513
174.016182062635,-45.5603500994341,3.50761816234672
3279.08592866689,-1549.57497344641,3.4484720054604
995.054448900543,-531.919760906848,3.5104107891568
3201.56437047295,-279.338886069055,3.51365346850009
938.504592501927,-2144.34021328726,3.55571548997444
2954.92082909,-568.153843752711,3.48656173102389
1882.28253947332,-1342.92001627419,3.45647186092698
3575.05909085977,-543.231898851109,3.66024792638961
3634.49012322525,-1087.82869192783,3.55012090478995
3039.44679352588,-851.933644493009,3.48129134716821
1687.08040297086,-874.0224784083,3.53291014899274
327.624395844209,-678.656414832274,3.53106806285433
2822.08494766752,-2097.08712569571,3.58728168137928
3804.92415217853,-738.791427848677,3.60146136013577
2469.57292673824,-2013.55306013903,3.43969966262973
3725.08763232563,-610.875628814086,3.5500169549533
1810.69204830435,-516.232581278823,3.40625385447592
3093.58130742946,-1453.88725793932,3.36362811067674
151.304120540279,-165.521691502591,3.54478951601633
2791.67954498927,-826.419264275106,3.50668803345932
3085.77132903399,-31.7923778716844,3.57726415303296
2065.37767779829,-680.240023191516,3.52201625851776
669.060706927928,-1453.71558449778,3.49230444204837
2825.07244399621,-1100.52961965721,3.47643887071617
2350.22836042909,-121.345333958781,3.38211699853402
3636.01443762905,-2192.13468618306,3.43403511547898
3292.89142881362,-2133.98589619129,3.47923313590311
3179.77027821262,-98.4628560812385,3.62946541893247
2380.59058933061,-156.958554188098,3.5935895050242
2284.6944275932,-563.641165488765,3.50001316058691
273.405954653979,-7.37168760348191,3.63937811025497
2347.45296063225,-1413.27768546435,3.57392217088783
3283.79653767543,-1759.04341505421,3.62329783065644
2565.55672317179,-2022.9021816315,3.64419047940767
2314.23506174887,-1962.14485106639,3.5460242211491
1253.8737029375,-1727.34676272898,3.63359859455442
1835.52731273692,-1362.08076109743,3.5618182402005
3845.05549667224,-1670.28477858445,3.60044349095495
3478.11713197186,-1030.081486544,3.5243030179165
1874.99342018658,-1377.84089768016,3.60723702480927
3350.18116869488,-2198.70527740807,3.58387156765955
313.340778896182,-1334.91447047596,3.67935578829814
1946.2004593397,-608.922095154102,3.50295462879086
1488.76865654954,-172.393471258665,3.37374107562821
2993.10857126912,-1441.62320647831,3.67893173113553
4043.76360431408,-2058.78370853204,3.60750641189087
1310.93289002721,-455.242336973003,3.5818139450258
1680.96433148675,-2160.26116665352,3.57848912497072
1532.19949206537,-2126.55857844608,3.5973577053808
193.112639470431,-886.037839141332,3.60953301010413
2474.4131719025,-2120.79616739111,3.6453544978133
1783.43111533323,-786.765354399357,3.5195196494559
1837.45096839086,-603.980569138292,3.5890101195245
519.80430964197,-1552.91978329435,3.71999570051765
2727.84786831534,-274.529128274639,3.6250109608871
2355.96902300125,-391.11953111139,3.65004216211384
1282.12503032758,-157.838942529114,3.79848307967959
2825.63910842735,-1200.10269816311,3.42178211764679
2136.18666194154,-1291.42895663183,3.6852029275957
562.970637761665,-1908.75248716953,3.62191184708756
2057.60702483993,-1822.30709956888,3.6869587921669
2840.01265793724,-1583.93967609758,3.58570850655669
2968.11432612964,-2079.376183275,3.71306173551892
1185.52336460438,-6.51278328940432,3.50674379116045
2294.09264624448,-1089.01635664622,3.69517659265482
824.233709432532,-820.914486101933,3.7380761251806
2548.63802809108,-2158.44217756731,3.80877816860583
64.5718595982525,-1518.29307634015,3.58003295956429
3898.19805090229,-463.470693065257,3.78763445977994
2836.12163069655,-710.532507466868,3.68994029233413
3723.84364369062,-687.23834002389,3.73212166357802
1216.5922812366,-197.275510562387,3.50984629174941
101.576634474781,-1327.02459465394,3.77095172051655
996.954379535502,-1164.22920195352,3.63566069259123
2383.47756528981,-1351.17634112009,3.73460443502831
3254.37581846279,-1130.33099287362,3.82870689041378
2996.1839397784,-1672.19049531544,3.78637312825733
2281.03150780619,-296.779679395163,3.83172396647176
1003.10240154873,-899.30259738079,3.73695908240223
1514.59816181161,-1733.19142496573,3.78477158506473
3130.61284510709,-1991.13125604973,3.85573778498234
3730.03145785979,-298.670977631881,3.93009260422764
322.19203116473,-1731.1512109603,3.68320125665485
1867.73213469876,-1999.40367933874,3.90923548807625
548.382616975478,-849.444200145152,3.90327591940072
376.766547030052,8.46570055775934,4.06613412356057
568.56414924296,-162.291748915667,3.80007373331478
3060.15840718087,-759.570831436849,3.86652882381279
2704.56790301653,-2037.2674973638,3.91923365201397
166.002116390266,-304.015126826622,3.88912813440261
1363.16221952496,-1041.16092718934,3.79454387481642
1598.43203761035,-1327.88010690545,3.89933114361523
353.533074774104,-761.786276564443,3.80062763821734
3750.77951300522,-1025.15225904609,3.88501317402626
2873.67893939265,-10.6737904138043,3.95844760806545
518.445538925013,-120.93565387261,3.83874167302947
2422.51361064588,-1003.72159416913,3.87619675076181
3343.41166926318,-1362.8525694734,3.85012185429344
2808.17120059309,-388.308519800323,3.87423595629533
258.904480208946,-697.360705180585,3.91534336365908
3777.83763372348,-1517.0022482084,3.89196936521902
2462.12485309669,-315.000302485107,3.88866825036268
1088.62416853884,-232.466197299626,3.90823277654052
3016.65817520514,-294.274163898216,4.07196912944024
1952.97955680567,-220.197980233954,4.03292468041607
855.391103950084,-544.921776805473,4.06159463931534
962.029441356461,-270.253828899355,3.9540901688361
95.9230350434352,-1096.26270034146,3.83894646618779
746.644422198027,-1136.04313532355,3.9523184902877
3277.48772454424,-183.605166675047,4.00986185697106
2984.10416247059,-20.8430332922521,3.78153776419326
99.1419801622498,-319.498623107742,4.06168901042393
1146.50062156953,-2217.03356754517,3.90939497082702
3260.09196957426,-885.102563176672,3.94095019930929
2597.65014118793,-438.34939985775,4.04080465038026
4001.94292968647,-1314.31437114893,4.05991338567191
992.013026240455,-1879.84088929194,4.11372603730509
2239.51519394166,-1977.25111445075,4.04227606878189
3311.00541718457,-1905.29282619331,3.98137079596973
1756.94498353864,-864.002109578481,4.0378931021579
2948.65025017091,-975.221527927767,4.15699819300085
1573.13341857936,-1082.27077154351,4.27715089621518
3315.36662892919,-241.06453023374,4.25954145007615
285.421523060778,-546.655772360825,4.23095201672055
3084.27350820854,-1952.27192306879,4.06578476186697
197.142683191743,-394.723655186606,4.06309017048912
833.713354905998,-1349.6935048725,4.28186254718374
3764.00327470589,-1435.49647440968,4.23230563390285
1249.52172805552,-1528.96755642058,4.14957622831511
2729.77632154419,-1963.39791100751,4.1542533726234
2442.18866780948,-235.404939661734,4.03320108627643
3453.15214350902,-27.5267702283097,4.20148788033863
1238.66711898934,-806.290188181459,4.24713241023827
2584.91311674166,-733.784803738815,4.35108871363907
404.888085024834,-98.9755430753656,4.18405668689869
2338.25081890708,-1813.30389228797,4.37732556023578
143.174183988585,-1182.70849635073,4.36795636433847
2539.61321210739,-1934.56134344097,4.30779846004889
454.440995617685,-892.025246995313,4.3104168983725
2100.86422341791,-25.5689125936481,4.34952576858318
1259.43248512783,-2155.6940506302,4.26457795603764
3053.0021559455,-831.524530953514,4.33087221196833
2287.84209613815,-346.187597695635,4.31156117859868
1823.1625440008,-2151.03647620631,4.19786099588773
3446.19909588511,-1658.60070569181,4.5119299421836
2485.56794085476,-1323.58234139361,4.48635196984161
2338.51184787146,-677.490925587104,4.45782192393008
3340.67852534075,-680.922784263145,4.40888360211999
199.000769905215,-1260.98481319666,4.32300514715441
1725.86074273733,-1365.22243667797,4.54901344670934
3958.50189643599,-1398.36544709432,4.37727589975937
853.322260503306,-1104.06387237549,4.70932804137014
3041.87530982337,-2087.41864744607,4.44094861835397
2056.49214659948,-1403.2426251575,4.36234182889418
2920.25200209187,-2041.90848649731,4.40403811718606
3132.64184751391,-1083.3515289463,4.75570199235626
528.873423916451,-546.354591943821,4.87208904539331
2567.68394944599,-1610.15981367654,4.75775087862462
2982.29782214529,-2162.02645496515,4.61758603788546
2893.67470083105,-438.640814665348,4.7962056349041
3621.0472734167,-283.935303916339,4.75826775449212
1120.59958504096,-1422.87571281036,4.78498604839883
1553.61317341371,-667.922973643706,4.61653165683462
548.726478728035,-1204.11035648501,4.51174431664341
451.190925825852,-1295.38837561096,4.62859309737962
2169.43751308318,-1867.31652844143,4.8300360758068
2673.93894826174,-2103.92969218505,4.70547843285474
1358.93837430609,-638.007008560428,4.93629434907486
503.722268994012,-2075.06666030202,4.83709095852008
2961.60692112686,-1958.91077004616,5.02916454396007
1942.04601237391,-2191.40006458653,4.65483899669203
1117.10990854281,-1979.78110681403,5.08424057996303
3210.21783445016,-1256.94958755322,4.82207929754565
1680.65525715023,-490.548790246326,5.04701240514427
182.520930929668,-671.885521794481,5.19632366529075
2995.21147077773,-1184.62422004472,5.27920602634613
2896.45672260287,-229.187089163012,5.13054062948213
3452.74717135003,-1334.00354815933,5.44668094625091
3307.2351040193,-471.555870840854,5.04969173899628
1532.09329161994,-999.836546180578,5.10627502849127
748.912580093191,-324.27302631321,5.50087601806835
701.264850037958,-1661.45329371012,5.5162781469287
1411.25577435803,-1169.51620526209,5.44782753780912
600.445410312428,-1017.44054410058,5.69863634789487
3646.28902841122,-2095.08446752939,5.74213348980971
2626.89944066853,-1074.8851015985,6.12418533699103
3384.53516816444,-218.12427629008,3.10692433668143
3212.45105286878,-111.023434077783,2.94035483790276
2711.44719208023,-651.533863756649,2.8424578002754
500.51135150337,-1898.91013920192,2.97892737841168
2088.01925254829,-2158.99388636547,3.07067992852792
3556.96652871494,-85.7054858787463,2.90943034873934
442.396269239734,-746.450159888656,3.00638015109223
1659.41908191993,-445.556100788277,2.99740236735408
2350.99084305021,-2055.49561089772,2.90744506535041
2987.14122810681,-2029.68421144498,3.14367173629926
2669.90538993838,-922.664823372002,2.90485940341902
383.993114944024,-484.078520154857,2.92918429257437
2638.72836527833,-331.676845017571,2.62226107173701
1810.65600234507,-726.10755054641,2.96882745034247
1585.33221816624,-2064.15866338851,2.93919964944753
2642.18645028826,-360.606922620495,3.03620959659631
182.327507235757,-621.072800260116,2.92340937144387
1727.13427382721,-968.473519052402,3.0053143934301
3083.95173807401,-1080.51159170041,2.94126669922133
2457.14080794256,-153.758686680503,3.02957161149372
2176.12030001915,-1318.73633352715,2.89236777849379
3670.66104932272,-126.831575219596,2.92238104331496
2214.71731698737,-46.983724360119,3.1502533736813
1702.82004975648,-841.48077959354,2.98368457254371
564.113087902678,-1494.01961469488,2.97492906227935
629.571384486877,-1419.75273554884,2.86344226532794
2681.49957060274,-24.4215369184975,3.05597282578752
3180.84839204379,-1605.35838127276,2.98653229159437
1214.97199470664,-1930.82440225357,2.99686955250183
3753.74327290862,-1735.43783789848,3.17870738778245
503.109143239068,-2156.23230987027,2.88315468417467
1436.52330524743,-1775.46403621335,3.19399534835893
909.688007074157,-197.894792175295,3.01337969005369
1134.60026573498,-298.648647954744,3.08707617626082
2267.43118442906,-492.809413973357,2.93660043603803
3263.17452975992,-363.481732688049,2.94903946737827
2380.88644479361,-300.012884493195,3.04825745209655
1498.98745221124,-1003.10244857378,2.9714652121141
578.709935659916,-209.682303015261,2.67653904896188
1618.56295736632,-1082.34093493867,2.87860735051613
1525.03486018332,-504.248352984188,2.71003815847795
409.753571731717,-1036.65465126002,2.97296203858745
857.063509088965,-421.859197251285,3.02710160977895
1798.2863269726,-198.829228637952,2.76157377587108
1418.78173622085,-80.5687975350112,2.76434392158209
1602.06980808802,-597.043824385777,2.92472209949232
3888.85068668772,-1304.18298035912,3.01601086224345
3433.24099166447,-253.997163841995,3.09598661364194
945.605446587696,-445.195355571092,2.79293584583719
3431.02402777139,-292.098116738383,3.36749033909053
2410.86054926149,-690.290850380475,2.80414418726607
2884.09059830601,-470.596361382314,3.06945220689186
816.944947676571,-579.182032053893,2.95619790577704
588.89539789694,-1504.13616332724,3.11894801307419
1459.67378401562,-1715.88052954251,3.12466654250654
3430.15616463742,-819.984407345614,2.88962470387609
1123.89649784876,-963.748023197307,2.88460952737212
4019.73568541704,-64.4331154083238,2.86405013528424
2316.03018264617,-993.372071664491,3.09917021570308
3541.17875802846,-368.81618999748,3.47083507077708
1394.9756564124,-101.679032970529,2.65171506046407
3388.25051313312,-1957.15418413335,2.66077982200179
911.167900113864,-1526.64477718231,2.95434920850747
2016.69765809249,-461.906404230622,2.91868122191188
3182.8280354037,-290.992860493582,2.83976466324011
3507.10103999365,-529.928905790885,2.7251975752406
241.165179376158,-107.099647706895,3.63155105381897
1033.38554733301,-123.638874173402,3.086862512834
350.146437603712,-527.239161530874,3.00634446414144
3092.11277840021,-1799.82695258331,3.06041105060016
3908.10442126666,-11.8765243292277,3.01996129189721
830.128075568773,-380.564426024264,2.77108302468071
3141.48839222298,-504.924373568607,2.75665808822868
3734.98999531382,-333.304914743302,2.7655612342699
1317.31072894119,-379.526002923376,2.88979734139199
432.546820228488,-1873.38725194835,3.00252990193223
2274.35011294812,-712.013786588596,3.10958251048679
4005.51006759778,-97.209444459476,2.94877996804528
2074.27383505915,-357.599831126803,3.29950454700788
2112.61600946362,-282.001249749103,2.82053091556792
3531.92219617704,-880.468714528428,3.06034363844688
688.641370417162,-82.5893362421589,3.02046447651925
1148.90963664194,-1446.35080358969,2.84076606791817
2794.25819082347,-573.229768430662,3.09717533565883
3612.11747918752,-625.669628847388,3.00560793045992
1636.22099437425,-2138.24602733065,2.99146287610649
3156.41694179785,-296.753738646505,2.65247778764088
674.213700175419,-448.598275438617,3.17426429399353
3360.36152870173,-537.07845134925,3.04805111606007
2160.32320570842,-564.500985712245,2.83527225202356
3048.06068407106,-1639.98045711618,2.80509789552295
2039.17319253934,-73.4759647170572,2.66680068761281
1285.63820108606,-2107.56137609109,3.28562037683729
2769.6801356367,-1939.57314592472,3.13886323205137
2741.45531973634,-1837.55311510335,2.86536193026595
3572.6806801993,-1895.43030754745,2.72608119511461
4065.91232389295,-400.515040419547,3.10486151273916
2593.8086776859,-26.9401754757492,2.70909691507513
487.471398866248,-1471.8701912452,2.92855488384254
2451.59934760929,-203.61841654945,3.16939356196184
1115.49940737052,-218.531961132803,2.94308495098542
2202.57751414201,-1650.71336160679,2.95179443340212
2040.09662293607,-268.563234847241,2.88543263684852
3124.35636353556,-438.905012371861,2.97751024197682
1918.35943636511,-415.943635897265,2.83081675643834
1448.47154400849,-110.564902201121,3.0464539438951
1312.59385950856,-1414.2114876416,2.82738426938175
3209.00673994133,-410.482565389284,2.81041032258755
2019.04357614815,-1695.46356366968,2.93374059201286
2333.38001544517,-2214.84259021528,3.20232990647251
3112.21154844781,-2198.58025117318,2.95378357292311
726.393708140086,-1026.18779202822,2.72597593247911
2978.43129262798,-333.579173585205,2.87395613295569
3528.69989260272,-1674.09668151566,2.9452159590265
988.585395200687,-37.674910795653,3.04116337357428
351.187355656335,-1456.40352127631,2.88937867206853
1494.27730753365,-1217.92359433344,2.90489579107167
3354.92718158264,-1883.48747066222,2.92491619395861
1131.45472320848,-53.720534206899,2.81258333136901
1209.10448588117,-1083.5095914778,3.0117791802835
176.169082653427,-248.506705656496,2.66089937373197
1336.53433707741,-1656.50897707938,2.79152244115895
402.05284730666,-63.2826101362317,3.0900060583739
1544.3154375488,-235.177037326044,2.87390587083355
1197.98099326357,-90.2070356170111,2.78307709843865
2394.31768686973,-561.32075446753,2.92922017521475
840.411620535016,-187.961605644887,2.78480618822263
2487.45486310851,-359.680218380637,2.86314067585223
1573.80519873512,-207.694411759454,2.61844436274244
244.383918851832,-1732.54899846012,2.81406966716533
2024.26682069123,-2205.00545522479,3.04086791037827
577.533699561589,-945.598565885222,2.91237887207342
190.937617170032,-1643.50939677605,3.01658867640595
1312.41894749126,-2122.19386841738,3.34901640142622
1163.26010877184,-168.284253180562,2.72737989286935
1783.46845909682,-1922.408258017,2.81894439756894
3262.91132220358,-467.073016619041,2.98613910620927
977.653279498268,-1547.60912549764,2.61320721331893
692.252715875039,-823.356575949738,2.83322882315839
1518.05140846659,-401.224633301262,3.48847921173131
3000.47461547347,-1743.21684080636,2.99327010298916
352.136099899463,-260.193966240988,3.04908483608123
2269.74965174613,-182.095672638642,2.85910777978191
2998.64560052741,-78.5918841213387,2.80839656588495
1419.28540045141,-225.654177620419,2.6960126353525
3437.53263573699,-850.777436705054,3.08468490583786
1184.61366564218,-507.675751232924,2.95966029919992
305.258997414021,-23.1962213853123,3.14222869935787
1062.1938954197,-57.9793436265882,2.99524673157507
3305.53753502002,-464.291721100515,2.90586391388892
1859.35077398356,-13.965707237349,2.99033264301257
3335.12473080668,-644.046664293896,3.17899943226337
341.002697062375,-1590.66008083973,2.74804081388884
2419.09957899845,-55.4703735771209,2.77786289738593
1119.66172858318,-2185.35527784289,3.09471248418394
1216.72027080078,-427.804350318461,3.02244793541574
3119.4375181796,-1706.67078114594,2.92649736185192
3336.3717059055,-880.332558098412,2.94477285584097
3096.61689026441,-2108.78226263837,3.08077769494387
955.380804519084,-2122.89219883874,3.0780788917809
3503.06327965706,-905.996221292672,2.98202406818314
548.607005950115,-2126.12919237915,2.98134538089453
2508.81206722152,-437.784423320401,2.93553677936493
3896.92535045547,-365.043215301477,3.03468450553658
3445.51144720773,-472.682980659694,2.99216009924825
3684.27423463375,-492.786488479981,2.87130168731778
3712.9008008179,-2007.37974052686,3.09668561957098
2963.74544060806,-1379.65031609067,2.93974145518609
1099.45927642266,-103.993561307948,3.20655571550968
2498.81396546813,-1932.16755062863,2.96103465945114
898.845380849953,-95.860018631723,3.08299683363251
536.379504995685,-141.715868911265,2.97704041360046
2840.3893149088,-550.438905553345,3.14967089999502
2088.57739344688,-1957.62249524434,3.02899282265865
2603.27553668483,-1947.78428238718,2.88652585885707
164.102440347336,-1530.40057256847,2.91528453507646
623.812874363774,-1399.12677780537,3.10110090876716
365.895393160301,-127.558605752062,3.15576210514381
292.8609058496,-712.085399234321,2.97164018106041
1254.44084005006,-1497.42797973675,3.08752305413834
3042.22563241181,-1954.96893438349,2.91776918037021
1667.30616330316,-143.549130531108,2.87632335005656
1655.17293198231,-60.4307515149365,3.00506943593045
1109.74064815733,-1594.42108313309,2.86433585614277
874.503551772019,-108.287162482023,3.10306429233494
236.804879304774,-1793.7771744228,2.99066314093506
86.2487955482617,-67.6318697007366,3.70555329863485
3670.3276589449,-1437.91267227367,3.03213244967369
540.919492011365,-375.913887871722,3.01058949816095
2956.79927741223,-100.394255434518,2.91062522707612
610.811265089225,-430.244405393277,3.12780467321082
2827.70358189511,-8.65951460030523,2.98193422074189
1278.39342183936,-1944.9641965195,2.90990226326586
3871.93459197454,-289.688829746566,2.9502457177222
2158.11287989773,-1590.78442371797,3.66985106638252
74.9835827327598,-2098.10391335809,3.05404245556213
856.362113308878,-1518.8427197763,3.00216708652795
907.891139916249,-81.0418978374339,3.03242867932655
3180.12023362154,-460.994354951134,2.85194830786188
1701.00100334902,-100.865681325167,2.93406658223059
104.185050420157,-370.64816493625,2.92688665774386
1784.79542927971,-1131.98453259177,3.12488681392037
1975.28736835122,-448.820010950611,2.9564220648873
3269.37412156395,-376.876505321177,2.96873408793466
1312.52405828843,-229.288218858035,2.93169882109762
733.714408916174,-1189.22737782954,3.02886272453732
1281.16110687886,-99.48094219415,2.99184443862173
3286.51279052687,-864.860609898466,3.19481847284622
1218.74581216335,-1551.47032999309,2.98268312730413
364.598156409604,-884.263982413795,2.98956694037314
660.611642218384,-896.351731065477,2.95164444167374
586.472863173219,-1602.53316006053,3.16590280053199
3713.29655297371,-1672.2518142625,3.07072257328663
2419.53852404548,-233.269215640957,2.97356966774803
2803.26262369965,-1962.40631940976,2.97994720523032
1717.15181931166,-1915.82506442878,2.97395496487955
2317.89791058859,-157.212980031661,2.98342524679747
1271.61095937844,-203.208993635132,3.03154026337561
2180.39278062803,-220.196458168292,3.05016086694412
3185.47140744527,-667.848149710356,2.9747719579721
1930.2250762165,-104.618752310533,3.01090605654196
3714.62979233205,-255.653321257939,2.93710565439539
3753.78743038389,-163.878888241553,3.00765358289965
1580.51256120773,-255.58221336524,3.08551136023035
1029.55363505887,-1621.52769729359,3.06661549925528
1053.3278812664,-1575.32531205926,3.04950308314319
3694.35364809533,-23.5701876732429,3.00529944097662
2761.33314137942,-38.7769497686634,3.03157498130551
1384.60409205663,-142.197474658816,3.15167777612544
3106.98448988228,-1977.28708413424,3.11499332603182
1010.50416186709,-1024.0426258174,3.00413601659698
1927.80833162736,-473.130503909803,3.08905681709899
3340.19079536614,-1787.14608051614,3.05216929183246
399.390618386892,-238.474038408769,3.11735743047558
2242.11465344822,-1760.96723605433,3.05149789493963
2550.18818591038,-2139.62361218925,3.03254165567763
1417.0615073954,-1971.43427608667,3.06466311714512
511.678112474106,-1753.32503845827,3.02581875040472
346.999434272953,-275.396461247411,3.18800963973205
1796.93427447791,-1646.15185614933,3.01054110892682
1901.60627509089,-2183.7732697937,3.21291746591217
511.771792133277,-502.664935175051,3.2479503099601
653.579509890153,-432.258581432925,3.12566712091353
869.360948878962,-417.047732755651,3.14251463094338
1056.17707357423,-350.950006324569,3.1027754935319
1362.12170918062,-154.293478427433,3.21013318730519
2020.31321048006,-521.646115710657,3.08348031532577
476.574522174987,-143.571977956553,3.06630230488961
998.383618545113,-249.149385011027,3.0942207320068
1822.50962678007,-136.292186614069,3.07971556983392
1634.86733491005,-298.733211878822,3.13998497452657
1979.42943988044,-1406.06189920845,3.1707899448613
2611.8900510046,-315.263446220112,2.96043982291083
1637.2144554634,-1021.61037204098,3.30867336705501
3605.61081650469,-749.824633715606,3.25383806889569
3982.74576160297,-539.048711109003,3.0795061747891
3328.51958176642,-1710.97284863518,3.30727064069196
1313.96281633727,-1603.30880239968,3.22239010860405
1946.50812714226,-1494.63444846685,3.43434630938861
3625.37325164232,-936.785726952833,3.29197651000471
1989.47446999218,-555.394090854018,3.17900150125618
3557.1766285821,-1625.49603495205,3.31403516310301
2994.42169460495,-1642.3225481443,3.31759415327306
1181.21510284005,-1907.69201091152,3.17513128904581
2896.18165776947,-1356.09123118772,2.95072558163521
2602.82101208847,-164.083863099918,3.22077956163269
629.101450135676,-282.732572371952,3.39096665822681
2409.67567082822,-2213.42031320025,3.3813889593927
3691.35811897617,-520.102647362984,3.49324121101337
1941.80340468188,-766.058347434601,3.40273037696533
684.141787517987,-1878.90636138912,3.40134673687179
1833.98493749356,-274.444987183952,3.4284186382129
1691.0374376506,-187.20284971735,3.34505161153889
2794.94265298671,-1378.52082837389,3.4903621411985
2420.17057205397,-2203.52808794761,3.40605050664345
3348.49551111002,-1740.08831295251,3.51684312505162
2527.48901428039,-772.531474326357,3.24169139610684
2814.89071433277,-167.788090513232,3.51489340012311
1886.99029902478,-547.096326299571,3.47693470665974
813.712947154653,-328.714208536634,3.30678915620101
2326.86356548736,-1501.6703274917,3.52604260313554
1516.28426479144,-340.489663378558,3.37910739254239
1451.81075684292,-372.24146744815,3.87478736026005
2564.39675642396,-174.765228442025,3.3311013827855
2966.76396681649,-1472.55673402098,3.4983858675226
1481.50079506104,-316.340469825191,3.54749643810489
1453.26535404469,-267.589990932433,3.58145898480289
308.599793407557,-2202.35954953771,3.65291235710443
1316.11803704053,-1514.24272727877,3.78664372267233
521.048454572937,-304.765538229857,3.62969164888488
1917.00265626554,-175.800251226633,3.67021056896317
1393.26236497537,-346.181886110109,3.80325822198374
1593.43730257058,-1699.45867135186,3.69314518244235
2035.30708780099,-209.225338810416,3.8162781929812
3006.03673613875,-1834.84442794496,3.82311519507759
450.185704079531,-349.369353493544,4.07262098645425
1938.53115999358,-492.957045753762,3.92979010744325
1311.61275813046,-185.063557507271,3.79335934406473
1088.02056978429,-2122.40147891787,3.94573359917701
3434.88497116002,-1836.79758824691,3.99782377559414
1166.92227615361,-1513.49185181686,4.20781832710625
365.574562127471,-206.533073937098,3.62710577404344
1535.88270688109,-64.70517765242,3.92331173869119
435.491062797624,-159.648022041095,3.84667254504684
1032.16406189432,-62.8838822585198,3.69224762510927
1540.68591315225,-1691.03996445911,4.00068322974438
647.123100251058,-179.417837103602,3.93530685724437
2319.46666824447,-519.566782621869,3.98156816957662
955.729462367069,-37.5214151887369,4.12013292529733
2381.75567772686,-1619.69407767435,4.07366584209694
980.36753110296,-61.771168807473,4.07761990754577
3440.02755834469,-1585.01524998992,4.27098923486738
3884.6805965176,-208.493290570083,4.00533078481372
2755.11731993186,-418.612463414156,4.10980305492674
1871.49868061874,-1629.62758539981,4.06969078935453
624.813980420696,-591.682400933746,4.22613388289998
1313.12391727449,-122.696880944952,4.03845538467102
2972.38011742926,-1941.93980721122,4.24136904467754
3507.8330447208,-480.195790827599,4.38175409558082
1441.80224366626,-1448.77331255121,4.319586561543
2780.02924440617,-260.113839262556,4.1258508165345
3968.30905397605,-425.97924014052,4.32769600221194
296.386269220753,-1857.08498352991,4.25676857530893
2228.56316055987,-531.250592367786,4.35168852739663
2290.88232621968,-434.555083416611,4.45457156583714
2598.92199537619,-578.00878334143,4.57357232909011
1096.68450519825,-708.147005722183,4.57439594639509
3416.24767180733,-568.122805460792,5.04119825204058
1511.42793816068,-511.934371842542,5.00792841953067
3659.35646964988,-1604.20124122998,5.29843241663586
1702.37518190181,-79.7548343742326,5.30352986962442
2854.23508965893,-462.60711099148,5.24613659569871
3228.49886517122,-290.652466073138,5.49514101353302
1839.33353289733,-1252.42624911051,2.93992069095692
3080.61377199399,-1047.22760054019,2.85302437053412
2805.64001604826,-1262.96958575282,2.97965596390166
489.653175219737,-1789.1578260897,2.9949717559443
1680.44891220828,-496.608063952824,3.06997891966628
698.269007296231,-1702.18262469708,3.23415653113917
3309.33897523433,-2167.16389754873,3.02431927680855
1311.2081727575,-641.073137833749,3.22965910979959
3347.6614906693,-732.529520230543,3.44752544709899
4011.74018653309,-72.2186961746486,3.68866613819002
3368.79696930144,-703.039580687145,3.47703753907618
2585.2002399099,-1674.7892513891,3.65102321135265
743.027310583571,-332.471840105399,3.4846008736415
701.21591564944,-2056.46747307818,3.72014641160004
2315.42919583534,-1557.03105900917,3.33045917966403
1641.00531756431,-2102.80139912337,3.76660172669849
1495.8688482378,-1522.02500982033,3.84526633688342
783.284905747645,-1940.25322099017,3.86329767185399
1664.73690697942,-731.762769347652,3.7643103213068
1678.79806166945,-2028.76061722427,3.66998289612572
1729.98982821381,-523.769503696757,3.58192150914538
1261.0723725231,-1416.10938767056,3.65055014591318
1690.85750988845,-1189.66270687225,3.96842865224366
522.54219646519,-2198.52066626251,3.89649250431832
3781.02438074155,-903.974581159313,3.78989711966121
3911.91436341089,-1173.71287198296,4.11967571080942
1651.52375078497,-2075.13776964351,4.02109453548402
1133.94540401687,-2155.11833200743,4.08235346403833
2285.07532570807,-2203.09263676047,4.01642758512664
397.843051520501,-95.9997726543489,4.01377771550354
2733.84395194868,-2071.74718930846,4.2004045277505
3825.72323856797,-1077.73896123182,4.30570247477454
3716.76954227324,-1546.60881024033,4.41016161356123
2612.0553385133,-1743.46352362842,4.56258492552284
3901.30083031967,-1025.97566287072,4.55458575771607
1881.93226485304,-898.452527377711,4.38813214285783
3922.09239082477,-295.966809412273,4.66475839642887
113.570134888664,-521.835305853779,4.63611428202112
2113.81012415981,-1029.18090680804,4.8112923983976
2286.61101777387,-1721.49371520445,4.93730019179783
2046.44216917217,-896.046810347139,5.24916311306896
1716.28169854806,-56.1222410724227,5.24958778093955
2312.05399807593,-865.425205784162,5.27147655306501
251.713593573898,-211.225993516369,2.82897369843965
3665.36882070803,-1531.74570136021,3.00061923870737
3044.72477381511,-1462.91005783747,2.76458958629992
3117.81895182465,-1364.98197346225,2.89531907487377
3956.14108546264,-1353.73243135337,2.87758422592246
3960.55600814,-1448.07376732964,2.99266565319212
2906.78099610056,-912.538700496624,3.12592031326872
3698.58119007995,-60.1315861953032,2.94102117507501
2143.36355100948,-396.288986651626,2.6032761490386
1595.46881954868,-957.7213354634,3.07715857333175
1545.03281039519,-1481.17791814754,3.06788258273386
213.931602476091,-1952.5772192108,2.92367858599231
3309.65213973239,-370.589665954981,2.93798608046049
3775.06720821635,-161.204493073594,2.66289377084491
616.210244509055,-1200.32788817302,2.97753713213243
2379.21686730518,-1160.13337007674,3.11196068414045
2643.47542135479,-1521.64053430767,3.10706612353592
3333.00063219274,-94.6015596501134,3.06688483182987
1591.64924068624,-1595.33700658226,3.01480743096127
3024.30041933569,-1265.32411260347,3.04887944847372
2036.23837508901,-1133.60421312573,3.00145299991671
3482.93451287947,-2171.06056076212,3.09914608834389
1696.29997846758,-1423.69916759749,2.78425898649721
1198.04492507616,-2124.92589403344,2.94082366940117
939.979981454939,-2096.88815996241,2.93914115069629
2521.96514603136,-877.935470738254,3.01807434347204
2927.87573054785,-318.916305121438,2.86296980805874
3876.50139132371,-1112.12537110126,3.08946246193608
3956.21634781651,-2102.82301743299,3.16642383148872
1492.09086889269,-811.316302847774,3.55657072105841
3513.69256245018,-1943.16724757832,3.17718776076688
1027.30744963232,-677.412564236131,2.79324147025557
3824.80925754134,-167.639143196459,2.93325576782203
1223.52497031944,-1608.73817460008,2.89632898391242
1770.142874406,-1988.83021925192,3.05055563491699
2947.75122578196,-45.7897647164353,3.21195616936488
841.363822175798,-802.160981184105,3.16976905972074
1170.62374347678,-1804.45288636407,2.78219520153294
891.773913969329,-704.348509888238,2.85296528071096
1660.05009692957,-1992.30852002045,3.18388091121326
1298.37466093429,-2036.98923482215,3.31599417939905
624.083521418082,-1785.95897949775,3.02983517414252
1815.95822578675,-1044.4136319303,3.0208599373126
1622.15143931178,-1746.37436127007,2.92878703876402
1172.63849060861,-317.202116913582,3.03313964815645
1125.12579750104,-1709.31467602766,2.93022501660863
1147.33146988418,-1618.72409827145,2.5672110199497
1487.63720475451,-499.459569505335,2.94851361475816
180.811861047042,-2140.12242211502,2.99867954337019
2803.3175096451,-42.8255121984368,3.08703525590839
3138.71214479068,-1773.43590068419,3.10652789617254
3109.93714658274,-1878.21086621989,3.26187613870259
3420.64079734288,-311.39528232789,2.70563125424161
3890.09006313409,-1793.38081884863,3.20842018260264
1170.62510108619,-72.167936896754,3.25169011202582
2412.15573094412,-1538.55933880173,2.88554030523598
2926.13596112111,-1647.81993130994,2.9776261882816
3826.71456676239,-1383.7103731395,3.12215308325894
2262.85425858986,-1394.60153975922,2.79144930255335
629.882975187416,-1931.98977147734,3.25497151128886
2092.55176236215,-638.471467727004,3.26872473071492
3318.07966255346,-1183.54573119852,2.93931955614735
487.228616406663,-1041.13196263235,3.04674762341027
2852.09829855451,-255.222102382287,2.63384437521695
665.056413341253,-2200.36118564027,2.83596994237715
3307.70629040726,-1507.09087719026,3.24726687965574
1316.66328567519,-1449.54542996279,2.98370405314197
947.156399166731,-346.747925146465,3.16189379036677
438.203816872162,-352.039900212577,3.32839433006635
4017.27539073041,-895.014180606976,3.39767396057743
1148.11432436523,-1670.74704116662,3.21694906753973
980.144016254551,-487.83907952627,2.85773440229199
3021.08016843471,-496.583208934978,2.87182873427783
2930.89693191656,-1064.96800242915,3.01465245245881
3831.7727210212,-246.541612554599,2.96428437973407
2877.17790587834,-2067.50818622803,3.07753451042729
4058.4162729458,-61.4359899630108,2.98491594042528
1875.20145896111,-345.832496896325,2.79263009190132
1913.45980463299,-1307.09872751165,3.07556984511859
1198.97213797506,-771.176314915432,2.89833595420314
3212.77363027137,-1892.27407682523,3.08420845877684
1404.32107125094,-2191.89667783961,3.20295116378201
1764.53713074302,-1038.24585413282,3.20510721244518
1801.24170872149,-1946.56824564965,3.01515537057999
219.117957479502,-878.704852139391,3.24033742266869
1828.18112769263,-648.700547699847,3.25980513628602
783.477890100355,-588.586032824545,3.30740293825132
3472.58998169255,-1254.2333121291,3.24174074723552
3619.22204406693,-1250.92305931877,3.05751293247185
1807.03170030882,-1374.93124640339,3.08793561420329
1036.98587705571,-1906.58386839627,3.25164518224461
854.669110782607,-836.197030709837,3.22611915467354
691.862834136675,-405.152992274652,3.27080939819611
660.444703382276,-1479.92853657645,2.99851848735404
2341.85222025298,-1961.78113125997,3.03824708801914
3996.62441745669,-724.391005681027,3.4330278273742
2922.91818156179,-1941.73485356483,2.95896563371516
1238.32147389806,-1087.20401578204,3.12258094404731
592.907038424677,-1844.29870901081,2.93056194951455
442.812193834241,-1993.50940217494,2.97103929445718
3802.21580634769,-238.756757822573,3.14654728155251
1849.01008319975,-39.1855360981951,3.0081419336067
710.648715655794,-549.303781331317,2.78038902885413
906.582620454671,-750.796678515309,3.17005207062003
2232.64781878445,-549.179697739871,3.13321957065309
778.370472126889,-47.1796835534903,3.56929395508633
1837.66555178015,-56.6337228440091,2.90086447956864
1547.38044697054,-622.355524337366,3.14716520959549
2232.65215852219,-1241.70386395,3.29535238244453
376.275415764605,-1066.21427465779,2.97209630728076
1568.41998641901,-1340.18620233321,2.57523002277584
1123.47470033265,-1807.95851374524,3.28731564068722
963.056787815762,-1211.21714153448,3.18567304566417
231.812130231215,-608.348838515359,2.95968525905437
1562.21869636912,-929.254480342295,3.20292655495823
2646.89416568233,-444.618053627946,2.95390480891211
1341.9691472519,-1602.28445443854,3.64342424836877
2505.82247111,-1780.61176645212,3.18460084239593
3955.92690702373,-289.288638276264,3.30690299715509
751.881911136511,-980.971774530553,2.92595786063822
2105.72568425221,-808.787812226514,3.01986562894454
434.818261532581,-668.202660075841,3.06191103362871
1682.61097575571,-216.544037018409,2.99405960805125
1430.02889546534,-1876.57388779742,3.42585852102309
1392.56655727933,-1425.98089046823,3.30377965056098
2329.91967887725,-1545.67491888313,3.06732131619564
3094.48599575004,-476.889570475524,2.7714875484416
2724.75254699177,-803.207797863104,3.30626824441039
2970.59008619969,-1401.85328775431,2.84525338029654
1472.63921275949,-1362.23122968904,3.17347192218899
1559.0384088743,-1222.06630962953,3.04217942225304
1753.41727698017,-51.3554008369382,2.83247807106926
4016.46214617886,-130.941411539103,2.97062303373504
3527.43153438941,-271.398242000096,3.20552925291062
3497.66420812217,-945.878149217862,2.98519576901583
1237.48726434254,-255.718668740989,2.99210367226977
2072.91515566404,-768.903141288709,3.01069446152265
1879.57198160457,-1042.70328268583,3.05852336268761
3246.55940427457,-1789.43023495627,3.15520682060828
228.362182596795,-822.507996786524,3.16434007202107
711.186040093388,-388.219165101495,3.14037495719671
3150.55753972048,-830.228054125824,2.96800913656548
3694.56286039213,-2084.2561223901,3.08025603301629
1024.42233990422,-2050.56764457557,3.07195107839589
3387.75058949787,-1097.13458258761,3.08842933453163
2222.63658577148,-982.458767108939,3.1276686837706
1399.16645401527,-2162.55475839921,3.05637188951491
544.294176363343,-1353.03005808945,3.16459391693122
3710.52903728554,-478.257662273729,3.05929482716643
1561.38515374608,-1283.2498294193,3.10909513473857
1877.7919030169,-1788.78350593648,3.34861567856803
1215.32582322208,-1310.32217309792,3.52193628768752
182.91275213425,-2111.24362388114,3.01798326754817
2919.30745344421,-1468.2528350362,2.95490734886345
2631.10261578563,-294.513520473523,3.01657597916363
2977.98400365274,-477.328707203001,3.23303929695667
396.988386927532,-1642.21686947181,3.11730811569732
748.584338657566,-1839.53791543032,3.28799521179657
2420.48385376961,-346.089699129357,3.17401503823215
3693.96742647472,-586.318780721952,3.09346757403653
503.979655247506,-1411.38743222366,2.9989993662037
1249.64806998932,-97.5333045962605,3.0636088681826
3091.04904820825,-1250.51128004774,3.05980959351007
4054.65005406982,-1372.89903228904,3.33357159385639
3182.07333729324,-1657.37913524732,3.10096970172071
3967.61766059081,-1129.92531675043,3.18509607276884
465.471142583859,-720.654852716064,3.07990293079881
212.267802236709,-21.7275136264041,3.33807827014832
2101.24506039372,-119.013056034791,2.8322444395459
3071.8115945582,-1767.6066886295,2.88313220137385
1311.36332514442,-1297.4424213752,3.24456641128546
3981.70937298926,-962.232758612779,3.09970727220005
1572.76417353797,-926.579870579999,3.26788768834298
2584.29727229818,-334.097702906619,3.34800911060688
3119.82910502174,-226.685389663812,3.56879728328254
1111.92207175073,-1568.06229932296,2.97353002329495
590.389891101439,-1734.47850511488,2.99280299644877
2782.03823568825,-1548.03623482478,3.17053032488583
3633.03974265018,-1967.55252156631,3.17170335739953
937.814561560687,-1768.93685930594,3.10558271038492
4004.60056128146,-261.33215124909,3.49749216076462
3938.17568611513,-1689.97793625356,3.22726735547395
368.091291300549,-1303.24402243469,3.19905423147505
3228.09246886155,-141.604134303519,3.63749753879238
3853.18138327453,-1605.3576004957,3.21329463332002
2065.27333417461,-580.389727440089,3.30421271888098
1085.52492069503,-821.134155201278,2.95684568855239
2157.88001262434,-1078.00100782702,3.24849052329101
1377.23806372826,-1233.32749344873,3.04333230936218
1403.91664972246,-489.874596343977,3.12198554822029
3143.97421167178,-1547.32520504769,3.01399715874757
814.326398519353,-2139.95769214481,3.33695234689284
2068.48760466626,-199.932909094647,3.2524793821417
1994.55465672691,-756.918936642027,3.116961256208
3250.33557285257,-1877.21964260001,3.01688519675483
1392.75589013594,-742.097602701719,3.22525575301077
1313.52287181086,-1323.2749863408,3.22439806693031
1532.94476752385,-882.918887892989,3.25154603494232
1680.15309165977,-584.45454087208,3.08389031788025
2006.84472554448,-2118.71757456642,2.75446394120991
2933.21077183465,-509.019965679558,3.21696524451841
2848.96336771572,-1181.40943798879,3.24514068187651
2500.75224031634,-1545.55315107424,3.6326460186956
367.698540415055,-37.7429755506873,3.39433179622685
438.458390437566,-1105.8541825064,3.14691825880496
3362.73004129236,-706.330438046607,3.13298910061127
2325.18541707496,-820.628738586832,3.14809193496933
1630.30213908512,-793.017814256534,3.37753052926086
1463.88040643907,-696.721894804773,3.40373559867793
2952.02732793926,-489.49834587723,3.57451929893123
3348.48783482955,-1185.16812174242,3.35200609479443
1140.04225911374,-150.287683464021,2.7878114455033
1797.50348648896,-454.874899255364,3.25185641787144
2638.89784733209,-781.827713969021,2.9020603585316
1896.70811586168,-28.4500657348598,3.15735259416918
2242.59167327469,-1527.81041102024,3.1567952112024
3646.37273559735,-1871.31661271681,3.21030765575626
1009.2671844307,-2111.52567690274,3.32043623720761
943.314429360722,-1652.2213433971,3.28815282001137
86.8456932705043,-1368.0105292168,3.61566792138748
372.190435225014,-1530.46691006832,3.12159129588493
970.586649666265,-148.629707786628,3.14473324007358
1922.81800422937,-1139.23932073781,3.27973290011041
489.026060211581,-677.491385160331,3.25832397531564
2077.89584889764,-530.239855620969,3.28676044456404
1973.19328003235,-516.623902817431,3.43198974563823
3227.97387656466,-1368.47290244967,3.35092596338042
3608.45672858422,-391.815224625406,3.19214986100011
2026.78180299043,-1491.98294877763,3.71140554080024
906.180682746577,-231.486410488792,3.33453335224161
3248.7693443244,-1902.32568679075,3.38699550630146
2742.59832480103,-1740.89848605914,3.2109826338561
956.359934874022,-1908.20175074334,3.26710259600333
869.44799317609,-151.70369319006,3.62997946618617
2971.2634511841,-407.895425468644,3.32560007486687
3105.99041441205,-2143.2975578899,3.19056316749085
3436.64388167124,-1745.55795732867,3.09430136334923
958.256408880829,-1232.40669835498,3.08760698843693
1735.14609360127,-954.279783688242,3.22689673902734
991.689987789057,-1831.69620968,3.35779545060657
651.971079818972,-401.040781425284,3.29510623921786
1378.51718548689,-1961.93839490276,3.21424294808701
2725.41838849116,-1572.59239007564,3.56275896503445
3617.59140983585,-1717.58920973902,3.03553791473542
1590.84555567599,-1148.74625905286,3.19632228031264
2694.49056082237,-484.697358025826,3.17803809060852
3897.30367548762,-529.000750495735,3.41973915707115
3466.69843738751,-1384.83957143586,3.05276749040318
452.678852252955,-267.947318402557,3.35263929834564
3061.22188560127,-54.587568236512,3.61310873111899
2025.98455201663,-891.677634315704,3.6273839927257
1053.27355166841,-439.594376052551,3.41262411739798
2142.81147267772,-666.903302444699,3.53437575444
1930.02577882105,-2151.50222909437,3.25224397912413
2692.03864262012,-275.17128071429,3.22077138918339
3207.30579872344,-1521.58633064147,3.36873995446477
648.547483632728,-1912.34885977756,3.20201642599995
1630.20708808315,-274.290937089348,3.35786169364995
3257.94316700755,-131.184107858897,3.60851069277074
3317.46053160998,-1605.55147802183,3.23558399568348
3844.21295078148,-1645.26856763566,3.38875500993479
3498.62282119313,-1828.92371474446,3.61522181199486
3751.40285857264,-1078.32112309461,3.45985884825174
2431.41839396122,-578.45215782581,3.51779393470701
2009.7192378185,-2046.83127436594,3.34613803070734
1128.03513217074,-552.594359862682,3.40765028989951
839.427263091325,-1025.99147709003,3.42374563107317
359.999457837092,-279.447597964973,3.55120115821811
1889.24286232473,-1250.68949494132,3.20546784545331
3941.79807879202,-991.364058967548,3.26707073876468
2709.39009994799,-691.174841093547,3.62583255382165
1263.89761972338,-868.204183634141,3.39881796830036
2787.59771447188,-526.601694659351,3.43086660579052
3610.27378872571,-1766.48644504298,3.21156971116865
1944.46838742316,-1395.73992306814,3.47112532894437
1206.24471383674,-1170.750715477,3.37048317086941
3653.73268415614,-1659.91677979157,3.67389634461415
310.874716923879,-1982.69130617987,3.63587055493104
3608.02945559237,-1413.26416485018,3.21934166297543
4051.30129793744,-1048.58512487011,3.66261490287204
2033.14326395357,-213.557190390466,3.3640954948392
3488.73098983577,-1466.4592808967,3.63767660441641
520.576186991733,-417.792245667845,3.77168889625259
2006.50471001497,-974.346595205171,3.20618869411999
3334.42532041445,-776.329130265787,3.40595464831348
234.020848398312,-534.094887685496,3.43425666774382
1433.9235209868,-1270.2662183725,3.54578024089368
2618.46249991041,-63.5094813540818,3.49594984559398
3127.49470402146,-1393.16648856434,3.64237857746332
2899.25334994935,-1790.36921948998,3.55643357177753
1045.41037418523,-1682.48475397131,3.77304543954964
3176.75381409877,-1379.84415131375,3.79017513331978
592.751921470718,-70.0245789476135,3.30207147109278
415.571479539553,-581.879692759369,3.49469726888263
1850.42713982483,-748.155820137858,3.52371491091202
3753.9005404275,-406.578073788983,3.48900971992899
3680.99089259398,-1323.28315361587,3.63443461232834
1388.40645870624,-1155.19258395764,3.77174366692366
322.896150641398,-634.976782200669,3.5189028479684
3862.78560321814,-1438.02362046279,3.33185872328714
3252.33916005844,-1958.16531332042,3.44641373637518
1405.49263856101,-173.146790853721,3.57881955378465
2282.91904382275,-728.864282867551,3.45124525939126
3707.38813167493,-1986.33709426974,3.65131550752187
3612.21339145094,-1185.60626826116,3.99985014013487
2178.6712500148,-596.88328728584,3.62169521937582
1011.85409769866,-2204.29247073031,3.52895877582433
2739.52182045513,-640.02197077005,3.41104812183734
2226.00324756435,-1807.72359271004,3.50275162125637
3061.90745428932,-262.366654399795,4.23968910926904
2954.75884870518,-883.716032885693,3.5387226005227
3747.75156032698,-1787.7691908773,3.75825999120434
2960.58799792561,-922.101300047556,3.74535846917129
2733.13436126201,-2070.92619433416,3.7562352247091
3758.6651975273,-1343.495807958,3.45781204246417
2278.67573645463,-874.853328679019,3.79837839891868
1965.64321199664,-2000.44476259003,3.70850361927577
2244.07844498516,-192.389484132914,3.91623109989018
987.408178391746,-2167.16055382078,3.57441205087488
1561.57539761002,-318.258935171644,3.54914274546665
3302.96745774816,-1692.16799254051,3.66766440711195
2857.76379744495,-909.344626821724,3.64225334396637
2593.96536419982,-1869.64443796045,3.50420088035923
3021.89961356685,-1003.35142705943,3.73094120829294
3843.32060523241,-962.951537700941,3.70066361490897
2513.61057466285,-308.156261844392,3.50520912703682
3332.02424487076,-1801.85936916614,3.73697979382927
2032.47173896243,-1555.63534972813,3.70377876086834
3901.39592727114,-1466.86597109706,4.00216845279618
2918.20502372856,-887.408015569075,3.48217296733804
2038.01412616127,-2104.11600328536,4.40562308024186
1995.89429859012,-644.331215519598,3.82731336784997
2239.74395695308,-1208.90775606447,3.63353865972474
157.143025358509,-1067.4082219151,3.62992655631795
1779.14262326516,-238.929820881797,3.59863450520449
2300.52194636616,-2054.97232617702,3.68749517183932
2395.64159607478,-382.782674469473,3.82203360764491
338.169182588466,-951.296316297287,3.87196913300355
1759.09307287493,-391.875529171411,3.62720902209635
1004.98425276215,-419.048166749896,3.48247774276081
1800.3342438349,-1301.81041528943,3.87906833168898
2386.71492261627,-1426.30288824166,3.49950468125135
1531.02224452989,-966.528927320967,3.78241875854503
1641.82745882177,-1195.82144565733,3.69994444953827
3061.17809438431,-1358.13403357064,3.6149820347031
3135.0610927803,-1302.30120361342,4.03572571464536
1169.49570099981,-737.105205759166,3.90450205195625
2438.90346123315,-434.111049109139,3.54848070138573
3906.51453422717,-2186.11279666601,3.76604372112015
1654.66703995824,-1656.36748992831,3.8398744568238
2097.52129531668,-2098.6946661418,3.717115399115
3227.89213542947,-184.2084468839,3.85564608928867
375.853126912306,-2062.81522723349,3.81910493142301
171.820811044532,-1997.3735402126,4.03749780373575
3117.42491928733,-2085.0131122173,4.02644762362914
1935.88834731932,-722.396836524092,3.64495569461021
2097.9689616513,-1755.43976556088,3.62876942639255
1366.0893120108,-217.98764689801,3.86118705395973
881.687324125378,-874.275529528799,3.96024388062051
1767.98788784881,-349.336223964659,3.65207790662758
1994.69183475425,-1820.23738756045,3.93715187132556
2214.01388861889,-1307.2069580854,4.02275484070239
1813.74477823983,-1663.62788788555,3.96058407176748
2148.16402221666,-1473.84352733149,3.74158180769337
634.490664452134,-731.353194108679,3.86965506037991
2984.97521346746,-1854.81405861188,3.7683385196962
2019.29874711761,-688.471664863515,3.99119609121477
1194.81997539624,-924.784674758105,4.06032532794818
214.227955937955,-137.917518771905,3.86630678975126
986.380734007237,-678.688673161,4.00272976153861
3973.38210906371,-1815.28115991353,4.17155903182091
1740.96394637083,-1676.17096716173,4.16737345850041
2910.40412437393,-2121.32313596259,3.91743100323818
3311.19233408319,-1012.39372714212,3.97370669556672
269.646388217698,-232.644743896738,4.1344948999684
1928.87366608667,-347.873966334312,3.96620006525486
2151.1244265525,-913.594017773571,4.12775286151685
2495.80552910501,-470.861337962987,3.91891667022468
808.57693353366,-925.291692550841,3.94134664607891
1843.07826348053,-1886.69257493904,4.11731755670056
3998.12114610909,-825.728058472552,4.0877217272952
2613.23613496132,-1806.54298754609,3.89442207868633
2179.41862330987,-1359.43327565231,4.27652208708543
827.641669242134,-1789.35809587897,4.14597673153882
727.562456499829,-1907.59859480262,4.09828630264736
3621.40474639682,-1371.08367943953,4.29976355901705
1332.7905207147,-2010.39194644797,4.19168791855502
341.251149190723,-1434.92619820103,4.26359512580252
1996.12378955944,-431.336753400597,4.45045787726087
978.862973506356,-359.303176621107,3.91436002723233
2278.29294429946,-1722.26500589047,4.36001329484069
1046.89989833263,-192.164075049029,4.22766412419134
2100.72115182788,-1916.36710139407,4.32985480475539
3507.54071041239,-563.80691655181,4.00585680367401
256.735454364467,-1014.91058996598,3.99154203357866
2263.00097159752,-1364.69209062699,4.35789575660941
3707.47969417773,-1188.26421308329,4.41526473655091
1749.85461608724,-1237.45037560441,4.35131777139439
2559.36815398906,-2118.15346629867,4.66801440480935
286.797938767667,-1191.86563695747,4.55969311948596
1244.95378833817,-449.39719660458,4.76773987748542
3692.3962051531,-971.428016550945,4.48820478491943
706.989665832209,-664.796143220887,4.77978702454759
934.903103682409,-1975.7029610738,4.84599860012164
1344.43933736553,-1713.28990230176,4.58530429160896
252.885167201647,-1332.25797488184,4.87313597978399
464.670173754799,-1955.08551533396,4.9066724843426
2304.10446117763,-885.062104531448,5.01954343862636
2893.90990140642,-1398.0391823439,4.92963970872261
2947.15067641933,-1615.95114951524,4.98066321843702
1172.93571841917,-1815.29373966417,5.033994914381
1685.64131814266,-1503.588605285,4.91381143351921
642.149593366175,-1457.56310518638,5.16309851203752
2031.39975410408,-877.394619230232,5.31291419174422
3324.05616143234,-564.263491293605,5.59465298773701
1725.51085602372,-1099.5192825406,2.88878867631794
1112.91547951212,-981.185596318235,3.09851690285067
2546.14728317452,-1868.99684533963,2.90142745142813
1019.40067612199,-1551.17592902675,2.80466631672929
532.505522530566,-1319.7341409295,2.9314797843524
1454.41222797514,-609.95097199512,3.03947881474207
853.892008722691,-1132.16972469465,3.00113336551594
2958.15742503994,-682.375512129066,3.00507795426741
1589.22039425686,-593.23715024339,3.22315507818375
2142.28002893126,-1095.19389053698,3.01872574201858
1255.19177197532,-563.825313995748,2.89338166206247
576.572857382184,-379.041140811031,2.83091237623485
110.896086745359,-334.739630322447,3.11109233221331
1760.04946213548,-551.054199652257,2.80647881174578
2350.85633999698,-1732.08256626953,3.34164649552045
1654.37680229634,-602.531884280598,3.32492492117041
113.09859657126,-55.3969966548426,3.29850126161954
112.045965228371,-445.738447931097,3.2915513437682
199.430956758018,-549.592689173304,3.6183383139221
357.152854790797,-482.940566486065,3.61534446278245
829.965415256684,-1231.76933978806,3.37790721865554
832.073253964641,-965.816142163731,3.50375516599035
3200.80264613935,-1895.94741116335,3.4535271444751
934.092379073334,-823.490464278088,3.90375066673523
1486.30389426636,-869.404227154592,4.08082921172666
2117.04219582484,-499.15330237887,4.49435076388503
2204.07818697519,-398.573522406788,4.30073344682294
937.130232239646,-1996.0618580648,5.05626870786534
1887.28130005736,-1704.23121708793,2.90439880912607
894.184973720445,-728.441951306237,3.09851544635066
771.02764285478,-2097.27549544198,3.03629343926615
1851.50890121671,-1087.15405205903,2.77181747327294
853.511323817368,-1876.09622774278,3.03896448017636
573.579314708552,-640.071333180753,3.01086657442188
2651.36657728746,-1807.6462439001,3.09365011302793
1496.59635163525,-1180.81488468798,2.78595601962164
2104.88477821266,-2209.05157780639,3.1427887429284
3649.67450168171,-957.224450658679,3.23538809453306
2853.33523254471,-1907.11010852725,3.21681560523516
186.954740280502,-1474.65797065502,2.8517755092106
346.297191956444,-2184.40927043031,3.01297217723658
563.335359108099,-1815.90117416114,3.10868510557733
3653.57875533725,-1777.17443354026,2.90341525955336
3697.05104405813,-1183.24118762882,3.31491858720997
1219.74546690432,-364.393872049945,3.27477740329203
3368.2104809217,-534.286959922981,3.07238805057139
3339.85463992826,-749.142314037217,3.26528040602175
988.668124262549,-408.785796813306,3.46394821637267
3254.30401142658,-2003.69493848003,3.43188090294515
2765.87456742138,-271.891540072054,3.32547532367767
2474.26470827073,-1718.41024125795,3.55233036152469
1035.91910978543,-1271.25642816914,3.48303635376627
2551.01597633689,-515.853862011688,3.77104945091542
3342.9215179201,-1803.27958062238,3.59237428347854
2089.52222527933,-1760.53662585936,3.98320910515202
2083.63302793008,-2006.17398675518,3.63897456983246
1969.48723283727,-2061.24933364334,3.72455766075846
3258.54095768883,-78.75228428804,4.14191988318648
3823.72468893101,-195.218008119702,4.09499243082109
3804.30617656047,-1083.37836392522,4.15331846192095
1558.42287082495,-2107.40530313574,4.30298740910187
1675.98079553251,-358.701375996301,4.36047711482914
1696.66935522059,-2188.47389102153,5.12779008151429
909.102791520155,-749.834350871495,2.55065191754907
3618.70285436196,-1867.38017315511,3.03268978939253
785.545670532815,-187.577984296159,3.09982530356673
611.045826561217,-1142.78305391186,2.87609441986953
539.701612177312,-1356.5978559231,3.16267218805029
2797.44351055399,-970.553410318762,2.85690118835923
1389.4969577873,-742.138510691924,2.58886017995177
4047.02717909311,-1371.52584991174,3.23590697710036
3635.18603647326,-978.519170847975,3.26698031053582
637.262104466351,-668.310528020736,3.33608351042906
2044.85312190382,-2105.72057266715,3.42993040302281
414.228411634381,-574.436201766748,3.25925919707221
807.297117431805,-785.33336806097,3.5955606447153
2874.049663829,-2153.44279218339,3.45025259433803
840.833845039577,-1077.83284305746,4.21492184876086
3480.67183665626,-1349.54066498482,5.02799879686588
1135.24533511399,-526.215475152014,3.27966659302096
3071.76805437201,-575.289177621023,2.69046220659484
3279.13920110628,-948.569106066331,2.88232098365309
804.996230692072,-1207.46098934442,3.10219572735243
73.6221148360238,-1461.43674455848,3.09037567261849
2216.28308248416,-46.106135478308,3.26198206619641
80.0656700945362,-57.555748054398,2.69743719503044
1500.22317748335,-1898.06961989223,2.79540586946643
226.914522314899,-401.988000075539,2.85211514604761
880.232294867344,-1861.54983964995,3.06357149344786
3656.31459800249,-1272.66503842336,3.06004402468104
3097.51166549013,-776.965837539669,2.95551288767641
754.877264022655,-1245.45027755683,3.17264996951925
1427.66407580036,-1000.46573711224,3.05440873766969
528.523023971543,-1393.97430358811,3.11177392553849
576.997631386034,-1315.49592815979,2.94474417284513
1888.77054148064,-1570.76127984902,3.39775517664117
3836.19551661275,-2126.21442382121,2.97811212919197
741.454205871585,-1453.08951536239,2.83194500925381
389.080933784706,-1368.3003553069,2.75564774506778
2316.24409350493,-469.524176106287,3.26879154249522
3395.04617989068,-1967.60964325773,3.31938807652735
898.081936995722,-742.991827088351,3.30721717737769
742.352681620651,-838.364874534665,3.02761825658483
1739.85880070055,-1836.13574779327,3.20882987873375
1881.65025560993,-809.167997968557,3.13714530706593
3861.17358990096,-81.6667107813209,2.98991623593546
2673.42774579785,-1718.5918199881,2.66567192056509
3100.16736230824,-260.959139179622,3.20556315322739
1209.73327572566,-1053.18404986222,2.57216780069367
729.67668735365,-1954.42713405109,2.82208775090764
3704.13958438643,-753.554624079217,2.61714185033748
1749.8620561676,-181.373078489651,2.93316105024826
1128.68091131081,-1156.70867229409,3.18919118420536
4008.77119346243,-1098.69150757454,3.13348399039464
2435.48256066794,-836.026121896168,2.67295967015749
1125.73178064033,-356.001695959322,2.86756342274797
1484.67524428672,-2197.08971044468,2.73870440534569
2983.31625224678,-1991.49703529326,3.13424435310869
520.662309275423,-1331.6291388511,3.29852728368512
1858.89596565474,-1243.0443013855,2.88968794338158
833.048512139512,-1761.75238954393,3.35884206412976
2338.64783742373,-1311.38066110253,2.60889012918422
1812.41649727626,-1714.05262981835,2.95762196662076
3556.74120854632,-693.09033695834,2.95753788824907
1883.1944774975,-1486.16560990047,3.07843427343248
3344.82976087297,-2048.27612594234,2.95418708438743
2011.77156109963,-1851.19602581996,2.94776170921968
1893.19828172563,-961.686660152953,2.90408028893915
1957.84432740595,-962.70100599337,3.03575634019888
1667.73727994413,-146.412773053975,3.04483555795752
2983.67583092293,-1677.79960892741,2.95766814886305
238.905400558177,-2213.89402690555,3.30964609090623
78.887516391485,-1034.40117423035,3.12000561699938
1824.68954561444,-75.40787148567,3.30358319491447
2579.67475860622,-2101.31152788637,2.58007382783093
1739.07295665821,-466.103229745137,2.93421580944371
3864.30282982063,-912.863927423756,3.43214634303622
3502.63603832787,-1788.39056620328,2.95548634484643
2291.97175581687,-564.697948754735,2.85086082121159
2277.79997561026,-1655.77267805294,3.31802848097884
3050.79175739467,-1655.79214854691,3.3623449148006
1142.18399811939,-1344.6394959542,3.12065789212914
264.986719736166,-1107.16686301574,3.29414675113761
77.8786936925054,-717.962017433375,3.17442665436091
549.152393203684,-1762.25783794828,3.37062395364418
3838.84945991199,-1078.67009227776,3.56724055717229
3346.56240081828,-751.926258111071,3.47500629141061
1819.14099171809,-247.055844126923,3.85356544129364
1326.75745377058,-1629.08875460935,3.20937663633178
2401.69414351282,-110.056433165053,3.74877462859441
3635.52197787226,-329.451191304383,3.76656143760328
1481.12549924466,-1736.70792962146,4.00560933476191
1609.1958830003,-1683.14133990483,3.89649430753107
2031.033586657,-908.202298477745,5.02557417450885
1464.6081817713,-2170.26935082212,5.60096436404878
3984.38199688785,-1588.36183706823,2.98377419423307
4053.83433398868,-2194.15491841709,2.96446017690711
3684.97293229739,-1787.75929104223,2.74099682769306
868.457046499042,-1560.42846918847,2.97810958875827
2860.87007867525,-973.532670799678,3.05375783965706
1317.8976869489,-1583.36769225262,2.94154055746395
3984.38950002872,-1306.85690593307,3.01221231974121
3793.34265010869,-1270.82972133107,2.71492374282472
1534.19456320772,-1042.90091263026,2.8672197699287
864.79580370244,-1663.23464039337,2.77725536065229
2056.16876031261,-1207.62839968065,2.79979211381225
492.83243268946,-1207.18617286503,3.20813263146285
2191.06020230991,-975.956523548241,3.21507135936536
4060.09781374725,-1547.48362805224,3.18054291847771
1611.60339370887,-570.208919474659,3.2188143767183
1304.54398211227,-1389.13695676196,2.85750101141568
3599.44233951862,-1305.70333204666,2.8212062177916
97.2389477934446,-979.806205843785,2.90171585146635
2291.99564675958,-1409.89081485374,2.98206467531426
3987.36505486068,-25.9032597635898,2.75820200978348
2982.24981041827,-1837.96026443754,3.08353196385934
2039.20937945803,-1280.84214925829,3.33512503494932
1019.94506175078,-895.866433203896,3.15915930073376
859.804934804407,-892.107358575881,3.16561365306952
1609.86591466836,-836.212724151841,2.61309767587057
2187.87951201601,-1583.53981175719,3.13564758973778
3277.04300173131,-944.461007248444,3.00907755495549
2424.91188874673,-200.012210462829,3.19439565244923
526.493422609948,-628.354099650753,3.0656335979352
2074.74206406181,-1142.59526391378,2.91500250971082
3362.11568218408,-422.165696668028,2.82108238511012
2752.19787860736,-1805.89295300233,2.95765346550704
1433.5414022354,-80.7260098270956,3.18570257711115
2983.80803972456,-1037.87408994656,2.75285742106614
3837.2879855502,-30.5774068550396,2.96368479970205
3662.89277288226,-1275.26304205332,3.02771189859513
3445.29770602388,-1055.77433346366,3.0451614479863
2582.52687088024,-1787.31551496642,3.09288855679929
3874.19226385187,-1613.7258103319,3.29898814418598
554.780410344533,-1664.34210834883,3.06346755203351
4031.89464187368,-859.495525237551,3.03016037577919
3103.77204214873,-1568.67715885669,2.92460988413178
1021.55410426648,-743.232160611595,2.74310356355691
3239.18725857443,-116.607025914205,3.18515894624201
1335.2422159308,-688.533362862193,3.15134908999994
3438.24309727023,-1690.41465912963,2.69502500132491
3012.75883597904,-1843.07817206258,3.10731204514172
3786.38030281728,-2067.01103428638,3.12870393794159
2996.30115922216,-1604.36198476786,3.61581973155634
2390.66072582044,-1616.15558762911,4.22381486214114
2585.0272749931,-2082.16551411844,4.58474262064358
638.10735066467,-792.833560056112,3.15479763434179
640.957291535538,-1352.30857519203,3.2510340358607
1667.08181258789,-792.393183733932,2.75463593935957
3001.9520624452,-917.476184211859,2.903720989478
1081.24759161054,-1133.22287940922,3.17422583086644
3612.02785084681,-42.2484382795604,3.54315436657971
403.707794209875,-1277.59157463157,2.79809798694904
277.370904202387,-462.328634747886,3.1214384505481
769.322533074952,-2094.51714048893,2.75351494522454
599.458635740389,-652.559597227547,2.93165076058083
3281.7379135938,-2061.65154895993,2.90084785321067
3162.11028649834,-892.965669282279,3.48693857513498
2887.56756430085,-48.9960485008083,3.68416883121559
2761.51730579942,-1901.86825262808,3.03113707494692
2247.2439593112,-1597.08616617162,3.33926542361667
3757.80488297839,-12.4200525071264,2.92248055769708
1733.18019562807,-1834.64228783795,3.58607278645884
536.85089002056,-424.275411495199,3.47777998439683
3775.01402941727,-1052.79133674048,2.96864877031182
405.409664429049,-1697.78977701624,3.5537973332664
835.297680861241,-975.387362203784,3.65579293871016
2006.42878771222,-1242.36790623265,3.70169810763382
3342.71563719801,-1115.15326688668,3.53270692645831
1463.43501314371,-699.162741311795,3.74676929883266
1193.62530767748,-1599.49600554945,3.87306201411214
1503.5572483499,-1521.41318315007,3.97369452760159
3218.42171619121,-854.066676331364,3.97934400234175
376.072340086848,-365.077873317317,3.86273659659084
1103.91222555254,-1628.96376005675,3.60503497983194
1211.19585034907,-1702.78799324137,3.91579199739828
1123.30065708533,-1137.73762341334,4.16655419918598
1873.71753432284,-1472.64278026018,4.17252010576512
3657.96061210767,-1063.98746912661,4.37243356614034
1375.84192853075,-1688.97464319857,4.2624788437609
1815.91801623559,-1590.36270890608,4.47707971800275
2291.5075832403,-1181.60292029401,5.09867856405325
1303.42019660968,-952.902406012191,4.69802478675432
1394.51769897249,-902.867875413085,4.40048458723754
2107.43051199576,-515.237232205458,4.58804460437817
3989.42687291122,-1243.17629534221,4.88600019657828
1419.29536655432,-2168.28586331049,5.48865796604419
NA,NA,NA
3719.91592114329,-437.441965142692,2.99392157804045
657.615467711946,-1362.62006304587,2.99940664786764
3724.72565847582,-1158.60565209063,2.89617797102803
815.414870246354,-1228.06383731982,2.96956101961708
978.108168078929,-674.355886062527,3.0982293814303
2467.40024763536,-2064.35478342401,3.61106622030974
1161.16157098033,-1721.80544214804,2.83058432387259
1977.51010727744,-796.333864747374,2.93420245705123
4028.79773267035,-1082.5435271149,2.80765441497895
1195.12244285298,-497.942597150032,2.84829216510106
2594.60700170234,-1859.55736876787,2.91123473303755
756.922036795115,-599.500407525902,3.0512388433585
1609.02675246898,-1400.66771931042,2.87731796830383
4000.54014161252,-1043.05091112416,2.99518430714061
2420.92956259185,-2014.19513764281,2.93348171147871
3488.34015821618,-733.496460291336,2.99006088529725
3985.184669676,-866.617524145243,2.99172158674766
220.933695417962,-1372.17755899825,3.06849339381864
1081.7020348326,-16.7287603915424,2.99665024726414
1252.57936100086,-1076.52524555369,3.01523720583451
2570.03790063505,-21.0961000418553,2.96357196676655
1978.23421760457,-875.069525400621,3.01321049329433
2574.58595898734,-821.917127659339,2.90763861801987
282.396839491624,-1895.07462664948,2.9835952203939
1573.84508479385,-795.22844790478,3.07421233208243
1276.39683858291,-397.367319655303,2.82729186052467
1199.45653335833,-1376.64011942294,2.93363247982848
2812.34138907131,-63.0247353969352,2.95866791128999
1791.34575557156,-319.824204437026,2.79265703133132
3486.0565688068,-1726.30896977063,3.03157233128727
1309.07539467726,-1635.59342690668,2.92100051790754
3426.75390346376,-2116.94922046255,2.97427153758798
2834.08916850929,-958.524165102235,3.10887880976753
3393.62511885532,-1575.91979100407,3.07175357966193
3808.28058489711,-1755.9213695863,3.05405193597052
3478.5237571103,-1452.15552034583,3.044339454989
3507.00923857764,-1919.10976511142,3.02147249516571
2838.7993575182,-1008.4317438778,3.07219225221752
3117.76096015971,-1686.82647525214,2.9984094765393
2039.67026682777,-1469.04677903861,2.9270946096264
2549.24074290926,-54.9055919219549,2.94179592661439
3126.77648939887,-162.736532419607,3.02047567383569
1767.44841070428,-1952.51756193538,2.85884158019831
3186.37445492684,-1912.32715486224,3.0031357840336
1364.81487881625,-1619.19628870927,2.99250678223334
1081.33966314314,-547.930765400292,2.94202367378939
3272.67082606795,-20.723608562107,3.12608191020382
3369.62786413235,-1216.34822676516,2.94945860239196
1845.93113452058,-337.399076996057,3.17588608909836
1047.53828365074,-2166.95528729116,3.02251451436763
1044.17722280899,-481.593606128897,3.01560825258354
1214.76199333954,-1891.67321246637,3.03962229135675
3438.65857632245,-1254.64881076194,2.97937526987069
326.124571838303,-1910.43795733605,2.91758337573493
2994.18202649903,-1627.08600088027,3.01466705889967
4027.70911875509,-1793.48849322758,2.94873727909044
2493.37051188351,-693.473452497896,3.04787328919329
2628.35785547016,-1574.45196259862,3.09971516069778
2055.40761092235,-162.665103093935,2.90930836946722
1234.02735512487,-1695.30423482256,2.95356818307933
2758.92907040986,-136.04518949348,3.13911181872269
1724.30840971306,-1962.67419474248,2.98379340718006
2552.82092790617,-1417.29390462612,3.0293749566113
2214.29576411218,-396.542529711846,2.97657622651732
1033.7806562612,-1266.61429714444,2.97300722278316
3488.68966121049,-1314.33627928553,3.0155725065457
3224.85027265898,-1406.40673733317,3.03142839408072
2715.84367576917,-1451.55025609255,3.13177279306018
1670.4858610215,-1367.83460895216,3.02518335004551
3889.43853884618,-1842.23469445494,3.02955134261639
2618.32872971394,-155.766362118518,2.95719526257602
309.054521372418,-2041.96159559085,2.96432775539666
3792.35156575631,-911.5119786018,2.91933555531144
1357.74879157952,-1465.67776310064,2.98507502246007
1266.95790410564,-1629.44695567253,3.02875918096879
580.8453149466,-443.749639867923,3.05275704919202
3394.94835108428,-1695.30566232707,3.02647756283191
1745.12312348625,-1806.90589429606,2.94998985514979
2865.49524033281,-1592.51340905302,2.96382529582148
338.65499488882,-975.612473860217,2.97547183611966
3351.33116892052,-906.457105767307,2.99855595688415
3254.70840152304,-311.393009285745,2.95914168188837
2258.93673502927,-474.157738215903,3.11723310622762
2467.05738880865,-783.602279817269,2.96073378461927
802.768405864618,-309.103787992705,2.96841681765968
1209.96064291283,-629.171741444124,2.86924447963207
1887.96394476414,-2110.22767000685,3.05274612499735
100.527655504287,-810.972076973006,3.00236076146532
1935.60243280129,-90.7537946020719,2.99194487533972
1610.82297476706,-180.903216935522,3.01560885608372
3367.47157683717,-583.693734750913,3.12763539713234
1156.97264229303,-617.253417430283,3.02678636522704
3284.65471467041,-1507.31063297255,2.91591098158985
281.17641571574,-751.725792831647,3.13978727958386
797.301256926258,-411.283931160717,2.98973614552852
1489.53753108739,-1955.19277312826,3.13077376275004
821.681494879343,-2202.75358169414,3.04718255746408
1761.1372260235,-730.27850768298,3.12993511883048
3597.55503140046,-1733.38520535012,3.02399902154008
624.327313292483,-57.8326354875638,3.09927135917077
842.013624131891,-1969.42976700361,2.90172851668055
1901.46980981813,-107.406443726267,2.97248699975775
2328.67062950436,-297.047392900572,2.9383144509476
807.347082015029,-1445.63392413438,3.07374805092978
3216.2404026816,-2125.46039623899,3.10105835149181
392.182163625161,-2097.97667347093,3.15283417375093
2565.75788305132,-2206.22777787146,3.02039779203397
4009.28623963445,-525.96390039095,3.06446437283132
330.312269546628,-139.20703151737,2.91034972311636
1734.54788870999,-1542.49969239231,2.97244016277611
1486.75016620886,-429.56683893639,3.13117469631182
2167.50728404864,-449.832790704806,3.05354530879849
2388.49478076277,-1034.35825720432,3.06912055215915
193.283474282622,-958.621005851954,3.07153635187009
3639.6545647845,-362.149647023795,3.08800229600599
3980.58058412194,-1857.7714102723,3.00944158379054
2153.82279814589,-2086.08582785926,3.14074368957683
1529.40430823387,-1135.88706816732,3.00307336287397
416.134426930829,-1513.44124271913,3.16713139081732
4013.91466870559,-1696.75269902333,3.05905109562541
1859.02903000295,-1425.37467186995,2.87196615581195
1664.41139488997,-578.04006679739,3.01497249015647
430.700267633427,-1475.10650978088,3.00339704302185
2062.69585901972,-127.075130823816,3.02613129313601
2887.67786576547,-1306.84021960658,2.92878406641962
805.954989278221,-149.93483301331,3.04070863870572
2163.14305987917,-539.495495303134,3.01408428612255
2676.72208170924,-496.391448599593,3.09321980645026
1457.29253922033,-1323.43573221584,3.1508762018979
3053.96619436066,-932.757657004248,3.1392228702634
3843.41148524587,-1313.52431715606,3.1149989173626
3389.04333144949,-70.280709947999,3.01348462786297
2566.56787470886,-605.958820230887,3.08260554192864
2405.09836087749,-412.088999959046,3.08753958009928
2217.42123172095,-1341.15147313099,3.09516394332677
2637.02241567881,-40.6108238226966,3.00840499826294
962.596284081954,-1060.09902141441,3.06952898893972
3664.0933783877,-2194.55187831423,3.03456549399674
80.1224849599815,-349.349783388689,2.95470566105918
2905.55450247873,-491.968457630225,3.0914340494055
3419.85148066271,-240.881852355752,3.02813639189018
3228.60755502889,-1096.66138343348,3.12051339236069
1507.9874882718,-1414.14351834836,2.98043483317992
3198.13271071952,-1592.52721568523,2.99480873064529
744.876298565904,-1967.9444876938,3.05407867202
1709.93141934241,-1625.49054337735,3.12341036223392
1293.47689012228,-989.675970904195,3.13387441839151
1916.46480096881,-650.596766255437,3.0253240421697
1274.16530300771,-1800.48864164033,3.05521052561912
3064.6137011767,-704.57693283233,3.12755079305033
2494.48479906411,-449.510263871589,2.86443766641216
1391.64392347638,-678.919013974149,3.02606428365285
1279.55619424849,-358.289671182492,3.16271335663165
1723.70504674611,-1805.97225494074,2.90996669866506
985.253160435381,-1750.9956216668,3.1377508718183
262.786362883797,-759.367427906107,3.06766651207777
1016.30350716618,-454.753311348341,3.03632847231959
3476.32629916927,-595.652377805878,3.00445655488184
3883.86025463209,-1488.62591499226,3.12882136787465
3916.88697074372,-260.028652915846,3.01431131573402
1055.03388253888,-29.3012903396244,2.87464945948941
1432.05937780682,-1930.48362615845,2.95270939855467
1839.91951523717,-2069.66119629476,3.00057735752001
3394.00374080599,-2207.76341796726,3.02488950151145
2868.12103402377,-1638.14296881893,2.99880233633329
1808.48075215659,-86.1349360577397,2.99511399881929
600.175593727169,-268.751865145504,3.05527511542768
3197.6647934057,-1544.63131233,3.08213513625124
478.599111577543,-357.638528336013,3.06198300765753
2986.28869128857,-1295.73076929225,3.00433492241716
2290.80722242731,-165.698831730376,3.06887580189968
3595.81429460479,-339.707929070306,3.15734452016458
1369.08652228348,-1701.44716893248,3.08185681906219
2184.71811859624,-1574.17145970626,3.09464330674523
682.381182692347,-940.439423632044,3.11135661707637
1726.16711963473,-1726.01406693799,3.01094704727784
678.207779454203,-1551.00489168127,3.09213705725667
3900.54860296569,-873.72816578008,3.14098578646423
1974.32453561451,-1487.43557915596,3.09984417942427
2652.77597577296,-2145.4991017629,3.03627843971527
1570.37030442241,-1719.36220933176,3.17837183582139
3250.14572054259,-179.957344899063,2.97694096812329
3872.36871577651,-1068.48754997597,2.92225937636154
1431.93058373516,-2180.19043551485,3.16554243758424
2888.99885774845,-167.817079395906,2.92080549749319
2463.17397146721,-883.37121097261,3.08128337619689
715.938030538907,-1822.6990975523,3.02392311027987
3334.37213628631,-616.543069512532,2.97135748168539
3049.37791076186,-1328.25934484967,3.03178583621704
774.103645472097,-2034.64646323009,3.05653392093804
3302.23602069012,-1090.47111776935,3.11756871993516
761.692402285769,-487.739511318321,3.10286903551605
3558.29635598507,-1872.8236306783,3.03053829590838
3542.86274879917,-451.475736314775,3.23522151615954
3291.24708991635,-1032.66580345256,3.10845605867052
575.811750641981,-1932.85528912174,2.97482240043266
2570.81406101838,-241.174374679461,3.1897669456805
1770.4720356124,-1888.69384004433,3.08117805272568
1650.4999986639,-961.846258691457,2.99164564234234
2433.40792065099,-1955.47438924927,2.84724048194106
3254.12205321422,-1293.16688129096,3.15334495569119
81.5472926895005,-403.684986589458,2.99185015754626
1766.78606351017,-1495.17154848697,2.93918483770643
1829.68581623241,-190.505311152766,3.02718803424407
1835.68589835401,-1846.07724988093,3.03510956348398
3595.85127848678,-898.707245073644,3.07961831573285
4015.07918965526,-637.272880337374,2.997182651254
1025.94732810283,-516.868166353261,3.14319723012523
2625.82344944682,-2211.65309003688,3.01939445868293
2604.80066912351,-224.531755151989,3.18216998695183
1509.74803941898,-1771.69973437317,3.09283601158855
3040.68025731282,-1858.76748349401,2.92086112010918
1997.93069339275,-523.112564025651,3.11150280320532
2497.44853164982,-875.051166103579,3.16099288957143
3121.6101692632,-742.407515142744,3.05619350094591
1465.55022333295,-842.394519626866,2.98614775126556
1174.87734549543,-1377.93617393776,3.04821120921449
1483.18638467933,-1461.93749169732,3.08259760233944
263.11330151521,-410.0580036037,3.03213735216319
1705.67168171894,-667.697098786088,3.2072090742586
565.295373499921,-1475.18212096823,3.09157584466534
771.30944301097,-900.576768809192,3.08018130189194
108.330113564744,-1436.4074990757,3.12337321859907
2952.69272718297,-153.398999319077,3.22373484881768
1995.38552290244,-1869.245306707,3.02856202282419
1901.58169431546,-236.436691544403,3.21770921527581
700.533491071432,-743.764270750737,3.11408033819896
2662.6701312488,-936.824862351092,3.12441715494864
3319.664352508,-531.716241288231,3.19224729799369
1347.16147129047,-899.421411665454,3.13782335995089
2478.40457305903,-642.182792608446,3.15069117238469
2571.65331524833,-1625.28129428922,3.08403088184388
2366.05315887244,-1731.2208169044,3.07962716778516
1396.37164849755,-1607.63771577248,3.25635586299533
1275.5476432061,-329.393596761712,3.14216535304754
439.861924551503,-1573.33907440447,3.18464797664262
2269.0490758825,-1645.90973627051,3.06470068880677
2393.64466811771,-875.479562003261,3.06205007596443
3686.94185441151,-1732.18828165535,3.22099772892883
1428.64716297574,-2048.52204071612,3.10990575117448
3235.60977098119,-2020.60208003205,3.07802199202156
1222.89819882036,-1028.28409986551,3.24612206242366
2171.00258183871,-925.271531345847,3.24890267051032
652.742184923591,-1217.62408382388,3.13892382610543
2465.00756518663,-369.577875812865,3.06329594675534
1926.30778291489,-1558.01714338032,3.15598472370928
820.847746754211,-2005.57447417583,3.07310486478223
2675.2478741449,-1664.01289133748,3.14848011653613
2942.2744533824,-910.352520533894,3.08490232373052
2734.66055519595,-1711.51248411557,3.23626934629067
1925.62022612905,-1330.40396580857,3.20944022350058
2462.00649230575,-177.195654480805,3.20252476687541
2202.66675151803,-453.723738168634,3.10752360501538
4035.70666580557,-1760.44957687804,3.20753940765085
2497.75665158712,-853.313145097564,3.16623934050095
263.261454879897,-809.955922960162,3.08353746180148
2565.6382638031,-918.121736808272,3.21844099571179
2675.26855534919,-673.587727943371,3.15937399199228
256.185197925272,-1469.98308238961,3.28059371789634
3775.04311234342,-652.537545364557,3.01838049806653
1606.15598993901,-302.618969438664,3.18403482946534
1617.25732450774,-2140.97052193038,3.12265142453203
1606.29065563603,-2217.24515410861,3.11684528325334
1487.46162069933,-378.408631575096,3.12575128703654
1760.51960137734,-282.292577399477,3.10872778402722
868.78915512004,-1327.85691271822,3.22304010510772
1828.01386775721,-41.8361960141139,3.24026131387106
1453.57142124735,-1234.8360835982,3.30591349672885
479.59172656413,-1841.00604320763,3.24723981174279
3668.08723961966,-2019.43298010092,3.07530455033512
399.546738813331,-1193.89492991011,3.22647028321024
3492.24657260826,-1342.67002614962,2.9822726208155
3791.14236310415,-489.09153796955,3.20956979364963
967.464564336006,-1431.38783784342,3.13421097523021
3368.61565663867,-294.773196239746,3.23158888149659
3754.19201072792,-1688.90326894711,3.21530361977496
3190.34800908222,-67.5722842747167,3.13936226834215
2253.94870922246,-787.032480020929,3.2238653679324
1399.02697426715,-713.064781554472,3.21405099799905
3655.41780759972,-175.840962422174,3.19616892015115
3569.40201197925,-1363.52746761533,3.20696594613191
1974.16444135326,-945.863029794594,3.19750461043876
3985.81107652743,-1136.76842344137,3.11145032307538
3103.86350277864,-923.27905938149,3.20955952067671
984.663286814894,-997.010004320791,3.32589271309709
772.31094998998,-1336.93139828905,3.22197136500346
1277.64596184441,-1103.22969336872,3.18598635886819
3025.60206174542,-1542.7985741349,3.14382742484732
2565.46017069204,-505.575235134261,3.11593482614085
1858.05427432017,-1956.81905055765,3.07444831081956
2194.26312215781,-797.331936887778,2.99832658110198
676.216680618275,-44.5733218258904,3.17480216691197
3955.04272132491,-916.637515451207,3.02988933633006
3834.01417228025,-462.729129947792,3.22433562454325
2998.73945738404,-661.1875601686,3.22510482082996
4059.40259431271,-625.025194135636,3.0389998363996
1977.38616246489,-15.0479144004128,3.27026260202815
3665.01954827956,-310.090479504203,3.11875223383902
2787.06966939666,-208.289993734798,3.31666453134517
2770.21820837038,-1873.07199237965,3.13937566219855
3932.68436866046,-2000.76644693019,3.24705946641491
1343.12799880521,-2011.60416390956,3.24119308414411
1089.10903202044,-367.960603808028,3.13228366133007
343.650183139535,-596.205203382096,3.28335237278025
1911.68706624373,-1794.70867157728,3.18126176740085
929.964035276391,-771.503737289467,3.16877750018835
2747.17095031599,-1451.95795093081,3.22398922189645
2737.97128810679,-338.16335810867,3.13059035316382
2087.16979131446,-1575.56641803594,3.21437802017437
4043.58019155577,-640.684898782333,3.17203316087507
3715.52900915596,-1739.88517974621,3.13898495960642
2187.74869064935,-1671.39429880267,3.10482998101525
471.25422334252,-1400.25362342716,3.28727417527997
1090.48610692981,-2053.69698101704,3.14146745952278
3374.04812202204,-94.3098054561831,3.24740003738418
3466.96683592481,-1346.68507293678,3.03487136776698
3429.04519127397,-2174.53514939087,3.23045982064046
2742.92180805635,-597.177255951442,3.27546769935768
1700.20867867902,-1330.6745544821,3.26465678903818
3162.19718316503,-1936.56682611202,3.13053467926853
3383.19039943538,-469.584788456559,3.37291771139622
150.328739179359,-105.745670920497,3.197080774819
2614.36707473739,-1977.64934532194,3.28857101761501
877.960284076885,-2086.27379882243,3.24790333920389
1166.32681400922,-897.793072766693,3.28616817660741
3482.37342490273,-896.416946778148,3.17074630955194
3196.9852714492,-828.615826514463,3.25130784685588
1097.95497887692,-1323.73983543585,3.22640272049458
3327.41443073284,-1836.96099575074,3.30460919624069
1962.08198502244,-49.3861619659768,3.24582607706408
2904.73794221411,-745.7815870246,3.26870987064858
313.316674053664,-1534.28705551153,3.29349027370474
1783.65857290364,-489.453506685255,3.33320853699728
1490.34088666527,-1789.40313703978,3.2827899534048
3945.78055669966,-848.240768995673,3.17514462265995
3806.92269415182,-8.52468411770437,3.18580777337266
3622.70612072241,-1563.25594761615,3.19550319758865
2441.24672613074,-2141.32472077246,3.20905341241138
2027.02230110609,-347.51521482045,3.28335362992899
3009.93497091738,-173.320465741794,3.31106003607211
318.27796953721,-99.7360745918708,3.35808835825176
544.626329483585,-1278.07283120731,3.27562419202987
997.919104767963,-1699.25878799685,3.21136551661969
2806.19196689278,-812.310703681904,3.0401491853142
2701.37953225964,-189.829284783427,3.36576182573849
865.893364234788,-289.727391558786,3.28877928422595
1456.79306234816,-1748.80992351099,3.27787087975738
3083.76182584599,-1858.18255031968,3.12221796699
3549.12653982522,-1159.77478756743,3.20489998779888
2533.65735767103,-184.379497354756,3.26674662390457
4051.55652643012,-1621.78675334962,3.17684451091451
825.99204551366,-1917.08203225232,3.37504554017818
2638.64221230051,-897.69730000387,3.26535790119071
1038.44186825374,-1500.76956172206,3.38211254609164
863.163957673799,-258.813250814953,3.09395113951244
3684.52281203479,-2007.48859311152,3.25842512616673
3968.52333744152,-621.919978595978,3.40203687340066
3027.47694064658,-1844.70514731779,3.29967850419347
2792.70678590911,-2118.58570237288,3.33805557485828
3220.40357542421,-1829.28035428349,3.36814081626172
1078.8430277401,-1290.32519549352,3.29344704393408
1879.84116910387,-39.8827381939755,3.29587129791173
2514.17158038728,-0.941485061314903,3.36154587170574
1509.03467076787,-899.960932771887,3.35131408076666
299.571562950028,-1948.74538094642,3.48238277944923
2336.23487239024,-67.5408409111061,3.23875029115964
892.787985598621,-1984.01969443075,3.13889734027554
3431.2907565171,-985.247254174649,3.20872319055901
2183.67562506073,-2052.12790210323,3.38885228088023
3695.72620055644,-1883.15003662402,3.26734087008591
1477.7931318341,-1970.45465702961,3.1530178693546
2494.07670950884,-1483.70199003894,3.21846521702784
1986.4320463709,-1513.24451625307,3.36726428868588
875.42362804134,-1147.01270002699,3.2928724405945
3555.58079017587,-1343.90811685048,3.25117887745307
1092.56458361896,-1514.3008345019,3.37157790099551
2925.08237265177,-307.490500469263,3.244036270443
133.576138535304,-392.329872844822,3.26844434892867
2397.90034734805,-285.295355810261,3.39597101686528
2181.0275333115,-1422.80199379922,3.33503850971407
112.355236749098,-1503.91853198708,3.42312387457801
3791.62744696112,-1028.63325598834,3.19735963549466
3954.35076473801,-877.74430185378,3.23961023019781
3300.31031510137,-918.095132816935,3.36177168063317
2347.88390782252,-713.789222833946,3.24640494521057
2359.64386787426,-1860.62873993212,3.23304287844639
2143.16601620215,-630.162919207888,3.2425107554307
74.7019564529939,-489.598720441257,3.35416364879839
3575.53717813944,-1192.12687011522,3.32092130806386
1901.0210186947,-65.8037593281665,3.4004042900827
3618.13485490665,-1512.09498581598,3.23666100358992
2051.80278674331,-353.460679671133,3.26250074406476
1355.43090345772,-1319.057718103,3.28664159261188
2327.24883284428,-1808.44074460301,3.34460990621709
434.207970562939,-1368.28092176641,3.47016403414781
1474.18204071472,-901.386433844039,3.28833225624236
1134.33779363041,-1225.05829957063,3.39057752977325
3164.19021231257,-1766.82537542364,3.45127788364181
3184.10181731589,-1871.93000926087,3.21602636872986
1044.04392886966,-708.501578930928,3.51223403476936
3189.23177348877,-1435.46546026438,3.36438410206408
2217.69471041764,-1688.14792627686,3.29502567796177
169.875406509814,-770.942274412412,3.47258338274741
2744.56408761672,-1642.34897424824,3.43558526581607
3259.38103128317,-68.2231222108674,3.2136154968992
1164.73929231771,-1147.42437251714,3.42640004359209
2924.34040547646,-745.816873524459,3.4060811353917
3239.9593046554,-798.716956041285,3.35440030205406
264.625634683328,-1354.99459941055,3.41698047749153
1779.78822935072,-2099.9283515609,3.23975131954872
2114.10279947919,-1138.55568985479,3.41665039092853
1987.34633352907,-1653.34771093644,3.4054000638514
3931.64206481175,-1453.03157331702,3.28908434301038
3909.48308249678,-1265.75497939584,3.37980843293404
1692.00153499652,-774.015734558002,3.33035563722467
3030.33750505333,-189.11946308998,3.38599603171956
2167.88024487731,-1105.65424491921,3.4112403252789
2625.02223462577,-1619.05481549375,3.35171578607982
1987.84296261394,-2179.240594809,3.31792212321389
432.504132726202,-1739.33301475785,3.27896134242982
745.020688839317,-1886.93128819545,3.34007582337077
1701.31195853372,-1476.38922919141,3.34019944320598
1152.79727866271,-1001.74008555505,3.46645549182982
1300.86483854982,-1047.5056256929,3.42217518465197
2426.60439282538,-651.332439431541,3.18005755443901
3411.75430036122,-1788.47869192447,3.39367331133518
2316.29070964236,-83.2836371116736,3.40896973667123
2086.93109227327,-249.444775921747,3.46949934298804
2641.82633508332,-677.744467662433,3.39967352089751
3380.35257128326,-1532.60188890257,3.37818496356615
2368.20842118047,-1680.13866279631,3.28624760033876
2786.99769026887,-884.660929979873,3.25261564820706
2920.52690295503,-2210.88288182711,3.43715378944986
1827.96697892894,-2001.96875598637,3.24149611414989
1471.64801582848,-871.581143321482,3.32219281220137
1792.62383906858,-683.138418262117,3.4716703123584
482.937392188603,-611.758974067802,3.45088342507367
3491.05431219223,-1206.19894420209,3.58032213372225
1953.16705566195,-1441.72652411633,3.39883539809176
523.768406373433,-196.689825888339,3.32336713644801
3661.63554431134,-2134.77462621295,3.35906818726524
297.218478130444,-344.32297640812,3.35950833427956
3688.31489690848,-616.947945769641,3.38782425822213
3166.21109909966,-680.093141605257,3.53772367219936
3429.52888289163,-1201.93871255495,3.41819982654117
2215.06362548164,-596.757934187898,3.36602933203521
2126.60549600451,-234.347507852095,3.47740183173851
2678.03752586983,-101.768321958346,3.52112395748437
2180.27671111358,-4.52154460971576,3.41839095570298
3156.39778775385,-560.591658627181,3.44309486296583
176.909795832619,-45.0230625926167,3.52967842167696
3276.31322297537,-1550.94797964869,3.37277414405962
995.531316582477,-533.300999062765,3.50496315821298
3199.45741467701,-279.536088801397,3.52855756122715
942.159216132044,-2144.04421773156,3.5462177636896
2954.07358434015,-569.60357483423,3.48373164719833
1882.66034332143,-1342.28189549435,3.48994005400976
3579.15335746274,-543.136006696939,3.57618106905736
3632.16026901616,-1084.80196050173,3.48910833974428
3033.91952992182,-854.426089622139,3.42484013575369
1686.82218347558,-875.012127933156,3.51474182371222
328.613555577221,-680.638266682749,3.49322133725564
2825.28489295512,-2099.35411767286,3.73423695608748
3805.76757641499,-740.31228767642,3.5468130343138
2470.06924078847,-2016.89533154923,3.6291914400763
3726.57739128075,-615.033086872821,3.5114741518935
1813.11543024796,-517.537984110518,3.52725886039396
3095.20175796896,-1454.39490154146,3.43167932479695
152.48863017276,-166.603932573546,3.50270406578254
2789.0537575465,-828.052466587647,3.44868396911206
3087.95308663901,-34.3602860435522,3.54242908656433
2063.7525247468,-682.197880809519,3.4844891075637
668.412024887973,-1455.3293414233,3.59254474272839
2823.97145222512,-1099.42199947656,3.50278627981086
2349.54409969695,-120.857340761131,3.27803335948569
3633.08478016844,-2190.92259169617,3.44058194201825
3295.95530054666,-2132.36802420958,3.45357411026387
3179.1210591577,-99.7975173906251,3.52534406166452
2382.51892032365,-163.16296689663,3.56594618847853
2283.47637377264,-567.168319581453,3.4322682519052
270.116962803851,-10.2007266745719,3.61352804486159
2347.06287834109,-1410.73168830211,3.63397959709738
3282.02423199791,-1760.11145554721,3.67206507112773
2563.8923470547,-2026.25428892778,3.76221333225154
2315.10164349624,-1963.39453752357,3.54397829433524
1250.99402639531,-1727.14641877673,3.60961625436066
1838.68995577805,-1361.51798172925,3.5795613497368
3841.73758328873,-1667.86583396703,3.55214200478511
3477.07664807159,-1029.44212481241,3.54260369860497
1874.89923801055,-1380.6805042041,3.55524322511583
3352.68818839217,-2197.49472666197,3.47203452631045
314.169781164973,-1335.478726315,3.64054725770328
1941.4989558371,-607.495612729636,3.45623837961386
1488.83873364152,-168.96651191531,3.45025807219388
2991.77755970955,-1442.31249948507,3.67461101195866
4041.92163635185,-2058.7319146596,3.6169724011106
1307.3297745697,-456.523932997544,3.59629956264878
1680.45445995305,-2165.26335651735,3.54718835286252
1537.01770598227,-2125.14230497482,3.71971832154558
191.084965552056,-885.843256200766,3.40690268960565
2477.44980899512,-2117.6041137319,3.82411037602932
1784.06402460174,-787.289408090557,3.48829236899262
1834.81201703137,-605.31531671599,3.59545531919209
520.700510711496,-1553.22772299738,3.68292822939212
2726.04660532014,-277.187535425812,3.56400409513151
2354.30583899636,-394.921472882926,3.61412814696844
1282.06762208046,-157.934054476263,3.7171882455647
2825.58400605034,-1196.41000711091,3.37658914898073
2136.31513085357,-1294.65734211582,3.67809774085319
560.05384476482,-1910.73751980462,3.64489995253623
2055.2409167467,-1824.67265061871,3.80854914093871
2835.95575811735,-1585.42316682871,3.65389444602696
2963.36186173815,-2081.17659306471,3.71093388293987
1186.56625255613,-7.44034240729,3.66740486003724
2292.64896079718,-1090.12318162542,3.79046247724639
827.246206741478,-820.104456538182,3.8511756662879
2544.90869618344,-2156.69973365384,3.71161217493194
60.8291391167246,-1514.7516976213,3.68288831027786
3897.9013633544,-463.772755672009,3.85545570011965
2833.53225631826,-713.65126325227,3.62069556024714
3725.07897367445,-683.307083641909,3.60358875567571
1218.08696032596,-198.765449898855,3.7147507399078
102.362994474977,-1326.63031125326,3.86654146691765
995.692223009889,-1166.28648393984,3.77922860437761
2381.07352009237,-1354.27794938782,3.73884856540996
3256.29033955389,-1131.81442396852,3.83551586355265
3000.86312667466,-1673.36584718201,3.86553530054273
2282.26876002263,-295.43602104759,3.85266936163022
1002.71072513234,-900.555633223025,3.79637119047623
1512.90636037794,-1730.03103349033,3.79909437460403
3131.73701776752,-1993.97853585658,3.8239948437273
3731.07196352084,-300.401129586599,3.85209959602182
321.800917829546,-1730.51497357858,3.76561231418332
1869.36126411342,-1994.52780519691,3.88515109903137
548.455627142921,-846.10325892077,3.88461217684679
372.353631787839,3.78213682311534,3.92776142782758
569.117011681112,-164.208813396656,3.95538468651058
3062.9069652497,-760.41584015898,3.76349732025319
2702.3697313291,-2038.97219748553,3.87750296515041
164.585855817335,-301.394732754543,3.88096015286311
1360.52569972356,-1043.21698094096,3.83131718925139
1598.76834299364,-1325.01441050559,3.82442208638983
350.419816452126,-762.380869980623,3.86820756284018
3751.48615792355,-1030.15249123971,3.87070844721265
2873.69329383163,-14.6433639675073,3.90726645973612
517.838876498538,-119.270878430437,3.9303094007425
2422.7034885515,-1002.68350448169,3.79836258187772
3345.55669379106,-1359.92914995493,3.80307927585211
2813.08142818683,-381.840732329983,3.83261361805624
257.215513479342,-696.360732983372,4.04396048475183
3780.32403661089,-1518.49682119522,3.75451378154612
2456.31859045518,-310.50314415445,3.91087937010625
1087.72477293536,-231.266353177446,3.94561441845888
3018.62850806004,-293.544167785932,4.07421260726865
1951.46969541757,-215.582680405902,4.03367527902052
855.018615869701,-546.592704353209,4.03650773827679
964.131007531227,-270.716450648595,3.98325454659935
98.3503637608778,-1095.76014351782,3.90027522347272
747.498163600529,-1134.2247044054,4.09376359064531
3273.29326166976,-186.04026280151,3.8348352602091
2986.93174495083,-21.117059791172,3.88157992505144
97.7826024817033,-320.784254860873,4.13197168418543
1145.57376106572,-2213.84771855797,3.92634031139678
3261.75753008712,-887.335575448586,4.00233456101233
2595.80145650765,-435.499113881871,3.96655553181457
4002.76635357319,-1312.91635765429,4.06773840537033
995.151038148268,-1878.98931893227,4.07666029566284
2239.30477958364,-1978.28158898059,3.80948193132214
3311.15812455744,-1906.71967359927,3.99971767260758
1752.90571415053,-860.380424804863,4.15390740309759
2943.55080667958,-977.067096792835,3.98723984878775
1571.55709528591,-1080.51697413075,4.12532450646253
3316.1964565624,-249.883231407511,4.307792030869
284.602154520794,-543.760480730475,4.25527705682365
3082.68987981932,-1948.79674508304,4.08790332773642
199.663699434985,-393.031865646799,4.24891564788072
825.980867124221,-1350.5772042433,4.19667177167554
3761.75307476506,-1433.87143069079,4.18078846157001
1252.76946981179,-1525.65490258634,4.30442860947965
2731.37322360487,-1966.40357062261,4.14181084253638
2444.26295030738,-232.989946932644,4.05090644524706
3457.21195274699,-29.1636137578944,4.1883438781563
1235.44114653779,-806.815622224976,4.20414637017919
2584.92146691015,-736.107068716829,4.32509620925006
406.388537920904,-101.523715729225,4.19145479972924
2337.58212496702,-1818.76453479421,4.37683462784111
140.727008351485,-1179.78212482536,4.41020410017603
2539.06286794483,-1932.84878478734,4.23631143002901
456.751147691411,-891.957312869247,4.35255959179687
2106.24729869843,-24.3905991835313,4.4010049789582
1261.548187369,-2161.15352429056,4.33365518682138
3051.45889861033,-828.607442593705,4.48251372834371
2286.11670910792,-349.446486290943,4.29303346068398
1823.79388826691,-2151.49616158143,4.17737436646368
3447.25477858933,-1653.51988696988,4.47990089918623
2488.04623707529,-1320.24497281456,4.52593010624011
2333.63886456663,-677.253944336246,4.43786378426324
3340.64625480504,-677.868222823807,4.50942402500169
198.306604535605,-1263.13605575311,4.34086471654286
1729.86864133834,-1360.52365716993,4.53275764170365
3960.26741496445,-1396.61430698067,4.42854419777367
856.823014887215,-1102.6620465078,4.70276365171682
3040.15210208427,-2086.13464278072,4.46015057772597
2056.02554381293,-1398.24004918222,4.31640134077456
2928.0918640928,-2030.3121494289,4.54396345172946
3138.12267767078,-1084.85496597225,4.75715737429422
528.217486960243,-544.067523313845,4.85374073587836
2579.18121753234,-1610.43222377505,4.707132569728
2978.77395377529,-2155.48261966674,4.54435087336936
2902.45161128033,-436.435198872163,4.80627876333185
3618.94043705273,-284.643933065356,4.77306738554438
1122.49479126577,-1432.70290409347,4.6543509821771
1554.91205528552,-670.157216299036,4.61193160256021
543.743719935312,-1208.86863347343,4.50470110509916
449.999469346134,-1291.05105170271,4.58810561833169
2177.37029657121,-1869.95918212949,4.92378953053333
2668.5776771815,-2106.74464333668,4.7262506057256
1361.00222411913,-643.481498357354,4.88522854608997
501.811312433156,-2080.30292906396,4.85561877555892
2964.43532479207,-1953.43362972796,5.04565532902967
1935.63480385311,-2182.78923394172,4.83740168444684
1114.13887273059,-1986.14267862798,5.21911501550328
3208.97775653215,-1253.62897062148,4.85758261933139
1693.58704104252,-493.197415645391,5.11989012241018
183.545752971601,-669.285788604245,5.25926282166611
2996.53006374679,-1183.28444015768,5.25203528020794
2891.56318850532,-229.990151143457,5.19620021107596
3454.03885703109,-1335.14936815288,5.50648304885807
3313.1600702277,-471.242854543163,5.07128234650193
1535.78802927332,-1001.42264632679,5.14268049814958
750.096953674784,-325.747696346605,5.4748632335098
706.618986992423,-1666.68651634957,5.54057312976106
1409.70532641476,-1180.28994136372,5.47513056052705
600.230072957684,-1020.33569332246,5.72483988487435
3650.18137822118,-2110.88276911551,5.767379882457
2627.06794189481,-1076.36997996286,6.10169687698011
3383.61793759333,-218.067644753855,2.76368690358734
3219.77524609189,-112.740300467803,3.17984467889194
2712.61417552367,-653.870032181998,2.87059716052315
502.558852071234,-1900.74199395075,3.0373870235996
2085.71278576615,-2162.62200163749,2.75537333621705
3553.00368180412,-87.508667302551,3.00946337504927
441.633578909993,-744.98910621907,2.77963255701926
1659.21573912321,-444.813275527307,2.9076771200644
2348.01442059899,-2052.36547103059,3.12659627347543
2986.42923383902,-2035.48484477498,3.10473297274324
2671.1592590747,-926.194333939846,3.06495181804351
384.822131626451,-486.320808731416,3.03182138831934
2637.56188108458,-337.546386200785,2.36316872133377
1805.30466646677,-729.183874216012,3.039216526167
1586.14567169904,-2065.11689975112,2.93486373414208
2642.71609345233,-362.150373684788,2.90875394517314
182.41044570532,-619.02699360404,3.05164480947143
1726.45015220637,-971.053958759782,3.04941728757895
3086.11756585142,-1082.31458565084,2.85572895645143
2457.34389297112,-155.398695686595,2.98122820940447
2176.86084052672,-1318.16452199032,3.00838617164362
3675.4521340481,-125.457237253843,3.22707993854744
2214.17264692129,-47.7975244458522,3.08598487688158
1701.89855628102,-840.5603228408,2.91127729924363
561.297485940896,-1495.91504017059,2.91329200085671
628.478298243269,-1421.62371595806,2.86136203554618
2688.14692786553,-31.8477087118101,2.97743459942266
3180.55460662577,-1608.65240810737,2.84407326939884
1216.40384373875,-1930.94601323199,2.86320411177893
3752.44294220777,-1732.2563844876,2.82726073955603
503.710459630521,-2159.19990639215,2.98821215663636
1438.93639891916,-1778.33201787787,2.86107799176606
910.685069353254,-192.652876653548,2.73938423547888
1134.93219993201,-294.91085179439,3.03435669742988
2268.0600939333,-495.145967113866,2.96432667604854
3261.49162694638,-365.765264062109,2.91279642339703
2375.71416019648,-306.519816176906,2.909434366459
1500.28372553301,-1003.76496552225,2.75685072013806
578.928427936415,-213.141333451545,2.57937363595386
1615.66543913565,-1082.12822150814,2.94850612055205
1526.58110945782,-504.722112158871,2.83873955924185
410.056722192103,-1036.97697140729,2.80006234463656
858.896930458103,-419.915179746736,3.11612796014523
1796.66166975558,-203.600814633133,3.0444177134161
1431.9615194409,-76.4566667361999,3.04220934099382
1602.57190282398,-598.326901843782,2.91249061854673
3890.48677517647,-1303.47112972027,3.01636050269747
3431.78476831994,-254.176320800669,2.77310404729361
946.614487004936,-437.012583734064,2.96082626595037
3429.74250373915,-290.244998021967,3.05485591671566
2409.85224861315,-692.730057005513,2.90580895173495
2880.75953419256,-470.014107857488,2.88869431597631
817.208289938189,-579.480457415959,2.93595111973891
591.610354248352,-1505.78726806479,3.0299912063365
1458.69865437142,-1715.7537058808,2.86620594779621
3424.85080686172,-824.40465865439,2.86708636778885
1119.13078201439,-969.460450352018,3.02772538205127
4019.8804144854,-62.2289163448184,3.06075328040824
2314.36555165711,-993.151622280772,2.96871979952455
3542.81553688176,-363.496124628773,3.06658235378011
1392.29307491402,-99.6043531771169,3.58773862191249
3392.88880519846,-1961.59473490921,2.70765263518858
909.448881946352,-1527.86546301786,3.01986898233986
2016.22991276642,-460.01901239286,2.91984484656393
3177.44999578151,-293.409668558971,3.0679853650505
3508.67381774895,-526.44741799617,2.82750194652326
245.292140273538,-102.502628497752,2.9663901380155
1035.51535876273,-126.963444715352,2.76270113644616
349.768212062132,-522.110603248819,3.00769487948537
3091.48886850049,-1798.74208370938,2.81496681120213
3906.97883145773,-11.3210681288088,2.98800423202671
829.524411500241,-375.137030161247,3.05268254358212
3142.99520105819,-506.267729550745,2.89009805867039
3732.87387062226,-331.42412135736,2.80483537688645
1316.89135657892,-379.809238225215,2.87742949792627
432.073641921646,-1875.85312548547,2.85734293299234
2276.71448173019,-708.115783856497,2.99270598022599
4003.98526079673,-98.1558139163761,3.05696497948512
2077.93299457234,-353.533161059531,2.58459494817759
2120.16597287955,-276.147555354579,3.02687917365262
3531.88622932696,-879.711845419463,2.97151644376382
685.648416152442,-81.8924304484339,3.0077561839273
1143.76856448285,-1444.80593826586,2.97963783157628
2792.21232196462,-578.337036218491,3.17279425999319
3612.87527651957,-627.06732094368,2.84147579068045
1633.37740754669,-2135.22004614134,2.79675892199714
3157.86872679311,-302.416014069377,2.96928403429808
670.347504138021,-449.081535024256,2.86162473983235
3352.79249795063,-533.430081299646,2.69931656382162
2156.81603211424,-565.640289086512,2.95471164032388
3048.9757513239,-1638.07089956771,2.88651780566318
2041.24055250235,-68.0598109821594,3.17967341949379
1288.85951292003,-2110.80762048169,3.04073388976788
2769.48709739989,-1937.54541494346,2.96977567488707
2742.72064411055,-1838.8344084117,2.86362714505606
3571.91880151774,-1894.17093600439,3.0560827102209
4067.5236927274,-400.286390241449,2.8704008790697
2589.1718360181,-28.5741376765796,2.81117823327815
489.484895084314,-1472.70980976743,2.92034746282517
2450.0045215123,-200.518694895283,2.99834465639723
1117.1166772157,-215.05727347397,3.20225440015762
2194.74731345647,-1643.22109276706,2.99746408560967
2037.37184165997,-264.070576372706,2.84414936107664
3123.18587869791,-439.874436005387,2.89701850573724
1920.89198270393,-413.373588849915,3.107723032587
1451.7774602758,-115.718740463152,3.00769979408738
1312.36022124654,-1414.63566569745,2.87381485902946
3206.63762000879,-409.591831884164,2.98755910052237
2010.87239494649,-1696.17186088244,2.99480754769188
2333.5211222106,-2217.17131358763,3.25075855306629
3111.18535475766,-2199.33078862483,2.83623811574592
726.945434146457,-1025.46222846938,2.88965725265927
2977.91541952088,-336.144759645881,2.95823857007475
3530.48808021388,-1673.42033598834,2.98054489038383
986.635216096967,-45.8685564624838,2.92795309236798
350.376307921589,-1456.11033591503,3.09285973478104
1494.9084128855,-1216.49979404137,3.20327628041836
3355.2468175391,-1884.65826054684,3.0343225398968
1129.00398185129,-54.1343237800004,3.17060817904982
1208.22621926957,-1082.32955758814,3.0644877318086
176.93911166295,-251.235716843302,2.95949835642722
1336.70668256223,-1652.55268708131,2.87342095684228
404.568260001992,-64.6564815078675,3.18741624476382
1545.25193588383,-237.046264070529,2.83957365982613
1201.99604614327,-104.207612856677,3.39542097869178
2395.34443322896,-562.385269756973,2.85090580339442
833.266116706074,-186.708934684839,2.81098407207896
2484.8934191831,-360.689115494626,2.8587164420923
1574.31117897578,-192.904838656543,3.12792626886064
245.155824609316,-1728.42668114161,2.95809442919137
2026.3673375565,-2205.53307387221,2.92139111910077
578.286239746994,-947.702220785246,2.85584947994577
191.848787396081,-1643.7477028321,2.91520373022925
1305.54334976732,-2120.821866618,3.03390174413222
1159.61670005004,-163.797604171904,2.92475015293739
1784.68883279027,-1917.8574585348,2.68791207287694
3269.07450629116,-470.829907173206,3.05752235850425
976.222612474755,-1548.85434256051,3.03586891250637
694.026640379844,-824.548836426496,2.90290884957577
1516.56463260997,-407.279585044336,3.17723049503114
2997.62542152513,-1744.20054354714,2.88728240942572
349.595179678337,-265.705602945594,3.07111970408521
2270.17704830244,-180.929372860698,3.00542892834734
3003.9112017806,-80.9331491672194,2.7633775626434
1415.71751484298,-221.673088243464,3.03862659229887
3439.56570212665,-851.17294569934,2.88711840931129
1181.75852582385,-506.110344379615,3.08593739406106
307.371805770405,-20.1464557401809,3.09807824135788
1066.71742509036,-61.1777373649864,3.29468099933936
3308.4107893638,-468.693022152267,3.18767990521467
1859.18760662582,-17.8004560523138,3.19651465366005
3338.61379355955,-638.255321371851,2.99403156163358
335.348550979812,-1587.59353447666,3.12550943313294
2418.13513726069,-55.3991740611667,2.87200766089199
1119.35997268336,-2186.97243120548,2.94409154756977
1221.90007345438,-429.630066350781,3.36084688529539
3120.17122056253,-1707.8616248573,2.99113286429623
3336.6319790521,-879.97212587785,2.9368477335062
3098.04793217717,-2109.49946608233,3.11988580386862
956.997865000356,-2126.71907418424,3.10115243086486
3500.59434788726,-907.598004907677,3.04525364236136
548.330496010221,-2123.99832699733,3.00084796296324
2506.80927437643,-439.882739066273,2.8453660372258
3898.16492407428,-370.4793777221,3.14098514928756
3448.94112204681,-466.366432041706,2.89727190281776
3685.22472575445,-487.870543284352,2.77114880197787
3712.28628604746,-2007.30084391974,3.11114784682617
2964.66249558372,-1379.14498254703,2.96065635579781
1094.41104630556,-112.030274485623,3.1602493213536
2497.81871016714,-1931.23251426315,2.97750929991135
900.82266637332,-94.2779459598466,3.03654134580913
532.620535728677,-137.353578420774,3.10577980413004
2841.43640450483,-549.094548615212,3.05193270500588
2088.39689521245,-1956.22493073254,2.88932593236417
2605.05986915489,-1949.10668932942,3.13300558077847
164.123843886432,-1530.73208618081,2.90877094722092
623.826670224391,-1397.91249080919,3.1173956177092
359.833851802742,-130.5970105559,3.05742402639075
288.797328751641,-714.238670153631,2.80210063763061
1253.87717575706,-1496.19290366775,3.01780729954667
3041.63889776033,-1951.91583822527,3.09929139233322
1669.38616259974,-142.332663650645,2.76686278126743
1653.29896427703,-62.1365140237604,2.83545392917909
1109.97285809979,-1592.7239968336,2.870753755953
873.825446045022,-112.061485176683,2.6237820205432
236.136500744987,-1791.75686171521,3.00432352633259
88.4752395902516,-63.3392985936599,3.18038645955891
3672.79828348944,-1439.11111685218,3.06362403310089
542.754912848255,-375.197686722334,3.02282338616246
2955.22182168927,-106.85239116693,3.23872506769643
612.179515343657,-429.455027304935,2.75520887338875
2826.53464420261,-6.35325816813223,2.99169965760459
1277.65604927449,-1944.80412956594,3.06595181522246
3871.55372500676,-289.30191664977,3.09145791978643
2160.35818155637,-1586.07855121692,3.13972690195669
73.7976379885362,-2101.772084691,3.14429583233329
857.554339175159,-1520.53251787751,2.8653624854633
909.974946178264,-82.4028255892182,2.86021220889714
3179.75246747869,-459.97210838625,3.02800553527808
1698.43344551759,-102.179267463341,2.98262968866289
102.638175009256,-372.690241912162,3.18482408790346
1785.21262727123,-1132.53062155761,3.09871445621467
1976.21588537195,-451.813476276741,3.08304099633929
3270.97090133695,-378.2980743114,3.03023160259044
1316.17333642664,-222.842926478779,2.91475417016704
734.674950770109,-1189.92516719965,2.99594547159799
1279.77850591147,-99.9094568726563,3.00182391189423
3285.85385884098,-865.765901989141,3.06345757416605
1219.42897099997,-1554.64588041736,3.07558398301525
363.893894971458,-881.980713647823,2.94010841505174
661.127487915785,-896.510514802599,3.01273631255576
585.472708137839,-1602.98336211684,3.03492413858596
3713.5916958895,-1672.01900220545,2.99116764267069
2417.15785381411,-231.156103953295,2.87028830229101
2805.45378935001,-1960.48303885279,3.07464512534097
1716.83705081122,-1917.00407735632,3.00754980129676
2319.82008482083,-156.51452079871,2.89243296091905
1274.41557649357,-202.407377100928,3.02507891583567
2177.85630379685,-217.027001777222,2.84144720263738
3182.71331241667,-663.240845509523,3.08088048522702
1929.59413885311,-107.047461854762,2.91985306952648
3715.0762469174,-255.809135346574,3.11705285114666
3753.24857146291,-164.290793052009,3.03497316343459
1580.45819274924,-255.292223921397,3.1612952359385
1032.04927841173,-1619.50399836852,3.04970714222696
1050.89644841739,-1576.25601452643,3.00891133376717
3695.84611792279,-22.9339990342479,3.15910053165032
2760.61523912716,-37.7456232015593,2.90060293301111
1385.67060847935,-143.523952970527,3.15952315786689
3104.76415228485,-1976.73576335639,3.07951618579515
1010.97380575123,-1020.25635175831,2.85173619325665
1928.23465447377,-473.516791328936,2.95009025354129
3340.73565812718,-1787.20892637021,3.06508418698951
402.449901842459,-239.559383580957,3.19752916550647
2241.07240612397,-1762.12675530186,3.17851413559349
2553.04800284078,-2139.02979622519,3.07205811580158
1414.17750621621,-1970.74042652064,2.91180012579953
509.933273588379,-1752.87399708623,3.23468837711299
349.624220147347,-277.65996450282,2.98080746468644
1795.58471322922,-1651.9060251719,3.11981571499574
1897.39858626068,-2180.80393866306,3.23748128122706
512.359636203526,-504.402688425839,3.20240385093513
652.952367971671,-429.914232627397,3.1429551160141
869.059604386243,-418.619112198445,3.05932151203635
1056.73533324857,-346.85570444573,3.17067595215089
1364.19525467681,-150.181561215544,3.03230618257644
2020.04721105233,-520.844944779127,3.20766435598061
475.432841402835,-144.964282905382,3.15382507766296
999.675905304669,-249.415938862413,3.24907905868357
1825.49758677016,-134.229416777776,3.24885493650084
1635.79781237608,-299.084422362967,3.13403010361101
1975.5189632127,-1409.0123183134,3.34051948276807
2609.76762329163,-316.723024885319,3.16138362775384
1639.10002708221,-1021.73982142459,3.2089875803668
3610.27963187012,-742.491344267724,3.27137183117126
3982.45966578455,-539.321611607096,3.15987250382106
3327.26321396299,-1711.99084022035,3.33542712778407
1313.57512358719,-1603.57855402331,3.21825770696829
1947.54549869319,-1495.70309578752,3.43486520366385
3627.17648157563,-933.796920200995,3.36876807163471
1984.73782740768,-555.403270645498,3.31976181056448
3560.29440088962,-1629.4787628138,3.44732077506012
2998.6993549709,-1646.89552566558,3.21736025122991
1182.53638512561,-1907.59626457602,3.1906649434077
2895.7332996823,-1354.83795178431,3.31611846329909
2604.30431757281,-162.252034416914,3.17813920635701
630.424008243268,-281.994301835175,3.39076470676292
2410.95108246706,-2211.34335524937,3.38187945075183
3687.55953665482,-520.975036765523,3.55179131075191
1942.44936936335,-765.101529367845,3.48929578287584
682.719836624999,-1878.69726746379,3.36678616082525
1832.58405651266,-272.00390697265,3.49761813689552
1692.31524389032,-184.075078084851,3.28010566747894
2794.54652693473,-1380.97958690463,3.34887082983081
2418.82014465048,-2204.46249177831,3.45136849610493
3346.09129274383,-1736.06888878058,3.6247819400768
2528.42069194198,-768.747838790938,3.28536601930163
2816.52648887441,-162.898390523219,3.46631940167661
1884.08907826274,-544.902989421512,3.44888211398917
815.220120789031,-329.063328424567,3.36426824742064
2323.48286897488,-1498.66959039185,3.5253016114166
1514.90785299578,-344.078346711155,3.26872112496713
1447.35059357243,-369.166082626438,3.89981931152743
2565.04415401963,-177.530652703409,3.26494444150908
2966.18115266077,-1474.73968205559,3.5755926544773
1482.97930203174,-314.550201003563,3.61917694014055
1449.96975801461,-262.976821431859,3.64396989324614
309.319877441581,-2207.45482640943,3.66794746402941
1317.27850242591,-1512.89882402924,3.84481964767927
521.975206713176,-304.617693328165,3.82343992703516
1918.45595116638,-172.724279899091,3.69544117424282
1392.88030047143,-343.09189753062,3.82017325606154
1594.41086802363,-1698.4488448987,3.66191243211053
2031.00561262226,-210.204931394273,3.81863394368476
3007.45756755997,-1832.28748914814,3.90581091611639
444.902407535223,-352.311196809635,3.78130914206223
1941.98193735503,-495.026789957534,3.90915591613439
1318.39744377353,-189.603729769741,3.74196333655231
1090.53302489263,-2125.62254626309,3.98113727396614
3435.13508212603,-1834.73313264917,3.9679843397789
1165.99642251568,-1513.37523876206,4.08005553216779
365.646088388944,-207.134973177566,3.91160375411407
1534.45469120757,-63.0580194093143,3.75013355614435
434.340832168609,-161.828898422052,3.83078947031411
1030.61404861513,-67.6689063270933,3.78319514086418
1541.89647362129,-1685.80056471813,4.02907582888798
645.616555795221,-180.965305290312,3.81650733572526
2319.32594939103,-515.600472699972,4.10038543447611
929.3953198288,-42.5947417702411,4.43520275870928
2388.73148280812,-1626.74925498332,3.95937963959988
981.680045064406,-64.4643076477652,3.94904516212034
3442.60446041004,-1588.0411337606,4.24376842778955
3886.090273845,-212.683046474726,4.1429221525319
2752.26877226944,-415.014658689911,4.08782274014296
1874.86490214902,-1634.76121101595,3.95597531216704
622.504043141875,-592.336464593302,4.17609851311889
1311.9992974222,-120.214673186525,3.98610007043872
2966.59947032024,-1940.2332732376,4.17362977754502
3508.32719722204,-482.017392076791,4.31578630497427
1442.50838206353,-1445.42577218067,4.34493963422973
2763.00361763326,-263.950391694298,4.28565297592673
3967.21498776034,-425.245846511534,4.2121295070462
298.732901335348,-1855.11894650336,4.40508477807875
2237.96388253302,-528.328338879419,4.49527877319931
2291.84538049425,-438.815466159676,4.39987976090825
2598.64177501499,-577.161580185227,4.45257898621869
1097.17283345082,-705.060319700417,4.45119033266861
3409.79244893042,-549.044886806122,4.97244148869545
1506.39182773908,-514.31943025499,4.92476545132922
3657.19486696885,-1607.30395683671,5.27516641338165
1697.3522606734,-89.4367479940594,5.34008781797175
2869.79720356002,-454.789602024005,5.41674194447781
3220.09478341078,-281.297060046055,5.52820491721957
1838.18291060002,-1249.99572261586,2.98405361134476
3075.81676744664,-1049.98891382701,2.98635769312976
2805.86151271783,-1260.20945080553,3.09396981038962
487.709346153716,-1790.28315998755,3.03295286378118
1680.05022553471,-494.448217828247,3.29823856864645
695.349193452906,-1706.74979548575,3.33023155549791
3308.12666293842,-2167.47776123273,3.19506640161568
1311.91108460709,-641.72628267086,3.2625824077023
3347.71366595789,-729.284972376759,3.49218757869453
4003.59435629108,-75.6373609267511,3.8716920230877
3371.95294105923,-699.632266288139,3.35490249124818
2584.99668566453,-1673.12309802111,3.53891816337121
745.286073190843,-333.322346786218,3.49426818690093
700.609273250843,-2060.15015448756,3.61201448002955
2320.11948730241,-1555.13694566243,3.40464443114717
1641.71530538999,-2107.11802911076,3.7718663452182
1500.16348375951,-1523.03991860217,3.61398858637036
779.527108000364,-1943.16839102956,3.75318119296599
1664.03626996783,-729.110094200958,3.73471070260758
1679.57441476467,-2026.81905044434,3.7578454926459
1728.74489886158,-524.736457913694,3.77001405258605
1259.50322902132,-1418.48316694693,3.86614411296485
1683.69641081071,-1185.29034843895,4.2515195053351
517.081767478722,-2195.98538567484,4.02474143874602
3783.04030553437,-905.041618457209,4.02136789567739
3916.47239054609,-1177.62741838516,4.14816140688739
1640.26669519752,-2077.29849630096,4.00435235927092
1132.97852116467,-2155.6725888175,4.07320524733466
2276.59992494834,-2204.44489844839,4.05286217077447
397.373608380763,-109.697184742878,4.48705190866752
2751.8546148631,-2063.04727248443,4.34843571611003
3807.52437107153,-1086.90181530636,4.39015312178294
3704.54961838873,-1547.52925107932,4.27932953855771
2606.3556424306,-1741.55895931078,4.53079120947851
3897.96954348101,-1019.04499722399,4.57665859790069
1876.65903219424,-899.656575493022,4.39923008232488
3920.08674079312,-296.522911341006,4.79095473351789
116.594416518491,-527.266669711893,4.68928907218365
2104.38200004346,-1030.79819830937,4.89678468816014
2288.24244184436,-1708.22013921685,5.04482030335166
2046.1685997891,-915.979866905631,5.08661164251614
1709.15147234074,-65.46440527767,5.19535360097687
2309.59552982543,-861.601330795952,5.34997855190033
250.648264871544,-211.821213386399,3.13044271903063
3662.83322021413,-1533.28608767214,3.07113927296878
3043.18665837242,-1463.65174459748,2.81745843811038
3118.9191677841,-1367.55410174959,2.94846913387266
3948.64253274732,-1353.75573438739,2.81267071552445
3958.94823966747,-1447.38961292732,3.19369557331616
2907.82164435513,-908.565943841026,3.3456579637285
3691.75844120025,-56.9770672095346,3.02638431010245
2139.3426916289,-403.531115778216,2.72597712073321
1599.80530592669,-959.056478558308,2.88993312058685
1549.92236747618,-1486.76355006034,3.26140053248877
213.679887140201,-1952.26929232642,3.03182476660491
3311.50212695912,-372.694606027546,2.88088638649366
3774.56955585131,-166.701125160504,2.88971898941972
618.19809844298,-1199.39755729763,2.96074783012266
2374.72156506643,-1157.39475219941,2.82770973107619
2646.4401789583,-1519.14855773484,2.88821721132582
3337.27012678463,-94.476245171752,2.85929829567009
1590.09179125114,-1600.27185412535,3.05890045074407
3024.78755456184,-1264.75090290554,3.13023631870639
2033.22809568864,-1139.26537875126,3.08125714550793
3484.22150048987,-2168.06419291374,2.82444240551892
1695.38364870719,-1420.31592503244,3.20218546600181
1200.02747872531,-2124.0168963834,2.79986791896193
936.511196246825,-2097.29551374556,2.75980757937544
2523.97023283777,-881.882477392095,2.89260779563471
2931.00178905994,-315.838073804486,2.99571639774368
3878.96137861092,-1113.24200148891,2.92800171108777
3944.87378160682,-2103.16830522624,2.8284538518499
1487.40946070203,-812.328611315062,3.45316453957819
3518.94271658327,-1945.22764102774,2.81839967454405
1029.55798272485,-676.281858023397,3.03190921209574
3827.79951715427,-164.621069637927,2.71450914437369
1225.1574009633,-1609.66677473243,2.99914232106719
1765.17109565177,-1989.6741035445,2.81833313084542
2945.16090298536,-45.8359821222984,2.93604591708421
837.952111532201,-806.105481632841,3.00739079289115
1169.1841527927,-1806.27388857573,3.34124137300093
895.200026228781,-703.642621149143,2.93871260270929
1656.59886460717,-1993.47094116113,3.03243003071355
1292.58401166029,-2035.49726211779,2.70921246831177
625.437996665924,-1784.80599309092,3.00304806279633
1815.33435507765,-1053.16958722963,2.73362835598339
1618.09674788168,-1745.72377533558,2.90852558074014
1168.22230331457,-316.919907417351,2.95970539368324
1120.84171823102,-1715.02065900507,3.27182716973125
1155.41740477907,-1620.39697468492,3.12465537843202
1489.61581969956,-500.814076301667,3.1385281725227
181.668399977772,-2133.41987203712,2.93276546322982
2801.06503032049,-41.9007020141903,3.06983024548945
3138.70322537158,-1778.22059175683,3.0147449735243
3112.52250368089,-1875.07003139465,2.70877019242895
3422.30602436909,-324.883875808895,3.34594422194404
3893.10868763221,-1796.12128163573,2.79279303654417
1177.5701814231,-78.6169095121729,3.41859811570799
2410.62639947215,-1535.88290464486,2.97159996058277
2927.15623199696,-1645.58187694804,2.86741264372413
3830.04848994404,-1375.34009219332,2.82875046654294
2264.97870895817,-1390.97690268676,3.17367698367978
628.174600568165,-1930.37374283487,3.06838494816652
2094.05635833875,-642.116273602524,3.20961313194983
3322.9961420144,-1192.64071245933,2.45005621108506
488.913779829048,-1039.90025347342,2.95037251919543
2857.66004279682,-257.370925387672,3.0298638649689
664.120358083257,-2202.78250820797,3.01093173123078
3310.32741659734,-1508.07290233285,3.24003564085931
1316.59218730601,-1453.28398787873,2.90352276363192
948.133061721869,-347.430966097263,2.77690391651263
442.552082189574,-356.284794688579,3.25673865821727
4011.69794411975,-893.828057075388,3.7714464635261
1150.94593864893,-1677.39773293501,3.19872702815395
983.572134248855,-493.610092739046,2.93056637358318
3019.1078006992,-491.357483911799,3.0385319663096
2936.20647514373,-1059.70565396698,3.17490627052325
3832.37979472615,-251.219664481263,3.17392636139853
2876.77785051763,-2069.44245017943,3.31841116517647
4057.12801486561,-60.3032822576683,2.79222175462097
1871.2438029394,-346.081682764445,2.87376177980719
1911.02395304777,-1305.28090930994,2.91564286448048
1200.75629217503,-770.926971041704,3.16283102122573
3212.58174144033,-1895.77861365424,2.94450224443425
1401.84843750759,-2199.9200661405,3.0338148668014
1758.55094035255,-1037.93515517255,2.7672718895573
1801.13922926022,-1946.79696882185,2.97640535791121
217.124399501811,-875.331535845049,2.88452802148033
1825.28587364078,-647.468140813908,3.13193277756546
782.845474906802,-591.605404231334,2.91525843209577
3475.57595322366,-1255.29798983897,2.94923516964179
3621.16182054552,-1241.39637988552,2.99191282735542
1799.86558946179,-1380.36606017042,2.98405007350912
1037.38433645488,-1909.078766756,3.49533231084756
856.76516028571,-839.867528057822,3.17028886370091
691.261699087776,-404.033740926207,3.08874454843905
661.565314534504,-1480.38411996662,2.93528459133233
2345.20703092671,-1961.05132278595,2.85647073345332
3994.81970588852,-722.256126576166,2.94514788917126
2922.4873654112,-1943.55530295726,3.09943228744163
1240.18617638868,-1086.5797377792,3.17955905484392
591.830125192935,-1841.17674596063,2.99181123860117
443.772053581054,-1996.76804922404,2.85324868539613
3811.13219154841,-233.768900127889,3.04781125307697
1854.78406928185,-37.8809905070624,2.89580650574763
707.842789374492,-556.661353361548,2.98318977549974
900.812949961408,-753.814989397917,3.20906645397359
2234.77672457358,-551.751095845898,2.92058327612193
782.609038898473,-49.5254973850902,3.03914340595826
1839.93048527302,-53.4270248393697,3.16979229788565
1555.40937592409,-630.054917484785,3.03847514631265
2225.09053700854,-1246.90987356667,3.1400756878332
370.811117367802,-1062.30323166251,3.21772265934115
1566.69410161544,-1341.08730972123,2.98086621679284
1121.19380783055,-1807.73511467929,2.88494969432947
964.203321387444,-1209.8204406747,2.92283195856581
232.555121594984,-608.503326353644,3.10793460728318
1557.96552984564,-922.182995412021,3.35381045478436
2647.59248389255,-446.278119075869,3.22592851553296
1341.34742838639,-1599.76747738474,3.36776528557065
2505.50991922395,-1778.6493322507,3.27854506140669
3968.41224496002,-292.582700896863,3.1948132429198
752.851215521288,-978.015449684942,2.99841864757634
2105.48579540277,-810.501667965039,2.97478487173692
436.976632443253,-668.316531900178,3.06397884226842
1683.27695153927,-212.436855921444,2.79362060412932
1437.27198033521,-1874.53791774448,3.04981433658557
1379.20243900967,-1429.24219090952,3.07336257781402
2317.82995833694,-1542.02506046584,2.7367514137675
3092.66554905481,-480.907422486585,3.35392667556518
2725.40412131635,-803.273508564399,3.51515885680613
2972.16812398331,-1410.35940989352,2.78081863615564
1472.00811643604,-1366.56100290607,3.28543646033056
1556.90725630745,-1221.08984490172,2.96752078837012
1750.89024267425,-54.89666075773,3.20715649497613
4017.82635132962,-118.288208210891,3.15593900442718
3527.95671313967,-271.429451643814,2.93019300048263
3498.56543089589,-947.982635220997,3.26585589628624
1234.74345302521,-256.276886443825,2.99795368658189
2072.30514207554,-769.636162560324,3.05967725696729
1880.58253770383,-1046.95867780986,3.20022000568372
3249.46994397431,-1785.52296323594,3.2218423982262
232.988508842126,-824.333205428797,3.10416399969357
707.333612309178,-384.537678714381,3.06882586107978
3147.92143765952,-821.3953966395,3.12961732403129
3696.28172195956,-2081.75562643964,3.21529203955501
1022.30683371666,-2047.29437640106,2.83910129765601
3386.88071856943,-1097.06706002484,3.27360809365423
2224.23834574867,-982.078466105562,3.14599543568075
1396.31964256628,-2161.11716746815,3.13402513566212
540.227828843829,-1354.31318310151,3.32634719945489
3709.63383720843,-476.227789658209,3.14443700812907
1561.72146180671,-1278.82870387661,3.06281419591203
1874.74119862423,-1796.20966399082,3.02613610000747
1208.65849447379,-1320.59483829758,3.03665822758202
191.532751878687,-2112.84534375299,3.14034289488035
2914.92624903473,-1469.04115509261,3.29799731487762
2632.47418975908,-296.092339251346,3.10545792902968
2982.76616059963,-479.678630924988,3.15013552233073
395.205574939966,-1645.42920728481,3.11855451559508
752.349799340264,-1838.1101018015,3.18841090512225
2416.54504873925,-346.036807021404,3.03867646115597
3695.12615291637,-585.942573935307,3.12626807157398
504.16727939553,-1417.57607990945,3.15935585949104
1247.6189659413,-86.7871930428014,3.10169041946811
3093.59200913669,-1251.10165613643,3.14581748930927
4051.66514116222,-1372.6488386357,2.97997565782864
3180.60200116941,-1655.58758995662,3.45786092405219
3964.04841192352,-1127.15181038889,3.37444484006216
462.294025611169,-719.393139570166,3.20304328982238
215.025213371637,-17.503373684992,2.997123548597
2099.22631729684,-122.403684855016,3.40258072308366
3072.14511850896,-1765.56555171816,3.05670134198289
1307.70926037191,-1299.30352614618,3.36077481749517
3981.18567998728,-956.459949268462,3.16150464053983
1572.06809068288,-927.177757079292,3.41776517457744
2584.04130668982,-339.221360996803,3.34440867955432
3121.5137721282,-222.424386128189,3.43522835864694
1111.40202970491,-1572.62621423997,3.09320091558217
587.402685972711,-1736.24590284215,3.10192234921617
2781.09338718899,-1549.53796951791,3.14577773472312
3636.00342124034,-1967.94858248973,2.83213103719048
942.010980841682,-1774.63912276608,3.23927599608288
4001.77624273825,-259.306597954198,3.61061600862413
3930.68103423383,-1683.21629154483,3.45481014120113
360.218860688324,-1310.65947661245,3.24316033724168
3240.25491304668,-143.248503380031,3.12856510196852
3853.84262560344,-1603.07295908767,3.39643347906366
2063.84659473866,-579.783995491176,2.81988603881792
1084.13501961818,-818.698407018488,3.0108742486387
2156.37165651544,-1080.65437762678,3.08118573071241
1379.90156841525,-1230.46499378024,3.02098160464057
1406.53376003526,-491.937587229067,3.1486282609513
3142.78952389342,-1549.69975431923,3.03908815331184
810.951271154632,-2142.32044868072,3.38805380644334
2080.48950848489,-202.911106806457,3.22183437770141
1992.22190372607,-763.456003337546,3.47006962874575
3246.48284041276,-1875.96861388754,3.11321803438152
1386.59001748276,-734.185726783246,3.21945957260666
1313.05943804517,-1322.38010558949,3.05379070564842
1538.98198601475,-883.039417744758,3.19227595600571
1692.25671694813,-578.993370765902,3.49628093575683
2008.13211106771,-2121.12797700825,3.25653365817345
2935.25526164216,-511.107824438334,3.13953449538024
2850.16014624766,-1183.13630994023,2.95673694863493
2499.75797395823,-1549.15078663814,3.29411267926053
356.904456646506,-32.3706142994318,3.02247633723163
441.464226751808,-1107.8953134285,3.32022284151389
3364.46800588453,-704.133951758707,3.1749189830725
2328.46253445515,-829.437869679164,3.30935094530792
1635.29766006682,-788.139628334631,3.38105116024141
1458.92073854748,-696.143051127236,3.13792011392144
2948.74733524185,-481.454616650846,3.23658636152774
3350.92408258948,-1191.80514910261,3.35094499125654
1143.8585490287,-148.714771488884,3.23665253046096
1786.49845522362,-457.127830076686,3.41894400819112
2646.99468543944,-782.211493444952,3.26313290768777
1894.53570107432,-27.2813656735999,3.23216164101605
2244.14661781283,-1530.4951657761,3.2392169611192
3648.05098008866,-1872.01469894912,3.19458130696698
1018.85537281395,-2123.50556871122,3.24474188158068
944.218574973136,-1659.33391027914,3.62351515203963
89.2303412237004,-1367.76392586662,3.428231931761
367.368340303646,-1527.14609831862,3.05272336365022
966.650448368749,-147.269730467883,3.8014858601726
1927.85048405073,-1136.75612766366,3.31953645440081
492.67184721929,-681.362303355091,3.44645445546471
2076.36869517126,-530.86771561654,3.27985297682388
1977.88579020395,-516.643316133244,3.44251555324957
3223.55549589799,-1367.10452740867,3.12969299301629
3603.53125847082,-388.990184547867,3.07615674100121
2021.31556632718,-1499.29023861687,2.99052200280613
904.018704350967,-229.220448301625,3.41653251464475
3242.54482387204,-1892.22270071428,3.28047781921775
2747.14039731375,-1741.48521910725,3.35554179523153
953.265723505763,-1901.83295736084,3.30722234890756
867.188961984612,-144.58131342583,3.27274269336075
2977.61009914795,-405.023474247154,3.19552815088469
3100.84058622473,-2151.17627813978,3.39879657000479
3443.46787178943,-1755.36059670746,3.58375316164848
952.784590788406,-1230.43569185661,3.48587734635975
1745.09098397192,-953.528752636348,3.40619839240893
991.292810950676,-1832.08338626295,3.3317062939577
650.471652381014,-397.637319056644,3.25344235523976
1380.45079418075,-1960.91332568297,3.11007447451311
2725.50943119108,-1571.69164379145,3.42038422475103
3616.99594312794,-1718.37579393531,3.30402389614503
1588.52470601181,-1144.55915998738,3.27279680658524
2697.9722009281,-482.032984599189,3.22442893507557
3889.60577114772,-527.546870505366,3.20937130136552
3466.56383534659,-1379.38281465889,3.46277659979798
456.434175713707,-272.533482277745,3.60974728280808
3051.08235204549,-57.8309064457339,3.84315495529652
2035.50563194184,-890.705405520415,3.6737407921074
1050.52802624054,-445.276482226032,3.2750094123674
2140.46325072703,-664.343481614546,3.43451221194971
1923.20631287195,-2151.71873251634,3.48171854427832
2689.84573571654,-261.618058497272,3.24291285839691
3201.3558647924,-1525.93260886816,3.53983185262721
643.662016135831,-1909.69434199181,3.29797042264952
1637.7489639287,-263.755798595076,3.40635116137455
3258.06252188782,-130.665794414119,3.27151072445953
3318.58248237616,-1610.01318333196,3.31819230674393
3842.79742130918,-1649.30037048279,3.55426993146725
3495.44698891554,-1829.38404478876,3.40852334205991
3750.21498459123,-1082.38357068747,3.26098755617934
2434.87757903086,-576.51241573065,3.67037055583099
2018.78457283865,-2059.76509893337,3.30962721291912
1129.05870761155,-550.177026638745,3.44999021547892
834.878088424012,-1023.43819492523,3.35333403374637
357.783618943958,-275.213201354283,3.199488398528
1889.88435749483,-1252.98851140326,3.34380755555298
3939.56422859757,-995.018247012769,3.38460463767399
2696.01528509138,-691.771922484191,3.5332563262406
1262.59699855145,-867.052612337441,3.6392173282753
2789.24403799239,-521.379747127074,3.30833760729311
3607.13790355897,-1778.41465168452,3.45533189213144
1944.76193498084,-1404.69939497126,3.35837739166039
1203.51198520119,-1162.42435567397,3.25776829569423
3649.68778023397,-1669.17734963392,3.65232252954564
316.955976715747,-1980.57469883381,3.85312416622524
3601.97309406953,-1426.65544649316,3.73097604639154
4051.34037250016,-1050.59221564691,3.74651965107
2029.94325784226,-218.893585001763,3.54067275541022
3485.72637499246,-1457.7300979644,3.77306067324314
537.491922318452,-412.06619150263,3.51254368760548
2005.16361512925,-964.876259835478,3.38253087594155
3327.31725082412,-758.572985168794,3.58206990281104
232.471427078019,-535.515068846338,3.46406974929256
1439.61147788671,-1263.10577509711,3.42261111454902
2619.94518927775,-66.5042975559688,3.66557066603973
3125.51185932935,-1397.94180676854,3.41595751092665
2910.10555376212,-1791.17430701521,3.43021565004823
1054.23120018721,-1687.48291132131,3.66323359161117
3174.42912252096,-1382.71904460157,3.26502921682968
593.733941785878,-73.1685458872867,3.59943183793376
421.269524259967,-584.321479295386,3.60575117975525
1845.99779315872,-749.162666394301,3.46648502688778
3748.96680243637,-405.225263136436,3.59966901904042
3692.05310799934,-1327.48080302276,3.45343308147528
1392.70433730657,-1156.58367629432,3.34856011738808
328.053236574984,-633.222612519477,3.62079268873217
3863.69805223794,-1430.84135530177,3.50090043837188
3250.06806225292,-1966.45976064183,3.51666057014604
1399.62234202382,-182.686099447451,3.64205507411583
2287.12692234117,-728.118771600596,3.33980876850871
3709.42906769115,-1978.13699356427,3.49451640974049
3611.76052172412,-1195.21096502617,3.80939400351072
2186.34166717642,-606.401392486763,3.48761204737571
1013.64464379008,-2208.06140144265,3.62295781280779
2741.99654540246,-646.470981674525,3.56043103380081
2230.76402717435,-1809.18761250965,3.51096485284716
3050.63648454132,-265.512915064421,3.91726745416833
2954.50508926613,-886.2340967024,3.93236587541432
3744.12459838803,-1787.55321629125,3.67267173146334
2971.68355333763,-917.989379405071,3.45483899272255
2732.29066430481,-2075.25965383084,3.55827373057143
3756.94922507654,-1346.4095540769,3.62692437589385
2267.83597104701,-883.259035287305,3.72071381834588
1963.96939565392,-1995.22052896516,3.4975799608048
2230.449660988,-211.822498430594,3.60895067840532
980.333737026307,-2167.89592349291,3.69607619933361
1558.12075224395,-322.587803338383,3.33423489080632
3295.49216287517,-1692.42585789125,3.99838837311023
2849.30916422393,-908.273856758701,3.95127090830534
2593.59605011179,-1868.00947148448,3.481692866117
3020.09201270253,-1004.40610680745,3.68535079515459
3837.76722745616,-967.470594544798,3.70139254959292
2510.97357349577,-305.032766524806,3.80063896063588
3335.96356713343,-1802.99320466095,3.61314202974821
2036.80263736265,-1550.90046099033,3.81053068289027
3890.12343803544,-1466.53458484201,3.9566716024202
2925.12328537705,-888.400369467193,3.61221347268981
2051.47232918558,-2097.84302836224,3.81779172247321
2004.06844548488,-644.071504323642,3.94200975699809
2240.83356573086,-1202.71682629866,3.66480900430374
164.589530024033,-1060.49575785073,3.67972662617222
1777.4476073652,-235.695937490611,3.68292268502657
2301.49954831669,-2051.05508472341,3.69574022056061
2389.49625239157,-378.322750170357,3.87139155844168
335.095048599519,-951.942530178645,3.84371850870234
1763.9348111715,-395.430550649458,3.60557122075686
999.285079318025,-421.849599017762,3.62882887703845
1811.11075599309,-1282.18423553922,3.56476214320257
2398.76018149386,-1420.54954795811,3.8261519143485
1527.77862909554,-958.292955263285,3.94217030514268
1634.09452376756,-1196.03877550859,3.74301184032067
3058.18978710775,-1357.31024891998,3.8063448796045
3131.28497582489,-1290.8346589239,3.55262242152729
1162.99910161074,-738.631888607313,3.85559041140312
2440.76386092566,-428.264534420661,3.69485853097064
3911.45305002512,-2178.19435040414,3.84721964177471
1653.63032017525,-1648.24913762101,3.93066442106971
2098.0771324525,-2097.26613966492,3.81833649257258
3229.50665129902,-191.360758802613,3.67497678540259
367.456638496215,-2059.74571631695,4.01002836442716
168.119336595715,-1996.13831739498,3.51164748508247
3116.04704890807,-2080.35549408185,3.91235210458078
1931.1240159358,-721.721882022425,3.61145375664645
2107.42339210965,-1756.90023694077,3.81637440637061
1363.83950767242,-219.545053572715,3.59929277966595
895.545508521709,-877.539822822678,4.08882690498083
1768.15547447223,-351.214551697434,3.68156862406826
1995.34649463611,-1820.31035004732,3.95809821371433
2211.07770178367,-1316.26708038321,3.8810305355512
1813.36289794294,-1673.24926201482,3.843319252815
2147.53860585525,-1472.94908666465,3.84056788668524
623.807469980638,-733.902634804517,4.04994824043333
2997.92759278225,-1863.24179734265,4.08553463640211
2020.6099760811,-686.985768908503,4.04155756268653
1197.95700734008,-919.406669482621,3.92270101646595
216.258238638618,-138.769865932898,3.89988337851551
982.362930223453,-672.160647317531,4.09245231713302
3980.54013825821,-1811.86393584507,3.73795918534324
1736.65887313839,-1671.05600729858,4.156597261589
2908.11978040748,-2122.3510738258,3.83480573884647
3306.09482856091,-1007.80670251257,4.06808673166604
267.052007959062,-234.768871596275,4.10965157765775
1924.54414265635,-349.515011585065,3.88795474199037
2155.59719242194,-919.892373179825,3.99082040423933
2497.13812886101,-469.594244670175,4.04641183257687
808.570543112441,-923.491388237828,3.79156922941182
1846.91541650612,-1891.36111316616,4.1102837340142
3998.40792301994,-823.054962925153,4.17597942882189
2606.48491744864,-1811.43110993644,3.86141270352941
2181.12794899828,-1353.25221903133,3.90933705718365
829.858051701551,-1785.44248656486,4.07191529830357
735.220503053425,-1906.03666375504,4.10681800856705
3630.60058937556,-1373.92745341103,4.09452979028377
1338.71087278554,-2007.65333162641,4.09090374544758
346.837098167473,-1410.36177841476,4.31267939941505
1999.4582000004,-440.761560148057,4.15925945231971
985.923875378328,-366.151547755065,4.46904452397508
2279.43473788756,-1719.65396794791,4.32280548259106
1047.34671773265,-188.52793400065,4.05477746722333
2094.25622282627,-1920.8829293388,4.25348141183379
3525.95061813603,-564.066235021068,4.14128454829077
254.498246738485,-1017.6395409499,4.21069636375408
2269.66338668344,-1364.58749580563,4.21125865695593
3706.28242561325,-1191.53126545287,4.50409716961758
1751.03117019382,-1230.39618003335,4.38227032246513
2559.6738219705,-2108.92261678414,4.65971105347278
263.388794400081,-1195.88415255139,4.50716383919816
1246.47437691546,-441.46895110887,4.60554963758949
3668.47767510518,-973.027817975178,4.86909329170875
711.907792475393,-642.008245417853,4.9788883819264
939.573371745207,-1968.22364693114,4.69957635441539
1323.9202392677,-1691.88246442296,4.71971798156434
260.260201802818,-1327.2422766034,4.93689287022581
469.955699101405,-1957.75387468626,4.78995402456761
2325.68370323653,-886.988005162253,5.0314609078737
2905.40010250847,-1429.28012792625,4.83907815586127
2942.03932608091,-1607.5287283906,5.17564897074158
1171.25807258663,-1814.47666992024,4.87341311291526
1683.47391088026,-1517.47391540294,5.03843726210599
646.956317605372,-1437.77765588998,5.01531180151685
2024.94795209565,-866.232560004943,5.19500480618132
3324.07035787662,-559.413966444372,5.65020174241525
1724.26871575124,-1096.90181680179,2.97114892892768
1109.41049523845,-980.48326835568,2.78462048562976
2552.52214260071,-1864.76047409582,2.97637400365466
1019.62339583,-1551.9019357941,2.82124369187871
534.635989163221,-1317.24516020391,2.82493032032953
1452.7231394521,-607.958466288605,3.02117301977773
855.015677106576,-1132.52030533962,3.13386249976238
2961.21493672281,-683.547935855261,2.82913073830072
1587.49359568616,-591.450345660356,3.23613495881728
2291.87907084529,-562.131369021395,3.02104019066198
2140.96517175446,-1096.19941005124,2.9792492915871
1254.51690473855,-566.529813226682,2.74473204713607
573.570489751337,-381.62035716801,2.92158649384374
114.048073200217,-331.913828735352,3.01317726263093
1762.75033492277,-553.712570714228,3.14302938589435
2353.31263041614,-1731.19371694886,3.02314973098209
1652.00676462277,-596.704782107976,3.44517204136191
112.343917941623,-51.2400479405237,3.19049752683239
121.393560296106,-449.601991905887,3.33035533758045
192.480542373593,-554.631605612506,3.21547797304108
348.856476597797,-478.178754878055,3.38726233686612
829.979443302373,-1233.09085459249,3.49841440690333
835.531089163293,-976.912323941941,3.24496202020296
3205.80434793671,-1893.14324548006,3.58944995201767
931.847105896904,-819.65661898079,3.8876793492085
1485.49259597993,-872.871831882804,3.92404222402418
2116.4974425687,-503.497039793506,4.23657254612533
2208.56188610057,-402.52922576793,4.5166464174082
921.264639638531,-1993.66747927243,4.95709615308849
1882.64904458247,-1704.59280684217,2.90731113646843
895.566000275306,-729.170757884931,2.79159449935059
768.460680572182,-2099.50647738021,2.9254586775204
1849.3517828331,-1091.01317922803,2.91096823322634
853.030385420326,-1878.10851272534,3.09430025535754
571.104641194647,-641.330788162999,3.16332310208653
2652.89556719725,-1805.72397268253,3.37527390465805
1487.56007347698,-1177.9284537887,3.09494730250947
2106.17200458547,-2212.97747237371,3.4133254431947
3643.73453613969,-954.140427553421,2.93315032424832
2871.65478861724,-1914.94138243838,2.75220314115487
187.788353800174,-1478.53093222234,3.02354151391128
346.163210685477,-2188.21291551381,2.94490353295122
564.67885103063,-1815.01930727964,2.90626061293271
3653.49533012715,-1777.95695013664,2.95279350650119
3681.62251221575,-1179.80659759027,3.78591924663652
1226.79807800371,-358.651037864647,2.85690094892769
3373.33134686086,-531.470932415163,3.55601680708673
3342.04722432739,-749.241758288837,2.96293199404901
989.278905805372,-415.580385261778,3.47814496522235
3252.43166275327,-2005.81368143916,3.07088689335295
2774.35970023778,-267.179515380546,3.36996660893835
2477.22325971155,-1718.13547496019,3.74325341059039
1044.65653456056,-1269.60940621975,3.83848271117952
2559.69451552738,-499.476740199153,3.54623632949313
2100.0040331798,-1756.31681866582,3.81278008339021
2071.97773389383,-2007.03815817054,3.70575399784601
1971.32552355134,-2071.48297388938,3.84199449223814
3266.22772724902,-78.4993959757182,4.06593977587442
3828.04605224956,-199.351649499031,4.17991137088093
3813.75213632395,-1081.00288279773,4.12733325261485
1556.47068493314,-2114.74956693728,4.54309276778037
1670.00110118826,-349.67878214233,4.48086057598235
1701.72428963069,-2157.58212587445,4.93841255292374
906.939579653203,-748.898881597093,2.84520170512723
3619.17654892016,-1870.77130544792,2.4271890104295
786.308025168698,-182.609084975131,3.14987610062782
611.40845424669,-1145.58116121384,2.85153389827938
536.663167204447,-1350.38061019543,2.5931888032258
2797.90184148557,-968.187433649138,2.85379621567795
1387.7483033372,-741.00271774005,2.8956444301071
4047.86145183082,-1373.24011727584,3.50121430438469
3631.64740551049,-975.395892107722,3.11691958290514
636.671280424068,-659.445124123272,3.593606792418
2043.53513699094,-2097.16837456079,3.42211927748866
417.60985833032,-575.533598747286,3.26167369767246
815.549395098019,-781.342658026266,4.29578025702251
2867.36193747175,-2141.13305527511,3.70973215720813
851.946152597471,-1079.67944473687,4.42555362291118
3469.14508596445,-1335.84908551088,5.01403883599453
1138.16627162575,-522.076482243733,3.29895247374744
3076.25336151824,-578.420848378036,2.88044539190677
3279.08922232355,-946.568418669956,3.22256614736545
803.081112410609,-1209.26040839063,3.04505086367324
74.308282974082,-1459.33308398117,3.32528573275966
2216.6300130648,-53.0401863902133,3.22329961676991
79.2594328300243,-59.9565251748623,2.82132533422545
1493.71915207922,-1905.61009916396,2.92606190986596
225.332709413297,-403.008261516886,2.81401840247177
881.54189761827,-1861.24955602236,3.14609970759709
3659.33143273076,-1270.56338300786,2.82555377013591
3101.88281110162,-776.315335926605,2.76786035308104
752.018343676414,-1247.31549644889,2.99401350589288
1428.2044338586,-1003.90494348527,2.78835666961749
526.123087092546,-1393.68314738553,2.88946736739961
574.315382940896,-1315.29266310356,3.22245634256212
1889.98407395146,-1579.35545204545,3.10333131833476
3832.75117000646,-2130.04547019845,2.81507361061932
738.051398699636,-1456.85900676163,3.01215783995077
388.668445127529,-1371.317119123,3.0814620001178
2315.46540257066,-469.322647439905,2.73562532432716
3390.53488589946,-1963.6397044759,3.22438649599987
898.322779665191,-737.989418539939,3.44904115724765
744.303574593143,-838.158725199327,2.90843052135755
1737.71055307313,-1839.41708629071,3.19617238835628
1878.75903361317,-809.972304241137,3.09629795539729
3864.93554640208,-77.8576827891249,3.00063730107636
2672.3742683947,-1720.07867066561,3.50681834611742
3100.22565013785,-259.61390511617,3.06509611224486
1211.67113498853,-1054.13183157687,2.53204363460444
729.246906327556,-1949.96661619578,3.19690871003159
3708.90239808389,-754.782524037084,3.12949942677011
1754.3078168353,-190.302485571711,3.0738601563114
1130.24884632918,-1156.36312187867,2.96389709798785
4004.4322483868,-1093.59763839179,3.00607264709026
2436.71355795885,-830.782777429546,3.17349448084746
1121.70343260525,-353.433427702509,3.19937654661997
1484.94530781607,-2199.87347976271,3.31889106699506
2986.95111140833,-1986.96675807965,2.86933071898531
524.818173962161,-1330.72955681103,3.23561390035157
1859.44244879316,-1243.88677465315,3.41834840633716
833.069588035804,-1763.97157445482,2.97773675781934
2342.4682515748,-1313.71794032522,2.83138710708791
1817.64928748538,-1712.33170642481,3.19270488861632
3557.05081653689,-695.851129064499,3.06301536300415
1881.12960479332,-1479.24997132381,3.15317273558494
3347.36853409746,-2048.9218941033,2.88819804384316
2013.75664823508,-1853.76380464704,2.86989203474022
1895.98864519749,-959.11702970576,3.11603079919683
1958.17029737758,-966.826280586544,2.97121681776373
1670.61906736725,-145.715064077293,3.07758892105394
2986.48306757726,-1667.39627609424,2.91845574814783
238.244575493088,-2224.74910239474,2.86288617566213
78.2705830695739,-1030.92463211382,3.23876255887095
1826.48138192458,-73.6048364870705,3.22775092778103
2586.35289386033,-2105.52782871464,3.0851084363365
1736.13948500386,-464.66442097389,3.07541079926206
3858.67697059707,-906.939816381875,3.03125869854861
3500.68989079238,-1792.41529978167,3.16748081320365
2292.0145957953,-1659.41536891506,2.88070907343459
3050.46303220882,-1653.9941302266,3.06778306705462
1139.97218057592,-1349.73075382,3.06647007713478
266.887392510578,-1111.2457282254,3.52183595320426
71.9317981309331,-713.751989461775,3.12687192184573
544.408623341842,-1766.43816217855,3.27036844693232
3835.62714666876,-1083.70402867485,3.54759736370237
3349.70030327968,-742.767233457266,3.45475315528199
1826.14614960526,-246.868666503275,3.96172447804541
1337.03213309598,-1625.18383645046,3.80329655190693
2409.26349996438,-118.786102925474,3.47291011460159
3637.72944850544,-333.963514363493,3.83242717950684
1486.06945148196,-1734.47361744789,3.9953770560282
1595.05774030947,-1690.02781918834,4.2308192396573
2041.30787312557,-897.266755091221,4.9754735954231
1445.15218677673,-2167.83145612893,4.9331114815504
3980.56299097608,-1585.75759489404,3.10493716501935
4059.94137504031,-2193.53634116377,2.96474524390378
3680.84302624948,-1786.55933875335,3.10748186128335
865.321676477053,-1564.83029321119,2.78527036417753
2867.15607288394,-974.385841481996,3.03596792867972
1318.13883698649,-1585.29327650828,3.13682723512484
3979.89624901497,-1308.44510098593,2.61911543860059
3793.90984184119,-1268.7625241775,2.87421214730194
1532.37925644624,-1035.83337520367,2.98467678835303
863.018621744062,-1661.70599964326,2.82978796000096
2061.10211028563,-1207.72678190291,2.97995706104648
488.764623233311,-1205.48917259817,3.09756573598116
2190.99352103625,-973.551502504553,3.45881548705882
4061.33665082366,-1544.85747739186,3.06922046446961
1611.58886472942,-571.788436970047,2.98209024508423
1305.43116421043,-1398.31630206124,2.55441407498112
3595.3518622377,-1299.72554377504,2.90471132801578
95.9324262242733,-973.114808810315,2.93284695192043
2291.76140356766,-1412.43941993284,3.10023403558975
3984.98728963191,-29.7752263022268,2.9143308840857
2987.61010529896,-1835.16016906606,2.7921443794005
2039.16831914403,-1281.81542988676,3.11153722757645
1008.85108401679,-899.933893839903,3.11933470031545
861.584531185489,-899.601472540023,2.70591780449457
1608.9370583461,-832.18794466594,3.15512285981856
2184.58010164683,-1585.08051510007,3.10415138704825
3274.65344171722,-950.44280472842,3.25945032674291
2424.79526524643,-196.181832099071,3.30779380629428
523.840168679997,-628.437194009508,3.02794103130104
2073.01515233504,-1137.64796283007,3.07410365942011
3372.02640846391,-426.22099250497,3.3997628997615
2752.87477446508,-1812.40636797856,3.07734964565103
1428.83129213103,-81.4802756617232,3.22740214990116
2967.30218768235,-1041.43232674508,2.77429113976948
3835.07682143952,-22.4523182123851,3.3639725414909
3664.89861597594,-1277.27384398872,3.2683880395239
3455.12257311872,-1055.21411027211,3.26588698734294
2583.9824396657,-1787.44056732098,3.05447985899042
3866.09031291435,-1605.6858754958,2.74554988013154
556.462308032405,-1661.77988930306,3.05804826654998
4031.19516375507,-872.313489117605,3.16061250484588
3104.47729234455,-1568.48947873334,2.96374923197267
1022.33088040147,-739.926305209786,3.32934296044716
3238.11244191003,-121.509322281133,3.15801952774543
1333.64717270682,-690.549549449663,2.87130836800364
3434.00009577528,-1686.35675973183,3.29785410256324
3009.38905137947,-1844.04514113564,2.88708882683185
3775.88527960313,-2068.11792405502,3.14199904209865
2998.22019866189,-1612.0425415254,3.98713515061287
2390.45998206808,-1620.48878485263,4.17443923020252
2560.30588426642,-2093.51113462946,4.68472822403278
635.630312631094,-800.449804477972,2.74748118004841
637.088592025296,-1355.07156813715,2.91185495414448
1671.29696303401,-787.767800666294,3.18019464973866
3006.12287106299,-922.52169262528,3.33109110154516
1077.58471234125,-1129.54881192302,2.98473656131391
3617.6893228243,-34.9616007868763,3.21675417187712
394.85263335549,-1276.25978000552,3.04221180596742
285.913943125502,-462.256216658641,3.20257540583427
768.12907520329,-2099.61272138652,3.25875982209084
597.264472212683,-647.626039567236,3.12398379348146
3290.54260707981,-2059.09166840444,3.03924681796758
3155.56409545525,-886.178957292688,2.87278700941012
2888.40463715502,-50.4350607587294,3.43653265641829
2757.8881900998,-1901.55186460243,3.23759594752477
2250.65072679943,-1598.09542968655,3.1695179218311
3755.44543945075,-11.332720831144,3.13119112296752
1735.96453461013,-1837.56526582779,3.49516667972648
541.765960975564,-431.73406123228,2.94134891510536
3779.94920845967,-1044.98225055059,3.25743377845388
398.657700365344,-1707.01856323773,2.7764903756258
832.397867611721,-963.976178863545,3.4077001650927
2016.37228282244,-1230.48792647124,3.81990242726805
3331.85208984341,-1798.0170783559,3.07053190098344
3337.19405219494,-1115.3221655936,3.69096463021165
1461.13519944286,-696.009564811688,3.63184611877467
1199.38007018241,-1605.48427903718,3.86032421212965
1505.64070467814,-1522.36566066327,3.74386741781816
3208.48642353945,-866.816779350382,3.87819432487362
392.977703742145,-372.849571470226,4.00846883785894
1107.16151586564,-1623.52409261432,3.73610401721064
1192.4991286373,-1714.08213769564,4.07115798944392
1127.07217426527,-1139.12594501125,4.01105914138327
1862.33666025994,-1493.36526569964,4.41177129932397
3658.44575898354,-1075.20970863463,4.36796811897875
1367.41767303047,-1685.13450890382,4.29917749239194
1793.49562066486,-1593.19467605206,4.11690334000147
2290.51662079608,-1173.0728966184,4.41404914749798
1336.21962398361,-968.521582346496,4.77938738319931
1395.31645987669,-901.289847438209,4.8035558812388
2108.8836857112,-510.945229757099,4.84150818126964
4011.33005734163,-1246.42475992575,4.75292224435243
1409.6809790286,-2172.2973993165,5.22944720474205
NA,NA,NA
