3718.92936799039,-435.268647667945,2.9299239266771
657.737494269443,-1364.32293620927,2.95378612731317
3722.48199736497,-1156.01811858151,2.89133536066875
817.361142642611,-1227.1450317962,2.90431638115443
976.930758112565,-675.441093161223,2.98236402044899
2467.59974016012,-2062.35163531446,3.37177705381675
1157.51507787554,-1718.02416552269,2.81542119058413
1977.18880127499,-796.114255598928,2.8984738609274
4027.20731889272,-1086.08297596467,2.85290932537478
1194.23300634398,-498.596852704677,3.02245171895128
2594.87508277155,-1858.37725505453,2.97237446537391
757.470175475282,-598.467908754227,2.8557225488034
1609.20715419626,-1401.41434166137,2.97075099829307
4001.29619800826,-1044.48494911111,2.96151729629371
2418.44292982895,-2014.58079978228,3.01951819822263
3489.15534160509,-730.627187604036,3.09569730147728
3983.30167910845,-867.209971146718,2.89339913734949
221.692127007592,-1373.83302659399,3.09633277610803
1083.45920415153,-15.6989734179652,2.86832484330906
1250.44017703953,-1075.32922632545,2.98715021583618
2569.71814739283,-20.2768006037124,2.9644881998463
1979.66149581442,-873.45043430315,2.94448251426238
2575.96115532927,-821.50332568918,2.9644042677018
280.986589799307,-1893.82800779199,3.01998396258504
1572.43909525432,-794.89789690716,3.08111978106515
1277.73544103872,-395.772880400602,2.88895738548489
1203.17415709742,-1374.15595971636,2.90210942398386
2811.76702024223,-63.8524589526366,3.0312219003831
1791.44035685903,-327.039752107597,3.06341313123051
3489.07687233373,-1730.60551249601,2.99329642763305
1312.26840353959,-1634.70146257156,2.90703693681776
3428.10110068821,-2115.31946251516,2.99241886949809
2831.37145731985,-961.551325102741,3.00267467072875
3392.59540181554,-1574.44223973429,3.04490124629221
3809.97087156694,-1756.91558545097,2.96709006188559
3478.43556606361,-1451.46236915194,2.70325230361898
3507.35050404078,-1918.3549997001,2.9993585852983
2839.13144064331,-1009.41400689565,2.95203019142873
3119.05819049896,-1684.47168852306,3.09133805056044
2037.99972452997,-1469.24663772621,3.08688565445975
2552.04274133834,-54.7388461899345,2.97282958563023
3127.60855168419,-162.70594511475,2.94753080467144
1767.71009728541,-1950.92206154882,2.94967022267814
3188.33526034557,-1912.37457949523,2.92646986177756
1363.10934545678,-1619.54200015829,2.87237534625713
1081.87782421853,-549.170626174749,2.95059936450975
3272.54288102487,-18.7396953239112,3.05553655128521
3368.84980146809,-1213.30319526959,2.94677698117319
1853.81147940095,-339.925304969554,3.31211219523397
1048.55391064999,-2163.81923914815,2.94845723262487
1044.82278579291,-482.339715406036,3.07213207903386
1215.49396126241,-1892.14181614813,3.00860573874721
3437.91787225132,-1253.12019922467,2.94499964150573
325.208278478823,-1908.69650748141,2.7598240391573
2993.31015479844,-1628.99999518104,3.04827679069345
4028.79255297136,-1793.30380161598,2.95395098727729
2491.72467650747,-694.256965709608,2.89801754506715
2629.30927469381,-1573.10067283369,3.0562393715603
2058.02020002591,-163.487067495002,3.0471471395253
1233.93812884672,-1693.725868799,2.93786686862499
2758.80677844354,-135.111183016408,2.95692871476355
1720.58676512732,-1964.84298627969,3.01049573501435
2554.3654600199,-1414.04931846446,2.95514851786487
2213.62458278669,-396.570975605314,2.9977306002774
1035.7022214619,-1266.47216718933,3.06503069763808
3488.79642185196,-1314.0270987725,3.038634149605
3223.64878584232,-1405.79014549281,2.96602721516742
2713.07411268061,-1453.78799678103,2.99644598144079
1669.42200081635,-1368.2601807918,2.96679576511234
3888.44374920863,-1841.4974482136,2.89692419690512
2617.76053258001,-157.059800155988,2.98357217605291
310.15879133324,-2042.88316118192,2.85096842610659
3793.32141081533,-909.696563354162,2.98315798778047
1355.94859034243,-1464.37952925495,2.96733710353066
1267.3483632018,-1629.74922117971,2.94628488401297
581.140336094165,-444.047843728743,3.1199010411702
3394.00507197737,-1697.94269015576,3.04578636623413
1745.06722078288,-1805.68563547207,2.93598560303079
2868.95459597315,-1593.84809241639,3.0684541121214
339.644481056778,-977.012015983336,2.99301129295803
3352.32359088426,-906.571533755082,2.97013304725066
3254.21518013425,-312.491797729256,2.96701858496824
2259.44328722241,-472.697917087637,3.06094162120714
2464.69128316855,-783.381958585382,2.93727225470854
805.28804743148,-310.697536084739,2.85494198774645
1213.05289751389,-630.859247937797,2.93151143632628
1888.24487844801,-2110.07176663115,2.98053318629727
99.7965734000938,-810.323159818327,2.99449677962304
1935.23890219065,-90.777452934659,2.92555738248147
1610.90829170218,-182.080007193465,2.96550047245312
3367.39634661681,-582.464327462112,3.03155280642166
1155.05633767627,-618.289178295816,3.03623320097306
3286.11457671745,-1507.4811827239,3.03622404080898
280.563998048282,-750.445296542327,3.05249414820519
796.717795468616,-409.422797178547,3.01802009203506
1489.53591927813,-1953.9974348508,2.9798922235114
818.818250513425,-2203.63657402207,3.01517188410776
1759.74740686733,-727.719637083575,3.02483328443906
3600.46769011861,-1735.18090998618,3.11060495196989
625.685626105804,-58.2060538228632,3.10738147805733
842.496209477489,-1970.24138652705,2.97897630913725
1901.95240828843,-107.577525434858,2.9777946749645
2330.2190173908,-296.083018204634,2.90530052554761
809.919349625839,-1445.43315562193,2.98132203795637
3214.59942822577,-2124.11068293004,3.11800555474008
393.376226760394,-2099.19894164697,3.13404423820596
2566.71715964832,-2206.66297509341,3.00939351638885
4008.99955971055,-526.241453353752,2.97752479484125
331.210616186257,-138.665736491583,3.10460071061765
1735.51386687132,-1542.98384464701,3.0588823926464
1484.96813964758,-429.229110939422,3.06979629732022
2166.56421171409,-451.085794319694,3.13833147544969
2391.10747458126,-1033.64168003622,2.94865792862695
192.448656053159,-956.825472503487,3.00480593390451
3639.20273479991,-361.259721659938,2.96277662332819
3979.07982345623,-1856.269216389,2.91599082543242
2153.80868909871,-2085.77532987594,2.88983206856122
1530.89024363639,-1136.21141083213,3.12421286960667
415.805614252582,-1514.04399151617,2.98496947405111
4012.73846805801,-1697.2836403492,3.09696212327043
1856.50282722241,-1427.81747191123,3.00050063438256
1664.11244473313,-578.569871341311,3.08494138226574
432.001666684508,-1477.29200503355,3.02269143831652
2064.09520991262,-128.931805278389,3.10117767796918
2889.18479603191,-1305.85254211612,3.00086409582957
810.461642208661,-151.342120091722,2.94025571748327
2162.49387954182,-539.779366207123,3.07799502409718
2676.36430679532,-495.448608496218,2.85929438741922
1457.15885122485,-1324.29799935041,3.18833927578357
3055.26943720797,-931.131835977312,3.13839435916291
3842.80858976237,-1315.514055921,3.00037096726939
3389.18668064465,-70.1671410505753,3.09236005094252
2566.17780236018,-605.848608660159,2.86563786775205
2404.16933445527,-412.408817607531,2.98239858190702
2215.40745320338,-1341.68461416791,3.04426831519401
2638.39164039896,-42.1350441043731,3.14886545394396
963.172686871711,-1061.47625584891,3.14193038744169
3663.44731566883,-2196.18968652036,3.12786987921103
76.634451612678,-349.35669575632,3.06211562968266
2905.66790509417,-491.857904695311,3.30779307250813
3420.66051761722,-240.977646349452,3.00982004091979
3231.37144098662,-1092.96975693,3.16566835535955
1506.77920345003,-1412.68017441168,3.04699178813758
3197.33306639559,-1593.90933565695,3.04997711462832
744.751676633854,-1967.03559574557,3.05201743960789
1709.68828210546,-1624.84261757718,3.00228639588135
1291.13487613355,-992.496279925924,3.12836723297554
1917.31894015956,-650.350818266206,3.00569229166572
1273.47700520861,-1799.74298074855,2.98665718022019
3062.88940506556,-703.12835236491,3.05700369475479
2493.86002345325,-449.114401795664,2.92087103887538
1389.92876912328,-680.00267477034,3.01744585395236
1280.45000549604,-358.640523789275,2.85277356532427
1723.51888278833,-1806.44770575812,2.9687084477097
984.836444351447,-1750.77867656104,3.1431037384808
265.070684863113,-760.633038006873,3.10880727866402
1015.27448967728,-455.428398305059,2.91731226725216
3479.56038452395,-594.575730046618,3.02900399389801
3885.80690283371,-1488.5872896219,3.08264390159282
3916.31328904033,-259.772522147851,3.02479368827465
1054.54358940771,-31.6438427459797,2.95323608908834
1432.4250718458,-1928.84879283912,2.99384547752671
1838.60273677733,-2067.98603937525,2.97696664954614
3392.8784535565,-2207.46071573436,3.03071628090702
2870.07465422661,-1639.42485310029,3.03640870766872
1810.30734276441,-87.8894668787321,3.05354033681908
600.197016255616,-267.735539002964,2.97538715227594
3196.54551222836,-1543.79511423576,3.05605650279102
480.439730400253,-356.679752241683,3.07174841851572
2985.59201276211,-1296.02464883014,3.05620947209129
2290.51014274181,-165.90185798269,2.84383850239655
3596.17513831601,-338.238541885896,3.12053193370026
1367.06371767617,-1700.820787484,3.01803438935673
2185.28497796274,-1572.09430266856,3.1602430698004
681.157279580858,-942.370170180629,3.12761869995596
1727.86672513868,-1725.63617605923,2.97029460001948
676.84380341947,-1550.66249281778,3.11160164477666
3902.52822748067,-876.143515719715,3.16490750876104
1973.58763003137,-1488.46919071613,3.13956135020343
2652.64840949342,-2146.84235436576,3.03923105105042
1567.92989443542,-1721.61455117484,3.19569119173327
3248.59788116149,-180.610806370282,3.11031544207484
3873.5109791725,-1067.72031344239,3.06227247581739
1427.8184645731,-2179.04643810793,3.06728150721108
2886.12704611919,-167.858447140414,3.00298047890024
2462.31954983297,-879.704634216393,3.11577668783669
716.553018803149,-1824.63155759678,3.15592666373815
3331.88727970176,-616.717901783367,3.02202141398825
3050.71521113345,-1328.84517768673,3.08994001877549
775.683381412141,-2035.24400664598,3.09864870554152
3302.74227325638,-1089.40015055433,3.03654641533726
761.062860182542,-488.334096527236,3.05469903119911
3558.30627795783,-1872.69199512953,3.0845409144126
3544.22544979434,-451.367619484498,3.26717249648747
3287.64048264795,-1032.91363358366,3.14588535736918
575.956052213966,-1933.33747555164,3.14043924260086
2569.57715179109,-242.07928534622,3.10174863714935
1769.23975895946,-1888.28144558178,3.13272645887542
1651.30470824959,-962.754647912148,3.19326697557174
2431.30835107038,-1951.52087692197,2.98043676529836
3254.34617873134,-1293.88603437757,3.04059487841782
82.7771309719553,-404.500632047519,3.14538975064112
1766.31874972853,-1493.83771163381,3.07411559246762
1829.29734835059,-192.420079736564,3.06620316496811
1835.20040681188,-1845.39750670106,3.10416935032147
3597.79479553796,-898.41864170077,3.0606884635676
4015.6174715295,-638.520854827068,2.97857855698751
1024.55120591207,-514.191008326625,3.17036906812651
2620.77277536502,-2213.05793603126,3.07472250992621
2606.17457652099,-220.620657194398,3.10756598976957
1509.37165758486,-1771.96405616715,3.02035517013432
3040.53634571821,-1857.8296563035,3.08551977875594
1996.84478793726,-525.270300768855,3.08471879775884
2498.11166675875,-874.286740201139,3.15470733668509
3123.61786130438,-743.432382408844,3.10567136844403
1467.16216647814,-841.506150926811,3.14965713270143
1175.99985148103,-1380.10407473662,3.13340298874319
1485.04148410274,-1461.66497026611,3.13642373318568
265.014809888689,-409.361635232661,3.17045529636013
1706.23027662903,-668.078857895695,3.11129509763106
564.849887163963,-1475.272527012,2.99092854687657
769.792445428633,-899.12037212879,3.20074740904979
107.251265647935,-1434.91320400677,3.12402396070357
2952.56044503836,-154.048797615511,3.24329858107207
1992.7954788638,-1869.07859075076,3.09922609038266
1901.07932551505,-235.644878355428,3.12391325691428
700.84248690898,-742.682442849763,3.09511667554444
2662.17764506614,-934.517922235674,3.05448992037968
3319.38300827326,-532.192441408355,3.20544689186107
1349.82613109304,-899.235497687963,3.126741467941
2476.93220735687,-640.822926974681,3.14934815330601
2571.08899186056,-1624.36359433524,2.97004231184271
2365.64209013201,-1733.31912805109,3.16014968075165
1395.75014821305,-1608.52578564522,3.21787549993888
1275.58351752888,-329.306257365218,3.11472657149546
440.114137628888,-1575.0475449958,3.10750218344009
2268.44947989134,-1647.06328677264,3.13666130542969
2392.37508531513,-874.86885898914,2.97886865157858
3689.27867343246,-1730.57467018874,3.10506776280891
1427.03463562328,-2047.88862304627,3.10142196110438
3237.72791935916,-2018.29844557176,3.08475916501162
1224.19219458352,-1028.87079103639,3.25152482942413
2170.23192882079,-925.483427988912,3.19880144066264
651.380719441603,-1216.96056082189,3.13402167789644
2464.96023016191,-369.703615219101,2.98327486305281
1928.48774546203,-1558.7612535774,3.15470213351878
822.097424381149,-2004.76811651079,3.13910474658759
2675.62066949404,-1664.64710174027,3.20189037802516
2940.81863757576,-914.018662147272,3.09898740187992
2734.34211789782,-1710.37420345795,3.25180943353823
1928.33567423335,-1331.1422961832,3.13844818823236
2463.08410962785,-178.176944389466,3.15833100318842
2204.87674734029,-453.397801708985,3.03152197657126
4036.87977117444,-1759.4580404598,3.08346349183476
2498.06514266129,-853.663376943442,3.14507769728793
262.154531449776,-808.912229552464,3.1445438896084
2567.70487464085,-915.51733304057,3.21426064731102
2677.12574144172,-672.694536760939,3.20872723201863
254.257074296644,-1468.67873868092,3.02835238642018
3775.75501160846,-651.77498740598,2.94332002963724
1606.10192323293,-301.413003172987,3.20773696643401
1619.44674724459,-2141.00498391268,3.1685105970235
1605.91548265481,-2214.80262151321,3.15521362890539
1487.37017308113,-378.348917488898,3.04678779650808
1763.04787632355,-281.772485626511,3.1654238068229
867.991457579613,-1326.57018177337,3.27925101127418
1827.75014544956,-40.410052098499,3.15021746089606
1455.17194627724,-1237.19730180076,3.2265088760791
479.681391315037,-1840.67603358585,3.24841012182346
3666.90018026409,-2017.88215382162,3.11932775777817
397.994700188337,-1196.66067186014,3.30552113379956
3488.18081696415,-1343.49726319259,3.13653322890683
3790.6588440785,-489.175753984588,3.19209370906066
966.573760143166,-1430.59620179765,3.09304191391907
3367.56996032857,-295.669326044781,3.21871435368281
3755.0064746382,-1692.62878551939,3.37254306932478
3189.34648525074,-69.1056622928048,3.17533189190636
2252.06350362909,-788.000535565826,3.11372457798282
1400.6542277649,-712.247585780749,3.22573315782347
3655.85453786262,-177.746930103974,3.12574113066617
3572.28505927521,-1364.13204979841,3.24928938475208
1974.71569264966,-944.643717674236,3.26605404815685
3986.33861129293,-1137.39086317639,3.13249795470914
3100.14005968638,-922.635540160464,3.19021755113349
982.941666300074,-996.057369469674,3.2611560444073
773.415564646642,-1338.59753903416,3.13268833177449
1279.98146920707,-1103.30244240954,3.07236395490483
3028.4049356307,-1543.3606132213,3.22465522567716
2566.14895840492,-507.57910936811,3.15449534541231
1859.10303191017,-1957.5604495283,2.9651553037001
2193.97007560246,-796.73991218296,3.1033219650165
674.218868770817,-45.484601220129,3.2235012660843
3956.25274723241,-915.637000530897,3.0917361544817
3833.25801891326,-465.190600238302,3.21418861021634
2998.85348461137,-660.811512428682,3.13686926174488
4058.32077587201,-626.516962688605,3.10259222066808
1975.78603406721,-14.5412822232255,3.19213897724196
3665.95524664121,-310.888293620813,3.08348380485046
2786.21121581993,-208.764869454919,3.27241727658343
2770.09648439984,-1873.75153339949,3.10405633147398
3932.60499652483,-1999.69623108929,3.24674494628546
1343.23763683575,-2015.8856984796,3.2169184257304
1085.51222099811,-365.142580121087,3.2848143484672
344.673630613894,-593.653708969186,3.11215331963394
1912.95101995237,-1795.70889838084,3.1539997720777
934.96246162337,-771.892153959808,3.19719610763756
2748.84199754943,-1452.36659898038,3.32402712978979
2737.16392063089,-338.355370550784,3.17304491519145
2088.92082372142,-1577.20847652099,3.18831616457818
4043.61240291539,-639.749694348501,3.27296845039427
3716.78133722074,-1741.41180250464,3.18745314412275
2185.82061681911,-1669.62918492466,3.23954143904043
471.494662239262,-1400.90004261605,3.21983594143795
1087.95173258925,-2056.85071154878,3.12607477863103
3375.21075579379,-94.0762781204537,3.20278025515754
3467.31251604501,-1348.09436707898,3.16915370942728
3428.03496977524,-2174.26947732818,3.19059678206296
2743.05084043691,-597.43947869541,3.17358634674777
1699.98809657093,-1330.02140871605,3.17198585697898
3160.65552285753,-1936.37136364667,3.1479251643697
3383.4984882111,-469.426320158675,3.29979791946154
146.314012809029,-103.705461019039,3.09082226328222
2613.6190742314,-1977.60569209613,3.31023053787372
876.891341739141,-2087.15053186306,3.2554781871558
1165.73416099048,-898.832535569678,3.29683090910084
3482.65523465467,-895.084134475365,3.14026728811369
3196.87776755382,-827.242739718657,3.27827518473743
1099.74385528471,-1325.24565410063,3.22248300039452
3327.18262606486,-1836.54698704294,3.23862454581167
1962.84399779705,-49.3667205937083,3.1545681068647
2903.56161531986,-745.339734725409,3.23197887998403
311.233820838803,-1534.48300487872,3.20648435399635
1782.06307092197,-489.452247787986,3.22365472874267
1492.93961733493,-1789.07655459164,3.3043787244319
3945.06213874873,-850.45274015803,3.28757426344171
3807.47460603412,-10.0586718997096,3.20174622052217
3623.12721451691,-1564.62130610876,3.01722076293697
2442.19162913622,-2141.45246582099,3.43173908696537
2027.849392074,-348.342478137144,3.24490194610909
3010.52002024257,-173.778152504052,3.23012394430065
319.08798427161,-100.467383765386,3.37657275786447
548.118054308718,-1278.27445059958,3.32959793504325
999.543117778651,-1699.42972486665,3.25760489467319
2806.05087964747,-809.845400523908,3.14804432481993
2698.83243120999,-191.225831814407,3.41478652343105
867.878604945031,-291.280767708776,3.16753519304277
1457.38280370497,-1747.17137716871,3.26810901171972
3082.52503286315,-1858.26018053981,3.13261665388565
3548.45711794401,-1160.59962598466,3.30819112566551
2533.0058698752,-183.495209947546,3.2818902459961
4052.34125698141,-1620.21192682396,3.14512027775422
827.528937889284,-1917.65361627362,3.36899303187161
2638.65518908017,-898.230241174596,3.1987817267472
1041.27326528111,-1500.12270797659,3.24624363581698
863.804276120508,-260.349400217216,3.18884013065959
3686.22926556468,-2010.01324816221,3.19281711471085
3970.36496588586,-621.113622040811,3.31364490193496
3026.41506016456,-1843.11716985191,3.27458827659762
2794.60013093164,-2117.81941153554,3.32140190198474
3221.34458815111,-1827.92091644638,3.28781904440911
1076.97392372151,-1292.03846499003,3.33443631798184
1879.0667571777,-37.747441891166,3.22540925171398
2512.08353375619,-3.04650593411843,3.38412300002855
1508.36245851414,-900.030320197985,3.34242994803049
300.180555366981,-1948.11479568151,3.39089990497178
2337.77966031166,-68.3668816466068,3.33328093300257
892.472067333598,-1983.00022689485,3.04816336710222
3429.09347028696,-985.21657617043,3.15539498741056
2183.1766380271,-2047.99580884731,3.21303166030868
3697.35772321332,-1881.68300428713,3.33819374899603
1478.96966515509,-1969.84183319926,3.09992866799849
2492.91373908022,-1483.67203858681,3.16717333634693
1988.70175567349,-1512.05324897253,3.37308811043382
877.344635974038,-1147.51894100264,3.30933437939616
3556.31810786624,-1344.17632778038,3.3565277525175
1090.70072349658,-1513.81730793744,3.43125889544356
2926.03153149767,-306.039769276612,3.32048421536813
135.473191880665,-391.085904919964,3.34719903969425
2397.72757933464,-284.324447288589,3.30895207240228
2181.42519365813,-1421.80068651674,3.30902199005516
110.869750069145,-1505.18552300234,3.38551269888661
3791.92120905351,-1028.84983557697,3.19617975841008
3952.92381053744,-880.665028768341,3.2081603886869
3300.58108138589,-915.148124484166,3.26472458806656
2349.24507573444,-715.38683470764,3.33995423745515
2359.35720863601,-1863.43492181211,3.32787861357036
2145.89978840747,-630.273040207629,3.43030532974031
75.9241933800918,-489.417057672647,3.3895079819296
3576.40623789205,-1191.74909934405,3.35229975633035
1898.81160176648,-64.1928989116815,3.40148765297493
3618.65855654611,-1512.38015437369,3.29427204083899
2052.37899051459,-352.717903845439,3.24496122546357
1355.13913900092,-1319.36616053657,3.32699211755339
2327.65245794457,-1807.38979058782,3.5563416992429
433.601811080224,-1365.01769321136,3.38670434210264
1473.819095834,-899.952961955197,3.38398622269595
1134.77932259427,-1226.43751714106,3.4851337207924
3162.74014641595,-1766.63522211113,3.40672484504111
3183.59043047958,-1870.07311139116,3.17463085486818
1042.91908912348,-709.554096785954,3.44461626828763
3191.15429967337,-1433.07652010237,3.37138833338592
2216.08058665807,-1686.10319762761,3.25355117028039
170.2970468611,-773.055694922705,3.4647870146919
2743.81689848663,-1641.69603609576,3.41053769981963
3261.81895451979,-69.6888856719774,3.24606390590163
1162.84040133508,-1145.1132332379,3.39501253590788
2926.108643283,-747.679980309554,3.38551917070909
3239.60270456245,-798.595102519159,3.24227614599459
259.197442712687,-1354.03338510389,3.4654214847078
1779.49836052499,-2099.40499232053,3.13788453226023
2115.98041937039,-1138.07685284484,3.42432863574604
1989.66666645813,-1653.04976122333,3.39084351121908
3931.99679983763,-1450.79239735663,3.29016262056289
3909.22908963369,-1266.25796845172,3.43252711467999
1689.89597999843,-770.870455848164,3.30791724287604
3031.76607543488,-188.549658827319,3.39525999898862
2167.07115248567,-1105.98243536713,3.36637943936688
2625.23967693994,-1619.18852659766,3.21110014146414
1989.88612722631,-2179.85519259965,3.37119024439172
433.587494696929,-1737.86097956798,3.49842167526959
749.006295486493,-1885.98307755702,3.43564244110997
1701.99505866573,-1476.67330654074,3.31066214730063
1150.79792190578,-1001.16392718671,3.41951687737437
1301.41912993661,-1048.85333217715,3.34185430205213
2427.47569734497,-650.868555851288,3.18559049119261
3412.91059896404,-1786.56310691219,3.42090162992804
2315.70587486695,-85.1440822954889,3.39326410770165
2086.64689404765,-249.500681455789,3.39054554692083
2640.69010987241,-678.011976482966,3.49696330644785
3379.88071721651,-1531.24494301395,3.37280471570515
2368.93318811907,-1680.87744762157,3.27070056163944
2786.57633451033,-884.459550325244,3.45130981322105
2926.76491630407,-2211.84151127557,3.42407549077831
1827.79860653765,-2000.01101991892,3.54288145889255
1473.05982954294,-869.422646346548,3.33054938257104
1791.28060454402,-682.921710689233,3.43998500801627
486.015849099047,-612.2981510844,3.36607302018597
3490.96863965621,-1206.80068460233,3.49112073725575
1954.53291037345,-1442.89079966643,3.59771723691032
525.28709019564,-196.539953856223,3.20596343502148
3660.99616802287,-2128.1670751011,3.35811238650762
294.619498139184,-344.041396474548,3.52352625655112
3686.94735343771,-614.64391321962,3.48299935915176
3166.45104995359,-682.675744351125,3.40248378516599
3431.06946499139,-1202.83300982405,3.4579690137866
2213.48018189171,-596.807048079848,3.37154130439818
2128.1990185422,-235.791096973813,3.55258141489262
2682.08184821825,-102.385110009334,3.50904598309843
2178.92644862394,-4.0157057757477,3.51884761018003
3157.63954373506,-562.249715467386,3.52051976309432
178.922035874165,-46.2723367311053,3.55273614931394
3280.47160374038,-1547.13061153247,3.42397221186729
994.758598017303,-531.633162898867,3.58592811469173
3204.66727805973,-278.287126433856,3.59321371096292
941.074526773316,-2143.85597627105,3.59091821591758
2954.6731401939,-567.123899360441,3.47097202331838
1880.81883571502,-1342.72839825273,3.46412494269183
3575.87473084273,-543.258858873641,3.55572185859245
3634.4077032203,-1084.29072019004,3.54891413168704
3032.85615564569,-853.287483800086,3.57623335026484
1684.33873257802,-872.748244472194,3.52596071675784
328.130831989843,-680.747462564096,3.51959191366072
2823.21248748035,-2096.79214798844,3.66920556544975
3804.38481462225,-739.810684172078,3.48534933945771
2466.87134670006,-2014.19597329349,3.51747519747822
3725.44554092418,-612.968095857005,3.52180909037096
1812.66479277792,-516.126058718244,3.46603815904575
3095.17308222591,-1453.60338021668,3.46938769925099
151.320441819627,-167.267494425747,3.48613307312639
2790.78212007568,-831.720635598688,3.54952486455239
3087.78854466369,-32.7151869312521,3.66043596318927
2066.07281524664,-680.700965360115,3.50854389333379
669.011230128993,-1457.05172218721,3.59093064884875
2823.50896015598,-1095.11026116515,3.50223820465741
2349.55911492591,-119.041356834151,3.34556114369947
3629.59188637499,-2193.29337676075,3.43046184971975
3295.80786397682,-2134.36799973115,3.47490313646385
3180.65335827822,-99.3670804202367,3.59190826442302
2380.99370237566,-164.167307329895,3.5500744047108
2289.62854054737,-565.934935228464,3.42582705392933
275.350800215034,-9.33295442088916,3.57689843610823
2348.27698367822,-1411.94151464464,3.62501128873203
3281.86939263549,-1759.31061879389,3.71499308207564
2564.26634071533,-2024.13731255909,3.59638717018331
2316.629498672,-1964.75714538695,3.47902519330476
1253.77202955136,-1726.4419313543,3.48958011450628
1836.29607374074,-1361.26869277041,3.6318841472106
3842.31078612182,-1667.57378534086,3.67207709525738
3475.16704408077,-1029.57960100752,3.49155877706491
1874.57501406555,-1379.75228457715,3.54554400187438
3355.85553214972,-2199.35418962362,3.57667407685778
312.369654692283,-1335.95374459755,3.6875677454875
1942.85172779798,-608.451451836669,3.48052569760356
1489.13156245822,-168.858835064452,3.36680070340088
2995.21366380122,-1443.84006706036,3.63652804063024
4043.14336820626,-2057.85661627978,3.55556557978582
1311.93605851183,-455.318948201322,3.62091188802817
1679.962604002,-2162.28260137278,3.60781843643166
1532.21508532198,-2127.16752575722,3.67943438482148
192.247930732308,-886.320168346117,3.40728242155496
2473.39504042771,-2117.17417114934,3.65085571300816
1783.2073548829,-784.70109718009,3.538295226375
1835.27886593013,-599.675619556397,3.59378447879415
518.005287403928,-1555.53972996758,3.71068194205535
2729.81520915677,-278.582547941954,3.66749475100733
2353.66066345091,-394.342057718314,3.60550130341563
1281.43774301708,-156.275650566644,3.75714550793314
2823.46814971256,-1198.26516474945,3.51305394579203
2138.27960272169,-1293.04637221694,3.70173919824685
562.301035266265,-1910.59577289408,3.6250207376657
2055.3202593735,-1825.29654672572,3.76008619482979
2838.81393445004,-1584.09284744205,3.58586352188299
2962.69848402318,-2082.37917632972,3.72924165722535
1184.68751309622,-8.18673864050152,3.64236685858785
2292.41847974526,-1088.93898574933,3.7502663880364
825.131215080655,-825.361930834784,3.71839535247509
2548.64572516642,-2156.58876757013,3.63428511635025
65.7710618421374,-1510.87159799554,3.62556474292216
3898.16976498348,-462.047015997193,3.82799089820134
2831.80771716936,-711.319396102306,3.76917850823845
3725.3489456537,-685.389699303806,3.80547027639004
1215.56256279978,-197.030692315494,3.66746599909923
103.28106305249,-1325.71744187217,3.68106341429718
998.384218949588,-1166.58332423704,3.76553081236984
2381.11058743473,-1352.96867357464,3.80453487166764
3255.44325001144,-1129.29752488214,3.71967295294299
3000.05271479332,-1675.10485474402,3.88190402569027
2282.86191380251,-298.563099635913,3.79780048970463
1004.78208119114,-897.818197878886,3.71332637722516
1511.73353742087,-1729.16625413041,3.75142352024505
3132.50616949466,-1993.47151832286,3.81163046968817
3733.31828486834,-301.648129344635,3.90388964850335
322.250891780799,-1727.1712495098,3.83779513027925
1868.62204729049,-1997.2540443012,3.8865422892352
548.679895869418,-848.071522176516,3.81620600973509
375.971447184254,2.81550097939594,3.85166152021015
571.44014081751,-161.685013903593,3.79823792272336
3059.25674872515,-759.916865995805,3.80351450687524
2703.90835052243,-2039.2584685868,3.91510569554875
168.178764275071,-303.850002597558,3.87737836063387
1361.1603698486,-1040.96800332182,3.85957921133289
1598.55997635231,-1323.12742131393,3.9330168463756
356.209159875589,-762.794218715406,3.77353196715863
3750.65222050491,-1027.23888410673,3.99978373282896
2872.64492035852,-12.6835652715326,3.96069813029024
518.063739251863,-123.308166823408,3.89836866647364
2421.68145371281,-1004.51179244536,3.8281198730482
3348.42628396124,-1359.19227949161,3.85533627508562
2806.62380514028,-386.319112551527,3.79165408402262
256.881748539021,-695.418121262625,3.90067648006151
3779.75965664104,-1518.45113534595,3.72995671254456
2463.18483868821,-307.124980834406,3.8999710055675
1094.02951068405,-233.360114369539,3.82794776172711
3018.4248556591,-295.883410522447,4.03220917075605
1952.27442863695,-220.213237018557,4.01699566953844
857.56139330883,-546.870810171882,4.01784246863717
963.638207821826,-272.039288901806,3.98257576272997
97.6862755077151,-1096.09258936174,3.8281239123325
747.013024964676,-1135.74784030356,4.02992726003451
3280.00521408732,-188.416960301997,4.0404047700485
2989.73444585564,-25.7889701805411,3.722079370699
96.66671328499,-319.511433298287,4.10762631128055
1147.02001905279,-2214.80262856974,3.89890934827714
3264.69430587482,-885.471274497693,3.77485864127446
2599.65354920572,-440.730885327882,4.09115423721475
4004.99680735808,-1311.22265269759,4.01190833137417
992.952833731563,-1884.07267107889,4.05404802939643
2235.18644220565,-1978.04220565713,4.03960101438744
3310.54897291238,-1904.68430525797,4.04002059430778
1757.24358112538,-861.476307321351,4.08245788501005
2942.5187200068,-972.318718816956,4.05430086701933
1571.93970587083,-1080.34823135479,4.21829853401942
3316.13963343539,-243.15923791348,4.09159578506449
289.147832117728,-539.031769629388,4.29116147101999
3085.61273755164,-1952.07940943537,4.17809685613782
194.892033467173,-394.707213045954,4.18876380010125
829.380325421926,-1351.69882086604,4.33700670953774
3764.31062862346,-1433.7886377983,4.143966778343
1252.00558778044,-1525.23979376976,4.04437199407855
2729.29490032367,-1964.53121553355,4.24111724728163
2447.31362731067,-234.987856548905,4.19000116790884
3454.64475318784,-24.4973141287159,4.19895621531736
1240.18976556343,-812.404097477562,4.3409766420598
2584.33238225731,-736.741165106693,4.30221119221054
408.911175273325,-98.8242666408215,4.26602152546894
2339.7873119822,-1815.10173938819,4.40385613879142
140.903043080839,-1174.68587673621,4.45032215499684
2539.65333922408,-1932.78068396403,4.3401513382228
457.150299311876,-892.833947322218,4.30081326237911
2104.37703554857,-25.6682163835069,4.35455026064404
1261.77570738504,-2159.74821549945,4.29929842488762
3049.79517977089,-832.471770367249,4.33913691188283
2285.11988444786,-349.575716998023,4.41968865301858
1818.69252692793,-2150.93046882972,4.17352868593437
3452.47769630505,-1656.62514443971,4.51695238294174
2485.36306509868,-1324.80336871264,4.53426405261511
2337.1305678785,-670.932299184699,4.42484300388955
3335.33436443017,-686.881950300659,4.43037436806828
201.697697844224,-1264.70740054988,4.30256474841986
1722.83715688537,-1369.40468990746,4.59597572525831
3960.8911770215,-1399.74785598567,4.35090039124254
855.022633061719,-1103.35409720663,4.76329045525899
3044.46771212823,-2083.5457230439,4.47844359569196
2058.0490378975,-1401.1804390953,4.23098596889601
2924.10096127068,-2036.96410861476,4.57612526101688
3135.73004627552,-1079.41352463292,4.68404850534812
528.149888021008,-543.413018401653,4.85392983586983
2571.17437599473,-1610.52472350613,4.69541257177035
2983.01606374576,-2161.05932627944,4.70370872201662
2903.43021181045,-434.415139174407,4.87469611528965
3617.40678375012,-280.935177282221,4.70834978810283
1122.34571602358,-1431.12785281038,4.84782496938258
1556.48865818232,-664.02653276139,4.54694509032705
549.220883607916,-1204.50123399788,4.6259329518276
452.003229233207,-1293.26680444079,4.61976507665706
2177.83801188048,-1875.47890253867,4.90688110536657
2678.09223263539,-2107.89145782117,4.71199419739387
1355.07201307628,-637.99233398881,4.96132341021478
507.493250465444,-2085.24830602708,4.76746968273634
2968.53251590803,-1955.74666986778,5.09584535349908
1933.6248622079,-2188.84751684184,4.9763861749541
1122.9065887328,-1976.96059075805,5.05863353030804
3211.54164621282,-1249.98070807432,4.72911220665623
1688.11597059982,-487.907770320466,5.09408193491209
183.529420553294,-666.453761483722,5.20898442994039
2989.52839657275,-1186.43781921,5.17357758161106
2892.2847079635,-229.514919312407,5.15237910162679
3452.45477602177,-1334.06797629842,5.39026102669547
3300.14216389791,-473.649010246769,5.19746315404335
1541.62454686082,-995.070549837626,5.0952180174605
757.941090997077,-321.102163740322,5.46146145118056
708.472405765858,-1658.11976113124,5.46949751247329
1405.31856927288,-1172.68233329805,5.37445827245404
606.296875922266,-1021.84451293932,5.69298359809713
3643.10009901491,-2102.30376248189,5.82212872329478
2618.45874376962,-1079.18125622584,6.11149106887324
3382.72372950608,-216.476802391964,2.79412205220514
3217.35498739302,-110.770273140321,2.71119261993296
2712.92688918237,-651.290705846389,3.0156157925094
501.051432437993,-1900.38472702143,3.0944913944031
2086.60843319737,-2158.40741285535,2.90371073146283
3558.55049848941,-87.4317242143442,2.94365646429866
445.326335004147,-743.888304399499,2.84851536790308
1658.34676783635,-445.20260162475,2.97272448206196
2348.39297026287,-2055.0980372517,3.3414180657649
2985.108389671,-2035.55881437577,3.07474547525681
2669.78209958257,-926.917335296759,3.02439743389778
383.396899100711,-485.836567178051,2.91352246760222
2638.36231616777,-331.089001889662,3.30861037048832
1805.02378196362,-731.400967290266,2.77114583759298
1585.35552740112,-2065.11745445139,2.93298996549024
2642.9984577302,-362.12212324645,2.98524601347202
183.516109063356,-618.078002027975,2.86713311323519
1727.93549693815,-971.164613085426,3.11423226809705
3084.56505494705,-1082.65845249852,3.08149072925271
2457.95792993753,-154.876897022915,2.79351844870578
2170.93160886358,-1315.94022340908,3.16632149021404
3671.80549334504,-130.079160516507,3.03895939556828
2213.40609980746,-49.2577690629759,3.06502815855422
1704.59610307314,-840.056598461024,2.81100855898835
568.422313878453,-1494.15098622577,2.79780251486889
632.902976253919,-1419.58655746899,3.29811906163186
2685.96772511293,-33.8932896232484,2.85386912477063
3179.9544060556,-1605.31044491319,2.90915224050229
1216.84524214799,-1931.71255815433,2.92809339427988
3750.16600607604,-1727.6506739092,3.31518129193038
505.756409355401,-2157.92593283955,3.06730833072617
1438.60277818316,-1782.85603096875,3.06985641143086
913.387715544542,-196.99189040756,2.66827531539169
1139.47478954929,-296.20868429729,3.14691236350807
2269.51939374923,-495.411769134275,2.86072494388761
3263.73453158986,-363.221345385347,3.04016607464633
2385.08349669727,-307.086572711732,3.04435536088706
1500.45601452903,-1000.79743115352,2.99734216087216
577.241083022586,-211.75433379783,3.10075986088504
1617.02253317469,-1082.93824651988,3.04828767970373
1531.46040402304,-505.502653264566,3.29552283311132
410.869461361202,-1037.71738518548,2.92243437093838
859.095599623773,-425.100951956646,2.87863557827004
1799.83488754702,-203.175953114021,3.24933966693891
1427.00970327795,-81.8924616860415,3.33592930659081
1600.88048551766,-598.77173417544,3.10671581962191
3891.19786077474,-1305.01913586758,2.96157171335142
3430.98572367522,-253.206167937326,2.84907316298978
951.103532154274,-438.231933537808,2.97526470122949
3432.09000831511,-294.572708346499,2.85334241901604
2407.51898116558,-692.03953669804,2.98930582428961
2884.57766026974,-471.986476898583,3.0628339133199
816.344531127878,-579.176386106056,2.93097834994636
593.786788736874,-1508.44023965739,2.90701460375394
1460.11951676929,-1712.78569684897,3.09641855176019
3428.88769585169,-821.595687923617,2.94271567024483
1119.54948710185,-966.755981107784,2.87054827398465
4022.010863558,-64.113732273138,2.90668344987121
2314.37186203079,-992.391996413889,3.05574815213829
3536.86050767207,-360.143976965087,2.7937608920687
1395.35106816738,-99.0414094587585,2.47079500852076
3389.14211472705,-1958.97100461347,2.98689020697205
908.076729776555,-1528.06797600656,2.83343696277911
2014.52297833302,-464.883880763557,2.97423594706716
3181.80513227579,-292.744326185331,2.95035479713455
3511.47459498376,-524.482536702003,3.42890403887119
245.93168895285,-108.089601023622,2.99649423909199
1037.00302132406,-128.714358525122,2.93022674080155
347.943335019687,-522.812398923298,3.07958349843292
3091.33183104438,-1797.71424161404,2.87843493973886
3908.15468916133,-10.7394282814105,2.91332721234281
827.563046240044,-374.505390748756,3.27722277168656
3141.49120546377,-507.26065852402,2.95328402025346
3729.04389335394,-334.518689764537,2.82625167321765
1319.3298721203,-385.210681175996,2.95754080587401
433.626142212509,-1873.86383897084,2.89856066939093
2276.94899450703,-708.822083092491,3.11944135216642
4001.88002336473,-92.1319271385786,2.82725189130011
2078.07451945086,-361.972393887566,3.18289344470994
2111.59911792019,-275.711675223762,3.41682783302714
3531.36439448665,-881.374631184577,2.97444154219388
686.494853618743,-80.3789465892759,2.89792878346993
1146.49908920701,-1446.56653193705,2.73877621431082
2797.69805902357,-573.814301643786,3.15765481067256
3610.73908934545,-622.270424830846,2.98697044579308
1633.96541584927,-2134.77285358491,2.91292492779652
3165.3297565047,-301.332548876853,3.36096567931299
671.021590478489,-448.293524320202,3.0426564350996
3359.84051024569,-534.805525665067,3.07541193147561
2160.01034993666,-565.983109908348,3.01881055372222
3047.06605611541,-1644.00900051964,3.2005238771269
2039.79039022594,-75.2767832269103,2.94073966589321
1287.85558861317,-2105.13180454084,2.9706008349404
2769.49144975202,-1940.72741419748,3.02781885341253
2744.46630681574,-1837.17629071385,2.98783544835178
3573.99117417091,-1893.7624552466,2.73189921466947
4065.93013628136,-393.670598961549,3.01186737122095
2589.354375225,-21.3522004929345,2.97716863952634
487.750336809913,-1472.73556856759,2.84014850379031
2454.19791356765,-204.940891513251,3.02703058983938
1118.11687408181,-214.492356826807,3.39357686949391
2202.41871253324,-1654.83189376047,2.86652563104893
2040.47526599895,-270.997336318457,2.91053972304028
3122.09412064128,-440.399010384598,3.059704006783
1914.5484488345,-411.272781840499,3.16019199626376
1449.49609167362,-118.488653369089,2.86192214095451
1312.53547674169,-1413.6066144744,3.01242570490292
3212.18766140134,-409.494349705217,3.06204540924192
2014.89588494568,-1695.07095958811,3.1202069068078
2333.68316750328,-2217.43386876112,2.7965048536953
3111.49308272197,-2199.76765409001,2.9787478330102
727.57493797489,-1024.97575538568,2.95111224266687
2976.17290940149,-335.730876015529,2.89431557971154
3527.56436386954,-1668.56667855593,2.87988004888899
988.915066174165,-46.1739371909089,3.02672534058838
349.296980991838,-1455.08802006019,2.94323999349603
1494.73809452999,-1216.96138145478,2.95467006598965
3355.51546440599,-1884.55534772346,2.95376616755803
1133.56164246351,-55.1440987827173,2.83546648776444
1207.34160744271,-1081.11568705489,2.99815520903479
173.759105045875,-249.586997548907,3.12125286790985
1335.84714548165,-1654.19672305701,2.80094233636475
398.956606861688,-67.4220681666492,2.63750574735598
1547.1045718402,-234.087669209851,2.95264321292593
1199.65557388161,-95.6345449636435,3.11044677795564
2392.78358983955,-561.260464816406,3.03158570303918
841.653963105135,-183.388476984681,3.1974746996379
2486.17013321318,-362.033616746496,2.84832005685215
1574.48304799716,-204.194948008263,2.88894795253105
243.949778019695,-1727.2032817044,3.05240789775451
2026.48897680538,-2205.54687682172,3.02277332802718
580.10856220649,-944.622631096649,2.9047508778517
190.257836177581,-1643.95487859424,2.82459413250333
1307.03120329935,-2122.05460869424,3.20371521802759
1173.2557933568,-168.973740162791,2.93598945333247
1782.64803673983,-1922.02502063494,3.04675726405585
3271.23574202953,-478.233597539992,3.0418584125053
976.191926252178,-1545.33090664383,2.963095925483
693.521715768102,-825.317577718509,3.14338424128112
1503.21476513151,-398.931290259179,3.01214549870107
2996.95778542189,-1743.70276305697,2.99998858107916
348.524016046282,-266.201504704399,2.90246808173753
2269.4143722338,-185.990791853503,3.01594556152062
2998.46743644641,-82.8538040437183,2.79591300226886
1416.41214238591,-223.024662253509,3.30621171240966
3438.91461794933,-851.710709953019,3.04047744049001
1183.4621235489,-503.832897192647,2.94860643828687
311.446498486583,-20.4552736157589,2.91110225299561
1061.51058839304,-55.5252013773698,2.90831264432181
3305.53378716219,-461.198004427325,2.54248208366141
1858.66063987429,-15.0673218244425,2.94539359576954
3336.11893773477,-639.513252007492,3.14338688021404
336.361929420859,-1593.55064408224,3.01710551124184
2419.37835651819,-50.1983722459816,3.42278250425636
1117.91813091429,-2184.98152698643,2.90615630019613
1215.92337623419,-427.443091522443,2.7450848974914
3121.2766774622,-1708.07349267362,3.03771435469786
3336.03711772958,-879.370822012917,2.99518578537068
3097.77037620588,-2109.06009494331,2.97537590867623
954.846476410997,-2124.61583619454,2.88384895374075
3499.76305551849,-905.216652940199,2.90152662749706
548.545906665476,-2124.52533940019,2.96798071696909
2509.34320316271,-438.164993466204,2.96132370164978
3896.21729817242,-366.836422196918,2.97288613413723
3448.27634843901,-469.216005606468,2.92058575453428
3688.08926558213,-492.967232716856,3.05084044648796
3709.38416593031,-2009.19640593296,3.18427360454965
2963.78585856342,-1381.48970822987,3.01854775652054
1097.51151666117,-110.567945475476,2.85786801588305
2499.19597936588,-1931.59746882112,2.90606506070563
898.549445171992,-92.7540392408661,2.7945328065295
531.74979191742,-135.791315222427,3.01671962978161
2839.73051069763,-552.373411029638,2.99997819845491
2088.58039512621,-1958.15736826909,3.10814895097073
2604.19608425893,-1950.18499379261,3.07016875616478
164.123634214901,-1530.3198404496,2.99201975371312
624.073976615912,-1398.64773496342,3.08827280544735
364.30690176168,-127.063145433683,2.64067527235948
288.665385698982,-716.102510952247,2.95546467332058
1255.08151737431,-1495.65096627545,3.00385166115363
3041.85619880378,-1954.53667604417,3.02986029023282
1668.97634487717,-142.770639076139,2.99725744821109
1654.95521309537,-62.8260718365217,2.94497448518524
1109.59676719967,-1595.95537507863,2.85786166579152
877.796745990259,-108.785426294257,2.72282631435867
236.048126281342,-1794.03677474268,3.09439383976711
82.0048002822333,-62.1605867674819,3.08884796199029
3671.13562218749,-1438.91807866527,3.01195945308793
539.758415897638,-377.091476916754,3.09304954273314
2955.49668867099,-105.550958723491,3.1462228131064
610.662908109724,-429.206932924275,2.91207546845971
2826.84677217785,-7.72924534263437,3.10719298426301
1276.83919013953,-1944.86544207841,3.03397877098658
3873.06933382854,-288.492381012858,2.95137662666493
2161.21459601496,-1592.63041920197,2.98840950217153
71.3213739349339,-2102.41747187806,2.96810750204942
859.038622481777,-1517.65334636035,3.0300681380497
908.097561565245,-81.9634615441731,2.95273618576396
3179.815181516,-460.443300368783,2.94355892047171
1697.46157875762,-102.839285618703,3.08061419183745
103.411768348231,-369.707881517158,2.86634479511016
1783.53854167433,-1132.5455155075,3.04586733012982
1977.4699306658,-447.955906215051,2.91590320668462
3270.93498294867,-377.428242694272,3.06495509595703
1313.82788703814,-218.025283101984,3.17791841501498
732.879392382154,-1190.95299753032,2.98803240699955
1277.94696564301,-97.7424991482848,3.0181711325477
3286.13737523402,-867.540900759428,2.8790807169978
1220.30157977215,-1551.54146798268,2.98904332907306
364.118816320841,-883.428545728152,2.97253240103545
663.328807057217,-895.503423253132,2.91924346479722
583.59980637153,-1600.7452616511,3.05010151133734
3713.56244725754,-1674.11565584791,3.03639497123911
2418.60506252301,-231.811445528425,2.99661575011196
2803.14569070125,-1961.96009006982,3.02891852408257
1717.88642445972,-1916.16734900921,3.14082111694214
2320.22015467628,-155.528489879562,2.95303448751673
1272.47220175906,-202.156571551845,2.95999022299593
2178.0522863965,-217.136642195974,3.02710964191748
3185.10249739878,-665.485608078673,3.12804655528432
1931.71899935196,-104.452071717093,3.00460043009997
3714.95618286175,-258.267344240533,3.06608295271635
3754.91058955021,-163.230804277216,2.96477303350553
1580.03854704263,-255.809129026317,3.14767223337279
1029.57627441211,-1620.41567057069,3.15860516999543
1053.82164724417,-1577.50328159689,2.9425567583011
3694.99947830252,-25.2428637755174,3.13340186989928
2760.49920925329,-36.3016795117232,3.02618229243345
1388.84950613218,-143.549372652293,2.97549683341469
3104.80922769134,-1976.49462732276,2.92189011772442
1009.85091821683,-1020.71182898772,2.81662278674426
1928.63983814932,-473.733343032774,3.01729932738852
3339.40097498159,-1788.79104308539,3.26362406679985
398.292859492917,-243.462760223663,3.18093420110958
2241.07676433818,-1761.72608603701,3.12412824719728
2552.34544274704,-2138.13361595514,3.11336418740555
1413.94459276397,-1968.65474350585,2.99290958893519
512.542283085221,-1752.88803152463,2.9579191581962
351.142388857589,-277.455328845061,3.40140097041498
1795.40246334428,-1650.15008611124,2.83479092419081
1897.78080364037,-2182.23166013522,3.29479975171527
511.111564822198,-503.188263065528,3.13494493691791
655.182020612541,-429.664866105331,3.1682904170089
867.430972318039,-420.252140810335,3.04415764218583
1054.64004991422,-350.722380967946,3.13171739037892
1363.32098072103,-149.67608724818,2.94102316760959
2021.8072050996,-520.566900270056,3.04107479278713
475.054414942111,-143.295076191893,3.16495281991015
998.992423291953,-248.175126190897,3.00130110822978
1825.04377016678,-136.228675221991,3.17848973680216
1634.17828477369,-298.49215035362,3.03710726599403
1973.70105558928,-1415.24517409829,2.96751837647295
2610.28700576719,-314.447749432378,3.1819005211334
1638.43563960772,-1018.87105806442,3.22541203115759
3607.84612175733,-743.520228631358,3.18829538159087
3984.05530528268,-538.921511440752,3.15633865012176
3326.62774508187,-1714.74677581428,3.31208625077735
1314.69383879331,-1604.29802285337,3.27639215598874
1944.76438325468,-1495.37686848128,3.42631383040851
3625.40512825072,-935.65895132748,3.37155867181427
1987.20079848066,-554.068705429667,3.25911234851283
3560.4461882065,-1628.47887847946,3.48716758235077
2996.20873249,-1636.69489156316,3.27718981904171
1179.85141432225,-1907.73819510291,3.32586469366514
2896.19865098878,-1354.18434607137,3.32254767537008
2600.12653984433,-163.883166285542,3.24428791096415
630.825778669056,-280.627207960946,3.23763018939744
2408.73065239793,-2214.28293367645,3.44203658277146
3689.35358864264,-521.357829349612,3.40752776786911
1941.11467945145,-767.062340245163,3.51113472931168
681.269873513405,-1879.83416603791,3.41429034196231
1833.35172497349,-273.910069252673,3.55774385285843
1694.21641458041,-184.283899467993,3.29778997501927
2794.44540803148,-1378.27029930463,3.47641849332491
2418.11187394882,-2202.14768501504,3.4325878758273
3345.4661221304,-1742.54696562749,3.63197829197573
2528.80472458254,-771.733175273956,3.22996446663971
2818.96179316348,-164.295674510334,3.37756363194379
1883.27112478427,-547.517164252401,3.44320167568988
813.24773917994,-328.635014343187,3.34892757316076
2322.41229253097,-1501.91866601817,3.59142880043895
1514.34839202607,-341.465140779449,3.54223925418106
1452.94107428215,-372.996113435693,3.79002795596453
2565.54405384143,-177.7717431459,3.33742197266627
2965.4353584123,-1473.92854270576,3.51510515350716
1482.3792587384,-317.138537534623,3.69746149051692
1451.89916635875,-265.691612871771,3.57654457249718
307.372824600993,-2204.88307799766,3.64763465986775
1315.40364134791,-1515.37583496572,3.87644360446515
520.684052913973,-307.643491910776,3.8424521531446
1916.3328560205,-177.291801132326,3.70783913791308
1397.1159581135,-342.759224295408,3.80780162994516
1596.80805330226,-1692.0003021317,3.83324892399434
2029.01162260837,-213.813523488679,3.53328017149673
3006.42151282209,-1831.91779717961,3.98075682278816
446.970958388507,-344.5237525563,3.93296056271375
1939.94512619421,-494.091647058723,3.93957782152844
1320.48224945286,-184.289239661506,3.63650691288725
1090.83859648648,-2124.2943850951,3.88521866919843
3434.77411676541,-1836.03736888343,4.10050199073514
1166.12091769033,-1514.13989165123,4.03354757938334
360.58266081726,-206.808993239794,3.52475862564706
1532.35278972181,-59.3486690530391,3.83880883678764
434.518513333895,-159.708277217309,3.97069662748068
1033.93414532264,-65.5838438610356,3.68428487009138
1539.98759157752,-1686.97484219966,3.95436468703192
650.034760945482,-183.137079055574,3.99146150804113
2316.64072512516,-513.458656048719,4.13083713897476
940.205522502523,-29.96192422691,3.98961915975218
2383.06276608117,-1620.53158942652,4.2354122622339
978.300757239304,-63.5813719499529,3.88985580649362
3437.58568519222,-1586.06629864043,4.26612986241955
3885.71727002397,-206.977767602635,4.05816503444578
2756.12616981389,-416.056895142451,4.19877553878651
1877.47088872118,-1632.18568470872,4.15564592089145
624.018269349217,-590.267169217807,4.17576605602436
1309.22731649249,-124.794771268357,4.03575730447858
2964.86680789594,-1941.10726779777,4.29097816189569
3508.37946591178,-480.459623217732,4.25694718468733
1443.016337171,-1451.81933590726,4.45161666882329
2769.49362584917,-264.683307586962,4.12465374718735
3971.30882795641,-425.581182245135,4.55209614612683
294.58530923871,-1860.35764477612,4.34336649121805
2231.45494819998,-528.958988257433,4.3601067494052
2291.49999529218,-435.240069637686,4.53808991600767
2594.16749332052,-570.367231412348,4.59867337293831
1096.52064805374,-705.538814899053,4.49525338193963
3406.02645538152,-565.059251803579,4.9572297139563
1515.34424987546,-518.354884028694,5.0085191002793
3667.43592309274,-1615.04315031558,5.29473657830433
1709.81678373067,-75.3911531945004,5.25113283736713
2865.78948932719,-448.752326501699,5.39139342323492
3216.55169562995,-292.307352296509,5.57978012517958
1837.28210281489,-1252.6354161046,2.88145923661168
3080.96362585893,-1043.49097131516,2.85846057511894
2805.92380506416,-1262.35254301038,3.03123753100737
487.884928266441,-1790.34493004935,3.17989996119005
1682.94916293929,-494.885949831789,3.06124486852185
700.940974659078,-1702.70072002252,3.20428352603907
3308.21005892616,-2168.29010319397,3.15951327853092
1314.90950797419,-643.044608288473,3.285625674686
3350.38817643851,-726.766762246971,3.5173179574653
3998.34688034001,-72.5987044093699,3.58476482718627
3365.08654140271,-704.465186204477,3.26693786424204
2585.73231161648,-1673.55162395606,3.43217687022224
744.217431894212,-335.376517651188,3.39639116158035
695.768328979066,-2057.79155900341,3.66481925910842
2325.54586743519,-1546.69323981588,3.7872110632618
1640.36667067991,-2104.47209288534,3.70546206502058
1500.35605099892,-1520.22138651849,3.98964497357809
782.749687056965,-1943.59737293293,3.75073830720448
1667.85063583792,-732.6988811285,3.81897034015468
1681.6169913845,-2028.52031768228,3.81421321288564
1726.77151900451,-521.446411916459,3.56093545565045
1261.9440468051,-1421.29991482167,3.75586533158338
1689.78348119632,-1189.00575891018,3.9157619260758
519.399884362632,-2194.55834161005,3.87460490430115
3776.02199860003,-905.667482036348,3.94603674980119
3915.86310332573,-1182.35425442436,4.10213952714992
1642.13089903016,-2077.24293070899,4.15036232899014
1132.17454535499,-2156.71254703892,4.19275043156164
2284.92123439605,-2202.54786436429,3.98162169283282
2734.53726225244,-2081.97758282717,4.05469335615182
3817.27946563527,-1068.61759041171,4.11956291322807
3710.11523940502,-1554.69334859278,4.23685904965284
2607.09692042438,-1746.45798617111,4.58352540226022
3900.09948000541,-1020.75542428522,4.49162274444871
1877.7603135765,-895.885810157462,4.50650269370769
400.700514523129,-109.614575120698,4.7517235256524
3925.24507092803,-299.144263481782,4.70588071841249
107.580618646207,-519.574224393805,4.50776531001699
2105.04886567159,-1033.67199202169,4.90732467924477
2276.94517884046,-1722.0995930648,4.55555295495588
2033.38468780525,-881.581442996775,5.10584317304873
2320.37950854389,-866.142167143253,5.34466680817394
247.902033361851,-208.647081108958,2.72817641931811
3666.17568271842,-1529.6551445258,2.9108813592761
3047.34516845255,-1462.35294198584,3.06196744043546
3114.6072161085,-1362.29673050001,3.17284362625296
3948.07164561702,-1351.03663386164,3.02705159998656
3959.72288344863,-1447.76857061504,3.03708315069297
2907.47275657522,-918.91341994655,2.68247468412395
3692.23160142499,-58.7549131897302,3.17591087070366
2144.10429104276,-396.475547377009,2.77527396451206
1599.48856234229,-959.397959262521,2.97587083044518
1550.37599385552,-1479.64684000306,2.68366208199396
213.739476814548,-1951.31288625435,2.98545856552142
3308.51960745181,-373.445227178588,2.87170524575481
3775.50338312976,-164.127961913283,3.1931280898289
618.639348543465,-1199.70352417143,2.71893050522243
2374.9900739171,-1158.23426301494,2.87778984092826
2645.56543830723,-1524.41583883213,2.81602056520442
3334.85809279923,-96.4152324045045,2.94699334389252
1593.04192482091,-1597.05723041834,3.10712572280571
3028.31784982631,-1264.59454163698,2.99204709272207
2033.10659484984,-1130.20705549889,3.05217174425514
3483.36973578907,-2170.62272416278,2.8919699359393
1701.78582540083,-1421.5807754981,2.95127653449232
1195.62890854037,-2123.98942368371,3.20932028106394
940.238335418988,-2102.94308210938,3.22405220513506
2522.77283380432,-876.086149539661,2.6655429203039
2927.11485493884,-318.866413770433,2.95561915595705
3877.830711991,-1113.06230527056,3.13429618171741
3950.74380539045,-2101.62450156943,3.11114670689183
1493.91324226985,-811.305626173618,3.05766415206751
3515.834782911,-1943.46555033349,2.95861679597665
1031.06466960976,-676.617089377784,2.93782060337255
3831.76880322755,-167.274225731264,3.00333222751863
1223.76397328333,-1608.59389266453,2.83528346303118
1767.05128068886,-1985.19380266962,3.05857450486784
2950.55347708069,-41.5028003081147,2.85371262720198
839.76226841629,-804.302124108842,3.01951853240652
1162.75586176581,-1807.77421493087,2.95307018383639
894.381906948918,-704.306463936863,2.83753674302896
1659.23832384031,-1991.1501957991,3.12604781283009
1298.52926769504,-2033.65585371929,3.11708776986598
625.826016578678,-1786.66335726828,3.03057025267776
1824.95201678904,-1055.47478875544,3.10269894350669
1624.48817598922,-1748.73137760603,2.89628092598719
1166.1180535764,-314.070630532868,2.95526510033193
1118.89349789429,-1705.6202998911,3.33052620122869
1153.63232370629,-1620.84822824453,2.9735752077644
1485.87936806286,-506.028902457154,2.85524250546674
173.905772346108,-2141.11369471155,2.70042436473537
2806.184447746,-39.7746012680629,2.82946722830775
3138.01315469032,-1775.89023981799,2.86263699887138
3110.27398129331,-1873.09159094409,3.1588398443252
3418.66168532288,-323.502488571869,2.9176826435445
3891.50489276465,-1795.97451311758,3.05709542909358
1165.0252737981,-77.8755716729127,2.94898786248849
2410.02080993966,-1529.64224591005,3.08855499085001
2943.02310876927,-1646.84187579427,3.04512116920811
3824.63808959513,-1376.92072159401,3.25862216231965
2262.28363967797,-1398.75236309224,3.00836251463158
626.42391489079,-1931.5909922577,3.11303343302706
2092.13047525147,-640.015869874822,3.00796645065501
3323.40431026463,-1191.22114034715,3.07331350890827
485.67252815551,-1042.42612403064,2.99433875490765
2858.93107988808,-254.806495142101,3.00412749266209
664.620429003609,-2203.77803296287,2.87035905428598
3314.12342848816,-1508.22380099004,3.02742388162533
1322.00007549665,-1453.71738455929,3.29085224025887
943.252650812004,-344.137290389039,2.96985403521974
442.081975506365,-354.6611096104,3.68250210694608
4023.56974781797,-895.143349552387,2.92016214324428
1148.92888616886,-1671.16963976726,3.13140627967506
979.374399115931,-489.707112164866,3.20021145266366
3019.50941043843,-494.60850302542,2.76608454119828
2933.75753028061,-1061.17403783262,3.42975375081908
3831.7014903901,-247.736786137327,2.89569463240359
2875.37231424516,-2067.32272278294,2.73956887910557
4061.83814355129,-60.6946458930252,3.01358420111775
1863.67143618993,-340.066148733986,3.12831087578802
1913.89122601578,-1306.21786366026,3.22236860735703
1201.85626700454,-772.585866356454,3.11568611043711
3206.65272936306,-1893.7512159759,3.30161052844924
1404.9951161158,-2201.16601634663,2.74272547455477
1762.21389294249,-1044.13301390594,3.06771722755588
1804.6234671135,-1946.99151468891,3.0331008763494
216.493425747445,-873.938950998051,2.87788482224425
1825.56542163449,-643.013182392586,2.85257442017012
783.296674785441,-591.638182742073,2.77125084862623
3472.5796332773,-1255.89403432246,3.21912061205903
3610.18135147187,-1246.48566236116,2.66667881970916
1799.81114112587,-1378.20297242937,2.90411553503123
1035.59604723899,-1907.30409298016,3.26739990244553
854.943106512818,-837.647757554735,3.07300917999216
688.772694653082,-402.217389163277,3.13760873647779
660.935465524332,-1479.64789969913,3.11703713930012
2344.62215430217,-1960.11528522065,2.87633306302027
3995.90814074833,-726.036321930384,2.95803560960352
2921.42544410186,-1939.59151972883,3.18500622096983
1240.14594619495,-1085.90083354413,3.02813344132499
594.621672762051,-1841.37998768534,2.98734976865718
442.110331857424,-1993.65768415014,3.02405413905452
3809.32001458413,-242.412666629587,3.11735289841035
1850.10047551374,-42.5051131711479,3.19684713671484
709.70376926553,-550.881827422151,3.12345212643815
904.120195587431,-747.294705954989,2.61254825182412
2233.96717259644,-549.432958715877,2.93031536780459
2181.55113014704,-1314.36610025356,2.8243838487133
784.957527455719,-52.8225953886895,2.77272667598734
1846.06520933233,-57.5591973150893,3.27761045421388
1554.79399800491,-621.59589923018,3.0436118264631
2225.49366959736,-1243.81782609679,3.01043483210285
376.48722487364,-1064.31471312576,3.00630751108882
1567.53281063372,-1338.328012227,3.36016622571412
1124.85374911243,-1809.02109121231,2.98672040164774
964.118382517457,-1213.66287668244,2.93704654753675
232.700489645386,-609.537143504117,3.06988403598265
1552.02211676919,-920.940913655915,3.27836784116234
2646.51243619239,-448.486523814721,3.33728836263971
1341.88385933757,-1598.52420066679,3.25436485153846
2508.26528634389,-1777.12883476861,3.03155616298757
3964.93997666752,-287.137056398264,2.96694444994619
756.998751912678,-977.649604674449,3.20987711508614
2106.96731906278,-809.236014946316,3.09422804728283
434.397142286123,-666.158960672671,3.05505283944309
1679.87483683997,-212.31895559652,3.08865729699551
1432.74831778784,-1870.13896787747,2.85193784211635
1383.12878006302,-1426.95958093926,3.40074691171647
2317.41730001838,-1548.71768041468,3.22974625911812
3093.1006181549,-474.330392191504,2.99622193302811
2730.14764383572,-802.257357901414,3.26546871762757
2971.38965956524,-1411.9317944066,3.10286254973731
1472.15760397823,-1363.86865294718,3.57827541222323
1557.08770670298,-1222.97429202251,3.17842426560104
1752.60852372,-49.9382716731621,3.05459225909028
4021.13432502989,-121.367354671807,3.17433309672463
3523.13194469259,-269.00915504893,3.07165571788097
3490.76192992416,-950.650981593266,3.09715756122948
1236.9787494189,-257.932102097268,3.08025078763399
2073.64893061925,-767.795336075713,2.95983369779207
1881.87168323576,-1043.02821886016,3.11003542192658
3249.80302612776,-1789.29880662019,3.04434385719908
230.837063935252,-824.654961723411,3.23059320858736
711.222926521583,-387.864631727454,2.86766794809891
3150.19290775455,-823.62765845634,3.24314912622856
3695.12548212411,-2078.1275524649,3.06923087686811
1029.23297286088,-2042.94459744133,3.51123083004963
3385.62014051242,-1099.15215801769,3.13181315187944
2220.78104394445,-983.806319187712,2.89831834966732
1398.47763768948,-2164.33538801775,3.17878132298252
541.630516763282,-1356.30191289569,3.04890845139491
3706.7430603371,-480.847098525006,2.95953380860383
1563.15093636899,-1284.25753151508,2.90982577324946
1882.99009226636,-1790.93192217003,3.516151159975
1213.17178189636,-1322.33637469948,2.39667508778548
187.596635056625,-2112.19399160388,3.42493342807769
2920.29008508047,-1468.34593197078,3.4802099922819
2631.19205718884,-299.179770910407,2.87914258397251
2979.7207785692,-478.115887683066,3.12290955421364
395.61639568985,-1647.02267109364,3.06211685099178
748.816964255108,-1840.01484742818,3.55723454910489
2417.84471793171,-345.51663602176,3.02411756920389
3696.71041182185,-586.675866434563,3.12380774506494
507.156555042956,-1416.71244030351,2.74886634681703
1254.04228802987,-91.128804355766,3.42129689546978
3092.81812495226,-1249.60238612465,3.12885424938758
4050.65191201339,-1377.93506569014,3.16424338612217
3181.30379298769,-1657.7454153046,3.02333389065668
3970.55865461769,-1127.05822498224,3.14889932085991
465.728926426784,-716.864990663593,3.08337923600316
214.981711898142,-18.3212189288997,2.91594037376154
2101.99628234016,-123.552986124202,3.0548014880618
3073.93326462787,-1765.85701309217,3.01513486897731
1308.43124625664,-1303.14307108431,3.14473378415787
3986.53960713854,-959.8665838219,3.03463780576984
1570.33841473609,-933.769337102982,3.40059963443276
2581.10506669719,-333.29133807311,3.21775899643486
3125.38118472833,-224.137163741749,3.06561397707126
1112.78895563327,-1572.76924811514,3.56167980067364
589.965769036801,-1734.58301536586,3.06827758216151
2787.88470449836,-1547.63229692261,2.97495137318317
3632.72893364663,-1965.88286376726,3.02098417681927
934.476947600069,-1776.20877829524,3.02974401920108
4002.9432943873,-268.011432238417,3.30693692396882
3928.42239962187,-1681.73791349327,2.65700893954051
360.84424140033,-1304.2325828448,3.10695961505387
3227.50747235606,-138.216348012923,3.38160248949554
3851.21534615684,-1600.90014560659,3.10758272539214
2064.82697151896,-590.046417826129,3.17946503925065
1084.64942601526,-818.730890125616,3.14377391884581
2156.35221027015,-1072.07556418007,3.04434667873354
1376.44636263092,-1229.07684152087,3.03484237202625
1407.7659580386,-491.978362747666,3.00263868362526
3140.64784490244,-1546.07616370198,3.58583581630874
815.889040827181,-2139.36854736553,3.21898977691842
2069.33266385903,-197.976189455246,3.128537452018
1987.02200306756,-751.819353570944,3.1595087596721
3249.98401749928,-1876.67930250137,3.06377756447739
1390.24505502458,-741.59930126587,2.99807583689624
1311.41137619868,-1321.44124745552,3.16218384854999
1530.5464682221,-888.802176835205,2.86396406005973
1681.78071189121,-574.724813394603,3.60860226318618
1999.47663780353,-2124.22858655105,2.83837297190579
2938.97617012924,-513.399170917461,2.92556060690143
2852.27044291982,-1182.53924199346,3.10557125081643
2504.30254759742,-1549.52786495714,3.47453087439389
370.676245587857,-37.1235611162486,2.84018833721407
439.434777171826,-1106.26544782736,3.0838230373087
2330.64838289034,-822.078607914387,3.4082359085141
1638.25215895028,-788.433155406712,3.303268262514
1456.11771100602,-698.46852470167,3.71865035582395
2952.31852057741,-486.606260473525,3.14406085465821
3360.99069048591,-1186.14660170901,3.21723196554928
1146.25307516576,-156.87356289241,3.55673142524014
1791.87365279537,-452.983793810744,2.88523727712895
2636.8052677269,-780.012293991398,3.4575367939678
1896.79256830242,-29.4415819101181,3.09602773061955
2244.96012508009,-1530.11660916134,3.11219339905306
3647.41358643792,-1868.82295586336,3.2574276102715
1012.71193244389,-2119.28860091583,3.39007092725815
947.911225429265,-1651.22131350072,3.24854231900458
83.2057079818013,-1367.38766873337,3.34181864469995
373.631775094675,-1522.86675853779,3.13275061996456
964.367878512227,-142.951669894476,3.67201630659547
1928.59020770272,-1139.23090512074,3.68441262436905
492.025165945444,-676.587646977212,3.33508192074647
2072.08334045977,-530.838145894873,3.09603926510585
1976.66287285105,-515.28347406392,3.37225207111072
3225.86731691509,-1370.28599228907,3.22531678007063
3603.7760572883,-392.23303442996,2.91391754474931
2015.30213325885,-1494.52748086825,3.92204068019363
904.512391524046,-229.324332354243,3.37624052430802
3242.65535370647,-1899.24089881424,3.362389818581
2744.72896289388,-1739.07749401099,3.32538435554598
952.785406429215,-1903.21813062168,3.59384852600108
879.146397966377,-145.465306953463,3.52727831370687
2970.84775097502,-405.558304816809,3.35931485914975
3109.38991500202,-2143.80892767581,3.49500329343185
3445.2123336634,-1753.15432975368,3.27851550525763
950.780096979805,-1230.0378259246,3.52700254943808
1741.89388714856,-957.071135382184,3.05203975372382
988.348210682963,-1837.33008605749,3.31470290690224
651.609645154066,-402.567899067288,3.36988878440981
1375.65227957141,-1959.70635424512,3.29941997248952
2732.54336196508,-1577.21126479696,3.180176969125
3614.64992554473,-1713.58538358617,3.35954964263449
1590.7985459718,-1144.81764642767,3.44865193763471
2697.15092165004,-485.905599208668,3.34842499961753
3889.26117706217,-526.986088538856,3.39283459902211
3466.76294427736,-1385.88326889327,3.51930733323119
453.845101127216,-269.15768995225,3.3714035078547
3048.27109561615,-50.2739214783424,3.6199228323394
2026.44255678393,-895.570874105971,3.56744736009002
1047.22089127319,-443.392851705061,3.14981748144668
2144.23702404507,-656.050126988184,3.33732033277773
1924.07134902492,-2158.56166004166,3.10202383320141
2696.77738481276,-273.532048323075,3.46559219593715
3199.35557421385,-1521.05019390818,3.34419006956502
645.591012612897,-1918.86004005383,3.12240045651717
1635.38693162298,-264.992886359108,3.17630986872881
3263.40595868572,-128.284540264722,3.33233730820074
3315.38054186969,-1609.4204672813,3.2730802399548
3840.71818412777,-1651.64838915804,3.45668134499824
3497.77908998563,-1833.9233504964,3.31535537466862
3748.6433410594,-1079.08730619048,3.46248612137729
2437.34491538201,-584.577522553212,3.30879948737173
2018.571471478,-2054.74196675351,3.53957223857134
1131.94634289808,-547.518208936204,3.34386751771087
840.908415584575,-1024.77719859925,3.52266161332494
369.130712800694,-281.682434926924,3.18562965914198
1893.4567100181,-1249.07993359238,3.65146742214474
3946.69658073366,-991.219439058131,3.32687682556369
2704.38525595859,-692.130166238781,3.46385063149085
1264.16061493813,-863.368981985718,3.62199448553362
2788.77570508155,-523.642439093346,3.27970531837068
3615.88407378993,-1779.04175482987,3.46623960812302
1931.04620652339,-1395.75674032928,3.33878985705317
1201.4856063215,-1169.81363973716,3.69952208979513
3653.23966993438,-1665.74476799681,3.05472894467904
311.51026293115,-1984.51907944163,3.55876562370926
3609.13838620993,-1424.99240683878,3.69598853297645
4048.52927536109,-1051.27130004732,3.64622593230494
3482.62100693044,-1467.72693480557,3.37910630695761
520.811658463818,-420.010080012289,3.62257877297442
2004.85478889902,-963.860751025874,3.31664199692235
3335.95335867792,-772.667257522513,3.38052438230382
236.029782707075,-537.36411345472,3.37750383213067
1436.62310048722,-1266.07737916403,3.35277618598446
2624.06588290392,-63.14451623897,3.25307048486601
3126.88784579389,-1393.40286589597,3.52609305270102
2902.91704890941,-1786.39925480509,3.81555536531912
1055.57967616275,-1686.75751171959,3.71944608694086
3177.68514976609,-1385.53939150253,3.54602445674406
596.885074229149,-72.838615826191,3.42249431730785
418.577897531843,-574.215300099304,3.53541309732553
1852.40392417508,-747.69243785721,3.63084841465331
3747.26244171965,-400.587559206099,3.73781790050918
3687.40372220059,-1322.49784804223,3.27584505419742
1404.88239780235,-1148.81299392626,3.47769909625965
327.410318717108,-632.623741788441,3.57112129160852
3853.77079004076,-1434.29404346065,3.48741807517872
3251.68514031398,-1962.03239976556,3.56311845790337
1403.71242356353,-182.513871372048,3.54563244725967
2276.19419370587,-730.538349330489,3.71582618370745
3707.07508501248,-1981.07787621329,3.55736325873048
3604.23922425924,-1184.65956279835,3.78237871080481
2179.79705703562,-601.333477803185,3.48304361737496
1017.05461983752,-2203.71833647451,3.45377753814053
2737.73740638789,-639.799610517301,3.33323951363546
2225.82473687438,-1806.53596310848,3.39732503521061
3052.10828353521,-272.140269186939,3.33166039861431
2964.26348938491,-889.694277948542,3.56379584764687
3743.26002751144,-1791.81434663229,3.61201390979622
2973.0450869414,-910.474731173994,3.65606323130326
3754.54266864443,-1341.39802170149,3.74643170675892
2286.46182029502,-888.680334880459,3.68218452474394
1958.34380501993,-1998.68895860095,3.71179231860827
2230.16242951573,-198.723788149448,3.40795528932793
983.696119369387,-2162.28407641625,3.57284164237774
1558.42828803281,-321.166184632714,3.38612358541103
3304.77497636169,-1697.27341888413,3.57122903521891
2854.63227722033,-898.831254224427,4.00407580746711
2601.32008608987,-1869.67768397722,3.52273782432839
3026.5217567766,-1007.4304723243,3.78542899066081
3836.19912721256,-964.933659198122,3.57475026145621
2504.3753046824,-305.277509410214,3.3194031829455
2024.58492118242,-1562.15410424885,3.51703512569386
3900.21163022366,-1464.56628654368,3.78070932603626
2918.78673029661,-871.193111591914,4.40023629176996
2047.17421956127,-2101.53777311631,3.57282547513616
2003.36085701395,-645.194910813958,3.69659775643425
2237.47415018255,-1208.23743873724,3.80342253513838
163.517738723918,-1067.24575856256,3.68722679483289
1778.29979002747,-238.057389211866,3.84375773021884
2301.82738200086,-2057.53766924814,3.69863417102159
2394.96130122997,-375.609183758294,3.62950841384995
335.650323954154,-947.747034963793,3.86616961886543
1762.40030558331,-389.816741504168,3.53460165729978
997.131360473394,-417.930070769796,3.66446375329541
1803.94073555759,-1308.63910691346,4.06617619465718
2383.45108621321,-1417.18809014664,3.94704527579595
1525.8540947852,-970.718132217995,4.09228264193561
1643.44836270215,-1200.17306537274,4.01522644118844
3062.6028101246,-1361.71298114297,3.63637036786357
3132.29863067647,-1293.17813784999,3.88051388983523
1167.86296559739,-740.176170306504,3.89922939766778
2445.69094902228,-438.398333081401,3.64393492848889
3914.59207128912,-2186.94366261059,3.69075048254016
1661.00058611399,-1650.55337862052,3.82005225840113
2102.43640784393,-2097.38826306034,3.60655877368453
3228.89767736841,-191.577202874967,3.85543042907402
371.948951990068,-2053.53277323598,4.05608253037466
171.75935431805,-1997.24941658675,3.93799834479729
3122.57209196893,-2091.87519136761,3.62081650176184
1930.20125655416,-718.043217400921,3.69436638322351
2099.35397426887,-1752.37559553849,3.98317403167552
1365.76135343523,-215.318355120463,3.50967650399978
885.345279077905,-873.910132118098,3.88714703257644
1764.96911440499,-351.213475799762,3.64652094093788
1990.96121748391,-1817.78657519962,3.93866782686174
2214.13881071093,-1301.60550075962,3.91850615448363
1821.12661478525,-1663.05852260793,4.00711725794435
2155.13185935114,-1467.53620128374,3.66166643389227
631.963907457192,-729.770403715715,3.96938107648516
3000.19022161333,-1872.81925884956,3.73600881774225
2018.36657819635,-685.035325919964,3.90890220806593
1197.02487583085,-913.62348735234,3.79410187843542
216.722254260289,-136.149754246058,3.83955429985121
977.669610257242,-670.608314908818,3.92932792856347
3980.93584162243,-1806.13849800884,4.11130513813602
1742.73934148869,-1676.51434194458,3.96270378235436
2906.79797154251,-2117.27361677764,3.99905519382922
3308.00460836697,-1013.57729158984,3.84605113879374
273.607303771083,-235.671208450201,4.03917128918775
1922.91253197363,-349.196409261358,3.9552886851095
2158.7402980322,-916.866715219172,4.07458700164217
2493.68573992446,-471.699973632718,3.96954277210595
809.678308166101,-921.195778748214,3.82868826979288
1853.71964793766,-1883.5701852397,4.08021374744663
3996.77691918685,-835.213837611775,4.06781738887267
2609.60174747442,-1803.34790593092,3.95351280014511
2177.45176105062,-1371.381426595,4.35633007907276
828.839753905068,-1784.23469711267,4.05785919457459
730.850669828306,-1902.67029457614,4.12347896838313
3626.97890081938,-1368.59312765406,4.28619397028216
1333.55181178336,-2014.46645352188,4.06754909983502
327.774896405874,-1424.6688517849,4.27163020046389
2003.54927942852,-428.523606800644,4.33813224533448
965.984486572134,-370.155686398346,4.22915683160219
2970.10122060656,-1946.2323815534,4.14840942595109
1046.12415770099,-189.376269022021,3.96988242008808
2100.429938474,-1921.35186905898,4.18400235158359
3510.02643907485,-561.68657050227,4.23744822920853
255.394211353735,-1015.33876606012,4.32647250485314
2270.87692356863,-1366.35110529553,4.27274677830299
3701.77890822923,-1179.45583261257,4.5014793896362
1753.08304067208,-1226.90051621456,4.48967570191758
2558.66833768392,-2114.55576849409,4.64413323771461
277.718667718697,-1196.03454836385,4.54541484455468
1247.05901801817,-440.568131187512,4.61984500702836
3681.98244198338,-966.948448528962,4.68966755928516
695.32736271448,-663.830390120418,4.6834397910898
934.656645469655,-1990.65160986018,5.15568710303842
1338.50597554637,-1701.90905122398,4.5863599484908
245.281440209035,-1335.00086166027,4.96988532419819
462.839757082441,-1951.26103446933,4.8427449953679
2899.11645130239,-1415.72125043667,5.10288715383193
2947.4446519651,-1607.80804819308,5.23828226545695
1174.56863069217,-1819.55879092094,4.96413375379593
1676.91962956763,-1512.05819906848,5.08347535794493
647.406097326775,-1448.85375335842,5.27727316358053
3328.00339708387,-571.607466463126,5.61104852689263
1725.42702270601,-1098.562501095,2.9571441124757
1108.32437511625,-979.693143816739,2.80247295490065
2547.28999610037,-1865.76750712951,2.86546192336158
1022.48107437533,-1550.16829679802,2.98731587452493
534.643299390559,-1318.54320630209,3.13458607820081
1454.50013475221,-607.894291386065,2.90949816024474
855.241966925122,-1133.59276280485,3.04355668215162
2956.56220949048,-691.436640779513,2.93127479064623
1585.25470347534,-590.371847988027,2.98926217863866
2145.4519741035,-1096.27918720873,3.05698721956082
1261.48438029265,-566.516363030266,3.03480120255977
576.499358290773,-389.340743337485,2.92806901927765
114.149240806044,-333.18435587033,3.0607813966369
1760.17563560582,-552.454455879478,3.01958374496464
2359.25072521149,-1733.46618968473,2.80795093147179
1654.67636705832,-600.754156448393,3.66009823082699
123.504229938208,-45.7474817014614,3.3185007313547
111.099765425735,-444.395899452589,2.95239659794242
199.862883465589,-550.676702944198,3.53142710938918
357.926853461889,-482.739469253828,3.28955777891928
832.835001810252,-1229.5059457159,3.35626091745281
829.46676944217,-968.755771848411,3.46045180514717
936.967140480542,-820.86999389578,3.98843170961399
1488.31635867096,-868.548040372324,3.97270411469791
2114.43269604468,-515.828215468398,4.07951405955199
2208.20487665091,-403.905570889889,4.48249871043371
1886.43786966051,-1706.11090128476,2.73925425952496
894.396392282417,-725.648859987202,2.96705028069781
769.968120254303,-2098.56658173154,2.98304959056119
1852.84441303749,-1089.43954394106,2.89307735725831
850.318243314507,-1877.19597061482,3.14163039156976
571.004780383988,-643.999111773066,2.94369397251698
2649.05323360407,-1805.05787860471,3.00902700064666
1489.88165866998,-1180.49380336977,2.73307543606577
2102.86291869589,-2209.92384164982,2.98660827385026
3647.58170714138,-958.233993056533,3.12608571812618
2863.26053690758,-1907.7560357479,3.16715276572075
186.364609279168,-1477.51079638252,3.07218790568231
347.835708745287,-2184.82015612011,3.02087701190176
564.733192453917,-1814.58350886237,3.0384491068681
3656.9061123445,-1776.36270405343,2.9321160097317
3693.07453523941,-1178.65436456887,3.1132332213809
1225.07753410616,-359.568195373393,3.16288110057482
3369.81395013726,-535.019765320816,3.17565181845815
3343.04035473473,-749.002686757384,3.23529653457145
3254.22289127165,-2004.80025321992,3.25293461015464
2779.72129173397,-264.145531254834,3.40687068596997
2470.62978834206,-1717.50350072657,3.50830084462934
2085.99937814799,-2011.62422573489,3.6579800208783
1965.83239567468,-2073.34946017463,3.7814187098589
3265.93153768934,-80.2777976543208,3.704451931604
3820.02655193595,-189.682795559973,4.19283643723867
1559.91013156999,-2110.94834121734,4.37458292580391
1662.9623553155,-354.770994314176,4.06477745658129
1706.06599716743,-2165.02712319987,4.80733732318377
3625.74695734178,-1872.94544520454,3.02770830237365
789.711817160862,-188.768116168584,2.81018104713625
612.120503822791,-1140.34726794959,3.20330987531811
2794.47059552833,-969.058757614253,2.86349100507398
3637.01061761874,-979.292867999497,3.13960431313135
640.307726071346,-659.738813279451,3.60528987993906
812.480056036972,-773.088442237265,3.40231599810419
2866.34080985955,-2150.54594245383,3.66290227274153
1135.53804442775,-523.839444311076,2.85756674692983
3073.06747559361,-588.485248442299,3.07712667115059
3278.00543129269,-948.277618912492,3.13902944337067
799.271894350574,-1207.72706538501,2.75140337639012
76.9501261048581,-1459.30935545854,2.9962481199751
1500.78530495423,-1907.06466068511,3.1351613963775
222.010989866505,-403.050199162866,2.90076357330318
877.439046577469,-1864.58953930035,3.08574902582646
3658.32898684445,-1269.81537873749,3.08190090814804
3106.43858026877,-776.952679731503,3.14357679573511
753.253895169977,-1244.65570730363,2.94921366904546
1430.28675686471,-1005.39731981975,2.8951419091735
527.730148571742,-1397.33986418488,3.36050344572756
577.405100423924,-1314.8501984407,3.04660729827476
1892.32957752407,-1580.05443600608,2.63826385508614
3836.19657689153,-2127.15392362617,2.68489184199915
739.113524016055,-1458.50875540345,2.80419093174971
386.90132779019,-1368.26484653979,3.1734993154845
2319.00191298532,-472.931315142965,3.01361814371806
743.817960487615,-836.696324271344,2.8685764330072
1735.35290490853,-1834.71079333543,2.97375193985748
1882.04801941317,-809.522688351658,2.74136584360682
3861.84450414408,-78.8655277115871,3.09070914105301
2667.1256405597,-1718.74573984244,3.28206154619705
3098.27314587571,-258.189136427671,2.85940790541788
1210.60807623088,-1055.83771421299,2.89934487259267
731.234108514134,-1947.30472339313,2.96966312781041
3701.02020569723,-752.368923317511,2.90907860803157
1751.53410406137,-182.660408930174,3.22856971395761
1129.23766346405,-1156.9455374534,2.85549650794098
4010.2686153507,-1096.61683588588,3.0392140022963
2441.29681537238,-835.07086816627,3.10891532216523
1127.60489208011,-354.991909475231,3.30197921140267
1491.46261812071,-2198.06328045806,3.0851734185564
2980.53049289236,-1986.71197845458,3.13843707668566
529.035309619346,-1327.70144708927,3.11418141750956
1857.2010085648,-1243.82886596849,3.17220384927298
836.076186752946,-1762.29449577155,2.90115127166165
2341.00386536336,-1312.31272309632,3.25010758820619
1818.97001682326,-1717.96024003161,3.03832162642169
3561.4585057099,-695.16852018565,3.29235252935416
1882.52922322109,-1482.50782716721,3.31987645793905
3347.52385703309,-2049.95702871463,3.28768894999762
2015.34689809011,-1853.59906098011,2.88587431428399
1892.59425676033,-958.601238151013,2.92019881874242
1959.6207584777,-966.043860686739,3.10187501584825
2982.85407675913,-1673.30579958512,3.14485290476112
236.225830688058,-2215.62773016753,3.08535591941676
75.8127747050369,-1034.46582657808,3.08522947163522
1824.53574728263,-78.4801751826562,2.96656054437047
2582.6638645121,-2104.67608686271,3.21148484834253
1740.85946775572,-470.931815277688,2.96049136127132
3854.90198775084,-906.349852942072,3.57290832072215
3506.16321178785,-1791.96026838602,2.97160080811051
2293.31725781179,-1653.46696399563,3.16296536291562
3040.54200031941,-1661.21661923071,2.97142558600933
1140.17577686742,-1348.21692613382,3.15563441507561
259.264395246764,-1113.79371960021,3.68625618012896
73.9596430766573,-719.85907030453,2.86600420792844
551.381531028019,-1765.31501209377,3.95790646994892
3841.69334955682,-1081.63599292039,3.43554263738974
1823.1146107586,-247.146830257569,3.40386881113698
1336.38787462692,-1623.53157005875,3.4854473750919
2396.34486162926,-118.2589576937,3.61796608027212
3643.08588731568,-322.933024891222,3.71169542037267
1491.27881551875,-1744.05244862187,4.31543274266096
1459.56175802027,-2179.55274729548,5.30256391842452
3979.93032727017,-1587.31177486173,2.99349805957261
4058.34365966967,-2191.64548358704,3.10717965815516
3684.83700985971,-1786.11082897279,2.97498620448279
860.341791802675,-1563.08543572397,3.03317233119704
2865.87071067051,-970.810676582347,2.95101104888103
1314.19490883106,-1583.89535519719,3.12872610154594
3986.13642005451,-1313.57617620238,2.81330428734609
3790.70159932879,-1265.18118787623,2.93692980653083
1533.79821508467,-1036.89553291179,3.01348163413111
863.324478954474,-1661.76518428422,2.97457800679279
2053.85353327105,-1202.73787742721,2.80681512269166
495.36615120292,-1206.65982904176,2.93705861171464
2190.34097073932,-969.707557133324,3.00946481309503
4063.20866122901,-1551.77163742678,3.27268743405741
1617.02582128806,-576.14990322683,2.99300481034906
1304.26722633393,-1397.66291527444,3.11475958855307
3592.16545084299,-1305.67643795677,3.42642796371048
98.5704491246467,-975.482045783703,2.76091585796259
2295.08143168341,-1411.36072372771,2.9580024574363
3986.65433327859,-27.1827591017258,3.02277072741825
2988.07528397874,-1839.48053394789,3.13966324087142
2037.93118203482,-1280.8093644003,3.06348470167288
1000.79369349833,-893.616392768317,3.13833389782976
859.417800636129,-898.132969302904,2.69415718362007
1607.29211798048,-831.245083919516,3.04031031551343
2189.60086055905,-1584.58521735678,3.04195080284301
2420.2710045893,-199.48218604257,3.20608054326089
524.910941190317,-627.41647389375,2.86046231308317
2074.93224117735,-1144.68794039373,2.95173517310327
3369.08082224411,-424.015038608353,2.93882890095855
2754.39094841631,-1813.91639022684,3.09718471226043
2969.62576286288,-1042.88288568503,3.13966989368862
3835.12352913072,-25.9886356927152,2.85955725146756
3446.56340711736,-1052.11609289977,3.06487689319828
2581.4740806252,-1791.09316949605,3.2379141002894
3875.14224769195,-1607.67065068109,3.15609013151387
559.307582631699,-1659.55514788306,2.95327489599317
4021.63053828438,-869.852110889052,3.03329312748372
3098.52228861627,-1570.02957137331,3.00378980823812
1023.17032961338,-742.041384740905,3.0335305517442
3238.75700644233,-114.258387389562,2.8723187338681
1341.42216732615,-676.706005876485,3.02044756562897
3432.76062803487,-1683.93977408169,3.88026054668639
3008.66947015091,-1839.21411165637,2.96490508045067
3784.4140692166,-2067.74329625149,3.05405884029191
3002.37359123209,-1603.05462653905,3.41647994226655
633.799467435411,-790.585823925182,2.88579287698772
630.024843066593,-1350.94802227798,2.76631933426362
1673.27200958821,-786.330338450332,2.70722650553513
3003.43940147553,-921.799474316189,2.69125817959312
1078.82265696296,-1129.39332536579,2.94927817093899
3617.10702500844,-34.1150413299967,3.16561257495696
393.898912963059,-1278.87573719048,2.98867595390423
274.567193331404,-462.186473566552,3.20372916630393
595.006364820032,-640.55826290918,2.95270369799857
3283.60574196673,-2065.38123978559,2.87922972408421
3160.58894529568,-889.93877170908,3.05494646802072
2884.87665886486,-51.4210591642759,2.57206538284087
2761.23651637127,-1903.1975953741,3.32949178522405
2257.77814051417,-1597.97646863643,2.73215167366675
3757.32808450936,-17.4458302377267,3.04690781734412
549.19322826762,-417.399115273348,3.20505916112235
3773.28138303348,-1051.11298024462,3.10080280050443
403.578144390739,-1699.35619254191,3.48595725578292
2013.7230083226,-1233.69770486317,3.68195793521489
3334.58597144952,-1129.90447950053,3.7076555169739
1194.47596910595,-1594.40817411221,3.93757330408497
3209.74869840374,-857.398638477888,4.24208741267458
378.360549549719,-376.368395512398,4.1237983372793
1102.45218572319,-1627.50534366257,4.05844449488976
1211.15880420061,-1703.90211317536,4.05012550241369
1116.74623244747,-1142.27815297328,3.95644300437432
1897.34743527732,-1495.8514766357,4.48130452015018
3651.21864939579,-1065.56713037266,4.67226555815195
1365.11489043173,-1695.44098169034,4.27066723550823
1811.58635804079,-1593.16466655448,4.66292249617837
2294.75031280526,-1170.76515215674,4.41126239215018
1316.59253112907,-963.385656090732,4.57368369793491
1404.2348604211,-906.610024082471,4.74765309195728
2103.73496000061,-517.464158351448,4.73270758478425
3985.39571846687,-1253.72683546212,5.19817242537188
1415.47832049855,-2155.89104529802,5.35677386575391
NA,NA,NA
3718.29328932794,-436.844349877378,2.87979494246328
656.852824425998,-1363.45823713215,3.00000344443302
3721.21722632325,-1156.03208834823,2.91671732575399
814.895251416386,-1227.58351104833,2.97490088368569
975.269982700046,-673.597399068511,2.97520733036702
2456.51852392079,-2062.48143031547,2.87707287678544
1164.30510917017,-1717.07843034719,2.62180963915492
1974.20007806226,-798.993379195198,2.92993530605016
4028.45942002387,-1084.34750499673,2.85664286014864
1195.10795089628,-498.470614406944,2.90649826116408
2595.52523241048,-1859.79753014529,2.88523121334091
759.1064895968,-597.76353804129,2.68948133772801
1608.75349627179,-1400.40738145456,2.7971078906789
4001.95606979876,-1043.04930644165,2.96520242931034
2420.30372841997,-2016.32439659663,2.82741107492042
3490.04897988122,-728.567597907984,2.94969261020961
3983.8038076263,-867.640015837681,2.93206543149106
218.773016361789,-1371.50876783058,3.07285406414045
1079.90136922663,-14.7846269356222,2.94123852773077
1249.59131411874,-1075.61853335206,2.94726908519663
2570.19899401803,-20.2482925425881,2.99829691924106
1980.30569262827,-874.916084066937,2.98902001975791
2571.05027955751,-821.645875097129,2.84253421323239
282.807982016181,-1894.51424280144,2.94279400281521
1575.70211840335,-792.375173077325,2.79241997190943
1275.50732237175,-398.119337164035,2.92572539760216
1201.71153965736,-1375.05177736845,2.88076855892883
2810.96610003489,-64.5194777728519,3.04446733208915
1789.82614729158,-320.525268335748,2.93691451653598
3488.85559936991,-1729.0005740073,3.13335244839567
1309.76402172408,-1636.19281508435,2.92029847775245
3428.82977848873,-2114.31912688419,3.08257064566101
2832.9458942226,-961.386932948212,2.94908123183347
3394.52699073846,-1574.95166022906,2.94931598361504
3807.81355650346,-1756.58731166723,3.04817457992633
3477.82510832479,-1450.58239090114,2.89440186528486
3507.37785164807,-1919.38538915817,2.83291393724777
2836.37413699361,-1006.24489495683,2.96444184622611
3118.45119669033,-1684.7357447912,3.10007418052866
2039.42699659483,-1470.77547542324,3.0152553098345
2550.79963000441,-55.0614585153069,2.96195812118971
3126.23290071293,-162.286121894067,2.85774254483058
1767.55338768457,-1949.0104505708,2.99536931548547
3186.82875688986,-1909.78730851871,2.91892301230927
1362.71993690477,-1619.45620216479,2.98743359750924
1081.86304095292,-546.498487512244,2.98037903169537
3272.55801963698,-18.3861884773781,3.08230476627659
3368.42794904057,-1215.05641489663,3.04493843705635
1846.86909477153,-335.624718364713,3.31142272297404
1048.6513106367,-2166.07630146865,2.94827533146437
1044.50802706045,-481.811982778274,3.04550858156498
1215.69925497412,-1891.07503100061,2.99467712019191
3438.16565807814,-1254.89247228134,3.00890052225271
324.109034910729,-1909.51023714077,2.82190864004409
2996.85008601558,-1627.81525297514,2.9339706106687
4029.40538048795,-1793.49306584452,3.0483398565765
2493.26455264593,-695.103582478573,3.081072827747
2629.4991266025,-1572.14099558205,3.01317258042673
2056.47320207731,-162.453886079006,2.81101528008274
1235.52508051329,-1693.73015500177,3.0415477153293
2758.27305792763,-135.157712423778,3.07278647251842
1721.32402517176,-1964.18469198947,3.12620704590632
2553.2068110076,-1415.88795693172,2.95344933559203
2216.0671035045,-396.093461000841,3.05391860364954
1033.49105142837,-1266.79254609529,3.08695226492053
3488.07914020342,-1314.27204370955,2.8871436330589
3225.00314603906,-1406.52744406639,2.98828698428419
2715.06782304891,-1453.8433153852,2.97708845262168
1668.86843955097,-1368.43580074738,2.97452571719439
3890.00059304833,-1842.27603088172,2.93391737587042
2618.5834138721,-157.608798566923,3.09426816246475
309.048086281122,-2040.90746387531,2.96159145732657
3792.40073245182,-911.659164123045,3.08072408376133
1354.71514756952,-1465.35308607305,3.00209066825101
1266.47264450315,-1630.88682802178,2.9413256283378
580.38245385098,-443.48964944466,2.9920479091362
3394.79286477317,-1698.59771642637,2.84252293380553
1744.57934025018,-1806.70070423315,3.09812629892092
2867.44788612205,-1592.89187292877,3.0061823318981
340.375262103512,-976.706878301085,3.0505558781888
3350.41820670544,-906.652180984164,2.95549411585969
3254.08659132638,-312.116014220288,2.9595158912894
2258.55518711973,-474.326560961419,3.04237354979076
2466.12862713986,-783.76462212306,2.85700316192505
804.167058347629,-308.295070307936,3.00143045507951
1211.34450232321,-630.316133892125,2.9780711632242
1886.84985384647,-2111.03334490045,3.06890706351461
102.166325138824,-810.50068489524,3.02845246047502
1934.07171938313,-92.0084113384014,3.00670387099232
1612.45441159398,-182.354174850435,3.00480213769195
3368.04753853525,-583.663368982395,3.05823126442003
1154.46063565681,-618.546594830718,2.97867900520744
3286.56732438972,-1508.61890977982,3.04900972096559
280.40702620187,-751.137031451937,2.96228214691085
795.125323345337,-410.28058978323,2.9854605844349
1489.94089805287,-1952.83862369281,3.03304110244938
820.835532667885,-2205.6176057953,3.04822153332961
1757.91894401072,-728.29992290827,3.0447301550607
3598.46044906968,-1734.27923707778,3.0470515905512
625.556780264905,-59.3022936868321,3.09661257427247
842.959458846064,-1969.61462309226,2.91313275455468
1900.06083645835,-107.699438743767,3.04577480755373
2329.2353548139,-296.43981619621,2.92386126564576
809.977200008548,-1445.56977385789,2.87704614940907
3213.12445083548,-2125.26862035097,3.08251292223277
392.264364383442,-2099.83835847874,3.05364650817041
2566.46329070762,-2208.42288296505,2.91025630668434
4009.31245482096,-525.044778763614,3.0265635968946
330.483214290681,-140.521508564449,2.93202462240569
1735.85850513911,-1544.10537848942,3.01978057512357
1487.36012138226,-433.456636986911,3.08497267853667
2169.09941053431,-448.7458203508,3.2491121675537
2391.50456128534,-1033.38924555187,2.91288744681217
191.987763509209,-960.28020592695,2.89267692132421
3640.65188193087,-360.695554949697,2.88417832880779
3979.34176612145,-1853.28925839789,3.00499592686635
2153.64162244318,-2087.59114407445,2.92242005478635
1530.86227843391,-1137.27126914325,2.93670660441459
417.151604085511,-1512.53629931723,3.08464822881696
4012.83506378718,-1695.83975270133,3.03816217276954
1858.21011014109,-1426.56071385214,2.85653877190099
1661.42431248255,-577.344291404872,3.20390556872673
432.516740891904,-1481.22877939384,3.0015366448251
2063.39544455756,-127.699662907848,3.09882330607465
2888.74831525592,-1309.21496974626,3.01437962836441
808.589895574233,-148.764749010785,2.97406977917457
2161.57284142208,-540.373164313463,2.95849711284353
2676.0305402579,-493.143022886433,3.04385202430452
1459.12744942909,-1321.17114417348,3.07413046908114
3054.60384189844,-931.933634732465,3.15060112797791
3841.6305452658,-1313.89800134136,2.99146374762794
3388.74842214417,-70.7610976222636,3.11146871833961
2564.44589527337,-605.074219680858,3.10690194566643
2405.13587127203,-412.559852243955,2.96021705062848
2216.95107183116,-1340.97717588015,3.02068809750566
2638.5007165434,-42.4708984285255,3.06856041649004
963.626757608735,-1058.44989608834,3.07651719077114
3664.30883001861,-2194.93845842415,3.12106840294834
78.8866026081308,-347.293575193254,2.9481398832691
2905.1371071565,-491.779484420862,3.08911760986425
3420.43806428292,-243.560424853276,3.06629161674559
3230.61675555599,-1094.08430476377,2.96799729425348
1507.07716389109,-1413.73434642873,2.99565487759843
3198.55380624452,-1590.87559262984,3.20103642145124
744.790660410465,-1966.13230222804,3.15139478213708
1709.90791112734,-1626.59000369602,3.0507800145215
1291.71807251042,-991.630283794571,3.01111961768022
1915.05221072322,-649.779098216382,2.92157599189026
1273.14727257007,-1800.0261770108,2.99795175397687
3064.86154917415,-701.002425755424,2.9830831479799
2495.25980109774,-448.616221477593,2.89398318371992
1389.4673340859,-680.875377446315,3.09483775614378
1279.99069356779,-359.638539430431,3.02385456389653
1722.11214455065,-1806.88193457558,2.98968169232142
985.293539065734,-1748.8544228595,3.00265787063254
264.175153022667,-758.945566145629,3.0337509236681
1015.80918189217,-456.180994220432,3.09786850744258
3477.51945841749,-595.086787870163,3.15006965428485
3883.23248679561,-1488.8739519641,3.07460353881809
3916.12963684953,-259.902278569158,3.06453542685788
1053.77248756814,-29.8240804449217,2.98838588357863
1433.23754310229,-1927.89616029639,3.00027067594669
1839.38416609298,-2067.96888724366,2.98498236341864
3394.48141509917,-2208.22883345799,3.02709802159619
2870.31920261696,-1639.20736695858,3.03607084241167
1809.20664474956,-87.1319797839803,3.07285994566123
599.417424570615,-266.882828343422,3.05212568048416
3198.30891385492,-1546.31301893986,3.02397097665669
481.072988050398,-355.395204653463,2.93873624463528
2986.09624685747,-1295.83854965691,3.06337152851885
2289.76397239778,-166.697904226438,2.98800461294074
3596.34493812531,-337.600485387132,3.20102446737928
1365.31544436427,-1699.96904710288,3.07354871721908
2186.81039688498,-1571.89178821911,3.09895445791799
680.706132539279,-941.424040472531,3.06408519245145
1726.26350421595,-1729.62044680397,3.04448934203445
678.338451987341,-1552.31199276268,3.09597369672029
3901.4176391323,-875.219692151982,3.09862039569444
1974.81730189662,-1489.82330342861,3.14646060186911
2651.4665496783,-2147.01085350473,3.08702337004993
1565.97551061963,-1719.94461833488,3.13491803863711
3248.74684252593,-181.786445319193,3.25088946906091
3870.270402658,-1069.66622893253,2.95308396804695
1429.80706538329,-2179.11092682762,2.99476208931677
2888.14558115429,-166.606158924196,3.02056290135291
2463.80908848414,-881.861362626935,3.10638108068144
717.490502404337,-1822.70754713899,3.05709661606411
3333.24711132327,-617.092111873684,3.081319620128
3049.12986216988,-1328.22092719814,3.08004068847961
772.883744379568,-2035.11254265588,3.08296521666949
3301.88107230961,-1089.44136091512,2.9753228631821
761.110444351239,-488.233462306938,3.04693127986102
3557.90169823685,-1871.09149763911,2.94671169771942
3543.83875826969,-449.383649700926,3.14006517404934
3289.82132721424,-1030.88348535444,3.13304307184699
576.7794317999,-1934.42225152202,2.99365348822599
2573.14586745785,-241.831010334196,3.14518190168247
1772.44292121396,-1887.51616260236,3.18406445202662
1650.70029589152,-962.156673865438,3.22939971442289
2432.01291027274,-1955.65079400484,3.0173433271399
3254.25844670682,-1295.13647478151,3.02528278574712
82.2036678340468,-403.895164551386,3.07108439518686
1765.3283869806,-1494.30815366398,3.04817077366696
1827.78898070133,-189.91155983137,2.99801141162635
1835.80036775065,-1846.33442236271,3.01818770521711
3598.09942148302,-899.403193509336,2.98853349514195
4017.62200934474,-638.784750514485,3.05096423083032
1024.70789909948,-517.681535311454,3.16304862150871
2623.68690674842,-2209.5632123008,3.23107987303579
2605.28214521827,-223.182805389901,3.12964200988975
1510.34413013592,-1772.83233577865,2.99363537055829
3041.41240746925,-1856.32345862831,3.08800977881464
1995.91375595696,-524.883388724581,3.00080114691431
2499.97915490112,-874.367828885524,3.14924512990961
3124.59536039556,-743.101030865101,3.09865250399495
1466.65802951586,-844.268647050328,3.07771002657406
1174.4912616262,-1377.89644135739,3.03325252881985
1482.28660230247,-1461.40639061574,3.20099961137078
263.381937638704,-406.818917581364,3.03091702634168
1703.78780557811,-668.420112395581,3.14956077505588
565.725250324948,-1474.63890890801,3.11888489064368
771.039883409037,-898.871874475268,3.19723332157759
109.353473359482,-1438.55830028244,3.14675380439483
2952.29980552799,-154.017770853676,3.15892051539657
1993.92726053994,-1867.4336633662,3.18364698607247
1902.52290484071,-234.748367370071,3.05851730223804
699.622774286993,-741.577371325514,3.13079993025172
2663.39865026808,-937.041991158602,2.9687484962448
3318.40144000435,-529.954607716403,3.17354299745608
1347.74950246422,-899.991565864594,3.10059263536323
2477.72451952162,-639.75914488205,3.14624165640741
2570.91462649647,-1625.0652182828,3.01306429156079
2364.25988705691,-1731.71948613719,3.1760318918433
1396.08243494905,-1606.82137629202,3.17304583758068
1274.26168089959,-329.191468420583,2.91888566682789
439.197360458866,-1572.8344708981,3.20460314239485
2268.37923268543,-1643.02291848984,3.07023387074398
2393.04873561111,-876.254538078726,3.15875697732578
3686.74117713806,-1731.7810355163,3.12533065160399
1426.4819180533,-2048.23956157446,3.00277464012868
3237.84812104012,-2019.20534471165,3.10346556817537
1222.98049057248,-1028.35964920288,3.29459895116597
2168.55498229367,-925.054269426589,3.24131701103507
653.701224160262,-1219.13731269538,3.09489160921337
2464.81435638125,-369.928296410472,3.23283518359695
1925.54662654551,-1559.39819800244,3.07375603889846
820.421627951544,-2005.95584806773,3.07208244655603
2675.4006696349,-1665.80443552918,3.11459588803617
2941.83486792893,-911.13020133987,3.11957596039376
2734.49355430945,-1712.33330991729,3.29867087777773
1929.1703173193,-1332.66344536254,3.09749654716189
2465.04311429085,-179.045936265498,3.12374846924222
2205.80591228633,-452.436978460322,3.01719697488068
4036.31239168986,-1761.47942918533,3.16161649663522
2498.81234140761,-850.988123787203,3.11596620836359
261.786582000861,-809.083578924171,3.15287231183978
2564.99417442036,-916.112782401933,3.15500258960843
2677.22943750876,-672.837095682191,3.20052115398184
254.197450312523,-1471.13177655935,3.27817732028775
3776.71202615162,-652.95125678976,3.02787559978654
1607.91726898353,-300.425422560999,3.24010180704492
1620.09542322938,-2141.42278437321,3.1430376352077
1610.28338053307,-2216.44510916903,3.1311190789304
1486.17364124884,-378.411993711105,3.2900418870862
1760.09682837139,-282.040691435629,3.13889280681704
866.382955542845,-1327.35225903949,3.19656393233159
1826.86954221144,-41.5343363827319,3.09067971827543
1455.0598643523,-1239.00461156304,3.32062161628994
478.359766663801,-1839.74384257757,3.26822255608712
3667.75052029327,-2018.4493168997,3.09913828609237
400.273204694798,-1195.39863551255,3.30481883676617
3489.98224762972,-1341.21800451139,3.09807067762704
3790.67454387269,-489.002000819787,3.23194393354276
967.781268375059,-1430.70517727293,3.10111603819506
3368.74692612653,-297.125536527942,3.20559019666119
3755.18663423233,-1691.99534125053,3.45775621015979
3190.22013896293,-67.64654501774,3.31405512670986
2253.3110523595,-788.736072595344,3.27952446417408
1401.68532740425,-714.685474597417,3.28246655068064
3656.34151080733,-175.379240811388,3.08874105573805
3571.58313010501,-1363.51465664593,3.07918024855429
1974.99438930684,-945.693436686669,3.23987071384691
3985.97768342418,-1136.17748652566,3.19845380353295
3102.60901433498,-921.723290764466,3.23933518911588
983.76436638662,-993.621525718712,3.23006287881189
773.954836202122,-1337.54068076357,3.00104244613631
1279.29543054971,-1104.02652442486,3.14643306515554
3026.61171590031,-1544.13158154278,3.13397030003602
2563.00907982326,-505.609379786427,3.21511294335491
1856.76933928766,-1956.86169571886,3.05232718631198
2193.73410877661,-797.046906478132,3.15059155205559
674.885782386323,-43.4139164420159,3.24224577790464
3955.38883967394,-918.091343431812,3.15441910544506
3835.77317674452,-462.885541281644,3.25653141961441
3001.37317098028,-661.16694718259,3.27581529758695
4058.98721773641,-626.075533685169,3.100442338726
1977.18304198332,-13.363765466688,3.21759990100025
3666.47693926941,-310.871544167095,3.13878392265871
2787.89719517901,-208.927441635326,3.24738979096998
2769.33022801913,-1873.55218879642,3.17955088593219
3933.17315649234,-1998.98581591449,3.25191913429212
1342.12554073621,-2010.80151232986,3.22912203795228
1088.3189059432,-365.25602635434,3.29271448215708
343.966089353435,-595.753491191784,3.21229822864043
1912.66214565343,-1798.4246546272,3.22000082373714
933.949503541359,-771.856852554098,3.26097229938943
2747.78982051373,-1450.52234929112,3.29732313697868
2736.73294892588,-336.329053722547,3.17349625534184
2087.4809821116,-1578.1839766427,3.13988377081046
4043.59737295794,-640.215700226457,3.07897970501414
3716.13174455559,-1738.29001419886,3.19677398797207
2187.03499483857,-1669.36794588623,3.17939387856507
471.297729953684,-1400.7692925246,3.17368386945863
1090.37800754081,-2055.18300216227,3.15948861750632
3373.8328173663,-94.544603192429,3.23230046645111
3467.87054722199,-1345.43457750129,3.1482184955
3428.62750207127,-2175.572467519,3.18697439051081
2743.97710045483,-597.091015113122,3.27788388787115
1699.84360116371,-1330.28217029739,3.17547275459886
3160.34934991502,-1936.85784317126,3.34949694868585
3383.58407975448,-467.600520479474,3.29656337895525
150.036925415196,-107.543999299735,2.93597320080243
2613.53696598218,-1979.8151346399,3.24805709710206
877.846457280956,-2088.3757341626,3.18954463127609
1166.06985366896,-898.224721736749,3.31679099848387
3480.85101766552,-894.435551213076,3.10970251841719
3196.19480224236,-828.400315453977,3.19419557453853
1100.47110706142,-1325.40363408203,3.12295993350859
3328.5390842153,-1836.64095031515,3.23374953007591
1961.76691264889,-49.5077650011076,3.10636102174369
2905.43610836108,-746.290515597628,3.22678610590352
311.909399039309,-1532.50243214796,3.19330059756522
1782.21030952745,-490.293728332827,3.25258031916517
1492.37850541517,-1789.13132880072,3.30020324897105
3947.57790117923,-848.428875599186,3.16857193817092
3807.64740715991,-10.6343507675347,3.14099089754754
3623.56577924915,-1565.93082721911,3.11434799657257
2440.39366119605,-2142.64091499049,3.383788123096
2029.17090368999,-348.226882116907,3.20283957459555
3009.99739579628,-174.351338520924,3.27115441771717
319.923352174016,-101.606399063335,3.39893311486089
540.781954550768,-1277.35434997587,3.3196125477606
999.180864549131,-1700.12044687283,3.23319057818597
2804.47718550843,-811.861933745605,3.26292008534142
2699.32974545909,-189.562917568092,3.26158503606608
869.863051964813,-292.684900088753,3.20583582126133
1454.57626342537,-1748.03702814087,3.23817243151753
3084.68505871807,-1860.1141893558,3.09277355852997
3550.43464659456,-1158.85865701462,3.44862765862887
2532.7997622915,-184.855840434585,3.23274246930858
4051.70443274008,-1620.92978263163,3.25276340563112
827.081627437661,-1917.48845904502,3.32030520182246
2638.36810126733,-898.466633385634,3.23037103292129
1038.4932138466,-1501.34569806056,3.29743073655227
865.481037985491,-261.252499745548,3.07860517346167
3687.03401449949,-2011.57477948127,3.16860471546044
3971.37578484125,-621.34678657052,3.33254569788711
3025.73477517566,-1842.96893832479,3.18412099511149
2795.16509027022,-2120.57800493419,3.3651345399368
3220.38954469495,-1830.8319146795,3.32123162611716
1076.30969614797,-1291.62328048802,3.35858421593973
1879.70148140407,-36.8869137870492,3.40320039820806
2513.76493664754,-2.48125470226023,3.25226057864362
1510.77415435852,-902.126373739545,3.29276268734805
301.061725083876,-1946.32164564408,3.36483798747455
2336.17498218257,-68.0752310008662,3.38048178282892
893.874870043947,-1981.50744729644,3.24297539540278
3428.83004894578,-984.461088083233,3.16490453904511
2185.49754364129,-2048.60494267623,3.31786830369233
3697.95927915037,-1880.04081512399,3.39785817347587
1480.05227847818,-1969.15874930771,3.25001686362046
2492.90427178747,-1484.41188919484,3.1735088790986
1989.29614540954,-1511.14898915057,3.32162871644849
875.685285888598,-1149.79807929498,3.25188790677818
3555.59970810524,-1343.30634451841,3.226326446642
1091.39367960754,-1515.88845772278,3.21207568899906
2926.25061912029,-305.657803553467,3.25870751931666
132.156882773267,-391.628161320331,3.49157311801342
2395.40057985858,-286.776977189758,3.28632362750667
2178.24091670209,-1422.10433508976,3.28318108042678
111.221434933117,-1506.57664165331,3.38928255258463
3791.99507534666,-1030.41679655414,3.17107849207487
3952.66032146768,-879.072607495193,3.26962512794395
3298.92525703918,-915.024470818139,3.35724725447009
2348.87955028079,-714.810418273717,3.39127542730985
2358.7765378021,-1862.35169139843,3.28246028991405
2143.25993122696,-627.249239625506,3.24957725781698
76.8323021584867,-492.626700986569,3.24224747591439
3575.11167432693,-1192.24844525365,3.32990763746577
1902.89393566005,-64.6973214733367,3.43608993303624
3616.79702507515,-1511.75932369595,3.26051452071904
2053.44898572746,-351.929781684023,3.22961179203098
1356.19197737574,-1318.74923834492,3.44482892071215
2325.99688314585,-1809.26810653507,3.24691234278344
435.361541323846,-1363.67982245001,3.43991899290797
1472.38784453622,-900.191149513874,3.25318137118152
1133.86960175009,-1224.9694073082,3.44442902970654
3164.23128953304,-1766.4736263071,3.41658166507203
3183.09757889695,-1869.2500807887,3.32438301355962
1042.87765799356,-712.196936464221,3.40450410362252
3191.16175892474,-1434.58699531515,3.46846940020164
2214.52773224385,-1687.17112449168,3.1631271694768
171.951152290164,-769.922358884391,3.37997821734008
2743.13764582545,-1642.5282885493,3.3332077000403
3258.28810525351,-69.4413693161338,3.20229253630421
1162.92133877756,-1146.83539175532,3.4070383817344
2925.47565168775,-743.888891744558,3.38574546608547
3240.78863028078,-797.774822438094,3.27060035335856
260.430100036718,-1351.39436154667,3.35800378867948
1779.24456087084,-2099.87259691441,3.32007973696477
2114.24768580917,-1137.2402368242,3.32506275206606
1984.73776251089,-1654.57624387928,3.41659063424436
3931.65527945376,-1449.45047356394,3.26191023567065
3909.57137649172,-1267.96224384383,3.33446860129219
1690.79779450233,-775.596203846529,3.44467942062888
3030.45123923526,-188.988117599539,3.27538338198056
2166.74833395831,-1107.37818858884,3.32239815837397
2628.65135805539,-1617.36035656344,3.27821714940773
1991.31761130005,-2178.19651689706,3.32796476202974
431.488636517396,-1740.57696143695,3.40898335735613
745.702766857017,-1885.70466992585,3.49896363702772
1698.8241053744,-1477.31965793279,3.31247546109181
1153.36194320356,-1004.26706766829,3.33321723817505
1301.35815562191,-1050.77780887274,3.45451669858491
2424.20775525144,-650.550977448793,3.24846908728085
3414.55297863416,-1788.00273323878,3.49091278665866
2316.24583373079,-83.8630164700734,3.40598812051795
2087.7007003047,-249.962006501526,3.3982201668458
2641.61721549971,-677.578565611214,3.36817008079876
3381.24272951745,-1530.04175499734,3.35872844796551
2368.44479411657,-1679.86018361773,3.42008921417829
2786.61874859334,-883.125862603213,3.51496150811625
2921.20920008226,-2209.86146854285,3.38291579669449
1827.75097425527,-2000.9878927886,3.28248454769406
1473.17660161361,-871.03552493533,3.3438450453763
1790.8843739229,-684.305696625216,3.5039282554828
484.143934846302,-612.445055888504,3.3949874629165
3489.19403377912,-1210.58714548703,3.49296761314902
1957.06855174447,-1442.87977529699,3.48614170613016
522.448091026843,-193.352916045069,3.36782425206752
3662.32284245582,-2132.83297167627,3.531367391588
297.337047997035,-346.42920967417,3.48506932379196
3689.84887031497,-614.432644903355,3.38234965991706
3164.75095655382,-679.851612682239,3.53281030173178
3429.00325935327,-1202.49893538444,3.45933629599172
2213.56927864728,-597.216997250329,3.36025000597495
2127.56295125442,-232.983729321898,3.46113315951359
2679.50016209668,-103.538762779755,3.57508566070915
2179.05411091905,-5.51883442619105,3.35751118128985
3158.65627842504,-563.314335416707,3.50375467326121
175.198289997873,-47.107162111814,3.52032232063241
3277.56538426356,-1547.28521095974,3.43822953397054
994.902008143095,-533.665946191152,3.45801120771551
3199.85143551227,-279.610134703922,3.40765353191516
941.562580552725,-2144.43120592108,3.49288667665016
2954.04625080465,-565.558107356449,3.54710962356827
1879.76714573977,-1341.58660325135,3.45747512736354
3576.42140586188,-543.877572562855,3.58855524760062
3634.74950815029,-1087.43855996992,3.54224798221889
3037.14615759136,-852.370605031418,3.49891628826139
1687.1952266245,-873.054973173821,3.56989894697898
326.474805081154,-680.186215222278,3.47466060090281
2822.91057463664,-2097.03172600691,3.65604862430882
3805.0182462177,-740.472980700373,3.56531171424768
2466.70809244583,-2016.78218134228,3.64176074477477
3725.59011009482,-611.9573971591,3.55268153293168
1813.01322675279,-516.036445175132,3.35749513973168
3095.03208427,-1455.76133585696,3.39976872174723
153.52095288685,-166.160989114484,3.47824705707708
2790.09302322051,-825.738358082842,3.45157565846223
3087.45507020384,-36.0604595705162,3.64346424744621
2067.64001736895,-680.367032200726,3.61223204701545
666.077525070041,-1455.07859208188,3.52120008697319
2827.37311436166,-1100.49481751809,3.52754308291046
2348.6264814767,-120.225206413506,3.31423555477371
3635.90574345643,-2193.01500545522,3.51034750965942
3293.87173466543,-2131.70893711948,3.43435534747899
3182.56229065385,-99.8301303764923,3.44382431626083
2382.5722486396,-160.443783417716,3.50722831070108
2286.93498790207,-565.35157864784,3.39092857589153
275.274394250978,-6.57190368487677,3.71180619487631
2347.54241411593,-1411.58150903211,3.51917082652467
3283.54788759994,-1762.51501408373,3.63656135224517
2562.71530631641,-2023.82591568487,3.54749623435559
2314.90784595918,-1963.95066297942,3.48969262173754
1253.34883526288,-1726.39586913102,3.60824220719801
1834.84816687107,-1362.64902408919,3.57252455646595
3843.32304230114,-1668.71040554551,3.68156543372484
3473.02955400841,-1027.32691126966,3.55490160324686
1876.1019064544,-1379.17136928778,3.57364521644145
3352.49929996063,-2197.53388195856,3.58998148279816
311.777944576555,-1333.9260597936,3.66081902130241
1944.21553724455,-610.230047199376,3.43428682603613
1487.7897101198,-170.729331232153,3.45374383351399
2994.60531973869,-1444.50985367272,3.68915679567345
4042.79703664978,-2058.44817357335,3.58504070411687
1311.65879188083,-451.622279005485,3.6708331000852
1681.60619065041,-2162.73960830868,3.56442964931591
1536.23567615415,-2122.7041835628,3.5899075692001
191.73104335756,-885.015187692798,3.42810458111931
2477.38971322595,-2120.0921625434,3.57096764232737
1782.00850867988,-787.942948721014,3.54958257995608
1834.53290715405,-602.772640905162,3.55678484047102
519.354947544481,-1552.57573521683,3.68387959697356
2727.82333376629,-275.491430924861,3.61276181282299
2357.59664574494,-391.406305129495,3.6439847588078
1280.08082899813,-159.582668983986,3.78580569592572
2824.19030559894,-1197.79905468332,3.46912905591067
2138.48590181525,-1292.22534785506,3.78943603924365
563.986692642115,-1911.88724689048,3.51921690434979
2053.44159835137,-1821.70177185363,3.73266448499199
2834.80998370242,-1583.02940622281,3.59259373182475
2964.11361954882,-2083.03742123793,3.74047150357221
1182.49728991951,-9.23884776569273,3.60363843603123
2291.94095482336,-1086.29105833633,3.68331980898899
824.123066693993,-821.36994271087,3.74170377563811
2546.87312678521,-2155.45196428721,3.67732422206927
64.0305277056031,-1512.54993365847,3.6240468080541
3895.77687869628,-464.36137016776,3.74572077874801
2833.25514534499,-709.620901937705,3.75163598231683
3724.3462835736,-686.318779016907,3.64724333213328
1215.97252640981,-199.405335534669,3.82887331554582
102.954712858994,-1326.16001836244,3.80397306111885
996.509695219959,-1163.76315094299,3.55813951694102
2382.28431951512,-1354.61369629613,3.85204200726101
3255.51808703705,-1129.83865730291,3.80395389229779
3003.78616501156,-1672.66139537442,3.85778759525688
2279.92985232156,-299.399048245972,3.80997141271969
1004.04214591894,-899.681776104418,3.74589418449737
1515.23241374946,-1729.45449541112,3.6465720800708
3131.15129187583,-1995.55467799728,3.79091960550998
3733.04184650093,-297.698915332226,3.80667935365473
324.459837637326,-1730.81882507277,3.88997871896202
1867.55049924095,-1997.37508652957,4.04822995895528
549.016075282839,-846.870898979981,3.87876011744578
363.183319498834,5.42820816866772,4.01594628321579
568.550171060578,-164.694503173296,3.7477750952928
3061.81593689021,-759.798606321183,3.8434567653667
2705.36531189237,-2037.39102636237,3.88011293866318
168.148342023127,-305.171121758019,3.87789815118327
1362.87812314783,-1040.84163356335,3.7409957662179
1599.1144296098,-1323.77404478396,3.95766695784367
353.549228417465,-763.856780710672,3.71708547404032
3751.72633712074,-1027.68482983373,3.94048566985579
2873.08959500481,-8.51515265905873,3.93345831658232
518.24398571874,-118.838461882802,3.7712598574686
2421.31374716044,-1003.63519504433,3.83147429250911
3346.21235091495,-1359.51897917101,3.87991540826566
2808.87570354927,-384.777052560001,3.80328461112919
257.835636697638,-696.420938567574,3.94383649157866
3782.3785401406,-1517.47020536319,3.66141867409844
2456.84906683172,-313.759527439323,3.94889833328986
1089.78491015,-235.876610204697,3.86649147710054
3015.259319845,-297.414786133398,3.99396486564379
1952.02198355551,-216.678833253112,4.01799303383237
856.700916489184,-549.953954165223,3.95109832036682
964.980935012655,-272.345027555352,3.9039105693346
98.0605154846623,-1099.78137013678,3.84730954116157
745.483370504045,-1133.16478962349,3.98122268370132
3276.38307430725,-184.636063610163,3.92775914225353
2989.13900528455,-22.9524643795136,3.78557514965257
95.6448185816914,-321.529534625331,4.10972182584042
1144.53887095819,-2216.72130502641,3.87078653252592
3263.72671709074,-883.995866768757,3.89996894605504
2599.34916926696,-437.554580480099,4.13115738697258
4003.65190176487,-1313.29311803755,3.97662135156557
991.225257745037,-1882.67921994305,4.14747796388399
2238.62765174517,-1980.38523560078,4.03033978700063
3306.96736522871,-1906.04455446441,4.02833852829577
1757.9972327655,-861.696098467431,4.12583787964854
2944.27257437674,-972.189597282679,4.03797772678059
1571.67476908379,-1085.01649413914,4.11964802007084
3314.32545096212,-253.341376080202,4.17622321770936
288.859471414565,-546.539878925949,4.24906098270517
3087.96338061475,-1950.95501360703,4.00610577586401
194.535399973536,-395.606490593984,4.28987403347328
831.823037261753,-1345.83415208179,4.32352138640368
3764.4927427858,-1436.93450182934,4.13134865102334
1251.97263588946,-1525.39650531123,4.29202505828588
2727.47805956457,-1962.1079517978,4.22307590868098
2442.60357011768,-236.972176421585,4.0022766402297
3456.76362564871,-22.9604776591002,4.22337124565218
1234.26897245637,-808.198342665721,4.29508326191186
2587.06858826561,-733.87872391924,4.33015902955365
405.326851584486,-96.2344422654913,4.21372468719611
2336.91895361478,-1814.58705951113,4.37532039872622
138.699505994,-1179.8291421269,4.40982542386801
2538.35142023165,-1935.96340100836,4.20845049719026
455.669342199926,-890.542247631544,4.32066920359974
2101.27729020955,-25.5823241164019,4.30429237542756
1258.86514093319,-2161.54897044759,4.2995509070808
3050.11045870242,-831.462720380271,4.35229598839876
2281.39528442931,-349.330598692749,4.40772760565552
1820.75794256623,-2155.032635136,4.29303228671662
3446.59041253825,-1653.98728168606,4.42916894884609
2488.73129091928,-1321.44902061537,4.46093832524779
2339.32354727269,-670.347082270114,4.3632987073583
3338.26254752984,-678.294147220359,4.43515770927456
201.314890401562,-1260.94565546194,4.26956584663689
1726.81007492832,-1364.53529843944,4.60919650544038
3956.31181037222,-1397.71979090837,4.36588028669057
856.03821208921,-1097.93647296678,4.55890119161939
3040.37423739439,-2081.31524525536,4.42431713768293
2058.60974178024,-1394.49092610277,4.39052872235633
2926.30341762367,-2039.08267974866,4.55790207932778
3132.88248647683,-1087.96523778246,4.75401213610102
531.618883455529,-545.984665911533,4.87925365866259
2579.42423282074,-1610.11443931809,4.64142001545008
2982.11644266409,-2157.46930626289,4.42027513908632
2900.66630475577,-432.417657935086,4.5968725503919
3616.90386563622,-284.656456085146,4.74448331506091
1130.6260068078,-1430.83176204666,4.7868119788731
1554.98173985541,-666.503160199949,4.5724958217184
547.156580487194,-1206.44715073375,4.54663421612791
444.377564816596,-1287.81137961385,4.51548104671728
2177.43373988772,-1875.85310099581,4.86444269948044
2668.46023324796,-2098.74023793561,4.79184903845803
1364.85558541297,-635.92187714108,4.9209454639461
502.230431558147,-2079.77609787573,4.87877206081873
2965.6722531934,-1960.62765346449,5.07595458658655
1939.38066061953,-2185.83734305607,4.91186257158927
1119.59349710698,-1979.37045698764,5.0889295687484
3217.39163191032,-1253.17048196008,4.77399871788376
1683.95014972691,-488.624492730262,5.09713727095207
184.974394691371,-661.24626594056,5.20355217358121
2987.98020326882,-1186.39674839264,5.20323311983748
2893.4238086624,-231.253601272913,5.12615599435564
3446.60727467727,-1333.89606887514,5.46832350688841
3304.14467590879,-471.440956029108,5.22836148543686
1537.71301858669,-1002.74430627662,5.12051243175474
756.648878785463,-324.355340127067,5.44107577063522
700.825456521472,-1667.82227632158,5.42678603926187
1405.80500219128,-1170.84242231113,5.34519580686175
607.551097605858,-1028.19513668653,5.7079063127637
3647.42233818905,-2104.73703939918,5.88907055090699
2638.9073707696,-1078.36680942144,6.11352676799383
3382.27012727676,-217.757878081472,2.8370136649294
3213.99202114832,-114.973713949954,3.02163598402743
2715.22482681094,-649.40425053511,3.00545628071545
502.68761456878,-1901.23513576123,2.88024691956398
2086.80116760112,-2160.30790548935,2.90574983675769
3556.24911725646,-89.4422075642032,2.84446095887917
441.201208820791,-746.194512937672,3.1102854090768
1657.69700267652,-443.712576795832,2.9896619761205
2352.09825229411,-2056.99325668349,2.73339297567876
2987.82594943155,-2033.91103559708,2.99311103863689
2671.42623471504,-924.833175041214,2.93835031935494
385.169847698141,-486.233501284813,2.95630834316776
2639.63173322419,-329.430437260351,2.89875271901477
1808.44760151529,-733.823858124413,3.11054804310817
1586.52009990647,-2064.06351844004,2.9647096509867
2641.87105778341,-359.873444161614,2.75296133402356
180.550667927505,-619.755060833738,2.93538375578393
1725.00243908332,-969.628222597845,3.07625308317647
3084.98267320729,-1081.9613428706,3.02350439230339
2456.07024280009,-156.749313181483,3.08789212078859
2173.48083334745,-1314.12825162622,2.92815029675466
3673.84199945321,-131.118798312631,3.12735203381464
2218.10304247674,-48.6863258676361,2.85191775180839
1698.43207168593,-844.01310414179,3.06650238983545
563.59465398453,-1493.02361363432,2.84489761965812
631.891791937671,-1415.92263005174,3.51313481551579
2682.20803105679,-36.4849799569574,2.80927639497778
3181.07285879992,-1604.8472681744,2.95988283035954
1214.90977404842,-1931.32158947861,2.88247466265682
3743.49943295366,-1731.70715322111,3.07586610434865
503.094167193112,-2158.41217357311,2.98885727956818
1435.30140658849,-1785.02288155878,3.2069066457828
912.240324758313,-198.629315476581,3.01872272530174
1136.06414162613,-298.832453276517,2.89805852134119
2267.67819518826,-494.475291217993,2.64639147878627
3262.03465578108,-364.565115701248,2.92872050266131
2377.07691336894,-306.092412439532,3.06859668192945
1496.83976643002,-1002.7245130825,3.07659362089152
583.649878240417,-212.407180861725,3.25573531855946
1615.95954165233,-1084.89588302441,2.95042573666261
1529.00454844866,-506.817014247369,2.87998889875245
409.847301950312,-1039.36408746008,2.89839860888118
858.6161099151,-430.725061738681,3.29855386853996
1803.26186723115,-200.845337533373,3.20213859535923
1424.37909023175,-79.5050361221439,3.07304649355456
1600.49978172128,-598.770670295038,2.95632948035553
3891.0005605319,-1301.53218293323,3.20376725608976
3432.81812460794,-252.977074787299,3.10847641695058
947.749461184293,-442.193598615678,2.88520424861325
3426.68899206679,-292.796017968029,2.82552222834825
2407.40051378428,-690.708591583813,3.17790710218786
2883.87637033798,-471.600000981066,2.96238458049255
816.818175871961,-577.038766211411,3.00787771814742
589.300669279358,-1507.9533813072,2.92110804487212
1461.41037136729,-1714.56392982803,3.11993197084531
3427.79373245941,-821.462638934114,2.95858328729281
1120.00151376892,-967.152531348614,3.37115216585689
4019.45962633109,-65.2748504220052,3.32379008013639
2314.16240816727,-992.219315835081,2.89846261045848
3538.9470782892,-360.054662335189,2.62051667916893
1396.03625123371,-100.174899678376,3.03121522250125
3391.57722812472,-1960.39043974829,3.13526678375504
908.935168884899,-1524.85736301976,2.99804106426083
2016.95541399467,-464.018766310014,3.17110912924433
3179.21350259943,-294.172008596216,3.07372578114411
3512.98141751525,-525.39276932372,2.58763011696096
246.432497182809,-106.812592566406,2.85146943824236
1035.46765035059,-127.565036525774,2.86609760284398
348.726737974884,-528.438056482182,2.94651625539775
3092.74720163886,-1797.08605876171,2.92019172445824
3908.35536662124,-8.94391558718151,3.0158863761905
827.653007958868,-377.432844277028,2.84998299996242
3141.57382261691,-505.462285109729,2.8330391482364
3728.48248473226,-331.905804929859,2.96906096707998
1315.6603214705,-382.847118312157,2.7733786063091
432.47306856421,-1874.94172289683,2.99605815764295
2269.98640266017,-710.49288933926,2.86094720082792
4003.13261009942,-100.693342246605,2.82815500900706
2079.49489782596,-356.971541719551,2.81449673966395
2113.50258345532,-279.439871532906,3.03732264832229
3533.35279112423,-882.732871035234,2.84547509356314
686.022412252603,-79.3417683424195,2.90388072035544
1147.38584705888,-1447.11013089267,2.98362871403097
2797.97494531704,-573.784878459758,2.70109686277545
3614.53574816047,-624.028045962748,2.89833578946849
1633.781262612,-2134.51749517556,2.98232617399488
3165.12809108536,-304.708389762325,3.00253955827408
670.689225210808,-448.275111964835,2.88334298648271
3358.53654685359,-538.197599648029,2.90223515585998
2159.82394770141,-567.645406728244,2.82662547161041
3043.17080175991,-1639.08395449904,3.29037915622989
2038.08052354188,-76.7609036037973,3.24788180551728
1289.76441751328,-2107.88798199213,3.14781754758498
2769.22898299345,-1938.74324557603,2.9507238940536
2745.00529334414,-1838.97349549488,2.95844236708427
3574.53074381575,-1898.45318607423,2.99279344610241
4073.20763514556,-401.915901819404,3.06464641826117
2586.01963262021,-33.1047343042814,2.99242482462504
489.121201593342,-1472.85849721935,3.0705532156416
2455.42291093527,-200.621966215898,2.59308218776673
1120.19812183952,-207.253303329907,2.82079945067536
2197.16313306153,-1652.32737364042,2.97108239300999
2036.54489266254,-272.008353606606,3.04230933239574
3123.58307879286,-441.486527321349,3.03561611486466
1920.03099972104,-411.819242039456,3.15586716053058
1453.58591518664,-111.318085777516,2.76184606636756
1314.0921379173,-1415.39215416813,2.92968621017258
3212.43514079644,-413.257626546129,2.89051614611214
2016.02203222456,-1695.4604295394,2.95989981930719
2333.52624174647,-2216.79443704525,3.1094423036031
3112.13287940974,-2202.22366226693,2.88698226323941
726.747849404417,-1024.18180687959,3.07108342358659
2976.78143591047,-332.051614938829,3.13524702249517
3529.41328970412,-1669.77354469369,3.12795078249292
983.278745662916,-38.3465488993983,3.20515020988305
348.483099789522,-1454.66424530514,3.06844442766708
1492.75078034448,-1217.90618042966,3.02446122319313
3353.78977118878,-1884.35415290583,2.89223530303547
1132.68020857753,-56.3953587552068,3.20648406928205
1206.30774265586,-1079.10041874567,2.88550202868067
173.759497950873,-250.916633449692,3.12343101702207
1334.81250308474,-1651.63622030998,2.929726246234
406.00996653797,-69.3665148019402,2.85484203078356
1544.5871500321,-236.707158212027,3.32653110523246
1201.09883288525,-93.514008589376,2.82874228703292
2395.52690128502,-563.563987907962,2.98858466518081
836.423247343785,-186.038014341369,2.88676269629057
2484.40200631086,-360.040516329754,2.62220884610466
1570.92000093748,-197.223326839508,2.45738468177266
246.486939106071,-1728.85786993638,2.83439415501025
2027.83783749065,-2209.04364023389,2.93898843043507
578.695829943974,-945.921454883961,2.87691690217132
187.934599411898,-1642.27068150956,2.74026409062286
1311.30919148668,-2122.3150399403,2.67639530896593
1161.46510196996,-169.69116914038,2.89138479706239
1784.49826820273,-1920.18921900809,3.03983840245975
3272.69276492839,-478.122847766833,3.41475935080742
979.338103671205,-1546.79879967617,2.872517297235
695.812731882848,-823.506223977403,2.93452896050891
1510.84780974855,-406.890345318156,3.14002457839061
2999.28443204317,-1743.31626896287,3.02222647311328
352.136055153592,-265.809401159881,2.97954350708381
2271.06134630461,-186.573353022559,3.0675147899975
3004.07227699145,-87.5213143333735,3.10604071170944
1412.21033695832,-224.982932147913,2.86612638970031
3439.54284948216,-848.748720789024,2.81084058551127
1184.00481776943,-503.958257963201,2.95055699715764
309.346693260605,-24.1945628587355,2.97926441348388
1068.62646481363,-56.2369252652363,2.99145216440594
3302.94461388905,-466.599656865593,3.31035599691238
1861.33321136334,-17.5646402015801,3.10323049820095
3331.61297948892,-637.551826212536,2.8811353482223
338.109429891883,-1590.43384243848,2.8857751787156
2423.29848748162,-54.0481223467607,2.58868802714575
1120.51799169048,-2185.65620934061,2.8874502593697
1219.80984137732,-432.106163257256,3.25321557116522
3120.42932347463,-1705.80973166146,3.01629528139323
3334.82340299357,-878.414320995238,2.89020986096036
3097.37535644135,-2108.67756919777,3.18897499917514
955.593350282233,-2123.33812396304,2.99274580048786
3502.38157652313,-906.753883488756,2.93048924374615
549.406649720232,-2125.19108801441,2.87329036107199
2511.06440745807,-437.634827883147,3.11892432810945
3896.7929735454,-371.285253041313,3.02179576972641
3447.07679944345,-469.304872116048,2.9830030783499
3683.55012200416,-493.696804769411,3.14445590375018
3711.98754950761,-2008.65383236363,3.07506256368972
2965.55599504391,-1378.15771916774,2.98870827811162
1096.6263690689,-101.857439057131,3.12935846499765
2498.96466407337,-1931.22347767322,2.93958144349148
899.669994032094,-96.5086563686587,2.96085245296844
530.122783134522,-137.814925183394,3.17945808129929
2842.13178880432,-552.080579144793,2.99880735775326
2089.84408102391,-1956.01183856458,2.87965269251536
2604.77269673971,-1950.4055561963,3.1821314325931
161.543689670322,-1529.74849328946,2.88913551625724
622.83423745235,-1399.37970598284,3.03046322702703
367.848951782881,-125.965593920461,3.00686155063582
289.105845678359,-712.257314477928,2.91424313050394
1252.48602400051,-1496.35575511896,2.94376138395697
3047.18406448919,-1953.7288723145,3.06513662384414
1667.76698482807,-141.86063680328,3.03805059032482
1654.5412893714,-61.8291956926344,3.06667200979535
1107.42404790553,-1593.91581346369,2.95883994246205
879.967775055317,-110.977693883215,3.19422650382965
236.52525163203,-1792.6451937211,3.03700054268393
84.2557259336677,-62.0152955444322,3.00717784295733
3672.34761024967,-1438.25646574502,2.91798580694501
543.408774266911,-375.130561151498,3.03320326668709
2957.49028345975,-105.69623582048,3.04336768710102
612.340360096111,-430.354308049351,3.11207907607412
2827.43800702045,-9.06490577658223,3.11867868093229
1277.76518905927,-1943.10833408206,3.03745903612178
3871.91381151864,-288.634407966746,2.97410176939692
2157.97041364312,-1588.86104324511,3.30030991346329
70.3645656938082,-2099.91870373425,3.10586563019295
856.174225730175,-1523.40351981897,3.00444057887943
908.102378005365,-83.1133838516344,3.10184981856816
3179.81243690469,-461.231397470677,2.98650774892999
1700.39498145269,-105.931246203258,2.9453558543463
102.569513272081,-372.37059675799,3.02192520698138
1784.65600835503,-1132.3915310844,3.07217896076179
1975.07507677183,-452.884527883562,2.89149339732333
3270.79378241303,-379.051772803198,2.97739397465462
1310.29181195965,-221.131046892564,2.80524052401299
734.967126481984,-1187.73136347424,2.90698506476959
1278.91816735668,-101.018137479596,2.7655974926466
3284.9498502358,-865.662224575268,3.15109901997726
1220.77463162757,-1552.62905116493,3.02493955155956
362.370266773655,-886.080944460121,2.95669874774544
660.543282962173,-898.45412877589,3.13382880205945
583.586030578673,-1601.84247807041,2.97612663554362
3712.15814625412,-1672.56031115948,2.96160885333815
2416.83273359055,-233.7712583656,3.07542247330963
2805.02957015401,-1958.79502697732,3.02503712512113
1715.87737707728,-1914.94525025601,3.11189338001179
2317.84840128534,-155.052790932546,2.92227745940659
1273.72476636244,-201.727113783978,2.90865076497759
2179.19865301022,-216.90592701987,2.96164026585862
3184.44476185263,-663.712598311082,3.08041278934797
1933.43845550101,-106.736138263851,2.87441869315239
3713.82988876103,-258.284141518438,3.11533640088144
3753.57570457902,-163.842403984383,2.93857765508798
1580.88069258106,-256.287482460392,3.15148458177562
1030.34032028721,-1621.85793693191,3.20881041366599
1050.31307005613,-1575.81308282109,3.03001377755788
3697.70637636038,-21.9016427393823,2.80044854375781
2760.63235665562,-38.8648973505433,3.13658178591939
1387.40099422166,-141.203600401402,3.1251091625087
3104.08601317656,-1976.65299355536,3.12822776577825
1011.21739835816,-1026.06035102529,3.31203160146073
1927.10683559536,-473.18936265898,2.97195473980666
3337.62913152618,-1795.79029437681,3.54609987133484
406.232667059307,-236.426678171549,3.27133325462421
2240.67262188385,-1761.64774663728,3.180636253597
2551.57646690171,-2138.6066783705,3.16599284573992
1414.85727230656,-1971.61515262298,3.08448858300975
510.220955089752,-1754.62542371889,3.14938869305899
347.762789368677,-275.53810719477,2.97585456836274
1796.65501089472,-1648.09755715196,3.48792372932667
1901.12311695456,-2179.44113083256,3.13332791951344
512.03415052837,-502.406548577236,3.26762305274242
654.807828732234,-427.644673317822,3.29785883549184
868.563164736774,-417.980074707335,3.03858607535482
1057.84903636281,-350.096598418363,3.19941060689856
1361.97422557405,-150.304658360966,3.23653385727089
2020.63672474347,-521.882070581941,3.17887248334209
474.780484775434,-143.949101382688,3.02014664665406
998.567642811465,-248.958598967584,3.15492176604453
1824.12236098261,-135.682772459038,3.088563544656
1634.81274788178,-297.477470580486,3.04374630550266
1980.83698116431,-1412.40253189293,3.22150942232593
2610.0570811801,-316.141432035575,3.11548995691965
1637.5586504984,-1021.53514739944,3.16414830991593
3608.6684351614,-742.740292618396,3.32383730872586
3982.72782932697,-540.193541851706,3.22590270549416
3324.40625532533,-1714.81975356841,3.32243953416495
1313.74421341093,-1601.64244307857,3.13291186709902
1944.44609011629,-1494.71746035823,3.42282907645925
3623.55909569126,-932.759003399772,3.37708891163376
1987.27406523838,-555.225872148773,3.27032011077747
3558.88366517977,-1626.36943377902,3.45787118654829
2998.52977603411,-1648.09458237839,3.182029494151
1181.82138086089,-1906.87966128184,3.15443284445618
2893.69254416467,-1354.40950041746,3.17411003847557
2601.35214523634,-163.367935345032,3.36031036369928
629.888076576827,-283.766299424306,3.29635411317445
2413.58559167686,-2213.81309207112,3.45665470535993
3689.67040231229,-522.818343951769,3.50725694852048
1939.76048796,-766.999943014877,3.51954121640028
682.726181794035,-1881.27845112156,3.40907333139124
1834.73851992021,-272.019692906122,3.43348089985449
1692.23212346149,-182.093841032883,3.25762440091684
2790.68032278254,-1376.21999928613,3.33098548435293
2421.39779361342,-2196.25697932201,3.47374472158
3346.09325373498,-1741.26751569479,3.6564323633258
2526.22954178244,-768.624031452535,3.36710116980649
2819.60076128515,-166.475439513326,3.69212716183945
1885.76113228189,-546.257814940921,3.44615456362521
815.14327367139,-328.192803566486,3.281872019347
2323.01717548246,-1499.33288569529,3.50196349967641
1515.98511682329,-341.487159395949,3.51651796264934
1449.77460742441,-369.528508283707,3.74472007550017
2569.46441772019,-176.158418650089,3.4553605923449
2965.34740762421,-1473.26842826707,3.41166514586304
1482.46774989168,-315.374183762137,3.58294555169747
1454.71012602207,-264.290579582199,3.60726976707778
309.045247675547,-2203.95621314635,3.77076006122346
1320.64174512105,-1512.3077326668,3.93092759706516
519.34888311538,-301.529012386786,3.73901699642096
1917.38533977039,-177.717614881934,3.88051164889194
1393.5129535139,-345.469314379087,3.73378416295716
1595.3184644223,-1691.43602385691,3.95069398117675
2035.23394240267,-211.40251788273,3.59648099912063
3006.54737788214,-1833.94829971059,3.84550913226043
442.651407704358,-357.149288461338,3.46871499756261
1938.86528606516,-492.56327324709,3.9107501066977
1318.24665105321,-183.247614563608,3.76019807981198
1093.15893865492,-2122.20522310404,4.00784081017297
3438.65261541487,-1833.09611259913,3.99126411294716
1163.37368953107,-1514.80120782442,3.98851079073171
362.219218071976,-208.032254216509,3.68466314370931
1530.79087998326,-57.7772366846742,4.01094079912233
438.386010912763,-159.869159420338,3.91366002477999
1030.76726296149,-66.5632151021435,3.73151132698671
1538.49826600069,-1687.93970764665,3.9083910267211
645.406569404599,-183.6244621706,3.95065483181656
2318.55346369136,-518.948416194606,4.13117789518639
948.712682422748,-31.1185380528069,4.06644538747141
2385.25504484659,-1620.09010007293,4.05419210473558
976.355842120042,-61.8543615672566,3.96837016873607
3434.44732092551,-1587.49023662484,4.3067041888926
3882.82769375108,-210.672767392534,3.92695258529689
2756.16857231554,-415.028595204755,4.1540683373731
1876.8348040842,-1632.05058867513,4.18482578404949
620.451608467079,-595.80004489357,4.22714294252036
1311.97055528875,-121.743884749479,4.0413796849273
2969.05247242454,-1942.68461743261,4.06097083897476
3506.30508376354,-482.119113630016,4.39820119184605
1439.15151371923,-1444.47928625869,4.33360741686134
2769.63763554365,-257.2784429911,4.27555393129451
3969.90969324153,-431.347808302731,4.51637011303864
298.975098646276,-1858.78740374441,4.35663717210307
2230.8015537783,-531.510537505097,4.29172690842198
2291.39140538814,-437.408101814009,4.4816127769164
2598.25902332946,-579.411328384531,4.50588107831247
1098.95578048403,-705.962397045321,4.4499774023398
3407.22368258868,-566.310506894587,4.99160498914906
1515.56279263907,-514.046787263328,4.90072246022462
3656.00695881836,-1610.46707182867,5.24200315287915
1699.88210264226,-65.2462159204714,5.2916953779029
2863.67472531069,-454.89908125424,5.31374786830426
3229.0721606546,-287.320272662862,5.41590048454029
1838.90192955481,-1250.02233553627,3.10037528864403
3081.42851485238,-1046.55967013047,2.87319306431514
2804.24403065234,-1260.94603180186,3.09704308137568
487.08655083335,-1788.2684277376,3.32033735607781
1682.65169978553,-495.637386855978,2.91165358953542
694.839770287526,-1704.34734766248,3.2031408627331
3309.40437886632,-2167.79285190031,3.02299730406036
1311.81298940018,-642.596473300774,3.20542037785371
3348.77939648888,-730.406205754625,3.4697805415418
4002.82074404555,-75.2919289576263,3.50452811266826
3362.5633139225,-700.144838771516,3.21947163608718
2584.86875140778,-1675.257044114,3.43355861236585
742.500520943078,-330.194292617228,3.48084079776195
702.620986251988,-2062.52989201644,3.65130196080287
446.650877518643,-347.864111285577,3.65641776718504
2321.7010419843,-1546.43922097789,3.64375369112532
1639.57472250238,-2106.7076539871,3.71555217138427
1493.52637838093,-1520.11663769572,3.71210218866823
779.643503345922,-1943.44927703054,3.77277138352328
1662.75646165445,-729.616934313317,3.66834634181885
1681.14231296483,-2030.95552871601,3.80068908319572
1723.36849703769,-523.992335875315,3.97550492395894
1259.68082629494,-1413.81677653531,3.80694275385191
1686.44565327245,-1187.79787524314,3.98696445017956
520.649772219515,-2192.86615231524,3.91243863273046
3780.68694449211,-905.266667574239,3.86429725147851
3918.05438263544,-1178.72803744895,3.98257908397048
1641.3396797114,-2073.61659326932,3.99953987474809
1129.71496032315,-2156.84721301837,4.06695670752108
2275.3479306857,-2200.1499932497,4.01811554938804
2745.35373666273,-2073.80742572162,3.85661236560716
2973.25906486461,-1946.05964048251,4.17044970950788
3826.9804129017,-1083.8286978737,4.35426038474749
3719.03475065969,-1550.04450964012,4.33754943868509
2602.01743954633,-1741.49165566741,4.58371308746765
3900.0356856462,-1017.90926140152,4.56191998217897
1874.42569795533,-900.007136461486,4.48488976285143
409.495755271701,-99.1115066038225,4.30781769867168
3922.94764327113,-299.13531509921,4.65021621622115
110.004771097236,-529.562688959751,4.79536607753726
2112.26935491537,-1035.76519766296,4.83436731052093
2277.4842493585,-1725.26353059898,4.39635409437947
2032.19984141848,-885.65852664146,5.01149108267195
2322.95197739203,-876.341158167844,5.30165810295563
247.478790737175,-207.95751173957,3.2760797294804
3663.30486535628,-1529.17179304863,3.05581230625161
3046.94102283163,-1461.89062492052,2.99702308829599
3125.47008079915,-1362.02761691645,2.55546020640248
3949.35648126561,-1348.17081330115,2.81850663674681
3959.11143131609,-1443.09115649648,3.00934315144649
2904.85997592148,-910.558737909071,3.05493588074369
3694.76234675421,-59.1082258194726,3.09280936917812
2144.55613112228,-396.751240392361,2.76769791933287
1599.27548770141,-959.417076693939,2.98882145547475
1552.91624211679,-1481.75362179491,2.46153009868408
213.923046704081,-1952.74047916116,2.96528750668006
3311.76886182189,-373.271392413185,3.13058459940694
3777.97947038786,-166.954491437315,3.02717103973153
621.22722310728,-1199.99130050081,2.63563796760905
2372.4169869441,-1159.77608306039,2.95589754687688
2645.49298126741,-1526.08705527128,3.06346584498812
3336.12723832867,-94.0164908645968,2.93377443982564
1586.73507086429,-1593.81292191367,2.91805164219042
3024.71372915391,-1263.88668067747,3.22160764117945
2033.70625798572,-1137.3841127945,3.09473211622415
3482.0623266165,-2170.20254540234,3.05587588367063
1700.44423037963,-1423.4642980454,2.91031799782855
1197.34933532207,-2125.11783765472,3.05195649973847
941.641487289182,-2098.3217165705,3.156189495269
2520.62656316871,-882.875014897601,3.09115460648358
2926.44180469418,-320.176322815105,3.14268562332258
3877.87109170406,-1114.0599486769,2.80891102204324
3953.6491398484,-2097.2068918642,2.95484835512097
1484.70431105604,-813.851207871088,2.92069474769246
3511.86486454846,-1945.25612101236,2.66390509407332
1030.73823357145,-677.424968677436,2.95572084552998
3823.02264860322,-166.107839527011,3.23647058186804
1224.70066165984,-1609.57373309638,3.13237647952902
1762.2646686373,-1989.12766286714,2.88406104515735
2950.21572539934,-43.9996545371298,3.28095896726258
838.992596106705,-802.515641847927,3.13010882188132
1173.80943708238,-1807.93565357187,3.1720088791674
891.641797423508,-704.502735434652,2.94927638774917
1660.08620784152,-1991.88039951181,3.06349903799589
1291.05008949944,-2027.34576701561,3.21959343934716
624.776239180239,-1785.55917424186,3.15019885293226
1820.6018908618,-1048.29047898365,2.9970147217943
1623.89414276481,-1746.53927956842,2.79965260642552
1171.74026106238,-315.154655002101,2.88487904683633
1116.77455012457,-1709.32692857532,3.28907208148015
1142.67251235272,-1620.32743337193,2.76831924575257
1489.72584989442,-506.816510367727,2.97225839911836
175.502147832033,-2141.885568124,2.75230065462076
2799.64461972285,-42.0367108030967,3.04984548773684
3138.4884606309,-1773.77359318308,3.20229392653859
3113.08965851638,-1875.68518633701,2.45892612853032
3422.65114813279,-320.281980474484,2.97981380065248
3895.89107719946,-1795.29532401075,3.26078843068428
1173.26429168046,-74.5207580525822,3.34431161632006
2409.37417156523,-1535.01272532686,2.64915847498081
2935.37741936604,-1644.56461904604,3.10182089399673
3828.83015271893,-1384.95788901916,2.72675503314084
2265.02063092495,-1396.94802948608,3.26342576504758
629.003055821752,-1932.14923631334,2.80618768359357
2091.84430965793,-639.258908509134,3.32606226223521
3324.13782077045,-1193.71446493058,2.78217967300444
487.35834097754,-1042.26789185268,2.88924280145353
2856.86989229962,-252.2420946535,3.251145462503
665.658007755938,-2201.9181490483,3.0362937601131
3305.39849270963,-1508.89183595571,3.15569253432856
1317.19013302251,-1455.25990763939,3.14760101268578
948.296068880582,-343.892558968054,2.93493054971385
4018.33339842545,-895.520078968751,3.09410995036989
1151.28284017335,-1678.4757949866,3.13820473658599
981.159987640651,-487.981737726426,3.10680723626272
3025.54309833124,-495.479326127105,2.79675476574965
2937.08630548057,-1058.58598223226,2.91229565560239
3830.18970595777,-247.022131138715,3.14130711462281
2878.26472526718,-2066.65981819556,3.41297139512875
4059.14821492751,-68.5247169372404,2.88498609573772
1862.89758747812,-344.64754920187,3.10083552050766
1913.06710534251,-1306.09190426351,2.96913536720748
1201.99222502299,-774.222236017962,3.00968973108072
3203.92842238363,-1893.27234373639,3.61759461416993
1403.89244287997,-2194.56828276061,3.13336119133436
1766.96272110302,-1036.74420927722,2.77684424419313
1805.05097279909,-1947.17327409722,2.91380748998932
214.80633929439,-872.611145116392,3.2979490886048
1829.55008618739,-648.689568356356,3.28780665954605
781.995857355959,-587.507089705332,3.26961226147725
3474.66183450681,-1253.05428218544,3.13427299863675
3610.74276947244,-1243.16015586039,2.89025785578069
1804.36024789596,-1382.76815513248,2.99075097341658
1034.58263238218,-1906.98873671097,3.31848562997803
856.702853266367,-833.83552897326,3.02186870594445
692.817161281458,-400.2453748922,3.23997252597272
661.878414430032,-1482.71641436995,2.88270423463356
2345.70746716966,-1957.05109847242,3.04458437229922
3994.65233303918,-725.573189990667,2.89929093584038
2925.98753343726,-1942.06433633858,3.15395072776746
1240.38693170726,-1087.21151794809,2.98923342913238
591.125055874952,-1844.86320810089,3.08169509097732
442.745219738897,-1996.44963011266,3.1187228193135
3812.14271252304,-239.42490369963,3.13985509557189
1850.94939577994,-42.402163515612,2.82937443446778
710.33016007016,-553.401660066745,3.08168913372078
904.232309546907,-749.134920593437,2.95964541693515
2232.6227667881,-552.243602104409,2.96292886775722
2178.58361153561,-1316.1798485852,3.21612665963314
783.53960574254,-45.865026572516,3.0528249002606
1842.06370137757,-64.0174941673416,2.99760725191558
1548.03843822302,-627.916779646675,3.18785933236426
2230.02554712939,-1246.57191265401,3.40972259857191
378.600889300249,-1068.21795288621,3.27434980196218
1567.06054863949,-1338.88795799218,3.02887769069589
1126.1458063353,-1804.4891117892,3.43953706366826
962.478430694498,-1209.17964241543,3.07318791332678
232.535067604207,-610.380421595608,2.99365676725957
1559.00672610742,-921.219635913835,3.66092930433314
2647.47140411062,-443.666659270266,3.12712015419111
1346.13915911944,-1603.93566590899,2.884129008575
2505.5908860469,-1784.64394548059,2.85058706086742
3964.28762418858,-288.081971795291,3.10404021428793
752.390537363105,-978.884734708019,3.06108061529091
2105.55350583894,-809.465796799751,3.23222455015745
437.01325868166,-670.312784305741,3.16560311508211
1685.8950549388,-210.833075384423,2.8814938563147
1438.2398992638,-1873.9012902751,2.86747504033906
1381.08126668,-1421.32587924618,3.4862008638637
2318.78068233724,-1549.43986920024,2.83900230613499
3092.92299441488,-481.994214502841,3.02770815415839
2729.28613860538,-803.708390122492,3.06705323933326
2972.07854763788,-1405.97101131886,2.94428578449477
1473.39386267209,-1369.57343946005,3.23732273725417
1557.98946675595,-1224.93900805494,2.9293737106312
1755.28564197115,-55.5188025755719,3.01456331137822
4013.41797144808,-128.387679236573,2.84669712190604
3527.48573387148,-270.214274798043,3.09144529370829
3494.74902714143,-947.625849151888,3.12306552705892
1239.59302245691,-262.381790203969,3.15560854785802
2072.45338839565,-768.91215376263,3.07287501249625
1884.82018710133,-1047.66774389834,3.30634479892227
3246.15201450359,-1786.79329101627,3.15633310136248
230.811308721503,-821.583440229752,3.16247988924968
710.124113637876,-384.768381216402,2.97599739826063
3152.66819464425,-824.301373642245,3.05465082663112
3693.55841112735,-2082.90300163967,3.12365429452274
1027.7762247115,-2052.89928234283,3.37620643122935
3384.73954621173,-1102.50383330345,3.11340986115217
2227.35732910142,-985.29516287661,2.60769581534635
1395.97621495331,-2164.11054586305,3.06751597399334
541.327906378101,-1353.08785218092,3.06959287491932
3708.21934769661,-481.745995835054,2.96853301850343
1560.76457840591,-1280.94759109902,3.10368648094222
1886.83391235716,-1793.60932948226,3.26422411264042
1212.00057114368,-1319.98155835492,2.47433628505064
184.658171999979,-2116.86543735049,3.13380525522334
2919.99034502331,-1465.50689222792,3.18564490463292
2627.61454870121,-297.565867490589,2.96534662102788
2975.95927990202,-476.846993603961,3.22057808418974
395.811982739629,-1648.59224535287,2.97748562588652
747.164121517448,-1835.36902674084,3.33709953107246
2421.28031688292,-343.463049070985,3.24122455030091
3695.23941618397,-585.396547733981,3.15482905398321
509.220618050355,-1414.98022568366,3.04542387984406
1244.27157177964,-96.5760500135511,3.44280936153606
3091.75077989319,-1248.75950795016,3.05900214490973
4053.57418010219,-1378.0985315932,3.01577921135654
3181.9649880208,-1652.69329917888,3.0061174761638
3968.66078683338,-1128.71033536882,3.23449582424821
463.213987762407,-720.393871662778,3.17762069957339
215.27451545357,-20.9737313383243,3.05408006061118
2098.09515460925,-121.603989751119,3.02686839759634
3071.90599541776,-1766.16317684111,3.0097359124963
1310.89409740661,-1290.47880820303,3.1922793081355
3980.82097502038,-960.623841587547,3.10922684435194
1577.87693698601,-928.073854948335,3.36749281924856
2581.89190013256,-333.061474461606,3.34355642387023
3127.41628157722,-218.879952698724,3.42782554097111
1112.58324615949,-1574.80261022376,3.01106183600213
588.563473523478,-1733.48143958227,3.15645453434561
2781.83145778383,-1546.40826548501,3.02260686281626
3634.02662298938,-1965.15961236029,3.09952877136151
936.690232795179,-1770.56601040386,3.33641582774758
4005.29906166619,-257.7799273955,3.17996340487404
3933.38598504333,-1684.26490029753,3.31076293454176
364.087586351431,-1306.6830596203,3.17140858078782
3229.14435405293,-143.173005307798,3.197869659825
3854.15315108315,-1603.87345426926,3.35444657494705
2067.60714073054,-574.887442013135,3.26175823292947
1083.57855341092,-820.697461718378,3.07858499268207
2153.70631973927,-1077.54766202631,3.12453826556206
1372.5471820194,-1228.35890031614,2.98130730402463
1405.44011357953,-490.452374064295,3.13563874309487
3143.0261765443,-1545.577548974,2.97194079911775
809.024247710913,-2141.63643647957,3.29266695571358
2065.60867117009,-193.553647659786,3.1963729723412
1989.49723086301,-760.743439336239,3.08536922012006
3246.40220037518,-1874.16177360018,3.27614035878927
1390.46177202047,-741.894172399561,3.14874837675286
1307.68798538153,-1323.62890458823,3.26038031124255
1534.43104106739,-885.671062743189,3.04128167341297
1686.09091078612,-582.99623347392,3.07289376930619
2011.69818673017,-2119.90823126899,3.43026313796241
2936.71422935553,-515.160861124887,2.92081012485411
2850.98272008629,-1180.57184310379,3.41292358842531
2501.12571785611,-1546.8468170425,3.00752692861448
364.607674157671,-32.1556717737746,3.31413310629766
439.564604213002,-1104.69546323264,3.05757577001177
2325.18991865014,-825.145415079288,2.74374300505891
1638.43891288341,-784.351805398727,3.41937260538618
1464.63892924486,-698.464378059055,3.62173294754571
2953.98085435934,-485.855432588041,3.12018739372768
3355.55653500585,-1191.40627482901,3.35878526120999
1141.64028644126,-155.57277277792,3.5037169802289
1789.82663596704,-460.372510087276,2.96799343052336
2638.64161852263,-782.242978979502,3.43309979775136
1895.35389923328,-26.1421213614907,3.20121374156874
2243.71433798029,-1530.6979052292,3.03384017909966
3648.84852294411,-1873.69635327007,3.1217594848378
1016.19644193683,-2117.53084144517,3.1577511825097
940.687749540412,-1657.530338796,3.29409941794246
92.3519703493683,-1367.98508179038,3.35930330056751
368.137798567276,-1520.40356796861,3.21497463159422
966.817009843797,-149.923814183571,3.33988307414892
1917.48466229311,-1137.3961719591,2.97161809614115
491.178278851417,-675.674872678705,3.38264470478632
2075.14378794033,-532.618737388013,3.50047461505258
1975.4596258813,-516.299381246555,3.37190716366682
3225.90052306288,-1369.73546680529,2.94101413512514
3600.80282966274,-388.228842524474,3.07418586075375
2007.47785109992,-1495.52354296829,3.36911545422601
902.422969074578,-229.436847706025,3.16284258356719
3239.72346371933,-1898.0679106728,3.41737731657279
2743.91120400811,-1743.20549781843,3.27494423852765
954.61972819867,-1907.11579788737,3.44792765842829
876.356503936131,-148.850075713553,3.19503795017771
2973.47177017767,-400.089961144018,3.39620011364365
3104.9953488832,-2144.18787162988,3.22203306996036
3443.75320868106,-1751.16051180837,3.56424842728457
953.218016885596,-1228.20272108296,3.38659018419632
1740.01576971182,-955.902938665503,3.51451686764602
990.28182447828,-1835.12462063812,3.38637875664592
653.542941034975,-401.785642595203,3.18772542333947
1378.44356397812,-1962.53805493498,3.25797147304059
2722.33508883095,-1574.93531726468,3.44999257989602
3612.70548839972,-1720.47216732213,3.40156857628627
1589.87280656918,-1147.50667579702,3.4767640030359
2693.69916159984,-482.179017490717,3.08579904293763
3884.2924507124,-530.391583802256,3.13135899807774
3469.42346248628,-1387.92782635114,3.35924680778988
456.704235144139,-266.909885055171,2.98527773762986
3055.96439340534,-48.588083032131,3.69430972399079
2036.49929029651,-887.025273231544,3.10962667978141
1049.51050599981,-446.917711206037,3.46834459187512
2140.84525587938,-664.900593613032,3.38746190223892
1926.28153644229,-2152.21442160421,3.14279499227124
2687.96937740712,-272.486027263958,3.2341115059749
3213.01041858872,-1519.71864854149,3.91269420931098
651.163142360451,-1912.34061548961,3.1344089761471
1633.9597989552,-271.490069006298,3.54760238297316
3265.67845884629,-135.452567780467,3.26860906798689
3320.04384769212,-1610.42534563978,3.37746283285712
3839.27161433182,-1647.88989305748,3.53335932990505
3492.69746782579,-1828.06286080904,3.7881696802145
3745.35872199852,-1079.54508378599,3.27722223574952
2426.86910409439,-579.291011567215,3.32519946911423
2015.74924609562,-2054.7711588813,3.72082270817966
1121.99223176268,-543.411496787502,3.78535611636324
835.30112509186,-1024.50014935026,3.48276686417703
372.129057476107,-285.690392702624,3.60859486801893
1889.20341262197,-1258.3463303056,3.46232178053908
3941.14350145204,-993.683338781591,3.38429537179365
2705.506529558,-693.752793536459,4.03265944335135
1269.67310531874,-866.140790879753,3.45078261151313
2784.77044555583,-524.258390638765,3.2428693116125
3624.23468277864,-1774.77260449769,3.28374087827628
1935.19376705382,-1392.48694024169,3.44952974745187
1202.76771275069,-1165.97954184582,3.6838939094644
3652.34957357946,-1665.74315795634,3.60595815203348
311.673388274703,-1981.53296850627,3.35206292444181
3601.79008543197,-1424.35283347815,3.37557736141231
4047.59170972845,-1046.09197190554,3.68250420925161
3481.97030771845,-1468.34267007168,3.61729544023834
523.419754094641,-418.257625561824,3.44708563025412
1999.87121553175,-960.582762678762,3.51116507130554
3340.2565731873,-770.477412396238,3.59982669300012
232.378010699107,-533.819360251978,3.21182008545812
1440.44069378046,-1268.72415202109,3.40130074629658
2615.34431586583,-62.5543649637025,3.38862440742552
3124.45569370676,-1394.00452741268,3.70067233752115
2908.17159267729,-1792.10992847996,3.04929316150205
1060.08378021128,-1679.05622488143,3.29291562156433
3180.77592475219,-1385.04328121531,3.44059886178483
592.713628037182,-75.3632923536598,3.35459691697788
414.337959588703,-577.464370103354,3.68497339013381
1845.08280829688,-740.821492372546,3.36599693787488
3747.98968565771,-397.98205143922,3.51250245742078
3692.62096481724,-1318.45610316253,3.54181192759335
1384.53027224403,-1150.48642705005,3.45292495665709
324.469545222249,-637.609815167034,3.53491456105897
3856.19519693232,-1434.81685611116,3.53850075781691
3247.2741499424,-1958.96847753795,3.50709921492244
1398.10500674644,-180.903262098908,3.48572010578416
2289.53172618642,-740.081681442632,3.5431019097894
3704.79884607954,-1977.37451136713,3.48215730052748
3616.590717389,-1192.87205434693,3.70530116607368
2183.24547631888,-603.926841003686,3.54471826545311
1015.83796685557,-2205.03177084606,3.551370592561
2725.68856281962,-641.820924135735,3.77466027491536
2230.15772972949,-1806.67645866031,3.53905420397884
3054.3338684801,-263.720717094931,3.66417188076826
2956.13932086569,-887.108190384173,3.76087468674983
3742.19968778628,-1795.07718584133,3.51858538607454
2979.48295904612,-911.903483702104,3.44207288978014
3756.56613508918,-1336.44670804567,3.52942344497832
2271.43996502947,-878.466794834046,3.5442952007963
1959.95394549736,-1998.19570236035,3.56978967763236
2231.16368369759,-201.558977698411,3.63081702057985
987.416814833432,-2163.53119687322,4.12331240443764
1560.63211757826,-319.815214494427,3.37337533395732
3294.04570424085,-1699.74836793104,3.95267555488859
2843.47167810399,-914.476725135562,3.37648739570603
2596.93130573692,-1876.58260882772,3.69597095791772
3021.00461499937,-1003.84219066689,3.72979457347667
3836.87338241722,-969.215565408604,3.6893152461393
2503.5346383557,-306.135461115793,3.43073517728957
2029.07983522554,-1555.16119678129,3.87432393560122
3903.87780212697,-1459.13407586066,3.85672448090879
2920.48836713926,-896.840615291175,3.78709148022761
2051.21955366411,-2094.59361241488,3.66056110200615
2006.77035174057,-646.668498671943,3.78691779267932
2252.58914386525,-1200.75252505643,3.59891926041498
159.009418900905,-1065.30450815814,3.90735453579761
1781.1563489734,-237.811475261976,3.71171183325908
2298.82790915724,-2052.85552049471,3.48527576229155
2390.16641011928,-375.644625116116,3.87438459615147
330.824926469997,-951.5978502314,3.85605802272397
1760.22474461548,-385.325944369545,3.80449648114429
994.011325340087,-418.818902453504,3.5502351512762
1813.72548810661,-1303.67088953334,3.74437457137685
2381.66808789677,-1423.52034504309,3.74714133997513
1536.53680698891,-967.310908253052,3.57861491787802
1633.88582672461,-1203.94041412105,3.93876529053491
3066.7337486379,-1358.94731179126,3.63940548879121
3132.18757105272,-1299.0749598019,3.97509437780833
1171.28850844338,-741.704321227841,3.82372856354018
2434.91341636116,-425.320086774869,4.07953116900468
3898.1738585595,-2178.1587907713,3.63433275261546
1657.87649645396,-1658.53237409318,4.10612329308122
2100.20402184875,-2101.15799066684,4.03370268849305
3226.23004581507,-190.935597204432,3.77488972003393
370.176312337125,-2059.79619127603,3.87010653080057
172.517753352731,-1999.84348360346,3.70121933053848
3120.9602368735,-2084.24276030816,3.67897526537026
1930.32320787957,-723.976513361151,3.69771041967313
2095.44745131808,-1757.44108012198,3.51575087791007
1362.65359900478,-216.017611693182,3.82519848538176
880.653020950239,-881.400715207547,3.98366767937502
1763.53011960622,-346.523274955341,3.64007381195848
1994.20272635966,-1816.70902270923,3.97099982228727
2212.63829126991,-1301.24954273876,4.03338865510463
1811.97648816349,-1676.69055504134,3.90376463565594
2149.76932747375,-1475.03972062344,3.72709008536246
627.107490018414,-737.647900824207,3.87227593795111
2996.5334184174,-1865.81471240552,4.0608547561062
2019.95906549762,-685.012857357778,3.88565921381441
1186.26224099086,-913.624201861481,4.01341584520546
215.122491390146,-134.172415625423,3.95766926989747
972.677128444537,-672.647154474215,3.65700313309875
3972.70361474649,-1805.39662975766,3.84368214304504
1743.12856944345,-1678.84149832252,3.98928111282745
2908.37632473182,-2120.70557867468,3.86830639172245
3308.22942478876,-1003.83163573339,3.95224169395378
264.320530543316,-232.074307338896,3.88238894648123
1930.99429985445,-346.647599531573,3.92099631073249
2152.88295595766,-913.468735897612,4.02358802637943
2489.56017210895,-465.847009998199,3.92880165316235
807.425097305146,-920.202893016247,3.89766500574012
1847.8736996426,-1882.24869021776,4.21844154389437
4013.28843519608,-839.96614709275,3.84244093777084
2610.83171621369,-1810.98853530294,3.94132500390053
2180.94560781301,-1363.95433271452,4.31320712991243
825.994170140496,-1781.27287596492,4.01101186930443
733.22983357466,-1901.65318535542,4.2022686427018
3615.55408304124,-1372.12573472988,4.14759449507678
1332.72389891703,-2014.21234507118,4.2055890580855
351.468014660747,-1421.97960023903,3.70893038484352
2000.583161454,-426.201055749553,4.27438162449058
978.018686674942,-369.563814150178,4.29683128479407
1039.2271128048,-181.409198321607,4.10830000108244
2101.92905647219,-1906.18228119984,4.43677973522816
3526.08902998874,-546.203266635885,4.35172963874627
260.499046084289,-1014.92243353375,4.30968214693477
2253.2712767787,-1356.43501417245,4.39332819177724
3713.17379283758,-1187.13786353796,4.44544768317103
1751.64726045342,-1236.74616656562,4.46063072405946
2558.41286977831,-2120.32047310832,4.68756278948983
278.669529294926,-1193.30762721722,4.5304589398534
1247.63565143144,-434.94758247636,4.63304467038554
3688.75505380178,-963.364372766064,4.54266898869565
710.749937844401,-638.536242435338,4.77423057895788
923.448563073589,-2001.40397541088,4.86806358528723
1324.24343047874,-1725.07518677914,5.21226260942054
266.952541486395,-1333.44775803182,4.9082951846596
468.137997205828,-1967.15449458763,4.83888231444218
2903.01437862671,-1420.54369880109,5.03036788539066
2954.92115571067,-1604.77849942064,5.12020064795709
1177.73888814929,-1819.95074289845,5.00122903689399
1665.06780480751,-1505.46439062348,5.17578042816215
654.048943638889,-1455.18241416025,5.21832717570214
3320.6055767208,-545.123175641104,5.66562479846628
1724.45920869454,-1098.27190459783,2.82106906369026
1110.84402761428,-984.831741670291,2.75340243858797
2547.88626708463,-1867.61604726929,3.00757606449724
1021.04605818014,-1548.9674120349,3.12361879842278
528.565224443188,-1321.12192776285,2.94869491458871
1452.90578573167,-610.863774490908,3.01510580571337
855.319555736161,-1135.1641636512,3.18030765437927
2958.36898645359,-692.524570367658,2.98355804287409
1587.69795953529,-592.278065586649,3.03516373417305
2143.14199990682,-1095.83582064547,3.00203070424854
1256.94508516293,-568.047029799945,2.84944733796739
575.583932404052,-375.399325264815,3.4652109701757
110.880663699663,-336.434021019676,3.23201525063807
1761.92950572247,-553.882436669429,3.00937703787606
2351.04229954088,-1722.89652037635,2.97226287979224
1653.55170338911,-600.354920250655,3.57893573244065
110.9188776675,-46.7086050387126,3.17203382721562
117.098040300449,-449.290255218227,3.42751180782272
199.596679349862,-547.207915290703,3.58317788600661
355.192543571452,-478.152970628832,3.34444825689411
834.734758775472,-1231.3618393342,3.65319821153405
827.639252818134,-967.233162704945,3.72731483494386
935.747564404018,-826.030024224037,3.94348316034778
1486.13458388798,-874.865620489795,3.9697577027127
2126.57754004676,-502.731321692782,3.89248484054178
2202.13272211102,-398.360053733526,4.47354714325239
1880.40641284603,-1700.16621496939,3.0359748263359
896.018813162392,-728.007191405971,2.99285209339986
766.869893827944,-2096.88247471998,3.07751564041639
1848.0176365606,-1089.302670349,2.99411303628849
852.973183205906,-1877.28362816529,3.05091802016611
571.218401864354,-641.41711023708,2.79356922317343
2649.82435680607,-1806.94983306288,3.11196671008417
1493.31153000598,-1181.77318817279,3.17352887399245
2112.09852654602,-2214.01319639823,3.55645578875778
3646.84430978213,-953.45848645935,3.32587079883429
2868.10133024528,-1913.63629074937,3.42531900623792
183.783343287922,-1479.2986860665,2.70991072596886
345.621224283587,-2184.54700611892,3.01858029902803
566.23225294682,-1813.80683669543,3.14112000710573
3657.46691433494,-1776.43129497345,3.06630681673958
3687.04046919561,-1183.64440485242,2.88508363785614
1224.12077702322,-361.432450413203,3.48142768963481
3375.97079609837,-532.083708548174,3.34517934647971
3343.77671181112,-743.971772032809,3.21333556889737
3255.38994334486,-2003.08137641853,3.31736365322864
2774.81902113315,-266.979815439061,3.95371246672209
2469.86662511915,-1717.50290108455,3.7204965211328
2087.29543009544,-2022.11823516646,4.04128696360195
1968.71322505033,-2075.09492011941,3.82316932241682
3256.60014074624,-83.2529620862709,4.05304009724587
3820.07849988352,-194.611593959663,4.1844808139311
1560.22931928639,-2110.21528094152,4.36485169975852
1672.44293649262,-352.322082227998,4.48558231325454
1715.95784353653,-2191.57838025866,4.93144855107336
3625.62569701496,-1869.33459660693,3.0639565128175
786.297567396811,-186.7303905287,2.99301017491596
612.326034570226,-1144.67584235002,2.84827894734875
2796.17156430211,-968.657280910757,2.95334765590966
3633.58145891444,-974.846780708696,3.30964741546675
638.77314789392,-663.234398318767,3.25760614003772
810.084109088245,-780.228090933753,3.49729594877295
2855.55079103209,-2149.72386763504,3.63829529076144
1135.79077300685,-524.838568634263,3.35986350700759
3078.56915040233,-585.71114990295,3.02332474816156
3274.78639559994,-945.256625115439,3.10745280780123
798.647238976517,-1206.33017104637,2.9463140961192
76.9778271574235,-1456.70315342125,3.00406731163832
1490.22111350329,-1895.97818621917,3.07654644969032
220.38140358268,-398.754727418648,2.98449156845962
879.369201614826,-1859.90553826946,2.95330317445334
3660.96815472186,-1269.2222458406,3.0528678341083
3101.66738283577,-775.941288192843,2.99367994954055
755.486905607703,-1243.59258791143,2.93873659575709
1430.18676641609,-1006.08026468478,2.88216349354338
528.893943370097,-1397.59622211682,2.84059381765777
574.302026370217,-1318.6068284433,2.74482517859847
1882.71355308477,-1578.9183569557,2.7310103345244
3832.5505424997,-2127.23270064375,3.03783975462256
743.502648600221,-1458.51375165725,2.89735788749611
389.648553146416,-1375.7409019064,2.92538150048322
2320.4317861908,-466.705818795153,2.90222164833923
746.922019161003,-842.631178018829,2.92080155660765
1733.69115557112,-1837.54340296646,3.21967403490392
1880.20461076731,-813.322703663026,2.74684726464876
3859.65811695654,-75.6525373698685,2.55586263199063
2666.42406251834,-1717.27033842964,2.99604389182484
3098.60269312738,-261.636553498221,2.97318313943309
1213.53285774452,-1055.02645561129,3.01765508117817
729.222876450931,-1948.79364613744,2.93745098107267
3703.99116415911,-750.782642912582,3.26243384408367
1745.72781014294,-188.42498887655,2.87273892341616
1131.42771847387,-1155.77882886572,2.93451481045515
4007.50159804137,-1092.55440401477,2.97203936313629
2438.53495126982,-836.9271145928,2.72285157466758
1128.12452335222,-356.342675224178,2.7508865066017
1488.20808845651,-2194.47113808031,3.14509824142697
2980.0557673831,-1992.07396554954,3.21696387763527
523.00471694937,-1333.21813746089,2.84917733821247
1856.84726991916,-1243.2506543181,3.13949829495593
834.26920539142,-1764.55734862696,3.12272917121618
2340.12952128921,-1314.6950693204,2.78012872184659
1823.37350800015,-1704.77211189414,2.50512571135487
3552.33146212355,-691.643872970069,2.78169053764023
1890.24076532467,-1481.00688552842,2.92105111411764
3342.95130515572,-2054.80632055435,3.01224515504751
2016.65869921837,-1853.62318843901,3.45675146554229
1893.22879104136,-961.875851691812,3.25742834237703
1957.32371883186,-966.17056109664,3.37442735293492
2987.61675483835,-1669.8500997224,2.62249600268843
232.683174995814,-2219.17148124015,3.11121512670341
75.6833210760564,-1030.70919613226,2.96154022976871
1828.76548432777,-81.2972668398214,3.12817185577228
2582.0282759606,-2101.90904370443,3.36200408047876
1735.38427546974,-462.851098323503,3.09603925993224
3852.00643831065,-908.281290961786,3.24849559773417
3501.31931511695,-1797.19718154822,2.5965027792783
2288.76070354362,-1660.6247555367,2.90844668049685
3048.28888523661,-1657.23603019494,3.50857664431063
1138.65635779837,-1348.50990441932,3.08905906944001
261.439675175163,-1108.40988709578,3.12585854032182
74.6450035957484,-720.962259654921,2.95297933390853
547.568999902343,-1768.8763030091,2.84787896234481
3838.08246347089,-1084.389525667,3.26613339423594
1814.9012152143,-253.305454454169,3.49685813146465
1335.19358107617,-1624.94300522147,3.42127830438394
2402.02223151401,-114.062329543777,3.82942923719348
3634.71516206067,-328.996505387631,4.03706169956533
1485.042048341,-1740.66484610016,4.09086910668926
1466.25340002625,-2175.5780163851,5.67133053607093
3979.91765843849,-1586.72608676702,2.92670220397441
4056.37697310604,-2192.4035883488,2.99194971829741
3685.80402351948,-1787.98793023445,2.84397478525411
862.110940390951,-1562.1827027418,2.8303723702021
2867.89740001769,-976.642096223208,3.0096281
1311.97140610819,-1579.62852086617,2.38932778909413
3991.25252397498,-1304.56386314128,3.13650779274233
3791.84617854212,-1269.98191517442,2.64587909279758
1532.53843987953,-1043.01061410746,3.08265087808488
863.508193231034,-1657.72926582405,2.77592311916241
2056.72164985499,-1208.93366232737,3.02155002389392
492.611105534865,-1204.87731173448,2.84477548362365
2186.44674139362,-973.835569749098,2.72056303475656
4062.95912799004,-1551.74166160949,2.95030469965165
1612.9698088162,-571.349512372096,2.98476143927626
1310.50988783588,-1396.59034773081,2.7429741772699
3600.87536768682,-1304.37926425705,3.2036090018991
95.6329466569915,-973.868829119766,2.9231117772867
2291.84467449279,-1410.84033644746,2.90066354743408
3990.50250399806,-26.8698478701964,2.87686852690647
2980.96319825097,-1839.2364617306,3.0662485136818
2035.28651174106,-1280.22056290316,2.82863764546293
1003.68937237023,-893.804363209035,2.75165924848
868.989750226691,-900.672857235743,2.58198041526003
1606.37105001477,-831.005824285299,2.87957904549016
2188.73544517789,-1586.43398453723,3.17303700160453
2423.65759290206,-204.115422270254,2.82452533179478
530.079961569819,-629.503826620976,2.96218445054477
2076.04374193624,-1141.25580230415,3.04832588970309
3367.11084021134,-420.40777328218,2.81099446726335
2753.44981238062,-1805.67876142849,2.7708787633303
2976.53830363687,-1043.98569007967,3.05857072872992
3840.43885753505,-25.8414149845767,2.92038627968155
3445.39357048432,-1052.47922529754,2.98470787730275
2588.39580625851,-1791.61289764107,3.0761046914287
3874.8363789657,-1616.22772905517,2.86883879891101
552.696787301522,-1667.34205693815,3.15904742250055
4025.90310463262,-868.503939633224,3.00534386964258
3103.00530513116,-1563.67302959917,3.45541858379991
1026.99298958577,-741.535902115725,3.14068193696835
3231.51835827127,-121.197142782715,3.64553335841581
1336.36368065082,-687.558052630375,2.96305889225168
3438.39873002006,-1683.03719164117,3.51046703968512
3006.59563538259,-1845.62056123298,3.27091829954317
3784.69377742582,-2069.81303871089,3.05127874603547
2999.67543481989,-1602.52061245802,3.45242529539876
636.590723210462,-796.687593043891,2.96837928243187
636.260718882242,-1362.05469939042,2.67925043627392
1671.6330828656,-788.703597437166,3.21409681882864
3002.17132397633,-925.384742039546,2.75376509995751
1077.74516808477,-1129.64858126836,3.07949745823013
3616.97858463713,-43.8264584596474,3.46186314017491
395.882504769389,-1278.1546938235,3.13621438756388
281.249195913237,-457.229498314945,3.00303812858571
600.438958252609,-654.104656967907,3.24549068151759
3286.03708080121,-2059.84525573375,2.91192019704617
3161.79169183133,-893.935529956944,2.95795562085013
2888.94559033754,-43.1608917699392,2.96966938346884
2760.95111713032,-1907.41270761313,3.26788958884111
2249.34220459754,-1600.12658144287,3.14368559518131
3748.37011670205,-15.1391024566888,3.08979205794372
546.272561941305,-427.613586303031,2.9291720717721
3777.88834562812,-1055.94933843397,3.11063908633612
400.86878683056,-1702.27055778154,3.4530366913668
2012.18402282968,-1235.21307153004,3.93688775459032
3353.63236736039,-1120.50820524468,3.49278697510398
1194.41241764048,-1593.6742021751,4.17617856614349
3210.6228609149,-867.350050709352,3.73463254691255
378.760124439413,-387.557866862609,3.88165145012881
1107.79855022938,-1617.87828475323,3.91255609341044
1203.81995197419,-1717.9899144469,4.16575319596961
1128.12685182297,-1146.81874101029,4.04294266517012
1872.78952014597,-1486.27395723315,4.6001327063093
3661.84723295425,-1074.14049549354,3.98138273039955
1371.24403840663,-1697.9488441993,4.27792184293374
1807.51633915579,-1583.5451449486,4.41942017531592
2295.56634864974,-1170.01516140316,4.57329211024973
1302.43353033026,-958.858780542138,4.33668143137198
1401.46942766391,-910.257879777809,4.86287713644277
2108.56260146277,-527.819321153548,4.90680623743954
4020.79118620298,-1246.35009995411,5.17355329969886
1412.89817871939,-2155.7720971639,5.12909573311006
NA,NA,NA
3718.62848968203,-435.251413900063,2.85837884463594
659.314139886804,-1361.95788580085,2.91075201988507
3723.07143494839,-1156.22700904263,2.89102235768846
814.095342299604,-1226.66198205397,2.87646958586912
976.26333255007,-676.061077405671,3.01343002717812
2459.68708482717,-2060.95606167969,2.87562433429115
1165.48241845412,-1719.40887140405,2.7105494317962
1977.66517063332,-797.931953016269,2.98918236578311
4027.68964494046,-1085.36829753428,2.92726981253996
1194.95479745538,-496.875258024957,3.11301235150738
2594.38212030113,-1858.71567756767,2.8554400011143
757.17495088678,-598.724021517593,2.89313540533911
1608.82727241935,-1400.919695013,2.89250838078419
4001.66464531918,-1043.5481195541,2.93389656023769
2420.52801988884,-2016.36044692548,2.90337935895465
3490.43261864493,-729.942363967042,2.9156598109775
3983.88499120613,-867.34171508044,2.98718288485674
220.576397589763,-1372.85422951835,2.97181965939304
1080.24361086202,-16.6707188459116,2.90146561089655
1249.66356921018,-1074.94437724145,2.92043626959882
2570.71652666829,-20.542780315886,3.0870727852987
1980.37825454569,-875.805076980344,2.95430558741248
2575.48674379483,-820.992633325123,2.88153472364617
280.826752222434,-1895.46662038638,2.93713577160881
1571.64741805472,-792.58209932494,3.14242648319478
1277.70519991518,-396.279466675753,3.05459581292896
1200.70990135647,-1374.79799888641,3.064822553926
2810.768431679,-62.6485097179562,3.00034556464938
1794.82100285374,-320.439243425056,2.85091624075976
3488.01802315298,-1729.34188216101,3.09773063454089
1308.82350449586,-1634.61884019071,2.88277073659581
3426.96786785847,-2114.80211497044,3.01801813547555
2834.16691105264,-963.125609362683,2.95278519005308
3394.90247928207,-1575.93244767196,2.84152384320819
3807.06064524492,-1757.17668080754,2.96286739927618
3479.57924866115,-1450.47379822033,2.90777040862614
3507.35367534583,-1919.17934397654,3.01315273902837
2838.12670289732,-1010.43396875437,2.99533402269778
3118.09266307226,-1686.07553370728,3.09915825301456
2038.39998611371,-1469.12335518186,3.07270585341229
2551.51698614869,-54.6968252615437,3.08176740039195
3126.32775931598,-164.052342842137,3.0403369132901
1766.25811889895,-1951.9136041482,2.93860438841824
3184.62620023995,-1913.87196166469,2.94795526939192
1364.22824861768,-1620.10622001003,2.91628009694805
1079.97112094415,-549.37887582815,2.9081663091048
3270.72047897924,-19.3268052907132,3.01324396002434
3369.67521190618,-1214.50440884999,3.05669440843999
1850.45109206325,-339.81542334289,3.45586883640593
1045.39214546636,-2166.05831152002,2.94869005836088
1045.12486641518,-481.688900214063,3.11241675894281
1215.75848682009,-1891.73079322363,2.96158455735818
3436.23651507981,-1253.97364560979,2.96559597128746
325.602710821295,-1906.51980727803,3.04555751318862
2996.37815712109,-1629.25825609816,2.88003303162078
4028.40434293828,-1792.2190503547,3.05754671070769
2492.94255238572,-695.225213351982,3.10012427558404
2630.23617123618,-1573.90941935549,2.9753302523545
2057.15095519098,-162.252484083826,2.93350020695638
1234.50174212667,-1692.91332340718,2.84739333102296
2758.28065959054,-136.541005773587,3.02282586161859
1719.28268552406,-1964.2009103166,2.99045089974007
2552.06977145467,-1416.05113913638,2.92770048194248
2214.94142942439,-397.696852370835,3.04303971571433
1034.69766552606,-1267.63430107737,2.99866384434088
3488.92331811097,-1315.19770368392,2.94910232724421
3224.11273715246,-1404.90881146966,2.96610747320132
2713.75842006975,-1452.38172855632,2.93597163010063
1671.7712331063,-1366.96843722597,2.92439467099612
3889.25083325086,-1845.91668458186,2.96355112504461
2619.67892779786,-156.330384720328,3.04518519409074
311.022230473066,-2043.51504419538,3.05676624387498
3794.91383704608,-910.261695936337,2.92353253182199
1355.39719125287,-1463.7864579718,3.05554257161483
1267.45195993509,-1628.3547438981,2.95283612473055
580.676192751287,-444.876744285333,2.95590013519511
3394.58513967785,-1700.17161240822,3.00145533399608
1743.91998893398,-1806.40513100488,2.99000529086754
2867.03729966619,-1594.6798416619,3.06001673116127
339.274203636312,-976.459781924218,3.01215391394765
3351.44072960274,-906.777913795335,3.02702206632919
3254.44910712483,-312.138365822933,2.96711638078225
2260.15263002316,-473.243988059442,3.1004690170111
2467.26920987689,-780.997982550934,2.89525222924013
803.469104867088,-310.036989637454,2.98516539506113
1210.94931962552,-629.304752843106,2.97667070118091
1887.94154091116,-2110.31231635938,3.02824554646149
103.276215329668,-810.124351868078,3.10922201173221
1932.67429991486,-92.0398189872012,3.0018699284013
1611.10367505202,-183.289916659905,2.86028554285596
3368.82184894249,-583.995400726799,3.16458988695773
1155.10875304328,-618.862462597033,3.0232163966851
3285.6682128642,-1508.06623066769,3.01456092206699
280.968107701342,-751.624480610192,2.92271819685126
795.437745290527,-409.953337719604,2.97361624373349
1489.7622815785,-1956.31074476617,2.96456440301564
821.794867576797,-2204.48398460979,2.975051304714
1759.62718456545,-727.854434970162,3.17648445123124
3599.81182000937,-1733.62337367086,3.09107544069506
624.717907616072,-58.2074301679888,3.10724847921339
844.490310249134,-1970.29781478571,2.92487264790679
1898.67807325254,-105.121813056693,3.05785422028364
2329.76159094186,-296.728652334916,3.09559403980714
809.462039002146,-1446.34489308281,2.95141240383161
3214.72764589239,-2126.81074722317,3.114996605667
393.567542158735,-2098.81801341204,3.1417570040361
2566.42026146171,-2207.12418340636,3.05948482647546
4008.14656128938,-525.60643833061,2.99785560399699
329.174555478453,-140.142908741478,3.05552876327607
1735.12315384979,-1542.81729108148,3.00499472449006
1485.97909504934,-430.729463250626,3.03547566132881
2167.2798751858,-449.612148400294,2.99358150255329
2390.62486414059,-1034.28038426236,2.96295541242373
194.499736300232,-957.168677625943,2.94342186405661
3639.77455798025,-362.655326009623,2.84739187721924
3979.2490608487,-1854.60497639526,2.96817955846066
2155.18950928369,-2085.22437666869,2.96701758487563
1530.88501495465,-1136.07450632777,2.93641098514946
414.581865491534,-1514.09950587175,3.07776174441773
4011.90866733727,-1696.26788117487,3.12980799880526
1859.41010842085,-1427.10218706426,3.07572321317218
1663.82262015799,-578.830388653242,2.97860214776362
434.560077933878,-1478.15079534382,3.09070876727085
2062.08683411247,-127.765084453379,3.06175778362826
2887.48985733387,-1306.73022487551,3.09538324586221
808.820952200307,-149.33927596483,2.99074501086631
2161.83979079777,-540.300586848972,3.0015769584098
2676.30746785306,-493.307981273424,3.04961450715045
1458.00009768505,-1324.05811233753,3.00864761202371
3053.65803786999,-932.610414635867,3.06455224887632
3840.64867467866,-1314.07016423511,3.04674736665657
3388.78495585773,-69.7645003593546,3.07783596321138
2566.24910397332,-607.771003168181,3.10606086577341
2404.56335651992,-411.939849628748,2.98233744301841
2215.87395673259,-1342.00014176108,3.10365906812102
2636.62750805792,-41.524947587212,3.06614022920341
963.370876143524,-1061.46878962293,3.07622357710464
3662.63372065474,-2194.36335236353,3.34640996716509
79.0633708622548,-350.735711847497,3.07390698226757
2905.94925499048,-490.584780927252,3.09694960742093
3419.2993497874,-241.809452948745,3.05033440861643
3228.30153907924,-1095.64789841823,3.08923617673208
1507.82123230356,-1412.96306918111,2.99805285938391
3196.25826195939,-1590.63247786558,2.91699082932176
745.573837925463,-1965.89188899404,2.96334003295226
1709.03493404386,-1624.57145131772,3.09902406119177
1292.0760066884,-993.52602931092,3.10595857920354
1916.18382941834,-649.775762534524,3.05368202684692
1272.88187071278,-1799.60781946677,2.98835101153903
3063.45025365645,-700.978633588252,3.00344238184163
2494.20171046883,-449.053869465623,2.94748896661282
1389.25654395467,-679.322330420323,3.00175003498915
1280.86812215578,-359.213055452591,3.04401540984259
1723.72177825598,-1808.42381883277,2.95409759110801
984.626555875258,-1751.10175547198,3.06391759200053
263.020385098959,-758.298281211939,3.05965349392974
1017.10344101642,-455.747248012616,2.97307070223199
3476.37917394011,-594.192285720178,3.15509270123345
3884.93227913688,-1486.49747467718,3.09909575664496
3915.31614348642,-258.524526039458,3.06904461830776
1054.07197021375,-30.6064942371034,2.9388207610216
1432.3761781137,-1927.39547226647,2.98290698780392
1839.77852070105,-2068.7074569688,3.12391708762841
3394.53546916911,-2207.32618912215,3.04542916519653
2869.7241077062,-1638.7811183764,3.09981000185004
1808.57683711447,-87.8573316130778,3.07044611095131
602.448823522202,-268.275485574576,2.98112716137451
3197.81943172161,-1546.73508080189,3.00420700110675
479.230543008011,-356.109061512849,2.93967523013123
2988.6566821348,-1295.92130272807,3.03392063992754
2291.9451146917,-167.064787880384,3.10458272188352
3596.48410569473,-337.863072565774,3.1268522615135
1366.60074055789,-1703.11691481251,3.15036242111067
2186.10967593219,-1573.51438918387,3.12180015476807
682.182728466069,-940.910890064445,3.18604266049907
1725.37179629959,-1726.73920097856,3.1669894740368
676.31411399028,-1552.22371408034,3.08372548266545
3902.07422432928,-874.941955664841,3.13069422177686
1973.81555366917,-1487.6949367112,3.28975946542515
2653.76607705471,-2145.09704100536,3.11811945041241
1568.46908604481,-1719.44545931825,3.12381609680275
3250.10614962581,-181.551565712342,3.01784074166395
3872.95047878497,-1069.91611200005,3.05219446935392
1428.43562858755,-2180.94309905838,3.08375286070545
2886.72964946044,-168.126487821974,3.16769422450567
2462.86772751642,-878.438792257449,3.06721714994895
715.911248869463,-1823.56680205227,3.15363573855036
3333.11420339731,-614.224210434466,3.02883378060486
3048.90684148355,-1327.66608783154,3.05407870268975
775.392267924899,-2036.01189577235,3.01126557608952
3302.15898055775,-1088.45022929672,3.04192428016269
761.13883999177,-487.038342542629,3.11728095414056
3558.11724879567,-1870.49740416907,2.921004729621
3545.29072808798,-449.769074261165,3.17786559315011
3290.21668340064,-1033.63787431296,3.14468421084871
575.758456452074,-1932.1639095432,3.08274000827339
2572.33147735638,-244.671591751446,3.12551275640391
1771.8359841582,-1887.79770225918,3.16212992392827
1650.16473257441,-963.555746460858,3.18367946160313
2432.46570899638,-1954.53292725343,3.00221956720866
3252.06866219572,-1294.87945867504,3.15527520106351
81.8595079430798,-404.199608828541,3.1282494118561
1765.50800104841,-1495.09314754072,2.94462294304721
1827.08015150945,-191.408640667036,3.10066862429375
1834.78547607967,-1843.60058982676,3.05578625771225
3599.5323331766,-899.994852212276,3.02865866428609
4017.2375672269,-637.500874000332,3.08920983863069
1025.82090580978,-517.518074510594,3.10132192629607
2625.25300217596,-2213.30396992892,3.02816554388337
2604.45304203883,-221.225462117413,3.19614294218568
1508.95924960101,-1772.86471984689,3.12568637633089
3040.49132914713,-1858.3604213227,3.0803291822545
1996.10861124825,-525.533937202964,3.11628186716589
2497.70610915797,-875.867620392139,3.15625029150963
3123.22835011463,-743.055909603569,3.07224674297816
1466.12881618471,-841.929140155219,3.14852726396279
1177.79609628929,-1379.54524555147,3.07378442619064
1483.82103280615,-1462.50277060521,3.04665618982383
262.647489841645,-407.902670206472,3.04924416966356
1705.94312281346,-669.364093019917,3.08035462637193
565.154483002202,-1475.89113986285,3.01870453937281
769.741839401344,-899.661503183811,3.10284990171445
109.310841468603,-1436.35372160493,3.01137447958608
2952.64904013276,-153.737624870532,3.21831184428548
1992.78390485501,-1869.93542945988,3.12840976678941
1902.67679847232,-235.003335408412,3.09350957888174
701.171231316199,-743.383995755159,3.0927937275793
2663.66182981093,-937.07647929764,3.00954162402261
3319.77483784983,-533.515049413074,3.20878160311418
1346.97815200957,-897.408692591897,3.14440872739421
2478.93883028645,-640.005421121483,3.21074925921527
2568.99069598741,-1624.04239288686,2.98075175144768
2365.2671565071,-1732.79855198025,3.17174797759043
1395.83992830224,-1607.77118521006,3.2389235579067
1274.64221559955,-328.570861658166,3.02428807873279
437.943747293703,-1573.23934517035,3.15670322701278
2268.5067236736,-1645.95878177281,3.12623297899503
2390.70230283117,-875.264423341654,3.00451791296062
3688.57717438199,-1730.95256175902,3.16136500117983
1425.97159189895,-2047.74445977003,2.98534156499125
3236.54129246827,-2018.48946884463,3.20935132739545
1221.79509028852,-1028.16850378778,3.17443478083904
2169.13946774175,-925.243273914849,3.1518539839523
651.622191836639,-1216.97412817183,3.14055566316427
2464.81745299573,-370.570562198153,3.02502906156527
1926.16605669469,-1557.62658177441,3.16444879146605
820.854375394837,-2005.94869366669,3.15379717560056
2675.56164395218,-1665.02539490892,3.11364677959537
2940.05822882953,-914.746810245522,3.00605779640481
2734.87842236387,-1713.656684253,3.12524751397995
1926.69934496996,-1330.59294828352,3.20395704444555
2465.5188857715,-178.87700933616,3.10206322578685
2205.70536680619,-452.393096185231,3.21044049075688
4036.2263093295,-1760.35161607889,3.15575410684542
2496.55819167345,-852.681980057382,3.1520007283673
262.637659847845,-809.511226458661,3.15073074486711
2565.14173484034,-917.302781176571,3.20176234510429
2676.18460476388,-674.099850585304,3.32721353860392
252.82832774157,-1470.33813070586,3.16809606626192
3776.13645320191,-653.139130892709,3.09442237083592
1604.80775087379,-299.703411471443,3.29322281541518
1619.17589130666,-2139.88147132766,3.15748850703775
1609.41805233741,-2215.68883227736,3.14897166945794
1486.43165464457,-379.585668275066,3.24141663715524
1760.75270044065,-282.657611581338,3.02960043086976
869.19500329244,-1326.18580384676,3.25943352881237
1827.14190754846,-40.9754263147766,3.10260728245766
1454.10308123388,-1237.15365769831,3.29597286012616
480.638622833813,-1838.50684754202,3.20373677713243
3668.12554755091,-2017.36689843894,3.18165005288276
397.69192888643,-1194.64470572198,3.24440753702141
3487.683118908,-1342.84555160338,2.9979959999445
3788.93378160485,-489.641054894165,3.23632149069172
966.830243582051,-1432.23212622705,3.15376802650909
3367.89048089173,-295.657928443835,3.30298779203453
3756.06684746961,-1692.20222076998,3.30279029004134
3190.77971922883,-69.4068692140574,3.28800664207196
2252.39201877272,-787.791634334596,3.18415407511653
1399.26669495072,-714.075687287057,3.31110672847757
3657.01838543031,-175.417289227257,3.10470349769382
3572.88735222308,-1364.35910973363,3.16458358940573
1974.85409027242,-947.294264467445,3.19033860796619
3987.04232683906,-1136.68165710861,3.20003239611641
3102.04223195706,-924.96181451847,3.01569907604439
984.635230749911,-996.646043483827,3.33953208284096
773.796261551872,-1337.88117538936,3.05665764321812
1276.20879207583,-1104.66891758787,3.12605176493389
3027.39781571906,-1545.61239951461,3.17390499870938
2566.02879191504,-504.25826089265,3.14892583748575
1854.91686542675,-1956.63288383002,3.09773681926039
2193.77594877819,-795.98097106568,3.12555511272581
676.852797629363,-45.1430950897829,3.27157583483866
3954.92938666514,-918.373371375736,3.13125291417491
3834.50232452692,-463.066890084616,3.3009678247372
3001.72072225155,-662.433914228366,3.19707459770314
4060.1369195017,-626.288876842182,3.14679057301906
1976.66891212743,-13.6315488525843,3.19648657691818
3665.94349606212,-312.910027489529,3.15710404367112
2789.33714886746,-206.420848597144,3.27833892688154
2768.86695517831,-1871.43564307114,3.18934268306778
3932.60698883658,-1999.36933249794,3.108996137962
1341.94192558664,-2012.67912551766,3.22328203703644
1088.91122820381,-367.821045904308,3.24142898039187
343.101510463627,-594.650774596761,3.06593568770109
1911.49596511448,-1796.32111650148,3.3096801873841
933.972793039033,-771.983867365691,3.21335055840805
2745.80196272938,-1452.04112867907,3.27757463636818
2737.13929315294,-336.300499700114,3.22012125255326
2085.2785070394,-1577.2518715268,3.19823548556314
4043.79942677044,-641.185014345078,3.11769004461356
3717.19834166804,-1740.93415208331,3.23292607013089
2185.39447636328,-1671.26647889129,3.16100343430246
472.851968990282,-1399.42431993792,3.16244205759669
1088.99414329054,-2054.48302954961,3.11252591178803
3374.93331714696,-93.046414690759,3.25614692777585
3467.49615610677,-1347.90611083516,2.92553362928084
3424.85200187994,-2175.8440259123,3.22143155766545
2744.31557288496,-597.244511826193,3.35179647556742
1700.59482209751,-1328.49400834935,3.19120686503858
3160.02768213195,-1935.7076421948,3.24652542577924
3385.96688072799,-468.17355233512,3.33615218380389
147.780713345018,-106.117202205896,3.05368752759262
2612.69628575173,-1977.80042983921,3.33765982020743
878.906256062622,-2088.33351959676,3.25173758303251
1165.59545992717,-897.100006500767,3.22963031980239
3481.9300545596,-894.322137970484,3.08493221504653
3195.90311853549,-829.375646060484,3.34013768974403
1098.76868011041,-1325.72622613604,3.25567334321351
3330.01225380343,-1836.8679845372,3.25952665729108
1964.2703006865,-52.4757538289646,3.03818362535723
2904.07748857723,-746.061791438885,3.07898507015393
314.293625564942,-1534.27376107176,3.23524887185896
1781.63031097976,-488.749845867993,3.27637438361027
1493.32961071424,-1788.69542220751,3.17384182014891
3945.90714092585,-849.224669613373,3.09829120973594
3809.15374565192,-9.78243649106512,3.19194937689208
3622.05654161658,-1563.33832836,3.1355179335017
2441.96173726356,-2140.60523303306,3.35195801960242
2028.26149881423,-347.551203527674,3.17678425544704
3012.0993220779,-174.166866863277,3.28527516224957
319.008624603319,-99.1220427278982,3.3634832667187
545.487124595944,-1280.42506077113,3.40704641952628
998.880960963368,-1700.64393249353,3.23094915872135
2804.8193801549,-811.202377919755,3.15755308463611
2700.57394276682,-189.169621985205,3.363802163895
867.045453759256,-290.501736714288,3.25127848475467
1454.46174631009,-1748.62638858914,3.28893783013344
3086.63732509645,-1860.05194338492,3.2092486581195
3548.92689358461,-1159.833953951,3.25038589495057
2533.43704918195,-183.966426757918,3.24634309539571
4050.54368155567,-1620.85695531869,3.28934818588965
827.267974349826,-1918.06004839845,3.42598172213706
2637.49103063415,-899.021782271101,3.23808142625553
1038.17696081481,-1500.47330165047,3.26439110087506
863.138652104125,-259.135986749206,3.2274249118104
3686.7722249327,-2009.67563660952,3.28374192069603
3970.93294759987,-620.647801934624,3.33597127938338
3024.44514572727,-1841.71182031211,3.31427590055911
2794.38546930986,-2116.92859984902,3.30696647394083
3223.53001025438,-1828.073200952,3.35600904108602
1076.83860888102,-1292.06786469772,3.3633880748688
1878.91150991544,-38.9130138904644,3.39015737670116
2511.92852525893,-3.83572318807153,3.27495490879639
1511.47723704435,-901.861753893897,3.29759845286544
300.906066584712,-1946.93085768081,3.35666525327818
2336.35524604532,-68.4389722440696,3.38722258145531
893.227549815568,-1983.58857787936,3.23509785999365
3430.15696453744,-983.76246658905,3.16811234930749
2183.53522223306,-2048.32144752085,3.23739273190002
3698.11828619719,-1881.36868717988,3.32789159046988
1479.05231803296,-1972.33360687519,3.21282060386317
2491.49989821197,-1483.89670652285,3.29753722203844
1989.24444118537,-1512.26616570111,3.27986811220854
877.290353120168,-1146.49807419942,3.36660443177503
3556.98845676796,-1343.40048213709,3.33207002382563
1092.53135512223,-1513.53210644933,3.37786082655997
2924.77197488424,-306.84419426743,3.29483281391092
131.891477718339,-392.702584067876,3.49661352760054
2396.92744855657,-284.224693994907,3.34939124259341
2179.24827922806,-1422.74344416587,3.34538524239663
112.299771392353,-1501.78074260905,3.30117026788516
3790.05989409057,-1028.6555852546,3.0892894073408
3954.10061473547,-879.114531932571,3.17236779492486
3300.52618735614,-915.135726420892,3.32251396403911
2349.4274175447,-713.912674691173,3.38191929056176
2359.70169683384,-1861.61842300992,3.22413470519491
2143.77399880714,-629.08733152027,3.36377808713117
75.0241118383655,-490.071326274131,3.31328516893387
3577.21179062859,-1191.08200663956,3.38823977313782
1900.23142325343,-66.6911700546396,3.23228211267416
3619.23310789251,-1512.0038774871,3.31516294475028
2054.69496770872,-353.655186352742,3.40182771098821
1355.26405451653,-1319.28823136909,3.50496621839919
2326.77816694006,-1809.680502067,3.3784545242059
433.585490202986,-1366.14667802987,3.41337649161038
1475.22348173214,-900.175705514832,3.29900242962301
1134.44733825761,-1225.08259886616,3.2557097706535
3163.21237191286,-1767.26086432627,3.42735435750845
3182.36819440501,-1868.28460771154,3.13995602979519
1042.76326403375,-709.755148135917,3.26028091567678
3190.77555914757,-1435.62052790842,3.35962356391834
2216.8651923977,-1687.10584118659,3.29193266370395
173.734950959106,-770.42244172268,3.43143193224607
2741.79637190052,-1640.61974318864,3.38915253909246
3260.15885102531,-68.5218813041744,3.26577168762725
1161.80477040471,-1146.55526873545,3.38583175199917
2928.16698933258,-746.081465066462,3.35240252963065
3239.83070184601,-799.971807835479,3.28787269210981
261.566280818339,-1354.29026096193,3.4738183514712
1778.07403959112,-2099.12681684354,3.28651954544809
2114.39553475431,-1136.55409303768,3.36746349513664
1987.05022003248,-1653.41026377155,3.37420746793525
3932.5170505129,-1448.92416580467,3.28877024491253
3911.20516100841,-1266.15838768276,3.40778438518242
1686.50215723311,-774.211337899118,3.34823947728437
3030.432865043,-188.111957009822,3.41865145950652
2165.97006527439,-1105.75317913408,3.29629917318234
2624.3310180613,-1620.49829880343,3.20928141569139
1989.14337415908,-2178.70610760869,3.36481610570224
433.507559827177,-1738.34488918465,3.41720875246858
746.280690150034,-1885.76445858253,3.3010440470064
1700.81659682515,-1478.77127764614,3.35839483846738
1156.1481147266,-1004.73183173449,3.4659330290405
1300.10744998256,-1047.60879703685,3.37707828274326
2427.46184027054,-651.026592816011,3.16330683752042
3412.62922047798,-1789.42386808144,3.43273927327611
2316.87737676874,-83.6004687975268,3.36410256148138
2086.71762558359,-250.670416245103,3.3886754160279
2640.42516260767,-678.647327807965,3.44606564961984
3379.32762307595,-1532.57493013154,3.40961472161064
2368.20358366515,-1679.84698713282,3.30655980604324
2785.77209992404,-884.523137158905,3.32709750288187
2921.25320442498,-2212.19403110716,3.50481770029597
1826.12538737668,-2001.12246563385,3.39004305286776
1470.63779226695,-867.075119778791,3.32060997089878
1790.61804702984,-687.162575408355,3.53345666331944
484.595669227281,-612.110843427759,3.38716485377019
3493.33630850904,-1207.1791212535,3.41001659139375
1955.03421948969,-1441.27520271241,3.47420482610799
524.232488551232,-194.886939963144,3.35250978765894
3663.35890449054,-2131.24654936632,3.49171322573067
293.630969810145,-344.730008524712,3.47227298821308
3688.19807991838,-617.630103610772,3.34820151877736
3168.3063701919,-679.911855512146,3.52025153668218
3427.89689138665,-1200.56526356611,3.44824147800601
2216.26805606667,-595.733848178332,3.40303324712052
2128.60635763183,-233.694454166287,3.5094257283413
2680.51317296457,-101.819166391582,3.47540174469221
2182.76767703863,-4.20355742389908,3.3632714241115
3155.97834325675,-561.669214289865,3.46386586001264
174.844910360165,-45.3295552455789,3.47605976667922
3279.67985928423,-1547.28083820499,3.44313147464191
994.494782766925,-530.106221177453,3.55651929353009
3202.03590648611,-280.63448073604,3.47794653660661
939.175547986894,-2143.51055567745,3.53404270166787
2955.77627068182,-568.165920488091,3.40474566987874
1882.15774639247,-1341.82799300177,3.5084331581357
3579.78495550039,-541.445820923084,3.50896616132273
3634.80697374479,-1084.84067164452,3.45046955232706
3033.05598781753,-852.282788986587,3.58827358925606
1685.86316235919,-872.982937431637,3.56255048640127
325.659044315388,-682.771219097106,3.45357398023277
2822.52800246484,-2097.53515417687,3.59123054698514
3806.57242144263,-739.136556262817,3.48679191875136
2469.12079982116,-2017.48311645054,3.4808282508154
3727.94356710901,-613.857152608874,3.54326327091661
1812.38851288005,-514.553248014534,3.37506119215269
3094.42897509667,-1456.55601120156,3.45881798265615
153.731531897775,-164.317961965499,3.4930708796811
2791.40141146869,-829.606621013839,3.44580175565658
3086.93647942389,-35.6106161928143,3.6710819756561
2064.48418686458,-680.019741713199,3.48444352666266
668.344208094936,-1455.54229533,3.43720433896535
2825.211181063,-1101.43308561694,3.52060696193178
2349.84758791135,-120.037443807841,3.27812825660952
3635.86280988578,-2194.99252398499,3.45677386089956
3295.30543386693,-2134.0070708563,3.47591629264442
3179.92304486936,-97.3162656275252,3.53560219075732
2383.19116580995,-161.761954618241,3.54113461862644
2287.12541475248,-566.381255199328,3.4340590930171
274.145154590454,-8.27849036604414,3.5723534490024
2344.60900708591,-1413.14957164074,3.56703267061879
3283.59718822434,-1759.39303682403,3.49767900724248
2563.36227437192,-2026.75162093802,3.60258620189377
2315.39760866318,-1966.65624424299,3.59412995407959
1254.48912055956,-1725.96391075762,3.59159270753421
1840.12288070067,-1362.86045919455,3.59231369799184
3842.63708627551,-1670.8257187836,3.6061367763629
3477.14059945133,-1027.22404825505,3.49693173101966
1875.11302711915,-1379.41415475706,3.59658713233042
3353.32715546305,-2202.34095747916,3.59974339000191
314.497154024693,-1333.50736854149,3.69715852970666
1942.58965011114,-609.069328907948,3.50137732186498
1488.17394142169,-170.961357702072,3.40885389599603
2994.39764691429,-1445.55557715156,3.66782364944697
4044.13356464201,-2055.77611845179,3.59493700934577
1309.36390810997,-455.505407872039,3.67551047300275
1679.75409247962,-2161.4310475533,3.58026378361651
1536.14174733783,-2126.64716292174,3.70164868220865
190.107713793341,-885.228637175248,3.46218176238958
2473.68027513376,-2120.04583026244,3.68638148409267
1784.43340035177,-787.452552562679,3.53801940063637
1834.43592094959,-603.649737343425,3.59747661403599
517.279885549209,-1550.31399569708,3.70986170021284
2726.0325073341,-278.486734636573,3.50376471861051
2354.50409113663,-392.607167253499,3.68277648400982
1280.10802715768,-159.467015845791,3.75319471520217
2824.07105570657,-1197.33320552825,3.46834877905906
2136.46863695776,-1292.35900292638,3.73264518541917
562.133059452265,-1909.49150187649,3.67939489717969
2053.85717128627,-1826.36566093188,3.72784060932881
2839.82111419891,-1582.99810407308,3.53967435499081
2964.24754845424,-2084.13730993367,3.8243515789233
1186.67614651372,-5.19087442143995,3.5616891081541
2293.08252962853,-1087.61212207592,3.73193597673694
825.98299977131,-818.828339809353,3.7066249087576
2546.90772101664,-2155.24321757895,3.62679749341628
61.2488724665688,-1515.50804557328,3.61586490272539
3894.99787289886,-465.063000282609,3.81261222713129
2835.1390832831,-711.088170104043,3.67833160885703
3724.85809244177,-684.694322847162,3.64248223814318
1217.92278753063,-197.028271223576,3.51035951593031
101.745287805542,-1328.21463688396,3.7673579431158
997.499254439573,-1165.26864511709,3.74759611758336
2381.8407368758,-1355.94979600277,3.81753887375012
3253.44457727953,-1132.51236965289,3.85007914593737
3000.95897611339,-1670.97242535147,3.84216744688307
2279.46643502029,-295.567030725261,3.81281924909455
1004.57743064692,-896.67439768328,3.84682274478201
1511.95734937652,-1732.61142405998,3.7667581290138
3131.57849063817,-1996.81162362441,3.82902088247448
3731.97084591857,-297.966414674793,3.86700409790849
323.160730063038,-1728.43545077878,3.86894099196055
1866.01869410562,-1996.25066653733,3.93295411066743
549.812828645536,-844.69937157387,3.96499970318827
372.786322954501,2.08495712856699,3.92778167650241
569.049553478907,-163.942825161429,3.77107362402359
3061.52522799375,-761.245901630334,3.90067913615875
2702.45529308764,-2037.22187278941,3.88944114295407
165.438468181781,-303.14287036993,3.88586291313161
1362.56336903445,-1042.25294043454,3.69531493181745
1599.16667459696,-1326.39235872108,3.97633688369366
352.043157866855,-762.688174781485,3.77050818988138
3749.78317015383,-1029.17342806978,3.89189994116515
2873.73879244513,-13.5609854786112,3.95900193064321
520.500498773052,-118.8460982804,3.75960191395402
2421.72440837538,-1002.96540670211,3.82106046093759
3344.69511185876,-1360.54005196684,3.89064515664969
2811.33794639015,-384.175241415769,3.77119017913714
256.326990009022,-696.113058547817,3.94577098408212
3780.08157639027,-1516.42082218794,3.83769527203864
2461.45770077137,-311.762427592287,3.96247721960786
1088.69429908828,-234.819947941745,3.94048913223539
3017.63827697122,-295.98325941561,4.14119462220575
1950.52937564211,-220.228381788075,3.99673996988688
857.437952240636,-548.896783522956,4.01231012825422
961.59344776414,-271.587942198786,4.01462395083141
101.157111105729,-1098.01987320541,3.95543589941273
746.079815241014,-1135.13962535424,4.09102168449278
3276.73731127586,-188.382244130361,3.92503832412123
2984.42148982037,-20.5138250598525,3.83393087298948
97.6614446795223,-318.804169335824,4.13620645383651
1146.10631099304,-2215.90228780809,3.94737330381187
3261.26491650487,-887.779595909518,3.82413224737671
2600.75165962545,-435.201748256717,4.04389214365959
4000.32348767091,-1316.94508452362,3.98288596817037
994.242774940812,-1883.55567518492,4.0311829942694
2235.18279280055,-1979.72264428126,3.99508913700386
3307.97677165036,-1908.39888958408,4.07517036146866
1757.66965142337,-862.837939864102,4.15928637182206
2946.17970485879,-972.713385176008,4.03488344017314
1571.0583448573,-1080.4606881898,4.08424008015189
3313.73289676954,-247.432835785238,4.29824881154583
289.348183237877,-545.722717730281,4.25316935541933
3088.59273913126,-1948.66062055872,4.18631173770262
196.316509529692,-397.723450747982,4.19634618559404
829.643657844909,-1347.22382088229,4.18175678403817
3764.72245726311,-1434.01484616761,4.24889228655432
1253.89239377949,-1523.33625632241,4.04052082665933
2729.30224763572,-1968.59727010831,4.21323106019357
2444.07315987036,-231.772482851652,4.24467547090016
3454.74586791945,-26.9136038451662,4.25043027787034
1235.78366990901,-807.197880311765,4.27051608387512
2587.64351040723,-733.99702218185,4.27085112478297
404.153277254767,-100.399774586365,4.3018977646217
2336.50544605594,-1816.42996590968,4.38341528762308
142.198576031979,-1175.25266787486,4.38483625012506
2538.19901408344,-1930.80093915097,4.41137431539133
457.317978535557,-891.484454455131,4.39640407803872
2101.09446988022,-25.9389880078696,4.2907321539338
1261.84984336277,-2160.64919077917,4.31352033318562
3051.04178655424,-828.957167565177,4.41985785276666
2285.31057649794,-343.987847121693,4.33926560799845
1822.05490569882,-2153.27827289823,4.13272892601551
3445.88474277682,-1659.54139670176,4.54577904399101
2488.18870618776,-1321.69817786745,4.50764929744115
2339.34188372142,-671.717125219633,4.4241778835839
3339.24351361513,-685.099473155646,4.4733729847426
196.010943940543,-1262.54765290062,4.38818242344267
1725.94631352601,-1365.25018276912,4.61881533671522
3957.21482149518,-1396.46637359037,4.33831524484128
857.317109194472,-1101.3892265357,4.65099412536704
3041.64880185346,-2084.29053428544,4.57307428223687
2054.72521027325,-1397.0238509587,4.2183870785055
2925.52100232792,-2036.7400000621,4.58688951780907
3133.93542999893,-1082.70207145521,4.78857058783026
523.322874566421,-544.853179518859,4.90046769732949
2572.99355006844,-1611.12480479229,4.54190649699116
2982.86569917225,-2162.67790954339,4.52833422186772
2899.13301813857,-439.356567400305,4.79164407840463
3619.72640116455,-284.919154416132,4.68467084276479
1118.63479878741,-1428.09752578929,4.81856432420444
1553.80119721489,-672.095464212471,4.67302275949314
542.40607777548,-1206.57238737848,4.49732086729217
445.281014351189,-1291.70662509505,4.61347806083619
2172.59428300201,-1873.72612248741,4.83714790532724
2678.0833067406,-2106.74585330145,4.77037681604394
1359.55885460667,-642.092897129834,4.97895050784855
507.056993502433,-2074.82388741536,4.88417255462642
2965.77952895047,-1950.37867043458,5.06466091207049
1933.12164546573,-2187.88288762706,4.88430237565246
1119.47394812195,-1979.47836619294,5.08628332518447
3210.06332593236,-1258.38207366355,4.83589996837788
1684.99852768891,-484.394369474949,5.10805227899378
190.531812840913,-672.191778047578,5.11996955238843
2991.38046519706,-1181.04595051862,5.26390746108543
2896.10459163306,-232.283084258379,5.13305045132033
3454.75057940764,-1332.85365474361,5.42567417951037
3302.98336101569,-482.091508426742,5.18182265237672
1546.52212055946,-1004.63018889104,5.16030447986446
756.778371241905,-324.150361149769,5.4182452810156
704.479792417799,-1655.26006057493,5.49416055396126
1410.27055843564,-1175.60964239898,5.48939134225174
598.824047559517,-1027.31445731719,5.76910936509738
3653.44381247768,-2099.66189786514,5.80868983481073
2622.30481822368,-1080.72757250947,6.13737471439926
3381.47182845149,-212.589789479987,2.95316719143899
3217.18519216466,-114.830266095855,3.02526870815925
2711.50743888549,-654.062394084942,2.92205958249606
501.446156573264,-1901.73515106882,2.92892921995254
2084.99461594185,-2160.50120208842,2.91319859225151
3555.54820672656,-87.6804411782706,2.80478866394223
442.219511214226,-743.961681045527,2.92498448921118
1660.65329728463,-445.529022466356,2.9482098970646
2350.26728239942,-2052.36594797153,2.98379739088701
2984.09704445904,-2033.94953638219,2.9228644193975
2669.30772080544,-924.555500066273,3.25932637326729
382.585601289228,-485.585066814269,2.91225295735921
2630.80026213436,-330.336862998549,2.9743372123703
1807.86274309328,-727.444311551046,3.22135840995355
1586.31527961541,-2065.20682627142,3.08417990167398
2645.59043761935,-359.011332703612,3.00392372202498
181.861987220976,-619.098393534848,3.03041854498406
1725.55511360304,-968.56948126942,3.33050814832561
3083.46629406399,-1081.68112584026,2.75668049702894
2455.38499786855,-157.042685385371,2.77935184509196
2170.93760470513,-1316.13202038124,2.70066411478118
3675.27039838942,-127.735658965789,2.56341772576802
2213.14788823277,-48.7702082005288,2.90127556937805
1703.45411282825,-843.310313805022,3.34604352809597
564.129388296496,-1492.74579513183,3.07914931100206
632.290022904249,-1419.69777530479,2.8729803474987
2686.07237367976,-35.282149807775,2.99391343920784
3180.32243017234,-1606.8652299724,2.99319535222326
1216.179190484,-1931.40399330373,3.0010510045015
3753.24070931817,-1730.2047647423,2.82301147610796
504.01684181652,-2156.73844790955,3.11961626978092
1434.1567107424,-1779.08010880437,3.16715646400383
916.150155998766,-203.648313359154,2.77543254835441
1134.05684069595,-293.190413006762,3.18031253023428
2267.40284158684,-494.750496186351,2.90843828870877
3261.55638598954,-363.017616905771,3.00417790504516
2384.93987397822,-298.608978863965,2.86439360122347
1498.309988746,-1000.43643143987,3.00286169874143
583.271106088648,-217.593929573691,2.68990751013322
1615.82982185806,-1083.48134929905,2.93333006387505
1528.85135459517,-503.58182535257,3.19934579392799
409.358766792665,-1037.1315404286,3.0088502143299
857.856636857441,-428.62980065518,3.10598522980096
1797.05580630138,-201.186462078176,2.92847228304982
1428.08280986006,-82.7223775706695,2.88623090055584
1602.08139995322,-597.591167872885,2.98644943247925
3891.51048574471,-1304.4941778927,3.09297950171614
3433.60265002226,-254.902025166189,2.84010481579851
952.321685294366,-435.806673806854,2.95876485260805
3432.43193712738,-293.011617070904,3.08454926358061
2409.4972458896,-691.596203273267,2.81630598372673
2880.99551778067,-475.048413696916,2.89714566690875
816.408080555677,-578.032063915825,3.05876216873833
587.835610641498,-1503.59550980608,2.76739762954044
1461.80895315853,-1715.37277374404,2.51520254545411
3429.81366169221,-821.493312634882,2.89425979674842
1119.26591350787,-967.508037504462,2.99269893668216
4017.93771267051,-66.7553020281063,3.49014252663233
2313.14367792619,-992.701474270632,2.8232236164453
3544.28303595664,-363.42092942071,2.89075267250374
1397.1055619935,-102.041869929578,2.94213839090981
3391.22714762248,-1963.44210294236,2.86488208772764
908.170062497213,-1529.1357222992,2.90650056098873
2014.78342664987,-462.093444853763,3.14115726732474
3179.0626260143,-292.191442970548,2.94487419770442
3505.18807986151,-531.143101654417,3.47665285706087
243.959802798766,-111.535397457184,2.48783786056253
1034.59092826936,-125.49530159706,2.95944676014882
347.924318228131,-526.261025339637,2.93606773736175
3094.14812018848,-1799.0053241766,2.99881056216386
3909.80120087196,-9.0812038722889,2.83118607128099
827.61097780665,-375.191911239314,3.22619957034958
3143.38648834072,-506.299961779027,3.02454280662409
3728.12781519049,-332.37134027573,2.87186588719244
1320.16058929362,-381.645112294085,3.52177509011107
430.639034079088,-1874.9882592306,3.00164808273901
2274.80796191282,-707.922978100852,2.76325721751371
4001.57619142917,-102.301405482244,2.7846323615493
2077.73298663976,-355.452313913027,2.88364573301705
2117.61860451163,-274.976937275711,3.13691089128881
3530.83460767612,-879.745558976872,2.84966716429074
689.17499219596,-83.1589059592002,3.05846556048894
1147.30951691692,-1449.67368448449,2.96841463656078
2801.23615035853,-573.27686336567,2.8777656055118
3613.82107004508,-626.158618903156,3.01429711655027
1635.07863652159,-2132.75308609055,2.89560941938139
3161.58624236262,-302.016603646484,2.91652240463236
668.459104467103,-447.78294424347,2.93336950963387
3362.89319320179,-537.662998739793,2.77794646983699
2159.99094702943,-567.219252982819,2.96285055004811
3044.62306774023,-1645.03132712289,3.21114258937666
2038.70027669231,-77.4206364494332,3.13416640432349
1289.17142130387,-2108.72691764458,3.08709199583824
2770.27395692705,-1941.07099388037,2.92161429631155
2744.28580281286,-1836.41537258317,2.88400688185531
3574.8124746071,-1893.41673524754,2.78791358983692
4064.05123913887,-401.239902781432,3.22145787323397
2587.36899875115,-29.8895968863806,2.75307574767667
487.553742215053,-1472.76660686476,3.02286097650747
2450.07494590629,-203.994747471156,2.80393241251536
1116.37323372266,-213.672398224488,3.09655074335301
2198.19238909743,-1646.47459539407,2.82467733204308
2035.83523331468,-273.928927068541,3.19251397719467
3122.06986364234,-443.839583599821,2.95098393433523
1920.06247879707,-412.602765301496,2.74795354941656
1447.60986616592,-106.924813702177,2.76271874959188
1310.5722329742,-1411.55125759903,2.88977447258909
3212.48813077569,-411.289169631464,2.99820099063086
2013.99488635539,-1695.14810992,2.8610026964147
2337.65207520645,-2213.09943069221,3.16870007255654
3111.10111188635,-2198.64855759371,3.10159599156083
726.312374463495,-1022.52550760295,3.04263077478066
2976.30561153422,-333.700425368471,2.83491765673662
3529.34785355591,-1670.36392564823,3.31134542973056
982.308574402586,-42.3158287509133,2.65001446011598
347.929241072118,-1454.0199268994,3.03966374863689
1494.43412119516,-1218.25506562376,2.99725096461648
3352.60890013994,-1882.79357900884,3.04933963169687
1131.14269127642,-53.4481480231943,3.06773461826574
1205.71571192798,-1083.15220969785,3.00446832615111
175.742368823603,-248.944826999476,2.94856844692844
1336.61651625559,-1653.06537436805,2.89282944906493
406.386359502324,-64.9979926913638,2.68170565479855
1548.27951150339,-239.7681737471,2.97147650846584
1197.10177762468,-99.9919291348184,2.65629324747306
2395.77856270489,-564.421111615325,3.01778535713976
838.530881898616,-187.138351825299,2.64911818558352
2487.57585843339,-360.061643973323,2.89817457076818
1570.71219673939,-197.220829610255,2.91367338782789
243.186149663015,-1730.87012857822,2.75858828052592
2026.74877552091,-2208.55971602458,2.91961942254986
578.415602997913,-945.642854381509,2.99637630414177
191.571609355423,-1644.06490802532,3.01979733439601
1307.17446133197,-2116.6471129443,2.92580042294951
1156.33626096763,-172.246503946186,3.09156154610619
1785.59797998276,-1921.91709349746,3.23269194574141
3274.0437498926,-480.642375870316,2.93836229640957
974.424876337545,-1548.65503041503,2.81900043487362
693.892457495339,-821.112910884306,2.98383409554012
1511.09199706362,-402.858407435541,2.8694651472493
2997.04726754945,-1744.34364188461,3.00122438466423
356.986822064698,-266.493109434231,2.83785736889093
2267.44064665155,-181.779525047348,2.91841277049656
2996.04255401515,-80.7267757151661,3.1887724666473
1412.2018886003,-220.674261215302,2.89200903454778
3443.12440593932,-853.524766769983,3.22301790980481
1179.77707012634,-505.659676257216,2.79338360983313
308.173407281179,-22.9570770462806,3.26527552042417
1065.37394021769,-60.2992889144473,3.62799602152818
3301.57825704879,-459.073944393075,3.1257530605276
1862.96662673482,-15.1365580856327,3.10745472123125
3337.31017036951,-642.540723386547,3.03781988918118
337.338619783257,-1587.1791774434,2.95168276729797
2419.84501831573,-56.7451830947222,2.9520138095775
1119.69562226605,-2187.64454211849,2.80653480352544
1222.2865140822,-430.919872776178,3.17050420144684
3118.89561348109,-1705.85112084398,2.85438970071478
3333.28382471771,-879.689825804507,2.95549457758519
3096.30155744362,-2107.31517943652,3.14119696176266
954.180341351066,-2123.02884791375,3.19292960907833
3501.06188586189,-906.590794885847,2.99741897724012
549.199079907274,-2125.51216699903,2.91097944634227
2509.81055186563,-441.374414875736,2.96641854241212
3896.62403892273,-368.873115692985,2.9299115982977
3445.58113923207,-464.508111607064,2.84947216237812
3685.23324286668,-499.107437065091,3.06644585355524
3711.42219027229,-2008.47489541544,3.09244825564655
2964.22250016872,-1378.69999412147,3.02989892536163
1094.58442242437,-104.039493648595,2.86944744297032
2499.39513340464,-1930.18622642823,2.92691643507314
901.139806993777,-96.0753953070413,2.98589014254018
535.866879103055,-140.561248774677,3.06244810313564
2841.82810486746,-552.267371708236,2.93085491763729
2089.70916066695,-1957.33219124207,3.0524197948643
2604.13607294823,-1949.17417734849,3.02702954845164
163.349320307339,-1528.73477136051,2.80134254929296
625.396384995739,-1398.49169245803,3.03243027745185
359.090730816698,-124.32635613199,3.10630168997469
290.337513303052,-712.702875897757,2.96032074131481
1252.99132094416,-1498.10183742216,2.91475900875046
3044.68516511125,-1955.34728481843,3.03873191416048
1665.20152528559,-143.806480322766,3.01361524300313
1655.89833455848,-60.2840572168759,3.09248469966495
1108.6778645221,-1595.40358241811,2.88280224231356
884.003679003183,-107.250349694586,3.08018223342005
237.551575625378,-1791.74052846547,2.93875348865448
83.2971097020201,-59.668993514001,3.05106602021642
3672.77356314784,-1438.8893192844,2.97088300096056
540.107010454051,-376.981402908073,3.0706679709281
2955.77419232219,-107.333740640323,3.02479676149257
610.710929445279,-429.370085769572,3.04565240555758
2827.01156927204,-9.52521347740317,2.85775161234003
1276.98152387027,-1942.51611454427,3.02999434585919
3871.00458387566,-289.73822307978,2.9866420915429
2162.37259532254,-1593.19966507246,3.45091062059138
75.9518524870572,-2100.04638436498,3.07814936572486
860.458610637157,-1519.36062984836,3.18322267072618
909.137998167988,-81.564155486353,2.92018972770836
3178.7667999436,-460.305400739018,2.99102351058145
1700.59832646977,-101.00013993417,3.00677683304923
102.377823333037,-371.108736090407,3.01131128099153
1785.36347161551,-1131.857615401,2.99431713775618
1978.37024998923,-449.225678650688,3.01782475054067
3270.81199845644,-377.806655282309,3.04453959599095
1312.44403172441,-223.779611132013,3.45221567877537
734.179492729245,-1191.19456806476,2.92074860973411
1280.15781899071,-99.0119500735355,3.09118140616136
3284.75241567904,-866.054123789863,2.92082171723048
1220.86855588115,-1551.26004934005,3.04707020773134
363.328787763299,-886.839062581332,3.06811393101446
662.039396883578,-897.748793898489,2.97040128933901
582.872032840898,-1600.97200023321,3.06857873110108
3714.2718243987,-1673.45737810416,2.93195503226891
2421.07466606069,-234.222508650299,2.95492272348386
2804.23133507773,-1961.39021791035,3.03889332936214
1716.6157821033,-1917.10374500831,3.09469089054866
2318.68614310716,-155.140085564909,3.04011112423267
1271.69008067013,-202.658448628882,3.01572275155165
2179.35693479271,-220.221204576821,2.98942529719234
3184.30620292538,-663.857358956291,3.02388039681558
1930.22127015148,-106.806930726593,3.13702558918079
3713.70530754873,-258.781482658831,3.05749425293711
3754.28824158204,-163.139450697988,2.97773088203916
1579.04649036845,-254.720492162571,3.18943926133703
1029.86597627336,-1621.51964628331,3.05037877785392
1053.82683270366,-1575.10503337458,3.21887961223125
3693.62874687696,-19.4869942169157,3.12775081153689
2760.3430862766,-37.2834096810566,3.0509013616462
1383.6933164561,-141.381967634083,2.96348361701674
3105.60167926936,-1976.37583301105,2.99384286408859
1013.27474106959,-1024.74314392039,3.18420064512915
1928.16843189157,-475.400376766641,3.03279196966802
3342.77359853607,-1791.42572731749,3.38909389608652
409.873321368315,-238.522270723695,2.81723092046733
2241.07026575733,-1761.09072157349,3.20803101969762
2551.46748884864,-2140.27284407155,3.05738132491601
1417.36908600363,-1969.3184073993,3.02947028098176
509.978032598265,-1752.30202004319,3.27054430164547
344.777743175272,-277.052291248582,3.10431401740033
1798.84692885455,-1644.28668083101,2.74066126651751
1898.08821591301,-2182.52264746445,3.27454271807463
511.281552077393,-501.033676013806,3.19442036625655
654.801040990952,-430.063660778719,3.09394643551226
868.4444136582,-420.466918912758,3.11275944654886
1059.11520852829,-348.280285033319,3.05054192939494
1365.50725096998,-152.485805755149,3.05133067455171
2020.58938236846,-522.628834733253,3.08225754435938
479.304577373745,-145.949695611393,2.96225849798021
998.448783390215,-251.285768008803,3.06922194009977
1823.70946113895,-137.888568492763,3.16640960332243
1635.0766164263,-298.382050166234,3.06797949070848
1975.70795952034,-1406.84301395048,3.16864466704121
2609.1395869054,-317.246186210925,3.15231223406427
1637.85437676042,-1021.13953148001,3.08842548394221
3608.0117642171,-746.989740118634,3.25108114130386
3980.91766807295,-539.864274261357,3.13769813849283
3326.61148440125,-1711.47364516113,3.29996116458142
1313.77919115024,-1604.21290103793,3.18555473854238
1944.30689435038,-1496.38064427152,3.53186617170636
3624.98274889227,-934.153463544748,3.30053271428941
1986.76635625054,-556.864156090208,3.23711808604026
3561.18953923944,-1627.57874156325,3.53542774946252
2994.21574351569,-1642.82266930997,3.30197064368239
1181.81196437961,-1908.28608724034,3.18817821114506
2897.86020341994,-1354.55910833644,3.303372734038
2601.17775152263,-161.93329632841,3.27258184612243
628.574016934991,-284.147497458207,3.52489719263011
2404.7231461718,-2207.72479447601,3.47065192307238
3686.24321334613,-520.691903490737,3.51381055296785
1939.3033527239,-763.208538953695,3.62488335724982
681.750829873951,-1881.42672452016,3.44261742841201
1835.71955389419,-269.847889124656,3.31410054218978
1693.15713937726,-184.206934661744,3.36977076113835
2795.91052263623,-1379.77229109555,3.37802224252495
2419.54706826345,-2203.9756204936,3.2915888725487
3349.33932620836,-1739.0509599449,3.53605432672636
2527.55555284799,-769.726763813529,3.40547594317594
2815.63628620502,-166.119262449219,3.56670314770361
1884.77324330464,-547.632535724332,3.40219873177757
813.81579834608,-329.87809831965,3.37534410080465
2323.68615330248,-1497.2701933793,3.45927112352716
1518.46628818671,-342.569995339288,3.54808538063975
1451.34457450789,-371.449414876021,3.71496352418954
2564.03683726175,-177.766970073456,3.35394216218989
2966.1169435496,-1473.17140875747,3.57026492671459
1482.84521536739,-320.00511398333,3.45770885375055
1451.72282078124,-267.968110426323,3.56740207580293
308.895127093158,-2203.24631942114,3.82238736210456
1317.24764393536,-1512.60596329374,3.82381727405888
520.387576116159,-304.903983350901,3.80610056152439
1917.24780197564,-177.34160705188,3.67958335671762
1390.74648962311,-342.930425751951,3.85260552760657
1594.79978847117,-1693.70141118121,3.86386414790549
2033.80134250746,-214.571927018314,3.48375369615655
3008.95120717279,-1836.49536239197,3.86434908723642
447.760559301508,-349.46739705293,3.91963261960579
1943.80031481411,-491.688528652964,3.91887867736451
1319.72919743593,-182.755427575733,3.72480726327739
1090.4710595578,-2118.56589493121,3.94500119314657
3439.29065795946,-1836.94383680047,4.05840503665621
1164.85935741861,-1515.65583212723,4.15336883701685
363.022245272325,-210.551127797302,3.8090865134762
1538.01286782894,-61.9179558057534,3.63743770278837
437.950658386734,-158.738308241817,4.02785821704064
1029.55033469222,-64.5122118920666,3.78912089058509
1540.83611258312,-1688.74625763577,3.80711717425053
650.102103467281,-179.020323102526,3.87058856242572
2316.77344460882,-521.90805208247,4.01128998384383
947.04149447482,-29.7932570626033,4.02101770813685
2385.56157839971,-1616.5647473782,4.29816188093035
978.051119367836,-58.6561274196807,3.98260053448926
3436.09506423914,-1583.84593493785,4.3239735544417
3881.30557469799,-208.043328114628,4.08051590645522
2756.6614363397,-413.235239516791,4.0365635969328
1873.71769639033,-1634.83859350792,4.09002307471073
620.506499459204,-594.63198058223,4.15610145020436
1313.50565841291,-118.819578597372,4.06633383802039
2967.29656731242,-1939.61728210247,4.14685553060124
3510.26503504136,-480.256641839935,4.32163027887382
1439.13970232706,-1443.75583195261,4.45011053241828
2778.69026402249,-273.569116232278,4.2561305086747
3971.56290390744,-431.041395260016,4.31519956142934
295.49165083988,-1858.00527425103,4.37015092489658
2232.34488112694,-528.400577185611,4.41764634306945
2289.54341085273,-436.769866678927,4.30588053815282
2596.35297741686,-574.772596244508,4.61140963117207
1101.83873061541,-705.558108763948,4.53828875111615
3410.26284298626,-562.605195383575,4.97397378503184
1519.49757699248,-515.693039553818,4.92309514943607
3655.58072390217,-1612.01574639831,5.24461034436783
1707.0170680748,-78.2475024531066,5.30066192977795
2870.2432158394,-446.689189387987,5.42672889266832
3224.92932390226,-277.884000552162,5.35494566546993
1835.94641911638,-1251.28990611369,2.71011684456015
3078.1541577767,-1042.40873201464,3.26544735264181
2805.22418753146,-1262.46623841987,3.14944610860601
488.572588163272,-1788.9125979451,3.09105238138966
1686.64991449365,-495.662151034968,2.97544897514017
699.477619550778,-1701.79717623333,3.23900269460057
3309.58060033895,-2165.21554397314,3.25175518806231
1314.46570613466,-641.196493108171,3.32095826361049
3352.4397244719,-729.403939686289,3.31005117941385
4010.5973056526,-67.9519162708421,3.35209575598631
3365.32549221833,-702.329010773678,3.29197715255473
2584.95584597606,-1674.5817181423,3.45099205776325
742.413785795,-332.967357198746,3.40062743257469
699.42200314082,-2062.56739798854,3.60305705847249
2319.28274188448,-1559.06716331884,3.77554900027828
1642.78665848865,-2105.69585198418,3.73432288586926
1494.32473776426,-1524.17434557497,3.69219650333722
781.067949507185,-1943.12709140487,3.72497491376484
1666.16374039357,-730.213040356252,3.83090885979542
1679.45157196918,-2027.20006007041,3.78874083052628
1721.15307245117,-535.223045670088,3.7530369364509
1258.59099674491,-1416.69661150233,3.88353464315752
1680.04345672284,-1192.34660177825,4.0345334989601
525.101994681889,-2193.98792212981,3.91154638409829
3778.73009868808,-903.5591109138,3.82069095816431
3922.89215178799,-1174.29366975801,3.87054365667423
1645.20941180752,-2076.55533374005,4.00183313873132
1139.81176690732,-2156.47354633468,4.11783114628671
2282.25932889296,-2197.75448972375,4.04918547510552
2739.52316083097,-2075.86134465008,3.99208126795694
2961.13158979498,-1938.44412633697,4.31928039163823
3821.57780977892,-1083.89978633183,4.21853976358984
3714.30925406716,-1552.69750388688,4.00630153063325
2603.14457856981,-1739.8060320342,4.55292515180427
3897.57783577301,-1022.17090110627,4.38016526077138
1872.23762718017,-900.365457450008,4.48237278207175
422.434591291394,-98.2730074232821,4.7439696857939
3925.8803160604,-308.726270469815,4.65916281251251
105.792462830994,-519.840355056692,4.77698585413
2099.8505286877,-1038.13852222082,5.03105618844441
2279.73613256517,-1720.10809029062,4.57695685388573
2034.47825403055,-886.97507390976,5.20805450566873
2312.69464792874,-869.595173019462,5.21978986099506
247.788416832757,-203.911836401194,3.04766194621603
3665.55842344234,-1529.10799823454,2.81238275705669
3045.2305865754,-1462.06351417528,2.97968550563928
3109.36599958359,-1361.80971227484,3.12718182698625
3945.19150687203,-1345.64085262968,2.87441102626201
3960.37231814046,-1444.41174064843,3.11005308570795
2911.49751864806,-911.824971872769,2.64382690465785
3697.05849822184,-62.2134245288936,3.09538977041036
2148.92876265853,-400.646582434321,3.07904602117687
1598.58232662052,-958.943060144079,3.04021433602643
1553.92081470026,-1484.54967571137,2.94291844647334
214.064046558614,-1948.86256252394,2.96014782676818
3306.99678185688,-372.4125886237,3.19396420592592
3775.67616884211,-165.259042303819,2.90745279648795
618.333189701789,-1198.67489783338,2.80640372763487
2372.08859602644,-1164.5833593411,2.89980111496839
2639.65753576964,-1525.98138247417,3.30932545531663
3333.44902153401,-95.5729844396111,3.11376490756385
1590.89459495513,-1601.76364372563,2.76982909786879
3026.82225770398,-1265.81736161347,2.94688532525084
2032.26132493291,-1139.76382671431,3.2673716957289
3481.47009382804,-2170.21499696041,2.92934259978605
1702.42944955858,-1418.29142765015,3.34837078399992
1196.52625302081,-2123.27144605409,2.9237189291079
937.873275853503,-2101.99662848379,2.76882564171001
2526.26161130547,-877.158931819922,2.99922123102508
2931.4404490599,-319.499388266631,2.75364405520506
3875.54649326904,-1114.58490735622,2.93838685515858
3957.07910843125,-2100.67410250675,3.18710318093079
1494.4595889536,-811.480162299029,3.00881333528316
3514.95768618658,-1945.73317440991,2.92874538115454
1028.79518192615,-677.038113069596,3.02280491094239
3833.56324635808,-166.79594218993,2.88937282983429
1224.33145804416,-1610.24664423021,2.94817495178398
1762.0607902786,-1985.23444648636,2.7116481375963
2946.86301805129,-47.1433863616123,2.82090769781856
839.071139473544,-805.316709285434,3.14801029132097
1169.35726036627,-1803.12989403642,2.91090515844572
895.302460707866,-705.179740265445,2.92026222065961
1658.01173382927,-1990.92286376633,2.97234216948378
1293.68528201016,-2030.60324217713,3.36058259797226
624.426418191074,-1786.67613822638,3.00670755130174
1817.84152072123,-1046.83115495482,3.31477108043884
1620.86726120947,-1748.64431439056,3.00929861170776
1170.08578186014,-314.001294311464,2.91405499004566
1115.55761345997,-1709.14625548935,2.98171139177745
1149.63572421112,-1627.83385374869,3.37498076035678
1487.9887651227,-506.732825941163,2.94263736282776
181.494137204213,-2144.02323320039,3.41594948516214
2799.57456122639,-41.4389334054387,2.87212072908049
3140.17126300885,-1773.27925081994,3.39391752654905
3111.04731848437,-1878.00481196366,3.31303382768459
3423.98969753852,-321.357738723231,2.93002317219491
3893.19454750844,-1794.80744666723,2.81344153011559
1174.63376956923,-73.3112864855353,3.03313730009975
2409.98491335071,-1536.30975579894,3.02090905059072
2931.33716251098,-1643.74103033714,2.77206914162638
3832.88810096571,-1376.85177689332,2.817047068023
2262.01409687301,-1395.58761073471,3.19055430868455
626.924952878031,-1931.9870135707,3.08774919882016
2092.58594908191,-638.185240555846,2.72516583588841
3319.45520253202,-1182.37755740441,2.92425161579548
490.601879426167,-1042.79165310151,3.13221078479177
2856.89355264606,-251.446195487457,3.45375977633161
664.021329842125,-2202.6821201986,2.76960138222155
3306.86477992479,-1506.91873373217,3.0943524630377
1312.39481732212,-1453.80522194755,3.11634928492803
948.444049197939,-348.873963248055,2.9814339948685
434.723635667384,-357.906855837721,3.23011340466721
4022.59289254862,-898.978681838231,3.11725916100987
1148.00438876807,-1678.11204872494,3.17220766738277
982.401628100773,-489.230607517394,2.88824758564016
3021.10881565679,-494.693915736504,3.07654204266867
2935.76945071184,-1059.84074929095,2.8999065721825
3832.54246687341,-242.450406943574,2.81036444950454
2873.15384024025,-2067.11902522505,2.76569941111725
4056.84056435684,-58.5043540403472,3.1277186431544
1864.32137903663,-340.85023411746,3.07919514236905
1912.47600376272,-1305.65323395216,3.15857451433722
1199.03517643857,-769.875906904873,3.02347098225581
3201.20952425232,-1893.80150194769,3.57526536292308
1402.04381318935,-2199.07699774621,2.80267842429913
1762.95820299222,-1034.71550656123,3.06320406919399
1803.00215301805,-1947.31158322712,2.93071349402431
213.922212264018,-877.24636841484,3.30477157272523
1824.22119676479,-648.444592571934,3.00289346681206
782.791454358146,-589.384101253589,3.01415191470265
3472.92534004637,-1256.45711067076,2.94334844567543
3617.66127194532,-1250.55204122915,3.1292174964792
1804.90838966381,-1376.14378474746,3.02123263549049
1036.64134862168,-1906.41177619723,3.63046618882031
856.553876842129,-836.625353803382,3.1243715558152
690.004667356831,-404.466776640616,3.16515025599276
663.786999415395,-1479.64018857794,3.1129436464715
2344.53206162476,-1961.44220480547,2.92957494593334
3993.71684572799,-726.268852866739,2.86810535593386
2922.30831031428,-1941.00534428952,3.02132540908184
1239.61593139123,-1086.74596575507,3.18514963737641
592.252788013725,-1842.5311309231,3.06313400266121
442.969331589759,-1995.08467736694,3.04130721733924
3803.91414973256,-233.937315402119,3.2157181278765
1854.26177265082,-38.7568318138571,3.08792815286802
711.893921777548,-552.891971046724,3.15000703554844
904.509246887142,-745.48422838539,3.02063930757917
2233.3448088995,-547.353512796671,2.94092817969712
2176.13810075583,-1318.79511818376,3.03203733527929
777.424995946817,-45.9524408559188,3.16675713800837
1843.63582837389,-55.6286518201722,3.09756831916804
1552.04260727394,-625.547192219891,3.1047801071324
2231.39188744551,-1243.34434438976,2.97491081527147
376.543796325306,-1059.97929411181,3.14245722834613
1572.45298913466,-1342.56997135356,2.98291831546752
1132.37560066095,-1813.34143025937,3.20999266220699
964.31665459263,-1211.99206229545,3.10096526422969
229.609883115124,-606.689827336611,3.03301511883788
1557.74718119993,-922.180374689794,3.26580529670449
2649.85560094372,-442.471512746112,2.89221425952012
1342.84215077011,-1605.40705631741,3.00206371887177
2503.67356053335,-1777.59004747043,3.01087652543854
3967.63215001269,-284.471201387965,2.78743112319765
748.458295869234,-974.349947599701,2.77906883413117
2105.92648848236,-809.805035048148,3.36403889472328
435.758870136569,-668.952170089463,3.06258663637072
1683.69283198577,-216.937857318719,3.33605279458346
1434.40709280102,-1871.97870328258,3.60633335959041
1382.83991721852,-1433.39932896014,3.17926011380161
2318.81971587155,-1547.56902669992,3.27493513710138
3091.85855835999,-478.621838998528,3.01853492167946
2728.06026235891,-800.681917622144,2.97472918688914
2974.10398906279,-1399.07059503684,2.75908868908961
1473.24251529789,-1362.19969468165,3.16502742263285
1557.46799815253,-1221.4437434056,3.18893068409329
1749.8286480046,-57.457462560642,3.1422198754038
4013.16533372814,-127.395499605552,2.87242587090623
3527.14718897403,-269.643798301622,3.05726184808187
3497.26854343768,-944.497467866936,2.95220943539538
1235.36158968858,-255.997330060813,2.97566425821435
2072.80203320392,-768.444671641608,3.02768211725775
1877.69048130198,-1044.17356417364,3.2039240988272
3245.19943842531,-1787.62036790971,3.11618252591144
232.573929444568,-820.535385699781,3.2956039936374
707.947407911731,-388.313290870677,3.19102627444198
3154.59031841117,-823.302366665284,2.99930518425671
3694.49212299079,-2083.82779030843,3.05771136255947
1024.52583252511,-2048.39599084538,3.2311256450599
3386.11031510481,-1099.92014682486,2.8239903545335
2224.42377944408,-983.646548294366,2.85826560854701
1395.34500616493,-2163.48691035023,3.10180229538712
538.559652329528,-1351.82028358997,3.04577662407322
3712.0557312638,-472.023351652578,2.77724788169047
1560.66240824218,-1283.56468595678,3.14892632654998
1882.44436190977,-1792.85972104341,2.83610795435899
1216.65274450159,-1317.27135181891,2.83904677225897
187.25174417042,-2106.96737906193,3.52381876923602
2917.95616081178,-1470.65219584092,3.1077516588029
2630.66323347743,-297.44308159143,2.95271304546286
2978.70454295957,-476.157356927496,3.22900728155557
392.654108337175,-1647.1456933495,3.19021424843605
744.154007019416,-1836.75942387116,3.37767770737269
2416.98193451247,-349.225219844262,3.29124591215201
3695.26029289755,-584.950752488034,3.20086199595637
504.320816656217,-1417.4236081666,2.96712911923122
1255.00738045322,-93.2647886620623,3.10563957792323
3092.64511539823,-1250.48395108065,3.1980604757883
4049.48593766909,-1375.32101275412,2.84896168926424
3184.1499299165,-1654.67263599589,3.05808372088941
3966.33236088507,-1129.06949864905,3.23759678186038
462.987564490737,-719.500911702865,3.32596209037024
215.800697607321,-18.2666944477592,3.00424264737276
2102.30998236682,-123.377581491136,3.27718130734135
3072.56947046767,-1766.23704224037,3.18832809112469
1309.49737059689,-1303.39176047175,3.3195964626666
3981.12184784284,-957.89943157031,3.21939818331457
1574.29934873709,-927.291346060078,3.01667709752036
2580.1996506154,-332.816589593147,3.24975472070498
3122.33542512013,-218.639641124556,3.03352296372248
1111.76020806188,-1572.69233509131,3.12689267980266
582.714625907568,-1730.54458830145,2.68351706066685
2784.77776841609,-1545.19053006336,3.22668587824379
3634.69384946573,-1968.96874250252,3.18954036133604
934.018853876354,-1764.74018667336,2.92214797470515
4009.50101316027,-262.464291681278,3.07424263510979
3933.09347876599,-1674.63101629039,3.21923392740362
361.122518540517,-1310.90668091382,3.12159231067715
3229.85160868344,-140.786273945083,2.99949623460336
3853.82166483311,-1604.44916998526,3.24879852633464
2061.4216945204,-576.976023073196,3.22951570400015
1085.55089605927,-821.496330770844,3.05068784474255
2154.83015831622,-1072.07126428585,2.98641598033835
1374.90450029068,-1229.63645568346,3.10259832282373
1403.39792049751,-488.539000366786,3.28540520013788
3143.25097977203,-1545.97198127417,2.84078385069734
805.324815806451,-2145.6369983875,3.42345716841278
2066.12489758473,-192.056774900444,3.14853291939898
1993.65164573228,-752.254746096357,3.24040469249452
3249.24841007804,-1874.01801630558,3.03364544550185
1387.83365016429,-743.564775744084,3.09502934790205
1309.29672195927,-1321.83455819354,3.14816868694798
1528.61437886223,-882.351901597503,3.38333382385708
1690.52936206931,-587.091082486879,3.36101969697615
2005.57816799342,-2124.51925879264,3.41934965181131
2934.37289406474,-510.2540119792,3.25295320659027
2847.26083062462,-1182.30006005477,3.58431538453057
2500.69068279154,-1550.47077916676,3.05219372558884
363.54833540377,-28.5662208267317,3.07232647724419
439.526749944693,-1104.80864849958,3.1815959270488
2328.62306899224,-820.365589522041,3.27504122379144
1632.45456244906,-784.580508011078,3.16641797843227
1457.15710291202,-700.921487859308,3.42384468626619
2952.4369401902,-479.281707503987,3.02962920714968
3355.90176376305,-1187.17329387172,3.09008225851056
1142.25879924315,-152.032384011973,3.16577430678016
1796.67875328382,-459.238551474936,3.30113181073787
2640.31254158038,-781.241349943088,3.22584591889286
1895.18459657025,-28.7371593484095,3.12863211794669
2241.96039213292,-1529.0459214603,3.1581239079801
3646.62483338958,-1875.11835635109,3.18308805668331
1018.76195980177,-2114.90215738572,3.25304168775741
944.993586609876,-1658.41696355146,3.41133503607259
84.6108051262195,-1363.17368530954,3.21771028440604
373.795859075524,-1530.37571017246,3.35847791287293
966.375432408068,-155.243702041552,3.84367950191071
1920.65183660993,-1137.55645947293,3.09165513870518
495.271253769459,-675.53213083089,3.27105988235307
2076.7997723128,-529.478005856949,3.29914829404692
1981.25647247455,-515.698654425909,3.35911914969197
3224.67375715736,-1373.05267934463,3.40205434472742
3605.7314410017,-393.127831816908,3.49611516791662
2009.30150661005,-1497.33404212811,3.1363960970204
903.741253448568,-234.887876603787,3.55315841932758
3240.22327545888,-1890.43509617652,3.26767771531853
2745.64769917235,-1740.50515630232,3.14854209082927
953.748934985996,-1902.04196862221,3.26626348253
879.391316833721,-147.266142375747,3.34171161080241
2966.53944282498,-411.024964834867,3.11104797288746
3098.1111426736,-2141.24311259097,3.19310705005384
3445.16981719183,-1756.42199583664,3.44437810381107
956.466551724679,-1232.30753078331,3.11493278376784
1744.53543808168,-947.83373558973,3.19954445676524
990.661945060558,-1833.79500690981,3.37017856045627
654.118938002734,-402.429238346478,3.24375963060113
1379.13928368425,-1960.02533083344,3.10618142255457
2726.10559691743,-1574.92837990551,3.72499815401138
3621.14422290296,-1720.83450939803,3.35121362173676
1590.22771701698,-1146.08206596427,3.18159508142453
2697.09756411204,-484.312959474909,3.27068305388121
3892.30377304246,-529.610282482464,3.22290115569493
3462.88015356476,-1382.6134692023,3.14820452176837
445.023028001347,-270.380278425953,3.03908821320775
3059.00578482689,-52.6118573763579,3.57955407756625
2033.51316832586,-887.11661799029,3.03161647825446
1044.08037161561,-448.24533744924,3.20019141566097
2147.8576824254,-666.389860525691,3.45144806225165
1928.23463124763,-2157.96489594385,3.0539172280044
2684.62709056861,-273.036846328751,3.70205075488999
3197.61851541167,-1518.8585135595,3.47276092963938
642.560628232044,-1909.8904025437,3.21183458312228
1640.07094931475,-269.264366499003,3.26384630212302
3252.55444102579,-133.860487794328,3.25587043340195
3317.41544018363,-1610.25164304107,3.27693438374384
3839.36680646878,-1646.92953642795,3.31912171877352
3495.25093457445,-1836.21943637454,3.44586884411088
3747.95331890327,-1083.81645135908,3.07233046213054
2433.6075439503,-575.741476654514,3.28482626936438
2017.91504806257,-2056.17869066749,3.58579047884452
1120.93405834685,-549.726747752567,3.31473901024547
841.333738839946,-1024.89565037963,3.56567412447378
369.133083880511,-279.988700392894,3.4465691683416
1894.00564641678,-1250.25630104609,3.19485985112285
3939.07561915051,-994.459652155588,3.31525971265076
2705.72320468901,-689.820854159356,3.64689212392013
1256.71293725018,-861.500122734984,3.30921529367232
2786.61004120848,-523.673825788633,3.4310566524278
3615.80702454585,-1774.39560719297,3.30704923587323
1936.67307997495,-1395.6490649333,3.46239821630742
1207.66078302274,-1164.58284959278,3.37987048265178
3645.27749327597,-1662.0999397106,3.80788002489179
317.268159218103,-1978.38646610617,3.39517813465875
3598.6374074824,-1418.54564096941,3.58081723202419
4050.23636562072,-1048.41474632429,3.4931252039494
3477.34358397888,-1466.48468376494,3.57042100762698
525.887402894217,-409.265582073958,3.55148742051506
2002.7451977582,-959.167248625936,3.65457205150695
3328.32509637387,-766.303458305418,3.41241095331387
234.750628914382,-536.288045896344,3.46828773530569
1436.59125060217,-1273.34480611766,3.54777763534683
2626.61800161698,-59.6616355382714,3.69350152036864
3129.12460256584,-1398.7465898857,3.40700487236015
2917.27778067262,-1787.65343436744,3.45077056277624
1054.17575936672,-1689.94343631318,3.38369624433615
3179.52710441332,-1384.44111409134,3.32938684357087
591.858081432298,-73.2170181757429,3.48233949223439
412.196707125959,-588.358547227468,3.11135015233564
1842.94510725493,-742.88851347639,3.60619412350356
3746.06924692984,-399.885346141477,3.23398708648453
3697.00141822936,-1325.07632291312,3.28281825962073
1385.83312313701,-1150.03490982892,3.60759169427333
322.108651144581,-636.830220322379,3.48694920866126
3870.22056495706,-1432.41975313706,3.48892312750653
3250.8163012841,-1966.16743926291,3.74441712596384
1402.59336991216,-174.257370334657,3.57243612771349
2281.520883728,-736.884311865017,3.64840817738631
3702.63172188541,-1971.98819756374,3.71864273984301
3604.2619013225,-1188.46753145054,3.37465425525175
2179.09752501092,-604.016785552779,3.40557098857584
1014.77786519905,-2206.84420016547,3.47137897596954
2730.94963558103,-640.104528592716,3.55211925575645
2229.9764508459,-1807.27749277009,3.50993214627821
3047.64101620213,-266.461422457146,3.56101184189709
2956.07451713097,-877.063752985033,3.67924260445339
3736.81974034932,-1789.390939575,3.71549120364534
2972.8179550127,-918.113364499906,3.48143135071514
3754.65595664889,-1339.14529267399,3.55477073896507
2279.26834747979,-883.746552435686,3.64926869140877
1960.97917132528,-1995.48206449572,3.5168942886408
2238.73050995465,-207.433543058164,3.66976812358687
998.653387541182,-2167.06003336365,3.84504887014653
1563.70947028987,-317.50195809538,3.73220614866924
3296.71860722732,-1692.27291550243,3.70930903400309
2848.55945943793,-909.717393661202,3.63687631816305
2591.57539685309,-1876.37797802107,3.96748705145377
3024.04945367954,-1002.80879435554,3.65439962018937
3839.32877377202,-970.584880529975,3.63276149019354
2501.20362114542,-300.345484971956,3.71587907230432
2027.85782388298,-1562.41181298649,3.8283470807868
3901.99693403404,-1459.70818897853,3.79283671348333
2912.62514082993,-885.283944614418,3.951074628087
2055.01482181492,-2101.20262395226,3.78894327031981
2001.5194198949,-648.915806457999,3.67324571693704
2244.58981565897,-1216.07943516134,3.55768040302845
166.042527996515,-1062.34624491242,3.63814530596764
1776.42480323225,-237.486033722854,3.76961774078884
2304.01817231615,-2053.27211078518,3.67985894578546
2397.29874654312,-371.924657136946,3.79431664853851
335.636482001276,-950.688570092362,3.82704443730686
1764.70139414725,-389.093091535304,3.51081602759435
997.184332249133,-418.988174368241,3.23044583783522
1816.42406070566,-1305.02569873181,3.84656521945003
2387.16200520177,-1416.56085861248,3.7671354059042
1530.16809991541,-961.14694790502,3.81910151359236
1640.78859682594,-1188.80086911311,3.43268672157777
3063.99068690322,-1360.97785158883,3.67919341972611
3134.79058026206,-1297.97638969611,3.61955355725258
1163.3803757036,-746.075735596825,3.77813482568663
2440.22248472365,-424.158668562712,3.81135488301281
3906.68437554676,-2179.97405322443,4.17041616973692
1661.20711909722,-1640.91363699652,3.81259885216731
2100.57219555462,-2104.43565450389,3.82383589728663
3226.03389847633,-186.9469505165,3.86152196749625
369.934326938285,-2056.71527289546,4.0712341919583
173.77244744632,-1998.17131482655,3.91066323867911
3114.92511626073,-2079.67300232498,3.38038064137195
1934.70735260683,-723.224550937442,3.74337719705768
2092.35470424439,-1762.9667771529,3.9771164039811
1363.86120548415,-219.382751425929,3.63131839769958
887.18070739225,-867.029924348696,3.93007885610809
1768.03597681428,-352.372232373174,3.68411923556189
1993.35768858321,-1811.50106223377,3.87510065947077
2209.08624274615,-1301.44843550578,3.89705960778248
1805.11269948807,-1663.93028927621,4.02362272115627
2145.67743327944,-1471.50349809024,3.71520015764801
629.660990594345,-735.214034291219,3.79072863358747
2980.06648866942,-1863.46028443104,3.68389337337434
2017.53521422892,-685.739529614393,3.97426084582233
1201.18325646278,-916.958116781286,3.81121854794958
223.533548951494,-137.189795427988,3.68958005518808
983.876689423645,-679.974909687964,4.29849909940718
3979.48713539009,-1817.48969083075,4.10962215352315
1739.18094370919,-1679.65143569013,4.09576684725922
2907.28958885312,-2121.2253884902,3.90923558364049
3317.01834868475,-1003.15766086732,3.96880133371823
269.393967820908,-228.54033328451,3.91950422791314
1923.1870612149,-344.741381519333,3.85944749620586
2150.06048894492,-916.047677888305,3.99714007705241
2493.54133559686,-464.433099428486,3.93049439767497
815.42196391172,-924.856788367916,3.92100929458101
1839.28905660991,-1880.54665194296,4.04668355494492
3998.83679292696,-826.07315024498,4.00103498775627
2611.73117998884,-1805.80266771745,3.98197714189822
2192.62535221092,-1357.46228233229,4.1801461556702
829.25987427259,-1786.07598650506,4.16480081421996
2773.10810114582,-262.644246498237,3.69562574225019
732.732538719741,-1900.91158906518,4.212509472641
3632.09371244701,-1376.4327615744,3.89581859802984
1338.36639934229,-2015.56929699005,3.9367083942289
346.78852639811,-1422.74425446034,4.23698575612912
1995.75100646389,-423.649668584366,4.33451436142767
972.352357126145,-372.016839153695,4.19955438546882
1035.1143817502,-173.569773625719,4.39157244062523
2095.88991401761,-1921.32217861619,4.20936774553272
3520.91041039812,-570.29401614695,4.30558170217976
257.406384736517,-1014.76487055033,4.19066408289207
2274.32699405142,-1366.67286023085,4.21855047827767
3694.38870088193,-1190.23972094929,4.35670763161456
1755.69840362995,-1238.54742244111,4.70976251763249
2559.87768846125,-2105.81381050736,4.70727206105643
280.28520160239,-1211.55099297781,4.62244212358026
1255.32558185328,-436.125499820813,4.58153162190383
3693.9955634731,-969.514892245868,4.62576893763043
710.329513429784,-654.445377692787,4.70183319617127
933.642154931332,-1995.57007244123,5.04890628225436
1321.54783584859,-1717.47241775373,4.54816061506775
260.069904279534,-1326.67026410664,4.96972762549415
467.081014618896,-1952.14047550868,4.78544113341075
2891.1842189113,-1405.49584935921,5.08722380294688
2945.75470210668,-1607.639928503,5.09056620963525
1163.63740037874,-1815.26166923262,5.03525456871117
1676.25076747614,-1491.84605319014,4.93436649533153
646.184354974763,-1439.70267208656,5.28997147033373
3325.54524685402,-569.972822191944,5.63661229744253
1722.79181944285,-1098.4197304379,2.82301664175254
1110.43261637387,-982.362713796794,3.07312653326309
2546.70659858435,-1869.77729951809,2.80392479295399
1018.27326111824,-1550.86438919044,3.08058517453308
528.607182799453,-1317.85685477485,2.99323886793065
1451.59394414448,-607.894833761485,2.87151981106174
855.332290598778,-1132.79646760419,2.65581111586769
2963.01152993774,-690.492651090556,3.23881279421787
1589.21915776162,-593.332734216671,3.13613139190125
2143.56926102566,-1095.5883877355,3.04651997670828
1258.33047762899,-569.166443109933,2.92742827980898
572.175392566985,-375.14315862866,3.09173767693728
112.980217862408,-334.693581520106,3.11790512460188
1760.70606068376,-552.438969354905,2.91813568744958
2356.27765221419,-1733.00489428498,3.18842033513833
1653.47717299457,-602.945174070017,3.41282120354804
108.025210196243,-52.4220838723187,3.38527148930384
121.348703072228,-454.522950844122,3.5431437532909
192.083735722078,-549.001389945642,3.36755699071833
357.724931196084,-482.800731291432,3.0239333414361
831.550214687164,-1232.04101653166,3.43955417069361
828.538125240937,-967.053590490032,3.6645390327429
933.492050950086,-828.073999570853,3.92805715747523
1489.96666922352,-874.164467565092,3.95080800342123
2133.97194195157,-509.671783533769,4.03894105670735
2206.4584403657,-394.367280195968,4.62057923803909
1884.41067550533,-1707.87077042912,3.07192449700387
898.113066269484,-733.685532992192,3.04503025462958
771.061638640648,-2098.84573798485,3.09773973928223
1849.22261090004,-1087.16863566476,3.12646603281463
853.414693204625,-1877.94715378462,2.89455893375855
569.583153945568,-637.083723314123,3.02963635139382
2650.97938811981,-1806.8519846307,2.97911722436872
1490.51920692336,-1177.97097125299,2.87604869595966
2103.89758261053,-2209.50446971434,3.04545036954029
3644.39783728694,-948.20030359072,3.02791929729166
2875.40273291128,-1915.48989218181,3.32781156740502
181.17162612199,-1477.54685121238,3.07624588421222
345.357411983204,-2184.54487592621,3.0078876441773
565.016428323974,-1811.42717218038,3.10568697889931
3657.19466139497,-1775.46410177733,3.03071118548118
3688.33899261068,-1180.24422477729,3.1533477749316
1228.08030866554,-359.895233945666,3.27571424033758
3372.27446420842,-530.059654369945,3.20110406840229
3342.60186165564,-748.587815818755,3.23365480509483
3252.83931993154,-2004.14467380822,3.22505668126553
2474.86527913169,-1715.50962389993,3.81528544645627
2085.97474524228,-2009.5332276121,3.35460634549911
1973.53973168099,-2057.96771716081,3.89612108823033
3251.44348355203,-71.4570254340521,3.90761828938807
3822.6356573432,-188.099456969415,4.17223217533949
1554.41389697349,-2113.66697525852,4.47060857926302
1665.14651588686,-341.172943788382,4.267428065084
1720.07621592857,-2156.8115911692,4.78446550406239
3626.33008720861,-1874.76326861509,2.77781045105058
785.115215833746,-187.205062912691,3.31486505921996
609.89706914307,-1143.65599491091,2.90968359654239
2796.9783556103,-969.608283927614,2.85567138635841
3642.95350337297,-977.134767209463,3.38789781874992
639.081487572898,-665.549754010968,3.41685952867313
810.514342951929,-778.363341148615,3.72400390667976
2863.45015996622,-2143.91575149221,3.66966587377867
1130.11064167189,-524.580790061164,2.97466155549149
3080.94009180625,-582.955618778936,2.96790615709539
3278.78128850472,-948.356704838035,2.88322852893931
799.95249174909,-1201.8425007914,2.86256162071946
77.5376468769234,-1452.7668682027,2.9597488924457
1497.27949774988,-1902.00543977542,3.02652668817713
220.11311516177,-401.515703035169,2.87438262275548
884.223150440707,-1863.81429060423,3.08522741756268
3657.90374696457,-1270.7665160427,3.07715815316487
3100.6946370152,-778.154692517316,2.71260689759461
752.232330240073,-1243.68393809268,3.11442149289245
1425.69140067691,-1002.97615058708,2.91124356822137
529.472460224546,-1396.8865900642,2.77859437256974
578.119116387567,-1315.49288692759,2.7005778748908
1881.33919398408,-1576.59027404629,2.94934810619885
3832.64146908972,-2126.75032278599,2.90463315524921
738.57607326306,-1457.97724644846,3.12350277034432
384.715168546,-1372.84743975258,3.19339035074669
2319.76984558553,-468.029977698112,2.89469353604392
748.93673278111,-844.481668210734,2.83398680784381
1731.94305360805,-1833.56362916479,3.20353758761702
1879.82237330168,-807.675983473411,3.15610495709701
3865.28400416827,-79.2137989154965,3.1214528049649
2664.49717208433,-1719.54835358119,3.03217093036486
3106.19725014563,-261.18001798467,3.02412654957138
1210.56559331256,-1052.87684609171,2.79583185706612
730.475340038859,-1951.61582148936,3.04841705134581
3706.96271810973,-755.286999758477,3.50861245199283
1748.56864364689,-190.879926396048,3.39235302948211
1129.7958975668,-1156.07967196656,3.05694433117782
4008.13094119163,-1097.17269792996,2.32160795100299
2439.46580383181,-835.566317915173,2.94331729335353
1121.66650115227,-356.499604457365,3.27749005026996
1481.91305018352,-2190.23382389191,3.07018367049042
2979.50213334309,-1986.13236325879,3.07236121967828
521.302615768994,-1331.549474778,2.98888095860098
1855.91689124015,-1240.91615623879,3.0212663631642
832.794090277452,-1765.2909151357,3.00179039896429
2341.50888637338,-1313.72856743063,3.03887903046296
1819.23743520927,-1713.46895404129,3.11119601323278
3554.76373215704,-692.278032095869,2.8920659932957
1886.8772247274,-1482.57520086456,2.25108710685348
3346.46597348083,-2053.05086104816,3.35347445440152
2019.67233497942,-1850.59668093737,3.1577907107965
1890.39481017559,-959.583923458424,3.15015564615764
1958.00449204832,-966.042934155416,3.11741708061445
2984.55732908462,-1671.44338665353,2.82672600524282
238.81059451765,-2216.26392791308,2.88557139572685
78.124890048488,-1031.9504849092,3.2875766059512
1824.94830840514,-78.0662769622332,3.01162054875708
2581.25517934617,-2099.97380171834,2.62433726379498
1739.53295905627,-470.607260558609,2.93259047742342
3863.03620121113,-909.928154389686,3.50694270591412
3499.10837017927,-1796.72101079484,2.91261530803994
2288.58808634524,-1651.75898456054,3.13528208284006
3044.27369647047,-1656.38100418839,3.31159117683121
1143.00566164868,-1346.92559047071,3.09680746813346
259.779563463373,-1114.47500478519,3.35587412780343
81.1431807517453,-715.914503657354,3.13599022765357
549.886769410291,-1772.39194043437,3.14498462868551
3835.92851819095,-1085.69892736076,3.46252259356491
1816.24312782167,-256.50754156106,3.37972519192207
1341.99967019797,-1626.46378363248,3.28075015476658
2407.92083392168,-128.982302055536,3.39414418042434
3638.15669827137,-331.490086129916,3.91738037483069
1502.48305166614,-1729.70049523324,4.03573191789123
1440.71390090946,-2201.90600659113,5.55715773345332
3979.25002794355,-1587.66698155773,2.67507656454407
4061.13124590432,-2195.78242260949,2.7465661368273
3683.22701173363,-1788.57410178084,2.89883324925558
864.355876129233,-1564.34953988675,2.90487543418977
2864.47015680624,-975.716376378292,2.915126820825
1313.77437056432,-1583.48700280992,2.75504369723448
3987.2042867889,-1309.24305143202,2.81522141994407
3793.66234136001,-1267.08942650133,3.11928837469334
1532.13732456389,-1037.84583062488,3.11477002647125
868.883870100251,-1665.71280457889,3.06373474721967
2052.23979044629,-1208.84136744549,2.52840465425272
491.231035440937,-1203.5027108479,2.81460572654582
2192.97249040503,-974.480371346358,2.97058635815915
4059.28853025874,-1550.37962673898,3.28454065251877
1609.84770610486,-570.627565158883,3.03136622779264
1306.38274197607,-1396.24150548502,3.17989228460023
3595.76461041595,-1301.94803482077,3.26512588857565
95.7733464607491,-976.750562098323,2.86305850135576
2290.99873907368,-1414.57481039113,2.94181542436889
3983.86336771325,-29.1229151952894,3.15422354701366
2993.77845247312,-1835.41246401252,3.1666538680698
2035.99102445888,-1277.64184465512,2.89189417748377
1010.59959350282,-893.065511131707,2.93190941597546
863.309759931986,-898.493990051516,2.72794336561297
1605.33348182623,-833.01759602943,3.432640958328
2185.84771309377,-1588.70440540699,3.04019970298261
2426.20502084712,-200.954111952047,3.08703334150799
524.659855357633,-627.250881926724,2.90030835828027
2075.82150018508,-1141.92631940686,3.20054328829335
3364.17863841442,-421.692715638294,3.16139639183661
2747.16244163268,-1809.71142620085,3.0146635744029
2971.03520323768,-1042.1628148686,2.9486340171433
3833.14287950884,-27.0092837042486,2.78851062471485
3448.47069621023,-1054.09626757111,2.79187557798381
2585.56367180336,-1792.07848758983,3.04144188347055
3868.7035044971,-1612.539539096,2.97396071364209
555.87075699456,-1665.77878606135,3.02387829018682
4030.39301290998,-865.092193411588,3.19401915085345
3103.87169921445,-1567.96352350406,2.86332753995389
1019.35349886397,-743.776791875715,2.74769939601674
3242.15694571198,-118.371366662857,3.15984112880407
1341.28858940333,-685.398286859177,3.07863746715054
3442.32965654611,-1685.55518045629,3.5408151749648
3005.12067494882,-1838.26322827359,3.37631925096034
3781.52602458609,-2064.51733443278,3.50924340568777
3004.16188188916,-1598.40879598833,3.4446325042854
637.385773660262,-794.672210436755,2.87230829889243
632.0111741332,-1358.00205676339,3.139253128697
1672.7469844439,-783.977949440599,2.6775187518911
3002.2917536097,-917.159776113444,2.93879399666526
1078.0440196687,-1129.01327687177,3.15466057218509
3619.48187954396,-39.4369014693452,3.33454269888013
394.086046106469,-1281.53313525906,3.19300823135009
280.6169408691,-456.829586803726,2.91803195851316
601.899975811455,-640.194159298553,2.99575748326843
3288.09435805011,-2058.86262205518,2.97797552349622
3163.63961076101,-884.518695192739,3.233963699861
2883.12523335556,-47.1482875667007,2.79803963258639
2753.45571271148,-1899.275979857,3.08593602309868
2254.06581466302,-1599.3411667682,3.10978021577081
3755.22387449607,-14.786405016159,2.89317094595773
543.071020632165,-421.026543104324,3.01695480900465
3780.89438407316,-1050.27431929655,3.22183063613858
403.293464123599,-1701.77695098159,3.27312997767286
2009.70787017516,-1218.57250939083,3.65194679669295
3339.40398397569,-1125.29731259374,3.52137362182261
1187.14349534864,-1589.94403802123,3.49209776632876
3202.8576811117,-865.610347630348,3.97160429142099
375.744068525168,-382.996768537829,3.92970483838734
1107.34422338731,-1618.52619589397,3.63027785162076
1215.575871181,-1719.6110404038,3.84015054419564
1115.80981907555,-1145.940883469,4.6710176318655
1884.97051603648,-1489.75461047583,4.3160420755559
3664.25929352204,-1061.01435091803,4.23935416520558
1352.23374537908,-1688.16857581869,4.36002328656388
1818.43590453376,-1594.3984050321,4.15771657600097
2294.6735950029,-1176.25354205662,4.48104989933691
1312.61870437365,-960.360350828907,4.74644350660855
1396.07315175153,-886.477769102868,4.53152584323359
2098.8182468162,-516.070910799535,4.38683162158151
4018.53253597427,-1253.19799816782,5.17602129953024
1412.79076010513,-2165.14111705318,5.49085225508929
NA,NA,NA
3716.73674902724,-437.324577363694,3.03168936293303
656.92813487054,-1361.99699801855,2.95898291062429
3720.94419312183,-1158.73810791592,2.92551472320685
816.008952781829,-1225.6848764409,2.94328870255183
976.669815623784,-675.13076054331,2.96247984324365
2466.24677053275,-2061.3959850898,2.86158977493186
1159.62196361958,-1719.2422476188,3.05134273595365
1977.01416642344,-800.208268238936,2.85169161815018
4028.93947289501,-1084.96708418997,2.93281600692701
1196.28207527802,-497.527394905782,3.04163343800611
2594.19267295147,-1858.9647897682,2.99614464735887
761.066240689966,-596.698270314274,2.78148997785345
1608.74407802093,-1401.21676777886,2.93506919899974
4002.55821918706,-1042.04368010724,2.9780317123987
2419.28897264629,-2013.4116351298,2.89092758333947
3489.70684566884,-732.743374941142,2.99125063061173
3983.30410573339,-866.713709364471,2.94634332660647
220.091987177054,-1371.91581580853,3.01187161432685
1082.15760893836,-17.1425326647927,3.03943406678857
1250.24489725822,-1073.64787266467,2.86628148899963
2569.58237235305,-20.8343989126906,3.08882112261437
1978.44354112538,-873.292546068294,2.98990599189894
2575.48814464559,-819.083339200427,2.93588024590619
280.981015378157,-1894.4730449891,2.86355528878045
1574.4860353837,-791.375859560495,3.01912051044336
1276.13001873542,-397.236026967194,2.96647937666742
1203.01175287452,-1373.56898625335,3.01927317761913
2810.122266656,-64.2311273057805,3.07037142872546
1788.76607668392,-323.133913645976,3.09684878982475
3489.61474580693,-1731.03855095634,3.06710475494919
1312.6877666133,-1636.15995249319,2.89549204104071
3427.3097914048,-2115.03035056602,2.86197824255641
2832.09595830793,-960.811204617639,3.09122008288286
3393.3673751417,-1575.0004762414,2.98203983356208
3807.16261813476,-1754.03497313846,3.01265376721672
3478.39334694876,-1450.64422390399,2.86497003946986
3508.77157609855,-1919.97487416451,3.01279958724415
2840.06742429874,-1008.46495328863,3.00790883394509
3118.97255278931,-1686.49979988586,2.99554359574672
2039.63282252402,-1469.63081484963,3.03795234675695
2549.83538967733,-52.906282212321,3.06336528541962
3128.02302467473,-162.59849825744,3.01330716112132
1767.57266390526,-1951.94640183398,2.98532716767305
3187.45638271824,-1913.68768156106,2.90044261311159
1364.26242366101,-1617.31558073114,2.91628068792051
1081.90684912225,-550.131498093338,2.98630754423669
3272.04297548565,-17.5572524928664,3.06364062513713
3369.90194688032,-1215.75323183813,2.92530522511373
1847.75057886561,-337.43130394435,2.92481155187614
1048.40173912404,-2163.71773877902,3.0946305679099
1044.90786357713,-480.905442017602,3.036408896723
1215.64086695479,-1892.68393725161,3.08289534698843
3439.06009734388,-1254.33681537316,2.92906778878286
324.204839259458,-1910.11889664918,3.0163143897832
2995.51333474871,-1627.69464236641,3.04520500145098
4028.55598790316,-1794.2320540264,3.0188431383935
2495.05420869159,-695.549527670952,2.92277640241575
2628.33695552597,-1573.91445143934,3.06941713253201
2057.29057742746,-162.344162727276,2.99543205927898
1234.37133611576,-1695.07649164414,3.03007061438051
2759.72725942302,-136.112187849313,3.06810538491128
1720.67829843741,-1963.4231236425,2.97620914734031
2553.4980405146,-1414.87413964336,3.17285382664074
2213.40731803756,-398.627945945551,2.97986722548044
1033.94119428722,-1267.87388078107,3.03175002629981
3489.85320075282,-1313.26702916014,2.800201185559
3223.73404608861,-1405.7561276582,3.14789273026195
2714.43729824278,-1451.74030343429,2.82516432372493
1669.68229511656,-1367.34294537599,2.93958569303531
3890.32112898948,-1839.62562101672,2.94712309533129
2618.348357145,-155.7276128846,3.03078360163869
308.166872752705,-2042.51577220916,2.94956110360919
3792.08600167757,-909.9718438586,2.92373409826806
1358.19868630073,-1465.51595595908,3.02984584732962
1266.82706242287,-1627.82158579339,3.06164283049761
580.064697203583,-442.528366326,3.06366072691403
3394.03910660011,-1699.31622535946,3.12500363413581
1745.20057986189,-1806.50801540093,3.11848947054822
2867.16351655692,-1592.94673740532,2.96260321136924
339.864884300013,-974.981550992566,3.04069437041641
3351.16838223978,-906.321790507417,2.9339812213206
3255.93780745681,-311.516835153324,2.93955464764713
2257.85218432504,-474.041447940989,3.07032640240664
2466.94148097761,-783.986998832004,3.03965197455473
802.549943111909,-309.562257636872,3.02499098699898
1212.27709147078,-629.156294073194,3.0082864694746
1886.79699602406,-2112.02575710402,3.01218038490782
100.672560153961,-808.308567896904,3.01126630980649
1934.20213247158,-90.8013801164561,2.96299747463256
1611.51662854343,-180.452869612333,2.81549778527858
3369.27233719978,-586.109489655439,2.99547803268885
1155.03463005134,-621.2642792639,3.0207116588053
3286.11464740378,-1508.34828174775,3.03311845567478
280.78829938672,-751.763065391558,3.01103005190241
796.111081168135,-409.361736927263,2.99106696190743
1489.26635212264,-1953.52098097635,2.90431770617165
821.71051650931,-2203.80823013245,3.04440131254459
1761.63723128302,-729.971335476877,2.99076184973465
3599.22742636377,-1733.44980326647,2.93904211147589
625.639747852562,-59.1756629898122,3.02524419326915
843.841817928834,-1967.7339181467,2.96669948168385
1904.16218457047,-109.724953120301,2.92882244049929
2329.4495310007,-296.85868920837,3.03271425452091
810.274021115276,-1446.04371514768,2.85762277084204
3216.21112842403,-2127.1880562846,3.13308550581331
392.371286330446,-2100.43541803852,3.04192854875792
2564.73517907128,-2206.10815047527,2.87862419630685
4010.34997354801,-525.898235755962,3.00352068529171
330.413830877393,-139.138657474568,2.99739606582312
1735.56507364647,-1542.67773435042,2.97846189870746
1487.57420412186,-428.703216345226,2.94629060329091
2167.05534376209,-448.426050615072,3.04736955356611
2389.74356234903,-1033.85605496361,2.97920659447661
194.848765786049,-957.772505066396,3.0086094076694
3640.08114473358,-360.82635413454,2.93086042250299
3978.8438088547,-1854.84996271232,3.01083537105363
2155.15105201447,-2086.82123250477,3.00638191732835
1529.49561384658,-1135.87851907316,2.99022144709673
416.658361684983,-1514.06356908392,3.1996170678927
4011.24673856519,-1696.00184489149,3.03329010066862
1860.69881875105,-1424.85831002254,2.85392945060527
1663.84486862098,-577.094653037866,3.10951115949782
429.93009554748,-1475.97811002506,2.95173785074151
2061.84863174396,-128.066315967521,3.07725036040916
2889.1230722273,-1308.7273087369,2.93634827983311
807.926528374277,-150.004878958447,2.90055892805724
2162.0903925177,-539.635301918059,3.0307994898994
2674.74082016174,-493.297610828367,2.99615725324178
1458.89056085774,-1322.12090088677,3.10353517328447
3055.11719502634,-930.892664911977,3.07817988252754
3841.66301926562,-1312.68712290295,3.1261110245815
3387.13747626522,-70.3594776730442,3.06511632755431
2566.98093154328,-606.75042730653,3.0674702248346
2404.25943320411,-410.927017289878,3.01505091602415
2214.3274699305,-1341.13157487884,3.03162746163432
2638.16270404874,-39.8359404196767,3.05822942454588
963.751423733162,-1059.80322828795,3.21163041639479
3663.69221000074,-2195.22441304726,3.15755232086991
77.9646902266658,-349.04843161684,3.12190022242943
2905.0560153037,-491.028019530585,2.99144261154373
3418.22272311834,-240.544362159647,3.01386663614453
3229.84784869148,-1095.1859936681,2.90241062126616
1507.13412737331,-1413.95544296126,2.985092969898
3197.5056106443,-1590.49496265491,3.1654844272976
743.90191726714,-1967.31807242549,3.08895572329931
1709.52376673951,-1624.77916703761,3.04037441466482
1290.85479855403,-991.820646038512,3.19953347111659
1915.24342676261,-651.4731858674,3.03119856424163
1272.83755044732,-1799.64743151888,3.03783539479847
3066.21459809011,-702.588134368327,3.01090046711579
2493.76872394053,-449.919458335034,2.92368423179926
1389.32379293177,-680.593378540076,3.07022392259319
1280.34065550474,-359.41055265243,2.95935691700426
1723.08381720312,-1806.7526802862,3.02940213659927
983.860579505562,-1749.52076774347,3.14257935138984
262.787274985315,-759.341051463773,3.16559464159553
1015.74975597683,-455.507526696621,2.95796125284713
3478.05553109495,-595.094364756297,2.9416149851567
3886.31933287693,-1488.95300925277,3.10751241668189
3915.80975380962,-259.124345791071,3.03538680058531
1054.20700018569,-31.4262110469206,2.91323438582139
1434.21566553628,-1927.76810183898,2.96206775491613
1839.89345678148,-2066.71548940742,3.13088988658235
3393.58493933133,-2208.40232336244,2.93186893226892
2869.20586513473,-1640.09473668233,3.13592670074925
1811.73451579447,-87.8276108169766,3.08259468544261
601.901077829521,-266.250517046619,3.08240556352734
3196.19184725429,-1546.79039601279,3.02252716421707
478.366740799314,-356.845356037806,3.16747734197831
2986.97209271543,-1294.35478230782,3.10025608316563
2288.91098172992,-165.198684274183,3.09768633979929
3596.55294950615,-337.908089155199,3.23593234946293
1367.36425347322,-1700.44614377686,3.10901395017331
2187.6687002189,-1573.50176691458,2.97768808790676
682.895629089613,-941.945453861363,3.05864590593492
1724.93167423552,-1727.30836619014,3.00364980125637
676.747940633165,-1552.37191632215,3.09396879157057
3901.36266176535,-875.739915792153,3.18409435539289
1973.20273377433,-1488.88116329936,2.98492957048255
2650.1086176734,-2144.99502522478,3.06109066819803
1570.34942485769,-1719.36632683745,3.17732233976789
3249.28312386022,-181.45813963155,3.08219275946727
3872.93076318801,-1067.70739860859,2.98862148419568
1429.53404509556,-2178.41204151916,3.16749762059286
2887.75178556256,-164.492816210785,3.05281446531407
2462.24191415709,-882.555906257944,3.03309297959688
717.572433336492,-1823.7471408701,3.10729215907389
3333.07135059884,-618.50446697608,3.14342697127312
3049.57913937885,-1326.6398873622,3.1117958869631
774.988248848873,-2034.27720003768,3.03493951013917
3301.53278740429,-1089.66716332572,3.04558405052298
761.330331202265,-487.409775997201,3.11918153071922
3558.64693301775,-1872.0987149466,2.94975549899377
3544.70521969529,-449.742057211356,3.26910796750757
3290.51136030178,-1032.99679185103,3.19594611277708
576.764120169349,-1932.90708204338,3.10210579059887
2572.24708461389,-244.194898846071,3.07684634343028
1771.96742580215,-1887.56714458988,3.02468814432567
1649.60880111589,-962.961294818429,3.30193316293212
2432.1510718388,-1956.6021646943,2.96149972377698
3256.16682565566,-1292.90901337926,3.12267890177704
81.6515699093146,-404.32512048804,3.07024517644621
1765.47802466396,-1495.08464443106,2.98999231706461
1828.26517634492,-191.817429468101,3.0496279280449
1835.68719443695,-1847.9512182296,3.07966201440917
3597.87629473705,-899.875674190592,3.04270165979874
4017.59907791643,-639.037175008483,2.9950268693241
1023.43165597721,-516.192273553621,3.14605221266491
2625.01302247438,-2212.43090066964,2.92185990233286
2605.32920450735,-221.48245471801,3.14248575864538
1509.27020020992,-1773.64400299127,3.11019114637332
3041.64863389599,-1856.68946416097,3.08389589891274
1996.32736564607,-525.186101734453,3.11623501175179
2498.01798831616,-875.91432622388,3.14772952887591
3122.99675325366,-741.591669927006,3.08276533054118
1465.47802935033,-842.396347327804,3.07060808381183
1174.28067145521,-1377.56824330763,3.04429800644713
1484.35282726794,-1461.02805086254,3.13345673874803
262.763739173015,-406.701676539393,2.95985866985241
1708.30071774062,-667.936182477541,3.14262409499362
565.249658434877,-1474.30656199482,3.12238242723004
772.023258285577,-898.699835724355,3.00523967849533
108.009524732896,-1437.47926614354,3.15875338487359
2952.30707817274,-153.436667201068,3.21123502927173
1995.18615053929,-1871.36940729895,3.12747498734219
1900.6103210871,-233.877599688197,3.08458528559522
701.812209171145,-742.728552392089,3.21300870960721
2661.97970310279,-936.239480623535,3.11816193929489
3319.71602869906,-531.539635488919,3.11327217123645
1347.8207252305,-898.059675729101,3.06386319077152
2479.53048158629,-640.606100814913,3.09746884751672
2571.5385506124,-1624.41252805631,3.04424418465504
2366.83530172538,-1730.63938725127,3.20311577209975
1395.30996385884,-1607.85520592847,3.17710371903558
1275.95340996586,-329.244484083019,3.18415062967423
439.906113335026,-1574.00740164898,3.11056665415705
2267.24411563347,-1647.32575044365,3.24197392463525
2391.66673978094,-874.827037322057,2.98861647754553
3687.16724037482,-1731.60827473478,3.1863149739089
1426.08812927536,-2048.33628951346,3.03817365609754
3238.19472060383,-2017.88077201918,3.06089526348364
1223.26402876777,-1025.27885444489,3.13492247370191
2170.58214143776,-924.796576269511,3.19809556762462
650.450437632143,-1218.38811864439,3.17222169078457
2464.43658359212,-369.948880403007,3.12443843105624
1926.97209884489,-1559.25019764702,3.15000047565944
821.076910784917,-2002.73141054327,3.20499606535274
2676.27584551674,-1663.9368424714,3.0668291497541
2941.0648801909,-911.702306764219,3.14385420023345
2735.06670332312,-1711.68089770308,3.04390573778028
1926.56037599716,-1334.04738544615,3.06730156306522
2464.31947835339,-178.114640226631,3.08259583842051
2206.53058989569,-452.165095498191,3.13120356472691
4036.47626048207,-1760.6682552832,3.1294447565063
2497.8517167169,-852.629666084996,3.2046158730707
262.3254881856,-808.123751675905,3.08498564548555
2566.27673977443,-918.744146717369,3.20791565195138
2676.76533493567,-674.149051774489,3.21070887168576
253.537063354138,-1470.18082114207,3.26855772234575
3775.93740591387,-651.735680872663,3.0358465184826
1607.35195323359,-299.895863128557,3.28484718271598
1618.84700568225,-2138.93345738249,3.17831035047251
1608.03731177284,-2215.37869626419,3.16125315355842
1487.0614305968,-378.509804761973,3.09633434046591
1761.65739192547,-283.313118459309,3.12052222730263
868.28618538367,-1326.34587637269,3.12022349721276
1826.03974529923,-41.0560616595076,3.09292528271439
1454.79350528736,-1237.57010914406,3.38042094777918
477.553109377912,-1839.94228060135,3.28964104984582
3667.60214462347,-2019.58567414704,3.13719705222731
397.703394235608,-1193.94411264735,3.24789227463728
3490.60971604395,-1343.91092434784,3.18046368851172
3789.38193084255,-487.804020142991,3.27351092853955
967.761999426471,-1430.14072028031,3.11734386704113
3368.12191965181,-299.240459039239,3.17739638954264
3753.48863553271,-1691.22145606721,3.28410844635084
3190.99928215247,-68.0064953589496,3.32265461102338
2250.88963018355,-788.19038754113,3.13383542262287
1398.07807027855,-712.368231843422,3.11277914662874
3654.81246766733,-177.547926636793,3.05459169011885
3570.26898478647,-1365.44993853769,3.12880424485705
1976.02995232282,-947.275759670524,3.25359284120064
3987.95630327256,-1135.12476857867,3.0546506075046
3104.73036106447,-923.931606478748,3.11321184455047
986.754489377337,-995.792264260561,3.3026855002045
772.326369513318,-1338.60607267315,3.20931149850276
1279.57874703515,-1104.80656047704,3.12585270338551
3027.6860590073,-1543.51782308718,3.10633932226116
2567.17804814682,-505.923946859228,3.05887790320887
1857.71612973834,-1956.63712524619,3.14580666066516
2193.46399291076,-797.644823922798,3.20617093088234
673.667626682368,-46.1531099283593,3.23865313264595
3954.82985301819,-918.236066801003,3.14600784811445
3834.67685909742,-463.324483988081,3.13884617609096
2998.23648507096,-662.503006050518,3.14772924889643
4061.21114339717,-625.782594920483,3.0614882548239
1978.27505508038,-13.861251900934,3.17966130611464
3665.8189689341,-311.209438250347,3.12491223260214
2788.06752669937,-209.300541581705,3.20969273889902
2769.47535380147,-1872.70996301406,3.27489116882471
3932.94851451659,-2000.40421876888,3.24064666650465
1343.21437111812,-2013.30100676434,3.27750056612336
1087.61451829782,-365.099356909414,3.26525236247574
343.965538034892,-594.825126981452,3.0687801318405
1913.53491758459,-1796.41618290137,3.18535752377845
934.328137065256,-772.062182789924,3.28025740421202
2748.35620609833,-1451.96731426365,3.29844420693194
2736.60161688407,-338.179144755814,3.12855754680869
2086.2157714172,-1577.61508026071,3.21427701859038
4043.24064325561,-641.073629590263,3.03783573583562
3716.95966607328,-1739.97795509499,3.20536405564484
2187.49644474773,-1671.32226377207,3.03750898558271
473.007970941002,-1399.57369073867,3.19887925463955
1088.09622668758,-2056.59627791446,3.20920670053665
3374.32029278204,-94.9580571370025,3.2598105930576
3469.93464271696,-1347.61243596096,3.11108953229978
3426.05227830053,-2175.8053309015,3.19946763630136
2743.71245377305,-597.322407699473,3.15635261525445
1701.23688192418,-1330.33596024905,3.16750790558941
3160.86813169629,-1936.24622524337,3.2198925145867
3384.71346063732,-469.056618572755,3.34192904617687
152.434087924759,-104.82094675623,3.15152526939247
2614.22970161273,-1980.56445172098,3.23305680658885
876.32901094623,-2089.10519611136,3.23453791256291
1165.76486077854,-897.766833098171,3.17747711170848
3481.24938370602,-895.56145389663,2.97663949399604
3196.00197023515,-829.409106627589,3.31927247939881
1098.7551405266,-1324.42587341262,3.36851403609468
3329.85090204402,-1839.01717374263,3.24152896012448
1962.42848405061,-50.8974263661555,3.14235342742441
2906.45716218045,-745.693617050641,3.22175899726938
311.022423146433,-1531.07355027991,3.26679660549828
1782.64509500879,-489.461409165579,3.25909399467691
1493.52128814185,-1788.21571414572,3.29130501375683
3947.72315124169,-849.776946992325,3.10456350659458
3808.9640722505,-11.1721416064454,3.24004080129569
3620.75231005271,-1564.31458754326,3.30173288863311
2440.96713318263,-2141.28533388353,3.2303115407554
2028.34987537931,-349.513598625991,3.310971558411
3010.87377146855,-171.925469757576,3.28839312139426
318.102097965757,-99.228715300731,3.26845907155285
544.786729604877,-1278.99918667173,3.43648982668558
1000.75294529235,-1699.29775057132,3.38557005131919
2804.36452767762,-811.271017603453,3.22317164790998
2698.29166225786,-189.572816714471,3.27739553600989
867.865507607703,-290.382683610007,3.21533856066066
1455.70321372126,-1746.80473282639,3.28808584209269
3086.09439527011,-1856.6718109287,3.15862453579531
3551.92114305899,-1158.79193436809,3.28859583556586
2532.87392549265,-182.8015369516,3.2510762887597
4049.48151270089,-1621.66290366999,3.23417219476539
827.406141138207,-1916.32338357172,3.41157170811683
2638.54611464855,-898.444826464041,3.16215241799839
1040.22757107367,-1500.05950532555,3.19507022543005
863.95512813937,-260.126457757168,3.17919625116953
3685.25775588062,-2011.01985587924,3.19467856120116
3971.33377402969,-621.495466562754,3.26894203076117
3027.96678884559,-1842.7720626787,3.15740274208876
2793.65209067757,-2120.49154136923,3.29608951677968
3219.95675257549,-1827.76528216883,3.39871560595794
1075.89016386694,-1291.51689187846,3.38743787804324
1880.60205116757,-38.835469388052,3.27186368378315
2513.09468806992,-3.32040071934086,3.29638339679521
1510.31975806399,-901.45230949713,3.27324879614743
300.782657493013,-1947.78100240012,3.41305770963978
2336.95748599084,-68.5356620787886,3.2757302975017
893.838851851266,-1980.86628909644,3.2194347622312
3429.49546949291,-985.07208744592,3.20649016943289
2183.90106103428,-2049.37852388882,3.24951269533667
3698.34057328443,-1882.96272599675,3.33539524418342
1478.45508879871,-1969.58819020791,3.1845523234225
2492.46183523562,-1483.98006529046,3.37341853566401
1987.94985560961,-1510.92656338959,3.33356979406104
878.196331773119,-1146.85727033373,3.39048218880021
3557.31542790002,-1342.30421504251,3.28442235291438
1091.83999528078,-1509.03869415281,3.39795385515869
2923.89387022325,-305.359517274196,3.31790158357249
130.49152907846,-391.090566634014,3.42810539426513
2400.04504284998,-283.857788644225,3.3411371081766
2177.67966885975,-1421.53395955093,3.32153236343376
111.071341430598,-1503.26688697148,3.31211486560151
3791.26736407253,-1028.64238697223,3.03920237561793
3952.90348728124,-878.671731247717,3.38458947634655
3302.04298091156,-916.317508819141,3.28896820198907
2348.49842849616,-713.201942463159,3.36583376144022
2361.67948428141,-1862.27327538078,3.12088298836795
2142.3040740005,-630.772660831839,3.16215841076707
77.0718590968109,-489.724765123001,3.39603245516206
3577.86145245231,-1193.186846274,3.41061036934597
1900.63408933479,-64.103133664461,3.26910791659355
3620.15608353281,-1512.80019754912,3.30956107204161
2051.8470076346,-355.201312511986,3.28794813218808
1356.11620027849,-1318.91965315422,3.35267158877534
2327.06044766696,-1808.05279090582,3.52868712029586
434.031399974526,-1365.39132838783,3.45263199963611
1474.09542919078,-901.153772277224,3.20520342398396
1135.72767008093,-1225.24534764068,3.6421874166541
3161.94498844967,-1765.73487328289,3.42109297608685
3185.94420397553,-1870.33655166444,3.25499412257732
1042.2472508182,-710.373024264441,3.36541159575748
3190.03503051642,-1434.2715275233,3.26677643245263
2217.39512718723,-1684.02414946494,3.32055535006475
173.937105998339,-769.499737442201,3.36299528077146
2742.36492154571,-1640.42806076712,3.45892066917073
3260.98491651662,-69.0059838322206,3.27242276345151
1164.20147416408,-1144.81273847166,3.32135838498619
2926.66931848824,-746.613321576524,3.31644556088653
3241.43648051306,-800.762404590737,3.42539501712854
262.230978667287,-1353.94519119515,3.39356087650515
1777.75683785416,-2098.83658819482,3.20281944813643
2113.93749240073,-1136.79809917495,3.40195591274202
1988.56440641449,-1655.06598010232,3.36288975407834
3931.48817688017,-1449.53619384363,3.28613178483865
3909.49576310879,-1267.91858146184,3.36635694595179
1691.05163446366,-773.930368183326,3.37660970021981
3030.73584193514,-187.331703362992,3.32039122558185
2165.88945466302,-1106.84143964469,3.41050500826963
2624.05062037556,-1618.46992803777,3.21481748895614
1989.69896564765,-2179.82947941502,3.34444391433079
432.637305599056,-1740.25472157666,3.32281685154953
746.896524877218,-1886.25277548481,3.42973964843807
1698.85617452196,-1479.20016422374,3.35557862939328
1157.43611980794,-1004.33536877589,3.42927180302428
1298.26996465912,-1046.43811357895,3.42758571445896
2426.76514918335,-650.777521350367,3.20890607661498
3415.3344543886,-1788.12128512805,3.46730146156726
2316.61850794115,-83.6471851314192,3.39037419564297
2087.91322197952,-250.825811190214,3.30984970494782
2641.61965709854,-679.637502772707,3.47963304723372
3380.36197473118,-1530.60500879943,3.51428229623486
2367.93165797844,-1677.97295425122,3.27811920404606
2784.45319379461,-882.772964869303,3.40340031078349
2920.97321500223,-2215.20537718937,3.31582995568729
1826.25705532228,-2001.99237326108,3.30140712522206
1472.91781939963,-869.727236567588,3.28688562607883
1792.43423605563,-684.201313346681,3.32728471307908
483.181790033895,-614.800429826838,3.48826606023419
3491.45087492356,-1207.39660085321,3.4507807770765
1954.41178241348,-1443.69721041797,3.5303558861083
523.163645320687,-196.433174943308,3.35681584936035
3664.01046981346,-2132.13949742704,3.30669196460203
295.496460934205,-344.362155528845,3.48315737499498
3688.56373859692,-615.410281186112,3.41387201368361
3167.94337156912,-682.940043947008,3.46758525451549
3428.86131445322,-1202.55518016191,3.37076342102368
2215.20271752776,-593.839975692911,3.27817775779929
2129.4202695388,-234.070230805588,3.52028553989553
2679.82984987242,-101.730784272872,3.54379854626692
2183.41094151059,-3.4346381622207,3.56814711549476
3156.01183424719,-560.725667182988,3.50840932535848
176.79793453224,-44.6328019633448,3.49505479654645
3278.42378134213,-1549.94908058747,3.43520505394841
995.688266852339,-532.504938803458,3.5069813306983
3201.65986471788,-278.176075968473,3.54576304464171
941.258740521906,-2146.33890794683,3.52532303784808
2954.17310299608,-566.179110305519,3.4051168452204
1881.74129862524,-1343.60985915785,3.49366537168886
3575.42357562844,-542.536887616369,3.54309446667554
3635.18715388173,-1084.44793359138,3.65454263903935
3035.14992812092,-854.555483458148,3.47633698024726
1687.31910195565,-873.649324972139,3.59447226937966
328.501922663001,-679.641644423518,3.364737741648
2824.57621108076,-2098.16555671994,3.62508243397665
3804.49243841392,-739.834267547255,3.55452899694437
2469.26412366654,-2014.488616871,3.34923778879785
3727.18590168462,-613.707710820793,3.5757829132647
1813.79543704512,-515.179186068596,3.47318992527209
3095.35133887208,-1454.5533653714,3.39983644658755
154.473133009892,-166.179254147658,3.54253200200587
2789.49856003683,-828.519548996825,3.52653003044929
3089.30548117176,-35.8409125315542,3.50580308410077
2068.40130048593,-679.810001082744,3.52930571765514
664.755386486354,-1453.28560004484,3.57202725766172
2825.22323759237,-1103.11644960316,3.56623364702689
2349.94384528162,-118.791037350502,3.36228267253189
3634.97740739036,-2191.02284147501,3.54166578616462
3295.94494520619,-2131.74751189693,3.45791888523055
3181.37877690724,-99.8057976071173,3.55376139591946
2381.4268453851,-161.741098770612,3.71900693553558
2285.47471337971,-567.105930847694,3.38215861679982
272.426230977688,-13.0641837578584,3.5842708537463
2349.20720216872,-1413.45694864394,3.60095589875082
3286.67969163844,-1761.69879169632,3.70143859631942
2565.06999652036,-2028.80667192169,3.69719514842
2316.83118300137,-1965.76272821023,3.54298679102241
1249.61975565231,-1727.05364274983,3.5821529542791
1840.3992573014,-1361.23223641046,3.58900257964622
3842.32378152107,-1669.27609120008,3.51349854730928
3479.00094553127,-1030.87296669756,3.51335811830489
1874.04376468727,-1381.08911202285,3.65596304885513
3351.68601476826,-2196.96578014704,3.57525210653187
311.46519414529,-1334.33392016835,3.75768368991468
1944.74955133994,-610.845761302872,3.48991741991299
1486.10937304631,-168.931102654311,3.42924720380309
2993.24233434903,-1442.83083122782,3.61268084831309
4043.31742269612,-2053.73867475866,3.64805890269835
1313.37592258979,-454.093482777888,3.61420468163086
1681.07643614483,-2159.88663581552,3.46790190732082
1533.26903647591,-2126.97428587311,3.60572023106941
191.082997228993,-883.895284071435,3.40180102022002
2472.32749768066,-2114.97887955647,3.78361968657453
1785.70676086979,-786.46964409186,3.51931596728832
1835.59041837695,-603.740851006672,3.60888680831911
519.758276068555,-1554.04032405103,3.76081681853694
2726.30762628164,-278.818392067935,3.70155171920327
2355.14294549906,-391.880573293779,3.54993495303764
1282.26696694966,-161.382232633757,3.74484182527615
2825.60995822421,-1197.12890986304,3.41247276817463
2136.06920046764,-1292.35322637523,3.68652600317323
560.861797794706,-1911.12443184146,3.57714700386011
2056.80897242088,-1822.97030165446,3.76118035474044
2838.50521348526,-1582.52416096898,3.62552086608887
2966.85188446048,-2081.7446603649,3.628797672348
1185.56890510977,-8.0083720833872,3.61800774261238
2295.36103750534,-1087.45780669758,3.69901078645995
825.757303891492,-819.521705976178,3.75454447418632
2545.01760151313,-2157.35829203467,3.68884519310948
62.0203026794466,-1515.722397629,3.81533401837616
3896.99795925013,-463.963033726812,3.83366808132203
2837.35265680065,-710.54679011189,3.70712775892337
3724.99380052658,-686.111980165732,3.58244857131698
1218.15685200667,-197.608740084841,3.65808058318097
101.637991420665,-1322.64533644783,3.70035695190872
999.827792844341,-1164.17131605868,3.78837840430235
2380.14356863906,-1354.51931296213,3.7200481986147
3254.99102009346,-1128.65595353931,3.82019932279093
3000.1847650766,-1671.99913182249,3.88830001857456
2282.06815446563,-298.488902438336,3.83537783449574
1003.83217962298,-899.17415229947,3.625319494337
1514.44758643323,-1731.00837975126,3.77645009895164
3130.85299487981,-1992.24022061021,3.82337046784606
3732.87272945451,-299.411765003352,3.84366903410452
319.538320087017,-1731.02277239616,3.90111938326973
1867.2757656388,-1998.78647295414,3.90142185206631
548.902943291826,-843.858099114388,3.93028461950086
375.511194022984,4.11165117930179,3.86591333576937
567.860995964156,-164.208895748317,3.91925935745574
3057.72256060404,-758.778305528385,3.8206133574116
2703.94519679192,-2038.5515893028,3.89664333328582
167.765497265037,-304.749629866916,3.97956608876042
1361.80198352769,-1041.77078116682,3.86080072346738
1597.24119621837,-1324.44186194666,3.93507621393187
351.362306191546,-762.808391380798,3.76206203982178
3751.25977661174,-1025.94164951945,3.97279771919722
2874.62118447339,-12.4168659133458,4.02182866876373
519.002351879575,-116.539830237554,3.92050107871955
2421.45283781081,-1004.94821795472,3.81802565829876
3346.82807655461,-1359.98686280713,3.90860584242298
2809.09106759887,-385.311911442788,3.76073535601801
258.530795431143,-695.081457430935,3.91431599120984
3777.49406271912,-1516.44024361514,3.79882819303396
2454.87646228401,-311.769227472198,3.88473830614481
1091.60271912927,-237.590288615624,3.8050957179498
3016.61702206623,-293.277943390397,4.09448289747963
1950.36285455219,-220.499593605398,3.95133231492521
856.605832024782,-548.578265631877,3.95840691104397
962.137140894367,-272.989515761672,4.0307471394122
99.7128154858953,-1094.80299419902,3.94896291419342
746.695600391415,-1134.79372445198,4.03461357644153
3272.89467074788,-190.297835639389,3.99767287929196
2984.25689011366,-26.8488463738053,3.88199408574458
99.4605000338928,-319.854449956512,4.1382557562335
1145.40166359341,-2216.96292188641,3.91088505542253
3262.81266568365,-884.526078294915,3.88421221075164
2599.26566919776,-435.98080232185,4.046603468225
3999.21797731422,-1309.99210484113,4.06563069891346
990.472364710705,-1880.64284204766,4.11727142742306
2233.51681729906,-1979.31315392879,4.00754663512814
3311.75882163749,-1908.49973066085,4.05270122365568
1757.24592895773,-861.085279699006,4.08839051713423
2943.7682706731,-971.679553344802,4.01693989543385
1573.13941795407,-1079.14113397541,4.17473638662853
3316.16411476693,-249.117448366307,4.26918452379188
286.52308706537,-544.381137081209,4.348314497106
3084.95754646063,-1950.93238102236,4.09486502064128
195.161918987252,-395.544597654216,4.11384547196153
830.249814106541,-1350.34687759644,4.23993548855284
3763.86262176469,-1431.84678221194,4.22083091816005
1249.62811130889,-1526.66081014302,4.30364890932274
2729.9189014604,-1967.48985715804,4.21421344020385
2443.25921354284,-237.189792946267,4.03517382694622
3459.17661379776,-27.9190636782002,4.16249494996565
1238.5266637337,-809.039829865441,4.28302391867045
2587.25228480022,-731.426038465161,4.33108153151169
403.547857172532,-103.454938719881,4.35970843847037
2337.33308759001,-1811.87867021383,4.33826780783608
141.14645669943,-1173.70460330428,4.34305483681054
2535.77086379466,-1933.16173080253,4.1540109803562
459.359910176092,-893.304334943317,4.38667468813207
2104.01002299013,-26.2202427881263,4.38928775483319
1262.457747666,-2160.54835315297,4.28161885982142
3048.46932781204,-825.572483847626,4.31628458760783
2285.09848387083,-350.016321326411,4.45341419112362
1825.52148949684,-2153.20910618002,4.20443262857946
3448.68443131831,-1660.24590469336,4.4889042318963
2485.88486363916,-1320.92691625958,4.54746823876493
2337.52586105742,-677.153789787147,4.43757359910648
3332.70719251473,-682.442215875444,4.51276797298661
203.67826536752,-1262.5675363462,4.46312388096547
1724.56435545824,-1369.8575139866,4.55361678487344
3957.24824419387,-1398.09034010105,4.3851102607892
854.18978214512,-1102.98464731665,4.67834217665262
3042.01264051198,-2078.75870087724,4.51761383414123
2059.26278868242,-1394.88102630005,4.22841119255301
2928.56154405679,-2032.21676557872,4.56197609890389
3135.53067902692,-1085.19503728198,4.76525178173504
524.612140773748,-549.486789392128,4.84680314951453
2577.98986445278,-1607.98384818004,4.67581850757533
2981.36829811425,-2153.58482704042,4.52827673120879
2906.77238988416,-436.538676106893,4.8470825791233
3617.37316718858,-283.685583286688,4.76721875582351
1122.97348375324,-1429.17679508004,4.88033030336783
1553.44659707663,-665.900079474979,4.67318951042517
543.917233152813,-1206.9566407089,4.48411250079676
453.532148463407,-1289.49735048468,4.60556002263428
2175.54444429825,-1870.93742842583,4.81701580191124
2669.43558248462,-2105.93491992599,4.75935227763835
1358.92239823618,-648.510246731299,4.90553733363056
507.411634311954,-2079.32894643547,4.73624492454883
2964.53698325595,-1951.71543193122,5.04571616257792
1937.34412552187,-2187.527923395,4.8134762778837
1121.96641843189,-1981.18631181018,5.09572290680597
3213.19813093381,-1252.09607817661,4.78697824366687
1690.37128855135,-488.452816683254,5.12859090138238
183.255323093537,-666.399064339805,5.21004223047491
2995.08847634917,-1183.50689121836,5.27864131388207
2896.95468513588,-229.94558764174,5.17795269039985
3452.47443303128,-1333.57242718976,5.36627120239892
3302.45696119853,-480.324481597977,5.15412214935199
1534.21033194757,-1002.54747651796,5.24465520155505
754.433553617169,-327.030098934107,5.49499762267482
706.450970427084,-1660.39045472789,5.50822448604763
1411.73677127787,-1175.89614977987,5.55878242879348
608.179709818002,-1018.36817528371,5.72096868520153
3652.69774420605,-2096.578294229,5.8214015120829
2625.5416405293,-1087.13097100714,6.21688142380057
3386.43359672934,-220.232119048189,2.99837353197259
3217.76190744232,-112.943623346403,3.09866277028027
2714.59567485356,-648.533499925291,2.76649459288965
502.874536600663,-1899.92535702757,3.12327305057851
2086.62669257249,-2163.38407861597,2.96583841097607
3553.72354092031,-89.3693090766093,2.90007145438543
443.972264911178,-745.717448312673,2.83957547756773
1660.79953776453,-444.870750138351,2.88792291637305
2347.30361980799,-2054.15033574536,2.92379790157867
2984.9059303413,-2032.85902357667,2.98537317232184
2672.39696653048,-923.204090029207,2.99321322899043
385.59574237616,-485.265552674762,2.98042733790682
2638.99770585984,-334.767352511304,2.82233227723524
1805.80798252078,-729.708069352503,2.81169121315542
1586.71987493499,-2063.51825397933,3.06092335268276
2645.59804183756,-359.38590141612,3.07878357196473
183.157074615839,-618.228505369073,3.03280751624866
1724.75758567712,-967.855992319303,3.01162613711108
3083.41823360289,-1083.55700935225,2.97432243954505
2457.0520731159,-153.097977083838,3.16110144352351
2171.28842906257,-1316.38266655979,3.12343991037763
3673.04511328183,-133.045233303457,3.25558750450099
2214.30494834542,-47.6122745577071,3.03269845718476
1704.11111895514,-841.73689141866,2.83304144342943
563.26628230023,-1495.36918374928,2.92539282172063
630.084386969618,-1418.67974823042,3.00513390478991
2684.00151880489,-32.6129689010117,3.05410913282169
3179.96009481525,-1608.27075946804,2.86136164695846
1215.03292457642,-1929.76430621547,2.95693018763093
3747.99613826206,-1728.59635894868,2.7910186904116
506.888603140956,-2159.29267107997,3.04090066157969
1435.92846770461,-1784.63940780539,2.90815380109079
916.592675427627,-198.098374687759,2.82272794428034
1133.70651205273,-296.212740230214,2.82657061516986
2268.91190943785,-494.187108039103,2.91418520052553
3260.96846602522,-364.367336900522,2.97058364419596
2379.57200252958,-301.227539681114,3.35046637186441
1498.98613450515,-1002.38729590998,2.8407447131619
584.685639098771,-201.706580645393,2.6521321182857
1615.02054294664,-1083.02717383021,3.08342763595112
1529.67831025955,-504.041925384977,2.97290246593581
409.60303555544,-1039.09756412811,3.06112848823471
855.447211242324,-420.748635105768,3.16928523509193
1803.8162518842,-210.034324558912,2.75746426560579
1428.0422360196,-82.6712294731515,3.16501492347861
1601.91942668352,-595.609721434369,2.95909435841287
3891.42038531351,-1302.54875348169,2.94649251400783
3433.80319522204,-253.70506189264,2.83422895967133
954.203273243786,-437.996117925729,2.66379922588771
3434.23104875181,-293.781855960397,2.82823308519579
2411.14721500682,-691.017028082909,3.26866088719812
2878.64175681135,-469.525006015188,2.65732885351388
817.906345363853,-577.588180223831,3.00724770814747
591.429841401962,-1505.29799840175,2.83708879345983
1465.02056116705,-1711.9858752191,2.88388159959712
3428.20886928258,-819.784776051984,2.9312864997271
1124.60167573506,-969.069748602197,3.04104573143008
4018.50427201474,-63.1395687879943,3.01681399314019
2312.3104380269,-993.346679934185,2.97786412283587
3541.17400997285,-363.770512825795,3.16986976560338
1399.49627870073,-97.7856860126579,3.31356776259287
3394.00917439828,-1961.31811402622,3.00114343512712
909.569995787068,-1529.06340063766,2.90172215607694
2016.76426254595,-462.486142155638,3.08786634174673
3178.75831613469,-295.755210913595,2.90947408124661
3507.82033463321,-527.358799162699,3.4981708378676
252.805801601667,-110.352848614906,3.38095932182704
1035.76668712342,-126.983356329747,2.90547601664247
347.892646711195,-525.686960334088,2.95220313690119
3090.4070152752,-1796.24106527456,2.81848775275076
3906.53245460854,-9.24872377004106,3.07337157716632
828.161985883708,-376.024988270059,3.06017861378734
3141.41846172023,-505.641022755455,2.99232488901919
3728.36431306228,-335.578502389496,2.85178551857421
1317.75515564526,-379.845264665123,2.92890103516409
431.652519028931,-1874.37313997885,2.98588962558354
2278.88021507386,-705.841220945639,2.92741480638389
4006.45059814705,-95.8400049505325,2.90635221141045
2081.86918504186,-355.858882185635,2.97337494115757
2112.91300042969,-276.850932434275,3.11460313300352
3529.34914279882,-881.53370519225,2.99182765293959
690.440840855824,-85.4359995450485,2.62716257405525
1146.30080559941,-1449.11506191488,3.13961084700611
2800.33193458391,-572.583729100081,3.1766421324217
3608.87074287952,-624.781881424076,2.89666109759084
1633.9903693331,-2134.44201794325,2.90085322759024
3162.002140319,-308.657184709255,2.8893851231657
670.749093319541,-448.350926995257,3.015704177408
3359.15213265433,-536.488369895292,2.78426337075872
2160.02174903046,-566.263863652019,2.9750212415186
3048.84268640917,-1643.4150343167,3.05941632784522
2047.8126191863,-77.1958626622172,2.89131973131684
1285.09838871697,-2110.54300537095,2.88257662610924
2768.28653950158,-1937.20115138038,3.03591388968857
2742.34861853458,-1838.74862571323,2.86187816824723
3579.21466596074,-1892.86699135192,2.83425475928223
4069.52898128034,-403.30555126692,3.40380017957977
2587.248398669,-27.4791071606641,2.77196614939833
490.741226172463,-1472.86292672606,2.9817355872688
2453.32289990001,-200.853200935554,2.97455000753273
1114.96254387742,-215.481651356443,3.23823276319529
2199.7884291965,-1650.72728939989,3.00607950999266
2040.34938584645,-270.78597754003,2.78586408812207
3121.82790417416,-441.619617994788,2.90507923425862
1923.28912642876,-414.7967086725,3.324423683243
1445.86934565464,-114.135901216857,2.68952045986953
1311.51219707042,-1414.50156002449,3.01085745410702
3211.85849876059,-411.591935065204,2.99741109328935
2014.75185806139,-1693.83252336415,2.9255929330835
2335.14137637503,-2214.09260900002,2.96800506431671
3111.71571368445,-2200.93724404352,2.80684720678469
728.668182244562,-1025.74174886856,2.93851731305118
2974.98665473079,-333.504222445952,2.9065188670767
3533.73213193439,-1670.55663322656,2.65390632982067
989.221459322942,-38.0049057708027,2.73389218473312
352.71659510197,-1452.6470480509,2.87973477326489
1493.50739651381,-1215.77638917495,3.06255660892311
3353.9076304754,-1882.32811511198,2.92552532030092
1132.98326872915,-56.2216334728431,2.95528061550424
1207.19741611839,-1079.89631171303,3.13132593550223
176.856866483953,-253.652854464822,3.20982814476199
1335.01541351955,-1651.46091039967,2.87432764258476
404.170832749226,-67.9734013091306,2.9058918446534
1544.29396674466,-234.033480353035,3.32683094464274
1193.04177942013,-100.926287683043,2.91331696206719
2395.00337081436,-562.872385138944,3.02903164653721
840.870706265766,-189.525641735208,2.9627142947894
2485.04128880377,-360.805908527601,2.85541249120565
1573.18419465327,-198.582668513953,2.63535889032455
244.579494715615,-1729.43291917061,2.76781046800434
2026.17047016453,-2204.27103329387,3.16746351843236
579.350859651605,-946.420000362146,3.14803813900839
190.160203373814,-1644.16402713239,2.78629336684747
1304.69353993496,-2118.7014115117,3.14673037951014
1160.37096279689,-168.410412660364,2.94423440069896
1782.34908882531,-1922.79912943237,2.71022455007682
3270.73262266241,-478.758943264422,2.6912370038484
976.51753984517,-1546.97764651814,2.88400517513853
696.846351009444,-822.21092281298,2.92177308331375
1519.64828132976,-406.300282765655,3.09833599660221
2997.65931254269,-1742.17650935804,2.99227710390861
349.884617976085,-262.130473644338,2.96303849789862
2269.77474350625,-185.630337010534,2.78725010108601
2998.30903951948,-75.411133132275,2.74908613517051
1413.83521882852,-229.025763304304,2.4247850325784
3438.34531246709,-854.859697197222,3.10735566601678
1184.40627628356,-507.094992114278,2.92112863098525
306.440359514283,-21.424976334649,2.70608936499032
1065.72753015703,-57.2556717489038,3.19568191248138
3307.21869899797,-458.290995381449,2.69600386734355
1859.05996297732,-13.8684007885477,2.80521898896096
3336.45934118915,-637.92196349633,3.03055458370687
336.379358195761,-1586.45353085342,2.82483296448505
2421.65887097429,-54.5053899488192,3.11076093157475
1121.60116254581,-2185.76867607693,2.86596068291982
1224.77451587881,-426.899554576164,2.80220720266479
3121.36308761533,-1707.42514761015,3.03976518318242
3337.49356667211,-879.705001870119,2.91528121039189
3097.14323107996,-2110.23250424749,3.09403355714543
956.234406715502,-2124.65755836228,3.12312960500243
3500.71656700694,-907.117682537732,2.97145668096746
548.298759867364,-2126.5918403203,2.9247220785877
2510.95537265302,-437.810288075399,3.01624218154536
3898.0471944777,-367.737270362276,2.95874889328286
3446.6324248204,-464.539797454322,3.02190887562224
3683.12714137744,-492.260609230518,3.00192641650526
3712.4553196994,-2008.75123364605,3.1610770139084
2964.65936880326,-1379.36317139623,3.01124711288761
1094.49053602217,-102.179141543911,3.00613853561029
2499.04213958316,-1930.5012763859,2.93752631421273
901.107224857557,-93.1794353732993,2.97881337313737
529.553805083392,-137.098579750614,2.98931503205573
2842.17024744022,-550.66596463417,2.98770339065982
2086.35957255957,-1956.50974311206,2.90570779051344
2604.6181354415,-1948.56880910087,2.92016560227338
161.028352772766,-1530.94807883249,3.01380892201506
624.720945111959,-1399.41551135372,3.07341991672335
369.069222989594,-126.979903480836,2.9093930109379
290.336829886282,-714.11275440503,2.95587513654117
1253.57696734388,-1496.32325746118,3.01217473063016
3041.93360083792,-1956.12708823571,3.15256872287242
1670.05616537234,-146.549733525437,2.95532948568901
1653.3024454952,-62.4744970711475,2.97348491581687
1108.34037030437,-1594.42526913011,2.99176329064662
876.323188939926,-107.125861689717,2.61904163051676
236.431123113985,-1794.19104072767,3.04215983446488
82.4040890398052,-56.8743554414427,2.81279453969667
3670.60620989239,-1438.69751324948,2.98547798659028
540.009902047743,-375.403778597856,2.94396067860901
2953.13918525586,-103.932287069253,2.92347978273531
609.875549205063,-430.324245515211,2.97931745414058
2826.39844499,-7.49336471615091,3.07972507357422
1277.31852246059,-1941.0614062111,3.00692781134357
3871.22061764777,-289.044965184061,2.91823871346003
2161.63325304408,-1589.7801996771,2.85043899261475
71.2417702728489,-2102.25444441143,3.13269607349538
858.465309915228,-1517.77117388663,2.98698969884195
910.967810715617,-80.9355403557215,3.06607927099519
3178.47672482788,-459.576837947631,3.01904041675109
1702.35496197451,-99.400436112467,2.91015884846673
104.6729644678,-370.801849654908,2.90764475005582
1784.10191014421,-1131.79547880915,3.01305679480025
1973.8560632165,-448.96285294983,3.07040041919129
3268.77914342477,-377.586887632085,3.02836333553644
1311.12343218628,-215.240956732231,3.36290972653837
733.444172755697,-1188.52166649871,2.9237944436511
1279.53656085019,-102.673132596038,3.11983711704691
3284.57475368539,-864.974922907075,2.80409677334935
1220.26343911392,-1551.83187694327,2.90207759433129
362.474120525438,-884.011768080041,2.94859259847018
661.352319774302,-897.866392655813,2.90956844455156
583.013310527279,-1601.14421747093,3.06877726399143
3712.2935774782,-1673.7508780882,3.01171005969864
2418.61781512261,-235.860049094158,2.84195214179927
2806.03472335186,-1961.61740466162,3.02767069770509
1716.97744573729,-1916.34480548428,3.08569567846863
2319.47338558449,-156.546147177334,2.87843808325168
1272.54663982898,-201.653823836349,2.91271763018848
2177.56609012179,-220.573707874986,3.1034373207558
3184.65580331918,-662.66781502455,3.23743606445904
1929.12402458521,-107.424888696172,2.95164276083234
3711.96033123033,-258.385538078794,3.02867941959432
3755.17010510814,-163.20440038356,2.9797377489016
1578.33128110918,-255.98520975876,3.15216798059022
1030.3807694592,-1620.84356082545,2.98497423253403
1053.06232878319,-1577.81840285665,3.18557472170203
3698.29027164093,-20.7267283771165,3.04366785851359
2759.91901193314,-37.1782798218267,3.02216458699934
1386.62742198148,-145.112637516246,3.08116524547476
3105.47994230193,-1976.23019907444,3.03417091971625
1014.2278015102,-1019.76842567568,3.04095378950038
1931.75107357307,-472.870063929239,3.18852960147475
3339.74591111393,-1790.50813430375,3.48459102200099
407.86524991361,-240.834850959465,3.38890085317693
2240.86697801877,-1762.35826705613,3.08511469811197
2550.43182846739,-2140.25101357665,3.02968584086405
1416.3137544613,-1969.13748460231,3.04940112720423
510.822198530655,-1754.77872833813,3.44572652353449
353.43864495636,-276.07918837145,3.2460988042441
1791.1175960252,-1648.43341491307,3.38469297639171
1897.5386562907,-2180.08543398965,3.43133263269985
511.177338602924,-502.082943398414,3.26617334740169
653.815284351321,-430.264757452201,3.13541615200359
868.969202608865,-418.478844186175,3.14269268859019
1054.17923394001,-350.415383883827,3.24651230840107
1357.83146224439,-151.583310680941,2.86978925482805
2021.22962413137,-522.117985447775,3.11206569622362
480.101084353349,-145.524004994304,2.9907388290229
998.865923217779,-247.767512029301,3.26991819961517
1824.24011718327,-136.704390626001,3.23683426771929
1635.43873206371,-298.522089493929,3.0497276810918
1978.37950573375,-1406.1983282208,2.94717568544778
2613.71868559928,-315.522383726746,3.14862076409199
1637.96004504068,-1019.63814436747,3.08450962818522
3608.15954323026,-746.406650098834,3.23836734983561
3980.02128125669,-539.56849224578,3.20277197279387
3327.93686604071,-1713.45468207999,3.32417101226938
1313.3036289887,-1604.20583415292,3.25624270032458
1945.15076890827,-1496.45199150209,3.4322315028308
3624.9807576092,-933.392367919373,3.16703633702187
1990.82009406707,-557.525636170302,3.29860795230136
3559.51418974918,-1627.24131766644,3.36125707818489
2989.25129705133,-1643.87903659463,3.40831806976599
1180.99605173966,-1906.8982097393,3.17319482158256
2895.35112061114,-1353.98299355072,3.22047527450035
2602.34035813459,-161.849403660752,3.30347849962007
632.90544360077,-282.708505257187,3.44429609360329
2405.780728835,-2209.54068411823,3.32147751725387
3689.88731384876,-522.416255465017,3.5191900933055
1941.79415638359,-765.421463810459,3.66943012735165
683.370719241235,-1880.43049086473,3.3649026939345
1830.35831496377,-269.344843273336,3.45180423540759
1694.2054178346,-184.361831978836,3.31250333775823
2796.57053777329,-1379.86388213561,3.58846252388817
2416.71816894352,-2203.8614240521,3.34536610519031
3348.62982273682,-1736.89129615506,3.55010002518846
2525.35025439726,-765.942634481984,3.26075680846535
2822.955664734,-164.604218253501,3.53960529393264
1885.39621111389,-548.008909184294,3.40446042246572
812.092100934003,-328.596408267369,3.3088024709119
2320.88757523382,-1500.09558993522,3.54936688959189
1513.99704112785,-342.213349249838,3.42980059842966
1451.4365078749,-372.592869832605,3.8848017104291
2565.52929957089,-176.453956243869,3.52697808250882
2964.58635211913,-1472.21515794599,3.55764990900305
1483.60143894165,-318.303949920633,3.6792818341968
1450.48380153111,-264.725520850156,3.65236911931144
307.803546634365,-2205.29366925223,3.74605811930271
1319.62570622477,-1516.27189761733,3.87478590654514
520.024567485141,-306.770200813577,3.73039100388644
1915.51209866302,-174.956549635998,3.72238309824445
1394.97353550298,-344.919309291407,3.93466460582555
1596.79342662169,-1694.8830711124,3.87055021510202
2032.98619542926,-212.561694891298,3.656951666367
3008.79475356889,-1832.58060872817,3.78324716542395
446.76050507306,-348.094569484179,3.85904082127059
1941.73096660189,-493.555528327349,3.91981277674417
1316.29376898389,-182.002987588441,3.81223734921153
1087.61886643233,-2123.01646401168,3.96558294530203
3439.04080291117,-1834.58763787869,4.14306179434299
1161.58670387353,-1515.13417451541,4.08960105369025
361.956022936205,-205.805483369573,3.85931234962637
1534.44111855877,-61.2394877460471,3.83311191583712
435.380319318685,-160.844333301671,3.98717998593022
1029.91388080392,-63.196272213223,3.70430681215874
1535.06149383206,-1685.69189709881,3.91058508807404
647.486545922658,-179.25002756526,3.84714103993186
2314.37494752071,-513.679318308775,3.99964552460892
952.628394807658,-21.7872917687032,4.0497757107137
2382.79431663919,-1622.42447314077,4.17406825071109
978.410623374937,-65.0862385485827,4.0057973513738
3431.34756933038,-1585.94315164028,4.24269168727433
3885.84694926627,-207.349441513647,3.78300657892351
2751.85132416644,-414.988864211358,3.96319369190477
1874.6430865959,-1634.02825191043,4.05857154969276
627.755139899091,-596.849732909276,4.22183954416824
1310.3341002182,-122.708667535574,4.07400997749438
2966.42782206946,-1939.11846776353,4.13628646888491
3507.14677125914,-481.007841361147,4.20924321931208
1441.34611760069,-1444.23586442056,4.39418032530949
2770.4767725329,-251.301814339628,4.33787410509666
3968.86498435576,-424.906471963001,4.30980565366731
295.668403783179,-1858.39861864523,4.36613136950305
2229.94869028798,-529.842396737366,4.41598087853267
2287.86599614388,-432.61585504622,4.42616146114983
2592.9671329615,-577.251090408459,4.52436765643469
1102.08119824214,-700.19505375587,4.29579689848315
3408.69493996113,-570.596096184442,4.93733093956207
1512.86099339083,-510.291460119582,4.97236974454134
3655.3817036578,-1605.61672175683,5.18431157659162
1700.52875258603,-89.1004106482162,5.28509358839644
2867.62482639992,-452.140666996185,5.30712846560872
3225.16654287687,-289.186595515811,5.46590169920541
1836.86823484314,-1251.62872273622,2.89442378845143
3079.04859035843,-1048.81579796425,2.63041391344518
2806.72961407946,-1261.63846392282,3.12955921882793
488.32527051649,-1789.70737920613,3.10719504107561
1680.9704908357,-493.439198192395,3.10261259875998
699.136719105265,-1704.47520980625,3.27597583347756
3308.88940858266,-2167.53746785899,3.37784002400149
1313.1746901541,-643.891604856717,3.22246093095676
3351.27674588031,-728.621176985059,3.50355132072743
4005.30908340378,-76.6401064966491,3.5272908966201
3362.98597256838,-703.338044143739,3.28503146812356
2586.76941995772,-1675.46632536519,3.46943042109825
742.447771537942,-335.816090717511,3.34672231619337
693.927460049062,-2064.48012252553,3.62230517363614
2316.79716478254,-1547.79942683723,3.76558929697883
1641.28839412276,-2103.51209408135,3.74065798605046
1496.76590958408,-1522.81234024002,3.31072455218198
777.596926030119,-1942.87067082645,3.79594645584479
1664.29444590564,-730.076277821303,3.80807800485664
1682.77997905747,-2028.71414024672,3.82202540261267
1726.26358289784,-528.102352465664,3.88377364021723
1260.65440432415,-1419.18558667592,3.81382845867537
1685.65804127522,-1192.39082957205,3.93327484431297
524.572935734498,-2189.67806295962,3.89258105963765
3776.47020402845,-907.239259877291,3.88533292598293
3906.96849287291,-1174.8770522269,4.15581353036107
1650.04132207685,-2075.63679271821,3.97160389103219
1138.01757222392,-2155.07574906376,4.06827130135199
2279.21251374671,-2204.40252764882,4.10036042167138
2742.1187081949,-2070.88382464875,3.80944504522514
3826.77708092537,-1083.1435446787,4.17366735231364
3710.03953832554,-1562.09692286576,4.09129188342413
2607.97286636062,-1742.32211013532,4.59966932831411
3898.97848343527,-1018.01595721235,4.52738770287129
1877.95595071351,-898.248967214711,4.49076088476491
397.846078737442,-116.075196019603,4.18189580099448
3926.38128563835,-296.877879857296,4.90583930651654
107.901565681388,-525.567663130388,4.72422247150288
2109.261122669,-1037.39602428252,4.89730093490547
2274.9224239709,-1723.62938763252,4.61695713696048
2029.99787427724,-882.789508949452,5.18927083842364
2307.04458283337,-873.156957513192,5.26644199521853
250.925818963927,-205.753503033029,2.83494853761815
3666.52317655208,-1529.28686806031,3.05809776145702
3044.59076802407,-1465.81721543393,2.96366416683851
3114.45141560261,-1362.82655369433,3.0323359982498
3944.02988661615,-1355.23340912375,2.90908305605312
3959.23803798853,-1444.92793029508,3.06747107203348
2909.37853869405,-912.078551643312,2.94200007242937
3696.31880916304,-58.7877346634141,2.98701094125941
2141.79055493701,-401.520667031643,3.03172592191437
1598.50912688559,-961.887915339665,2.92352857291365
1552.43502134339,-1484.29103098184,3.00239349704404
214.005046377515,-1951.4842712301,2.88320798844247
3306.6955151968,-374.672443659267,3.06948338153544
3774.5814486872,-163.944803285974,2.91022928817338
618.097155094082,-1199.59503985259,2.75493682581348
2372.58408332664,-1161.0744265098,2.87055529699527
2639.90860060388,-1523.60623181635,2.9625495621473
3335.03198595704,-95.9102892137089,2.90931934413771
1588.52867899534,-1596.08272104949,3.12634525022458
3023.73254301118,-1267.35639843054,2.77368401750807
2029.81660778539,-1136.9541391349,3.05687289504466
3482.9748910679,-2172.02681615682,3.13134157186848
1692.1456972578,-1421.06240620972,2.9829164176148
1198.16369253149,-2125.75419757427,3.1123725529074
940.205300253733,-2103.07142161906,2.98383225656253
2522.41580229128,-880.664307636613,2.97425968751342
2927.9118987576,-315.984117060418,3.07413630289587
3874.89802097449,-1114.42497551572,3.11192257345894
3951.04059295835,-2103.53900866518,2.91230805555494
1493.2461117923,-810.090812314955,3.02820221958961
3514.30956372944,-1941.96872827637,3.11795906308259
1031.50018251338,-676.016789492888,2.88704897492301
3827.83524995691,-167.311315432121,3.19026200532778
1224.63944655776,-1609.26469089427,3.05774108340426
1767.28465463468,-1988.36854464773,2.94074714151817
2947.74755771227,-42.5666592384012,3.0931712798886
834.890610995932,-802.999182220159,2.87768535834683
1168.82116581013,-1806.26644083468,2.9147611929725
892.886795859015,-704.598937462983,2.93525414545143
1659.168076772,-1988.51750951845,2.97599367426604
1297.08884426597,-2038.55927072753,2.8721666411784
626.607475425018,-1783.80577427527,3.102014203101
1822.18686926298,-1053.21539608804,3.45415672294686
1619.19534524574,-1747.11869586597,2.9506475380922
1167.80978316698,-316.55951562091,3.02495080393421
1114.7436038768,-1714.79660235582,3.50797986244075
1156.05146539797,-1619.66510951849,3.29188711191589
1491.85239886913,-506.201435348041,2.95666717054323
180.246267999056,-2140.84530286557,3.21896826875449
2804.6949784593,-43.0686714561876,2.88937272640973
3138.16107117702,-1775.07304552734,3.03084506135552
3110.52167688672,-1873.11693033957,3.12073433865719
3422.58768903757,-314.464144773728,2.93786360010366
3894.76013177384,-1793.10349693451,3.18271500036687
1173.22075100665,-72.4080865499816,2.88248942953606
2413.45410522418,-1535.43545709026,3.37112020480839
2934.55428329656,-1647.01073178167,3.1996618959285
3835.9072520373,-1375.74982598321,3.09906739723744
2265.32218815929,-1402.70909806047,3.05784003442747
627.781570031656,-1934.50443294961,2.99784769664437
2092.30052857729,-637.891866798609,2.77496629476296
3320.91936163667,-1191.40750817972,2.93235663951291
488.983167275488,-1042.14433345423,3.03998305919559
2862.83878293667,-252.786485314202,2.79848762572679
664.030373268968,-2200.93830451879,2.97898015114468
3305.95460583925,-1510.2144657318,3.00756896130081
1318.20303356215,-1451.92064567018,3.12959233611062
948.789080798441,-346.376513841893,2.76001229969494
440.269986947212,-352.50983982611,3.12310291029796
4013.12707357634,-893.685541464475,2.95928167407083
1148.0606685098,-1674.39639916541,3.02434561619965
978.66305550477,-488.500551920229,3.08405634899849
3021.2042808542,-495.508446522614,3.09849714707502
2940.60658785842,-1059.3487580517,2.87527002211863
3823.35903826989,-248.986268769132,3.11173786231708
2880.97267703327,-2068.57479653036,2.87751984822168
4059.15900955729,-66.3279810142555,3.05481094748391
1865.74881474002,-340.798133145696,2.83202110537453
1912.7331468924,-1302.67734621312,3.21822626045951
1200.33882921715,-772.458547915083,3.19741734629105
3207.42941956123,-1891.02785772064,3.2912237155541
1403.64259071473,-2202.60307555173,3.16770455534718
1761.18335888841,-1046.51766042943,3.13654126299071
1802.56131243623,-1945.23395614837,3.10515795004114
212.407223157269,-869.560256057226,3.191071248085
1830.83501007679,-647.604773084701,2.8947324209641
782.838782235681,-587.709195707934,3.27125011243011
3472.6445575094,-1254.09286099601,3.14249810876683
3611.37871356676,-1247.8742965427,2.97523360912489
1800.67657341207,-1380.2618656038,3.40019122424223
1036.91593409385,-1904.87057772144,3.74209924829212
856.234884294887,-835.601377947484,2.955130016301
690.032678263802,-404.80671160645,3.24559123237982
660.518258452388,-1479.49830995432,3.0077712660877
2347.92270917404,-1958.27598471968,2.95857473914305
4002.80919075611,-724.213404142219,3.00897414153754
2923.8537318165,-1939.93287854182,2.90106900901432
1240.1910863774,-1088.75887353017,3.04491727708177
592.26204364931,-1842.89063258285,3.03979861542753
443.991167357976,-1994.3143164878,2.89910060194838
3806.73088335916,-240.475763974072,2.75085348610334
1853.38444060108,-39.7501743496694,2.92153437413533
712.105397805258,-550.361069888494,2.8151211532789
902.313093357203,-750.643720438698,2.88056166625873
2233.75977388682,-550.130049277447,3.01675846414727
2176.47625718404,-1320.23447022267,3.00795432584739
784.541154354886,-45.6905980093879,3.26472814373161
1844.75995712632,-59.0660600401357,2.83960671936517
1547.90939122539,-626.176330075821,3.02181722148972
2227.1761237851,-1243.59669596508,2.8593490408343
370.97850999189,-1065.26506100539,3.0009803668831
1566.50741910372,-1345.15819119285,3.19239330547448
1129.70596806331,-1807.32349782589,2.92057754556043
963.045176078826,-1209.73896982325,3.01801479839418
230.771163122641,-608.540088418419,3.01813658011505
1552.3354330444,-922.029426960065,3.05313926807969
2642.18981560063,-450.766204518396,3.00268548074253
1339.64903598358,-1598.80719723132,3.33742813315608
2507.13341274429,-1778.32299833646,3.20028004482159
3960.50620090787,-290.493550471432,3.19987649095565
745.878125832959,-971.327100446594,3.28765677590699
2104.87367108102,-808.197818580514,3.01761194770559
434.259798400096,-667.360175394253,3.15575107292858
1685.34362960182,-214.549553226893,2.91578826367352
1440.11324958957,-1869.68432742485,2.89173259832093
1382.94162907708,-1423.67652869724,3.16413581131511
2320.94891358382,-1547.93748511001,3.2618129590796
3095.73289315882,-480.671253355237,2.75085076212925
2729.69863631639,-800.972206368253,2.89193788337158
2972.61288325936,-1401.31941445494,2.86499826897929
1469.07088371081,-1365.34392053073,3.10894814102916
1556.9291765108,-1220.87706920203,3.16691447556633
1758.52117657815,-53.5437239716856,3.11471469251426
4017.98512256037,-123.223442503125,3.35265330492897
3527.06195338912,-270.673446380224,2.95323479163025
3496.23265643512,-945.310243850732,3.34961968310521
1233.31054489965,-254.768909263901,3.08431084985915
2073.41116652666,-768.574480114091,3.06003958144959
1879.11981388299,-1044.77906760639,3.1676876364167
3245.74932235421,-1788.50225891626,2.97428308002519
229.651412701933,-822.600988110972,3.02152398016629
711.237283531515,-390.586837249817,3.17349998874521
3149.93037394803,-825.413097851732,3.03829420596412
3693.25632921963,-2083.01156760816,3.09833565997702
1021.87552118969,-2047.55681100538,3.18738701871083
3385.53560500794,-1099.95288780307,3.09905659264786
2225.80280584661,-978.126794686687,3.68510516825811
1393.50046317291,-2162.68511572465,3.08926046468469
541.30718237579,-1355.2172298709,3.1000551555965
3711.76386355844,-478.366791889754,3.37369122963434
1561.80022038731,-1281.80948050335,2.97022745933798
1884.75231992798,-1794.52154721594,2.87996453094301
1218.84880702962,-1320.49951132419,3.56844415315617
190.291961688621,-2113.78789171249,3.20211575408601
2922.76032301106,-1465.53034816144,3.15683517714878
2629.56785567418,-296.815506527918,3.0023492773348
2977.09082775259,-477.727221137419,3.22878276185147
395.650903169932,-1645.59959806905,3.02805202435341
746.486298066214,-1835.43117638436,3.18880940629951
2421.64444193016,-345.639035085293,3.45357312599064
3691.46165365733,-586.581687486541,3.13559929719314
507.477549430887,-1419.26809419488,3.05574965197968
1256.21941425296,-92.9778515835151,3.58817426036927
3091.93072613919,-1250.93313804539,3.03861827262307
4054.41337034795,-1376.32981016553,3.19134343194573
3186.66126470744,-1658.72227126525,2.9957954584678
3968.52587446156,-1126.84180736667,3.21580149789879
466.010369690728,-720.234511861983,2.95780283478362
214.600932675016,-22.4950329828967,3.19721469235275
2099.17306449149,-122.252745814167,3.09850905148867
3070.62838217173,-1762.96448572994,3.02967486956162
1313.10764021722,-1299.405409644,3.37139660488008
3986.21418047447,-960.267525502884,3.02761102003617
1571.76920151215,-921.666871601428,3.33336098299042
2582.07419436716,-334.009867469291,3.27907517928297
3122.78606877792,-215.23215915965,3.15553272286776
1115.93170707343,-1577.16393072415,3.24290854193704
587.64138775436,-1738.62769214983,3.09078694555667
2780.05905380771,-1547.63032480168,3.23559425372782
3635.92861495919,-1967.08410785879,3.1411328138449
944.012971593767,-1772.60329634563,3.24399791414526
4003.46312807058,-261.877945110093,3.31424301014049
3939.42404686504,-1687.37466989946,3.18311444692631
366.419697093746,-1310.09209578272,3.09036768779093
3224.59408128652,-142.254246630111,3.35994525460512
3852.2286852693,-1605.89236144185,3.10279527068139
2063.56235476088,-583.036528023554,3.36532674165323
1085.19526597669,-820.730789748099,3.16221871966764
2152.08979232889,-1081.43552673573,3.18372734311081
1380.3913101512,-1231.54520031824,2.79271596118786
1403.49774676066,-487.972030077342,2.95528244549649
3140.01189902036,-1545.75602445005,3.02033845948365
813.820677340771,-2138.88529292265,2.96226348379969
2062.65814741995,-199.024946992159,3.0520711117305
1995.96968077495,-759.661356112096,3.39925676948213
3246.79799544046,-1878.69234869793,3.09304315386849
1390.13119974199,-737.489256828701,3.13095155986826
1312.29422236313,-1321.44317821168,3.05685080808487
1536.86734235052,-883.4798466353,2.90315374481154
1689.40958006268,-583.290174367058,3.16091396919793
2010.73973315636,-2120.22197810488,3.37731813912319
2944.21155733598,-510.513377192717,3.15247484820608
2848.65895146708,-1180.82526864208,3.01840289631674
2497.45337749344,-1547.21339460563,2.99819442552971
363.533837057955,-32.1816013543195,3.3760317881261
440.520541201419,-1107.76827070437,3.19122379437157
2323.36579336613,-831.489098518594,3.20675188418834
1638.84346735933,-786.634378855395,3.28412185709647
1455.31774586923,-703.55975171942,3.50769135766494
2948.91951864816,-483.702839196808,3.23456798966669
3357.03138228407,-1183.92483857788,2.88155004934989
1142.68338945175,-148.165203423533,2.72779741150816
1790.980357096,-463.195872004075,3.18553357315205
2640.46020859914,-780.935841518178,3.40883646263035
1895.51605232726,-27.1894947855996,3.21629375194063
2245.7974580392,-1529.16001701939,3.1097962951352
3648.00273603269,-1870.72151213012,3.09459804859169
1016.05906831785,-2124.31199879733,3.57375862830535
946.345860046246,-1650.43724070548,3.39559193924082
89.5436069994369,-1369.32070592023,3.24775085131322
367.754646487028,-1521.35068558251,3.26617747654952
966.563189436106,-146.483660378152,3.21876126750214
1915.30610781172,-1138.27826749556,3.66419080851581
493.006823189528,-680.120907871442,3.33324578852203
2078.51120191319,-528.211251430291,3.43865586457154
1974.99630039549,-521.119254382461,3.47583235087673
3224.81623711416,-1372.07930754359,2.96277317598459
3608.09310631734,-392.896790482881,3.35518635526704
2017.0855851592,-1494.70302963961,3.51732610806847
900.478756810775,-230.08734378593,3.56239147605967
3235.63625774993,-1895.2158295724,3.23159950727968
2741.91761212502,-1741.28539850142,3.21782519620453
957.133092684668,-1905.84422022074,3.18868655362139
873.582855319987,-141.958660493264,3.2665161630494
2974.64356806441,-401.390863351573,3.26882123905391
3103.55714318708,-2146.904948385,3.26009967234935
3442.90812062249,-1750.59022681521,3.61167167781335
951.423713534974,-1227.70654210245,3.33973279687877
1746.85102154638,-956.527427850518,3.48252827384112
990.404936504727,-1835.79942349909,3.28758748211028
653.317654768592,-400.348432548309,3.31621666150315
1377.1772052344,-1963.81479828087,3.02997185242367
2732.7674158487,-1572.62740355967,3.02997313285623
3616.54524193572,-1718.12938462546,3.27357017019636
1588.15412940616,-1145.91567681425,3.22635212265798
2700.40092088433,-483.340064602869,3.22750612002948
3899.0762598021,-523.51984858037,3.20466939018537
3464.09103690013,-1379.91115365007,3.30307452224547
452.519330727193,-273.787508355353,3.36275506160067
3054.00213264331,-46.7024826053963,3.6812264568739
2031.24326149094,-889.081246110908,3.05325615739866
1051.62549417743,-447.932816845353,3.26360878040682
2145.19676079462,-658.628860930498,3.50539943172545
1923.21256440394,-2155.59459303936,3.2596476416094
2691.40013296895,-269.698255018372,3.5801989734467
3208.80228671562,-1529.58967831947,3.15617192757765
650.939327815333,-1911.23808210416,3.31827642378899
1640.63192965708,-270.923945269574,3.3193587486021
3258.53705826254,-128.385310546765,3.39532139662763
3311.98321560364,-1610.97351073393,3.36350417143542
3838.79400270471,-1649.17649212439,3.55150763144092
3489.54425102909,-1830.16379219518,3.58015524024483
3751.9351444801,-1077.8570143048,3.21667378164836
2425.92474963165,-577.277585264717,3.45985925018698
2008.68603034915,-2055.04392751059,3.42648063358995
1123.70448740718,-550.449533503422,3.49450081287769
839.295830931357,-1025.50782349606,3.3812664862574
361.552640468123,-286.397527019669,3.73669801258767
1892.39719313241,-1250.87892758098,3.38474499856038
3942.62106830848,-992.102021867242,3.5172204820407
2697.42375753317,-692.126496155673,4.03351146235447
1257.81962601601,-868.283496017327,3.51078443414064
2787.8352301876,-522.07231550786,3.55020483469701
3618.48736339743,-1776.32465910165,3.32707902636808
1939.61930016702,-1395.54394935975,3.51971380789249
1208.9420991726,-1170.16093970874,3.41137298821581
3652.73052344797,-1669.55030420134,3.38771051795999
314.280201226478,-1980.73026382411,3.6613432608693
3602.66635078708,-1418.41826289627,3.61821521189846
4048.49685204223,-1049.80151988838,3.49081731705455
3480.37785228743,-1463.28108389009,3.70554735388317
520.131320613796,-412.165377718605,3.82357449492005
1999.70739852538,-954.977000479244,3.33886582252227
3331.77556729955,-771.570139288852,3.50524025279628
234.858080950696,-535.83493123223,3.50866411468951
1434.39675796268,-1266.13735603625,3.24436124136426
2623.98576606789,-60.5388077333789,3.53464424521701
3131.97586009844,-1396.79795704703,3.50545405393417
2910.27787202788,-1788.4149525828,3.53932556188866
1050.81137236386,-1687.30093718235,3.36713968910892
3174.18751642666,-1382.96715678261,3.59252294349363
593.050670033674,-76.1420150779721,3.37437098638346
415.343766458911,-577.40264255681,3.54700860439513
1839.64861282074,-745.080438465392,3.49298499784121
3749.03686593884,-406.028421470786,3.48338762835298
3681.51116728923,-1329.96532015731,3.69851768549369
1392.52542145226,-1153.94217624129,3.3823846113883
321.998918827478,-633.696748205669,3.49448264553573
3864.09441443348,-1435.11256716726,3.51396361672071
3247.46420033408,-1962.75350919286,3.4137698277109
1402.90882220174,-176.270497858095,3.78091037600172
2290.43947010018,-733.146125280525,3.89233675429512
3711.02400731438,-1974.5608526182,3.51337944063634
3604.89384029239,-1190.40722443022,3.46355897419084
2179.46396095721,-597.945662178447,3.34699366604819
1010.3680868727,-2202.76053036292,3.54272407120811
2741.05971642665,-634.84632142935,3.9853013331863
2228.41668132899,-1807.12319393033,3.50976159451008
3058.5126547149,-264.972922410965,3.2004120955963
2955.27329482411,-886.888806880887,3.46072441710139
3740.75302827709,-1785.86702794393,3.31731008863341
2973.39791142985,-914.699995154064,3.76585351801321
3757.17573748494,-1343.81448818088,3.89701411416718
2276.37052031108,-881.657008066884,3.51136601221357
1959.00613694845,-1998.43713877489,3.6439642754343
2226.33933926909,-201.27956041714,3.61410052648229
990.769362296413,-2165.78736001744,3.57856274742636
1563.10329525702,-320.262834903085,3.4293740154588
3293.01181246134,-1685.01208484848,3.5095202762164
2853.2738499893,-908.42278056179,3.64698362008959
2606.14491387872,-1869.58884315233,3.47350217917597
3018.15057135877,-1004.54342034239,3.67861242464519
3845.64019329676,-966.481934852819,3.64937564732499
2501.57904340535,-312.179036118983,3.59386001435382
2027.39336136053,-1554.46021406876,3.97745207362729
3896.19200823879,-1469.28350273314,3.87914103497251
2921.143764217,-876.421809936194,3.76441005851834
2046.43198230862,-2102.85827510362,3.75158094039352
2003.01770240395,-640.937740969654,3.70257520426784
2245.69364108993,-1212.74949821755,3.93329921454318
168.13232444573,-1059.15696828706,3.66190712811569
1777.03953927186,-239.141282490721,3.58991507816164
2300.01234848502,-2054.86808831777,3.56137674231577
2394.1852581073,-375.278337521033,3.75616959647693
329.372142829961,-946.510310470645,3.829326869728
1762.88132662106,-390.894783288401,3.83644746198583
1001.15266597796,-418.547985198326,3.62244006416091
1805.41037543451,-1300.98639324467,3.78563898592631
2384.70446187895,-1427.00007773032,4.00251607075707
1533.05291684775,-969.157478954994,3.7611681710731
1637.97052911244,-1194.14673539671,3.78967502695957
3065.50921291479,-1358.68408649874,3.69753048536767
3127.95888405211,-1300.08268669898,3.62224553373562
1173.87794075635,-742.634383547873,3.84596068718645
2433.51830131915,-430.831377253307,3.75521861537973
3919.18779617836,-2200.03538621894,4.02686151584222
1652.53657657707,-1658.01818037582,3.58881073249611
2097.64748192927,-2104.12195757328,3.76940403254828
3229.11130356931,-190.884320202199,3.6913334163798
365.15018214307,-2050.03578789167,3.56767801056967
167.423658059722,-2000.76461932511,3.78844928056117
3123.54714588679,-2079.39288042807,3.4966327063344
1932.64789384175,-719.074899921093,3.74580464486944
2096.72874008255,-1763.90718620578,3.93688422606665
1368.44127224426,-219.121120320438,3.65043986590321
890.136685498649,-889.978286916514,3.87599876167897
1763.0763678226,-350.669548728825,3.72393658913804
1992.44451736532,-1813.32846882682,3.88280581217442
2212.36530493283,-1318.46844761944,3.74663525914743
1819.89116863972,-1673.22615559514,3.93480873552182
2152.91960043109,-1469.94153499049,3.81690729599156
635.804201585852,-729.222727223394,3.9138457541374
2985.04295695563,-1875.94245508398,3.74689723955988
2021.78707775661,-682.723325876434,3.99956019406595
1202.58393587155,-915.763630198721,4.04170310477221
211.687596464664,-146.827164382571,3.91505260746203
984.793353646194,-666.619703389803,3.58462428600175
3981.29675595658,-1812.31785572149,4.14515343840904
1742.17860183146,-1673.56198388269,4.21199367110031
2910.63658937229,-2120.92578323991,3.88323451550499
3307.77673149241,-1005.09085611171,4.12270676769389
272.852132844798,-225.684210058394,4.09521834678003
1927.89797525967,-346.473340399264,3.87229781662952
2147.68368269129,-912.479075521091,3.9737876871233
2493.54850054748,-469.599897080008,3.92056576153943
810.303479931858,-928.245124777078,3.95865756595867
1847.2543337833,-1876.66225171405,4.01313648233057
4002.13504415184,-825.321511943377,3.94652773895506
2618.79938148921,-1809.34158698771,3.90157045433147
2196.78571216643,-1361.97263204553,3.92433731628463
825.313308561011,-1785.79157048597,3.90094423339151
720.30002474422,-1904.4933193399,4.04089695392396
3627.3556076832,-1365.97388877513,4.14873235700512
1331.11897655245,-2016.64799689861,4.42273166724696
339.595967445381,-1417.70311069162,4.28528113668223
2002.30099442164,-426.794408076245,4.31377650049668
975.927780453197,-366.921321404934,4.16414818798115
1042.67950015362,-189.927857944308,4.41230551753973
2095.9046909059,-1922.08753249174,4.34727328757492
3509.12487244174,-539.795130643556,4.23634712730809
256.293060119244,-1021.37471146958,4.25842654263196
2270.63360764064,-1364.5242886981,4.03970936984506
3695.52604023912,-1180.09214530444,4.46168202977644
1750.24891592524,-1227.22179395001,4.58723625203654
2547.07708287384,-2109.685612662,4.69227908047938
286.556371028387,-1213.26799017735,4.67201405533679
1248.21714622188,-441.819614647941,4.75782744590675
3680.90850121142,-970.815020667738,4.98531878511367
693.883314889406,-668.201203406573,4.81693894649323
933.354382365703,-1994.61319740017,4.99971437927585
1330.77660288117,-1711.04343608394,4.79177230569266
260.13315535975,-1319.77116711593,4.97176525327987
464.357955625145,-1956.81938633775,4.78044344010948
2908.50958000102,-1398.31808358738,5.01143000686376
2941.70091095798,-1614.9485674321,5.108196502012
1181.08806780906,-1819.77143153058,4.8953899480037
1678.78006090919,-1500.12299742349,4.91290089870196
632.747712890837,-1457.09740509407,5.30501312704142
3313.33953714356,-553.110911777578,5.62335325082155
1725.23970265638,-1099.18873199797,2.85022395000034
1112.66680813016,-982.004822044134,3.16819881086141
2549.09424037534,-1869.52970263276,2.81797595776608
1018.96091882582,-1551.83117322117,3.00315113029984
531.950947662898,-1313.10966454315,2.9551354087536
1455.16268545424,-610.51439543528,2.98388796667387
853.476701052911,-1133.67710507907,3.12781235839598
2958.95133022606,-691.577755974144,2.77354223278176
1584.60465409424,-588.297284758565,3.03531343284152
2143.72711892445,-1093.6522184176,2.99037803386416
1257.69703761663,-566.76553568468,2.91230103161108
574.398443308476,-379.724365575866,3.58577028318963
112.525068393045,-333.722823329445,3.24498173416862
1762.20584054244,-554.103449716518,3.1181560964185
2355.34423752252,-1728.71206215275,2.54044754775929
1652.89446442413,-599.667969433566,2.96488001353944
105.864373547715,-46.6717272238426,3.10192362146639
113.518689485476,-450.803528373449,3.17664801771521
198.020739008812,-543.866340220873,3.64521297172688
356.196000211045,-483.163809422068,3.13010889196333
830.057514123812,-1234.0626339706,3.591089321462
829.412928665433,-963.783717095174,3.29641062126162
936.634341567912,-825.637984631642,4.02977330775064
1489.59726687123,-871.781287623655,3.98363946960784
2119.71124403848,-513.981720430908,3.95472736835634
2209.2754783041,-398.92614789961,4.4379124257936
1882.89181766629,-1702.49706165964,2.78482545357548
900.359397401253,-732.031531676574,3.03070687760979
770.210325185437,-2097.01478380769,3.16630874804752
1852.12132804914,-1085.08645689028,2.98118178962324
849.488565977374,-1878.54818826515,2.89944029436263
574.894342368093,-644.182809309819,3.41481278944997
2651.96683335363,-1809.03496875454,3.15676153607948
1490.02412709152,-1178.79813963148,2.87616564392776
2100.2095462307,-2214.22506619785,2.82452419218847
3652.25352931274,-954.544826276663,3.25216602570592
2864.84896543657,-1912.21735751054,3.06733365055533
185.97497999737,-1477.0221220104,2.90242485397415
346.523447744413,-2184.05192823164,3.05228564236902
564.261961979055,-1812.96217319839,3.06449933884036
3657.46005242605,-1774.49720483789,2.98714736604318
3686.59945549273,-1178.9203996355,2.92032922375854
1224.38675962527,-361.967485109598,3.26625409237842
3370.61780406041,-538.92722979891,3.3495562366473
3343.87766266613,-750.520482824842,3.31810996396544
3249.67076870586,-2007.5450313293,3.31304502889882
2768.75706095646,-268.086272756,3.68822466142253
2474.19190567314,-1720.69667464851,3.74767301415835
2076.99443600404,-2013.44972263385,3.55868162803074
1971.36129073385,-2056.46282270114,3.90514942574523
3265.35875185968,-80.5322322716228,3.97209401514603
3828.74817431841,-194.321687149474,4.09290943113697
1555.12743250804,-2117.48764577962,4.43313809556207
1659.86696875771,-348.670993029261,4.13285330130493
1699.22186310553,-2169.874599755,4.83540424605216
3625.73665127021,-1873.28980859693,2.88419789081335
789.12859069976,-185.292328943213,2.81826390162108
611.605360450854,-1145.00976841609,2.82301471311845
2797.08366384282,-968.217971675183,2.94148854199275
3633.12870530179,-977.086772736854,3.33813674474254
636.972843784521,-663.775930095162,3.24118178945594
821.184861928178,-768.439732253307,3.15660049977168
2862.62609448477,-2149.39045760337,3.46457400236347
2985.55854183751,-1931.83468014023,4.19725027685043
1138.25172360717,-522.44631241416,3.46539289226361
3071.04097144733,-585.221698226298,3.28467698214626
3275.09315278317,-949.204667444196,2.79331958075219
803.418849743964,-1205.60989963487,2.94681547730948
78.0680380627264,-1458.63163623781,2.91235022341084
1497.64219405459,-1899.10686444486,3.07913538424862
217.601283298629,-403.016857667862,3.07086480807489
885.407854787574,-1868.10413950776,3.14410450027589
3659.88828247295,-1271.98791151597,2.94035395725884
3103.58971964332,-771.232758310717,2.64932146281154
753.478090250178,-1243.56866881347,3.08456372657803
1429.51664057068,-1003.68108746268,2.93052025119925
529.4187574873,-1398.21944555349,2.79326839810112
577.639336592996,-1314.53455645841,2.89060463291566
1889.77738684595,-1579.9682413531,2.93571057993615
3832.54013147815,-2129.86148114732,2.95119900559082
745.061942693825,-1451.8893840149,2.90683061342682
392.676701290813,-1373.75187337272,2.90293378310078
2323.65907454842,-468.094437341334,2.73450271556875
746.535607061619,-836.069559640255,2.9310160653029
1732.69010777646,-1834.76662294196,2.79412299613983
1881.79815977445,-810.345634983141,2.8781207749857
3864.8011259012,-77.4426458882425,3.2316311866148
2667.91839134776,-1725.51371577094,3.15558692790491
3099.47404240484,-258.207439624113,3.35709091852728
1217.10294281122,-1058.96898148305,2.87190315199899
734.194541308145,-1950.98637706693,3.06523324542528
3703.79301699109,-751.822599429716,3.14340727525575
1747.1007372153,-189.293452383133,2.96374380157049
1130.89358941168,-1150.46019581288,3.04898326199568
4007.01273031759,-1093.28927010688,2.84505170746163
2436.14168943231,-835.811154016331,3.02890092573313
1130.44263642761,-363.857759874843,2.99705891540541
1487.91524735948,-2190.86865842228,3.31103808907262
2986.28554577699,-1992.54044056367,3.09502974450886
524.599822699763,-1330.21522559335,3.06525567815325
1856.27061251936,-1240.89807067434,3.03082072014453
833.65936711141,-1761.07962021886,2.91302782072217
2342.12641028582,-1312.25117883399,3.19489945572223
1815.67612495734,-1714.20554080601,3.24539273966921
3558.2370338565,-693.234971988595,2.94027891326658
1882.90094411384,-1481.68279885353,3.23667203023815
3343.31780897959,-2050.45274605919,2.75808072025203
2013.75296005987,-1849.18180361756,3.28953181341416
1894.36130242735,-959.061309844988,2.94403623769963
1959.34311521369,-966.467371994536,2.91112869294442
2984.72673656226,-1674.39368726146,3.30827546550581
237.135186807477,-2211.54504757127,2.94295933089397
84.4349428581665,-1025.86976371071,2.74037451414965
1827.06931028909,-76.8897578186113,2.98045801297891
2581.02353862186,-2105.44464219939,3.5191924672468
1733.71156100836,-467.7432744756,2.98477453033476
3866.73764005648,-916.018786620917,3.3206748671415
3502.42488441803,-1798.19604170057,3.25436166223004
2289.5078399223,-1655.10786456018,2.96909250784853
3041.31317810798,-1660.26748867931,3.14698214211397
1144.2471660339,-1347.38546394668,2.92782940742197
255.039881601346,-1110.43286125944,3.0131384971607
76.4422556493315,-716.935023470135,3.26909857271439
549.646045613154,-1771.82069068425,3.06365712436867
3836.77020059294,-1083.43976659606,3.45660647915978
1815.64572862885,-255.740084787974,3.63581255533587
1337.62698967523,-1622.78879139446,3.62720033751816
2400.93608237779,-116.316281173516,3.85111127851466
3639.28483061962,-344.034407298355,3.74377034631121
1495.20133533025,-1732.0423237865,4.13328749527861
1470.61120746099,-2179.00367511289,5.72453739469895
3981.94229163686,-1583.15245887811,3.17475515319931
4058.67398951294,-2195.84717435305,3.04563100862133
3686.88804352271,-1790.09733223093,2.91146298242695
868.705279304635,-1563.5718235762,3.00656138809532
2868.70423921235,-975.897713133588,2.96612854107266
1311.63888027,-1583.73434373915,3.11542782027583
3985.286984384,-1307.61003080596,3.16895722320905
3794.01522674378,-1268.0608626533,3.18880923753238
1533.61045134472,-1041.45152137939,3.24744684719605
866.728160390275,-1659.75777562757,2.85891337251147
2054.26406242191,-1202.89459463532,3.07647398682263
490.039391933118,-1207.25520228326,2.90566567059915
2193.17424340441,-975.335147705582,3.11112153706346
4062.43327780911,-1549.45234613905,2.62892439391119
1612.14552027202,-565.426425475938,3.16034006083868
1305.26870759146,-1398.95551541831,2.81862496605058
3599.33176670033,-1304.70490876997,2.92071195020757
97.4589121522652,-975.669714084487,2.73934596659638
2291.18438218545,-1412.9698875316,2.96517793455644
3981.8852376792,-24.5790144578006,3.11254316682613
2980.90761736285,-1837.21057654409,2.85920855062476
2037.87904428807,-1284.76579256554,3.32668111089344
1001.95899305768,-891.157469302642,2.68062669606273
866.614537538594,-895.175328065014,2.88371133803065
1610.36725560491,-832.019356999544,3.04048443854084
2182.30524238649,-1588.52056281328,3.18576133940127
2427.31693492322,-201.342925788356,2.58959267219451
526.866911422415,-627.114455790933,3.21199720517885
2071.00822882367,-1146.18533022816,3.21760455317406
3362.53074527835,-418.860832950405,2.88120293431833
2747.83645479556,-1806.99901122852,3.24220471712288
2978.12149267305,-1038.69009898482,3.31787674231787
3839.88788555857,-26.2332235176236,3.38634566006103
3447.78798720156,-1049.3851145099,2.90886901549246
2583.25048944713,-1791.17053319984,2.95146741575127
3872.37509622239,-1618.40137205,2.9653335435921
558.312408348177,-1663.14814358818,3.0317221317095
4025.63197236084,-872.68975550758,3.29869132751532
3100.26772083253,-1560.47138586441,3.35145947982924
1021.05309382652,-744.249846862987,3.06551435075212
3236.53270125603,-121.312674038345,3.08626355855008
1345.72926789991,-679.245251725021,2.94338740686273
3433.79382092947,-1684.48921156937,3.39882592317524
3006.3540497689,-1838.12533707138,3.3356282330834
3783.70478543606,-2069.03526710496,2.96416012597113
3005.53752097358,-1599.96439451173,3.28404827274702
636.018913062412,-792.03110455984,3.22409340961934
637.506054868956,-1348.7273529683,2.90446175006879
1670.55266075109,-788.807604161102,2.98617891012565
3001.85616091607,-924.151404519771,2.83205477868524
1079.99383422591,-1125.45268503204,2.81096868201143
3616.02808643268,-30.4239207608658,2.92074498450978
391.966262410418,-1276.02251131155,3.30659184027661
281.425175355566,-460.028441407576,2.97113745355686
593.482284747877,-649.637331238781,2.87708572029779
3290.59908237714,-2060.9735638187,2.97598941390573
3158.84514827948,-889.671799681004,2.96425940368333
2878.0774922475,-52.400744565932,3.62267280276864
2759.79834597376,-1896.78415379194,2.8751624298175
2249.52004177839,-1597.33859088524,3.16234513583075
3755.93536344201,-13.6125735106923,3.02966264616142
536.630852062902,-429.586960133865,2.71169693008088
3781.16042167888,-1046.17104407691,3.13604826291708
403.281556630313,-1697.66022118506,3.59422845688984
2002.56381407608,-1230.09650211783,3.66340078831348
3342.70898139994,-1128.30763186555,3.40339754183437
1194.45735476599,-1599.04933302786,3.90355511972186
3212.24061657593,-863.72812979027,4.0039579217205
389.5168939347,-383.341440861666,4.09250496501778
1102.50765464957,-1618.79278682851,3.97767428448708
1208.50925280137,-1712.54202407636,3.99092758413482
1120.31871502617,-1131.80440558884,4.00653606509432
1899.98136380927,-1474.90349495468,3.93810167162439
3660.38219770959,-1046.44212094511,4.15311093811242
1366.97600822043,-1691.46920176923,4.45424206712545
1814.77915869633,-1595.35755897831,4.53960925738568
2311.3121958673,-1172.59720581208,4.64828635060994
1305.67496233866,-992.53271510216,4.43553675315214
1416.12044959834,-892.789957478322,4.28851847066003
2118.85259318227,-513.216263353163,4.50385348754015
3993.84794546045,-1231.24160906559,5.01151538269121
1418.85818661424,-2155.58189071228,5.19518907848472
NA,NA,NA
3719.56284015166,-436.866675100507,2.93008292371633
659.164930857432,-1365.54858418191,2.97451847664078
3723.78081179978,-1156.85406545176,2.91413332213089
815.326995603445,-1226.88892392246,2.94615948439487
974.463509481522,-676.46054301536,3.00606816262469
2466.47670293245,-2062.44202893433,2.97027594056709
1160.58515442794,-1720.6285589888,2.72074562364897
1978.68947401458,-798.407724876622,3.08994382635809
4027.40920584684,-1086.17996036342,2.9747883165431
1194.66817596446,-498.294706721396,2.99272362057727
2595.28131125638,-1857.47871134826,2.96829377775465
758.740707922094,-597.99761112272,2.84001629782276
1609.02776632085,-1400.55206998615,2.98502382444788
4001.58164582088,-1042.26041496236,3.06877101902558
2420.93980036904,-2014.31235631502,2.93615311271752
3489.81865915813,-732.200338055114,2.70676760920682
3983.54586109454,-867.032568051251,2.96575728094997
220.75538711758,-1369.28978770596,2.87786697641336
1081.72266731943,-17.4856161316256,2.85355647563911
1250.71634293816,-1074.31330475841,2.9668994244284
2569.57949202862,-20.5315144251453,2.92970175218611
1977.09555281128,-873.484003254899,2.99602401258627
2574.61294424631,-820.514208637792,3.17066698764983
281.767503768833,-1894.10845280773,2.80418239858226
1573.30490955715,-794.358001699905,2.84492308657016
1275.57566812105,-398.353184289816,2.94400099530031
1201.27409265518,-1375.91338656793,2.9438734454905
2812.31949054384,-64.054090111726,2.99114041372793
1788.13103312335,-323.019264821645,2.80586799996218
3489.9198359365,-1729.9452221468,3.1935317062868
1308.72730420317,-1635.42011036691,2.96715745196968
3427.59788895953,-2115.14217169733,2.80310459837423
2833.00252341226,-959.802528798782,2.90459320546618
3390.19266289548,-1574.54621248333,3.15738664284336
3809.96245446594,-1756.94998037772,2.96987173105535
3478.71965894739,-1450.48803692736,2.85726757625693
3507.40535270139,-1920.23272895432,2.92382053549937
2837.00590749423,-1008.983344365,3.03657530617089
3119.14255633732,-1686.30708260941,2.99441919964071
2040.42902995519,-1468.20287870106,3.04115398564939
2551.82091864113,-52.6983788555798,3.14434567638127
3127.39576573185,-162.863352042603,2.95756162494445
1766.68376585569,-1953.68139664942,2.93530122506828
3186.65609814691,-1912.90388330565,2.8876249701281
1364.12981931115,-1618.89170040026,2.96042566565113
1082.67987796979,-549.1042483488,3.00103280249754
3271.46122878649,-19.551752182543,3.0923085655229
3368.35978009067,-1216.72246914241,3.03640589501949
1845.96597734112,-344.654994413384,3.1333354068925
1048.40868762504,-2165.0249527905,2.98155607738561
1044.68240004564,-482.632411682294,3.04450752006937
1215.50614351278,-1891.83493243775,3.00607925649867
3438.37653472867,-1255.28776277528,3.05526668025996
324.769617286599,-1910.36225562972,2.97843100805978
2994.50476359539,-1628.68783092944,2.85511170156899
4028.84785386104,-1793.06913749188,2.8943771682891
2493.63666228276,-695.441212046023,3.03355640607978
2626.7089852772,-1572.09750293217,2.94257538481473
2057.46794195655,-161.632932638632,2.94254516650257
1234.58299544076,-1693.27624270985,3.00796903302219
2760.19593543388,-135.99596801832,2.98649253825796
1721.46705931447,-1963.05385150189,3.11214562394554
2552.80952688929,-1415.0760348745,3.18993836207776
2212.98400966734,-395.89881449029,3.06774872248182
1035.24112146885,-1268.30944450738,3.08636973849291
3488.73801101407,-1314.94769531385,2.8125585449646
3224.93524845958,-1405.5768046632,2.98370615176819
2713.72931643501,-1451.90253685377,3.13656955052494
1670.81958202063,-1366.65166246729,2.9393131698518
3889.01889631785,-1841.7865300098,3.0102903935054
2619.39034455501,-154.819850813902,3.02747394081944
308.408444629491,-2043.57916740343,2.99684277357416
3794.42032677628,-909.876103762371,2.98751605983929
1354.38990457164,-1464.18645465894,2.99899355439664
1266.88735555005,-1631.61479794511,3.01469371925907
579.941486649014,-443.005533016356,2.9704506693706
3393.81237129072,-1698.7293061461,2.90845828062882
1742.52783865895,-1806.65270776389,3.01905596563143
2866.50899411813,-1592.92291005588,2.97207373597139
340.52857000728,-977.658802750975,3.04921754503748
3352.57259129828,-907.0151706754,2.95822578249647
3256.14418994386,-312.214486011685,3.00504732986885
2258.34243104877,-473.991904510706,3.08510346527467
2466.22332602256,-780.896649283392,3.00519840601953
803.799982168911,-310.849507066261,2.8832609563262
1212.44678617965,-630.745648303257,2.96435487447064
1887.08162089983,-2110.21332697583,3.10825815477096
102.684024056761,-808.547706155214,2.99847219697552
1934.17395351321,-91.3686251409697,2.90489001952759
1610.16028573693,-181.333231571914,2.97254353316628
3369.49607508786,-584.96786126942,3.01786437670584
1154.3468172888,-618.582853150221,2.94206839733217
3287.08384885645,-1508.95515255176,3.03616507719853
280.89965946133,-749.501310381015,2.90825422305211
797.282101692801,-410.461931877666,2.96776280387665
1489.87647976509,-1953.38195528367,2.98318257330383
822.880984610487,-2205.31480615632,2.9968107246015
1760.77532885849,-729.358968932794,3.13546834956866
3598.33260562959,-1734.68752965354,3.1293476836279
626.344458355776,-58.5135299863129,3.04589096068311
844.921861737244,-1969.81451761459,2.95279632119552
1900.34581080907,-107.971045358225,2.94881937519002
2328.94196128022,-298.10506636751,3.03281708982442
810.2883710629,-1445.80500909903,2.94153729351234
3215.31052831254,-2126.55407987568,3.0646666584525
394.218761290242,-2098.57701386973,3.04196419619921
2566.33707623501,-2205.25017224326,3.06037774156656
4008.99122799323,-525.466617898191,2.99342973019926
330.921050818141,-139.940858577174,3.09216958135902
1736.50268213362,-1541.73267498373,3.00969818870582
1487.71487339716,-430.161951162855,3.03853960444141
2170.89826402101,-450.585786183443,3.16471660044991
2390.27996434948,-1036.07863915988,3.00043804975286
194.193456760552,-957.699975944204,2.96124880198019
3639.84899710008,-361.186225857807,3.03849318923362
3978.78512463054,-1854.36903304583,3.05704544967135
2153.58694547594,-2086.61790101107,2.87852465946047
1529.7554818404,-1134.95948586554,3.00226270853222
414.954951198957,-1514.10402282523,2.99822414646521
4011.84226981948,-1695.82814273803,3.1416231161688
1862.06314941371,-1427.82691918189,3.03498536580971
1663.0614000556,-579.012065519418,3.09561763322642
433.13382573867,-1473.92716547946,3.1489228427796
2063.26593617445,-125.799814928704,3.07552593653144
2889.97335786229,-1307.33287696945,3.04761552862048
806.753336808629,-150.422148139081,2.96865164378616
2161.18177773009,-541.847648158697,3.01910771031611
2676.61951608881,-495.860843863628,2.98310562308985
1458.06524913494,-1322.30352299401,3.06661439718111
3055.94578974778,-933.100160282182,3.1835442140338
3840.39179773241,-1314.91226439222,3.00446357868324
3388.67642909648,-69.8518618299483,3.09770097098543
2566.88962772224,-606.578243726119,3.04670884701244
2405.94208648139,-413.901010917636,2.95479029190237
2217.04584877518,-1339.34558655835,3.01736614032479
2636.37827138151,-43.6017130163304,3.08001799840045
960.941793841515,-1061.38269072974,3.0502556393894
3662.34024407695,-2193.54944577676,3.21720187132266
77.9523474370276,-347.714541225874,3.17353964429566
2903.28500692306,-491.791210764964,3.15086514783984
3418.49385079153,-241.790107243425,3.05907908707079
3227.3463760643,-1095.1409538241,2.91002542670227
1507.79642493753,-1413.54937841921,2.96757762866932
3196.49383286109,-1591.38815405575,3.00776824702286
745.200841328366,-1967.68870547782,3.091039733912
1710.14047378286,-1624.43184599743,3.09877125479704
1290.61191669089,-992.830451617163,3.06225819513471
1916.20322333099,-650.178986485647,2.91695077534375
1273.79605262044,-1801.08091062138,3.02360888637492
3063.2213435735,-703.840194402927,3.08768852926206
2493.25353254038,-449.95700446966,2.97238096832332
1391.05896599181,-681.504577863234,3.19159552708434
1282.18327967159,-359.385976731561,3.07118243848797
1725.17445006838,-1807.29492227083,2.99379727954413
983.592118364868,-1749.26236807658,3.01323595946508
264.805283656271,-761.021540041789,3.14545039689522
1014.8502408876,-455.63304725249,3.13361078821005
3479.48954076694,-595.37217709086,3.01825446723668
3886.1036865386,-1488.88029071427,3.02516938258184
3915.79576586784,-259.628053569746,3.0169018968265
1054.11479772106,-31.4650685801461,2.99919265019025
1432.67236256096,-1927.58385771846,2.84482416308665
1838.3127312782,-2068.94836118436,2.94356646657032
3395.64917013469,-2206.78341255902,3.07417558496736
2869.42272580763,-1640.1166136995,3.13842348722019
1810.30538104123,-85.773415282328,3.05500242264075
600.75490848702,-265.878108723062,3.10071059307374
3195.92548734518,-1546.76596446554,3.08067597160736
479.63803280923,-355.179733477753,3.02623558280283
2986.96739349466,-1294.78461973506,3.10233448948182
2289.45824253436,-165.09951176623,3.07088806184235
3597.98769757566,-339.322896803389,3.16856958038306
1367.04247288533,-1701.24977898757,3.02273668497374
2185.23493802281,-1573.04352607023,3.13696385707717
683.960437280762,-941.7236485336,3.22058222330046
1727.00599991057,-1727.05862035717,3.11690830453917
678.306823651809,-1553.7286474347,3.08923487291856
3901.94291765836,-874.181527152021,3.20834555916147
1973.12198368688,-1486.99348859273,3.12460183406324
2652.43782365101,-2144.39505527078,3.11885993837449
1569.69124789153,-1719.05731972628,3.14361040706223
3251.70487365284,-183.833331427582,3.15822762160233
3873.81280921329,-1070.38215064788,2.9655097695097
1432.07662714497,-2181.21569427693,3.10948038061687
2888.53937000037,-165.86846675221,3.12825649874269
2463.24473173039,-880.003514115525,3.10084109730607
715.878797397481,-1824.19681285044,3.12492423142544
3332.73489152646,-617.238140952842,3.07703083679688
3049.91454594635,-1327.30468814284,3.07496327994435
774.469514585195,-2035.54273815417,3.12181510396638
3303.56891289316,-1090.87754631189,3.08710321257146
760.345585582468,-487.322902232308,2.99837757248255
3558.34458185234,-1872.53875488786,2.94913869824068
3542.35708117278,-449.491875458523,3.27470936843555
3288.20050137321,-1032.27792966126,3.18638901609077
576.565935778755,-1932.67899316401,3.11418647645303
2570.93696210145,-242.760684185052,3.06361448849052
1772.21967081381,-1887.34459726062,3.09663617138568
1650.08110770367,-963.268043432002,3.15808362003028
2431.97363256998,-1955.52045161449,2.92745235021635
3254.4409401854,-1293.85983781382,3.23243307116792
81.7625760226979,-404.641438939873,3.01999816400482
1766.95319681645,-1496.44079727852,2.96553239903913
1827.63192153347,-188.876143744543,3.10487257173826
1835.7014947159,-1844.99641321298,3.10903694521238
3599.01210237683,-899.572085311995,3.06037740696398
4016.65521714661,-637.488289130734,2.87254549299568
1026.23024636891,-518.059828146063,3.13586637466738
2622.72883009832,-2211.52450636774,2.95724914236986
2605.02910518129,-222.432231430211,3.07810164909781
1509.44969687741,-1770.94798886516,3.04063429242067
3039.94087067206,-1857.43151052153,3.13068562051733
1996.0402534769,-523.546647872486,3.01903112078423
2498.82729745579,-875.382113245636,3.11600608174481
3122.8670984095,-742.349778762648,3.19144651800488
1464.90140662023,-843.276137666292,3.3246861983671
1173.35845752448,-1380.29216417509,3.01389802423124
1485.11083117469,-1462.81197292683,3.20167817268681
262.009890236115,-407.360241926511,3.06481671921191
1705.90711325473,-668.140929845907,3.12370957729054
565.34296204758,-1476.63570860094,3.09305540007177
771.721340443374,-898.531217950639,3.1171048755032
108.497696677037,-1434.80710601773,3.09837801329332
2950.69108178286,-153.520882910313,3.22889773107885
1992.97062519824,-1870.18915631086,2.99863154288629
1902.67096534853,-235.929032634375,2.88418053680822
701.423681917024,-743.319493353127,3.20111843736716
2663.44173990132,-935.654435617491,3.07358941844108
3319.51825783089,-530.524537040066,3.15591478517401
1346.84883133822,-900.853319386772,3.09366411373421
2478.13495111604,-640.106549145401,3.09827571647472
2569.29153542069,-1624.23724671205,3.03298830232965
2365.32660058161,-1733.73840355656,3.14996268909166
1393.85056461678,-1606.87720795937,3.23866945271479
1274.91760023506,-329.209184098249,3.08566076202173
438.237933974577,-1573.56990986102,3.16505785340523
2269.35099737016,-1646.8004683566,3.07565901746443
2392.67219317887,-876.764985744551,3.0036741812004
3687.82412089779,-1731.69689457403,3.30937349179885
1426.26726330689,-2048.76163276248,2.97998982062434
3238.75239171008,-2018.46305291759,3.26882808197452
1221.30410057972,-1027.93092452522,3.20985536714918
2169.6731600955,-925.150036796367,3.16859749196355
650.855390430106,-1219.08399096898,3.164607660021
2465.50312174281,-369.860125852798,3.15939316952788
1926.18597380481,-1559.69392037787,3.12733942418921
819.78042420815,-2004.48671499773,3.14033372327975
2676.11210399569,-1665.69792330503,3.23139637852183
2940.71692226807,-910.237130840186,3.17553527160623
2734.62636817646,-1709.98228758382,3.01160054915028
1925.04266603313,-1331.4884931265,3.15087312854638
2464.28424210717,-178.624435663313,3.03029641630025
2205.50456635266,-453.787746956663,3.05773743230356
4035.94859160482,-1761.4292437686,3.04105080212956
2497.92797389921,-853.501995442314,3.14658985152475
261.65721286043,-809.046813704805,3.1357139609091
2566.07084248882,-915.487259063119,3.04257958872495
2677.80770137923,-674.153324774946,3.15656559333502
254.424067098477,-1470.17260882072,3.1615609140499
3775.6790239216,-652.672269939441,3.25092809590447
1606.79512832301,-303.366558329769,3.21204375092884
1619.06464898784,-2140.75789268488,3.0459661747119
1608.04452249196,-2214.35866625827,3.13976595143827
1487.00142837742,-378.867015530182,3.11252954004034
1762.32396553195,-281.624355848047,3.08403109252661
867.886914872569,-1327.37721950137,3.11967043823477
1825.49503080205,-41.3933449235265,3.12956719589411
1454.27030140407,-1237.74173260205,3.42217399552268
479.971715225119,-1839.478421391,3.28185942191952
3667.08770870661,-2019.34037337395,3.08940122158436
397.441770956046,-1194.01065111893,3.19641211976399
3486.32892293631,-1346.34996674688,2.98676407792827
3790.55819408993,-490.432307229866,3.15681439879754
966.009310577185,-1428.85325191611,3.16154831700452
3368.85633709868,-298.613717936269,3.21111199587543
3754.85333389494,-1694.20114657812,3.24542495081324
3190.90651527921,-68.3569994365273,3.31166852280281
2252.83628612998,-789.126642992797,3.11118085360279
1399.24538056969,-714.187294925465,3.1928938868896
3654.8361327182,-178.283750089775,3.25178049559276
3570.04144600315,-1363.20203959642,3.17939259631036
1975.6665870598,-946.350270449445,3.14052768840287
3987.26529418556,-1135.38934502234,3.04040268126557
3102.14353581611,-922.282217106086,3.15759255402624
982.022802720572,-995.285432663889,3.28280265919323
772.683291852849,-1338.93655777129,3.06317879243011
1278.50957847587,-1102.77176278922,3.11935505873336
3026.42099053784,-1544.60502265988,3.18827646327514
2563.75471890337,-506.974457096945,3.15392206067777
1857.14125773472,-1955.43062040384,3.07233140966478
2195.14215206761,-795.17150870279,3.23357506015932
675.377851347604,-45.183842646035,3.22669733966882
3955.5565795544,-917.814112688,3.153409264319
3833.91905456993,-463.611149854252,3.32572888682371
3000.82644494871,-661.311564513033,3.16317057673501
4059.37581494875,-626.225134844158,3.10950466571962
1975.75618110883,-11.9460700398914,3.22244701436767
3665.81644558001,-312.404647974966,3.15278739681515
2785.79527676658,-209.139854689102,3.23644921252322
2770.2492155742,-1870.97373647049,3.24694929981496
3934.19403003067,-1998.78114304929,3.12983998818696
1340.35413758634,-2013.76689590454,3.22389279241007
1088.7576253285,-364.165297105003,3.29948982236113
343.61403163612,-594.84017559411,3.07609017557133
1913.13344244951,-1795.1842781654,3.18637913997867
933.551847600986,-770.833813418113,3.3284734743931
2746.99835651303,-1453.03917652841,3.36972667004454
2737.74635104784,-337.462590596862,3.14895762307998
2086.14992657991,-1578.27576636472,3.09613739388189
4044.48370470788,-640.38533019944,3.24432095106666
3716.48659427793,-1740.2682760282,3.15919429370881
2187.32072863945,-1670.53524341028,3.21836178208097
470.684946881911,-1398.96709862471,3.12602972415872
1088.11173646699,-2053.2331217477,3.1981970633643
3372.47606196121,-92.859408592206,3.22378548811111
3468.80040654566,-1347.46345126599,2.99479636124618
3426.13948678929,-2176.63649317157,3.20565300414581
2745.0392038541,-597.844459342644,3.08976150887717
1700.73356624394,-1331.17698905052,3.226602915606
3160.65612027967,-1937.00771752937,3.19286417400123
3385.01942098844,-467.980924935488,3.36599462534163
145.869453371699,-104.722590445322,2.72885185165655
2613.00073601736,-1979.02396189148,3.30282481132252
878.722237306077,-2088.18732617373,3.21133343386149
1164.85779636389,-898.125177627456,3.15739450507739
3480.18553845895,-894.833361975877,3.19676372325358
3196.54879940866,-828.552750665435,3.19504743241602
1098.73189608385,-1325.08301675265,3.25143307870276
3327.0291455157,-1835.3744174925,3.22752709658284
1963.61621813554,-49.6971284885194,3.07377342827096
2905.26753625663,-747.999307210359,3.21293135993269
311.747621962244,-1532.38586611896,3.28716277560101
1782.47039150925,-489.819969351351,3.29169988541942
1493.59835032594,-1789.62583344723,3.17911909040125
3946.15344550203,-849.427099008729,3.17371464626784
3808.288219482,-10.0186230589136,3.11829192628651
3622.96027698636,-1564.96859239587,3.16763589982714
2441.28783862562,-2141.46126406772,3.29644754069334
2027.51789594682,-348.990933665104,3.29164138093886
3010.23969210766,-172.299754278757,3.19951614513785
319.095036142162,-99.3623705540985,3.27444055524284
544.390397157025,-1275.87172192439,3.44101347495582
999.366100217703,-1701.10129529986,3.20227108429961
2805.16120015877,-811.440173100449,3.18871981535086
2699.26278105943,-190.970763663813,3.27410550478001
869.101942565867,-290.042582381626,3.31037793975954
1455.20875690969,-1746.41909078752,3.30503854139744
3085.77814969229,-1857.45266935175,3.18965393157984
3549.90769149641,-1160.29558985663,3.32211625806904
2533.12709375318,-182.175459825872,3.21375616457716
4050.49083107755,-1620.8843877222,3.25199565436497
827.849519546943,-1918.3554710505,3.20307732968215
2638.68232582182,-898.296415338608,3.20521002328501
1039.87897768997,-1499.66399693771,3.27713281934433
865.521942407111,-259.577461916207,3.24307530631614
3687.93539517221,-2008.56823601786,3.2577392756642
3971.24030686876,-619.353668536006,3.19017999750847
3025.9106699983,-1843.68222683709,3.2480824392597
2794.56257744505,-2118.74903107435,3.34452274225435
3218.03652100513,-1830.15264122261,3.31232620232799
1076.07325567918,-1292.6128953068,3.45838978384254
1878.59131233179,-37.2729514295529,3.31403060941255
2511.37028388146,-2.37080689633275,3.28907661046804
1509.30343695025,-901.286401436807,3.45003904072982
302.06857949624,-1949.39304871065,3.40937685050971
2336.90488058573,-68.4711100784034,3.29687033445936
893.366827066032,-1981.49762517451,3.22044073692956
3430.03106219534,-984.154110415093,3.21017156347815
2183.65210905251,-2047.85577113928,3.36103215882312
3698.78822841355,-1881.87760784169,3.21502278950346
1479.58143970245,-1969.76175321047,3.17158009952285
2491.34502370569,-1484.98333204149,3.30917007287222
1988.47244364869,-1511.49790258755,3.25512226267483
874.258039271378,-1149.04031132982,3.42789216965189
3555.27029167327,-1342.07770087649,3.332770380611
1092.1657317231,-1514.11793004933,3.40614416851634
2925.00294113016,-306.146310211566,3.32388353514094
131.184776006443,-391.718703131564,3.32329725631399
2396.61199137486,-285.498861913267,3.38708911654559
2181.48370356392,-1422.58420099138,3.28798378192962
110.069184140029,-1502.93234703822,3.3472512953373
3792.87855711686,-1031.08173840043,3.20478729957997
3953.79107651108,-877.077191806335,3.24535043719089
3298.55224234686,-916.427408081549,3.38872356291325
2348.80324332581,-714.366418518752,3.38236194326721
2359.95182212885,-1862.50865394662,3.23987101034235
2143.09371721285,-628.191181219278,3.25669130512794
75.8643262050702,-488.163450197974,3.39447441450739
3576.33639897131,-1190.12572299456,3.33150584661573
1902.21816371996,-65.7749002517147,3.34698900971873
3618.02523348235,-1513.48641048234,3.29024259866215
2053.30515997793,-349.914533334896,3.25643983529565
1356.62494619761,-1318.48988163044,3.31655376181895
2328.55544885471,-1805.75184108522,3.45403254253379
434.52126180234,-1364.94155637143,3.3871996602218
1473.89170410194,-902.006994337967,3.23297474794574
1134.32726149901,-1226.34920051566,3.31279758100402
3164.14297892649,-1766.68614785008,3.47878698468871
3184.72033142769,-1869.89805816563,3.18918378824224
1041.7341778809,-709.261612796839,3.45771526808307
3192.06901087666,-1434.69783397138,3.36741003097755
2216.07690842835,-1685.47085163503,3.2398021988699
173.51624474359,-771.576390574704,3.38331952283444
2745.69225675591,-1640.44250718981,3.38140370621892
3260.79115259118,-68.163942244284,3.22504357710849
1164.27800597217,-1146.31187858885,3.3566035218418
2925.8173593011,-745.586339105782,3.31378613536492
3240.77686378267,-797.420663261159,3.25574055693984
262.693835081316,-1354.7375540595,3.33028965257855
1779.1288821117,-2102.07417302214,3.20223949383822
2117.11471624034,-1136.98929165978,3.37400581737665
1985.00606727204,-1652.73100901155,3.3442233083008
3934.94807766027,-1449.6127944347,3.24485816473158
3909.69738389638,-1264.98998317795,3.38956521558309
1688.84047094662,-771.142438312582,3.42141110839852
3033.05893453372,-187.971823060359,3.2935688959237
2166.70527360042,-1107.72314429443,3.32849696254637
2626.84587079744,-1620.33744481486,3.34540072930388
1987.81744711951,-2178.91359187354,3.38845951700442
434.523426783523,-1740.59521232707,3.36464499885113
745.716134745978,-1886.45030716609,3.39558037537679
1699.4705036313,-1476.97483634693,3.39827241205325
1152.51897571979,-1001.37195543188,3.3655667572005
1299.82805773927,-1049.15313405625,3.39238770933354
2427.09767591566,-653.164126236907,3.08927290035569
3412.46827464865,-1789.31601338074,3.50156464642339
2316.22654635969,-86.8516096876865,3.3979731133635
2088.62770810991,-251.780911059847,3.46074817238435
2642.66028027707,-676.764456861645,3.36777266515714
3377.88685616118,-1528.28320838667,3.42373402184197
2369.18843644858,-1679.36458461972,3.35519127822263
2787.20708497902,-884.662965530154,3.31076222535513
2921.4306252305,-2211.90127688076,3.47571825865524
1826.308428611,-2000.61681516146,3.40991269133794
1471.50934687161,-869.297838063737,3.29302658532943
1786.97830483371,-684.125028816925,3.50154490515411
484.615972674834,-613.124163665504,3.39195750728637
3490.15738328381,-1209.26063572129,3.61127703405993
1955.62819603601,-1442.00219247952,3.5052194724305
524.575201499167,-195.350204295932,3.29218664026481
3661.06328316733,-2133.42916509953,3.34635273369591
295.353849439925,-346.288820920921,3.53742941606224
3686.80924097632,-615.003312673588,3.39830184693929
3165.91232911743,-678.3809275652,3.45730859285084
3430.64386839497,-1201.67531428232,3.43844464352635
2213.00872714163,-595.637528860646,3.30158788557743
2126.83204497707,-233.367296748261,3.48808483019819
2680.49371354863,-102.003533825256,3.50872193509007
2180.93185652786,-5.95175998335958,3.52437646500974
3156.52148137494,-560.51449986809,3.56412045203378
177.63449179585,-44.9672623520064,3.48286504169905
3277.07192153751,-1548.97053542004,3.49551400742508
995.384282035362,-530.824181413458,3.56778999744747
3203.36282995694,-279.518169067416,3.53952835229667
940.708587192286,-2145.02535701462,3.49005520311337
2956.58655765938,-567.906749322849,3.46402628670028
1881.42802120532,-1341.24388993379,3.54887343569963
3580.24821287205,-542.587262204512,3.5697358708934
3633.32718613913,-1085.24481871655,3.57458336517676
3036.39018151514,-853.625633807324,3.51306878930186
1684.65519075793,-873.05547636187,3.54487269490486
328.724243277203,-678.407871569662,3.5087798614804
2823.11083687392,-2098.69633570943,3.63221509716298
3804.42429503201,-741.364938200567,3.51955231397102
2471.36924297828,-2015.81724014278,3.52388907959115
3724.99783777632,-614.989724339891,3.5310457977238
1813.41621097398,-515.903643861735,3.43474658713261
3092.93606285974,-1456.56455093622,3.48575961416178
152.007439021127,-167.766951655033,3.53047859327288
2790.60029853944,-826.729550190464,3.38728871297816
3090.12269536801,-34.4098156300462,3.64292684873811
2063.40577198366,-679.79356738571,3.44215285563005
667.235653429789,-1454.56349708567,3.56357778110831
2824.1136974284,-1099.03811363901,3.55463818587417
2348.75455439791,-118.765041091225,3.36302337827044
3634.27474364471,-2192.68042317769,3.51210571501162
3293.93424951389,-2133.50922105473,3.57301407506979
3178.47820256251,-98.4702926647523,3.57305511556692
2385.77519460751,-161.290865353948,3.50604013881641
2286.00799576775,-566.897650275526,3.28050390816935
273.123902256435,-10.4244845012695,3.58832531963797
2347.51312834227,-1412.64463321977,3.58540722672027
3283.66176464602,-1757.85096589895,3.67023185203007
2564.02053733858,-2027.62264180564,3.63961109288161
2314.082711082,-1962.43288075093,3.42090404486293
1252.88682352219,-1724.02672442622,3.47262192169491
1834.31527018264,-1361.83913827889,3.51884127005662
3841.94698101658,-1671.3069848237,3.58548304371577
3477.35837951211,-1028.54929628651,3.56014812360584
1872.5021069558,-1381.67453709193,3.59210118992595
3353.61079104435,-2201.1176078768,3.57306827273939
316.092092080381,-1337.10886125799,3.70792367971322
1941.86109301749,-607.075435681526,3.54454173502555
1486.17526509316,-170.780407106234,3.44504227939462
2992.04848451496,-1444.6602452653,3.70938276157705
4041.48140811343,-2055.16719091618,3.57790567082038
1310.19793454778,-454.837123233687,3.67494797165975
1679.22941543376,-2162.08894265503,3.51774814031775
1531.94071054678,-2126.11881317259,3.65035743842932
190.834471148133,-886.486024529037,3.51523330955962
2472.38784464042,-2117.21955257444,3.80829188260357
1782.42714376664,-787.584800302303,3.54470709434724
1837.49679117889,-605.986440221997,3.60001349708845
519.523009543874,-1551.80346721992,3.64952729541257
2727.94844847469,-278.210686019245,3.62231684931324
2356.22356084802,-393.862048962729,3.68589350364913
1280.13436336481,-158.182581238614,3.81293861718951
2827.65494565431,-1199.11044012869,3.42096266475079
2135.02453030748,-1294.56580638749,3.7130088506356
564.340375362842,-1914.56792863718,3.55090483687206
2055.69018951788,-1822.54146525152,3.65529496157013
2837.2066875539,-1582.1347414517,3.66743679332574
2965.8000832331,-2083.65348528967,3.74165193559853
1186.64964073172,-9.08158863880289,3.58951136406393
2292.69102862829,-1086.09269810845,3.63856158523884
825.854988228783,-821.70180509662,3.727857157369
2546.96220370047,-2155.86271846306,3.76176761334151
65.9588707768257,-1514.60738757454,3.61462748927466
3894.30134173201,-464.553362663988,3.79609853339933
2834.89104572345,-710.772655227406,3.70691077876016
3724.12481926636,-686.042959041165,3.73877680551476
1215.03426095085,-199.078031709213,3.59850265963542
104.220445655226,-1322.99884348389,3.82764631812
995.805532013293,-1165.64785355263,3.75080922091751
2381.19132474668,-1352.59457684507,3.74089512891938
3256.65341306729,-1128.0211685613,3.78037150294091
2997.32585921534,-1671.99442849314,3.8733839147866
2280.70299451301,-298.401249864786,3.80097961119174
1001.61123109407,-898.704374809572,3.71829624374796
1515.29377477233,-1728.62601702385,3.69906050814269
3134.78090507481,-1991.57053888377,3.79168776071422
3730.85906583237,-295.607517486965,3.91656670704989
323.206422884078,-1728.8195445068,3.86624918259775
1869.28370093986,-1997.6249716683,3.8692428334049
547.177759332827,-850.341017579639,3.96966437219649
374.22866992185,10.4663150273586,3.95351534074446
566.791715357915,-162.873591175912,3.74190116360044
3064.77307608085,-758.489592655119,3.76379590517323
2702.7943847757,-2035.48023895662,3.91213976755829
166.16658319013,-303.669246789075,3.96380400781103
1359.60206232617,-1040.30665243879,3.76053114431332
1597.82764254601,-1324.86765723324,3.88004700133618
353.199968147092,-761.673870232219,3.73091229116115
3753.70507242299,-1025.27651154753,3.89986164606347
2872.65074321712,-8.43864569083693,3.81309145791869
517.534703826363,-121.12585665911,3.89512436644337
2421.27642642962,-1004.26623044785,3.83424800197208
3346.20526208609,-1357.50624531323,3.79019389247386
2808.58525841908,-385.987022268276,3.81040211795676
257.556972063626,-696.614789896317,3.87725745549271
3780.76965670652,-1516.32818043727,3.68878190599553
2460.76990614558,-310.198512901111,3.99370478264493
1088.94275505997,-233.019257913659,3.92595848894454
3018.93654521443,-294.168935058609,4.0799698516014
1949.17300163435,-218.995153016428,4.00109346959702
856.385840734263,-548.904823971259,3.99920749839063
962.007990719099,-270.6390714318,3.93853793603929
98.5502216110289,-1096.70653830795,3.91327345548036
745.726392885947,-1136.40106527179,3.96007506389585
3275.27638320932,-188.122101076761,4.04381562860339
2986.07221262041,-24.9795563280111,3.83448381651988
93.3704563219068,-319.178340385527,4.12605669013734
1146.33163951928,-2216.93416721127,3.86893829748549
3263.55387460433,-884.900441127793,3.90035336129154
2601.29245087156,-435.067045615494,4.08526921384429
4003.90059221513,-1312.78942267266,4.04706763556161
993.189213643665,-1880.81370229667,4.10587368633409
2237.96053947873,-1976.20385278072,3.96729368382805
3308.89283576674,-1907.13481044867,3.96597145876457
1755.87051188256,-861.938113511838,4.1139635485257
2944.40168718187,-973.586088437929,3.97160911302428
1570.87444511873,-1081.49564155239,4.03155992299033
3317.28810999243,-251.512311126437,4.13948438960002
283.722769626188,-546.149422307206,4.21961407745479
3087.13968443144,-1948.86980432852,4.07775046162747
198.21836302338,-395.740118587262,4.2672682638241
826.274303230315,-1350.37051441478,4.32623390013905
3761.04450838827,-1434.41483631375,4.1384287003426
1251.55947002486,-1527.00298742096,4.08051489743812
2731.10623388267,-1967.90914402984,4.2080757333894
2438.24479706204,-234.40537759335,4.07198276715688
3456.49052007016,-22.7751365282896,4.21839927791977
1234.31772104964,-808.082836224646,4.17190792815961
2586.35546332511,-734.165463621443,4.32665095935982
401.557448885368,-99.1817106511521,4.19449235233947
2338.89759753946,-1814.15055092032,4.3330860144244
140.221418824801,-1176.78611572618,4.37713883059087
2537.29002384278,-1936.32635659387,4.21011611961143
457.346207725579,-892.531130837499,4.36909878571896
2105.84068697199,-24.7895270687863,4.39803800386137
1263.46425007803,-2157.45199006893,4.2409884482852
3048.05930930681,-831.158910009107,4.34683779809098
2285.31769001736,-350.574377652274,4.40646618742962
1823.26596005725,-2151.0807883558,4.18443090700361
3445.76619225972,-1657.6765888199,4.46462392956758
2482.84952382294,-1320.85836311637,4.34498512761206
2335.21368152056,-670.834945479285,4.40926601793012
3335.55101591227,-681.270709407999,4.47035072357163
205.053805366328,-1259.82625317542,4.34075132533365
1727.7928520019,-1365.79897785249,4.56019318873415
3956.53640736051,-1397.42122052292,4.41587148583168
852.774424527916,-1098.4924770011,4.73767267938597
3045.3844717455,-2083.28342347564,4.57257734212717
2054.61147621908,-1400.35761165088,4.43505159214037
2925.33120658849,-2036.52349932192,4.61234115710739
3130.07760747976,-1090.05538101106,4.74722214340179
522.568471353748,-537.069587905506,4.93224720366981
2573.33648272662,-1610.30282987679,4.73342970691257
2980.14005561657,-2160.14518539482,4.49329668258838
2900.47772596148,-438.70285767549,4.81377594435724
3621.04044795244,-285.838705826765,4.80304026341738
1122.7833567553,-1435.46095279079,4.71493795960225
1559.88957015438,-671.146986503247,4.75157573987955
553.150017943602,-1209.68536456164,4.5088964263433
451.564263442434,-1287.88565113524,4.69302079674503
2173.08136788212,-1873.65176461928,4.88422097460197
2666.52757263782,-2100.61806978849,4.78220194038559
1354.91955416927,-636.48025652177,4.91364204070403
506.211813709312,-2075.26984082847,4.82383403950718
2963.70897117577,-1944.58137973607,5.08457054718257
1940.88529444733,-2191.8004712127,4.93107356327365
1120.15689112729,-1976.12162095619,5.0988485323633
3208.9232666015,-1251.49700267559,4.76740558517208
1682.86967851951,-486.184155852125,5.03939067083819
184.499116033241,-669.649183202912,5.09295005128674
2993.08809484879,-1184.91004538056,5.20059566567066
2899.94505651396,-228.798650783186,5.20367531446268
3450.08564244069,-1328.20295427388,5.34866650052219
3301.39918957331,-471.069241736657,5.15498037904698
1534.75419073239,-997.270634565445,5.2036229093417
756.573287993068,-329.472105933764,5.4621967458677
703.202606234662,-1659.59658315582,5.46672450298459
1408.47681115493,-1174.65754907678,5.3648251993152
602.890007357028,-1023.12092059934,5.72381924027975
3646.78875356136,-2106.86267251892,5.80284887216293
2628.78299269005,-1080.90399597395,6.11940113937376
3382.43816598041,-219.142073159305,2.83335881274446
3211.87586997936,-109.927189520249,2.9493043199133
2711.95795278692,-650.030097948626,2.99449819570919
502.967018630247,-1901.00130853923,3.03698703243383
2089.57524526912,-2160.0780573166,2.91212316955488
3557.54525725836,-89.4519316780303,2.92799237102478
445.30302195693,-744.942986077958,2.9220130380558
1660.9943261865,-446.41250396753,2.87616485960886
2348.81455628643,-2052.4568664899,2.97837635927716
2986.08940018787,-2032.09729851895,2.89951086390611
2669.66672605288,-924.524525286169,2.94995363139094
384.136711322458,-486.041067882679,3.00829899468429
2638.21513476593,-327.262990894106,3.42713563820368
1810.37444342855,-732.01967131213,2.91894220614677
1588.03408587941,-2064.83639340167,2.96630423168872
2643.44312906806,-354.226536075045,2.92238587170648
183.094520834303,-621.446517159616,2.88014975813855
1726.34516735832,-968.228596965172,2.92412837941323
3086.21843947702,-1081.99818667247,3.03727932215031
2463.48933118166,-157.924718588985,2.92912933110758
2170.2478716188,-1318.82242846064,2.83572621922844
3673.71788157857,-130.729969025651,3.41220051057966
2219.50608658656,-49.3964447195143,3.06373077186786
1703.05019734938,-842.20599032783,2.71538449759889
563.049893046495,-1494.02620990586,2.92490588381075
626.604354048699,-1419.48607531521,2.67143298304868
2683.8092984671,-37.6979745905976,3.11992210295811
3181.69262298772,-1607.21668713314,3.06217194250333
1217.15384953215,-1930.85604959257,2.93965927323242
3753.69707544182,-1729.73510901088,2.74380330551969
503.398643440543,-2157.12919226036,2.90217845818437
1432.87811113753,-1778.63172023784,2.80151502520721
905.961228924692,-194.189331651297,3.14199957962197
1139.05125551773,-299.185113619648,3.0273306775903
2268.88240308755,-496.120565170104,2.79927100818948
3260.44694092191,-364.765694044832,3.00534993779444
2382.31751950522,-306.091675365685,2.68630038921409
1496.87840588709,-1005.00018621853,3.13064993658628
578.445690075947,-215.093720422795,2.94467028447714
1615.66659434957,-1083.54664784669,2.83047730429913
1529.46365340942,-504.975777839807,2.88762519010565
408.146303367312,-1038.91013256416,2.97298880120794
854.958642923812,-423.061346767926,2.98201758457335
1797.18066669244,-204.852613455852,3.36729920990814
1427.85606199435,-81.1111132560605,2.90691806191881
1601.66194980785,-597.23595155504,2.87381848468434
3888.97772791311,-1303.80136930977,2.89620682433746
3431.44898056905,-252.734716019736,2.97878711078561
953.03597220556,-439.983675103753,3.07466100370256
3431.32851351871,-292.414697918805,2.91203086842031
2409.9350744,-687.446447155436,3.00397857422769
2880.54631709083,-474.562611073831,3.28047769739236
817.564116616264,-579.220121292618,3.09374478496895
589.192177426678,-1506.49710161278,3.01683505371618
1462.06798776082,-1716.5209920331,3.00934233882982
3429.50827550357,-821.29952404147,2.94851034846093
1121.31090426775,-966.108508910246,2.73703389346447
4019.76842183305,-64.3911399503711,2.88994903156346
2314.52725621418,-990.191153608079,2.94549636121877
3537.31961284483,-362.70789316156,2.96219978260225
1393.03681505017,-99.83859086948,2.60597565306091
3388.5426574596,-1963.71570683655,2.84548292356043
912.957555976953,-1528.50087355393,2.99839240340075
2014.90556569476,-461.979088388813,2.60710388541135
3178.92568244042,-292.303147642398,2.88459039245482
3512.57541742859,-532.278154558064,2.87197158051202
242.363243362621,-106.499933882587,3.33532660287942
1032.0701028645,-125.265228005155,2.77263052976119
347.911976378373,-526.601967745218,2.90139215970338
3094.56169570722,-1798.51508917187,2.90503851112623
3908.38501906467,-9.48397781308547,2.88574239147551
828.211589153608,-377.004923023576,2.89271714691179
3143.12809442954,-505.294523667498,2.87962549490282
3728.92132816401,-336.245210764565,3.09432623987069
1317.86570214748,-385.048882542669,2.63596611673117
433.315874693273,-1874.42920841333,2.98749893082923
2275.10680334456,-708.099665561331,2.88762403271659
4000.93795046915,-98.447695002787,2.69168163908595
2084.64499025491,-358.984738023483,2.47448903279638
2110.42334535002,-274.426677174558,3.17179636358469
3528.40806381286,-880.07676668185,2.87029587276088
686.071828219698,-81.1240765880925,2.86757305231205
1149.14744540408,-1447.71435594422,2.90432158777339
2800.88694742478,-575.811796426159,2.97330974757223
3609.68656461597,-625.573571652125,2.85928714384805
1633.72866036371,-2132.99370154726,3.05178636959283
3164.15722064992,-297.625811298508,2.86897678837132
668.201859831123,-448.779424107715,2.97432171549751
3358.96831642807,-534.014340350088,2.85771048834435
2159.36120653886,-565.225368663925,2.92476834287068
3041.27310065305,-1642.28587098105,3.0424929376847
2039.326769016,-77.5144099264207,3.08347540348607
1283.03918197471,-2107.3493279443,3.06494152697141
2771.79037400244,-1939.26098351226,3.01468314857808
2741.82128609968,-1839.71152866024,3.09577681720898
3580.2831391975,-1891.46305504138,2.78832360034097
4070.18613663995,-398.373447102115,2.90502064087464
2593.55954027329,-27.2316085226753,2.9311281130347
491.385872977008,-1472.21266656221,2.8964588716133
2446.57150360197,-202.827756893608,2.99774854648341
1114.55001482026,-215.039223418998,3.0007713844983
2196.7278777333,-1652.28863365231,2.9507793447424
2036.5376445434,-270.88966309401,2.62158212247904
3122.20848071417,-441.152263917158,2.91399813955335
1919.24951877744,-414.833820402396,3.35133444449224
1447.62326656307,-110.50139559128,2.73907891124734
1311.95466409729,-1412.96308110162,2.89235219163301
3211.58362384982,-412.748346997545,2.9706316423953
2013.61781733637,-1695.11352071244,2.71196736144104
2332.67881191891,-2212.40009706766,3.00234822411777
3113.10721664601,-2198.56086125721,2.87334638373164
727.324281692874,-1025.03441894473,2.99028954731241
2977.90016381616,-335.250490799961,3.04614618003657
3528.24846470264,-1671.44785406819,2.83187495350708
987.183347964765,-37.6497305132057,3.20463270839998
349.318807017264,-1457.01384017351,3.07364913298112
1494.34771378862,-1217.64796212598,3.07462740480926
3355.36753255065,-1883.22291972623,2.73832228214728
1130.46975437205,-57.1064513492748,3.44162384611838
1206.5467879981,-1080.33602854464,2.93662238531031
173.743944428618,-245.724960742021,3.29164392713919
1337.48951258832,-1649.46998602893,2.91333139644276
400.51988171307,-66.9493897033428,2.93645761225616
1543.79305487998,-236.595989419524,3.05200210263333
1202.68763311736,-95.454837945642,3.26672577411686
2392.28728095019,-563.551800592842,2.92046982682567
834.441702049132,-193.725219990786,2.98695835486872
2486.59364845918,-359.601432830003,3.10275260697059
1562.63218365765,-194.726998048594,3.1910334423596
244.01021510536,-1733.36016327808,3.09739442692876
2026.14824782904,-2207.51816479391,2.78025226736309
577.820406028321,-946.903002773021,2.91255553854198
190.863563895155,-1644.39105827035,2.99639077099756
1307.10844159799,-2117.83638549488,2.62680706976782
1157.38972293173,-166.514601177817,2.86068494191871
1781.41829582576,-1925.908274622,2.84860283121176
3267.375616021,-478.762689082079,2.81427049634137
978.178708343046,-1548.9430285221,2.97937960497752
696.445924498393,-822.537383092291,3.13235681166249
1508.64109927484,-404.657057009327,3.18887212865959
2998.24435752928,-1744.88111132969,3.09070461722776
354.129425348863,-264.085374181263,2.97130769259051
2272.6429992926,-180.043634881884,2.91542791405734
3002.47378195325,-76.8780453811742,2.83033853097616
1411.33324628662,-221.733393135563,2.90940178588567
3434.96861893433,-854.683218333457,3.12187811803419
1183.18877367871,-505.116580584911,2.95240829370615
308.247097870734,-20.6643696819421,3.00746226221174
1061.88719662477,-59.2115487484187,3.06184565786856
3305.108311069,-468.297792157099,2.88509701717416
1863.25225364112,-18.2285581009768,3.00591521095456
3340.43179513997,-639.03925043658,2.88293329751761
336.632854498274,-1588.88113167855,2.78542042019297
2418.06723752941,-52.4264865995373,3.15531243902653
1119.99826187307,-2185.27931252902,2.84935351352658
1219.79473727781,-430.798484760703,3.25664121378617
3120.76573178653,-1707.68837011226,3.07894774527021
3334.75843441591,-878.969840339595,3.01909069108533
3099.27545522871,-2109.69589335561,3.12517961370017
953.394814125088,-2123.29896438017,3.07815295931661
3500.01196174009,-905.835402386119,2.93252322313029
547.530765004536,-2125.67094545429,3.01487313749382
2509.3681860258,-439.401212051748,2.97794921185165
3897.42162616866,-367.893358217474,3.06821263669973
3449.33800052194,-470.624728138731,2.92624049168947
3684.07239383048,-496.328247016054,2.98574802893962
3710.02254887688,-2008.64343520379,3.08868601874413
2964.23210116578,-1381.26235180992,3.00431959077367
1094.79744587455,-101.920566273259,3.01460290316406
2496.30918245417,-1930.52483523919,2.89366055366002
900.281406427122,-96.2389878653379,2.98997803662419
532.64834912113,-136.065910811472,2.9174646591438
2842.93036667773,-550.453573643521,2.94103747011812
2088.70134989918,-1956.06126340973,2.80263581768816
2605.14183544423,-1948.67679236765,3.05219732526633
163.65615326596,-1529.23617647865,2.78855628879004
627.625751516295,-1399.93651719607,2.98084144036364
358.268581774771,-131.20050303642,3.0533545073293
289.938261897473,-710.937291836592,3.05186824915914
1252.87441954343,-1497.3171262556,2.99967040655595
3039.21749560101,-1954.9390401277,3.01259976059918
1664.35338294201,-141.514691057215,2.94319193891032
1654.35270026871,-59.9402031008054,3.17223925841279
1109.7360913506,-1594.77962053039,2.91741446988174
874.501967584067,-104.949987430268,2.92232252273484
236.140382625107,-1793.10781024144,2.98374270604463
80.7388112326685,-62.5111418844533,2.87132748269363
3673.80637163164,-1437.47203406455,2.93041085001739
538.530200563982,-377.291709211192,2.88419194633673
2954.96591716213,-103.187796470229,3.09555555556856
613.119172837169,-432.162407211462,2.92041698406396
2828.73509400533,-9.45359208094238,2.8003612465556
1279.81773248139,-1942.26458182901,2.84857359853997
3869.93893744393,-288.689461255683,2.96905304836913
2159.12653389339,-1591.01627196743,2.7551454511505
73.8864695101019,-2102.78350007117,3.01729496919466
856.965186112891,-1518.60974681978,3.05893333704206
906.553612441087,-82.1660144682259,2.96779766204048
3180.29925782891,-460.892010415417,3.15393944515496
1701.67058426203,-102.500533578875,2.75832575054901
103.489295687423,-372.727319440706,2.85458216531051
1784.14310571865,-1132.61089953227,2.95810057969203
1977.16783380533,-451.889308477545,3.07450729967276
3270.50456577382,-377.744759639852,3.15583877796233
1302.5406005229,-225.416943988013,2.95513182696699
735.458084675048,-1188.70932343039,3.09471355982932
1280.26174899952,-99.7070063947162,3.04352131301855
3284.89656901992,-867.056348709768,2.97021231505667
1219.99512034367,-1550.31954926434,3.08624506370154
363.534959577404,-884.237883715526,2.99438453110005
662.055242783225,-897.17911429182,3.01719710427121
586.431898032568,-1601.2064877554,2.84766765853354
3712.26233484631,-1672.7743499201,3.03526844705381
2416.62815901197,-232.029187645489,2.91264541484766
2803.08535026085,-1959.88481604624,3.02536225828183
1716.85326812665,-1915.9800417259,3.09025459436768
2318.3424360896,-155.08323233767,3.10956640983855
1273.1675625717,-201.530970470651,3.13768859122194
2180.65188777412,-218.699504598932,2.91948843838277
3186.03934101269,-664.603167731031,3.2556625542287
1929.62851659795,-109.418884634791,2.80902501550996
3712.4828751841,-256.242757504463,2.92752961338905
3755.48578148029,-162.56137346853,2.98718099105949
1579.35813816772,-256.458327491648,3.04572692842725
1030.19057544304,-1622.02609362031,3.13257054952932
1053.04426930581,-1573.59291237096,3.16240012538171
3696.35328714687,-24.1416739866586,3.00405000927428
2760.14025846968,-39.7514477205696,3.13364809104
1388.04608836995,-146.147036105357,3.26698537361672
3104.89177473258,-1976.22409587008,3.15204207019714
1014.66284198357,-1024.68862945772,3.11829603589486
1928.86635883464,-473.064968548138,3.0258631943889
3342.72867792981,-1792.95821263632,3.4112875678297
405.379959130067,-232.288599539599,3.61413970000146
2241.44222100673,-1761.8784716336,3.0919986730595
2553.52759397243,-2142.64109480135,3.02123989554969
1416.70092460601,-1969.8528111079,3.11860864481496
511.257363963525,-1753.62581928161,3.29461173807637
348.290224036789,-273.950747690319,3.08961594810928
1797.74174813459,-1649.15780236391,3.30592479357804
1901.61353945881,-2179.14376451209,3.52413096379196
510.897456703873,-502.744318329261,3.12938879101242
654.192036402911,-432.069382201582,3.2342062426173
869.99888887624,-421.225456956283,3.06872039691582
1057.03756140016,-352.512134018264,3.13062526302741
1364.17242113507,-153.160867822044,2.93904671786781
2021.19021379929,-519.348800202718,3.1221018899709
477.66052312018,-145.777151395097,3.03760122853479
995.455955678021,-249.819882751659,3.118675598493
1822.51393405936,-136.307993503008,3.33750284293267
1632.68972433596,-299.29836790908,3.06609065199998
1978.8835222112,-1407.36607936112,3.14073911826792
2611.58538167661,-313.732170021124,3.25406909260436
1639.46195648152,-1022.23911564743,3.41342162534536
3604.39919951873,-746.074754779543,3.26161513595071
3982.67808934236,-539.311514761127,3.22390911534755
3326.89166097649,-1713.6046130402,3.33463435847282
1313.29223800209,-1602.30091070125,3.2240767157436
1945.67121036094,-1496.48998724046,3.50709453407733
3624.17494311234,-933.590255047,3.29229026943333
1990.12750620387,-557.480528455175,3.2329968632462
3562.09116140441,-1627.41651824037,3.46318635692816
3003.16125518355,-1646.35080683336,3.2919403867888
1182.89581792125,-1908.64851808432,3.0936969526404
2896.25411507692,-1355.35171623493,3.07228538580616
2603.23460144253,-161.225412355514,3.29756055095674
632.577977973728,-283.032819316363,3.51142902664693
2411.22031564122,-2207.93930244232,3.30741696079605
3688.52847620016,-520.575398330029,3.3538019029725
1939.40762721545,-767.278850979203,3.57894485882326
682.265608235004,-1879.784475327,3.43161794129958
1832.77544188819,-274.451657977588,3.39721505761302
1691.83295940628,-186.647448977279,3.37136656141598
2794.79142869667,-1380.70329871742,3.28918331698274
2414.57830534969,-2200.99370084809,3.34947885716494
3349.84417105918,-1738.49057650863,3.50411944013161
2528.17093993642,-768.831027201107,3.40607299233987
2820.82690616457,-170.634440481218,3.60015089081553
1884.60061539795,-546.99965805268,3.49584364680088
812.297359389999,-330.050060230693,3.38405022367413
2323.79482354263,-1499.29863199985,3.56386351473939
1514.39283556434,-343.9767362983,3.32278915847214
1451.86095323363,-371.044218745911,3.88160692205869
2565.92063095033,-177.316870172191,3.35997135660665
2965.12047236898,-1474.48738960513,3.4614417245742
1483.87717437723,-319.12606909231,3.53162797642485
1453.73235764402,-265.267985732412,3.62718182526736
311.862400505546,-2200.69584538683,3.9023576523492
1321.37114413746,-1520.16652796117,3.8236922996589
520.426420636318,-306.793237823596,3.70338119568136
1916.45917865336,-175.319948836612,3.65928423562143
1392.14884799271,-343.520964816164,3.84641842167405
1593.20460864124,-1693.37277938613,3.71299753710114
2033.37554448418,-214.812123213915,3.66767223593625
3007.00733887413,-1835.72936746289,3.91071151460705
448.174651948569,-349.304089648112,3.82933364038547
1941.41759966272,-494.570248213202,3.72231805661336
1319.99667656531,-181.813604490701,3.66257420025756
1091.38098811833,-2121.96169737284,3.94044021761317
3436.83820965215,-1828.917250703,4.10127427708788
1165.64269667527,-1513.23261204288,4.05963419471118
360.908398483521,-205.951053953796,3.56691378485404
1530.68724361367,-56.1954718710858,3.90395374887006
438.168381909482,-158.160480236805,3.92986530921045
1032.3808435497,-67.6443814656447,3.77548180529329
1539.20265409201,-1683.72549216437,3.9891221293509
643.895031618074,-183.783117661705,3.79793199299029
2310.65163120464,-519.628941264515,3.95149424093218
949.123033933123,-39.8565083995725,4.29744237878604
2382.28159014762,-1618.4076591931,3.96695972388625
977.721338337341,-55.6078936008989,3.98629927427441
3440.06960293182,-1584.55119987194,4.28861493514481
3886.59372663081,-208.096876071777,3.86465529383971
2750.99749532263,-415.824796237115,4.00689312316973
1874.01321923761,-1631.0208491507,4.11631480888719
627.84157880825,-594.910756662594,4.23346941124263
1310.36208580843,-122.752243294974,4.00702002460335
2967.69606082368,-1943.93262989443,4.2501983304567
3503.80169332582,-481.37815005136,4.22195366604451
1443.04290187596,-1446.65370083871,4.35473747316243
2747.36803615759,-253.899220660623,4.24430316918919
3970.82437355979,-422.266105123599,4.18584690077362
296.713261515845,-1853.25299937369,4.38324043946101
2233.33377547039,-531.175310561024,4.30420939207183
2293.54028200592,-434.710744935615,4.41370681145944
2591.60652263407,-576.52862050389,4.33964837281393
1098.76605050621,-709.282612592268,4.3746359559621
3404.14349105815,-566.755224960815,5.03936475429108
1515.41076978554,-513.713711216255,4.92094725182284
3659.74779476641,-1606.58373249073,5.2867175283043
1712.05876854995,-79.4622728020628,5.25363476594584
2861.74973508866,-459.593864267705,5.4246087497379
3227.16922493372,-283.632706491488,5.47602623190225
1837.81055448042,-1251.35284082561,2.92906225409621
3077.12432410887,-1049.49819113199,3.1577395788701
2804.84543451136,-1261.01007797781,2.98324658547721
485.447572507749,-1789.70807270804,2.91548686538548
1679.88586683914,-496.275572314507,3.02398838581512
696.878412043925,-1702.58204203647,3.16052890675541
3307.65591907894,-2166.34651398266,3.12714527824874
1311.82805557071,-641.823576366509,3.15408307359207
3349.06659492904,-728.405990902733,3.44646062512498
4005.40463265353,-73.4083146568493,3.24502698885307
3366.21536104366,-701.434561115357,3.29742540463157
2585.33042041931,-1672.82280998612,3.36417032795092
743.474436562966,-333.19769573587,3.47128237060714
696.798299770418,-2061.26711649824,3.61122031837708
2320.43727640175,-1559.27690648165,3.72748121682796
1641.03560805531,-2103.06369655184,3.73142838019796
1495.7744093396,-1522.52821359715,3.56429563102046
779.264653131193,-1940.97003573806,3.76909060230418
1668.32262105559,-731.879026296913,3.6561761049422
1678.5843389757,-2027.72396921761,3.7509191345316
1728.66421999429,-521.496027006393,3.81423984960873
1262.5298192,-1420.39376515782,3.77652801496875
1685.26134891571,-1187.5473748507,3.91755615981388
522.27572130597,-2190.60672192108,3.96445197473163
3776.23877196855,-900.46548075967,3.88507891473407
3913.22955484612,-1179.93097542103,3.95188205551427
1642.81656083315,-2078.19635349249,4.01434302295805
1132.09751178394,-2155.056392663,4.19212908447647
2280.87271077736,-2204.54553057661,4.05707822510836
2730.68673906537,-2073.25425522435,3.97910528137498
3826.01398231631,-1079.63053224017,4.25957848789264
3703.58078883102,-1545.54971640511,4.05755794742634
2602.09905072866,-1741.58327404694,4.52495428304482
3895.42793372349,-1025.67684656658,4.49551765613449
1876.22180640631,-902.027977687045,4.48731498457098
397.258236862291,-93.6474698246784,4.61998415620478
3928.31058061423,-300.867850484153,4.66808839266807
107.721370815805,-531.043187984579,4.79492106825335
2117.47073602114,-1039.67493653394,4.96419692098111
2275.06736687511,-1715.24925298827,4.36702043472283
2036.85790821868,-883.70532114298,5.1352640106039
2323.0341431471,-876.341493481687,5.16745212959937
249.428746106431,-206.272651925678,3.20410613453062
3664.34366325206,-1532.34077097321,3.01371236019626
3046.10296126081,-1466.89876428415,2.83799383503383
3113.49582066824,-1375.10994301642,3.54826808943163
3942.16801065758,-1350.43349662493,2.91752791528334
3956.85681835146,-1445.33116546151,2.94680048883126
2910.4910856511,-916.512727221581,2.90254032428001
3697.47313974619,-57.2676449462629,3.12697631976358
2143.19887669736,-396.572575311924,2.8935345598372
1600.01509353513,-963.336705169574,2.86127611645253
1545.77887283893,-1483.67804378611,3.3327513333106
215.035227957944,-1951.88961022505,2.89958595804601
3308.97367916814,-374.565477381664,2.88840154098747
3773.05663306731,-167.914819834969,2.83123276937388
622.373714835126,-1199.9404719379,3.11850948509593
2372.87582831612,-1161.54938721345,2.76571253245024
2645.32836342602,-1519.83483745656,2.85833045605087
3336.68900293507,-97.1181115299407,2.86820708082364
1598.82732688972,-1594.0166550253,3.01195612505148
3025.6817435564,-1266.02686000648,2.79378933583867
2030.4187779856,-1138.29782934582,3.37826494861782
3483.08455192908,-2169.34374470661,2.97164508128248
1695.1476132655,-1420.76669573487,3.26098200309952
1196.05568435618,-2121.87940116686,2.89606978378699
935.187235084153,-2100.74540611053,2.97503472165608
2524.01441429214,-875.495428379446,2.95182134863533
2928.47639144921,-319.808253115053,3.03530241319216
3875.7389009959,-1111.37265530208,3.09061605658133
3952.93462891097,-2102.48147913157,2.82313206821857
1494.66175031387,-808.212845075434,2.80772125225364
3514.01536336066,-1941.81013062147,2.98645880429829
1028.2550063216,-675.430877896404,2.9692073602216
3832.07687035159,-169.695802992424,2.99508663590862
1224.05951173179,-1608.77839106607,3.03446169630847
1769.92551147457,-1987.97511119501,2.93175530627061
2945.70511892431,-44.1586650476027,3.02745930832772
835.494442173347,-808.475580896754,3.01193180499196
1173.61490721731,-1810.49574262113,2.90708067178592
892.561489749057,-705.604039397367,3.02989079791744
1659.29979727001,-1990.83321671217,2.89774711204416
1296.36936490658,-2034.47758698282,3.25825599231579
625.246903366714,-1784.41918803671,2.99515360075311
1819.16957838776,-1048.04960304898,2.68126916813306
1621.64065253162,-1746.69567560252,3.0205700318582
1168.26882707877,-318.21365739852,3.01927715263134
1120.48860368161,-1710.80071163817,3.60882336976103
1154.49797643566,-1623.88593499571,3.32274230821092
1490.97033811525,-506.629414629747,3.11288888231048
183.983457536747,-2136.7214636851,3.17895520284267
2800.42228680246,-41.0758559766152,3.22916447755186
3139.12507644237,-1778.16107453176,3.09904632408815
3113.49349866815,-1873.02583483191,2.82087871568094
3421.49563973475,-319.160913409836,2.90512537550156
3894.88718780904,-1795.39142107083,2.86406604451815
1174.88185269455,-77.7597216337182,3.04933795730198
2409.81755766658,-1541.28082567889,3.0948468987541
2930.14164674959,-1646.31389574913,3.07545287976671
3822.49545280355,-1376.7123450431,2.95660404573282
2263.52479449458,-1393.59715333752,3.06958119489666
632.436358550507,-1936.61775431481,2.95374145786284
2090.11040291153,-636.793987586512,2.84153063322356
3322.71966748914,-1190.04327787135,2.74719330330003
487.185863860393,-1041.46576351244,2.85525631617055
2859.19712434063,-251.405986671936,2.91096871784807
670.11584718586,-2201.02425432656,3.02695246463935
3309.16682876672,-1508.81373872165,2.91366397277292
1319.41357592473,-1454.16626200668,2.99768857645439
947.604436359503,-346.411768797514,2.97164648610203
431.336855851677,-363.533679673874,3.12931919375811
4017.48612752312,-890.161538874193,2.968139133415
1149.23306386288,-1675.64666136714,3.21507203955459
982.234317649536,-486.98005134113,3.07786156457345
3017.01705677944,-495.102688560889,2.67730275832625
2937.02113370122,-1059.9774127226,3.13391635056404
3829.98723326861,-244.395847871791,3.28273252276554
2877.72607860058,-2066.58207857838,3.00862838938808
4052.79709466347,-61.5113770444766,3.14278289858152
1864.22764482688,-339.505163289589,2.9011526859234
1911.42148479442,-1305.52551173748,2.88071000105725
1200.49300588939,-771.448273204387,3.06572586912693
3205.13049526558,-1894.72108280643,3.29929939988327
1405.5109059368,-2198.26645198596,2.97093390204245
1760.45607777839,-1037.00518070489,3.00026775091485
1804.48057419339,-1948.19218091662,3.05268586631537
216.667050679812,-875.045181491729,3.03040286026892
1833.5997618516,-647.696989831084,3.03318609388089
783.692863882734,-585.625650130523,3.03279018608701
3472.56370420131,-1253.76254251275,2.99722662584833
3608.06607304976,-1259.43132416523,3.082786459547
1800.71140568765,-1382.8066836554,3.20372157581266
1036.44808535866,-1900.5589761808,3.22549814126936
854.521973570107,-836.929671692921,3.13306633323252
688.49652693914,-402.750355643643,3.05096634898149
659.089609404099,-1478.40249436572,2.99888069598575
2346.29097099024,-1956.18774706438,2.96140502661977
3991.5081939254,-729.297839274076,3.21604637424387
2927.03692900641,-1942.41862070725,2.88626735041659
1238.29456284431,-1085.44920397317,2.80107440786117
591.773044196318,-1842.16305490454,2.96032390988102
440.844232910944,-1991.49154969126,3.03583171267208
3811.06245079267,-241.595675306802,3.01718403542583
1853.8549030354,-42.2992718997618,3.0938012784391
710.602115735524,-558.87293484347,3.06394652722953
905.174453098696,-752.279044677334,2.87031776585629
2230.85731715413,-549.800182944872,2.9899395374268
2178.18344597812,-1320.10679807705,3.03914629738252
778.351244536876,-42.3486604423407,3.25838639961669
1842.29113044785,-59.9770442269457,3.10165917562861
1545.29023781272,-628.423007665591,2.92404324859567
2225.71290471741,-1240.47235851049,2.94538536763281
378.980304352961,-1069.1373717376,3.41587418108913
1564.90350717297,-1344.91363836495,2.92418943668713
1123.38108546466,-1809.30849517266,3.31569205308012
960.560891031741,-1210.73635276479,2.95704073702282
231.793859977188,-609.015953461696,3.03971912887932
1551.60897989582,-917.792592562009,2.75409455884216
2651.72623328854,-447.868359461974,3.03794978481218
1340.66645435432,-1603.9653479444,3.08387677937935
2500.96712031666,-1774.26389035637,3.1607976476818
3969.2815611038,-285.971958530252,3.09283103517025
747.329774176166,-981.20558387089,3.07687886361353
2105.45346001911,-810.037505695214,2.93362084991801
435.124828433666,-666.763826096134,3.00447078262951
1684.99872453146,-215.093714656318,3.3396157376569
1441.92042673606,-1873.20358573152,2.77520289700917
1390.02717372189,-1430.27560791493,3.04157957094593
2324.68122994674,-1543.4705041192,2.99579441175026
3094.75841374583,-477.282065052231,3.13443478307864
2731.4976150386,-800.581085930311,3.08827934982188
2965.34141823924,-1408.96113774983,3.35970751955479
1471.56563986003,-1366.50304055449,3.07910664380402
1557.2013440855,-1222.18182665448,2.76059409574922
1758.71528377291,-54.9760773615032,2.58203810437974
4018.17060705217,-129.467019878347,3.10951586288784
3526.41366806691,-271.937984486197,3.00282018887267
3499.74050690994,-952.061166154588,3.21191590280294
1242.1119222621,-260.59684892838,3.09303735265989
2072.09072590775,-767.083220596982,3.12400517726722
1881.26532302257,-1044.78519064614,3.09120624650974
3245.44461213014,-1786.91805053498,3.53190711101776
230.626612910027,-825.756667435866,3.21933835566933
716.785972057027,-388.740382949007,2.94371580670114
3148.31515281023,-825.01931032461,3.10105874867881
3694.86035617843,-2080.16358904798,2.96253679395538
1030.12523689843,-2050.01799889362,3.12295889742375
3385.30002154983,-1102.29648749694,3.20460338881139
2215.27788222277,-982.148133265599,3.13786105660158
1396.93207100743,-2161.95426885239,3.03754743445767
539.444211692797,-1351.11170787969,2.89586125124564
3714.90802433553,-476.941074365458,3.0971687254923
1563.16357670738,-1282.58943130525,3.00503613798478
1876.52255272359,-1796.01593038737,3.09038233457301
1213.68555756978,-1318.46419803185,3.4311825684212
187.098262254772,-2108.73321447069,3.68396699051703
2916.31171793121,-1467.21682499507,3.54992352873715
2629.63300560148,-297.02077850251,2.95789559127181
2977.06195318231,-476.463897299676,3.13981250596983
393.502955821199,-1648.33357034038,2.97164094916357
744.557704776055,-1836.17116705997,3.08838889764423
2420.48786775807,-353.448154488607,3.02086667394207
3696.03488843885,-586.655918444716,2.99815454184712
509.207326893442,-1413.65858162401,3.25623981010947
1247.78327154175,-97.3680098876584,3.29531879426444
3094.08966729326,-1251.56487524304,3.16120356536594
4051.73119727481,-1376.16374799172,2.97822754847438
3179.84460855176,-1658.52772927429,3.14133682482511
3971.05693394689,-1128.01511568254,3.33106555483397
464.401129400343,-718.547782362685,3.21674209119332
213.350267429987,-18.428361663681,2.95590400383507
2101.7347478144,-119.086268172668,3.1090355332086
3071.00991108794,-1763.83127849169,2.89841970182023
1321.85176405536,-1296.15027065702,3.0698904666516
3982.41855061933,-960.707165329494,3.11544099122985
1570.56854240328,-924.183921316604,3.09133697486976
2582.17233671123,-333.609117030201,3.35347449634704
3121.82719555302,-217.471711639263,3.07283217833834
1112.21444780059,-1574.14306778991,3.06851967017648
581.554384830858,-1732.54151457042,3.28853219990259
2784.94056694782,-1547.70994485934,3.12506798270726
3633.37685675913,-1969.01446822534,3.0795485060311
938.491410347716,-1770.95475847273,3.49062281609036
4003.29731546334,-263.887000307514,3.16316659904547
3932.7125482418,-1676.07620452476,3.30949366494394
366.04130090178,-1308.7076476227,2.89018041661168
3221.30235784832,-142.220743274627,3.09866519318303
3851.69818574844,-1601.92977870943,3.40304555437135
2066.45763601837,-580.782037496476,2.92993419502199
1085.52497085035,-820.70811427534,3.17694560076553
2152.69177584468,-1077.3079795314,3.18036424286867
1378.34139333612,-1232.80845060847,3.13770799206943
1403.59768209112,-491.853326718729,3.07420927542268
3140.64807333663,-1547.84496149718,2.85105689574088
810.721871330789,-2137.93051169742,3.21994266093644
2064.69009437207,-198.927422728591,3.04587686671383
1988.15696524302,-755.232515061732,3.39260264970706
3247.16304584567,-1879.92896363129,3.0306798842874
1388.40036350475,-738.266679205539,3.08302260027339
1311.10052601529,-1320.78391088638,3.14720503972085
1529.56504766585,-879.450075284921,3.19348128498727
1688.64032781056,-595.404742145247,3.17223019543131
2008.61836695149,-2123.66134261949,3.13452807235986
2938.31661096157,-508.007689295988,3.28730578743087
2855.01086364699,-1183.3526354023,3.49897444558701
2499.10083709686,-1545.88222072582,2.9945990518736
368.221596538824,-26.297003836006,3.29804616049653
441.184065026296,-1106.72387208654,3.31462321482733
2335.21170378463,-822.736724527939,3.22710501256239
1629.43758367472,-785.706804261843,3.24109513235073
1462.67666873776,-690.775694357756,3.91180902230877
2957.33575697607,-483.109173990923,2.96624863998289
3352.05613299441,-1184.24502091524,3.38648977889104
1152.22474279515,-149.952698458134,3.10423635739923
1803.3656826635,-452.413710633443,3.47643649024445
2640.0267777008,-783.186764231168,3.16490017629104
1895.9389816512,-26.9360230857152,3.13042014639932
2242.74270587529,-1532.06177801906,3.29557187541277
3645.83362802992,-1871.45961220463,3.12961260796566
1022.70614608153,-2107.2986418861,3.12313457644257
947.091186207338,-1656.22890643855,3.21139161875066
88.8646267695179,-1362.87755277325,3.17319266332062
366.926639765706,-1527.46374407598,3.36813099183336
972.397439740647,-149.011211749651,3.0271861439675
1923.15616336843,-1124.66446525814,3.70496210633882
489.858110640661,-676.907407978571,3.25784358605967
2076.20887201353,-532.479360136204,3.23329983232263
1973.44537402926,-517.836588813762,3.2405958172364
3224.32589668268,-1371.66148113457,3.04326891644783
3603.56842579375,-394.47710211846,3.18094285877049
2015.67122211947,-1496.20632587228,3.09186330011273
904.589828789416,-232.341390648514,3.3197078838595
3242.21677861231,-1898.04224773526,3.2823710560896
2745.14400198516,-1741.51965180532,3.29673561845424
955.695036270571,-1904.87589079468,3.30616708960476
869.511559685951,-154.23756919104,3.36493886660669
2975.61063630986,-401.775745736521,3.14945509381273
3103.79398963514,-2146.98523345934,3.54931516223714
3441.1510456024,-1756.30555472204,3.28530558773135
951.951525495978,-1233.86670556283,3.16516953305778
1740.37334419609,-951.979863719075,3.43845033089317
991.134361990662,-1832.26974622586,3.31209979494608
653.879231029914,-398.277199929533,3.30023304715513
1377.69359875081,-1960.60798502265,3.1791214911355
2717.50662935018,-1577.29139120349,3.30619137323882
3614.95920362427,-1719.44872832853,3.30832811436854
1590.56771720963,-1147.55712357943,3.30531515658795
2697.60045845078,-483.844244615406,3.22377597796341
3890.38560803295,-526.438969366139,3.1780214253672
3465.23491200049,-1387.78471585791,3.1749891445423
452.961593108215,-278.759488044247,3.41435998118858
3053.30655040996,-50.707821281376,3.57812397364606
2025.89138952114,-887.43023084268,3.36328155833019
1046.02666001513,-442.763085972385,3.36137059564973
2135.21198463332,-665.077750058976,3.281155595777
1928.18324079756,-2158.1276790966,3.29556047524448
2687.51479220557,-275.066807553767,3.19496226753266
3198.22326899637,-1524.81715498501,3.4956046801095
648.851725821041,-1907.26859343447,3.10250257895471
1637.12009251001,-269.041893931689,3.24487253320941
3262.22018892742,-136.481694463116,3.26850123115009
3320.48892648122,-1610.35560684153,3.34193181281196
3838.81570741319,-1651.85724793459,3.42881941039962
3494.34824012752,-1829.66319794234,3.00230740297453
3750.3815638308,-1078.37116301736,3.40991611531081
2435.14400690582,-579.39124102732,3.34700888409711
2010.34397207239,-2037.06482286182,3.57763628200566
1122.54520975867,-546.981564015279,3.41201345659399
839.755120426732,-1021.59575063136,3.32194572578583
367.177366978086,-276.806917236444,3.36977620675962
1880.75554403654,-1244.90527581799,3.51790175486905
3943.14652287976,-991.226162971962,3.34638492897906
2703.38965825541,-695.967824391956,2.36626825845768
1257.70334399286,-866.166632060458,3.25013541991142
2787.4059128516,-524.65713651085,3.34291541832156
3618.50832198251,-1772.87428266828,3.636673853415
1937.97003223338,-1393.5524866664,3.36316194019182
1211.47694817552,-1173.06316059861,3.28033116741648
3650.71692592941,-1672.45135891579,3.57262433866311
316.122308090589,-1980.6721548214,3.72656470975411
3594.43973230303,-1413.74349778402,3.89973571559229
4047.97468676538,-1047.42652531741,3.62785501985812
3480.97729699094,-1460.62354801568,3.50432734131445
528.303396415964,-412.038330543117,3.48346466023894
2008.05734096678,-956.108921040751,3.49279552222118
3329.05304267233,-770.539821720919,2.99708272962647
234.136728164843,-535.910450558364,3.43791236168803
1438.20010188086,-1269.84166504515,3.89674868481995
2626.30082855396,-66.0309405336348,3.42233183047375
3128.1606485287,-1400.13246992175,3.33996467285138
2897.53041733946,-1784.93166292278,3.32101966225072
1053.1552958122,-1682.27742881126,3.707596402718
3176.87359763093,-1377.53271199885,3.48917510212509
593.008190150826,-79.4333203599042,3.48362198526795
417.313702745468,-582.517445634865,3.69619707361496
1840.8819510585,-737.566292310718,3.620182686765
3742.20089540492,-396.188624058558,3.85145318414857
3688.94867348156,-1324.35632836135,3.70707239069555
1389.65643376519,-1155.73484949779,3.35341562425921
331.346684928108,-634.53206890176,3.47694510235041
3872.94357235727,-1443.33922988997,3.54795029015753
3249.40731233281,-1958.87606208114,3.4787669263082
1399.58963055487,-178.199354910768,3.64987850339623
2282.36169917845,-719.889674396821,3.35593099109184
3707.51254338586,-1985.77854112512,3.57633859528703
3616.9064350439,-1191.11911611387,3.48126718185525
2175.46474462081,-600.644757070478,3.51486631714602
1013.11588711697,-2200.31123457745,3.31033242333926
2730.98211424752,-636.410397030581,3.42925862855463
2228.97731462609,-1806.91209014196,3.52290603836802
3059.49388078826,-265.879294354975,4.00122014145034
2958.31030700336,-874.481484272253,3.60310709741849
3745.42088300764,-1780.29874039941,3.71562131955302
2970.64765181344,-929.5981235874,3.63738081885631
3763.84634964498,-1338.79485342568,3.72621138133922
2281.21614117558,-890.681574736677,3.77365976594142
1959.48851643923,-1997.50563357702,3.69433360600428
2230.60402106499,-196.805244124295,3.65587806144393
994.133825730907,-2173.50661172599,3.48088880279833
1562.48150918197,-325.125120869505,3.70835190696981
3295.53227701001,-1695.72548043377,3.61966223183804
2853.70694813895,-913.766902718159,3.82257976235986
2597.41461684824,-1867.0723609146,3.76534109677473
3021.52876521048,-1010.35623409921,3.9702593698319
3841.68511696642,-973.034778703434,3.76169901473031
2515.07832659711,-300.466193649435,3.34381350438421
2028.40227665241,-1551.05058215591,3.66381875193362
3895.3537319734,-1466.18503058457,3.89713637374293
2918.96251725078,-890.788219794571,3.6497916491624
2054.88094192786,-2101.31189372756,3.42016916102735
2004.84020595355,-648.490895693987,3.58015569710143
2238.11540877722,-1198.06661528889,3.46462445866797
163.187659095718,-1062.22117390183,3.87994836369534
1779.77689983871,-237.644139358205,3.67529033922863
2304.94496985908,-2058.01136281189,3.58756609856141
2395.21301620464,-375.29297662716,3.76971407138457
337.057925083347,-948.465945257835,3.84426725750119
1762.1606766197,-391.696522391503,3.55301037438068
996.577903790297,-417.698525162975,3.4948850715968
1807.68366259531,-1301.5401279432,3.45714396131303
2385.61244051542,-1418.71488571042,3.88883053631963
1526.4698102771,-971.614365351668,3.70287352872645
1638.62749945256,-1192.01700491812,3.49273202277601
3059.23981868029,-1357.78050717008,3.75926690445108
3145.44161736355,-1293.98573205607,3.52112763979053
1159.45797210782,-745.389115471352,3.97049635295755
2435.49007011586,-431.342323478778,3.45444143738863
3912.41540188975,-2191.20050685384,3.62813186472847
1658.56858188024,-1658.79276448508,3.95974824148802
2106.41603651193,-2101.91002455486,4.08298855367908
3227.0137441054,-186.892403440606,3.76674406479374
366.031291533387,-2056.82745864789,3.99867358909244
175.45888474367,-1999.06233408882,3.82254582382012
3118.70129018444,-2074.64055068721,4.01197990942933
1929.75956717698,-715.815361933076,3.64818463973373
2099.84016676015,-1758.21724132663,3.55532327433848
1371.88941800954,-219.785761149002,3.65180623184806
873.018024617987,-876.885753397818,3.69883887370972
1768.38974738361,-349.898368783229,3.60874795920699
1992.43296443455,-1815.93105580796,3.94418505018694
2200.41153159659,-1307.13638310744,3.90997308419151
1815.36996575701,-1669.24504076622,3.80369084962319
2152.62945256805,-1473.1647708612,3.90722614669624
636.468062413881,-730.340830611706,3.77174463104066
2986.27901515516,-1873.1461031829,4.08019115449076
2021.43778981623,-692.543931734143,3.92390461587773
1181.73960361643,-921.650506345045,3.96077181778629
218.137426245033,-130.83388230206,4.05564797560544
974.579951280499,-671.540050717998,4.16978224914556
3973.83680774138,-1806.17578724747,3.82396809063901
1742.62813964586,-1674.82527400426,3.90446756247961
2907.21540983913,-2124.8319275633,3.97326754868564
3306.46142143181,-1004.40682231263,3.92435582549833
276.196563695416,-225.478240214068,3.98550915225909
1926.24853322141,-347.501526425796,3.86972149984112
2155.64489161611,-920.453275709531,4.02131860586779
2496.07235183568,-467.288639392242,3.9272647685717
804.642230965574,-920.512037219511,3.92270807988076
1843.6775835379,-1885.52347144123,3.50231365544735
3994.13559849728,-838.480145726552,4.07387088999959
2614.92106658841,-1810.37499182036,3.97461207837308
2186.16007058012,-1367.79687465172,4.04771282277791
831.009824452104,-1780.71844158112,4.23901353263031
2776.47816383172,-264.62494596605,3.69758314799824
727.17430695994,-1906.77562441271,4.21941986429628
3627.45899164798,-1367.57442421442,4.03347987518045
1332.81661308113,-2003.57682298841,4.40138032202501
351.039994790583,-1423.17754166527,3.859931724376
1992.77081729372,-428.814023199937,4.33910035948994
971.991011150231,-362.838381035151,4.14949106657022
1047.91585067381,-175.375364018392,4.16686103788415
2100.3964532956,-1923.08420898161,4.29732813068012
3520.92954563461,-557.160197638647,4.32622501433818
256.721975774187,-1012.63414617305,4.37362622687463
2272.89127862845,-1369.46586889411,4.6886524967335
3704.37286551663,-1179.78838917933,4.47748296510325
1755.054779246,-1227.89714926281,4.55416115190011
2548.95297306457,-2108.05888753982,4.74149607514804
282.712671745425,-1206.32204136113,4.89645171467742
1253.74892504412,-436.533675404136,4.71207969660933
3695.20648641165,-964.348572628317,4.56561674128538
698.169931503333,-662.618346972936,4.80888644765915
935.176913090922,-1994.79935611746,4.83938845649485
1343.04519765903,-1708.79399622543,4.99132267088505
261.013186826507,-1336.47970385602,4.94966619905235
457.390292499525,-1956.09893810697,5.15283439292097
2888.09179618077,-1448.87228344148,5.12499635548151
2949.07438714618,-1607.7884327685,5.10552631433824
1163.28694247177,-1818.32834906042,5.03025297123032
1678.87264218029,-1509.04552344746,5.07054401908654
652.752547539192,-1458.09212568715,5.25126187037923
3325.03250393149,-561.880236605448,5.70510921428744
1721.93517833203,-1099.11143120446,3.02342896981375
1110.63040420121,-984.13627594455,2.98561309699198
2548.6263532385,-1862.13960033067,2.91811164096242
1019.90719067691,-1550.63641744017,3.06299089941109
532.454600254407,-1316.09510444869,3.21071881173306
1454.30497822809,-610.298772211753,3.05065804203225
856.416133314623,-1132.70620471518,3.26471726990312
2958.20687235628,-686.912899952735,3.04395634843198
1587.63278370907,-586.784883887568,3.02909106448569
2143.57238218672,-1094.96762825492,2.87922861303747
1258.52892112023,-564.851098460943,3.00786319544935
583.617880912879,-380.014455657837,2.84290862951499
112.281921267678,-335.057338143283,3.00614857775555
1761.18518059083,-552.286012968745,3.10296917260231
2360.89688117242,-1741.44416976443,3.37223593623708
1647.28957731544,-601.19765430219,3.31127317177719
110.59634987972,-52.8187944072696,2.99599021451569
123.403200604649,-446.409471467691,3.58524516722138
196.123102333045,-550.694197809425,3.1205051513159
363.671557369941,-471.544779494493,3.39431946813976
830.566542101915,-1232.85783759624,3.56663427736358
833.965075974826,-966.645409544142,3.52119654898925
934.769832302524,-823.463118726524,3.90207848243399
1485.49757835025,-877.101293923212,3.872214795923
2131.17143027846,-510.796786828537,4.25327778356548
2204.2507092548,-409.192598978158,4.58204025599868
1882.17909109718,-1704.94602135834,2.87848805027633
895.239467634368,-728.226846880536,2.96764471085891
771.63973600855,-2099.22621402256,2.80219470638513
1849.65538988902,-1091.47347469287,3.12034018088942
849.672650101525,-1877.57577105228,2.80899086004781
573.282045649749,-640.679180069235,2.97206232004485
2647.38545068916,-1806.32307528625,2.8920862204715
1490.33229635039,-1179.83856030277,2.93577990055022
2097.9032348684,-2212.32745832274,3.01832679412749
3658.871002156,-957.732464232432,2.90845071988382
2866.893155086,-1912.36756944671,2.85836398039807
189.873144865295,-1475.73374695163,3.09194606908286
345.247505332963,-2184.29219914534,2.78050180969925
564.732653500395,-1813.04356094392,3.10891169059892
3656.89677490575,-1774.80013343453,2.92342760617925
3689.60844159409,-1176.68108740524,3.31574363276298
1229.53021782016,-358.724063616877,2.8824381441189
3370.01216780804,-530.173947887827,3.28336705821492
3340.98202412197,-748.386675226031,3.29582979434499
3252.69755102913,-2008.73186538569,3.46321624723154
2470.47355807655,-1716.43660566292,3.73647241077511
2079.2801682074,-2009.83134380509,3.87810176875798
1971.4959586595,-2069.3029709165,3.8125245219193
3270.3834988036,-90.2340373744651,4.28497389788405
3823.56121016945,-190.01073616174,4.14410097257104
1554.58196123619,-2129.55514897789,4.2104929366961
1672.0459141265,-354.435437260337,4.29553670174768
1702.99366681263,-2163.87506518546,4.3505250404724
3623.59306932368,-1871.51986939918,2.96571138920093
791.43927893721,-190.309429111686,3.02708491535034
607.950306972087,-1145.68514524716,3.01740482887623
2794.40096325586,-969.113668108049,2.85193732353467
3642.76858785759,-978.341365479998,2.96682663965516
635.554174688611,-658.16501985204,3.30616413578999
815.14278135115,-774.911818139974,3.57282842085235
2865.96851365929,-2149.79640614512,3.44625042458686
2963.08884786596,-1941.75745528686,4.0146360930117
1131.01933330519,-528.108767469267,3.31552765739775
3070.40149045002,-581.472025869163,3.02557298235715
3278.87452130214,-944.888520862076,3.07551949385562
801.207516461857,-1203.92849273032,3.16733060069514
79.1567113665629,-1456.6172590145,3.13909599859014
1497.13622223349,-1904.98678601089,2.71291628013787
219.810986911457,-400.169619544422,3.06408857243186
876.445231945506,-1856.88802644636,2.80752353985911
3656.80162225723,-1270.75848566608,3.11624370124949
3099.41851800946,-777.043253235057,2.90332704082307
755.688426897176,-1244.76388760886,3.01240579587386
1424.52555847757,-1004.47942982521,3.07249940101083
531.571057175268,-1397.41581203492,2.98557835100217
575.666733890948,-1315.84195589453,3.01565036781081
1891.23274122179,-1577.83981661184,2.86118219846501
3833.06543677458,-2129.30933004913,2.86847115919257
745.127674287811,-1456.830635323,2.79733444519633
385.608225269908,-1371.62211606981,3.35148193476543
2318.34405778191,-471.585190924625,2.76910021756732
748.49943273835,-842.523101919846,3.17334411033662
1732.79967629549,-1839.01116551269,3.12904891360335
1883.68745646901,-808.646445085684,2.92601189569685
3862.6591904806,-81.6138895676448,3.1998123849673
2668.85856173313,-1720.14852173273,3.14946956175486
3101.67069204947,-260.714618210707,3.29756557793746
1215.7545885361,-1051.04965787177,3.0928025557493
727.906606404169,-1950.95467778982,3.03304064683045
3700.90966592643,-753.517806887699,2.97831506409129
1748.12694146789,-182.681696426259,3.12672911701787
1129.93497638243,-1158.53619041733,2.71083107193341
4006.02242978588,-1096.38129114542,3.20160372401816
2436.97898053793,-838.867745966442,2.68012482489065
1127.59503530064,-361.57440981077,3.07132639741114
1483.38125865286,-2192.455279047,3.04725333468931
2984.4780410197,-1989.56534892027,3.37248375531302
522.285656619807,-1332.37314282646,3.10003693971565
1857.69112201276,-1236.89495600447,3.38275610822556
832.804702192814,-1764.25014943918,2.98275746127903
2343.43766926442,-1314.47860297327,2.98767158819931
1816.42489309009,-1713.99568292145,3.08039812880921
3554.57380084319,-692.594634066808,3.3009042858619
1886.42332281903,-1483.04607680771,3.20047944002896
3339.18823434864,-2052.63123662663,3.29464245210821
2008.75062090626,-1854.1620421251,3.26669897216042
1893.63707675522,-959.188010265402,2.80579396834076
1959.41881257681,-964.403542384011,2.8413872659068
2982.44426189553,-1677.73770909125,3.11819220081852
234.966167671914,-2212.42728913669,2.98448302114554
82.8053673978064,-1030.67053063245,3.08118530301315
1823.59024059137,-75.8255627656581,3.03598915926029
2583.53913623821,-2099.24683054461,3.18563839132229
1734.89232343623,-469.403213264061,2.97009979997863
3852.83616397665,-912.411942683688,3.24595962374749
3506.96384006049,-1799.07062634583,3.03690771160845
2290.32221927215,-1656.43958144295,2.91546293159196
3056.16995843846,-1666.24651597653,2.96686150895584
1144.39222060561,-1347.98224466968,3.1915208888595
266.017306004576,-1114.5351228032,3.18722685053027
72.9363792031047,-721.239086309472,3.0876818812336
547.542550613176,-1770.41043740223,2.98278096361365
3841.7717320404,-1078.27669484559,3.44960220694743
1813.67217194798,-261.617913023321,3.39923024364569
1342.53324434055,-1627.27802069623,3.70510638412177
2408.74091785398,-126.639000176299,3.6187967921918
3636.63437376745,-327.835350066878,3.61462115345073
1495.45651610866,-1737.591228825,4.2850421422128
1445.92067047702,-2168.69651941477,5.56276512936008
3979.02908690625,-1582.81584440861,3.20630863495688
4061.25905267778,-2193.8683696977,3.12935444803904
3686.71422364498,-1787.14317396144,2.97756870177398
868.080768731785,-1564.91852930861,3.0443622635493
2866.16112597429,-976.282551390407,2.82375744864053
1317.61970158825,-1579.20778669694,2.92727947303016
3991.26488624708,-1307.90692684931,2.68852726204557
3787.29755138046,-1270.9569996681,2.97883035873171
1526.20191040627,-1045.6310204327,2.86098578589913
869.019908126467,-1659.14100678446,3.03960552052337
2053.93951536527,-1198.07572277321,3.25623513320035
498.183968428006,-1204.99743945964,3.65065420364811
2191.1885941516,-971.603345252486,2.5226210326324
4061.19918211239,-1544.68127626801,3.00392566771525
1613.9666689657,-572.99456414616,3.14476922552145
1309.51495044786,-1398.82621706517,2.68591010193688
3592.66457432478,-1304.93586949102,3.10609209072462
98.0374637566367,-971.307978086659,2.59552169819245
2292.75622407679,-1413.14660386027,2.87380525709269
3986.58588062324,-24.6005976925906,2.91768592454571
2987.00194591207,-1833.5429558576,2.98747710027561
2030.74542839392,-1282.46501274514,3.17408628524515
1005.91274863336,-896.015091665322,2.98829199029284
863.762821080102,-897.847613922734,3.53516249254747
1606.91046925956,-832.332796308077,2.66837892375266
2186.90281127757,-1582.47813409105,3.0942417264007
2422.29615884015,-191.136580863395,3.33217474781679
527.903742972817,-628.874064902172,2.72166277889731
2075.16521899383,-1139.32216311076,3.29880138559178
3364.90006279082,-421.074531432714,3.09680254962195
2753.98493923861,-1809.31778667413,3.19404605454455
2974.83199263063,-1039.99091565817,2.8604457981225
3836.16488135492,-24.0277570194543,2.76382848621611
3444.17219478254,-1048.77858183158,2.90727424216199
2584.51635949718,-1789.9585696581,2.97941839316408
3870.34663067026,-1604.97756991359,3.04970950892774
559.738493206945,-1663.6995072549,3.18629684875997
4026.83367644493,-873.333965340147,2.9919706788358
3100.9912932631,-1570.19560760656,3.13472008914285
1024.2669883731,-741.550664920388,3.03426827988204
3233.65863659911,-118.830043162293,3.28428554164577
1334.35750229306,-679.077431875881,3.05142552415898
3441.12907338557,-1683.193163333,3.49592004530702
3002.8717804617,-1843.67521524709,3.22647048502427
3779.43767874709,-2071.57920020961,3.45319523958042
3004.52315161543,-1611.2193238736,3.73163131672761
632.620075247444,-795.626660984354,2.97419564156366
638.741123155723,-1352.82686331017,2.97292896614561
1670.37390053802,-789.128084462368,2.95185303176589
3004.10222707987,-926.825787922174,3.04287124315939
1080.11679224136,-1132.5735186956,2.98234558696966
3616.92582335227,-39.4464034827012,2.71504019123971
393.375179178382,-1277.81845940276,3.34733967709612
281.844322182343,-457.243836230694,2.89446724727351
603.318572277121,-650.016248009085,2.85241081165778
3287.22797022488,-2063.52114519035,2.96618272285486
3161.18189456055,-889.809602692153,3.17626878235009
2890.19034881798,-55.4316357396269,2.81393784094684
2758.15342555578,-1902.0803615407,2.97587844256464
2247.82656145034,-1592.85956556567,3.19642971436373
3756.17613636738,-16.1099171685549,3.03935637926917
549.704389935569,-428.370458468418,3.22668275193862
3773.2387254929,-1050.96274222816,3.26380263141469
401.105979803459,-1695.73101255125,3.49033999406135
2010.37234257394,-1229.26715176513,3.47297930148662
3341.36988648739,-1135.66903106834,3.86317724691636
1192.88676921733,-1597.34985047118,3.39739019352191
3209.33513736413,-863.364444926167,3.93798440872188
391.21060145991,-384.378757493056,3.59070976851279
1103.26980086875,-1621.91530751504,3.98216172706602
1202.32770106314,-1710.88126771805,3.86750830905285
1122.07290863016,-1147.45842664274,4.22242684248011
1874.57664865286,-1497.83619762919,4.13501759431708
3665.85245269933,-1056.28191787409,4.04624144177775
1360.30154312697,-1682.80988786705,4.42927220142127
1804.71333752017,-1606.28194938628,4.53362219284671
2314.54165127243,-1180.01243220707,4.60422020781361
1309.90298315795,-956.009294797979,5.02189562250708
1401.38405223468,-889.667752011719,4.79424427240064
2111.86023454234,-501.708800686644,5.05345516534254
4006.45343059151,-1235.21893220164,5.14446136116705
1407.977679772,-2153.70680944501,5.07315578899662
NA,NA,NA
3720.2066396313,-435.287652479505,2.83936161641136
658.613743553971,-1363.56488101189,2.99541286609147
3721.35505932464,-1156.55014568187,2.84111979728395
815.450407529927,-1224.81220530179,2.95503091861225
977.606964169732,-674.893867676488,3.01438093651486
2465.79113742482,-2061.68522439124,2.95636862087507
1160.98880834889,-1717.29467533069,2.92009340853793
1976.49981272678,-797.098530423468,2.94054966764258
4029.68615352888,-1082.98959376392,2.95298415989906
1193.83925698557,-497.039011930523,2.93874486592335
2595.17285697966,-1859.98202742609,2.97521472278556
755.583954762845,-598.694602766236,2.87975079888376
1609.01435242928,-1400.85406056739,2.99664401261983
4003.44954859117,-1043.4160370883,2.9456396076147
2418.06549794469,-2015.668678516,2.93575325187499
3486.9676143058,-731.032148719077,2.89482992206666
3981.27524931536,-867.866617704898,2.95404351783265
220.829717657599,-1373.19667003519,3.03066431450964
1080.70580092412,-14.9913999589964,2.94530950892981
1250.48354867895,-1074.93391133659,2.98542860397012
2569.59223824154,-20.7020352774162,3.02297402306244
1979.08414385498,-873.838727945165,2.99209413531953
2573.67700586874,-820.450345015429,3.01922527057129
281.334345793782,-1893.22265600034,2.96614877119825
1573.08511671676,-793.954299862714,2.9524566779676
1275.93058049044,-398.100716671392,2.91156139545693
1201.74604686875,-1375.99300022576,2.93325894812251
2811.01908172435,-62.8687511950068,3.04178214751597
1790.64918318676,-323.821874741827,2.98931751118004
3488.57470830424,-1729.56952994382,2.98579239876672
1311.75012015913,-1635.76513554437,3.05531669136498
3430.69575683012,-2116.46074860537,2.87984090304244
2833.67727556683,-960.38103053376,2.92559989542715
3395.73703495833,-1573.48244516761,2.96883811204953
3811.4151568672,-1756.97896587348,2.81721725610642
3479.4427496649,-1451.04390594784,2.87367774242877
3508.18157531339,-1919.56957292974,2.87268344096756
2836.98609944236,-1009.23969387673,2.95657388462689
3120.22536967955,-1685.35232796383,2.99141250949268
2040.86700786079,-1472.70881462478,3.08474940516189
2550.36650062578,-54.6830531428478,3.01995369689895
3126.96374372763,-162.549842138935,2.99197300779566
1767.50052278615,-1951.89446702522,2.89064309286144
3186.9132214249,-1911.43537366571,3.01425157633147
1364.04546456926,-1618.74342811517,3.00405147533564
1081.98635954716,-548.853224526539,3.04510393309912
3271.08537562503,-19.0429579980728,3.08841409950153
3370.2067080244,-1215.27035425486,2.95316483886608
1845.9528919624,-341.687950399678,3.55439753432524
1048.25697560943,-2164.10670857934,3.01549483035875
1045.75154348837,-480.318149811808,3.04527651092443
1215.24097127617,-1891.3149638621,2.90256866280995
3440.70535664579,-1255.76477521827,2.98026668350845
324.587699910903,-1906.67916460543,3.05719953121375
2994.09965914252,-1629.20245094924,2.84646493850545
4028.82598883034,-1794.10788483149,3.00107406088612
2492.32839102316,-695.369237825753,2.93415406763464
2629.56197449163,-1572.72791277697,3.04474798399605
2056.89791058432,-162.836430155364,2.94016310376023
1234.69102516868,-1694.10525919543,3.09546068066423
2759.98185716062,-136.86766776513,3.09399657581158
1721.94945366229,-1966.69134725954,2.96341913507567
2551.11811019699,-1414.62501926148,2.95728245654701
2215.47504296327,-395.816281108183,2.99465572897823
1033.6534738038,-1268.02759575008,2.99447135467486
3489.7500166514,-1314.59288489204,2.98124743066409
3224.16520794234,-1406.9906863885,2.89901511345375
2713.71135496015,-1451.45203363665,3.10900053143159
1670.23836337142,-1368.18086915285,2.89030598062088
3890.47917970639,-1843.10286634336,2.87910155175159
2618.38451017998,-155.576319861189,3.01276576705362
309.6403716888,-2043.04383126893,3.07203962938277
3793.19482924852,-909.010498977146,3.053241726574
1356.00813243747,-1462.36338289772,3.00804251033284
1266.62258532372,-1630.89223846562,3.00262796173324
578.447694822095,-443.598790691526,2.98475806709455
3393.86679748167,-1700.25169165934,3.09428547723835
1744.19694643807,-1806.29158649754,2.869380211969
2868.20340641953,-1591.98080752859,2.93050047507707
339.874414131543,-976.912720333974,3.15130931062787
3352.66261985301,-906.798216001534,3.01497343345178
3254.00655271419,-311.708089532773,2.83082560235247
2258.66069698368,-473.599897926748,3.03204741514325
2466.23822129648,-782.193789031871,2.91663553313838
804.779434215931,-309.426146936454,2.94584314960538
1212.27688356517,-630.013981524186,2.87800582379521
1889.159759676,-2110.60059530175,3.06019287821296
101.926859339668,-808.996332412976,3.02351337038408
1934.63439383637,-91.1082056988618,2.97337101150697
1614.31612326821,-181.845447844761,2.91783910649112
3367.7693275409,-585.477840816538,3.04518046700469
1154.62554965242,-620.293919784497,3.15517011034915
3284.9132288929,-1508.6894757892,3.00430505732872
281.578681495363,-751.086088352323,2.99979770908833
799.561020026498,-408.59046972088,3.04440683626345
1489.49807953233,-1953.86728697864,2.93180356751002
820.671916693356,-2204.19484280575,3.02951647171506
1759.91846315444,-728.660073045576,3.14994221938509
3600.42158038666,-1733.36646422611,3.07644997189327
624.930771594437,-58.4456506219948,3.05062176096973
844.793178110826,-1968.5834308157,3.04513298204076
1902.86204100761,-107.473250509563,2.94455016841241
2329.25240958695,-297.671612348972,3.12572115939699
808.207153849922,-1446.35332444812,3.02837472534926
3217.75941528908,-2126.56978120777,3.10015023855915
394.535900001755,-2097.31293823848,3.09949325243847
2565.57170118523,-2206.83344540514,2.84051623780199
4011.03863624143,-525.102305414281,3.03715922027172
329.731336724843,-139.555882200167,3.02113063503452
1736.39657770106,-1541.24722852735,3.16836959695881
1486.24852450946,-430.198659421908,3.0891770500186
2167.42309142842,-451.087110231851,3.0165222377026
2390.06515870022,-1035.5930176958,2.98300259126814
193.6609235634,-958.481660375651,3.02753443450676
3640.22784681494,-360.459288652496,3.03851684452389
3979.53494928904,-1853.51880357862,2.93732141840574
2154.31830517421,-2086.9433334753,3.06778697589821
1530.95176401156,-1137.67180142207,3.076097058858
416.404976117665,-1513.06228745832,3.01916027808634
4013.59236047672,-1696.65737336178,3.03271222984429
1859.94597904536,-1427.66477648204,2.84799791906466
1664.4941395108,-579.010426737805,3.16135580492011
430.481170892153,-1476.45900576575,3.04471208301863
2061.99191118163,-127.500956934254,3.10184003824124
2887.78079314024,-1305.60427811651,3.00101366423655
808.868288012185,-150.386111025968,2.976061575018
2161.14044377982,-540.127961984647,3.04372239467019
2678.57812150609,-493.324283007869,2.87011413637003
1457.69144472945,-1322.13517180318,3.1401140625075
3055.46727746745,-933.997075641315,3.10315737904569
3840.24882985285,-1314.64667473061,3.02488384825018
3390.4208912256,-71.507165670679,3.06864550117937
2566.97295522669,-607.403310167144,3.06392720369672
2404.5759440236,-410.587047279172,2.94220016208337
2216.4430869803,-1340.82342051267,2.95808750812526
2636.23785324833,-42.0556361091496,3.1283563898234
960.506915056438,-1058.76814951718,2.99107184254897
3663.64164424516,-2194.05360549764,3.10614846975174
77.5939695961137,-348.602345256828,2.99137986092293
2905.92657172432,-490.940009062126,2.99538658512725
3420.83989387025,-241.277202679887,3.02935369233785
3228.13355962901,-1095.01313611524,3.05165692234056
1508.3650712307,-1414.80734559142,2.96789840844615
3195.43692320598,-1590.88542373914,3.13099713298799
743.934104668044,-1966.61759767804,3.02761540593721
1708.86320054418,-1623.92913287234,2.96887473550553
1291.76272578802,-991.791893646552,3.07588620769972
1916.78689209632,-652.623518620825,2.95530952176037
1274.04896264662,-1800.09365209708,2.99109809166115
3062.66097449922,-701.723505130015,3.05361499754631
2493.8062964391,-448.83886906925,2.83628804425852
1389.59780021847,-679.962314936974,3.01341205591897
1281.392103396,-358.099583635211,3.08666061924567
1723.23865527636,-1805.27951895543,2.94451024764908
984.492574508538,-1750.24842739697,3.10369579176588
263.393501701565,-758.311694518981,3.06307983444089
1016.16545087689,-455.004738350975,3.07499049600887
3478.71461683042,-596.533373594649,3.08556472263406
3884.13385356847,-1490.47610162704,3.07706275437227
3918.14676071219,-259.196816041917,3.04197446025926
1054.15072308176,-31.4135591369534,2.95699904938448
1433.3020491955,-1926.64173590884,3.07842471340016
1840.3207539126,-2066.5689539008,3.06257504075002
3395.18071541281,-2207.12930374295,2.89580771465476
2869.88816118563,-1639.14767692318,3.05978424997904
1809.60062112173,-86.3832129314203,3.04894139089784
600.021905228719,-268.262902031018,3.08954261837034
3197.22440314252,-1545.64151073235,3.00009156829306
479.071148355086,-356.396655432262,3.18337217384624
2987.02655434327,-1297.19026636128,3.10699711320282
2291.00986922252,-167.017960320701,3.19115960221872
3596.78488559498,-338.650273706444,3.23747863889707
1365.22561998725,-1697.80896557353,2.96239859973644
2187.04502168043,-1571.83876324198,3.05673463153812
683.226720775441,-941.891317953848,3.15627007645333
1726.12236060485,-1726.71460742721,3.05518457156465
677.441704778542,-1552.38744229269,3.07079048718511
3900.87659026411,-875.956027106619,3.15138769336978
1976.87186903965,-1486.29331118715,3.05100949238724
2652.71179916644,-2146.68959216009,3.02267033404402
1568.88031837644,-1720.92091082966,3.13951589330542
3248.9871047601,-181.480062651529,3.04484856747946
3873.47979021425,-1067.31547725979,3.06132960337947
1429.71808791115,-2178.88031606553,3.03174426036903
2887.52277963117,-166.70066536132,3.08509420867894
2463.71519553859,-881.501121985649,3.09006368636308
716.188407410128,-1822.88427104994,3.07645408126974
3333.10047606367,-614.8422422053,2.98087125343129
3049.23693402216,-1328.05945743667,3.1074044721774
774.854743681701,-2035.39239810188,3.0772666775138
3300.59096494677,-1089.55926017161,3.08520617890295
760.266605083032,-486.668710731832,3.1086709897057
3557.59162337343,-1872.54045900884,3.07048345310928
3545.05417699283,-452.067533818305,3.19716490485514
3289.0178237237,-1033.11034636033,3.13542632039741
576.409153236314,-1933.95798265937,3.00088327546193
2570.69666350415,-242.554092240605,3.17080520725391
1771.96724624303,-1885.90099747069,3.1243662018902
1651.34238751587,-962.730096899799,3.1577631652768
2431.57611080195,-1954.92950698796,2.95536504135225
3254.3013856544,-1294.18033195523,3.13391029084761
82.8543744111099,-403.390918188102,2.95629263615869
1767.28053690827,-1494.18246059311,2.9988235525563
1826.93298455434,-191.341033318935,3.11596035231442
1835.53639682831,-1846.12092532629,3.06009562245409
3598.4512086919,-899.007235342257,2.92773818664404
4014.17535075112,-639.702306633112,2.96482539950832
1025.3481282644,-518.228980675749,3.1199306310506
2623.53841638058,-2213.37410070155,3.12051256713413
2604.67733148948,-223.540709764032,3.09374926904407
1509.55424662738,-1773.73318222849,3.04580295546694
3041.28327489397,-1855.73349607752,2.9563374747748
1995.89488566539,-524.190188867321,3.06814884421891
2497.56775604928,-873.992179651117,3.15394569853211
3125.21823646222,-742.608612166317,3.01524169984451
1465.2903560763,-842.582068706985,3.20074720134105
1174.85084056547,-1379.90653909292,3.03156003397629
1483.68088618962,-1463.81570552905,3.13376612708583
263.034049834784,-408.65465199881,2.99668247300988
1705.6741214043,-669.572662565001,3.05771045999987
564.22397384871,-1475.53836826198,3.09147556018499
771.185324963991,-899.416485660396,3.09785272916208
106.446992749666,-1435.70270798903,3.08549231201363
2951.9671058394,-153.873985668753,3.2031857712247
1994.07542995672,-1870.51879495888,3.10703249127061
1904.71131624489,-235.519513380482,3.01793672175391
701.224766194748,-742.31283319242,2.95938058432317
2662.70418221538,-937.750586226338,3.08975424660945
3318.44112313132,-532.294985691532,3.18198505360835
1346.91626773828,-897.949122122785,3.08029045382262
2479.53990317634,-639.682461032063,3.1686440560413
2570.89337471442,-1624.17603874214,2.98875823552109
2363.28300033926,-1730.87847646763,3.21723791750852
1393.99754607893,-1609.28775609068,3.14471417954206
1275.43097182561,-328.603387038056,3.13544133273716
441.029787075304,-1573.33917800242,3.18728065492051
2268.16370424078,-1647.25800700819,3.21743965308182
2392.73359705422,-874.905531975872,2.92883350366063
3687.51703065138,-1731.85945039986,3.03983628698812
1424.61339446346,-2046.56401636941,3.09864096881147
3238.53931406822,-2019.53544386671,3.21920973277595
1223.20103808318,-1028.30500011251,3.19451871189696
2169.93327938622,-926.822872125493,3.24699103334676
650.497959880307,-1216.86056161413,3.13637398369267
2464.8591483529,-369.925625836977,3.15865089812489
1928.36753273878,-1556.91575254023,3.02176523031496
822.734249536746,-2005.90080892253,3.16989785432506
2674.20650427479,-1666.86053703109,3.12471211105611
2942.65065779204,-912.299042089976,3.11985048428411
2735.26679464936,-1710.09011351943,3.18200588801401
1928.16005122364,-1332.51731656946,3.11235501366039
2464.39096828756,-176.442252870957,3.10546290788961
2207.07061359656,-453.979668309499,3.01279893624247
4036.66017520858,-1761.00164562473,3.1206212260381
2496.26787688481,-852.592728188504,3.08902193614696
261.86252508781,-808.765255227132,3.13579120960248
2565.77693261966,-916.130556835838,3.20843871380762
2676.70387293181,-673.090259375279,3.13687034590083
254.747006086264,-1470.69251447952,3.28970897671214
3775.98111761699,-651.075698033476,3.01243420937019
1605.52381010429,-301.808873147486,3.16347003953417
1620.16502763772,-2141.29465671277,3.11345516947623
1605.82257385486,-2217.02517175833,3.04984093740809
1485.58728300167,-378.086854557786,3.12710839502771
1762.98417583,-280.916647567558,3.09732257752625
866.527010385282,-1326.16983180214,3.20703901816452
1826.55022174136,-40.8241658905919,3.15582431827765
1454.13597896027,-1237.75500537685,3.27891753045895
478.766308856036,-1840.29954260321,3.27150244139248
3668.35923134002,-2019.32954899466,3.08941402669928
400.586771594692,-1195.37213368254,3.18451446776777
3486.41217270589,-1343.91333102387,3.19531247801547
3788.49880279333,-490.05716503074,3.16355353876998
966.909918685367,-1431.87287503953,3.18672974278252
3367.48744054223,-296.755062116143,3.20481143649049
3755.25268357038,-1691.20912225802,3.33190023696345
3190.73847760409,-67.5141873681494,3.32071742238896
2251.649724819,-788.909821774575,3.13627355241267
1401.34316002242,-712.939166126064,3.11327942669904
3654.30373369402,-178.330279611129,3.19051003070687
3572.90554331994,-1362.88854829868,3.21758711382535
1976.91175531482,-945.652564482908,3.22690085805797
3985.5939372877,-1135.4928311523,3.17180757011889
3103.58526577202,-923.524341539286,3.14717592350262
984.660056674538,-996.246768443522,3.35187273110541
772.977547260555,-1336.82597873367,3.12653478692525
1278.28855746387,-1100.9716691587,3.09767186936117
3028.2569137309,-1543.75022195579,3.08034826615343
2566.22675863051,-506.617018158986,3.0569984887426
1856.82364676749,-1957.77178902974,3.07777385769699
2193.8817179942,-795.024497059205,3.17504772856898
676.128860915506,-45.0871432058981,3.09413045358094
3954.51419187446,-916.875198449228,3.14492684379284
3833.41963003923,-463.657748298502,3.22671659616335
2999.69370424128,-662.275241274939,3.15975529726142
4061.21137495306,-626.377405595524,3.04532886380257
1977.57972246451,-13.9626231195956,3.23591393383099
3666.46073989034,-309.761884801081,2.99874139908438
2786.33339423384,-208.665518586886,3.2819689884891
2769.02405198036,-1870.90604384709,3.22066116039022
3933.04039453809,-1998.66669192033,3.28269856686752
1342.38584256741,-2011.55954354637,3.2718995128662
1088.3487243667,-367.82985968344,3.29545610760404
343.299040205702,-595.746884385468,3.19369359262242
1913.00258535286,-1795.12075767776,3.1703033360868
934.728140777218,-771.491501669925,3.26089714661702
2746.77309765045,-1452.31700251736,3.20368587843366
2737.48589583183,-336.774612254406,3.13144912524393
2085.48295610561,-1576.39312028626,3.14301825654738
4043.03776153912,-641.3642733633,3.13974140818582
3718.48088730582,-1737.48291786323,3.12191565982816
2185.76247693261,-1671.47093608708,3.12910769078422
471.912857736627,-1398.86143663501,3.13642165388598
1089.44278135579,-2056.13200991702,3.2565846480421
3372.13847560879,-96.308098657095,3.15329527785147
3468.24175626169,-1346.71044496228,3.10093339778435
3426.84363399793,-2175.70953540556,3.17099862563523
2743.50234614394,-596.383514713312,3.29216190738445
1697.4111581684,-1330.20279858944,3.08155387350325
3161.72270047236,-1935.52810725148,3.20067102703831
3384.79532320799,-467.585621019003,3.30871500417619
148.340332468444,-106.182256707078,3.10086726646588
2614.03753336013,-1979.82830645657,3.32531036513036
878.247816729044,-2086.8955278341,3.25499974456155
1165.83761473039,-898.025416982944,3.32865984130145
3481.14137278483,-894.976624447437,3.14413033997898
3195.59230105878,-829.916792280306,3.25410714646485
1099.33191249065,-1325.83560791101,3.28266110670132
3327.92776227393,-1834.03819718898,3.22104969293385
1962.44451084821,-49.9445331541011,3.14397560429032
2906.06494232641,-744.722490755962,3.14082903723418
314.154951945181,-1534.87987492365,3.18211343916851
1781.4123038494,-489.203402093832,3.29843602006525
1492.51525718105,-1787.92112176702,3.23471121131345
3947.23009948917,-850.677295298085,3.17094334858575
3806.98967115738,-10.6811723456746,3.16731778599103
3623.46825491102,-1561.45847261825,3.11630573996704
2441.14827239158,-2139.65523445722,3.24144982432531
2027.50384305458,-348.406801499043,3.31134550542512
3008.21966480234,-173.562892553691,3.29941937724681
320.744138958813,-98.0987041892795,3.38730351540853
546.42349099984,-1279.40744592147,3.3530440112153
997.521804191699,-1702.36828613382,3.32184860210226
2804.64952161985,-812.852647573619,3.20844150756622
2699.59618467717,-189.845574000008,3.45543976841086
868.487913161469,-292.153135030189,3.3141025515773
1455.99578666392,-1746.73573496032,3.2087084581784
3083.12261782902,-1857.49562282451,3.15268909085233
3549.69402307091,-1160.0800779925,3.32792707834765
2533.03055764577,-182.85753725642,3.28900095462632
4052.01293213521,-1620.81244118575,3.26099200860396
826.683981827508,-1918.47464585387,3.370413133989
2639.97271632044,-898.00801372708,3.21771214823222
1041.39662079578,-1499.66093730279,3.28439694160687
864.117670428789,-260.067277393374,3.16314219629888
3685.84771648059,-2009.86572637323,3.26647730113844
3970.71860478134,-622.16427465301,3.25517927176585
3025.11717433286,-1844.82287165098,3.27260166637313
2792.89686161816,-2117.9679392693,3.27600661360248
3219.55442917497,-1826.90805730464,3.33715035194696
1075.09791534136,-1292.37550289923,3.32619568085878
1879.56609886987,-38.2389577618966,3.26646955909574
2513.20990626907,-4.22097171062501,3.24072992806961
1510.28805717728,-899.602959487695,3.23911857006498
303.48163794977,-1947.67849949164,3.376583589688
2337.42473244749,-67.8294727097118,3.30621380348318
894.19242701239,-1986.89853964159,3.20753609429489
3431.24436781765,-983.604258397514,3.13081419005404
2187.07995856517,-2048.93357090273,3.37850998372187
3697.40344523619,-1881.67123910803,3.26508856357246
1479.43855915528,-1969.07101707354,3.25014943223625
2491.63446123371,-1483.42778476329,3.32964854432819
1988.03921367967,-1510.6589523688,3.22506847440703
876.585408585181,-1147.83500041996,3.33071611604032
3555.2705453305,-1341.09861577362,3.36110664536179
1090.38476752248,-1514.29847809824,3.31608165992928
2923.83562104787,-307.486175597592,3.33393927297951
132.591907555914,-393.897508436329,3.37511655506953
2396.96564456923,-284.162978279617,3.38695041992865
2180.40549141756,-1421.71184612823,3.30838595922343
111.927345180261,-1503.17878576246,3.39693572596159
3790.18113835586,-1028.91350897867,3.16897236733713
3953.22311138428,-880.07480424011,3.23140043168797
3301.88970671899,-914.407585256499,3.31337310295507
2348.64939872791,-713.063976812735,3.41071773278771
2359.07492495379,-1862.23271932948,3.41643699148405
2143.51379424682,-629.843973710696,3.38600326356638
76.3897116243129,-490.61626262547,3.38738471696267
3574.06249455285,-1190.41900895797,3.3167935404533
1901.65250457997,-64.5185858572107,3.33084157571532
3617.07253842849,-1512.9229683509,3.37908850096172
2050.85794432937,-352.243532059946,3.31069705025157
1355.98416009133,-1318.57596722319,3.39173426332331
2325.65455101222,-1808.13051203992,3.31900411554499
436.718563812562,-1367.22693454777,3.39760106672922
1472.03018928715,-901.034520599513,3.30601249890882
1134.72690559641,-1228.46138352686,3.32075478372331
3162.04566343014,-1767.47117545621,3.3762650804158
3184.9538805964,-1872.28924587758,3.27224694247668
1044.96018888054,-712.506166895199,3.3769946592113
3188.94850428356,-1435.23362190679,3.35401851003028
2216.87020918529,-1686.51779722424,3.28858851569558
173.544544870858,-770.127652348176,3.43091402819401
2745.76077826291,-1641.97708339303,3.44844987510912
3261.08603050388,-70.1140832138513,3.24822054243533
1164.68688154827,-1145.07704045774,3.45098679426339
2926.10071452622,-746.245065588344,3.32814648634319
3241.30822851593,-798.572117670594,3.4637406659055
260.807255100365,-1354.22915047955,3.46297316601372
1780.27648873578,-2100.54543446326,3.23371672946082
2113.53534328173,-1137.27893825995,3.3927305453398
1985.69327304054,-1652.38650343288,3.38386951489411
3932.43743906098,-1452.01281605462,3.27510462664349
3907.98405653063,-1266.65974004008,3.37875820694328
1690.06536202811,-773.843347201739,3.33928290887483
3031.69794720193,-190.52609498369,3.27595620848531
2165.84754102763,-1108.39003341714,3.35049296122925
2625.54258320785,-1619.05680177624,3.38071900432307
1990.16883583332,-2177.68708227946,3.3062784364756
433.8023199505,-1739.60553860735,3.43326087578528
745.582229409955,-1884.3619637504,3.50941657637042
1701.56286390816,-1475.57891725513,3.23812873496568
1151.96996661127,-1002.96088320574,3.49002596056896
1300.91581908508,-1046.99918366745,3.37094850546787
2425.76792336306,-649.703477161528,3.08156295239107
3414.08202553142,-1785.99030240983,3.54693748494009
2317.48180205687,-86.5367548379105,3.53445684192782
2087.46117798344,-250.559800831705,3.48778059391523
2640.42381234332,-677.459851613347,3.35145367994092
3381.05832607528,-1531.24822720206,3.53650863014305
2368.68801707971,-1682.42564491158,3.35396931758133
2786.37880267477,-885.054233953467,3.35038742970201
2923.33820185377,-2213.91313575404,3.37182727045494
1827.51436373578,-2000.35337984073,3.52197408028104
1473.36884505179,-870.746245733666,3.29903115630467
1790.6772742447,-685.730444898741,3.42176642488545
483.657245326409,-612.757148479546,3.34757689494987
3491.14614669132,-1208.22220573447,3.38714309857272
1954.6291455075,-1441.71481346162,3.52542312832103
521.567193750416,-197.444841088646,3.10565817268933
3659.6722560164,-2129.25436003884,3.50411924784694
293.776415101878,-345.116707379364,3.57835666335659
3687.02956019871,-615.455779376208,3.38129681388956
3166.99129331338,-680.48348490843,3.57836049774386
3429.95441938133,-1201.29723292451,3.40994942956135
2216.05511575406,-596.326076549557,3.32924891128719
2130.58277831418,-233.403064424814,3.55034242104617
2678.27512685238,-100.717622770858,3.52571466101
2179.79936332614,-4.33366048426333,3.64515440302179
3155.94672978653,-562.037099932271,3.34566841037896
175.231783745479,-44.9700098336893,3.43427206252365
3277.5831455945,-1548.47715392922,3.48108291188485
994.383765387725,-531.93279086507,3.48862467935096
3201.5910819111,-279.234552227758,3.51027019721676
939.283185572063,-2144.23796842626,3.56561575793468
2955.11013057523,-568.196269860361,3.57407756949295
1881.61930180386,-1342.99218141533,3.45043674894878
3578.99752521133,-540.303459814019,3.49188679962164
3634.10869366763,-1085.12878462236,3.5853962343935
3035.82548743994,-853.77321837664,3.47719477253542
1687.70732966686,-871.359131501707,3.56814985812724
329.775535574216,-680.084423956145,3.44774905631791
2825.5563081321,-2099.12080611361,3.64069793863875
3804.90952421545,-740.038804362636,3.57316752594569
2466.97831992219,-2015.25043609593,3.544840320019
3724.00551551483,-613.162893319246,3.5765395442436
1812.28254408586,-516.698632607054,3.45810389232265
3094.35792943721,-1455.4075105085,3.44927499509426
153.193833027485,-167.519132779058,3.55459843841307
2789.44027799924,-827.040340130457,3.50957375137782
3087.00006485747,-34.8667459619444,3.58053712485004
2063.79282827773,-679.569426439521,3.56443007374401
667.541059587439,-1453.90002610755,3.58433506944474
2822.46195252376,-1097.73249238008,3.54646402835582
2348.01335755278,-117.085765284427,3.31133089911973
3631.37136300036,-2189.83580425101,3.46841521199007
3295.13195538681,-2133.10621575805,3.52414472128192
3181.40721683452,-99.8906198447576,3.55914434958318
2383.39346766439,-161.075361672241,3.48390906650726
2285.47780664562,-563.034111976896,3.42747228703124
272.342976530815,-6.85798517847289,3.50456292135782
2346.79498582795,-1410.88600714174,3.60671239866789
3282.34895430017,-1758.39862548195,3.57958676947338
2564.40151661364,-2024.38834581949,3.61994857489752
2313.75709804245,-1964.15617325058,3.53742476073537
1252.515231448,-1726.47811981064,3.50115987443511
1837.09898100067,-1364.25251775515,3.73223076585197
3841.78527987872,-1671.07989904722,3.64607040846761
3475.83229265743,-1030.34163626979,3.58117620372174
1873.50396824802,-1381.24651936727,3.55607420868981
3352.50054794036,-2201.99822256857,3.60147707704438
315.036586081379,-1337.5830772295,3.7379157244871
1944.34324434756,-608.161516870944,3.4986016062344
1489.42895457457,-170.313233375459,3.4286315039148
2994.69464453038,-1444.94833519944,3.65269044932401
4043.25835763219,-2057.33185849758,3.52279406184455
1307.46700752967,-457.868777689034,3.65868534110997
1681.16822926204,-2162.12156069449,3.63575831365256
1535.75618280933,-2127.01908833952,3.54550865138792
190.814031973203,-885.755827893506,3.33121464548109
2475.97019732356,-2116.51673623749,3.6293317862573
1785.57289454573,-783.164031052485,3.52792387508122
1834.69309097237,-603.689774912171,3.56763053105334
518.213221733492,-1553.18309241128,3.69724740093098
2729.32485014438,-277.002549573502,3.69522956115028
2354.60011560858,-390.815001287997,3.68020970017204
1282.37949746947,-159.553551904302,3.72621871272925
2823.3549141042,-1200.07754378655,3.52088759589801
2136.20658415219,-1293.39464030752,3.77940593954476
562.767014811321,-1910.83720217311,3.63028163563157
2056.93340585701,-1822.67336203227,3.69400405609203
2838.99717452093,-1584.76818433261,3.59771101438663
2966.91291967248,-2083.60730489755,3.75025883754004
1186.50515870025,-10.5643794158907,3.60249275342408
2294.10374131516,-1088.98291287454,3.71101799552693
824.79618289292,-823.574285240511,3.74508677454542
2547.48220080945,-2155.71899322443,3.71923833701369
62.8619523756014,-1512.12395294048,3.6842371022935
3894.91455744919,-466.373259625175,3.8064223130999
2832.93060032591,-709.565564415757,3.76028901311405
3724.25657355555,-685.477017078741,3.73417819479313
1218.85729705172,-198.497546325894,3.69315576880306
101.346614531716,-1328.36138471794,3.88112198867349
998.741662136835,-1163.60386819795,3.74595952314432
2379.65944189355,-1355.4995965271,3.88745089623389
3253.57397992101,-1132.14344769728,3.80639976454589
3001.49994742972,-1673.53878249481,3.85955670682967
2280.51016179086,-299.238753263755,3.80762099965879
1003.76571094257,-899.917582859708,3.71658748533872
1513.55197950214,-1734.33782143589,3.79232143761358
3132.63018024935,-1996.41444117735,3.85355807322648
3735.09121304481,-297.912623913839,4.03901432904611
322.374640316054,-1731.51909282185,3.90425814618145
1868.07355272693,-1996.9468232695,4.0477058359422
551.184562239123,-846.907319617997,3.89525819846805
368.407455112211,2.67554768789383,4.03392071276576
568.362118443114,-161.7326562618,3.7551873922555
3061.63177447942,-757.554105311427,3.78923519658014
2701.5277991967,-2040.01935536986,3.86360905295251
167.123145487411,-306.37378346705,4.06520210542485
1364.20556751037,-1042.59082279085,3.90879920142072
1597.94048809161,-1324.16692700915,3.84109073028745
352.23391744241,-764.563128291201,3.76267162023135
3752.81120717058,-1025.69158216871,3.92468146687331
2873.40466786094,-12.9750541481135,3.99133510467973
520.033633635565,-119.899150702053,3.82727215582186
2420.50151454155,-1005.35099501807,3.8125060512183
3346.07083873626,-1359.92400126734,3.83358571455233
2810.0583766644,-389.149080833274,3.86664750593207
258.115204509592,-697.286783522891,3.90199300000194
3781.856568857,-1517.98225151609,3.80699856385357
2458.13153132668,-311.29205227225,4.01547566363089
1088.95118087192,-236.730520742983,3.94981746871618
3017.81811141907,-295.593623537056,4.03418131819218
1949.9843270715,-219.934543965104,3.97681776341009
859.520486540072,-547.443507030922,4.02123025213371
963.461785962882,-272.454883224101,4.02258529390503
98.5913747474839,-1097.73135981511,3.94694912021369
751.525464084688,-1133.71597434924,4.01938287769973
3276.08317895754,-186.251131933578,3.95075214493956
2983.36118441496,-17.7974310000439,3.79223501874007
98.4402574588236,-318.09445371148,4.11334702885741
1147.95479145193,-2214.53038377017,3.8693847462723
3261.83597978764,-884.833175124874,3.94751944687487
2599.9100873436,-439.134339202707,4.09873164556563
4001.58069977969,-1314.4552764191,4.02107434802836
990.193255908722,-1880.23870635354,4.02634976842727
2237.60836086868,-1979.2193324098,4.01396281442122
3310.73268864095,-1906.25229241194,4.02578631875106
1755.92159447283,-861.520397155166,4.0617690894486
2947.13195173241,-974.095314557285,3.97859708060912
1569.3480295382,-1083.39152526496,4.09802737062076
3316.05053407894,-247.732282286937,4.03515927366587
282.516255011905,-545.461120585546,4.19385551823371
3086.84624860679,-1947.49480133277,4.1321284024503
195.036207020696,-399.89404227616,4.19338400235815
831.009746962586,-1349.33515411655,4.2472464795447
3764.84608918863,-1434.02919861638,4.10813818090188
1247.24258967057,-1527.07526265864,4.1070734500211
2731.29906878104,-1961.49661757873,4.20878892899659
2442.48934194847,-234.031314557131,4.13490948840789
3456.1420303816,-26.0245988903418,4.12572821092586
1233.58921582546,-808.825038453457,4.20658328309633
2588.50779804923,-736.952030556704,4.33809444122988
404.565443214478,-105.515935438984,4.29925477664785
2339.44452021781,-1816.18474963242,4.41007787575846
140.987649324245,-1179.7483103225,4.34357047380767
2536.52112011219,-1933.11314883603,4.4262415963166
455.296012608224,-890.300527265052,4.27659666009839
2102.24437384158,-25.768740408585,4.30070459047445
1263.48240889171,-2159.12155449717,4.41119808811252
3049.088563638,-828.755082943252,4.37528865540611
2287.95562290518,-346.423329570441,4.40625232429713
1822.24724806467,-2153.38749937897,4.08191230916977
3450.02974031058,-1658.87171020525,4.487622624753
2485.27972977223,-1321.40326346585,4.46566642398934
2339.31478959022,-673.485353265456,4.37153360344937
3340.25836708853,-683.619055204248,4.484421851929
195.385492313211,-1262.45169103591,4.29583462374215
1726.07217452868,-1367.66449083472,4.59946387865228
3957.93034485868,-1395.70994308886,4.26570429710732
849.681992400354,-1096.55080883492,4.71062022145824
3042.44440483749,-2082.15874287328,4.48346797720652
2056.76001888142,-1396.77976363255,4.25027073760148
2922.31765218083,-2037.30237271713,4.42082431707591
3133.4626028108,-1092.6060221415,4.68459845874114
527.783417468062,-540.477549623884,4.86112854641133
2576.14393446374,-1606.22650193977,4.76087435983203
2984.72830945389,-2163.20914224085,4.45951816736427
2902.12714005513,-439.798667216143,4.92804296906776
3619.17336699853,-282.306523999696,4.68920062773319
1121.85601784262,-1431.84592593828,4.87099549423191
1555.85098463397,-661.691018988545,4.7330515035084
546.445588696941,-1199.5377548439,4.56249887672692
448.357563672241,-1291.8172041675,4.64138908727831
2172.36321940357,-1871.76860182294,4.880917125212
2667.65690362654,-2103.03703045673,4.77102731351003
1361.03224318269,-642.295711069696,4.95372857037846
508.555317008084,-2078.03298778226,4.83037799184267
2958.95859997434,-1952.46737509835,5.0234656172875
1933.51977773195,-2187.00704808484,4.81842021550603
1116.10578421647,-1978.37432913878,5.10014304429182
3208.89998297564,-1254.31225820037,4.81413698763912
1684.603988819,-485.727360234621,5.11411461791167
184.887684858928,-667.972694550816,5.21735019436789
2992.94006717455,-1186.01872567365,5.22542434754472
2892.68443636983,-232.958750591103,5.15285679129092
3452.48634142436,-1331.7864062304,5.40971865407955
3303.6633611487,-472.031535347228,5.17285991818038
1545.80220947359,-1000.75306761381,5.09916396430373
755.474480205705,-330.100959342143,5.49223096626687
695.958903711128,-1655.41411290427,5.44079235363772
1411.07238035672,-1181.19714727956,5.4666502500562
601.401485725096,-1020.83246777479,5.7150532824811
3653.51883391427,-2098.75259178011,5.84050597352118
2624.74385068739,-1074.87163004271,6.18978937702241
3381.53552335173,-217.816442694643,3.10654619344222
3217.15844387189,-115.484475002398,2.85393648473183
2714.39945153408,-648.699715512513,2.95539633379076
502.666583163382,-1901.56868432229,3.00109928423445
2083.55768947624,-2161.75016488999,2.88165244739278
3556.11431294552,-89.2224365432693,2.88438302493697
442.274921926703,-744.631684375303,2.88096371336403
1658.71460964788,-446.134301504595,2.93766655338813
2350.487424838,-2053.87679115925,3.15944999180202
2982.07319363028,-2034.44961263313,2.84862507319724
2673.97067483491,-925.081568276665,3.05251975261076
382.292472039886,-484.730568056702,2.93531676274665
2629.09559142155,-332.056716929561,2.41133577126306
1811.13670072225,-730.325731171046,3.0733826752266
1586.87096482135,-2064.40579341079,2.73384229920466
2637.4243363094,-361.171688819712,3.29847083300514
182.352177389808,-618.952907927796,3.01244203805881
1725.43316792313,-967.264618800902,2.95794708032082
3084.73819487115,-1083.96739490451,2.99741715806792
2458.15203301658,-157.137777961764,2.94362705269043
2169.52607062709,-1317.63634453195,3.20572482534713
3670.05870007134,-119.628077176464,3.82664553433182
2215.16590524357,-48.3830978627992,2.8115830885528
1704.02709476009,-842.3296891344,3.17964652613406
564.472950112997,-1495.31666201172,2.45156171206181
625.174608524889,-1417.00887517827,2.99822178388756
2685.33567533538,-29.7954724500911,2.43208259332871
3180.14238561585,-1608.36167812114,2.88753285601863
1216.77819955792,-1929.2445073686,2.97237295636416
3746.38438002427,-1733.2614675296,3.13738847575275
504.217273896267,-2157.36455838096,2.88340622971253
1428.7042634919,-1774.32009004935,2.58821499852262
915.446274129229,-197.196562173018,2.87626749142701
1126.77789297248,-294.790285585748,2.98076929989855
2267.51101142843,-496.271563200484,2.97513696700245
3262.89265562735,-362.922508564393,2.90937613040403
2387.47007484924,-303.13478566823,2.95232765426594
1500.17213936632,-1003.61546823569,2.82344415428423
578.941033697785,-216.925766810408,2.97766555596886
1615.67187211136,-1083.07858833516,3.03431358440865
1529.12899503641,-503.84510374579,2.94831648722979
407.053949839784,-1037.34310306895,2.91416048769782
855.612434725417,-422.573834553188,3.1653817781703
1802.57633253378,-202.036741085141,2.92425439853508
1428.35496811139,-84.5050161372362,3.15718719705026
1602.74649935013,-596.517816958345,2.99790928687634
3890.86879720257,-1305.19664226636,2.80437461661234
3432.61119435404,-254.059120332092,2.90297188626979
947.907047930997,-438.443067368184,2.83981200569801
3431.64957676957,-290.212635575189,3.12222634454448
2409.89129322424,-687.048348066409,3.53224552223575
2880.83633389809,-474.069866690795,2.84668568194866
816.664153579542,-578.55618469885,3.10021123055777
590.572744965373,-1504.68526899906,2.79149079838832
1459.61674285902,-1714.55326220943,3.31541203577123
3428.91132110558,-819.141343442876,3.02317640298825
1119.85971356246,-968.255256536899,2.98723274698429
4018.14500465304,-63.2816514815326,2.81154097147654
2314.02447941356,-990.262930517494,2.85244453120317
3537.06574638817,-366.746704447868,3.11212052149101
1396.11751128613,-94.9066775651966,2.83489049882883
3391.70835617251,-1964.71147238747,2.90075262467352
912.685228367004,-1529.84951017337,3.34573960661225
2016.05453339289,-464.81261845232,2.99898384016189
3180.16468928303,-296.109182024201,2.93870909412423
3512.36340746518,-527.08038390748,2.549560351394
238.512550651969,-108.413938933373,3.1520441590879
1034.66334933724,-126.780839961173,3.0050326323915
346.028413421682,-524.461379605136,3.11614639546113
3090.59888868919,-1798.03631881738,2.98212040962343
3905.33498507193,-9.89254103801168,3.04862227883512
828.253599447601,-376.697667673732,2.90967830714719
3141.20792463756,-505.8135315845,3.02340300384061
3727.62380888868,-337.565943035579,2.70639285175799
1320.25796560282,-382.958289310242,3.3938068416257
431.001873477994,-1873.06051923095,2.93997255821195
2275.11895085942,-706.879724165048,2.90061534293247
4002.28221519567,-97.8344281293948,2.96918056451125
2071.73905686384,-358.493626757803,3.09676167519653
2115.62591128455,-280.194809218439,2.93309919491489
3531.76534960522,-881.760546837767,2.95943676201061
688.348828248862,-80.4776196545651,2.90028891565876
1147.52265689708,-1445.99280694351,3.06125511420426
2798.22704085429,-574.381254206154,2.85701033281606
3611.61186283328,-625.191343854704,2.62423067940708
1633.09554079738,-2134.85122031901,2.9650621245615
3160.57026614896,-298.97061869523,2.74770736468171
668.247810819129,-448.511322640456,2.84778953144647
3360.39194684407,-537.983339790911,3.16473745914946
2159.67627724394,-567.525922339252,2.97106389895512
3047.56711145841,-1641.89013660033,3.10531355531452
2038.7271613719,-75.7515391337187,3.12772367519282
1286.42341555237,-2109.97285202632,2.64767265218499
2767.9981661602,-1941.45646330098,2.87512001300292
2740.97563402089,-1837.42320161353,3.13815903872238
3574.41003431211,-1892.17397101431,2.93390418365559
4072.19248687851,-400.46743600371,3.07179828232493
2592.81628853887,-28.6398935156966,2.77466445801668
489.216303017699,-1475.11619231768,2.91607890819365
2449.85353929488,-198.281918284507,2.87512504568194
1118.67960205634,-213.449750606085,3.13284067345624
2201.7278776445,-1646.65738983437,3.44757242245889
2040.15383585908,-269.248302607471,3.03320940925231
3124.17826663731,-443.439026166463,2.97923663027529
1922.49548297253,-412.619416506021,3.15551315896171
1451.73019673968,-114.082838159464,2.99205611798529
1310.88758352754,-1414.77908983238,2.99384262726401
3212.55274377469,-411.437713438656,2.90451050302943
2014.8440194552,-1693.74481320189,3.15357898229349
2332.18096020948,-2216.65383158014,2.99089584572261
3115.01346992902,-2200.13441657438,2.98223302717143
726.056016636119,-1024.62508587029,2.92129289298974
2974.1635944479,-334.359565428675,2.91394757946935
3529.13635180766,-1671.47396715051,3.17634475529133
993.531930946312,-43.3846278127362,3.09197394651522
346.615071450999,-1453.88126764792,3.12275675532266
1493.68087549919,-1217.7973447353,3.17373987419345
3354.15215895841,-1884.42468710927,3.00335946799742
1128.08287814851,-60.6018115821989,2.65418011280619
1206.33574146837,-1081.49626898309,3.07199482912295
172.810325480612,-253.928370556247,3.1104270477401
1336.72780802842,-1650.81266403014,2.99282829608089
401.725264586512,-64.4152826649097,2.81577172049717
1545.63096026612,-238.04233291036,3.00604802349712
1203.29023136594,-98.8328528819354,3.40965792059887
2396.05565609499,-560.618554919103,2.9679260410546
833.14074161308,-183.683762462319,2.82707532717648
2486.42698748116,-359.885963236717,3.01658050482309
1575.05743292837,-199.74978383002,3.13138278495696
238.356458690799,-1729.67337421091,3.02912846276747
2028.68814287769,-2202.46017859818,2.85636195136091
578.183965448023,-945.622570481311,2.91323061910558
189.873028821564,-1644.04131466841,2.96824567208359
1305.57507357764,-2123.24476727927,3.12708705454284
1162.68723497463,-166.847495803485,2.73947703940535
1786.40031472071,-1920.4901754311,2.98738005222088
3264.82164035337,-476.609043869675,3.17686536616404
978.667509616349,-1549.53925963715,3.07405607228901
695.063356909864,-822.590780998433,2.988015976616
1526.17538583701,-407.04533779696,3.00749129397
2997.19180177077,-1742.37885158827,2.97013225135567
353.546564135428,-265.048816682644,3.14138424547603
2269.94397855443,-185.411629652886,3.10956444624766
3006.26301471134,-80.0594181889151,3.06924526888185
1408.98184889465,-223.488805573471,2.51825462505863
3437.37869193335,-847.992002831976,3.3277914146237
1184.45359004706,-503.83072074454,2.71214675421562
310.350910664299,-12.9449322005082,2.79848488459916
1062.740743471,-57.5677864620122,2.87639142601989
3304.04843529878,-470.109484506538,2.81923264672263
1858.300177928,-14.8290959524217,3.1577140925624
3334.8780869325,-640.589093158067,3.21717407306975
335.046427057937,-1594.09531240335,2.74875123417842
2418.0891529284,-51.27799616383,3.0569647751006
1119.15401257767,-2185.83880393598,3.06109020261362
1223.31016586132,-425.653945154825,3.15070479747833
3120.22658733338,-1707.54518932963,2.97306828687879
3336.88012213054,-881.940325994097,2.98173683220491
3096.17798866827,-2107.87747316005,3.10603883545009
954.668118654438,-2125.72037310641,2.98327856225785
3500.90629407823,-904.867064935107,3.02732318826572
549.612585369575,-2126.2803550388,3.14743273797934
2507.86196300939,-439.267917491283,3.09193802519668
3898.20044588339,-370.201250869822,3.11568937524504
3444.6009124626,-467.151208729856,2.96273112990709
3682.61460381566,-495.472968325819,3.0458074600431
3709.81044630579,-2007.91446892045,3.09610004906736
2966.43066385854,-1379.45963633277,2.96379737063821
1087.79088612589,-103.583037129776,2.82037936772027
2497.87308211652,-1931.04872588634,3.0208282535268
900.84886083273,-96.4055884203928,3.32658694994348
534.6226215562,-135.858643739403,3.1051611203476
2842.17822597539,-548.481125322276,2.99761203988458
2089.96901978896,-1956.5800103199,2.97729302300645
2605.64702638076,-1948.48180850991,2.94852539650364
162.661550268101,-1528.65885501174,2.92722770738432
623.322135407663,-1399.48302903026,3.14650552254892
359.96713368475,-128.487914450557,2.94283933539823
291.633599586162,-711.605661245985,2.98896242687836
1253.89376319075,-1495.68220716734,3.16288903156984
3043.55331425429,-1954.83578414984,2.91546925973772
1670.33079328699,-145.318463839284,2.8708606443362
1653.38160172906,-61.3595858427397,3.04863431901598
1108.79271538579,-1593.62780019956,2.99349236439003
881.699943730726,-108.918755602239,2.95562276965927
236.114188754958,-1793.73765298482,3.00390042110942
82.1837346006044,-57.3886908148157,3.02287665359343
3672.41542602141,-1438.79956261024,2.90796757689192
542.180680432623,-376.572939684945,3.20521959481843
2955.0359377857,-102.750663428176,3.00602376312276
612.745726456774,-429.938705217147,2.93994106988802
2828.63450850359,-7.87873526144835,2.95356745802285
1277.48386659975,-1945.03949910133,2.90615160486075
3870.8869806906,-288.505618325897,3.06234894833733
2158.4091367874,-1592.00793214664,3.30635645490743
71.3015265121825,-2098.31607510237,2.98856632257571
859.119003146364,-1520.80632574748,2.96095872065452
910.56122431799,-79.931017691491,3.00468619501733
3178.95183605034,-460.337611521143,3.03330824282033
1703.16233166315,-102.620045575859,2.8689223757029
103.925549602002,-371.636134375923,3.01460959274306
1785.51908441321,-1132.61041212566,2.96733319973503
1976.40244613727,-450.686985379221,3.01112026474469
3270.34756957111,-377.224685326175,3.00972574361493
1307.94964483292,-221.232363872805,3.07692393391007
735.496780502907,-1189.50716461185,3.08798138020847
1280.07698837974,-99.9047611403098,2.89039202600183
3284.34339931454,-865.444377996087,2.89673107193717
1220.73662714453,-1551.66118591133,2.78258847797875
364.979535287573,-883.61657959464,3.03762491121287
662.121064204251,-895.98794056124,2.87613042010633
586.61296435773,-1602.17902533842,2.97606076548802
3712.12633454074,-1673.64194774152,3.04022557678307
2417.08148231765,-233.975189611429,2.96745757549566
2804.832116029,-1959.46689537622,3.02150803337174
1716.05767885896,-1917.69284841902,3.00322493634957
2318.8711883569,-156.289128541508,2.74402841533705
1272.6074225673,-201.978140103676,2.95678882711649
2180.09758322215,-217.703465775225,2.83478444593077
3185.30836186963,-663.176665195602,3.11153875618286
1930.59392443131,-105.525643998688,2.80853275540301
3713.43690158514,-254.547147934129,3.0996445366706
3755.2689039055,-163.672175055744,2.96709039931651
1579.91723873754,-257.063768504041,3.23373726590271
1032.47107610814,-1620.47653116994,3.11356733145718
1053.27573833679,-1576.27466858019,2.96127957134417
3694.64076220668,-20.9976145419253,3.04696738324593
2760.35570888904,-37.9100312410913,2.90031982509667
1387.11103304331,-140.85619627372,3.07759216455185
3104.65564135651,-1975.16812343439,3.05608351788052
1013.37040269742,-1021.49633554951,3.20711143499074
1926.67576270643,-472.44026565676,3.07494484989198
3339.92777924928,-1792.98837399561,3.34022310042525
402.937533959632,-236.986120732357,2.84410268546441
2241.78847680425,-1761.67635390376,3.14979724487517
2552.62908808181,-2140.94092476026,3.02775897846057
1417.94626395191,-1971.68068623778,2.88656412256847
508.753751421442,-1754.08577012579,3.14962817192408
349.555126521125,-272.178343712972,3.11124371486949
1792.33149936854,-1640.82090817119,3.26933131411858
1903.82570016224,-2184.78188280422,3.13030859015216
512.550358703322,-501.687937369723,3.21421425558655
654.020458151165,-429.954200824807,3.21556100039533
868.960220001624,-416.793157081187,3.08474536343497
1054.75556465227,-351.188107990539,3.27374156953015
1367.71136840567,-154.842666087589,2.94447250883
2021.12592729457,-518.993109948094,2.9826709616214
475.145771166549,-143.53154749629,3.06576960171534
997.455929424721,-249.9330731573,3.29861400720055
1823.5674007048,-136.946846977514,3.21818690270358
1633.93309236474,-298.561289756916,3.07597131432441
1970.52637798061,-1407.15498992472,3.23250925347
2613.42546765241,-318.529683075768,3.14669264299338
1640.2283179338,-1018.24391461025,3.17174493709281
3609.11226329362,-744.174755558119,3.30566541045398
3983.14020185363,-539.893691275377,3.18986406346939
3327.77631700892,-1712.41585468378,3.33896332863768
1312.39853312347,-1603.98409781762,3.28480570485777
1947.65551812916,-1495.90342556613,3.48188729406186
3626.33758600419,-933.67883819263,3.42259610747326
1987.71699305758,-552.855748062541,3.15200325066633
3560.02777949169,-1630.06976638037,3.5167582534879
2996.78462685809,-1638.76293773808,3.31011558959865
1183.38799121905,-1906.65243690031,3.21466910730759
2896.40480104947,-1354.70416739232,3.27605113078067
2601.69835765857,-160.617577321723,3.30781366456446
629.481417162785,-285.904409807275,3.42198593262407
2406.4494797867,-2211.09014525802,3.3487850851838
3687.41911398049,-522.00054369422,3.48871532470706
1940.88016308268,-763.350678581594,3.47808441420576
683.013297546721,-1879.6711058684,3.27409323910215
1833.35043268052,-275.505576114591,3.43247811188729
1692.41198498054,-183.130551742794,3.17737475494588
2794.4263528292,-1379.15108875895,3.40596736371035
2411.54809176159,-2197.20194228267,3.4087954974019
3347.17796230508,-1738.96935628984,3.59561959829691
2528.09499181777,-767.72341614995,3.26450988209367
2815.70967694106,-164.640142671074,3.4546406159407
1883.94840903851,-547.659078154751,3.41775576276206
813.368040092039,-328.833588967987,3.32908417140518
2322.67841072793,-1502.26288967538,3.52559362567327
1514.52190742701,-341.797776724895,3.40509075946574
1449.20324293947,-371.484860725708,3.8113871008296
2566.92991839068,-175.855713573642,3.36624812452446
2965.80846818535,-1474.06089916304,3.52169282663156
1485.30531508409,-316.995945195017,3.6608031293458
1451.59844271536,-265.732175171119,3.63188479048149
305.855853270801,-2203.28639502594,3.81823279360945
1318.31690739624,-1513.96317236096,3.82069371493283
522.075407903397,-306.175659503532,3.83451670844812
1919.98615549427,-176.142698132787,3.7548961021565
1395.68855039792,-343.40726048858,3.93241774942043
1595.51651357771,-1693.59954838584,3.74882456651454
2031.77492913518,-214.679425386706,3.70582279778493
3008.0821914493,-1832.57952469218,3.8364058618517
448.411440818471,-349.025013694262,3.72461907608934
1939.69343263567,-492.446267398925,3.80196454786833
1319.35104740075,-185.569547098843,3.8006578287964
1091.42467654775,-2120.2425972672,3.88506261133735
3438.57734436491,-1831.26079610938,4.15702662110262
1162.08686075561,-1515.68231150245,4.24016541975302
362.343281901608,-211.16665637568,3.88946110916549
1531.97132359945,-56.5334910616241,3.87414399452341
436.118314324082,-161.080151107542,3.81498536027366
1034.2868554737,-64.5909367658389,3.92653034912949
1540.4772239441,-1688.31988783324,3.95994241548408
645.988719077443,-178.851516774911,3.87946394053068
2318.88515474555,-515.194322441844,4.03049657093991
943.684908223416,-13.6621758917697,4.10738661816186
2386.93090638405,-1619.73939576811,3.86591969375294
977.595380239857,-57.9151714767076,3.94711857638597
3433.17326699,-1585.02656147273,4.18574017919096
3881.71036866205,-211.893025090739,3.99093817588371
2752.25515724415,-414.365489870397,4.24843767747411
1873.99183671306,-1631.48251231481,4.02398553586954
623.198356711909,-594.181623847962,4.29608115435658
1305.05233533929,-123.192961587991,3.97674457926212
2968.90021382473,-1946.1295608798,4.14924680049204
3510.49967152357,-482.151827128121,4.24032104154238
1439.31563664291,-1442.00422255981,4.46910650448472
2775.54127170299,-255.749945122298,4.33203507699962
3969.8531729883,-437.513057292385,4.46015695703061
297.705356458431,-1857.2743416395,4.26750055432039
2232.15675661438,-531.223564075166,4.44442564351233
2290.30883985096,-434.192015998527,4.45967833596627
2596.17126349536,-573.9137444052,4.56084678483836
408.595036160456,-97.8733379005844,4.62040830208575
1096.0100871538,-701.434303528865,4.52440200614051
3408.2797741833,-563.87638797206,5.12541122515065
1515.43245928987,-515.81450991207,5.04516355804511
3655.07274568985,-1606.33845924974,5.24123650548585
1709.5390758613,-82.8055482703995,5.22546167610994
2857.44924394688,-441.775502843273,5.3639798062531
3217.06805440842,-286.558387441816,5.48117321082227
1837.33490214444,-1248.40830949768,3.03959599596996
3078.03978038174,-1040.79262749344,3.18217434390274
2806.09797178341,-1261.48764674414,3.03854132289271
488.605084197948,-1791.11000259129,3.28611634168794
1680.73290251341,-492.663721191398,3.0165720801051
697.377784639701,-1701.02306315743,3.2654441445546
3311.00198748223,-2165.8005968579,3.10473077690494
1311.10929954396,-641.51169450502,3.26100272451363
3350.07952147263,-730.565287193235,3.42473041350075
4011.60488187325,-80.1419054937091,3.4860243042595
3365.6064829234,-700.649768327516,3.18988428558366
2585.4846373387,-1673.57987895625,3.42454712045372
744.70023478528,-332.59385725463,3.47262584027134
696.108261297859,-2063.4363034795,3.70869385940883
2326.38121464133,-1556.08230542153,3.4654772574743
1641.72447262786,-2101.87834924438,3.69962950295873
1497.7612547071,-1522.65969338163,3.55433073637779
779.583513510757,-1942.06781144707,3.70890860651507
1665.75105286604,-730.714791159748,3.72192732224298
1683.47447555497,-2025.6100763059,3.78901992875752
1727.77625920543,-524.43265270694,3.86998867776824
1262.01447167478,-1418.23796030892,3.81754549747782
1685.75455135128,-1186.98062303016,4.06063499093272
518.443763509182,-2190.11332762219,3.75264099186657
3778.4237219575,-901.527503601546,3.97127470000868
3917.92581561946,-1175.25809015792,4.09585158923801
1638.09179569827,-2081.83500115417,4.05120659797328
1140.38818912461,-2158.58811323924,4.16651362676371
2281.53185104797,-2197.36443745552,4.03511509746406
2735.11262364011,-2077.98344759135,3.57802102835023
3828.33954853547,-1077.62548715106,3.86535086624369
3694.40531609416,-1540.42978649807,4.0695004054657
2608.88168235842,-1741.13271495133,4.46251487009791
3895.57354997487,-1015.74460934221,4.47269402135291
1876.8980496938,-896.813590210952,4.50553433150822
3920.8376961867,-296.050344194782,4.73462051797597
107.978997904917,-517.772962997389,4.70816408338129
2105.22260909172,-1035.22510677169,4.94177839941042
2276.96204800819,-1719.23385038649,4.53091737395307
2023.8818378743,-882.858511720713,5.08600740637469
2313.29464328865,-869.865772533201,5.37381361310493
248.251312880085,-205.178120146343,3.10592306563809
3663.57523328197,-1531.32013322319,3.24490637558765
3044.7554666824,-1464.03361203994,2.83795902004762
3117.57576006446,-1363.96872687028,3.01317539693294
3946.2194160314,-1352.16328156502,2.97340030033755
3961.33195822617,-1447.98058683331,2.99343501688014
2908.63329452022,-908.441842167188,2.89891504432623
3692.97626426929,-60.1786122679313,2.64570964442513
2143.53056456646,-401.563857297676,3.06496216766809
1600.030961557,-962.867344929363,2.97301028646075
1550.23607859076,-1483.13530782213,3.1963719315494
214.553383588684,-1951.93490328566,2.87816747782201
3309.51368097219,-372.119069458078,3.06353147601073
3775.56579504976,-164.972434249856,3.12042879835763
616.679184505555,-1204.6204272813,3.06865984680925
2373.09776262596,-1162.06706685129,2.70088475235242
2639.41195510053,-1527.13610066713,3.00350498929851
3335.0691046762,-92.2689319182546,3.19331701021948
1598.11495076862,-1591.09127980651,2.60550854216025
3027.96685229698,-1268.73055106695,3.04412578222781
2035.89582772082,-1140.31732170634,3.29215550063686
3483.77196479494,-2170.65493786408,3.11259535754688
1703.60282776727,-1420.78581552007,3.26066435223978
1201.45181155537,-2122.34022329186,3.12158496937907
938.049550584598,-2097.40596433759,3.04730957160684
2526.19514767256,-882.312339883549,3.10331836331393
2928.10583412814,-321.317457794907,3.04118451845123
3874.81201873874,-1114.05894656796,3.01734289378602
3948.97556150655,-2101.33008431785,3.01267521165438
1488.26179265308,-807.879052174786,3.08501002153319
3517.25018948954,-1948.76120114652,2.61362603021037
1031.22623886759,-676.103722346559,2.91396760184894
3832.5503161232,-167.131991794198,3.08766478166113
1225.35335432474,-1607.94311171341,2.94361021199386
1767.76722780916,-1985.53955754509,2.89134487833836
2947.15850272329,-46.350548615254,2.92567581551763
838.036410146766,-803.260960514619,3.11221881634314
1164.62660713459,-1810.6369100296,3.03370950844169
895.260963481152,-703.215352105114,2.89720023339783
1659.63053035357,-1989.42538657036,2.99716429739718
1293.92449214424,-2029.43295109826,2.99528492179495
628.213068189219,-1783.4963777301,2.96325287360311
1820.37428603723,-1051.77760426215,3.43609145720202
1621.76341961511,-1744.37234648685,3.13449400847835
1168.3810942948,-318.476894121716,3.2230701659389
1118.50751905975,-1709.42154925329,2.67022833187807
1157.2064926472,-1619.09676570543,3.30171745956355
1488.38362558924,-500.744448790663,3.01941596654432
176.95327355469,-2140.88104329484,3.23984521146656
2802.52272994832,-43.6453469234944,2.98079229467802
3138.20827853446,-1777.00040401526,3.12452467309466
3112.26378792334,-1872.30823070759,3.21618366435921
3419.34405414502,-313.650153278676,2.88371155134516
3890.55869893726,-1793.5581260767,2.71531729769628
1171.75571325377,-79.6316298743451,2.87516269631345
2412.34919137985,-1536.25695761524,2.94797925099014
2930.66638373779,-1647.45245270356,2.97941892916605
3830.13727226648,-1374.71955927516,3.20990646066444
2262.34012740248,-1396.11246618437,2.89955476476035
629.171045110094,-1934.37797868895,3.02343904542208
2095.30910057036,-637.741174520451,3.11085176180432
3324.34284687331,-1196.36637958913,2.92394300764978
488.528222767007,-1041.92038121562,2.97941226344114
2855.62273871331,-253.912213731321,3.10021831340036
661.203194498777,-2200.68849804763,2.930776151549
3311.72172968607,-1511.30495875713,2.90919400291772
1318.85496257557,-1453.59662045289,3.19286494791169
945.918684799326,-349.579783343059,3.28905945457792
430.888236828501,-355.202635196966,3.25427405368197
4014.56584739439,-896.706359354678,3.0524695314526
1147.16954098542,-1673.08012915247,3.20612396199566
981.750998968295,-492.392352638212,2.99137939372135
3021.94012653504,-495.479635484392,3.06414434816152
2933.47445387428,-1058.59850252814,3.15253051970889
3822.64887176168,-252.53900216235,3.1582231464112
2879.48918034013,-2068.13592441378,3.40762806446479
4059.46729431957,-56.9152199739338,2.92518237122328
1868.50486282152,-342.006225308716,2.75434748595888
1913.51447849231,-1307.91258937882,3.02431597132968
1201.61862910743,-768.961055662215,3.12593146477472
3207.18797444996,-1889.82996722491,3.36147939553799
1403.73004775747,-2198.0126050719,3.01502121641457
1760.98479662338,-1040.37381870218,2.95897720714706
1802.22840023905,-1946.18597655025,3.09847110772116
219.775860677391,-871.933251983819,3.44577740817908
1829.05137534719,-651.541816037495,2.84274805478442
783.090029728886,-589.741299847136,2.97986088205059
3476.71417363909,-1253.68201715296,2.90775961791183
3614.02148330618,-1249.21888599097,2.77608992666488
1811.01326288838,-1380.09942598288,3.16429879984166
1039.12181957952,-1904.65153150242,3.24630876768965
856.500670625872,-835.203119136113,3.1346823376366
691.723933952116,-401.217437586842,3.10440769505891
661.999069166988,-1479.6626919276,2.90104673414728
2346.56580751218,-1957.95173520925,2.94549458753777
3998.11921181622,-728.071749313341,3.0827838087134
2921.18353810946,-1941.97793147532,3.0435694065424
1241.78353471146,-1083.77093156041,3.1027369529995
592.153580155685,-1841.32189406731,3.0402070237377
444.17687156665,-1993.25581252063,2.956726016856
3802.13212957724,-234.827009620782,3.02428898008398
1854.29680741085,-45.3208893907962,3.11378157739489
712.827571770079,-556.630126859586,2.6657924645862
908.265038955614,-748.848011033002,2.98752773229555
2231.65191715663,-549.176337391254,3.22725229327923
2175.16813381408,-1323.73951127958,3.27481287795622
774.697015927425,-41.3977390801049,3.24370572650407
1840.98766461639,-57.7886366224645,2.92071643674794
1550.64661128091,-626.51262480229,2.73836727310009
2229.35306663352,-1238.42786641465,2.87219322135619
369.953978618993,-1063.90028539814,3.1657123548918
1566.5813107741,-1344.02735993785,3.34304881293395
1128.048146152,-1809.55301689296,3.24562053158659
961.497494616024,-1212.42335866201,3.04127841053131
230.860117947712,-606.961128498754,3.02802352728576
1554.90932358177,-922.134706861052,3.1220349587065
2651.90988238367,-445.943591203353,2.68980993340115
1338.4687599535,-1603.40050507457,3.12850882079694
2505.74123954459,-1780.92600048373,3.04644479634546
3962.07413227952,-291.652450847683,2.74152260376012
753.39854750032,-982.656342966008,2.72035334321663
2106.20599355734,-809.935867869697,3.03433069175307
437.798409512177,-666.462059862525,2.98717945457954
1680.30484146205,-213.157609509298,3.10242221746746
1437.20806709977,-1866.15174613427,2.94808416010894
1383.35822586626,-1428.26133383155,2.91248214376252
2320.85146152256,-1547.73414598917,3.14524758515709
3092.89452763074,-480.522364255045,3.05741958677188
2730.85661097046,-800.183028518649,2.89361423929618
2982.11617787695,-1406.81870433165,3.17313725519429
1466.0687525615,-1368.60995748063,3.15851692465163
1558.82430783392,-1221.62303029215,2.98491591734915
1752.71580847026,-57.1631763590086,2.92714081361105
4014.68834328541,-126.495299249836,2.99651878501913
3528.03082319583,-272.270325101447,3.04243941359765
3494.45276224593,-945.188920131349,2.92194575831836
1239.2296717334,-258.772446946289,2.96858698180183
2071.67072031521,-767.664576388177,3.03404181239944
1882.45793470456,-1047.52498966511,3.00391029559966
3250.58190136167,-1788.96575941652,2.98596065273936
232.41925661252,-823.110814306359,3.45032420357596
709.828863143701,-390.740321404173,2.93150465797539
3150.77660485064,-822.864055706205,3.1071444852486
3692.48339585109,-2079.44396810856,3.04547604812666
1028.05697879659,-2044.73050576566,3.20502721755823
3385.17473865172,-1099.40629700436,2.89822042460445
2223.74176548397,-986.868461667385,3.10734074757826
1395.47549464038,-2159.37348287819,3.03422667688123
539.134728804858,-1352.40437901068,2.82472607604363
3709.35153054052,-468.983919829172,3.31382173352379
1562.63490007853,-1282.66549709751,2.95422520879202
1882.58631134792,-1801.39049496936,3.09945613267884
1213.09796148973,-1320.87248441416,3.14745773889028
184.111694449266,-2108.24772938166,3.0014546849807
2920.97904355471,-1472.87570693225,3.26647126857028
2633.10283382949,-296.567617202691,3.01292319203053
2977.07294054984,-474.577596255163,3.19786263307229
391.639534452788,-1649.47109990726,3.13460513847412
748.950322244233,-1837.05212128463,3.22626862723148
2423.51828271638,-348.423136210028,2.86682926669731
3693.87794685962,-588.367214952988,3.07971014107089
505.041338951268,-1416.63307776959,2.90446893462883
1251.66216493534,-100.302305717429,3.09732865760074
3091.99920876028,-1250.87222449864,3.17992506694019
4053.77117044942,-1373.72747997555,3.3345106564747
3178.51042860314,-1654.57610106649,3.0834426158612
3973.42114395952,-1126.9697856015,3.10509431837075
463.692659965981,-720.024158965755,3.31340544652189
215.611307342566,-22.3647577393774,3.0566828719754
2104.86851321505,-118.764620288864,3.07481647701519
3072.02383296824,-1765.23682104012,3.10125816905075
1307.48519997255,-1299.33169879137,3.72896956253796
3983.79089713785,-958.168875514774,3.24670237905111
1576.1045633708,-928.129034623563,3.05567656296726
2578.7042461135,-331.814831544424,3.34997681803427
3119.44564405998,-216.449717889901,3.13330415585042
1110.58899856738,-1577.33837540505,3.30963800225535
590.457999436849,-1738.38682622972,3.32634006840977
2784.64393315339,-1548.25133873908,3.350432247838
3633.33478107093,-1970.5033775322,3.10526596239579
942.382775381093,-1766.80971604045,3.48127221363441
4002.57232535742,-256.34658225176,3.17050556295438
3939.64927288555,-1681.48063970668,2.86018849894276
360.738794881178,-1311.54913784456,3.26921574025039
3230.90196715726,-142.708879780039,3.48993841347862
3852.578787439,-1603.74494011658,3.28114970600466
2059.29376753386,-583.419800026264,3.06266236190476
1082.84930981474,-821.124179431117,3.01711629223804
2152.66923529474,-1079.980126371,3.05633811139879
1376.03981123419,-1228.76437009834,2.94302109125719
1405.64141222331,-489.187180236179,3.0753563182578
3141.20911122739,-1549.20619135094,2.93465639184581
810.766381834262,-2138.54962117274,3.30093215600675
2073.711201062,-195.287949677796,2.77877340439016
1990.10163982998,-752.325926048145,3.17806477839647
3247.67573229524,-1873.78383511741,2.92507310649057
1389.90775197124,-744.287866165635,3.15128958147126
1312.21034448216,-1322.44822658408,3.12379534725816
1537.07085406802,-884.106624200861,2.96165256125113
1689.73964079121,-582.451892976908,3.20711980874386
2000.85386161739,-2122.30176667501,3.33513981081503
2935.78593212825,-510.842930950646,3.3093366665793
2848.2184689534,-1181.42831562198,3.477482270144
2501.8610300712,-1554.0317129262,2.9591477838365
361.888007069228,-35.3269331108409,3.22550774953204
440.775812849893,-1106.58458561027,3.28642070922938
2330.27660550304,-828.927796156177,3.16190861034012
1638.03006278265,-779.311689522997,3.34087210512254
1466.68101551129,-699.018756337833,3.33479299166035
2955.85966672089,-484.114255105699,3.16809848293669
3348.92788197295,-1186.00911435247,3.31901357411787
1142.75671618812,-151.002946829135,2.86923251572014
1793.22924420972,-458.487040834022,3.25524568337271
2642.07279048541,-780.796659320948,3.08785030407906
1895.22802726592,-26.9876452107784,3.13181907659704
2240.98284479503,-1528.85620524784,3.05615354068942
3647.99871981837,-1867.9766664723,3.15582545104468
1018.67804540417,-2114.47486061864,2.9372457976046
949.522771523392,-1654.87452004634,3.32792732767509
85.1882420448568,-1358.83830345549,3.19045130141556
365.417243047208,-1525.97468120154,3.12665157644156
972.768318199419,-150.616041316648,3.31121136712941
1912.0238227577,-1134.56866218221,3.45311055505841
493.321315711771,-675.274345296156,3.40292611879256
2074.48753243191,-528.887981264526,3.30763699330041
1983.58686970657,-518.094025478805,3.22035198364754
3227.01611991026,-1371.06355802321,3.08555665233743
3607.12465753624,-394.42926465015,3.37220949147724
2016.70716861967,-1496.37200741288,3.21632453548413
901.882110152811,-235.221525281303,3.52131265426006
3240.75020515917,-1893.36227503115,3.68904708784003
2742.29094631554,-1741.14473970992,3.2655783366975
959.334987929357,-1902.04519370692,3.44612537200226
875.204308777012,-150.204772250127,3.24295564443426
2972.90214967729,-401.628623909958,3.58431553339257
3100.95554638933,-2147.66367878324,3.19381804818682
3436.23562886492,-1755.12598157041,3.33367292965848
949.832602519601,-1231.98601777147,3.3058243651422
1735.82294846217,-962.031809813675,3.14012693380946
993.086873813158,-1831.52329128709,3.50469557607352
655.975697544842,-397.742072108207,3.27058839088412
1378.87175759448,-1959.60158570823,3.22791715546774
2731.52202176408,-1566.22141512128,3.73485727154955
3616.64721458965,-1718.40215309377,3.32821159527106
1588.6649731616,-1147.72424823686,3.55907022918794
2698.22813065927,-483.865611233096,3.23263486805913
3882.91292008005,-522.326068471588,3.21670454381678
3463.81412397723,-1371.51707574692,3.15561709645023
452.050115107877,-276.290693238341,3.14139004903208
3055.87143770347,-47.1203025766098,3.40074743204068
2029.29952963516,-888.211512877313,3.30777769418332
1052.06957500196,-451.584701577713,3.10737358947656
2136.68523483425,-657.092510748632,3.47290003468517
1928.42790514064,-2154.95421204234,3.19184782030367
2692.60036277961,-277.487186013791,3.32565024010733
3201.14671532856,-1523.42700884596,3.39579922629849
643.20216658486,-1915.39054019054,3.16902453265051
1639.70132548825,-277.80619451751,3.63543476271463
3264.49458954719,-127.749149973303,3.65095660293734
3317.15237465177,-1606.3863355132,3.286304770325
3840.51180614934,-1644.35860309851,3.56487432097892
3491.7915972675,-1832.28687766797,3.50106066468653
3750.01601282781,-1079.05857359777,3.37101126840096
2426.16681568767,-567.921079244757,3.42145320112914
2008.92853957492,-2051.50301589453,3.93818758924882
1126.85027732296,-553.428156080753,3.50521988359792
844.657340526669,-1022.60711950282,3.59939512845702
372.576112430763,-274.155227926956,3.53970780537145
1890.33422931435,-1251.02065741903,3.64749569105419
3941.83808963152,-996.320356150525,3.35604668780568
2700.09396494128,-692.004136397642,3.11623882536137
1262.40024972482,-864.35894486789,3.42514621951114
2787.71142054066,-526.344531671351,3.31106788187743
3613.64266494661,-1767.32952947527,3.42306443354303
1945.06096947251,-1400.74390181768,3.50032843043192
1207.6208558482,-1166.27070500038,3.61231169797401
3659.75925887162,-1668.10649914897,3.34751291667969
315.621071582673,-1981.90780247407,3.40945264114711
3599.94688591353,-1421.99193272132,3.62492987621531
4048.86693797374,-1049.69818419679,3.3021135968544
3476.71892874216,-1465.81283638568,3.63960276798386
521.667609847002,-412.812557197215,3.50354890246361
1998.69722435764,-967.317099706917,3.72175813535407
3343.05829416734,-769.728493869471,3.50938544184482
229.991915603738,-531.406972659139,3.43784475762705
1434.93223804999,-1267.26546434583,3.49315596968671
2620.2194327267,-60.7527462184023,3.40276521164759
3127.5158601065,-1396.49758943551,3.42393514030166
2908.74736502122,-1776.90893821105,3.28838072544961
1059.64969371791,-1683.80143675615,3.47657917431838
3176.51730924775,-1380.86733004191,3.4533693173884
593.970690271206,-77.7999318743777,3.577260013823
411.395398396496,-579.27168618838,3.44965797194341
1839.97910473088,-747.61894220806,3.80863743906659
3748.53871277168,-401.606814894353,3.24966286778466
3698.1773589979,-1324.90754016681,3.52257051216823
1380.79827135047,-1155.33726465488,3.60703885269347
326.889624649018,-635.363466639809,3.52514998370069
3859.79575545694,-1435.00079066449,3.423144704295
3245.94577454802,-1960.14954903699,3.44152234560759
1401.49133927587,-179.33995376516,3.59089140663907
2283.88387876044,-734.111399002954,3.55730409535433
3706.78639336239,-1977.64909277029,3.64380043723787
3617.31410929246,-1196.40265311641,3.47536483281189
2185.71043008827,-604.644430272528,3.33606363748223
1015.1934155899,-2201.86694691273,3.62882181167647
2739.27463205046,-644.1155666765,3.68683508196655
2225.75227818781,-1804.97193973496,3.59845322982265
3056.06383124807,-267.655828878103,3.43612059599963
2955.9879717034,-884.726971918674,3.71762845726963
3735.74367192591,-1792.77840326049,3.51420991926607
2978.1634446497,-914.612700020348,3.0846100591457
3755.79205836356,-1348.50138546856,3.95837262107511
2280.22029223096,-884.03337942746,3.54605061734851
1958.43142756583,-2001.08542849598,3.57636774516696
2229.31146961664,-193.098517888048,3.67605732397282
987.972639812967,-2169.20300628877,4.15707709607029
1558.40851560106,-318.999072719654,3.74762263381919
3303.52888100593,-1690.1450566923,4.05627913766446
2850.85986878635,-901.172102824527,3.72582957708547
2603.59246041634,-1867.46920223511,3.64435720227452
3025.08854745763,-1009.8841523283,3.86008878210249
3842.27597524716,-969.502825193842,3.7029238545287
2506.2651696712,-305.671936285414,3.81741433045128
2024.49054148044,-1554.39116216034,3.88697671164719
3896.74538487536,-1464.54014946779,3.9245556272322
2927.08675248441,-887.308183084973,3.76332475761494
2054.67650152335,-2098.21054234971,3.48190014495302
1997.27958438536,-647.815357768688,3.56888535361225
2236.50346979456,-1200.92338735673,3.89419890182983
164.63083105717,-1063.24869010854,3.54453109117946
1782.0365802088,-241.7032470138,3.59254541575362
2300.87601120377,-2054.09324381318,3.59055442432946
2389.71929283615,-373.901823209311,3.7514486597213
331.336208557834,-941.420256073962,3.81542379867502
1758.31844413431,-390.583912842363,3.59357450576774
1000.42003212068,-415.228982460037,3.61104319541322
1799.36499512874,-1301.68005417796,3.78653970990593
2383.78290100347,-1424.37694454018,3.71020885446738
1526.52851623739,-973.891161423315,3.45464959180301
1638.03905253023,-1196.31577096753,3.48407691401227
3065.93113509822,-1359.45271876165,3.77875402613647
3126.79237913267,-1295.78694100536,3.65003174258928
1171.36165653579,-741.844062399203,3.79983650427681
2437.50594751949,-436.028208784324,3.81359362381487
3914.68780007102,-2177.92396699007,3.97404987660674
1649.71862287265,-1656.68956490315,3.98848008776005
2105.2583797731,-2102.44560821887,3.69843309642531
3230.77677925497,-191.348007609421,3.77415940924636
376.709215964459,-2049.81316055208,3.52420605220701
169.83992202504,-1997.93045700781,3.80057710112055
3114.23283597251,-2080.05795154252,3.991798933359
1934.60811061422,-721.24453967787,3.75666297683665
2097.53148458035,-1757.2760693361,3.98364397715462
1367.2319957578,-216.859143350228,3.79603824260535
883.479066046851,-863.697006408443,4.01416400141661
1763.83176371134,-350.513790335998,3.57269434601038
1997.35855052677,-1818.66607967849,3.86914067694257
2212.51819094356,-1295.06850975128,3.86070591373794
1806.63512765378,-1666.65885767762,3.87599466903214
2150.76315332617,-1467.34215817664,3.72348866110391
630.640931020138,-734.000990732033,4.05101789286026
2993.6683075423,-1865.50720641711,3.88296420359907
2025.99709025446,-679.264763822957,3.86250439688882
1189.23916962014,-919.797858693332,3.91948847888401
220.183656458955,-143.145166432975,3.84286561647726
981.801769141282,-667.149429608403,4.20153149757754
3976.91171506091,-1807.54367218613,4.27541239344911
1744.72714382943,-1680.52839448254,4.13536154473511
2905.13147782614,-2116.12377045035,4.1268010412287
3316.716475104,-1002.32627052375,4.04301868645889
274.894327065718,-227.971905808168,4.00305300213486
1927.57548134615,-348.870033393712,3.92926546378084
2153.63126281373,-917.771360505448,4.03828523384409
2496.17646537771,-468.192660232653,4.02979129279314
803.768507492548,-928.225129354906,4.11328634336441
1842.12689102005,-1880.85888395125,4.10382141884387
3989.78611053619,-832.49797448027,3.88562067125108
2614.79046526964,-1808.56366199725,3.95760737137226
2195.42893550405,-1355.87644076411,4.12402816624826
824.595155035308,-1780.79173997244,4.26448210361186
2767.74846005999,-268.544264935909,3.48649239393525
724.779073291702,-1908.90704534734,4.32863305501607
3622.17562926065,-1377.24500275465,3.92982217307925
1333.95324988821,-2018.40994314394,3.94278909643635
338.650762339365,-1418.36859421429,4.10109704873268
2001.00340748939,-441.637253894523,4.3323367825585
986.866601230259,-363.09265340451,4.08622936203942
1057.36765110405,-190.19539012924,4.51434560430053
2098.61487193667,-1921.21673324431,4.40241820532192
3517.14997132925,-562.153807332236,4.24344945143351
253.410050291877,-1016.91332919844,4.19098570939061
2265.94627242282,-1358.42166090398,4.45500180002122
3698.11614122971,-1184.17017596486,4.47164021736628
1757.88914467409,-1238.72592709168,4.43002186059486
2555.89863520204,-2107.25144814192,4.69028288563506
277.912491364615,-1192.57435074034,4.36829225098211
1251.27391240095,-434.11274720995,4.55588751474284
3686.52444649737,-961.180496501955,4.34525364591658
705.857388874555,-651.67722971752,4.60056555475466
929.36309947069,-1994.24615887263,4.84254935391605
1345.44926817221,-1701.19989510111,4.75962839482377
255.838763256088,-1325.1460004698,4.84244231584293
456.998052448496,-1947.8184968832,4.90493944987782
2899.60990383749,-1418.26846477988,4.95391895120378
2944.80019034817,-1614.30326024228,5.0878161726552
1167.62653986931,-1813.83865549198,4.97074466737249
1678.48649134013,-1506.9123985813,5.08154533106812
656.859230274959,-1448.30202101487,5.36748038456333
3310.00940831357,-569.729881544384,5.69605317383067
1723.84786240362,-1099.7135050288,3.03435245628105
1111.71107414168,-981.132626662282,2.92660125968996
2547.12078696579,-1865.12132812876,2.98142481799471
1021.12634877385,-1550.03888370271,2.97796449438186
530.610523102065,-1319.44950416748,2.98261259305183
1455.01251060975,-608.375545389945,2.95547605162085
856.51376703768,-1132.12893437261,2.91081272934475
2951.53183531138,-687.185285012615,3.09577685732046
1587.78387463821,-589.953520817101,2.90697964346092
2140.95014598859,-1093.36392600431,2.91582471853844
1256.71447108632,-567.251794082127,2.87682080196381
582.264118875111,-381.935548848506,3.31063800832874
111.736569788608,-331.716331309341,3.11364447886272
1757.73700875353,-551.784166602593,3.04102456913224
2354.06129293408,-1731.82453974543,2.81248464657612
1651.3453397826,-602.133376709942,3.24900765040403
119.510968829558,-55.181040254437,3.211398092159
119.186565427828,-449.236115911158,3.33895460425996
201.631939662215,-553.50715782944,3.43115165601865
357.379037132213,-486.208549586936,3.40241584594324
831.295557336925,-1233.35661542728,3.42376046339997
826.63256317493,-968.587554599124,3.36989478795636
935.380418469944,-826.079483642923,3.78725054855543
1487.64349249297,-875.155440223001,3.916077653936
2136.41916633244,-510.092579291458,4.33792161126279
2200.70968577121,-403.105390919587,4.5029935524098
1885.22995963761,-1700.28509578064,3.01663121378405
897.568129402633,-730.056015282639,2.91359250496846
770.463347017589,-2097.74616903038,3.08927953684796
1853.40317645189,-1092.12188828911,3.0979294887491
853.902387976674,-1875.37478035794,2.92130893396344
571.443960897504,-642.955721526142,3.102538163158
2646.36476174183,-1807.26437675067,2.90810616995389
1490.52384323716,-1181.94690128055,2.89167984280552
2103.17245541867,-2207.51782321278,3.23952966143743
3644.45368766366,-949.314736826195,2.86377405642896
2866.72608389904,-1916.00430857341,3.39994394634466
185.534341761667,-1479.66167427616,3.06212075871859
347.952568870649,-2183.76485812764,2.82322691471223
562.728504723417,-1816.50753509522,3.14849669402515
3656.87532710549,-1774.73316106415,2.88832083923701
3686.48713743496,-1182.93516007741,3.44425021713257
1225.41230658498,-365.801571042263,3.2421690760209
3376.84075078508,-533.25765875372,3.04096872571179
3342.29777838655,-747.615336595457,3.1478518948631
3255.83482209186,-2009.48211392151,3.37594783688327
2475.01424808062,-1715.84024603906,3.66464329015063
2080.2206941582,-2010.30248848753,3.90750025785065
1985.7293037884,-2067.63083042575,3.85890638755907
3266.38608490047,-83.6478464960574,3.80178917621339
3821.5540801794,-196.325078885416,4.10091091209413
1556.55143670836,-2109.56369480861,4.54618304016002
1679.91328799261,-351.438562006871,4.62860316628904
1716.25057963611,-2178.46627518528,5.0325726503332
3627.36358651071,-1871.24532245905,3.16455975910137
781.993814742053,-188.890399273552,3.13384828304179
606.877983805062,-1142.99772409934,2.95761038549007
2797.4945263599,-968.613542648486,2.88745509767625
3640.21570134813,-978.375335297378,3.06129870811608
626.524755594892,-661.662167228921,3.50230641901947
815.747435030652,-778.703227321002,3.12928717871551
2866.94834890432,-2144.22012439359,3.64702449936383
2966.94308639134,-1935.7531962364,4.52597992596405
1134.85844045826,-526.303734917233,3.00390028121501
3073.93342459887,-585.862126779804,3.40878644445832
3277.34493088887,-947.554975049869,2.96074825032068
797.130291931144,-1211.62613053105,2.72313116959244
81.4973008513788,-1456.98957427895,3.16967094072565
1499.0406630793,-1903.24603831117,3.10345887036749
216.668474637365,-404.162518207206,2.78874701912597
880.439664048433,-1860.47824148196,3.03391475903449
3661.21202996384,-1273.89294795847,3.02751658617959
3099.74463262741,-772.563151353062,2.95346804629112
751.818064065018,-1246.16720720786,3.11629727431783
1430.92366811124,-1005.52933662341,2.83865630392529
529.744422211877,-1396.85895403223,2.83276345876263
577.820115431095,-1315.1895651373,2.984487847898
1886.84954789266,-1576.62401008138,3.15613479283168
3835.78106002152,-2127.7058262983,3.18166999160445
743.708872163213,-1459.5136897377,3.01523960091811
394.597864489631,-1369.99390098568,3.1033734926071
2316.43229386704,-473.702153426155,3.07883436478362
744.312329731446,-842.929345240459,3.03894128703426
1726.92630721943,-1835.32876651059,2.86337171559054
1879.14039900541,-808.656477176439,2.78300945951442
3863.00350181336,-78.144765365562,3.66032939496311
2666.19662213942,-1723.87160292935,3.07880407801181
3101.66289573146,-259.575695558639,3.23385119281603
1204.61409566065,-1058.98467626639,3.16084219001092
731.692477974077,-1951.51756667849,2.9088008548294
3706.74601269955,-753.10584061777,2.99998629893702
1754.20166585663,-183.970883695438,2.9824713222146
1130.10865438904,-1152.75157997097,2.88971357634488
4008.13481723775,-1096.34369711896,3.02901888080567
2440.6146141799,-834.979970941707,2.94303978049918
1124.93993937215,-357.330167560283,2.98550682295204
1485.42288076637,-2193.09184023688,2.7175854158035
2981.39906039023,-1984.97158362781,2.96831154299521
525.237647650529,-1331.32404318762,3.02873599563416
1860.89415437016,-1239.0859140762,2.88768825594471
830.957939411499,-1760.73630360617,3.2968659072871
2338.66526715257,-1312.39342547225,2.8087754856625
1818.40821105376,-1705.3995130447,3.26164559526477
3555.5295787235,-690.614931824159,3.37430458982306
1883.15853443649,-1475.3518093778,2.83960211648504
3341.71948830186,-2046.87878940352,3.10785306793248
2013.16250915187,-1851.6741804874,3.08371139127347
1893.14953968341,-958.347056140552,2.86585686751803
1957.98014916052,-965.556680305601,2.92060880013518
2985.45631592774,-1670.42649683946,3.17159637209412
237.747508133842,-2220.20649435601,2.91236821058333
81.2240145986031,-1028.73857958115,2.87761743271362
1825.48714735526,-78.8287882208712,3.05708437080463
2583.79132638404,-2106.14987785428,3.14334142511034
1738.05359483127,-461.70205613428,3.10768119486417
3860.30058799214,-908.1786306046,3.2853878323134
3503.03852556929,-1789.32251194796,3.36234652960625
2293.02269634946,-1660.94670637695,3.14781714922048
3058.69029707631,-1664.58601616697,3.24072220840645
1141.80356382959,-1348.23426538738,3.18506225548715
263.124035908087,-1113.65647124262,3.33050701618561
79.7307981906255,-720.46824522482,3.04954982413492
550.001823796249,-1763.9379755071,3.62467080812304
3837.84764337132,-1085.18135003037,3.31826295058428
1823.36468687434,-247.251014697526,3.52173242536726
1339.50340116362,-1625.83042983512,3.51680093320086
2407.32634134313,-118.432331085041,3.48470201615939
3636.06196305042,-326.758727304848,3.98006269111157
1484.86325592966,-1727.99155214456,4.05351203548269
1450.16756629061,-2193.95626261998,5.30779375777114
3980.22803418272,-1591.15418414152,2.81300405949496
4060.16163690586,-2198.42216132104,3.10889204178479
3687.51440994464,-1786.72768036486,2.8597051227159
860.482232507944,-1566.97181499577,3.317668273381
2871.2551706302,-975.810273563812,2.86661926753709
1318.03971660341,-1583.99874787922,2.80551269270377
3985.69143733646,-1312.75894989463,2.95528107778199
3794.3480313639,-1269.42200335389,3.02855141578358
1529.54134236793,-1037.84617945642,2.85509690171809
866.009826177288,-1659.80616411216,2.31571200308098
2051.6127374193,-1207.88589728251,2.66928657547628
488.677749074795,-1203.24301771621,3.15649377897066
2195.04789670823,-973.164836287287,3.08853345975784
4060.47577320282,-1545.01075151256,2.97555879977831
1607.88954530434,-572.706317020714,3.14689216926823
1300.63214353121,-1400.65273622674,2.60670719151646
3595.57958462711,-1300.56365056819,2.73473302338295
97.1071565458185,-973.793593117842,2.75085516095017
2291.30092284386,-1410.91669472301,3.24621873133901
3985.21354052874,-23.5450144190286,3.15798340273236
2989.64811076447,-1835.09439494246,2.8773736021911
2036.46236807098,-1285.04736509878,2.76195522820056
1008.26267348831,-902.24527292954,3.07384616494878
864.827667408467,-896.949277394913,3.0793061580874
1608.38517688099,-837.017873513281,3.29594094596974
2193.23005492564,-1588.27098245433,3.16484837380933
2421.31172849939,-198.405225651455,2.63191087993802
531.14927087829,-631.047304665033,3.06077346497124
2073.88445998832,-1139.3218600523,3.43667147361196
3370.23826884944,-416.883945001142,2.91891335468453
2748.78716165051,-1815.26650793547,2.89609946518161
2971.1575563685,-1041.5650760424,2.37557216633329
3839.97038673161,-29.8082855273415,3.20748885908283
3447.18739694341,-1056.4900480114,2.87495661435236
2581.42513419152,-1798.30845892145,3.03739477281718
3871.40448529933,-1608.10740910511,3.0350999270655
559.587293877056,-1664.43226927231,3.13288423544251
4023.20427710583,-872.675910771214,3.185020811396
3102.26063490626,-1567.91443836957,2.92282799262997
1021.97093495797,-739.266666066696,3.14651825951974
3231.60598653497,-127.836577259293,2.87641798300423
1338.02060925386,-688.370668003954,3.05860359053735
3435.88478829784,-1683.77539063545,3.59929336852932
3001.0843143327,-1843.20249634915,3.51470223793859
3784.1944171976,-2066.42351637549,3.12384281052095
2993.00635930346,-1599.71170270723,3.31077382095243
637.909747192123,-797.607032126566,2.75869822709518
636.787722506825,-1352.38697352729,3.40022241925772
1672.83766885523,-784.54131597419,3.1740942284121
3008.62504825496,-925.956841606805,2.7835167925543
1079.9823306825,-1130.15656430904,3.13463759273317
3612.05601753805,-36.3251229709854,2.76405527093224
392.059592615811,-1279.60095298893,3.20598598111528
285.371488878864,-460.911479561239,3.0173754868172
602.28102050031,-644.831301581666,2.84106621873227
3288.96883067603,-2053.19221958745,2.85660633928176
3167.0960985667,-893.043842491584,3.10072855243438
2885.21222901436,-47.6914204272012,3.28859784930003
2756.58623319572,-1907.58332966609,3.10420726614773
2254.93013169528,-1601.76168855904,3.10181971270315
3754.33718721862,-12.3257548311658,3.01531020743827
542.089250200064,-429.683365442075,3.08263166050979
3777.29909528487,-1054.50466164931,3.19805982136739
401.660790103149,-1703.16515637988,3.53078203112557
2002.9664160632,-1228.39158592039,3.51072412176597
3340.86789860058,-1124.37149633874,3.6561363388449
1201.12024076004,-1599.1606470551,3.48216255625891
3213.15425049388,-861.811702186839,3.69684117941667
394.305114554405,-382.308768070901,4.33005713335392
1099.34354723885,-1618.50942916311,3.78001204538856
1198.37147719252,-1719.10785396382,3.92467562154751
1127.04395075535,-1130.57601516788,4.27815515518948
1894.07098207165,-1483.89965276188,4.42373541518423
3654.09845165501,-1065.69762252271,4.43686972504231
1373.95097870202,-1714.38044218277,4.42083593829054
1809.61607374325,-1602.3349620549,4.25726040851227
2301.17416813699,-1186.32874347952,4.60400334304177
1316.93339891917,-952.359312216064,4.65020150178742
1397.09613701225,-888.768385720503,4.54332145996351
2102.56688804797,-514.634932259611,4.740591791473
4004.39203231193,-1241.90965844206,5.14942986597723
1424.15737600947,-2160.58498686773,5.29401229131198
NA,NA,NA
