3719.13228076089,-437.968633261886,2.87321345804331
657.882699021271,-1364.89796442497,2.97964997600847
3722.62270685169,-1156.65332815339,2.7911001494827
815.889865503235,-1225.91435854892,3.00200550378211
974.098225250661,-673.996322436362,2.84541513226769
2457.77985902652,-2064.97648138535,2.75755625265925
1162.55966552505,-1720.12369636556,3.00137643201388
1976.12450302595,-797.298823596243,2.97241574095073
4028.45850186775,-1084.38852626388,2.99010680068796
1194.36604853252,-496.555729179852,2.8986785227144
2594.38188678474,-1860.11360035926,2.89215913492359
760.155960285814,-596.91421564361,2.91811654511725
1608.0681912731,-1401.19738832331,3.05086219322351
4002.29392199204,-1043.3414744257,2.90487226924353
2422.10719292231,-2015.85846157471,2.87562810897557
3489.37217940287,-726.862413224063,2.81165371766725
3984.55686556697,-867.358064208331,2.9543658835021
222.567714863017,-1371.13013063448,3.00046890901374
1079.75487353774,-18.0555823098844,2.92560117139293
1250.47911701034,-1074.16259141339,2.93277627499667
2570.71724558502,-21.0175699967246,3.06773594325366
1978.20400668678,-874.091889066644,2.96728009694247
2575.12637170868,-818.865836222774,3.05182214066314
280.733699955034,-1895.78849766365,3.05512395323907
1578.03028882372,-792.716091577625,3.04712012460753
1276.29762466645,-397.035711628858,2.88855320054256
1201.54851940434,-1375.47272483298,2.95058798678637
2810.82973561289,-63.3014642600042,3.07818231177522
1793.09294496458,-319.251566004041,3.07913700432648
3488.06115183332,-1729.18436365352,2.97605853180528
1312.06085591156,-1634.63351348264,2.92808301726967
3429.33682219047,-2115.84774831294,2.80296009780184
2833.21530988684,-958.825557492846,2.9949031915938
3397.13834473618,-1575.89622163372,2.86441898931537
3810.21741311484,-1757.34341079697,2.83272218309186
3479.65456849315,-1449.56184773413,2.89221053754622
3507.18245077833,-1918.09942930504,3.00693802950016
2837.63495100576,-1009.23331295303,2.98977517055305
3119.02076685729,-1684.76382133264,3.05731818120349
2038.31186865982,-1468.7514636831,2.85682380323059
2548.8442348118,-53.3572443672298,3.00409337986163
3127.16610797415,-163.047660885089,3.03169592400892
1768.70717190571,-1950.46134118678,2.93363052365283
3186.68083390757,-1910.82707249501,2.92670578436148
1363.61287007259,-1621.94428563821,2.91913967399579
1082.16832986131,-547.692125932983,2.98736521139524
3272.60780055613,-18.7658760244164,3.09019182505696
3370.14468579056,-1213.36305475959,3.00348544037698
1848.54973038951,-343.712882457505,3.10890275681651
1048.01681224599,-2163.84233473409,2.9546635208476
1043.76589325648,-481.666690523307,3.09309075187208
1214.81097429779,-1891.83011662826,3.04483026029469
3436.81451865753,-1254.97687148475,3.04060405634025
325.133735378805,-1910.73301626654,3.03554370586574
2994.66005599152,-1628.51749974279,2.92558739307604
4028.68366618959,-1795.0811415697,3.00650472781183
2493.25715707382,-696.360952255576,2.93986965767002
2629.00443078642,-1573.28393268432,3.02320239189304
2056.67599747574,-163.565727872915,3.04517854163942
1235.74962196954,-1694.03788399245,3.06409233018748
2759.27656137849,-135.773280253172,2.9731173469666
1720.85722170393,-1964.27180181943,3.0703278024911
2551.74720368385,-1414.9983532612,2.85559628114776
2214.16768139178,-396.448984036489,3.03158519721786
1033.944457825,-1267.49490281292,2.8446238336512
3488.96140365231,-1313.86196349831,3.10216748831224
3222.68584212106,-1406.34827525326,3.03853186075012
2714.94965011412,-1451.9240253844,3.00267925261591
1670.16593280152,-1366.81789352442,2.98516275800263
3890.40316237976,-1839.75292144738,2.97080623536016
2615.67194986477,-158.313547380241,3.00970966115181
309.356974545672,-2043.94251078227,2.98024366364727
3791.65489608002,-911.247507266167,2.99845797052093
1356.49238744003,-1465.08660728317,3.048130660991
1267.31528853244,-1630.31178593661,3.04082992451414
579.741514684671,-443.253121019735,3.07610568520585
3393.49909699469,-1698.35850651153,2.9179300219353
1743.03932537759,-1807.48195573739,2.97159623003549
2867.99771174281,-1592.66901548039,3.0081848012118
339.590087552776,-976.057058902452,3.08749831921538
3350.51722911242,-906.552007283341,2.9854481891267
3254.5165245235,-313.670251803209,3.06099362769766
2260.95587811067,-474.151317067887,3.04749615174828
2465.19911612158,-782.235953391639,2.93261996533858
804.728162506923,-310.340807330211,3.03564116466235
1211.21408896194,-630.454203291285,2.93793280975424
1886.68338472336,-2109.88466574793,3.08114809968524
101.498083372233,-808.249889460362,3.04857043789602
1934.27767629443,-91.6318770732613,2.99349138959358
1612.59912219106,-182.081500685183,2.94353077882635
3367.67553004744,-584.552975736877,2.94918550858037
1155.12598169618,-618.581154644196,3.10689114517136
3286.6837491653,-1508.35272683667,3.05216390090863
281.623681295875,-751.166562252609,3.05178049463628
795.96116448906,-411.672912693385,2.88325588185636
1490.13824617511,-1954.02186876642,2.98238791366139
821.245594806136,-2204.43412237914,2.9794602001356
1759.44272137002,-729.193963536292,3.04935978410821
3601.14822449598,-1733.80872541126,3.03854158233762
624.837457441437,-58.9944375756635,3.07134708236899
844.642353614545,-1969.96803449138,2.98291902462561
1903.14928527766,-105.344165306799,3.05637547410438
2329.3334912194,-297.354824931429,3.08677632025006
809.12522595119,-1446.86972372242,3.0492148062014
3215.57897577432,-2126.07175789904,3.17949561980403
394.290559352694,-2099.77272609089,3.06450770868331
2565.77834194253,-2207.02451046246,2.92532364121158
4009.00449903661,-526.070144290018,3.05889606733643
330.615570194107,-141.34525016134,2.94448282962697
1737.2568544971,-1542.82139371618,3.04065505194483
1485.30048448735,-430.955591994828,3.06506789771024
2166.89333611494,-449.84466862302,2.95715121938195
2389.80802002454,-1033.89372872681,2.99049201893503
193.742749389544,-958.121714991445,2.98009195964862
3639.54735723025,-360.825830095106,2.97385560805606
3979.48944258499,-1854.11778400189,2.98785539553296
2154.16031296959,-2086.08012995296,3.05801573739394
1530.05447487517,-1135.66370661727,2.99663516500218
416.054589167401,-1513.89841316818,3.01439791078888
4012.90390486291,-1696.82494661834,3.1562356879058
1858.73956251011,-1426.35310197095,2.97461646946087
1664.67352629739,-578.42871311369,3.18722881463029
432.329389283681,-1474.52448549066,2.98016565045955
2063.97039339503,-127.700553929624,3.16258643856997
2888.26723690442,-1310.08620593074,2.97271290701102
806.713167508957,-150.324519661343,2.98711193245209
2162.31945904974,-540.192132602962,3.04842604570568
2674.24652069618,-496.436600373106,3.0605520015437
1457.27335836315,-1323.20577767795,3.04754447826798
3054.97445565473,-931.698565785754,3.08689651656836
3842.70394227732,-1315.59562828632,3.0594139270425
3387.08983075763,-69.6132090225015,3.07773450437538
2566.72776038742,-607.266563771723,3.0072069667581
2404.14779849423,-411.861541030878,3.01855728387258
2215.78784675031,-1340.76062865432,2.99496256208324
2635.96447692621,-40.6439889315689,3.04544334424542
961.570247821816,-1060.52689304502,3.13705892739494
3664.09980847827,-2195.01426229481,3.1326797009921
77.389582900838,-348.802938337626,3.11165095667073
2904.58587215693,-489.844692286073,2.94528034085847
3420.70945236346,-242.734419322503,3.03567635439144
3228.606119714,-1094.70199424932,3.05270093919299
1507.76337314405,-1413.86808400221,2.93873983337328
3195.34012360998,-1592.65318893691,3.05963603916427
742.698902122539,-1966.5151328635,3.11002613190936
1709.29788784717,-1625.4951641564,2.99160158911296
1291.03755913455,-992.223754537968,3.19410575376062
1916.73428871511,-650.7374828866,2.85865152897311
1275.04336214377,-1800.31367074218,2.96900378490318
3063.56883945127,-700.568148223343,3.06435302341965
2495.72956710573,-448.43307227144,3.09848040958177
1390.90202820964,-678.42763432888,3.01755385078584
1280.89690254805,-360.10717324125,3.0824931334443
1725.10916627448,-1807.54000402604,2.9800383745472
984.119476105835,-1750.57668022997,3.08537910694173
262.453680019127,-757.24885149847,3.09796536250726
1015.89366506797,-456.122535785725,2.95458319977022
3478.75221154601,-595.034599198479,3.09183499336679
3886.10018086705,-1488.6515272674,3.03059395683682
3916.47320704962,-258.961974293345,3.13750212287981
1055.18492218111,-32.8747096689541,2.96107087517398
1431.82534876043,-1928.04991825329,2.98063675409113
1839.45240002238,-2067.83590843891,3.05501244927691
3395.19191535256,-2207.16598811378,3.14104043505418
2868.63836072817,-1639.80806118092,3.11863855345676
1811.08227827007,-86.1094271607682,3.06497976962265
600.462413157506,-265.90100701985,3.16951490310098
3196.69923297129,-1545.14973338086,3.12233136223017
478.424024324532,-355.771880556517,3.01561351661241
2986.23506467623,-1294.80928291975,3.02557218090382
2290.81747768697,-166.515991957219,3.07096299354301
3596.00671103616,-336.858582929288,3.22441802067009
1366.00994738047,-1700.19371117566,3.103899344403
2187.26180737681,-1571.75036694223,3.1241130936716
682.26064448128,-940.782998060146,3.10912175207733
1724.72474753165,-1728.21258950633,2.89188709135755
676.479985660244,-1552.25855023554,3.1137889961391
3901.19594764625,-874.820593654443,3.14845035823589
1974.44130851934,-1489.37226952734,3.11000712535684
2652.53075749518,-2147.07337321052,3.06617177451044
1569.9985046245,-1719.69591222019,3.20112188327671
3249.5842868939,-181.560123463964,3.22116777936825
3871.57831704121,-1070.25836643094,3.08503345750026
1429.44032089345,-2180.27235910646,3.18733894504349
2886.88299315698,-167.82503956146,3.07137494663087
2462.94929621809,-881.233062750156,3.20674435201349
716.600716878394,-1823.89539794265,3.05538281848907
3333.05813232669,-615.812311289227,3.04876550094307
3049.65579119286,-1328.9616540404,3.05296149944132
773.435989506887,-2035.98733763896,3.04839660023614
3302.45649950141,-1089.23911766202,3.07087094698993
761.244905167055,-487.637862728738,3.12136028033827
3557.64253905872,-1873.14328372968,2.96976928407857
3543.13430692373,-450.238610845731,3.19781203816577
3288.13404282809,-1033.93578574908,3.15187356937064
574.565231453727,-1934.13545337898,2.9925144292212
2570.61491032387,-244.006176428276,3.20046851064587
1770.15856059953,-1887.9723405397,3.09280010675156
1649.5116659501,-963.688328485257,3.21631355634714
2433.54454939529,-1954.65436838471,2.96523559951699
3253.47720344677,-1294.85730413165,3.12232311342622
82.1790764547624,-404.26383582906,3.01201862890163
1766.90546781599,-1495.00420853909,3.01007780047802
1828.24861792502,-192.148853717663,3.03810049395338
1836.50212758256,-1845.26989244688,3.17626617726404
3598.44099270841,-899.892762887047,3.11864140605925
4015.41569184024,-637.904601876791,2.97011749251963
1024.12641851504,-515.328528026205,3.10845011033293
2625.65153915757,-2210.14697803979,2.84048422775298
2604.43302005082,-222.893836603547,3.16397123629325
1508.7297022512,-1773.18090408809,3.10442312840716
3040.97899904585,-1857.20968561967,3.02654042674935
1996.43288688274,-524.625666725891,3.06404977666408
2497.33537145554,-875.914725812707,3.1168387485477
3122.23159355648,-742.859003517082,3.05761630196244
1465.52261908502,-842.009810747863,3.15890961501512
1174.66872690878,-1380.36493970544,3.10715778496842
1484.89335317159,-1463.12705100418,3.17558077757255
264.412819246684,-407.455989443324,3.04596163765194
1706.27057447711,-667.64211777144,3.06895776546932
565.205441617951,-1474.93204124006,3.10884940077285
770.692102308109,-901.692758492097,3.19798990573092
108.037402646394,-1435.99208836578,3.00796253787668
2951.01726832282,-153.993590738336,3.2701587141364
1993.99183629657,-1867.94350487456,3.11467661299391
1902.58162057676,-236.608081461038,3.10234257076771
700.80414635625,-743.926455389815,3.1044537156808
2662.9707461101,-937.248640692348,3.01937008066345
3319.6718752142,-531.194568551089,3.1214071286611
1348.88545571585,-901.155281591359,3.06029765423018
2478.18767386515,-640.576970273044,3.17631901278788
2569.9045518738,-1624.95151586844,2.9581775600609
2364.74298969844,-1729.73307173072,3.20612638099686
1396.50348748598,-1606.47801570283,3.10550541742877
1275.38131020429,-328.820692781472,3.09560059299192
438.916097044571,-1573.72242889914,3.11544971823659
2269.61977920998,-1646.37898672299,3.22663426741601
2393.86630290679,-874.688852831983,3.07169485004012
3688.09398331025,-1732.74130245321,3.065821970206
1427.41174141251,-2048.2018720614,3.06279433065105
3236.51279647243,-2018.50091278512,3.04653755217908
1222.97858180054,-1029.94778487415,3.11460342661468
2169.25322463696,-925.963844270457,3.21739892541861
650.782021113822,-1216.50905887104,3.13753722395435
2465.01815023323,-368.086430695112,3.19375380027563
1927.84550005937,-1560.20831476219,2.97318808629448
822.961496390355,-2004.81934806252,3.17521272342425
2675.84087693322,-1666.2587940909,3.01154673138608
2941.44118966414,-914.117946847168,3.06686518289137
2735.11693784522,-1711.86232560902,3.13893912607663
1926.71854667627,-1332.54028158059,3.17120795500905
2465.01079048124,-178.933030581892,3.13928061374159
2206.06044544707,-456.604241654153,3.08161405184153
4036.34667971006,-1758.5290731993,3.06673691939865
2497.56079477612,-852.92440089762,3.12059610826098
261.711589885535,-809.4717230778,3.1456306925046
2565.98900725639,-915.947314666418,3.19660641072773
2678.06232940089,-672.804437504228,3.05592516759132
252.337792458604,-1470.18529001891,3.13269532814608
3775.43518118102,-655.085209842833,3.19922187952173
1606.45378160408,-301.157093410873,3.1545033364464
1620.62029018912,-2138.9144240984,3.07409515146563
1608.37676950334,-2216.15406431913,3.16383988648716
1487.52371012836,-379.526405884969,3.30257682542513
1760.67965692727,-281.580011580444,3.11782237723198
866.969202088375,-1326.41200972286,3.2132385920429
1825.4570423859,-39.3867843451858,3.17727222427982
1454.22425268692,-1237.33168994975,3.40312449112399
476.943898008331,-1839.87310866452,3.29745930383118
3667.44378179797,-2019.20121053691,3.12904387508281
399.928788575149,-1193.36854093255,3.2273327707109
3487.90828356644,-1341.54272759033,3.08224491780178
3791.32724694184,-489.496839361758,3.25908074026831
968.49442093807,-1429.72914780176,3.19268096643839
3371.26678186238,-297.579812195483,3.21733088541254
3755.08127156785,-1691.57610135756,3.24272271955143
3189.67939827831,-69.1592979000724,3.34025455457409
2251.68635578036,-787.612117597248,3.23408187600599
1397.27816656107,-714.938871759617,3.25082026201499
3656.87460724409,-174.049514910526,3.15524100433153
3570.72194858484,-1363.35697240307,3.19715590195895
1974.46643132808,-945.581661640564,3.18651604885515
3985.69888733984,-1136.84118082612,3.11689361137203
3102.83382215719,-922.814296248275,3.11393591365019
983.958382377605,-997.32627702862,3.29351912524598
771.596627863093,-1338.27518395052,3.1751785673174
1279.34049340036,-1103.76128732023,3.21573926798148
3026.6338248781,-1544.54191199388,3.13470039668372
2566.54867681574,-505.53026819267,3.20745462081739
1858.01220529085,-1957.80328545844,3.06443817990057
2193.02816895795,-797.735898855035,3.15886824315759
675.255567047946,-45.9799268151034,3.24580103871384
3958.98240308646,-917.445362817326,3.11856824116335
3836.21107360793,-461.929138374225,3.19001633244219
2999.78338863589,-662.223881202209,3.19869328394083
4057.74554808012,-623.986611229326,3.2485276039332
1977.47601817561,-13.4945992501285,3.19502084685124
3664.60211995663,-312.133731225087,3.15278610661659
2787.33979841564,-206.605287821223,3.23302831878504
2769.04849504581,-1872.35563071261,3.21210506600545
3933.93291034611,-1999.687472417,3.13923811607953
1342.94406644981,-2012.31181045071,3.22113285594652
1090.4582560494,-366.692627502963,3.41164028144188
344.595886459441,-594.298006974156,3.25272066127583
1913.62271444364,-1795.45639339818,3.2348094758366
932.318413175362,-771.914861531188,3.29835447072674
2749.60081660197,-1451.87701235607,3.32231549477677
2737.86664628456,-338.657490625516,3.11985238361677
2086.60905431336,-1575.63962149536,3.25557083735549
4042.65563844759,-639.870710484985,3.16206338608842
3715.51662481303,-1738.48387154414,3.23216372037879
2185.86114740041,-1669.73507628404,3.09979433401892
471.759502256947,-1398.41628547003,3.28602854100307
1089.09148787392,-2055.99906922289,3.2264886675053
3374.44093062741,-94.5013700438625,3.16108787769772
3468.32101325118,-1347.07447057205,3.04695638413226
3429.68690326212,-2177.46378780864,3.20586968980415
2743.18528433709,-597.63329304502,3.20967546257316
1699.16229601584,-1331.28364596722,3.23917219401402
3161.88757529067,-1935.07998435137,3.34420553604991
3384.60583039977,-467.537136541728,3.2695756659078
151.575525751673,-99.0247420805219,3.41274502082196
2613.47544810868,-1979.22093733137,3.29990876373467
877.193726389275,-2086.95772189972,3.24152256948745
1165.52314717408,-898.563619948989,3.34532255995409
3481.5144639355,-894.260762701464,3.11243739803828
3193.93589967341,-830.239885491418,3.24129394075292
1099.99953606018,-1326.01661312782,3.14875087216246
3325.99733027059,-1837.17333184266,3.2866370086434
1961.4513780754,-51.4458925872268,3.13082300706131
2907.14764797898,-746.06435519732,3.07165457774312
313.850871419467,-1532.96504131198,3.24884439723717
1782.12434744205,-490.266108432244,3.21324799671424
1490.79635740839,-1786.25157879626,3.24375093574372
3944.6218411513,-848.624098266807,3.09261117197477
3807.80554538859,-10.1046419543416,3.25310866684323
3624.01062897633,-1563.72175818973,3.19894706027246
2440.53718511953,-2142.85913739181,3.38948932444
2030.56093589817,-348.396945718778,3.18516102617584
3008.90461942767,-173.811994954016,3.2095396479604
321.08427927676,-99.5885827868729,3.29250762859105
545.177443160265,-1276.16256541159,3.36330656949004
1000.05563706636,-1699.80617378228,3.18086799592789
2805.33265163783,-811.836048185495,3.18152714780351
2699.51748522765,-190.502834460938,3.29728462241599
868.604536282186,-293.914403121988,3.28322844443337
1457.02910871666,-1745.42839811571,3.23154993104995
3084.73884629813,-1858.7730855535,3.14215378411502
3549.63267348771,-1160.53895222591,3.32012477196247
2534.47653699499,-183.349723267491,3.17039651279844
4049.43241371577,-1622.04062844654,3.20032803596963
827.580548844156,-1918.24830746468,3.21793345458999
2640.42372359715,-898.703916627349,3.18714636504703
1037.10221263571,-1497.61692404438,3.38408065864468
864.772214971514,-262.015319663804,3.19147064684137
3685.97893530078,-2011.38640019692,3.32939375227738
3972.08830177342,-620.509373490884,3.34532258065467
3025.58626593382,-1842.10759959664,3.26501189614076
2793.13153008932,-2116.02442699284,3.30402080389597
3220.58059193189,-1825.45053663153,3.31392318042313
1075.0558819995,-1290.52216720822,3.45030115092426
1879.23904156245,-37.8875829734537,3.23584477602052
2513.05428176725,-3.00250082008848,3.35989407009683
1509.47435833054,-900.444627420989,3.29540826226653
301.562951557497,-1946.24110647877,3.34204223062895
2336.70986670337,-68.0424026949593,3.30774329009997
892.084916960647,-1982.21947688653,3.25488679433411
3432.25642902442,-983.197431585547,3.21662891404831
2181.74964406494,-2048.07549335216,3.28685609483628
3699.36045339005,-1880.8775758507,3.24650614614416
1477.63054499486,-1968.1080617362,3.18521415376694
2492.71838979083,-1484.70354965209,3.34325499803998
1988.63177141511,-1509.76766838164,3.43280356305213
876.317836155941,-1149.06452734229,3.37776282300577
3555.95580440038,-1342.12941831796,3.3774342797041
1093.48582338272,-1514.46579223016,3.36398324625224
2923.94414082885,-305.832138720714,3.23274511231526
132.277578867374,-393.311699214333,3.32007975958843
2397.14358807798,-285.117376920883,3.40309670902426
2180.43921057366,-1422.07382840074,3.35044868479513
110.936666373783,-1504.63677371685,3.44261063995782
3792.71017590773,-1028.1047076397,3.25879331699458
3953.16907404907,-881.876869434768,3.25029340917963
3301.31322123527,-914.839508050348,3.44821002381165
2349.08395361708,-715.547186417971,3.19415083206546
2358.77854041135,-1860.50031079815,3.18786637948036
2142.78016118361,-628.439675690581,3.32476650145746
75.1739637218357,-491.903335330803,3.51490591715307
3573.5740638553,-1193.21583996203,3.33383168630688
1900.83714017327,-64.7163516963438,3.31480152029493
3617.29584508757,-1514.46971071947,3.38366302281208
2051.3326390906,-353.580886432847,3.30756790192873
1357.25407224508,-1317.23425859062,3.33859452200172
2325.34900367093,-1808.50308274594,3.4150635370842
432.805451051621,-1364.79009048473,3.37015573091017
1474.42380792617,-900.019940628953,3.27456471016186
1132.54010882308,-1226.40616706919,3.40283412993853
3161.40158847071,-1764.95069413864,3.5018672215749
3184.46706461732,-1871.19966788805,3.14370471786559
1044.03331988151,-711.515290251072,3.35755264603299
3189.70494269393,-1434.77562000619,3.26649812166018
2217.86222983843,-1688.87653728062,3.25424666459787
174.505807194353,-769.85098010626,3.36958901540882
2741.2368844914,-1641.9243765157,3.42292924782227
3259.12456488987,-67.8030774060813,3.22417212951585
1161.96394959,-1144.75337432796,3.375799364827
2927.57180389088,-746.123167755828,3.27921781038966
3240.52813380195,-798.001475872501,3.38602481765669
263.925882291941,-1353.02739538405,3.41486109189291
1775.31076915908,-2098.02476720166,3.2310591750955
2112.7825380316,-1137.94174041504,3.35934724200885
1988.19956359094,-1652.53016423942,3.3737063706259
3931.98293860571,-1452.45143323057,3.26877664320249
3908.64210365975,-1265.67311746791,3.32174720180392
1688.6158616165,-774.212165024549,3.38364837111043
3032.2897207059,-190.33362963028,3.16738777909478
2166.52686517338,-1105.64068559423,3.32700343755167
2627.14879429308,-1620.73252688152,3.26017222851721
1991.12722966152,-2178.4500744466,3.41647247797742
432.396575658531,-1738.59117134874,3.39015469992038
747.017823150088,-1885.53063852136,3.45642001516732
1700.56172223576,-1479.53024740604,3.2620373995536
1152.66317158147,-1001.8810222265,3.39972825377547
1300.21804916171,-1048.22200312869,3.3249826537345
2426.05456002864,-652.22708779428,3.22832491754118
3413.25465402325,-1789.1211984687,3.37208501441778
2315.64550508044,-86.6286763561932,3.40144451180595
2088.15970617147,-250.238030347379,3.44628952679428
2641.03188832171,-677.957617344379,3.47453261260676
3380.18094073696,-1530.29354454156,3.17243045585927
2369.61956725803,-1678.86707549501,3.3450234557977
2786.91453758539,-885.471271277681,3.27640196073863
2923.79506237357,-2213.37262346008,3.36947633286307
1828.99803949623,-1999.35194267633,3.26418400085334
1471.63822814003,-871.169926967562,3.29226770070988
1790.75884435563,-683.616735402481,3.59843630594743
485.056241022804,-611.870542260824,3.37541548405908
3490.64592212166,-1207.84595651595,3.45947668673204
1954.71570851099,-1444.92825092439,3.52389157968993
525.113367466691,-195.646016733242,3.44655625847019
3662.301860325,-2129.51318108933,3.39580279954016
296.332557711591,-341.318067911537,3.51193031092136
3687.11680726036,-617.834630385297,3.34911147323845
3166.24630937124,-680.24842668913,3.60236839647391
3429.30528420222,-1203.13915403063,3.46575987275519
2215.55885673811,-595.814571735933,3.37219911218597
2127.57832706623,-233.822625850545,3.49293966438977
2676.56490068783,-104.084952215862,3.53798660788607
2180.74067276268,-4.68761128246881,3.39301185117079
3154.90704884757,-562.041528153345,3.47897643755652
176.668716321635,-45.4669217970058,3.51860792838893
3275.85458662059,-1549.16548824286,3.4656507761368
994.765323010663,-530.978603555327,3.57005181110405
3200.73085679924,-280.419611074364,3.52530998113913
941.32379872674,-2144.68398568174,3.48336713575824
2955.76424480189,-568.805662196052,3.65216181213871
1883.09344997594,-1343.77671309403,3.47898980842606
3579.88237426023,-540.411148653155,3.50977098806056
3634.55223967726,-1084.38957765655,3.66391303077349
3034.02369912462,-852.824225314932,3.52004173866738
1686.43520955876,-872.776946048039,3.60873018895959
327.781743315437,-680.863839533866,3.6064570382504
2824.97995949584,-2097.51037688294,3.5870840649248
3804.39324161665,-740.61950884508,3.54314566158876
2468.19871625691,-2015.24228575703,3.58278319302672
3726.27275756844,-615.026693538076,3.51884385619596
1812.13608604479,-517.320256109241,3.42057274317408
3093.79036270753,-1455.6467893685,3.41062301575296
152.217509175951,-167.078379302699,3.49992227291507
2788.92330943552,-828.061495624475,3.53846258670444
3088.74333955913,-37.1671480061832,3.5063680172795
2065.80771953333,-680.945485179589,3.55329804575607
670.151440115641,-1453.82550887959,3.42825171021943
2827.07135113412,-1101.9680216733,3.54216497698457
2347.85038579807,-118.690843703668,3.38886534401726
3635.11938612725,-2195.00890573266,3.51345483445052
3295.04415956017,-2135.4200098434,3.49285066290399
3180.08045959186,-97.9382672446825,3.70371332785097
2383.87964182491,-163.334537995719,3.69343499028941
2284.02390151794,-564.951442244738,3.42101317773789
273.002077758183,-9.17353058919796,3.59682789238372
2346.66886678642,-1409.70598197583,3.60095926751075
3281.43129310419,-1760.65355060324,3.68156573639878
2563.16441482467,-2025.92795298854,3.73207692719177
2313.41561312164,-1963.17926400996,3.49722614062912
1252.71208531381,-1728.1349229224,3.53453867779132
1836.94283915432,-1361.51057085767,3.63514601136011
3840.96994075384,-1669.00690528545,3.59109335030056
3476.47551556605,-1030.091410836,3.53507829050896
1876.81325534858,-1379.94364367468,3.51789203804167
3352.13280598067,-2200.14510370893,3.52167210787115
315.475663810045,-1332.84407974104,3.59338482199783
1945.61660837913,-607.874875661212,3.48767303453347
1489.02753127185,-167.552094074348,3.44170303637071
2996.29690477811,-1446.64027037338,3.67311767107855
4044.47295431453,-2060.61728651637,3.57032091765648
1311.0527495794,-457.906892158474,3.56407217339777
1681.44632265112,-2163.80878280665,3.66674429888303
1531.78175626432,-2129.43907560075,3.57654701248538
189.986943812927,-885.939347376344,3.52224006617532
2471.21102130246,-2118.41452446743,3.68233523760826
1784.20244621919,-785.886768672777,3.56442756142609
1836.84915131192,-603.656882354078,3.59822058415519
519.701490560061,-1553.27519176941,3.71630484560602
2724.67400413539,-279.514117014249,3.60859927409278
2356.35702166889,-394.382981000662,3.61645673092347
1279.68463361362,-158.519266795407,3.76124735066124
2827.67877887431,-1199.72781632406,3.53779621659548
2136.69197190812,-1288.85477822927,3.72837982763825
561.375448393605,-1910.33538328062,3.82941776713393
2056.42257605888,-1823.17909552159,3.77425658004101
2838.73398000603,-1582.37222526441,3.61159399092565
2966.83042539608,-2083.30158143146,3.81212685235436
1185.97241293519,-6.60811639772261,3.59402327616819
2294.42092929768,-1089.30779792626,3.69452481069707
824.196024936158,-820.472222619468,3.75130749710781
2546.38698498089,-2156.49450535399,3.61441317755204
65.9580209614182,-1517.87967456683,3.87280339302854
3893.35419356036,-463.448453230731,3.84461677164792
2836.07593851674,-711.094129262921,3.73481848634671
3724.20707269035,-685.93872223749,3.70626978661742
1217.84854651021,-197.463682803213,3.49222119418668
101.377873595627,-1324.22793836292,3.75516165847288
997.727495643071,-1165.03903068081,3.70455073010454
2382.14096800959,-1354.05667271826,3.78290769842281
3252.98954215933,-1126.22205509637,3.86508885474623
2999.33739863565,-1674.32551799734,3.73816560321499
2280.66450397695,-296.063963948743,3.76192167999162
1004.43596183906,-900.928224091055,3.71538759216749
1510.32022757679,-1729.65325611676,3.826886584266
3133.0314648395,-1993.79996769993,3.84786103486366
3735.45757310556,-296.765474519612,3.90664199096788
320.791718461267,-1728.15496815756,3.81265463987314
1871.31734627269,-1995.5594301031,3.94160743427014
547.597408956246,-844.261991766088,3.97142218519119
367.670153126493,-0.0811952492384354,4.15097465805272
569.414746239241,-158.836420045264,3.86985642350923
3062.76410080427,-759.381372737954,3.92466798448725
2701.15434472267,-2038.87977683658,3.9376346482432
168.009383655957,-305.106298290545,3.94847124635287
1359.68538687533,-1040.53122690958,3.77619414061937
1599.09868065806,-1321.1261040301,3.92619843683369
350.624883606609,-761.951486512266,3.78961577102584
3753.19271682821,-1025.50426889033,3.84886883993387
2872.45608443073,-11.7979273425727,3.96974357123813
519.442848579554,-120.440712691217,3.78312176736157
2419.59362076118,-1002.58731759249,3.8159482039916
3343.53973585061,-1358.89482343158,3.86566171060071
2808.81222586642,-382.644672948475,3.79354761366873
259.158570427889,-694.648296396943,3.98531064551555
3782.49470586622,-1517.8229050152,3.7277053461257
2460.06466397829,-311.858582635331,3.940586873378
1090.25822515145,-233.911121125892,3.92348969247354
3015.52289116304,-293.966448265086,3.98709698573473
1945.99512205887,-216.711242646713,3.96499604961901
855.494713786441,-548.644852243657,3.97642085587573
962.732008860967,-271.273257108998,3.9997951973542
98.163874791291,-1097.83331012617,3.91129288936432
747.674843983223,-1135.45240895661,4.01446898007135
3278.40817119859,-188.30987811581,3.88436499310772
2984.64085537346,-25.3384691119319,3.73640211481212
99.7020367916711,-319.300775853464,4.04848309610565
1148.5685466032,-2218.30619914121,3.83480533978215
3260.86403490981,-885.452645727165,3.99689047947538
2596.89820878659,-435.701465442788,4.12664805824015
3996.84830644123,-1309.99771136996,4.04635964106942
997.687151176676,-1878.49772287781,4.06746135023833
2237.9436408748,-1977.89261477192,4.02860065330375
3311.09782708372,-1904.01350204562,4.10013393046372
1758.0053721055,-863.566130007273,4.1217631023191
2941.51070078961,-976.990828768478,4.00422574173386
1572.69045744843,-1080.68394798508,4.10390645600499
3316.16120323118,-249.20978297375,4.09372818303388
290.114230969903,-543.305483918476,4.27027148331717
3083.6473241665,-1948.26574732056,4.07412377590339
196.278263624592,-395.097237008145,4.10319771024059
831.616687208481,-1346.86432799444,4.31898615248569
3762.91167326402,-1433.07228576423,4.18292946484673
1247.43540513411,-1526.23522011964,4.1958125028431
2726.83678353853,-1967.35057161963,4.19967915955931
2442.9641101774,-234.397816610206,4.09188529325963
3457.59523622079,-29.274259824083,4.29666030717696
1238.15538275408,-806.481912501095,4.30847251365944
2586.38177578331,-736.808987193014,4.31624082472896
403.0512770986,-101.263478426822,4.2849451209061
2341.90764789551,-1816.99686304166,4.27231690920313
143.363316293639,-1179.79221797394,4.39147422122284
2538.11511309584,-1934.32468303776,4.34655995749683
454.10619701802,-894.42890643974,4.38153644240721
2106.59757955649,-28.6132202669333,4.34189227341178
1261.02537006863,-2160.61807816758,4.40515149503398
3049.08817365035,-827.109736355897,4.33878598645267
2290.09583119148,-350.390212632544,4.4324982972723
1823.94624620191,-2152.53478189635,4.29912912295458
3450.64353253995,-1659.94945657227,4.46557486985888
2482.78092179274,-1322.07181690908,4.49310751022753
2337.93018313743,-669.947021570268,4.44923464291579
3333.42964257939,-681.153827743289,4.5084704683256
196.626416955839,-1267.83422739183,4.42971298675052
1728.03897340597,-1372.13209216079,4.65171928356393
3959.71863777945,-1397.70480376716,4.42331571906254
852.686696317432,-1104.02785730964,4.74580456512073
3043.60477429853,-2079.81536202732,4.51438276255254
2052.82934975834,-1402.37302608699,4.27957238937481
2923.55453840267,-2034.10708354366,4.5666706595637
3133.76482438893,-1092.42870315158,4.69997308146247
528.388272046053,-542.819128026169,4.7948876683956
2574.18584191477,-1610.39809592579,4.70119884131861
2983.6902094888,-2162.51255471792,4.43847528440259
2895.87293219258,-438.438971466993,4.89759132421725
3616.12525582877,-283.461584852399,4.74115613062214
1116.2204809145,-1432.13171504397,4.801674863592
1551.39175846142,-664.360856656614,4.63979753841779
548.396472014888,-1206.65898853835,4.4972518740862
446.158730995308,-1290.22266228052,4.56958699167444
2178.14173451132,-1875.29031710416,4.86038836864458
2674.95876424083,-2101.17256149322,4.75979893273607
1356.58985519267,-639.756675480819,4.90124311491925
509.304096100445,-2074.89171529687,4.71373313956357
2965.48367218135,-1956.61751884251,4.9942719549032
1936.06974029126,-2186.44183523876,4.78305860364866
1116.78973169743,-1980.19755346331,5.03256513737349
3211.32115021834,-1258.4756706321,4.79270976693724
1683.48870470918,-491.497941434285,5.07087705111401
186.233420070279,-666.613516603225,5.18048404298108
2996.42198219044,-1189.35687946311,5.25830166671176
2896.27995642368,-229.663669471577,5.19569869963365
3456.61031001732,-1333.60454456173,5.51334265737576
3306.50494711463,-472.144510874471,5.16979487596356
1533.67126917511,-1007.58264686105,5.20097486246182
758.793618198931,-323.548348736131,5.46353778975129
708.91078201135,-1657.73309686215,5.52264757866466
1410.26430219562,-1172.3158006464,5.36480089124242
599.15105830665,-1030.35856794374,5.74788358482579
3642.79980479035,-2106.69705321643,5.74431319651401
2620.3275052773,-1083.12669008849,6.16593048558589
3386.5198339515,-221.663835942257,3.04291615365834
3208.19513609318,-115.139856890303,3.25124384830467
2715.64205759827,-647.424092992119,2.78643098097162
501.703457123382,-1899.98310311138,3.00756446981108
2088.26286849329,-2163.13301907895,3.06371748239899
3558.15050265715,-87.6741595609093,2.92683154878822
443.551708158148,-748.19667790139,2.78093111889234
1657.64638572115,-447.183918273578,2.96686474160382
2351.02492001761,-2054.35514760469,2.85570701899113
2983.16994023586,-2033.13027424135,2.95861071112359
2671.0840014017,-922.066767157416,2.9660342475569
383.651657443547,-483.730771164805,2.88945101595004
2640.80400371984,-327.363880752417,3.00717876629518
1807.45262799049,-728.10628803074,3.10024286072708
1587.36677211972,-2063.01510845522,2.85823596677495
2641.05677047145,-363.67042207796,3.0952125520133
183.731958903458,-619.244090053212,2.92243073850417
1723.83547057726,-968.656194499364,3.2845549987586
3085.72874325543,-1083.72649683689,2.96580023928781
2457.76681590075,-154.508548742156,3.05361952353615
2176.29123750106,-1319.2409990294,2.90088233506689
3673.4147729,-123.098493678087,3.2040286080403
2215.53696847665,-48.8576911032021,3.14636661862876
1702.02489897606,-841.580525348814,2.97602772669647
561.762509018089,-1492.46058809103,2.8419388535675
627.181683596939,-1413.59034480947,3.58663566168084
2682.24075927366,-32.4826957481117,2.67471248153145
3178.9166906665,-1605.21144936903,3.17267469538166
1217.11313001172,-1931.96786597775,3.01255662246843
3748.1640895428,-1732.71066497727,2.89623624899512
504.342921836199,-2158.36865444969,2.78440769634365
1427.59654660571,-1776.95484825646,3.31238704651596
905.996571083579,-203.918307110043,3.05185847550857
1141.37068431668,-293.457682590405,2.88220249576638
2267.68018826566,-493.19016599061,2.97106113808534
3260.8336814639,-365.133070248382,2.90395940542497
2387.24725507336,-309.591160405127,2.85914668011329
1499.5984266191,-1003.21110585233,2.75638992932988
580.619510627643,-209.753601197714,3.12060512738059
1616.81222395802,-1083.16398944801,2.98511528586672
1527.26979775138,-502.577142171813,2.65732560787094
407.621340342554,-1037.16138473335,2.95059668829422
859.11501726103,-427.126771541912,3.13639455757461
1797.28497358271,-206.656829716569,2.73054001682025
1424.85875557056,-81.8886859830168,3.11687441822459
1604.16011278174,-597.336147775164,3.06277836438962
3887.62185346072,-1303.16733032953,3.03744666467572
3435.58131516257,-253.716598341375,2.99377484597832
948.457569864428,-440.335855559043,3.03515629655972
3429.46171880754,-292.8565702749,3.23171190949087
2410.13900477312,-694.272726240112,3.71524276437817
2882.32514827762,-472.781337387941,2.83699343848628
814.700712304444,-578.840390626679,2.86866256302453
589.636973296275,-1506.38500703967,2.87048189504535
1461.82384094565,-1713.44109612238,3.01105461620618
3428.5859069492,-822.038422260484,2.98557138957595
1122.71670253117,-963.023382852925,3.09832725391442
4020.13731845215,-67.1625727100421,2.86005987506955
2314.53502524337,-992.256086999358,3.0753477201598
3534.27974088084,-365.54611281175,3.0618204883399
1394.60595413333,-100.790337284028,3.3097417470434
3393.89808937948,-1965.58444613956,2.85158021619016
912.957524797024,-1529.31606823269,2.9774879424985
2017.12627670038,-464.335183174417,3.01171069876852
3181.27342915076,-295.99879799448,2.97376856821792
3511.69056111497,-527.308659016714,3.17768860146866
236.624149030666,-106.880867533039,3.31468039020433
1034.51181768195,-124.229931136215,3.02781216453542
347.905213038975,-527.031026446068,2.9706087930005
3091.54116723748,-1797.67745860465,3.03163474082565
3908.3060705188,-5.76417433956541,2.69014458928606
829.37611920652,-376.380567423141,3.15125350713358
3141.05061303836,-506.873267675261,3.04120506481653
3730.15992125998,-337.807824116485,3.17382845086722
1317.56140719673,-379.039727437276,3.2871098752357
431.728986366147,-1873.18720046998,2.87860234099714
2276.96597516198,-710.753398494846,2.69411973068263
4000.15148131427,-97.1932449671317,3.13646045156826
2082.27816598042,-354.554995820628,3.18804707654791
2112.13751134301,-280.447580595693,2.87206074560742
3531.08753388493,-877.801330546695,3.0391799102938
686.827271341806,-80.5651260675695,3.01287869550311
1147.177188335,-1445.53022595788,2.88393906892138
2799.17482448109,-575.997655612294,2.88153669992386
3608.43289674223,-622.429455111188,2.71245994614667
1635.20179047866,-2133.72891343,2.87328001567348
3164.48250590537,-303.47816655976,3.33122452556593
669.758721732854,-448.686237064571,2.95055083414403
3355.81957207835,-538.278546802782,3.05443518300018
2160.04239918087,-565.113900956135,3.07760266325705
3046.23687701266,-1638.87082773352,3.19851933043135
2039.45042308484,-74.0834663216648,2.90775352652733
1285.27531365057,-2113.09793767177,3.15588893692255
2765.85994917987,-1937.43656670814,2.82886014682411
2742.8290801648,-1838.4857505944,2.89474214801565
3574.03770483782,-1890.08923220662,2.9417739361611
4064.93626141428,-403.434842379375,3.06089272997246
2586.78905392002,-28.1105643616203,2.97587416795382
488.167433046511,-1473.32364113614,2.9621312724304
2447.03438418901,-204.704711716243,2.99693839685192
1121.38075199397,-211.307131413691,3.10943214625931
2199.10720797282,-1645.33762677796,3.20916875975677
2040.33679625438,-263.381957512146,2.83018214629101
3124.97199277249,-440.328968717292,3.0757271775709
1915.94949752704,-410.186865887195,2.97461691332333
1452.36490808567,-123.56908455846,3.04881507667885
1310.06478328802,-1415.0669346226,2.95588421624614
3211.23806958538,-411.863970105119,2.9088664211071
2014.49885949705,-1695.20639917105,3.20202845203561
2335.98452316631,-2215.08653319971,3.11684915147085
3114.10244129217,-2198.12392400178,2.90592663215062
726.494181075519,-1025.13413704529,2.93214585267961
2973.81947020293,-332.935365232081,2.808433544687
3527.97734544752,-1671.17847965179,2.957709721857
983.255316398999,-39.2161093650104,3.29366338566391
351.087338597162,-1454.94530766453,2.68208656103935
1493.24268192276,-1217.84073421082,3.06365628545742
3353.1234535613,-1882.41874740245,2.98241341424161
1134.18705230685,-58.2733175269961,3.19521256031189
1206.10808523818,-1081.49267980955,3.1581208756639
176.712320557266,-247.854665132432,3.01063796894066
1335.22778561144,-1650.66759054577,3.02640179489893
404.973768932992,-67.1425062161941,2.82321235123458
1539.1166645447,-233.478054075354,3.37368000180354
1200.78036676233,-94.7529671759819,2.8075661427788
2394.74514467701,-561.768574602949,2.98784719904918
839.253952662137,-188.353631235176,2.30882538208828
2486.66424303877,-361.016475960002,3.21262606525781
1579.75799821597,-198.941750655172,2.88134116327588
245.624831724353,-1728.85413267148,2.87178966053024
2024.97833684443,-2207.55090390007,2.85127530193302
580.908094142351,-946.281167101182,2.95415327441386
188.97436611111,-1645.17326789173,3.02291346780212
1307.99945491787,-2120.19331268627,2.90755207564933
1162.013459235,-168.185619226021,2.87650368456408
1784.79522496687,-1923.72158467435,2.83591537602188
3268.6181579573,-474.861700420434,2.98084472492578
975.376886836169,-1548.84748753456,2.877052971685
695.314542138166,-824.080059912822,2.84462347989906
1515.08457246985,-402.419094900222,2.97736934509587
2998.2029376179,-1743.06655383194,3.04227494483737
354.526841356144,-261.906995142135,3.01832168787704
2276.50454253901,-181.623018002147,2.80720009115889
2999.7459299025,-79.0521844494949,3.00889957240811
1413.53069677707,-220.650806362317,2.98061333147604
3440.44486587649,-848.857638869686,3.26400107975397
1181.07052897899,-505.219516007385,3.10289238367753
306.524166326415,-17.9572996021897,2.88785320490678
1062.26154401862,-54.4688248608204,3.12867643225059
3309.03819241444,-466.420196129343,2.81688557784904
1860.46173438703,-14.8097125849767,2.90922201859063
3333.56121470461,-643.162560546553,2.96350559256954
339.548749221318,-1589.37876038296,3.05786864178462
2421.22094977155,-52.0281995463712,3.03881284127738
1120.84261879517,-2184.77872783167,2.91275510600401
1219.75942171767,-427.051158722193,2.80045655495092
3119.48033378511,-1706.42148397023,2.99974484980036
3336.53626065896,-878.079043912214,2.95902905981672
3099.39801701791,-2109.82162525548,3.06538191951333
953.285072851513,-2123.9258241422,3.09735993176089
3500.2640904712,-907.032557101088,3.03717251266808
548.871344931927,-2124.79763546334,2.97048889816704
2510.07354212849,-437.327183455302,2.9099562967599
3899.40422143348,-364.65980441767,3.02543303217496
3446.78672069043,-467.443764178552,2.83274799662656
3684.48999679685,-493.618368930442,3.20241754200778
3714.00908964832,-2008.83161484753,3.14301240114691
2964.33712046262,-1379.46163182937,2.98381077695406
1097.83330647949,-108.061081225235,3.01818582773917
2497.99104420066,-1931.80735463389,3.04532721671197
901.252565787528,-96.9956125036442,2.95302872218481
534.124484322452,-138.221569304181,2.90127894146249
2839.72212488346,-551.020832346032,3.0886502290898
2088.25618587885,-1955.41355171919,2.91410651345107
2603.40820191874,-1949.51431534266,3.04245644938495
164.793074741556,-1530.01499334839,2.91347462240675
624.28079650256,-1400.23483795686,2.98986782450081
363.967710003957,-130.37080094891,2.93700181706128
291.397034615996,-712.935965928526,2.96993122570599
1253.38777096084,-1496.2977893457,3.14713534970548
3046.23097530579,-1953.69527044974,3.02021006725575
1669.15465840438,-144.110090999096,2.90515158253003
1655.78028830095,-61.1424086450912,2.9992489665557
1110.61975469417,-1596.02004429191,2.8538246149328
878.703462180155,-109.159635744966,3.22415738568331
234.200906044881,-1792.323986383,3.03673994855841
81.5480912603245,-58.9919212781774,3.02404428223116
3672.78968372207,-1437.52159137243,3.11066165612177
542.987649339329,-376.156741950695,2.88586331142248
2957.18345705216,-107.541345378104,2.79503897898322
611.287239440783,-430.186021134114,3.04382078870562
2826.77059586473,-7.92955400760658,2.72270531175986
1278.01619949768,-1944.77296900228,2.87048719567854
3870.67175260523,-288.174976474871,2.97002330894459
2159.98453777931,-1592.11805891731,2.78372374145138
73.3553621068504,-2097.22696025341,3.18223923807256
857.53311081885,-1516.32184006052,3.10129309063981
907.519948065068,-81.4507821752826,2.83952059269277
3179.4402734397,-461.108902153439,3.01226316407056
1700.64335953753,-104.540010523116,2.89884541697993
105.074038344165,-370.28336811872,3.04254594606726
1785.54822513176,-1130.51974629771,2.98758539258691
1975.46670970662,-454.400389122497,3.1205692483795
3270.28951702304,-379.61022430946,2.97466191644306
1312.52472128296,-220.926929737263,3.03299053208877
732.51844495818,-1188.48612044739,2.95065100450361
1279.10756262219,-101.144636519923,2.85126088395634
3285.58871811313,-864.333311166037,2.93786326603782
1219.48961076631,-1552.1534076096,3.02178133742585
364.518650065129,-885.069769249455,3.02236432948659
661.195837047806,-897.624038113962,2.80932712213722
584.832522106094,-1602.53028541703,2.8497291975479
3712.16745432809,-1672.57271079539,3.01254949384356
2416.71790166743,-233.775461088736,2.98829415732561
2804.10783883711,-1961.23612756592,3.11519755271026
1716.60829922941,-1916.14738913376,3.03759245778658
2316.76934313053,-156.472366014829,3.10391745031103
1271.90616304909,-203.012256106592,3.06901895853921
2179.29502076806,-218.763904121535,3.06597851031171
3186.39148641424,-665.425373925541,3.16029939906556
1931.38159915674,-109.32306672557,3.01803656657061
3716.09351381958,-255.758439267237,3.1080570874094
3755.06527014903,-164.42531306315,2.97523795231342
1580.84486353769,-255.848309357897,3.15817967470103
1030.37499492914,-1620.48131727616,2.9425967372462
1051.82317432388,-1575.02981976526,2.9666530262254
3693.57025671988,-24.2004265771307,3.06936790053615
2760.12140633661,-37.222714398879,2.90064342680459
1385.29846025204,-142.855016181275,3.23682458594314
3104.06781285468,-1976.63798235491,3.05444654334074
1008.83866192829,-1024.0338106741,3.06724916032224
1928.87065291246,-472.274289525692,2.85809476420303
3338.93083699154,-1794.41264180844,3.4790105432108
401.777311296769,-236.391350440464,2.94202628356554
2240.94394795872,-1761.78827645211,3.12485746709482
2551.02099591698,-2139.57483863419,3.11037847876518
1413.65803394938,-1970.74398034735,3.13652108376297
511.022668023588,-1752.61576112333,3.22742676433267
351.407733186186,-274.621884422236,2.79991999106768
1794.32198357743,-1647.39270961308,3.08689356099119
1901.21524849482,-2180.49702992415,3.35139199191976
512.125746723645,-502.675485278113,3.2815501281488
653.44521895126,-429.3488295256,3.21047578830979
868.375681263496,-420.976597990748,3.11776744839774
1057.2919389302,-350.073450963449,3.21586714976977
1362.94879762373,-152.988434068695,2.86260649582479
2020.25943278985,-520.755596284376,3.05788349847308
476.900089214572,-144.794559970115,3.04890493447529
998.916907204589,-248.03409109714,3.00824092822894
1825.03542495828,-135.413165362893,3.15186361694984
1635.41888195588,-299.709947045854,3.112175025326
1971.42722586193,-1410.25430554618,3.27331135526314
2609.13258907243,-317.330356560849,3.10497503860003
1636.48552222805,-1023.02572215141,3.31230575589389
3606.81097944145,-742.706989998017,3.36267404968917
3981.16733129937,-538.676965845724,3.31280216710651
3326.99619652368,-1713.48114888659,3.25407547560337
1312.66393127131,-1602.39093975075,3.28971715951758
1944.07491024255,-1500.19106931882,3.37078667496085
3625.13734393951,-933.005749449341,3.43359913850024
1989.59760367728,-556.049633837846,3.21622074153604
3559.09544738446,-1624.51924410947,3.48281100160494
2994.50556638412,-1639.13263249134,3.28229851698044
1180.33535384566,-1909.80923784619,3.25216807410529
2893.45807951525,-1354.58046282796,3.17614525272222
2599.63738868149,-161.574226905086,3.33850741979672
629.505336211223,-282.502037692818,3.31786657665186
2408.72387640021,-2210.59791755291,3.42685221598582
3689.69948711925,-522.263681740171,3.52696310177836
1942.02636004186,-764.936444730884,3.48834251789685
685.975341760049,-1880.01177415909,3.41528503693772
1833.7059102502,-273.171736034458,3.46477647262462
1693.24754183442,-184.964303237711,3.21691577030012
2793.52182093462,-1380.06204190485,3.51619632556585
2418.60992756899,-2197.6480686557,3.35163760769088
3348.4451454147,-1738.90731189927,3.59407449984481
2528.50390533484,-770.623028864239,3.32650989244821
2816.78383374152,-163.273302857297,3.72898167032751
1883.01986497988,-544.380662975633,3.48279977138477
810.646002147552,-330.931165060423,3.45548533600787
2321.01711797578,-1498.62195479092,3.49306732491104
1514.03182651673,-341.658656661178,3.32374101617043
1450.03920208105,-368.792584507218,3.86035392504592
2567.69558578238,-177.023109066,3.48828268389551
2965.2337765919,-1472.78874037134,3.50074718011808
1481.23052964484,-317.355462818802,3.64629776763217
1449.66745905588,-266.236210341538,3.55673345558719
308.590164759556,-2204.52863930922,3.75655495252712
1318.13126466969,-1515.86959319567,3.85548080801248
520.518345030512,-307.494041838695,3.81571440287246
1915.21012410025,-177.910387037529,3.73720872254944
1391.21793001345,-346.278252533341,3.90912382745904
1599.86193267304,-1692.11952192596,3.82434688687081
2033.71173619522,-215.336153217,3.63697058965394
3009.00222292275,-1832.79806458667,4.02413135150997
443.759157576126,-348.374554986209,3.77093951889179
1940.49379900424,-490.700862165277,3.71446222126344
1320.01093050852,-187.628760676969,3.86944589594053
1091.86485482418,-2121.85225350469,3.95029934473295
3438.26680902525,-1831.68064984564,4.11028648040093
1163.29830206371,-1518.0137143913,4.05559101195008
365.594762183276,-210.454848435837,3.66733381063707
1535.82297057932,-53.1008346732709,3.78451252025493
440.623060634768,-162.210009290851,4.00347744720851
1034.74388006419,-65.665507498212,3.86384248981484
1533.4044811107,-1690.378893185,3.9256992808637
646.865481099887,-183.634911787512,3.9930510087152
2313.33846935792,-519.728971723464,4.12217848303791
943.49336101673,-37.0260383131227,3.68257296884794
2380.5056048217,-1618.92051080868,4.08903785426342
979.341121418714,-67.163336529469,4.03301628204319
3437.73241818297,-1586.09596432115,4.38399233694789
3886.66398151087,-210.466292147783,3.96945766060916
2750.81952929533,-413.397144035151,4.09238200866266
1876.26319633556,-1631.71965455367,4.00327169968338
624.544864465861,-593.996649760845,4.14429997132399
1311.32947566505,-120.710199820841,4.02851359667846
2962.36927653355,-1937.76450861645,4.22797683561781
3513.34515566306,-480.377981246145,4.23116810510939
1436.53128816176,-1451.4642874441,4.44694485261714
2766.47531505608,-262.291788701967,4.12350466961734
3970.86210460134,-419.919214544814,4.01315575942114
299.728259038955,-1854.06557267613,4.3760669367869
2230.4751937381,-528.14368295668,4.36206622838918
2290.08432146792,-436.36329028556,4.36157214935853
2597.07451678664,-576.91638851158,4.43677859664043
1097.88488168617,-702.199848292587,4.54829408563048
3419.01008778161,-574.655843836952,5.03631698582654
1514.85562862459,-520.541960050128,5.00840697474076
3660.58941277886,-1609.66751818031,5.29443020487854
1698.88929731932,-75.1765645795681,5.26121186729608
2862.47606381183,-457.121716865899,5.37033144181736
3223.51806611633,-287.32708672074,5.48945889017311
1839.77303990577,-1254.52615243113,2.95387587908927
3076.1387962037,-1048.39199115268,3.34723186382863
2804.50549731304,-1260.99397240763,3.17271658803331
487.183401256126,-1791.25229382932,3.11439819649933
1684.19078324559,-494.949232819433,3.19820661606962
697.202485496087,-1700.88436677533,3.1979309076177
3310.3587422812,-2167.84081528191,3.34743253101316
1311.75070713404,-641.376974585569,3.38986534863287
3351.42892127013,-728.763517660407,3.50993074125535
4013.42845376663,-83.7913276538491,3.58966784692697
3365.02080906113,-699.060144993996,3.29840489151539
2585.47121072094,-1677.11492279147,3.52643988728354
745.631235870424,-331.713219590349,3.42589575947277
698.13953575216,-2062.79737131309,3.59189485710963
2320.2193672078,-1547.57429569334,3.39737159043768
1638.06320769583,-2102.1936178607,3.73951278061256
1498.34955975121,-1519.01809492242,3.7276654142039
779.774915218581,-1943.34905948169,3.7037299994296
1665.65112294712,-729.955622126416,3.72568370273231
1681.52934011179,-2027.69475614558,3.85097326324332
1722.91870013996,-523.943972221907,3.92612166430683
1261.06262177416,-1417.00553153378,3.81361219014785
1689.06525750743,-1193.05515159318,4.02676994188853
516.961790547407,-2193.26931435888,3.89606097640467
3773.64058200463,-903.591152755499,3.95914949506096
3919.40039114051,-1178.07067052793,3.95168030105932
1646.28264323888,-2076.62502120307,4.14881465357324
1133.21455805055,-2158.09174062559,4.14553958846377
2282.46811482719,-2199.59469661845,4.01677642383294
2743.0798239191,-2077.38376865686,3.92698311725701
3818.09809825377,-1078.50332725228,4.34926636465504
3718.8851750703,-1549.36707017575,4.09894395397141
2600.28683584523,-1742.51140248558,4.60093745765516
3896.66816974956,-1019.36771441713,4.52811959163838
1875.05133408633,-896.387034070979,4.49685802937183
398.721976181143,-93.3325594244812,4.67634672871256
3922.78565235943,-306.867987212425,4.69485739927448
104.986030515926,-523.781477412959,4.7024036001688
2109.52888747012,-1041.11681752089,4.9326655769916
2279.78811080848,-1722.2954507262,4.54785499229865
2034.96737395269,-881.290735954772,5.10003896311068
2325.23249458081,-876.270971344636,5.30085900273303
250.094754979765,-204.012161585187,2.90550769466663
3663.16068038384,-1528.86907489674,3.09471451198792
3044.38058145425,-1465.47914851049,2.94494197867403
3109.01742100515,-1359.64511491111,3.09300676099442
3943.16623343987,-1352.81014776624,2.88841311435544
3959.91801582219,-1446.05610826259,2.90321368359316
2910.59723348479,-909.545207134251,3.11776874777746
3698.07052460803,-59.6786428208821,2.79336356387303
2144.06322117119,-400.949229010364,2.75827169490631
1599.55515284202,-959.261634675564,2.94409005104204
1552.62963028315,-1484.91484799448,2.99693634299038
212.86810342752,-1949.64757840815,2.90961430749981
3305.990501133,-374.729104287011,2.99692619708432
3772.23502367429,-165.416955020951,2.97281922575222
619.05580673694,-1202.13946701248,2.59809118338314
2372.36780378887,-1162.04982361739,2.8745142004342
2648.53338927563,-1523.16323134292,3.05405347173865
3334.34246023204,-96.2736677687216,2.96701278677201
1591.31091104245,-1591.43579474567,3.20692958409801
3027.71962930156,-1267.60788246332,2.92909272756171
2030.53535227989,-1136.44153268781,3.1459075068564
3481.14940999951,-2169.16585461681,3.0193603342487
1695.77826463949,-1421.3972618623,3.31904970913371
1198.95297361992,-2123.68421695326,2.80746132159937
944.987976769198,-2101.65940615735,2.99989002236301
2520.34481027734,-877.326384041997,2.98084463588436
2927.06693089031,-318.965791361848,2.84605434649589
3878.64271844278,-1119.55037350467,2.92009201455611
3949.18773402468,-2103.70122226591,3.08655333847291
1488.22027271338,-806.211938691604,3.12476427051889
3519.79038484449,-1949.31523815475,2.89071223256561
1029.14232628154,-673.513889752467,3.0789361826733
3829.08310312078,-169.356932045022,2.8067027397082
1224.03144621827,-1609.60882380166,2.98378835545831
1766.62749386021,-1982.88578339262,3.00821788295372
2944.53333125295,-44.2364718523977,2.81036947709254
839.77999433156,-806.010358795971,2.94154646728894
1165.3344596129,-1807.40393160251,3.15334668190318
892.682888966733,-704.482107380015,2.85011027467023
1659.8888091192,-1990.86377744585,2.99663464734303
1297.91498484115,-2033.65052915985,2.83211329198621
622.347512019165,-1785.87161894061,3.11878193342035
1821.01239922341,-1055.82068311294,2.90099507635517
1623.53400118876,-1748.2352085178,2.76109395734861
1172.50030173235,-309.021164625468,3.06952051772448
1122.39108696405,-1708.99502397377,3.14108491923673
1150.08938110873,-1620.01399288076,3.02220056098319
1490.20214439722,-504.823433100487,2.81798410144399
175.696645968036,-2142.87711956175,3.23984566430135
2803.88253979166,-42.3808613655119,3.02683138848064
3142.92922480982,-1774.13900603619,3.19377873664059
3108.90498969625,-1878.15088884097,3.08292571281054
3422.16278369004,-320.373629984343,2.9239806253931
3891.39441808478,-1795.86882529458,2.93709989748251
1172.59635470678,-77.8652838346684,2.5254439742531
2411.12596428431,-1536.53776202917,2.75264878389874
2922.5702346409,-1651.13143478302,2.96100598896584
3829.3606845529,-1375.55388921419,3.34975354603744
2260.47156296292,-1394.40218528597,2.59959477955471
629.913901939568,-1931.65778448064,2.88261958141172
2088.22143859317,-639.836735595614,2.66375369747237
3323.14143091739,-1194.20566266972,3.10241556620623
485.865698290114,-1042.78043895825,2.91723210302997
2856.24159764371,-255.669170584347,3.15968687164868
668.907740458289,-2202.57519114333,2.97449148414596
3304.68324782068,-1508.40168522605,3.05423577279021
1319.41666951426,-1456.88542548629,2.71152424463077
948.157931438417,-348.377489501377,3.20018396219306
441.228896030808,-355.261770609406,3.003239764315
4023.0143062847,-899.064156546809,2.93406080217585
1146.74350032802,-1678.50619371126,3.16817777501599
980.418046343438,-489.887039692682,3.00232213091945
3021.5660534396,-493.596404956366,2.97434033896252
2938.7802972474,-1062.46065290333,2.36946732876944
3825.32773574929,-253.852566861121,3.63999544988478
2877.69486618922,-2072.5278424972,3.24157561255147
4056.68668243561,-59.0163560738858,2.96868192495449
1866.14579216903,-339.038191201014,2.96612962956865
1912.03770086492,-1308.0456594255,3.25559392334722
1203.2522457966,-772.773462293734,3.26385155134119
3203.42708090384,-1894.72546649103,3.42316064635906
1399.0691832779,-2200.51772055202,2.95336508475102
1760.95773999423,-1039.89783816889,3.04759866052702
1804.02381771508,-1947.07157875232,2.97319621936869
217.159753028376,-874.783104235089,3.14733161830093
1826.87134347096,-646.503842425473,2.60519652117648
783.297812300113,-589.483937907733,3.03097855205379
3474.84710058659,-1256.31700245887,2.62064291626732
3613.03237668951,-1250.61369593533,3.01199470013382
1797.41455904433,-1379.94546653711,3.29039523527761
1033.0275793063,-1906.30333797522,3.43622333055533
855.620043830346,-837.361205833491,2.97686638165747
685.856752947903,-407.571627806654,3.04129124706644
661.996963054305,-1479.56986430277,3.00169947942484
2343.87686835449,-1959.95780190984,3.03878631931252
3998.49032536664,-728.61222295669,3.48390431843195
2923.38421901627,-1941.59977557661,3.17325944170494
1242.16049902992,-1086.3793775562,2.8931565604769
591.574699901439,-1840.39541464389,3.12235321680956
441.442392917209,-1996.18887815067,2.89361995023786
3809.10334789574,-234.22195966085,3.09612063479577
1856.74038693805,-42.7833433261331,3.03705979517731
712.971529425916,-553.364732428322,2.58726998897133
908.39237924512,-750.026439600733,3.063566710009
2232.68499854766,-550.33175386751,2.87210303756666
781.888911702495,-42.2722728325705,3.70104822413127
1838.69994392484,-56.3513352552404,2.86347205755865
1550.4351870759,-627.961880081408,3.28205400642258
2231.53835929194,-1240.46767796633,2.90919118573423
376.700693085356,-1065.60600042223,3.04520003475251
1573.54907029477,-1340.23326958814,2.98985612169187
1125.24705848492,-1813.75688079234,2.90337778956206
963.347504349774,-1209.20610754949,3.10102156892892
232.74247600399,-607.653032478209,3.05972827653518
1553.34077159349,-921.331748515177,2.8894503291051
2652.94937676363,-438.661985783005,3.13049747788905
1345.7959761182,-1604.31359910996,2.97162694289804
2501.76708288263,-1778.45754634654,3.0749018833382
3965.52365523728,-291.539601888089,2.82798459456286
749.331737141462,-973.435688589841,3.21626844224756
2106.23700422327,-811.229014867019,2.88688837150135
437.482648041502,-669.036301332636,3.0782668331749
1682.32738178122,-215.641580690446,3.10283266835306
1437.17984485853,-1866.08401001514,2.80910119197428
1380.97301545396,-1424.48932779779,3.00550090443776
3091.16470811837,-477.174639432209,3.00244916725124
2728.62470044088,-799.590245824535,2.83804726757681
2970.08041198102,-1406.59953750557,3.05058544060943
1469.31992135534,-1363.69851077384,2.81277259871688
1555.96168810255,-1223.00001272814,3.19456367374905
1746.70202484188,-60.8138698291112,3.27727522237954
4015.91570235823,-124.174451524501,3.39308294660212
3523.217898656,-271.954467946168,3.11573550080738
3501.24448193564,-942.13296315485,3.5271516359272
1238.62472171664,-257.188350374176,3.17788569580162
2072.88004933766,-768.946064174205,3.10189322993198
1879.74974555955,-1044.45752726536,3.03785187384451
3247.58809772021,-1785.51465844925,3.24464720414826
231.379574826864,-825.528232795807,3.1814203688249
713.375455817358,-390.450731966567,3.04096270141142
3152.29910156989,-826.280822230283,3.06472452389051
3694.96102265203,-2081.16983774048,3.0951107590595
1028.1884193568,-2047.92950059388,2.69466532516566
3384.72719226007,-1099.80591551558,3.04471222913247
2217.89970844434,-980.173905268089,3.12766083939413
1395.29658547296,-2163.76478618999,3.28635962404968
540.157100740719,-1353.25459725518,3.07913338338284
3708.58514270142,-475.405812234485,2.80107307700344
1560.77633859744,-1282.01396806355,3.01838345756982
1879.83893903491,-1790.74323711967,3.70973171196057
1219.44816590664,-1314.20027474696,3.1513542529841
184.682158634555,-2115.35541427179,2.97009058676404
2922.3091278043,-1467.48865891254,3.14245301775038
2627.18354653719,-298.835998471221,3.06277914827104
2977.59748238652,-477.134051247246,3.2320473671613
394.341206911982,-1648.4439273297,3.07392218086395
742.92907358878,-1842.2692218127,3.1109132035382
2422.43390649342,-352.062030953253,3.37638214236067
3693.51866707726,-583.426025937701,3.18275985537821
509.345683850467,-1414.69127410671,3.10859593861766
1257.45129065502,-92.5735527407977,3.16610891138054
3092.59295611368,-1250.91135761538,3.13399702239796
4046.81277946734,-1380.24529883722,3.15711005657964
3184.27733928344,-1652.05396456581,3.09186675353591
3971.25550572667,-1126.34903452172,3.35439325906735
461.894035764641,-718.031181647734,2.87779719836469
215.466087749608,-21.8052610888329,3.46402243631757
2102.37900093328,-119.661707673134,3.02291607969483
3070.81420298686,-1764.88379043408,3.10735361480053
1312.49224480534,-1299.96838421025,3.37557951712696
3981.64251621901,-958.951534504969,3.18576308283902
1573.8808162668,-921.094043533349,3.1139798265862
2581.96304253416,-335.645445796632,3.36899558459474
3118.99636575792,-214.434041406215,3.32510801750765
1120.74741652103,-1568.719293603,3.25533789392969
585.088129064184,-1732.54869416461,3.53141725214748
2784.38345638246,-1548.80086944703,3.04599331114176
3634.77538735801,-1966.55799231527,2.99828012608016
933.08868827405,-1775.57022529647,3.27823553215589
4002.98178439002,-257.989375855559,3.61186214789153
3933.5708292371,-1686.05231349446,2.92293542913138
365.486331626562,-1307.45123758202,3.04076407383838
3231.32683284537,-142.991907420493,3.36751386591518
3852.08229611857,-1602.25706878554,3.20313727697608
2063.89174978538,-583.199680060511,3.28714494749834
1086.25260131453,-818.863020850976,3.0424663510109
2156.3865014562,-1080.56600857716,3.13709731912212
1379.02821504346,-1230.37144920704,3.14625771006138
1401.44409068077,-492.19690209023,2.87027655411797
3145.90812735466,-1548.3387894699,3.13640207649572
814.473779284132,-2134.07902910463,3.44601405028954
2060.23406786557,-194.779286076132,2.98670155311025
1991.25872291658,-753.282743357553,3.24005712052425
3247.54863127872,-1871.80276369774,3.06839637284712
1390.45439189126,-737.914627958189,2.95388635025728
1310.72664956345,-1320.81762539884,3.34259756978315
1534.74848801434,-880.31372795093,3.19027171930924
1684.87020893043,-585.718467285406,3.4434243103258
2002.98720179584,-2123.29938063365,3.10573128546066
2933.5764317837,-511.738204300833,3.50286271556913
2851.95170536675,-1182.95265618421,3.16133246707433
2500.70739127687,-1550.13037259383,3.77933504795019
364.338312250188,-30.5897174852199,3.43083151972321
440.749402595443,-1103.5234867335,3.35195756717419
2320.98744218445,-824.077892318059,2.82734110273962
1628.17196208761,-787.282754853913,3.30866872444741
1461.52546668685,-699.749983861028,3.36010406967735
2955.43149597823,-482.126412722467,2.95850176736606
3349.20243819629,-1192.99051822867,3.1639261485741
1151.43646740563,-152.427593623217,3.32835199951405
1796.33179137555,-454.899553593976,3.28396834355048
2640.6092541776,-785.180662184403,3.03985301637772
1894.56936223364,-27.1886875204623,3.19884081746
2245.18072621809,-1530.83191795269,3.09089220806382
3646.5545362575,-1868.96006967903,3.10294088782494
1016.17629804772,-2125.15158962916,3.42345432406844
945.149667647383,-1654.20268259717,3.37772943553303
87.3701472464002,-1364.94080927845,3.20665139635636
366.559737117055,-1517.0166586014,3.19655192285437
970.630755224097,-151.527630562378,3.11299529070117
1925.9634491685,-1139.83500909301,3.20956662432096
491.793902514487,-679.447385645651,3.37691853141038
2075.519518565,-530.097087352014,3.23051499941953
1976.07326633721,-515.186165196032,3.21741316617258
3226.81196930223,-1366.51349584382,3.19437109134133
3607.94763752824,-396.748826676543,3.30291105413369
2017.31550245464,-1494.60272577318,3.35674076858995
905.624751995233,-227.977824966571,3.33065583975745
3241.7901508409,-1899.0799614605,3.32403241007433
2744.99207985828,-1739.3959589771,3.35960809613543
954.896498644057,-1905.81017971998,3.32123444451376
878.019009173536,-151.755078443635,3.72433913611952
2978.33460868783,-397.280950287301,3.64112866024652
3102.37962465171,-2148.6566337217,3.12936276825673
3441.51574974714,-1753.23076583264,3.22589873584776
951.44870597294,-1232.48783696479,3.52444533977469
1742.04317114362,-952.176545757749,3.52339983573923
989.867485566477,-1834.15058146851,3.35914189327528
653.480819975971,-396.246354999536,3.26991279371964
1377.33701033001,-1960.42405600358,3.15513670079957
2727.23121734134,-1566.04461642452,3.57314552354361
3613.56127030352,-1716.117811793,3.37499411105189
1591.55173939732,-1145.76149704668,3.42882918088189
2700.2912227409,-488.379992106782,3.20626701087781
3892.50775757424,-508.884515881195,3.2432332910188
3471.4975873195,-1375.00184808086,3.41117568137234
448.479784508832,-277.087411943519,3.22968995625884
3050.00399527415,-52.6617219967177,3.62753097010104
2030.93451732056,-888.108417059342,3.6354295415376
1053.96895210295,-445.228074453007,3.32601084925718
2147.62985700727,-668.52272290621,3.26902668290716
1924.21456140129,-2156.02032670671,3.57446406762711
2685.41627526195,-276.093725361465,3.48447739244663
3199.00567742838,-1517.45599987124,3.41931433893087
647.54215646283,-1911.89064959112,3.34663796743891
1635.0043652208,-271.963682785904,3.31160284875706
3259.25152681485,-123.405135996925,3.27696369996064
3319.67655402443,-1608.6014887531,3.23925352647723
3842.35432021346,-1646.63399949385,3.34146067576367
3493.40954985856,-1830.31326004638,3.35855897596057
3750.14661267752,-1079.62001285674,3.43134957956403
2431.2934152284,-584.503381493608,3.39617859723645
2017.73697758361,-2051.15663122421,3.78883676239844
1120.11025549636,-546.265641863198,3.33718129311895
834.472977929191,-1027.46787053038,3.34262343666524
366.387181688313,-286.305779796621,3.46897012562106
1879.36255129581,-1256.3592856544,3.68605874857903
3939.73733486799,-995.711970668742,3.44733021535981
2699.21055935461,-687.559074428176,3.236102512188
1259.42104685429,-864.453115801651,3.58503827832492
2787.38959526846,-521.556784836987,3.53943440083025
3615.66674498168,-1774.52400975794,3.54105026023855
1950.14746932957,-1401.7802691088,3.49159202574663
1205.09681908642,-1165.06758137113,3.69360372788493
3650.11422563682,-1661.32864707593,3.68042430933415
309.324367236081,-1978.40543999396,3.56583273505756
3614.87239350498,-1420.3474581698,3.42242664073273
4048.80615822571,-1045.83026328525,3.75119929795639
3478.18693603709,-1464.87192256627,3.54910989255308
522.064063213638,-411.404464337652,3.66070651843647
2007.54230228653,-967.946710614651,3.62200964966013
3337.75291721416,-776.481034177422,3.41308043270016
233.32604272177,-532.474312429753,3.32988120706052
1445.06878801116,-1261.39706736162,3.3347604812318
2623.78896994563,-57.6607737839545,3.54988118330138
3129.27536894552,-1392.19628215312,3.24694481781622
2908.18084151222,-1790.8083562696,4.17405695327686
1048.77815635783,-1681.97901158694,3.3682265325786
3170.16739971108,-1386.59780896852,3.55193778751181
590.567589266027,-77.5043328641595,3.72760951504008
415.43372913649,-579.063934899906,3.73658966006698
1840.72610134041,-745.946564740929,3.74387941534462
3748.50470604619,-396.466425264426,3.81164319594725
3688.85104476989,-1320.74575202556,3.27663974207403
1391.7318156851,-1150.04962310884,3.42900552836005
322.899733713701,-637.689045215126,3.28310838325696
3855.23790578387,-1439.68848738002,3.40590112521057
3247.8225635407,-1963.18147120272,3.36704374501941
1400.24828181142,-178.299854573737,3.63230532248648
2275.52299336527,-731.663797957334,3.32117640153582
3710.36707922119,-1978.79284796108,3.51121038012266
3615.98349450468,-1191.00560030764,3.67371642944679
2185.54151154034,-595.11091551633,3.3903671640086
1016.66212790542,-2203.40674138125,3.51385387694796
2741.44757977034,-648.265903796472,3.69081305560278
2225.7048462214,-1806.08965823636,3.46968781771975
3043.45535270222,-270.402306925583,3.42079232648796
2955.71560739466,-890.026078111586,3.62777506417513
3740.6720543316,-1785.90794832027,3.83749694826591
2974.7173779786,-917.218129734856,3.19166559089694
3756.02607714275,-1340.32559992462,3.66684607457233
2276.26657489631,-878.431589300966,3.81628683995959
1963.22147276251,-1997.3064873849,3.62807467066187
2245.25688616428,-193.477571598893,3.61472266823981
994.341875922863,-2172.24392254369,3.49457732241752
1560.349428919,-326.555934677535,3.82519279914564
3291.61406536428,-1695.69835612608,3.76731465758845
2849.71752855521,-909.74321874593,4.19709610057658
2601.5465266808,-1874.76169411963,3.91792961512897
3016.58365496209,-1004.06969694928,3.60750547828657
3842.39156605972,-967.916682919872,3.73049507693737
2514.65085643259,-302.843433980781,3.70470530509272
2024.53646875156,-1555.8014327101,3.33692647271147
3897.6537293931,-1468.05684473552,3.79812551117053
2919.58752590455,-888.165156136093,3.59130030492647
2046.30106850463,-2101.84803775617,3.55937071830137
2000.17304732363,-649.573982189449,3.74764525016288
2248.21901588258,-1204.30267481136,3.98243736474707
155.570035539719,-1062.67352732767,3.58630979939938
1781.5959385254,-237.590014034875,3.60011590159098
2299.02094769924,-2054.21141877592,3.85467182336408
2391.43647629669,-374.503208349885,3.74396813467108
333.588392798534,-955.930030974569,3.77960932537202
1761.10557776599,-389.946767339052,3.69162741263816
994.704754592533,-417.742577991914,3.64731221008035
1808.62766332388,-1306.64228795192,3.68449604555466
2395.31545719437,-1424.57869142707,3.83834424460052
1540.10909953776,-964.200297728185,3.88402983851191
1633.00931480745,-1192.69769956656,3.56185599494357
3062.07733948407,-1360.89469142158,3.50415005701724
3127.53381242622,-1302.32937367127,3.85746598210437
1151.65007431858,-738.136992660337,3.90208596641277
2441.16916817557,-430.357058952562,3.40372045356527
3915.9289758571,-2187.2991944509,3.76854123965336
1654.42773969757,-1650.99284270854,3.92226883792364
2106.85348035699,-2101.22347382042,3.79113142219453
3227.9528757329,-193.510936439434,3.77420513569734
374.886954298835,-2048.66362644186,3.90003982629414
172.433250267812,-1998.92916974103,3.82733175179469
3106.26036600722,-2080.47918384956,3.61874712762546
1926.74850281201,-717.514794042371,3.59549380645944
2098.82212352183,-1763.30557524168,3.90317154318168
1366.31625819416,-217.366073398302,3.7427407967817
875.540615725955,-886.28248388322,3.95565055169922
1766.57383257126,-349.022767484482,3.62598866012983
1992.95932155978,-1816.98863961419,3.94259415328634
2200.22499393454,-1302.91989157236,3.63109701263252
1807.39726888069,-1666.50783346529,4.13704735895723
2152.15358642139,-1465.26959053945,3.84004786056227
631.434943293186,-730.916550598766,3.95218189040844
2995.61110936743,-1868.9468215827,3.7679828230839
2021.72084988259,-684.331443812789,3.91880162556903
1190.73172387677,-906.44417113102,3.81715725133894
219.826767574826,-141.912926909937,4.05459077769172
975.907728625162,-669.281698731147,3.72915202311815
3974.10946527935,-1818.136724465,4.13941316576441
1740.25550980346,-1677.23520824063,3.96011902000541
2911.94768382576,-2122.4442535192,3.88916721653682
3304.12680622442,-1000.93475971722,4.01189016256498
279.463759371193,-238.214218920157,4.02834663695613
1925.43911141804,-348.457648730694,3.8991578155172
2154.56137035034,-918.947898571071,3.92877872002288
2492.99207878075,-469.900103832155,3.94866981914763
809.078208500905,-928.792679294742,3.7670176446039
1839.67734503573,-1873.10177474555,4.20628775324514
3998.80691190417,-843.375081178572,3.68566284061133
2613.57327509738,-1812.68769372661,4.03772191281835
2189.62375700109,-1358.47231014698,4.3747046513006
825.985696264277,-1784.37015687737,4.05865957237803
732.280376992513,-1903.23157929544,4.08912877414065
3623.38151400529,-1370.52522227086,4.128208781985
1336.65654476373,-2012.96754907353,4.15869835993799
338.104140902398,-1428.692859,4.11447983946596
1992.54652029678,-431.219918297399,4.38812749700158
973.361070286714,-370.82176025573,4.25243592204077
1038.96655974427,-184.564379521491,4.26210833913815
2103.85628658401,-1919.50532395526,4.30038095989506
3521.53056945515,-547.775211543653,4.41202167122049
260.648655070834,-1008.77959811018,4.26381080217113
2283.02589458164,-1360.77562020285,4.32605058299071
3703.38671998283,-1178.41569807692,4.28821529600829
1750.36127180348,-1226.95345519925,4.59108999202496
2551.77390936446,-2117.06758032826,4.75348217819961
273.863103422609,-1196.95589580963,4.51485869785622
1253.48040500391,-441.212844449018,4.61272453509574
3682.43620896623,-965.941138629791,4.55373459630353
693.376717124852,-645.54778474083,4.64200073706143
922.148938985652,-1997.54539761271,5.00581460479833
1331.86638020227,-1728.73811610017,4.66536658830493
258.605505908324,-1324.18862958752,4.99196511096298
471.886057433213,-1966.61465935374,4.97799504043309
2896.31994443823,-1424.55091733936,4.95751641275414
2951.4467999054,-1605.00719707484,5.07028531867053
1176.77854684595,-1817.72100538091,4.96307275533164
1683.7553134959,-1504.54699113195,5.06266024012209
648.869306884938,-1444.65848769637,5.187873590917
3316.39848720514,-554.617899512482,5.61283879551279
1726.3828168445,-1099.1763962301,3.13392001782615
1110.79323062317,-979.063757995435,2.92575380589776
2550.37526473588,-1867.55663592277,2.99253020077672
1019.78145892228,-1550.832733332,2.93814144359586
530.924029723468,-1315.79610843261,3.09620415382817
1451.68483600394,-606.519139379664,2.67399348766636
856.547252412241,-1134.78478592632,2.96366518927329
2957.98802273761,-694.791964786574,2.8028204364993
1590.57894524429,-590.688056546771,3.15296316049093
2143.11607226851,-1094.98886903899,2.97277011166187
1258.68359891444,-566.917346238438,2.91375615364923
574.766724384036,-380.216128503842,2.87861061845474
110.074285957243,-333.375520479562,3.01986820624054
1763.64204944541,-551.120296136346,2.80088035450636
2358.26732938242,-1735.00258937326,3.30589737199152
1652.1522511396,-603.476856199526,3.37604623867077
115.078742806977,-59.0003016118711,3.10631524245922
113.757797230527,-444.485519604482,3.30885201299018
192.977881106101,-552.368399739242,3.60832506231868
365.794360789512,-481.043658055227,3.2472018928671
831.281942225783,-1233.14486957419,3.69817171199324
831.080976269024,-963.69600945029,3.47249479320845
938.875416549751,-822.722908347398,4.09780639568313
1484.84446758715,-872.943583314551,3.83847721416231
2115.76185657345,-510.759229067206,4.56702760184583
2208.02855126411,-411.432750229709,4.57784068831843
1877.91697604351,-1702.3219327256,2.60461103371304
898.796912518047,-733.975299762608,2.84019792056158
769.417263147837,-2097.40585117716,2.79677248888591
1850.15343025283,-1090.76316286756,2.96725952205011
851.032129212228,-1878.69060181446,2.8436754162237
572.616803528443,-639.471112818565,3.15004751650893
2648.99113389142,-1806.76251549684,2.92630939034172
1489.86812244163,-1179.51279966975,3.23693156725802
2101.94371731745,-2211.74737934726,2.74416861828564
3652.46586922047,-956.163167275576,3.06644273107669
2868.22876135095,-1913.10638081243,2.85832378528982
185.065857832627,-1480.57466529113,2.70253632869678
345.904964292355,-2186.51956207158,2.94826683474914
563.502194157712,-1815.58197798313,3.13040680487089
3656.9101220173,-1777.4617905872,2.86885811134666
3688.12894343277,-1184.19244111546,3.42762733425206
1223.5950587499,-360.589074620435,3.60952177389057
3375.93764361375,-535.938485277839,3.51200993977159
3342.31591017658,-745.191446550372,3.4010192989948
3255.67331415655,-2003.76474711751,3.20650491522197
2775.33446606884,-266.383531361747,3.18888249460637
2471.71450508564,-1717.57982402884,3.77383229526956
1048.49485209733,-1275.41623945977,3.39027135417837
2079.07679545783,-2020.46214765833,3.58376541680679
1982.90094412767,-2063.89229448291,3.88450856821611
3266.38733606435,-81.5958377518462,4.1549827867304
3812.56099965817,-192.933971468631,3.97492088976262
1555.84423721999,-2114.05515006547,4.37592995605863
1672.62841394275,-362.06301985705,4.79607580241954
1714.15211247834,-2158.7038361002,4.95892540985165
3625.92981013839,-1874.21043808094,2.92558525282792
784.206611858668,-188.875968735471,3.12761977438361
611.720544971251,-1145.97731974971,3.21262922218713
2795.20662277456,-968.771456155461,3.08419492224216
3633.15701986261,-969.392348579037,3.36359826780955
640.953844344106,-667.125934345787,3.44125095588276
813.664803427672,-777.643303064319,3.95913583717835
2864.86409250303,-2154.73782896896,3.72080726762211
1133.53544670444,-521.598033528164,2.85180458648728
3072.42791176789,-582.378377291335,2.84528003620184
3276.64655225817,-945.628918243121,2.90676453481529
794.038087347369,-1209.59298566092,3.08135281780334
78.2673005057491,-1456.4429724513,2.9934265391291
1498.15611633908,-1901.3717308052,2.91124983578113
222.439078234217,-399.826953277759,2.87587861639148
880.054807982587,-1861.50073064755,2.86345016422774
3660.7653473471,-1274.05447636944,2.73181393924028
3102.85040745484,-776.29496890226,3.00539920097302
754.009801969212,-1243.90346618765,2.9849246198659
1428.74460647931,-1002.81434969207,3.16480355176209
529.977068633966,-1394.96388613916,3.28334563311602
576.942411632343,-1314.81838304531,2.90931474738132
1891.00680600798,-1576.71464995043,2.77812645087717
3831.758224722,-2127.47426488813,3.06325338387933
738.070032207439,-1457.69137546404,2.98528293750839
385.143426960324,-1364.18824978426,3.32241344657601
2321.43988687386,-472.256124330581,2.60993577271281
741.10834308181,-840.653661635082,3.20906157636934
1732.69120996869,-1834.83704217744,3.11324824172277
1878.84681996153,-809.133403246682,2.94626036027952
3864.23663848989,-79.4889636322571,3.0504128869574
2663.90934522937,-1721.83948034507,3.22705214499129
3101.57484061911,-260.027521777577,2.96706145265591
1208.29118844642,-1056.01063797705,2.95541637000776
731.434266662906,-1951.60965193189,2.80847392332317
3706.23794639113,-752.808026895095,2.99885588049911
1745.8359367828,-182.721362986969,3.06498155613978
1129.8379604067,-1156.56480271332,2.70903973006687
4008.74618103249,-1095.0687877764,3.08029127021111
2440.39692884206,-835.979616322928,3.22636404080186
1124.94430162499,-354.378324162448,3.24746390706118
1484.85382614542,-2197.19717683576,2.65201052103213
2981.38162501407,-1981.90904528453,2.95255311142358
518.252503820572,-1327.10828170777,2.87858601305751
1853.5998202195,-1243.97887106356,3.41299774543889
831.117009102674,-1763.09484677404,3.18019893980361
2342.64036773874,-1311.90530798422,2.9565441555444
1815.58366892595,-1704.45694320771,2.80150342422721
3557.84594539941,-688.233706734463,3.03955694294109
1882.14190811841,-1476.26128836427,2.81847661252616
3348.91513536147,-2045.87691443255,3.16455768700476
2017.78369346345,-1848.00012113677,2.94690712052057
1895.04893309055,-957.546231358788,2.82112530267657
1958.39301212143,-965.196383695552,3.25846506262303
2983.91539252668,-1667.74750767666,2.77321847225595
235.812749759745,-2218.41668312177,3.19382588654613
87.7347268680363,-1039.30627025512,3.15689484501021
1823.72039335958,-75.5885274296081,3.04220116401866
2586.12739796553,-2101.02292593023,3.33161937876087
1740.94107096677,-465.057966696875,2.68303656443278
3856.00629097191,-908.869428921552,3.03497904091744
3503.30500925903,-1802.38807368825,2.98284727064311
2288.44336421639,-1648.31252034698,2.99309805696586
3048.41735875321,-1663.54110077247,3.05809279105571
1139.81086689391,-1347.42178904106,3.15057607630955
269.409905071621,-1107.67256568037,3.60008156967837
77.6565571234906,-718.592500648638,3.009240683724
549.223836558841,-1774.33381821021,3.08187023808046
3831.51204708321,-1082.75855062462,3.37869857321729
1819.44382492384,-246.582946165497,3.57977281339091
1335.88589965655,-1616.89250387541,3.63170932112335
2405.95340750622,-125.335927800024,3.86113520066196
3634.42575586179,-327.544714801951,3.52140427495088
1500.37527624421,-1726.8648056375,4.19950399298325
1435.43452936131,-2154.34294044254,5.45635294116066
3985.22919040744,-1587.03409859929,2.90736061097533
4061.54102420354,-2191.30186405463,3.05569564284209
3686.31995360649,-1790.64111079691,2.87189490799082
865.697358749918,-1564.29719359082,3.21682313229503
2865.55874987653,-972.666805180682,2.85137597577496
1316.53438627941,-1585.907112522,2.69354380813754
3990.07853773814,-1310.33258835824,2.94149518512651
3786.67404624784,-1265.96654809194,2.83209788633447
1528.13872630708,-1042.94487774247,2.79300500414119
865.359653676437,-1657.13769643707,2.87037587646061
2054.96313532202,-1208.3064820924,2.95741919243781
489.799196178515,-1210.61988889596,2.78713649227689
2186.55507273719,-972.367357712625,2.84894191143562
4058.96078595385,-1546.78456402547,2.40603101324028
1615.23582383831,-572.657408909171,3.25908662037987
1308.93984265774,-1390.71610373395,3.20490595516682
3597.47240983453,-1296.93045363132,3.14893428055982
98.9315949105417,-974.67373516082,3.25362249881038
2297.66397942713,-1414.25261882218,2.82847122269455
3989.55856150225,-28.0541240743619,3.39985774947042
2986.33535745015,-1835.6333904953,2.76371894919695
2033.74421696986,-1285.87856254629,3.09048963052479
1009.46351875736,-893.181684390804,3.04656232406724
857.059223410957,-903.996977231115,2.95736219626183
1606.14297712139,-833.868486622472,2.4583639753448
2187.07393208868,-1581.49522615831,2.92086483124085
2421.87648200833,-201.996837209425,3.17206520746371
526.024646589013,-630.683020231129,3.11850763766962
2074.53390822873,-1143.46257778773,3.14452330514363
3364.52621333457,-422.99436618568,3.38376850244244
2755.43235646027,-1809.26217298891,2.98937836955021
2971.64695208689,-1038.38396552116,2.98858471769066
3830.91693831429,-29.8077049571325,3.07656629341384
3449.20237017479,-1059.27747690842,2.92671686745593
2583.03785199365,-1793.08413045384,2.99632094647131
3873.61578149411,-1611.27575542348,3.01245321961871
556.113960935534,-1665.10679187159,2.88968817537515
4024.38548451186,-879.508686505007,3.04335269878255
3101.69196545026,-1563.33790877684,3.35477901027651
1019.94856924491,-741.706786708616,2.97173217101614
3240.19792753338,-118.535185488576,3.16276800117657
1343.862260438,-683.389294657143,3.2921113361132
3433.92835218615,-1689.26337393833,3.45450020343209
3005.48820504428,-1847.16826113952,3.11201918533382
3782.52019654503,-2068.8917997144,3.75330789367197
3006.93912226307,-1598.93151825388,3.69025762671371
641.846661330527,-796.403460343874,3.20852829701097
643.391680508703,-1356.99242136145,3.3676298778282
1671.56315561049,-787.096284740236,2.74207487445406
3001.79021275475,-924.350389745242,2.75290645745556
1074.31573389889,-1128.77246067766,3.02933827112248
3616.53859523502,-36.3310052934189,2.97577694287492
392.904991445732,-1279.64900327132,2.94820145074177
280.229829996996,-454.257897611882,3.20870505213541
597.91391068094,-650.771318684133,2.95345817790462
3286.88032434914,-2059.32379495722,3.02234462714033
3161.19286660382,-887.204555433893,2.70459590038325
2881.71105956609,-47.4370448884141,2.98902291342495
2766.68489289208,-1899.08769627046,3.21956395929533
2255.28324791975,-1604.67854523797,3.16546668231843
3758.79554381098,-11.9114421988674,3.0462825185373
539.380604485081,-424.599215305015,2.89257930181987
3777.1612169098,-1051.91717277891,3.13859475959844
403.73969792839,-1699.20496169537,3.36418213116336
2014.54944563694,-1228.96813084094,3.47297640434758
3351.51776582847,-1122.34613861344,3.95084698042808
1207.70071533579,-1602.32628682403,4.14446890821131
3217.69359363915,-864.682941731004,3.53442773611723
386.46746664765,-374.942453525197,4.12479697847841
1090.05082944119,-1627.69467598893,3.91806248346233
1213.22059732008,-1700.57313294164,4.30415852211507
1125.04715000811,-1150.55737905444,4.28618915770653
1878.89439170904,-1479.54580188112,4.46173281098518
3653.65554800363,-1064.54131025345,3.85113594826644
1362.33870933963,-1690.9158994967,4.60299140503446
1811.29484204848,-1595.86151307943,4.10198857159098
2294.87746388141,-1177.79055638875,4.40715077267807
1308.92904889494,-958.477145271783,4.51312608294589
1410.80699890909,-891.055558260897,4.72909935226707
3992.84893689811,-1238.68460402195,4.80847211057328
NA,NA,NA
3720.23131533323,-435.819031805652,2.88493430676571
659.661302360638,-1363.62768919472,3.00349725034251
3721.96950939141,-1157.0441363705,2.8891874352599
812.944156986931,-1225.93088948058,2.94554923474512
976.779155941422,-675.680161017774,2.84744425457126
2465.3331252926,-2066.25086806048,2.60630465032168
1159.53733726227,-1720.52644778536,2.75089328069592
1976.73907301393,-796.513375762029,2.90565551341104
4028.07139287489,-1083.83217565014,2.91042127087342
1197.80583481755,-496.175981589894,2.94879938682477
2594.54296567997,-1859.77950572168,2.97010036043559
759.002828906362,-597.901039358014,2.94138935524271
1609.57114878673,-1399.48074370259,2.94828611627699
4002.44734894045,-1044.55404986107,3.01790111491954
2421.98541892762,-2016.40351718126,2.85222023742121
3490.66375512353,-729.17914395859,2.82386393055642
3984.33427686734,-867.736766947026,2.97481163885785
222.374258803998,-1370.99295564614,2.97121715652187
1081.20001160994,-15.5723050069239,2.93851685885873
1247.69711394091,-1074.19299858279,2.92071107246502
2569.88019852537,-20.6704632301555,2.96511907366294
1977.56267978012,-872.43670282753,2.96798704194823
2574.77677215163,-820.623105328216,2.92735660683995
282.332690660251,-1894.35943776347,2.88088164754762
1574.55116068126,-792.55031517707,2.76529225951965
1275.73273644949,-396.412186364401,2.91956276422097
1202.71890379721,-1375.79079283343,2.88503280016008
2811.0155960844,-63.3767704581542,3.0759400167706
1793.31796056034,-319.389070615538,3.04137446810597
3488.35856368071,-1729.76009408832,3.05465397175349
1312.33562680483,-1634.57397689637,2.90626619637002
3427.18582246354,-2115.89147010397,2.92542641196251
2832.93349513363,-962.16919433728,2.874847226733
3395.36113524238,-1576.85221789148,2.72118306753026
3810.0089260235,-1756.98640491249,2.93803852305622
3479.65384850159,-1448.5882783059,2.82064678165201
3507.82084596927,-1920.00472457209,3.15255372057732
2837.63491134404,-1009.51489544281,2.99321610894436
3117.97959614665,-1688.73724534861,3.0243554385509
2039.16939909404,-1469.96221621497,2.99151876243371
2550.62098240474,-52.9012356862936,2.96732843403515
3127.06107427919,-164.23601374643,3.02821488938706
1766.13009299584,-1950.14000961369,2.94108284361027
3189.00357861282,-1914.35568488095,2.92619449994269
1363.89317562151,-1619.45385312071,3.03436724748809
1081.71710808293,-550.126247327629,3.04591104944601
3272.23860289061,-18.8731589866008,2.92971368362264
3369.40889717363,-1216.66777214002,2.91554399517508
1852.71758716922,-340.950714527561,3.04955098881483
1048.17270122509,-2164.05487932714,3.01675923449925
1045.7484526418,-482.455342533894,2.92334293448914
1215.12703480059,-1890.00895968427,2.96793578853771
3436.29227629733,-1254.89464534905,2.95150907634771
323.917768482289,-1909.16304300372,2.87737700393468
2995.41064579605,-1628.31701119345,2.91089147129409
4028.82960803078,-1793.63471055125,3.02914591794835
2493.83898509825,-693.689797392113,3.00650394499683
2629.37124827791,-1573.03827693114,3.02345592651178
2057.95298160094,-163.65123445764,2.84014307730794
1235.21731551445,-1694.04125797337,3.04914324253761
2759.24780837391,-136.416571264754,3.0538535162417
1721.05959321092,-1964.6620007776,2.92674179241536
2552.97016641636,-1414.67236740211,3.03773585007475
2215.08948619692,-397.633936690429,2.94631726385707
1034.52839500569,-1267.98508103529,2.9065354655044
3489.17691831089,-1314.05993989825,3.04045788265505
3223.78863053878,-1406.08333808554,3.06501489445619
2714.64112367068,-1453.14148269904,2.77159519835229
1669.89754062337,-1365.0307532757,2.93365369299776
3888.28462096085,-1845.18367589097,3.06355743941347
2617.41921815124,-158.511219801953,2.98449394524918
310.70470134979,-2042.22752482935,2.90153429869436
3795.16487975277,-912.023379275857,3.0672234237547
1357.32966274843,-1463.90287750012,2.92551018015996
1267.5306308394,-1629.70259850188,3.03998359151838
579.757435487112,-442.728916350064,3.0391365915263
3393.19711747579,-1695.03198264321,2.82940842755294
1745.47170492147,-1806.46631978098,2.8655557753004
2868.01509029897,-1593.13605308201,2.99651209959354
338.237044110465,-977.297268007403,3.1227051528563
3350.86097893035,-907.902272859394,3.01985599076539
3253.54941783446,-312.236994093298,3.02448096919036
2260.71788415778,-474.569192463617,3.10563543636826
2466.27806656783,-782.29361386263,2.94309954491137
803.247436469787,-309.790094351438,3.10538775180985
1211.80957703169,-629.732039619917,2.85932328326582
1887.3086815922,-2109.74523865147,2.98374644281538
102.171494299199,-810.999992295539,3.04819874156936
1933.33244057354,-91.9003707242568,3.00540999446948
1611.3614066955,-182.389414491864,2.86862534510147
3368.41317114788,-585.323050347298,2.98095963816898
1156.87075800908,-617.712944828139,3.13902729936989
3285.81107534769,-1508.93149012338,3.02849912528734
280.793771128321,-751.061020264662,3.03060963494292
796.769504304321,-408.400810749629,2.94382559675173
1488.78359624542,-1956.71115928333,2.90237795507336
821.665160775562,-2204.05388721236,3.06365110630205
1761.11635770421,-726.48852291614,3.09042788566214
3599.76384128649,-1734.54691833932,2.99653761181138
624.748141323787,-58.1882501491843,3.01089929209577
844.377517649047,-1969.71855561583,2.93718549780539
1899.77994161309,-110.149152828263,2.86544141063558
2329.46906084957,-297.025788255141,3.21674913634033
808.412009921641,-1444.83379141039,2.81264926417649
3215.78329330762,-2125.22641697915,3.05379050915638
394.180832670199,-2096.86678074309,3.07981193265207
2566.34026536485,-2206.15479182877,2.96909525821012
4009.09470139975,-526.074462026402,2.95771418754791
331.172314097034,-139.561346895739,3.02245051881706
1737.42570357042,-1543.68771355471,3.03785676167239
1486.8576999531,-428.751230851339,3.0776374095053
2166.96090886339,-449.793774298536,3.186302996101
2391.8102263334,-1034.33101561207,2.85342757614883
194.972877611636,-957.531917369836,2.92539420778936
3639.48240066007,-361.310812428255,2.99375724519709
3979.4796096149,-1854.30548251061,3.01349398091093
2153.20559360822,-2085.92301927275,3.02767113694758
1529.0766320109,-1136.23578170181,2.99271783312067
415.993845258202,-1515.28917807926,3.19524773026746
4012.89764215274,-1695.31730028606,3.04481908565708
1860.54932184872,-1427.36964122125,3.06248325758457
1663.18304924189,-577.626142052887,3.06658690608804
431.852474912276,-1480.18258071482,2.8880941792834
2063.30108148941,-128.192810965398,3.14426213861883
2889.65793532938,-1306.17496626027,2.98168443162705
808.184220624559,-150.988838838152,2.88597471577138
2162.45224293129,-540.002636188055,3.07413927723905
2676.50415056956,-497.050812235702,2.96364100587291
1457.2164631745,-1322.06397924644,2.98475217322379
3053.28135867604,-932.402281195981,3.01227520885012
3841.834764408,-1314.7234138884,3.01919637574804
3386.9138985402,-68.8609919294355,3.10311340392431
2565.21033409177,-606.556128638185,3.08609054546068
2403.24984825681,-412.144476295281,3.01773866363916
2215.2853135108,-1342.11291092165,2.95956643421024
2637.49539257006,-39.7628292761981,3.0896539161531
961.949865497924,-1059.84637235344,2.99468250516199
3662.42560631438,-2195.30744643616,3.04204489229263
78.5552211129102,-349.09483829407,3.00307204415737
2904.62077125117,-491.628298119579,2.95732031356627
3419.56298395956,-242.176287050185,2.98657892375069
3228.92134052177,-1094.71992065502,3.04512737044814
1508.06534039108,-1414.18851852004,3.04301464159191
3196.90523719849,-1592.77775799773,3.12721742771801
742.691043365703,-1968.04277579562,3.04906198550812
1708.82657239611,-1624.75461628075,3.0647202119185
1290.09294103646,-992.603830425789,3.15031623584818
1914.76466014585,-649.774998876146,2.97609398842536
1273.22126561505,-1799.46099087324,3.04402256065632
3064.35316084679,-702.438270192062,2.97129226558869
2495.82864168773,-449.305441561919,2.96947537573597
1389.49724019995,-680.336548239392,3.03016757030138
1282.12808814984,-359.04151214774,2.99567623339689
1723.61266611233,-1808.92046748685,3.0055017119216
984.811037950948,-1751.25305538388,3.14453303199529
262.558703276855,-758.685986472743,3.06137005593128
1017.03127895759,-454.727458412693,2.92773623681151
3477.89442822937,-594.57530949134,3.03464474521977
3884.40572768114,-1488.67284071658,3.1898402737997
3915.45424224141,-259.406644076546,3.14373994398649
1054.00280762824,-32.0862878233454,3.0024184714927
1434.02308495284,-1928.70027151383,3.03110645005405
1838.90606318327,-2068.48277263752,3.19571620722891
3393.58547124761,-2207.1525491741,2.93809068289358
2869.97796139637,-1640.50476797698,3.10247917118765
1808.24801713468,-87.0140520157434,3.09568833890043
600.521412918508,-268.286034153651,3.0027028473967
3197.1498314909,-1544.03853242168,3.05526271947321
480.354128330091,-356.540339005761,2.9660884913805
2985.87349756466,-1295.3560566372,3.13079743707751
2291.61430517796,-166.901305457111,3.15982055088571
3597.19086380443,-336.437274263903,3.05855286941067
1366.27345232869,-1701.51405232763,3.01421661363551
2189.1670513562,-1573.03195234174,3.13117619079554
680.832913271492,-941.292427653599,3.2170852835464
1725.8996129111,-1728.18884176394,2.86176441953096
677.534100953103,-1551.10358573844,3.07156414093045
3901.32139222544,-874.939777197418,3.1480146908358
1975.00987811118,-1489.70905436094,3.18220955084075
2652.52184214548,-2146.14203401234,3.06653995201246
1570.70841726274,-1719.55667491815,3.11937410548848
3250.57954920005,-182.190142734944,3.14613183465182
3870.84416109986,-1069.60783643751,3.10009749431516
1428.18830946345,-2180.61039280689,3.06637921746012
2890.23533357618,-167.134310709488,2.91077539818912
2462.32006607576,-880.120472094681,3.09890463793193
718.827826832716,-1824.44594442037,2.94355599275206
3332.25421385956,-614.479427969607,3.0095735229206
3049.06156849323,-1326.13333807012,3.11632030716904
773.823256087353,-2034.49376901567,3.09546693869558
3302.53264783608,-1091.16100188334,3.02888545621262
760.713523113699,-486.126646623046,3.09479432646583
3557.46241194011,-1872.55294541101,3.10528641969289
3544.08469906527,-451.661212771597,3.16505718487609
3290.60418999448,-1031.53525837755,3.14156199336928
574.865634941965,-1934.24918104627,3.05909773945918
2572.30522262674,-243.859017457031,3.10387634073057
1771.08674259842,-1887.75336743728,3.04843947021542
1651.06915059772,-963.103611253236,3.14158170500739
2430.99672172563,-1955.74733301237,2.98050170599891
3253.34080164281,-1294.86845523085,3.11268569386408
81.4213760031404,-402.99964538677,3.04044459111139
1766.96683923271,-1493.64799250149,2.93802258189251
1827.33967463533,-191.462780848764,3.15692551340934
1836.4437967401,-1846.04099054475,3.05749898114649
3597.31171444567,-898.047100497983,3.16725158483203
4016.68980769579,-638.48035014157,3.10988592122068
1024.08483829013,-515.206972201101,3.11932995059093
2626.24115312638,-2211.80854750568,3.00723583027304
2604.01329772952,-221.817375927022,3.21427432717581
1510.21969548469,-1772.1850669816,3.14075251078213
3040.22706228564,-1855.17622599654,3.06163565500304
1995.19762909304,-523.824737834312,3.10645950089412
2498.9352982529,-876.758821337247,2.99909911384509
3123.06553394375,-743.074793307757,3.11838977699464
1466.04268492571,-843.107634488583,3.24843713188737
1173.65557817094,-1378.64688655421,3.04592729129593
1483.73054499149,-1461.78022114392,3.09420175787041
264.17582951197,-406.830068480967,3.18130056803667
1706.74232804248,-668.992101639141,3.13177559125104
565.851387364896,-1474.56451314687,3.09903786840887
770.694464571414,-899.711200663028,3.18928356891718
105.229634567314,-1436.81143730561,3.173081393262
2950.99252459164,-154.158270547364,3.23809390130201
1993.91693129868,-1870.10710336683,3.10423057145036
1902.30709984086,-235.558118291155,3.12161632997495
702.057340464659,-744.0203188288,3.08266397285972
2662.79604084935,-937.212887147795,3.03682488925198
3317.7600596641,-530.999489296629,3.26261437284598
1347.31807574814,-898.177304083907,3.18359730185954
2479.94186786035,-640.446911265423,3.14638957449917
2569.73017397586,-1626.19765871511,3.02736468270684
2367.28255141518,-1729.15997413888,3.19652072692872
1394.92548243389,-1607.61968857724,3.18623324730394
1274.76628218239,-327.375669616701,3.11472161527307
439.255338604305,-1573.66416492631,3.11534391212848
2268.20738840534,-1646.26677861614,3.26518738207579
2392.64153669882,-876.576872079826,3.05136471929631
3686.77453567653,-1731.95005457295,3.22356958041354
1426.78030971601,-2046.12948942911,3.07315659547362
3236.73250538146,-2018.61764446654,3.16632770512013
1222.79911451031,-1029.10019818606,3.14081528180184
2167.5151752746,-924.796024901829,3.22015590374594
651.423897110262,-1217.20341713307,3.13459779793931
2466.1680525581,-369.948565639576,3.04761876576739
1927.44824926023,-1559.05096053473,3.07063719898762
822.132754904643,-2004.47321987345,3.12722173894922
2676.6635612869,-1665.09850893904,3.10029610251688
2944.10704684568,-911.144938796476,3.09645181923557
2733.22427131491,-1712.9804080073,3.22357421479862
1926.45741843443,-1333.19164824292,3.07016259797219
2464.87771478936,-178.466669415865,3.16150767598359
2205.15555211775,-451.423288166039,3.01362957570223
4035.87886221274,-1761.7876106613,3.05558350225366
2496.94226277866,-852.440251390214,3.11717907333358
261.583768963649,-809.640760181417,3.1548874106887
2565.75088793715,-916.398854865581,3.02019729583285
2677.12829316667,-673.581562709083,3.1319589040651
254.100277439758,-1471.51956356075,3.2601580485265
3775.25557864612,-651.773288892448,3.04415868210381
1605.5188830964,-301.208565677113,3.22842700059487
1619.09708197941,-2138.32603881144,3.15152961656733
1608.49506644354,-2216.24618596023,3.17314078461917
1486.62770010197,-377.992409529196,3.05466341645139
1763.17531533297,-281.180815468405,3.12420144505843
869.564079078482,-1327.78942880485,3.18889125645146
1826.48393010617,-38.8661357900035,3.14665316346647
1454.944602465,-1237.27959847366,3.29766644363138
477.657145199929,-1837.72047823963,3.25580035378939
3667.58606494299,-2020.52952876991,3.07590344894136
400.556006628735,-1197.13084768324,3.27185099695912
3492.74039878042,-1343.00466719795,3.09216836386181
3789.77250252942,-489.39709441229,3.10648879070441
966.376721201419,-1428.78775562456,3.18758282461426
3370.77620702514,-295.590705644072,3.275280005481
3754.36805683824,-1692.83813409808,3.23239347387251
3191.33953767169,-68.3976302108391,3.29050235794042
2252.95193815247,-786.262047873186,3.10735661017541
1396.57224815194,-714.159342932064,3.20348152200006
3655.02123767351,-178.914885071431,3.13581328004609
3570.05376615171,-1361.92676677594,3.25179972708181
1976.92939937483,-945.820755562678,3.15193852123565
3987.32123898127,-1138.05400360195,3.12016064765049
3104.7348283831,-922.158789919042,3.10436886922857
981.698827375644,-996.880153629817,3.25000568927789
773.188718811785,-1336.60132635666,3.06185546275626
1280.3940558578,-1103.03056615087,3.15495239232709
3028.08046658376,-1544.11791153069,3.2365022729599
2565.65813330645,-506.520068996555,3.13740730396461
1858.40525333886,-1956.84089385748,3.12665626884817
2194.86409903946,-794.538081907907,3.08357027668147
677.173956906772,-44.8685570448152,3.20199322312989
3954.71485019724,-917.048940095697,3.14218765681478
3835.69600444027,-461.272675009629,3.12033030949141
2998.61572252352,-661.351683301762,3.12018705021541
4057.87793950746,-623.72914511975,3.04571747988911
1978.18190993559,-13.6740795287339,3.24958566959061
3664.42385627793,-310.009678291062,3.05422185287625
2788.08553040268,-207.933651505736,3.26715602969234
2768.51510803128,-1873.05082945313,3.17695421208079
3934.38016161634,-1997.58878553437,3.23601789549107
1341.3693751404,-2010.96093324757,3.25252696747907
1087.25463443549,-367.109421650561,3.29671812568732
345.048554504591,-594.254894591737,3.1853340119606
1911.43591088101,-1795.15507015984,3.19841388340427
933.661409394585,-771.559637241505,3.33855130027738
2747.66096675124,-1451.86282902529,3.28557985362239
2737.20485545771,-337.612239250174,3.19139627451005
2087.52089402643,-1576.16896462428,3.1741377074725
4045.23470644528,-639.457141464233,3.30482703465569
3715.68383345812,-1738.43073979315,3.06452727183201
2186.53581724719,-1669.79118429094,3.15139904170761
471.178591749481,-1401.6343958691,3.27027880206372
1091.43320598741,-2055.56108721033,3.12282555145872
3374.64929187472,-94.7403873415245,3.17626426358734
3468.32419525649,-1347.39904334177,3.04367669260287
3426.48991330742,-2177.75144023575,3.21119321616178
2743.54501695497,-597.371871663207,3.23819964348389
1701.55373428945,-1330.50547361744,3.10524528741479
3160.48915793215,-1932.42861002034,3.28636180960679
3383.28483139663,-469.332725236996,3.378546290649
149.467248967785,-104.924200174739,3.16901529402668
2613.93040324368,-1978.71401378831,3.33115438845702
878.014842561937,-2088.14771877535,3.27238243776109
1167.40389811635,-898.72342357577,3.21661474740717
3481.05331757968,-895.997847172842,3.17705267641397
3194.9643565792,-828.449022127936,3.23343882717352
1099.743329267,-1323.97929662827,3.16234205513393
3326.50634171778,-1834.3025771679,3.28333985579983
1962.8778709827,-51.2305500661607,3.11430945153418
2907.06060694586,-749.243235518964,3.29982275008616
311.573700920468,-1535.16798529814,3.29579130144776
1782.57301489453,-491.351373397949,3.25637382641457
1493.37747099566,-1788.56648034622,3.16749237652477
3946.63823506562,-847.639081352254,3.11884176296339
3809.36836863638,-10.7829728489546,3.17243581952613
3623.46119695429,-1563.32183162369,3.21428723961998
2440.52220579821,-2141.3644122506,3.30046587783769
2027.90482809262,-348.786817658357,3.29419663758848
3010.50712183911,-174.30841181516,3.25835169768911
319.57492920369,-101.404979430223,3.30712567900092
544.294473618034,-1281.39007821787,3.34933464930681
999.625424545024,-1701.27604490206,3.21386743871316
2808.11275518778,-809.67357474784,3.23231644226711
2700.81654533542,-190.803920903007,3.26215230909626
867.376601411634,-293.540621592112,3.28967852066971
1455.78209984007,-1746.75751020804,3.24541300787347
3084.903607005,-1858.29951608728,3.19301188079268
3550.27550698,-1160.50895622636,3.34687600197868
2532.27358994681,-185.071237512843,3.18291018452435
4050.99808839961,-1620.33741083466,3.20327581857786
826.239961669198,-1917.76582204814,3.43080201961239
2638.754371951,-897.19933622851,3.1639921324994
1042.04078446956,-1500.16855427496,3.23718613393995
863.09690910479,-260.531416625473,3.16307315819702
3686.80528624202,-2009.79905178704,3.27855319376357
3971.90123606075,-621.407572475659,3.30592325351853
3027.07081771688,-1844.07736125509,3.35493119316939
2794.67310552678,-2118.1035304816,3.32595843089825
3222.25822392432,-1829.27942728415,3.40068728664704
1075.32932430099,-1290.12565793815,3.43598252222048
1878.76368544242,-38.4976393992203,3.27480148510943
2513.53068082024,-3.57329294939097,3.28327348719741
1510.15172479403,-898.394536472723,3.34473129117803
301.259708766652,-1948.54087017024,3.33780700399294
2337.63821029666,-68.1798638100186,3.3419114194695
892.576745029031,-1982.02819666948,3.21840050537311
3430.54492722701,-984.650998754367,3.21764620675355
2185.94879507082,-2045.53817402795,3.35230889814784
3696.51487016793,-1882.52649427867,3.26171145363463
1476.41605805468,-1970.5881987951,3.25409671483724
2492.66328551653,-1484.84310537397,3.27228581969161
1987.08050012078,-1512.50562225786,3.24056625946464
877.682149486876,-1146.91848651566,3.2942329410541
3557.23294134533,-1340.918520042,3.29698702530978
1094.21899043589,-1515.73367206555,3.36622279141723
2926.68496741309,-307.597012054974,3.31113617888545
133.52207157359,-392.315775878835,3.36379997662651
2396.99014010151,-285.196441766416,3.34402278776009
2179.18045070095,-1423.06368280569,3.33115814139449
110.018656392123,-1501.84620188695,3.34123455095662
3791.71348820608,-1029.09715396382,3.11295567873535
3954.44539195528,-878.126525996146,3.40229934641739
3302.0327762656,-914.102824317287,3.37820859771219
2347.06909280865,-714.17227534064,3.3279193870542
2359.54445777437,-1863.03450487954,3.30554887726498
2144.056823825,-628.840193448008,3.20786275550435
76.9347565036794,-490.817460280157,3.30189493920177
3574.57215682144,-1191.8233683484,3.32973357116827
1901.43390519172,-65.1389361978135,3.25741718234104
3616.33765320143,-1515.13118891463,3.23055074981244
2053.32753811422,-353.696751829713,3.26301857973295
1354.72791194853,-1319.39900845031,3.31050715655874
2326.64776741268,-1807.15651345853,3.28823888462595
434.830890729347,-1366.79149951059,3.38284625345259
1474.58318587799,-900.191873361716,3.38040147962774
1134.50980725234,-1225.64844949388,3.36709698765306
3162.92132828652,-1768.52842948422,3.42510731477255
3186.13714100639,-1869.91726009708,3.41741781552747
1042.79397834887,-707.875763660203,3.29376985463084
3190.90471628533,-1433.77167546463,3.35576585035819
2216.6265245315,-1685.90607807509,3.23234764129186
170.12258731899,-771.602598277886,3.44028959216471
2746.68383962948,-1643.56236153081,3.42811509930653
3258.20753197267,-67.7759432185234,3.32114932127538
1162.82680842579,-1147.14892237783,3.38059619778442
2926.92349181928,-746.954711188834,3.34167178739814
3239.87299818936,-799.882924760649,3.34519495170616
263.587591270847,-1353.39788016168,3.26042182811979
1778.20543181104,-2101.60722740751,3.13535574434987
2113.67737752959,-1136.3488441595,3.36255598419652
1986.23613248828,-1653.18724455419,3.40098935009073
3930.56288041834,-1451.82215831247,3.29983797906895
3907.76647433795,-1266.34227803008,3.43574890959263
1688.93265251718,-776.051016454257,3.33287237142378
3030.96085665879,-187.683613145906,3.4592058334222
2164.21693666962,-1106.28903075045,3.36485056952844
2626.28049394443,-1621.85717949719,3.22145499264143
1991.4650303209,-2178.52878867079,3.33279735230279
431.286665413252,-1740.01098954495,3.43836890593808
747.473997174618,-1887.13770914257,3.50410212391879
1698.09916532118,-1477.67111235451,3.32573756056167
1150.53212199564,-999.130226391934,3.23988545529198
1299.68260087512,-1049.13839100223,3.35374078127762
2426.73935018464,-651.096915995342,3.18081906273958
3411.14221672702,-1787.61341510951,3.44350600950353
2316.22395964543,-86.5069400026753,3.3544533883462
2086.84547640229,-248.779495014997,3.21253770947985
2641.16396063529,-677.877922198632,3.53588641987554
3380.05754495221,-1530.17987153482,3.41343481527078
2371.55329114156,-1678.75146266054,3.39327566639398
2786.7536810517,-885.153972609542,3.35121537775786
2921.88675329228,-2212.90564157864,3.43705272710978
1828.74772392953,-2000.99350641087,3.335582524359
1470.79839836198,-868.876346369669,3.32255427078282
1788.25086834259,-685.374060362304,3.55450366851045
485.568739567372,-613.29346744797,3.3667103369321
3490.66511377135,-1208.70731838483,3.46429842135185
1955.70030853082,-1442.90476761078,3.52436735790743
522.204302394688,-196.358587502915,3.329100606647
3663.02674375419,-2125.33657515872,3.52831205329066
298.521937462504,-342.675327330765,3.53032313501697
3688.59926647085,-614.674974103072,3.45056680374986
3167.40007166103,-679.494098398528,3.48572744255738
3430.67135290421,-1200.42168909714,3.45746620481388
2214.81256755306,-596.624802420353,3.35242265327298
2128.24059965131,-234.889150632574,3.51307949799642
2678.12042509009,-103.274162657892,3.54423822344647
2178.36371511266,-6.02387018948242,3.54559685257219
3157.9309807368,-561.316173226661,3.44396478103111
173.366964630325,-44.5831674501071,3.52016917338191
3278.6989200495,-1548.74957513378,3.43822997033991
995.362719430407,-531.874765176683,3.5096977102388
3199.65514193724,-279.511695608806,3.56636566659216
940.845092037148,-2144.96641909252,3.60679340554288
2954.756535076,-566.757912827939,3.38997519009035
1881.24480624831,-1339.85851362324,3.4503637949294
3578.55042170063,-544.161492364025,3.54131301179486
3633.53161745148,-1087.25781112751,3.64671813654203
3036.70859482889,-851.723043627386,3.47078121333135
1684.5521786468,-871.626140840379,3.46011857994648
326.416611137071,-680.704805486856,3.56835067899785
2824.42039173308,-2101.054497208,3.5866534368558
3806.47055455981,-740.811339115627,3.5709087244653
2468.9075615269,-2018.10755426734,3.50641215486364
3725.43286147596,-613.767821386381,3.4902701738213
1812.15238115562,-516.551584342389,3.39751346147185
3093.28043347124,-1455.11406351167,3.39983607648613
152.827236303971,-164.245395941746,3.5196611517813
2789.74203271136,-827.22032600789,3.48561888269145
3088.41584078315,-36.8637393502997,3.68751279356858
2066.57100367898,-682.336228665547,3.53392132483976
667.008908709929,-1452.82265432717,3.50806700186364
2824.44500575761,-1099.08164341598,3.50676514215919
2346.33436093275,-117.782777211103,3.27438729831626
3629.99843322663,-2193.42165129341,3.54791945304994
3293.63965306449,-2135.21046074856,3.48443357433308
3180.42056227437,-99.517976915348,3.61326482193192
2381.43274139758,-164.322416610453,3.47909465338203
2284.934742626,-564.82960532014,3.30897907627894
276.071363835947,-11.627545313229,3.60532891492369
2347.06378670045,-1411.12006586415,3.56998474442376
3283.00915021611,-1759.94020511944,3.65719967285454
2563.33584547447,-2024.99178390658,3.62494061684431
2315.5587895328,-1964.72610737337,3.45850461687696
1252.66638846088,-1724.55740410268,3.58287363197288
1836.23444728492,-1359.02426789069,3.46526050886207
3843.02393962702,-1668.80863938425,3.63927527747502
3476.66665024456,-1032.09443436977,3.51577226707838
1874.03093803093,-1378.63892684878,3.59784165869478
3353.02044397162,-2202.49136857192,3.61001098337002
310.676222781603,-1336.06880446327,3.57843524171652
1944.28776362712,-608.206284795381,3.51545429137317
1487.36631984565,-170.646785915124,3.4672047588162
2995.44349915149,-1444.15439715371,3.63218871028143
4043.03858858434,-2057.75148188605,3.66269821603226
1307.97138635243,-454.743003609057,3.52779985198912
1679.59239205616,-2167.34619992955,3.60107240405461
1536.43429001049,-2126.55395066398,3.7380370118539
190.638397070602,-884.582685057801,3.40734281932476
2474.49827386585,-2121.80758469828,3.71390777298972
1783.22433304121,-785.937726502766,3.50068872030931
1836.61721714481,-602.639056710618,3.57925941939009
519.249973047971,-1556.82311361517,3.67988402231743
2723.73721651257,-278.576280007139,3.65717654355783
2355.10931508503,-391.960884156996,3.64222570389182
1280.80615645496,-158.207666880837,3.68068022384936
2827.52049485174,-1196.59930184213,3.57329840231732
2137.07896046013,-1292.52638968002,3.67474435088018
560.37110467228,-1912.95493820872,3.61478401714519
2054.06419670669,-1823.31398840219,3.74278836289876
2835.50680668754,-1584.10237318906,3.62905774183455
2965.30375719414,-2083.26971933276,3.69614613342396
1186.35209243113,-9.59708033310794,3.62870919524558
2292.82182825804,-1090.26314541807,3.87402789013309
827.623503336378,-819.374183976285,3.66635181132789
2548.59225928188,-2154.41252034098,3.61110550592878
64.3793535784458,-1518.99121388402,3.69421442343857
3895.32307996891,-465.857733178439,3.80344832097618
2832.80908141705,-708.139864568358,3.75151228076466
3724.98603088968,-686.587542719787,3.70761597927395
1219.02675559555,-198.385180791793,3.66715187499139
104.812147377874,-1324.50062998018,3.56830621562639
998.552457610357,-1163.61115140522,3.72370451038501
2378.46277033637,-1354.15479041761,3.69720919314405
3253.25147169741,-1135.09634620544,3.81883898312612
3002.85829207959,-1672.14927987928,3.93345580348641
2280.80427662275,-294.456972946914,3.83338461591154
1003.26338490541,-901.154862262861,3.78482466774833
1512.65869087486,-1730.76478597142,3.82290678970713
3132.21880523458,-1994.62327550605,3.88155031088291
3733.975102598,-299.692629771689,3.8440938417938
321.541276769833,-1732.79454572704,3.91965620494813
1869.76841270896,-1999.07331475329,4.02519170953974
549.035115260015,-846.951858204979,3.94484494131166
375.402990392518,5.48216457874853,4.08636828413151
570.696533528275,-163.376281852155,3.88738196106511
3061.81009088652,-760.31002822263,3.86085747955418
2704.28039941108,-2036.72437392974,3.93557709578542
168.0463373001,-308.80517976988,4.06784058514995
1361.21284758891,-1041.25081108285,3.77190473412843
1599.12694036579,-1326.55969330981,3.96940353025301
354.94511334613,-762.563157246624,3.77187644659737
3751.51986069846,-1025.82463574582,3.9333964087525
2872.8984419493,-12.5348715617895,3.90574079567275
520.428059078009,-120.569557862163,3.74546012327229
2423.3893467533,-1003.69531525333,3.85704097464499
3345.44078650941,-1359.36147466042,3.81873059376753
2805.81257364142,-383.402353801326,3.87256199470394
257.708510727553,-692.309491120045,3.92501757454504
3777.78193882194,-1517.8587223624,3.77284726849564
2463.92878700082,-313.888578363813,3.94113208112428
1088.34692260055,-234.624302959906,3.87350564378901
3017.95890102148,-296.796434854731,4.02408451203065
1948.47239821021,-220.551865498579,3.99815632225831
858.226512430484,-547.730119578754,3.98880037998068
962.249984275879,-273.275230199761,4.00337462787139
99.706257561251,-1098.00451184669,4.02374744233162
745.582712067094,-1132.17255019125,4.00747508378066
3277.64622931691,-186.733995547575,4.05813710648436
2984.32235265533,-22.9560115314497,3.8977141506454
99.1072984751395,-322.216918578327,4.08840238024327
1146.25846102401,-2217.68316541574,4.01631614121622
3261.37569926004,-885.653072729935,4.01845116544435
2595.5863260833,-438.988740001612,4.02934847830016
4001.61356312912,-1310.69688689072,4.03814812454857
990.52950885502,-1881.87188446685,4.08620904781909
2237.81611671979,-1979.47468968179,4.0865847206407
3309.84882194511,-1906.38998259121,4.04832155345763
1759.84945165419,-862.963902581339,4.05454851933625
2943.68152622565,-971.746694366873,3.94598346025252
1572.64531111841,-1085.02949484146,4.1174446971579
3316.93593688936,-244.93767158613,4.22013096237687
285.819035806222,-545.811371320574,4.30538266758535
3085.26636066184,-1946.62729420632,4.04984896510977
198.690533985217,-396.712782674823,4.25397109619445
829.024732247113,-1349.57969264959,4.28454937512894
3767.52605919169,-1435.09828602884,4.21605204151055
1248.59059286068,-1528.39904205419,4.19044941093462
2729.11842853409,-1967.2190745509,4.16138231669199
2441.26081447844,-239.527907660687,4.09539043996571
3457.47008743599,-28.8215195939769,4.19554073841736
1239.21020135567,-808.67001037825,4.30642725113898
2582.77216239383,-729.964916379567,4.27316319269139
404.076366332343,-100.547344364052,4.24911019361098
2340.00462279334,-1814.75912697912,4.39803664499431
141.20974660844,-1180.47567947639,4.35695679941231
2538.67318534938,-1929.72334714195,4.36406286610779
452.960559164231,-887.573751089778,4.29337193782716
2107.85196738928,-25.6751763011663,4.32600053273748
1260.66951989312,-2160.18350225282,4.40039605220189
3048.36035808903,-828.259852138537,4.42030480229085
2286.48166851656,-350.409089272318,4.3557005727197
1819.98511506532,-2151.01885856011,4.22369804091367
3441.03115020567,-1659.53177414032,4.42555946435757
2484.66009453527,-1319.34224196274,4.40951701438099
2337.99593734417,-671.621574166023,4.43132030324351
3335.69207458874,-683.325449429427,4.5407397535805
199.324328940787,-1263.12062344271,4.39520014981319
1724.20967710648,-1363.49492615941,4.56786879196122
3958.0232543302,-1394.97363888394,4.40943451304684
860.467623631235,-1101.62704952435,4.56360277560757
3040.12241693741,-2085.19498142617,4.46636520517762
2057.32010263829,-1399.75149433527,4.41880227471523
2919.3035324863,-2033.35083924607,4.54396859855416
3127.29133250007,-1082.94618181402,4.70000906940764
522.316632506481,-540.200664868118,4.85640412888512
2578.03955843086,-1607.3267545888,4.68164225535407
2981.60800383673,-2160.77191123633,4.54903129684633
2897.96621347294,-436.110368281711,4.89448731566982
3614.10243026512,-281.698471412053,4.7670363247474
1122.90017852837,-1433.119113908,4.88692770768112
1550.65441494365,-666.05420971413,4.60891667914544
547.053192790675,-1205.46372320957,4.57321587493498
455.362843399716,-1284.37052459055,4.57466016115962
2174.35052829777,-1871.88565341293,4.89332652031405
2675.70112259531,-2100.49235022619,4.71656008486835
1357.44397922809,-643.684630377353,4.88229320229579
504.559269449313,-2073.5725531242,4.79339770877603
2960.29982490739,-1951.29317232176,5.08374399556272
1937.98117520593,-2187.51895215469,4.97199870659787
1123.81252792043,-1980.17188466812,5.11047428045121
3215.81299200734,-1259.66980419885,4.74062291800801
1683.05289373964,-484.227368222242,5.10877089331417
185.737461927566,-670.750990927297,5.20758890950702
2994.70139187449,-1185.78958506602,5.2584154732834
2893.82498985248,-226.39382337092,5.17738534251887
3446.6644120805,-1332.80734923276,5.47718546816154
3307.01253416057,-469.804334719794,5.20540739023617
1542.03497475902,-1001.45174513094,5.1423463276505
756.905525400922,-324.925372487119,5.46176522909856
702.140223289916,-1660.7351362983,5.46312639565804
1413.26332958323,-1166.89639761414,5.40119151564025
604.9597982047,-1019.24959197894,5.73336592824607
3649.91778789291,-2100.11071183567,5.83536088094177
2629.31236262291,-1082.16666051864,6.07972718226799
3385.88163143106,-219.138414743663,2.79667478613508
3208.46802457731,-120.431965113644,3.30230070370795
2712.47764851955,-649.801353231662,3.15039863744652
503.343051954322,-1900.18425606681,2.90823941509171
2087.78002432726,-2162.57066546768,2.96965510296519
3557.03169770288,-86.6623784366894,2.8246124553822
441.74074816348,-746.250728937209,2.94381092230435
1657.78435371653,-446.422801098784,2.89364550808532
2352.83969819038,-2052.95439707703,3.02095858919113
2984.5828629952,-2032.38359776256,2.94050288508064
2671.6663384908,-924.245987492499,2.94373921167274
383.901371951333,-485.252286389857,3.0072650656871
2635.61457654701,-326.595666363946,3.20072277315234
1802.48160079716,-730.142949669449,3.04479902546469
1583.35047607511,-2062.30446592034,2.95466759979694
2638.32983961873,-360.236298051935,2.98696746813026
182.114136201449,-620.633742657283,2.96796407003867
1726.73475825424,-968.843409875002,2.87570071773329
3086.4846366907,-1083.04343983062,2.84214850492505
2460.82655717428,-152.820211059421,2.67962300768971
2178.84192171881,-1320.11658233716,2.96242362768678
3670.4494367831,-129.312060327782,3.07673724107749
2215.11289232049,-46.3424958610545,2.96748852537997
1707.36647051957,-841.226951484345,3.02414208333128
564.061736057071,-1496.75758250581,2.92823877654693
628.791487003131,-1416.43713093755,2.81931239617172
2687.42147584119,-30.205431957134,2.69846401081127
3179.83479359179,-1607.09441695278,2.7602090634906
1214.87719483049,-1932.15575174663,3.00952801621855
3744.69249386698,-1733.67106103771,2.94183965015681
505.119417641373,-2156.45003075636,3.07726859420791
1430.12401250677,-1777.17635641262,3.48338178500804
903.69588409957,-195.249413325479,2.95900943380061
1131.59255882119,-290.082204973339,3.06545558000708
2267.48865275264,-495.78935515074,2.99882669316729
3263.68083512433,-361.81922590027,3.06816111460789
2383.11974540129,-302.391217713425,3.22258624276599
1498.4917898497,-1003.90558528166,3.03638811185676
576.277085108484,-205.575994105855,2.48366320159762
1616.47778077071,-1084.62400034503,2.88379374596014
1530.4430780661,-503.99616476608,2.86194637434637
407.555180671095,-1036.47858272375,2.98793086593629
858.565448704769,-423.084988284434,2.8863091841477
1801.5478582066,-202.753853632258,2.70681170753719
1427.42961967151,-77.1497872267806,2.76661025944849
1600.44046474185,-596.46179922022,3.00070913502026
3888.338894503,-1303.89971679101,3.02824415224526
3430.62081023403,-253.351984121448,2.89162019144983
953.330448741928,-443.55624688476,2.81498839029531
3432.79601668239,-292.288742712675,2.65507855532256
2406.92097176233,-686.150346786995,2.94833019086488
2881.05527663032,-471.819947882874,2.59842654586415
817.458351367305,-579.845013602979,3.06487132266592
593.416428970758,-1504.86728078828,2.95313241950093
1459.62399182676,-1713.49595557855,2.92817253880486
3431.27822157695,-821.11022858031,3.08439933486927
1122.55360448318,-966.847342275347,2.79877813132672
4019.67712746416,-66.6436829863329,2.7984352178443
2313.04406232677,-992.821191585965,3.15315229620444
3544.35831451133,-360.262680087517,3.32663142933906
1395.17803253613,-98.0060594925551,3.16767338631921
3391.00154544879,-1963.95828430085,2.94491349843144
912.941389069745,-1530.14575594422,2.68007620929586
2014.3462792616,-463.46543147124,3.07426932597312
3177.2663119058,-294.378221783521,2.97215161254146
3517.24392875868,-526.674577993233,3.20189453560206
242.364180995322,-112.14407563323,3.45774568684128
1037.47633741114,-126.632745265939,2.98303006925906
347.160306731386,-523.369206105206,2.98848624972757
3093.75351697718,-1796.65550342278,3.085607232921
3905.37291445527,-8.28112566404658,3.02133532666849
827.042275687721,-377.520844132166,2.82230740282291
3142.2670122558,-506.146966093078,2.95861162357221
3727.29550312981,-337.157187142429,2.68473729780004
1319.63551101602,-381.002022705719,3.06492745472979
433.651963070367,-1873.64667956276,2.94107982889658
2274.83359200339,-707.48389225222,2.85286458100775
4004.27703770027,-100.414226323154,2.81997121340391
2084.2503336219,-352.793626383928,3.66266037726112
2114.60059742807,-282.901168243851,2.49187881591886
3531.35763585995,-883.955112005687,2.83430749640352
689.626613608624,-80.4500727708264,2.94653126036855
1144.99880324782,-1447.49320643131,2.76338048470358
2797.46376437336,-574.592972135096,3.06195731543357
3612.15392627692,-620.31090176837,2.65548873212128
1633.10399019194,-2134.35561766036,2.9535301172015
3165.74937840388,-300.824595769571,3.28072758119492
669.723321298698,-447.787287537341,2.96501427003281
3360.31094820256,-532.090162942771,2.83866680209707
2157.76869694267,-564.829438844039,2.86881712488827
3047.58955962481,-1643.63764121514,3.10998393774717
2040.65079438729,-73.8465632277754,2.96236564832592
1284.22985267493,-2109.67128704254,2.61423651328931
2766.31082977695,-1940.42236581138,3.00773512178404
2743.83794777014,-1840.70702732888,2.76735338922365
3575.38594577718,-1891.32297915037,2.75922457805177
4065.01648587657,-396.079692967835,3.07643411471029
2589.06320455785,-24.7190301194802,2.88290411609775
488.61694240683,-1474.4694608739,2.82918014242932
2447.02283248928,-202.294460681824,2.88416189155116
1116.16085750211,-214.885362591592,3.15564692117027
2201.18311462674,-1641.50421338454,2.66108564489782
2038.95447813813,-268.705860951069,2.81352997642054
3123.43581768511,-443.315160638772,2.8809664893432
1921.80752560647,-418.094266749553,2.90005107479002
1449.99355766762,-117.465146347229,2.9681417258935
1308.91139249634,-1414.4586040222,2.97895869487834
3211.62380123771,-413.159051620064,2.69450377079937
2017.55486600192,-1692.87608787994,3.09623792447335
2332.18488703741,-2214.53084664213,3.15732561773148
3111.39369881232,-2200.26998891298,3.05175623568825
727.259625435232,-1025.88341928948,2.98831129611833
2976.14336366054,-332.327314855959,2.97915520596713
3530.14425080682,-1674.46367875105,2.98701398426496
989.458804656609,-39.4212012304562,3.39747971206218
353.387056801759,-1452.70821573377,3.05509702221232
1494.66780459524,-1217.07318693543,2.92497266248794
3352.66284923055,-1883.71759796351,2.82963814165833
1130.01047582848,-57.5063876734976,3.01657030543982
1206.67895588138,-1082.5962274576,3.19309372208597
179.313848095549,-253.811079492611,3.18236505144975
1337.59411851965,-1651.81161769735,2.84154928161308
399.274275314603,-67.0011819507505,3.06804791803325
1546.91713622271,-241.062463365601,3.35802408605862
1198.87897555463,-99.1553586932233,3.17198011438571
2396.48086440388,-560.983538469832,3.04705064458738
840.06261214152,-192.513594698378,2.73301470570885
2484.90185910604,-362.354374423307,2.99603739888806
1571.87643411615,-200.988963735138,3.09130058003584
245.693667050573,-1728.58015332529,3.04884041143874
2025.63801362283,-2209.10283520523,2.95458155124907
577.165042543576,-945.83812487788,3.00754235827604
191.683573352173,-1642.32866135358,2.85360176528163
1307.39894637205,-2123.04816784412,3.1951676512099
1163.00961810498,-169.42039445072,2.81555527342077
1785.45636995623,-1921.01787773383,2.88300893134185
3266.17722824767,-476.625125983058,2.63734875041158
976.398972999019,-1549.71900807989,3.05260352428609
695.366843900954,-824.325047041902,2.9394767558162
1514.82783699972,-405.718462623137,2.93882297756305
2998.7565166319,-1745.0425128535,2.95303468341091
348.348268190001,-267.372729022164,3.06651427974363
2269.27356201637,-184.470469930202,3.23063124809078
2995.08380835837,-77.5342605396276,3.04949938101283
1412.33788769745,-223.722555872736,2.8011484118644
3442.33809164581,-843.822873687378,3.04554273829554
1182.0123923098,-506.916476058998,2.84655439917862
306.354678309935,-17.1697279248189,3.09901796540478
1058.48501574673,-56.4091166337111,3.56017388466817
3301.65443779104,-463.588445977533,2.72511702304836
1860.10969048476,-15.7087721514829,2.78702332171848
3334.78596626076,-642.200834261032,2.9680544202595
336.749838048671,-1588.26580840367,2.98559919594813
2421.17101764339,-52.2969251798816,3.11774368152356
1120.26996360381,-2185.55037959655,2.92436965431889
1221.6781715844,-432.286469599919,2.86162735695842
3119.67878902813,-1708.13444789476,3.01719877088684
3334.95506741938,-878.587764828573,3.07805952270585
3098.78732685142,-2107.21428493943,3.06853870900964
956.353779073662,-2124.61070651704,3.034228017739
3501.95864815425,-907.946481692377,2.91030545348607
547.566790381486,-2126.47040471478,2.96409951746414
2509.18197613868,-437.921715707199,2.87671033581953
3901.31273354663,-370.467138292465,3.0430862338911
3449.72992665892,-467.317768131305,2.94770821640833
3686.94163779539,-495.223907865162,2.80499868782785
3713.38232987072,-2009.15521586202,3.12705733533552
2964.35049777744,-1380.55251868615,2.89716935908216
1098.15974495084,-103.574347816618,2.95862785137211
2498.37865186903,-1930.20820948926,2.80755840175184
898.19153295033,-95.1815184290616,2.97103732865003
534.426959997179,-136.073842956221,2.96412742627865
2840.00205484689,-551.55655816412,2.95755787777822
2087.18491965663,-1955.43230856862,3.15236142126229
2605.15700935395,-1949.48233998458,2.90866752299401
161.758350950149,-1530.52307860669,2.91446507589407
623.673925921467,-1400.18742995256,3.05455068650334
364.026075474251,-128.960724299247,2.84879876479203
290.48565368505,-711.823648037612,2.91822805833164
1252.12516233333,-1495.41850471578,3.01600106813413
3044.32315345274,-1955.01506847632,2.99676890857086
1669.72019820466,-139.438388139286,2.9023084218163
1656.1437033846,-59.789534020293,2.96329470894695
1108.76774165301,-1594.78510613194,2.82674022827241
876.393609461974,-110.144437348607,2.86540014310455
236.8933397283,-1793.53582554254,3.03641251439755
82.1752955893977,-62.3293084696241,2.94206323804178
3669.9959861573,-1437.37260470858,3.01855242263615
540.992077895223,-374.573872619121,3.041263117813
2953.35817558279,-103.964432630072,3.2463513362778
612.013306889984,-430.220743926214,2.92721436398508
2826.45352570037,-8.40732660181115,3.12029245594938
1280.500945802,-1944.45975436413,2.85504680828318
3872.3448577036,-289.928321662251,3.08494316704643
2159.55501875535,-1588.62939959873,2.71371805636127
74.01839298732,-2100.54262115824,3.09596948191669
855.606250215744,-1523.78949971199,3.15118083135722
907.341929613831,-82.3007696161215,2.89401206407713
3179.8576502837,-460.038340090898,2.97133029854127
1702.35869376089,-103.346695336703,2.99665082756135
102.295625313774,-372.279915332999,3.00140280086026
1784.74024423446,-1132.7185770921,3.11060781566007
1978.75345162943,-451.166864889595,2.90199545889664
3271.42462010925,-377.335107510766,2.91290979890355
1309.80509621322,-223.439426789606,2.91472413209708
734.22726794578,-1188.39282095792,2.84939225648043
1279.58503931806,-99.1033203754263,2.94107405047759
3285.12889632501,-865.308899990877,3.0042703005818
1220.16284359519,-1551.5639093436,2.88343984277241
363.458052856018,-882.753155499555,2.94615105847503
663.000851442219,-895.570057883184,2.9450777356326
581.836886129199,-1600.40765835949,3.07991458303083
3713.02272073143,-1671.10109526758,3.03363259499693
2420.12005287531,-235.44861652717,2.99106944645549
2804.4955641996,-1962.51538830844,3.13918178554145
1714.00228259336,-1916.47810594214,3.08738904621892
2318.4926105025,-156.196381424966,3.15394926010062
1272.99129293208,-202.271292029794,2.99340559474864
2179.76320799245,-217.135168976903,2.90228080808199
3185.97810863325,-662.739133196254,3.20010649439652
1928.05944379706,-106.371153686985,3.05636763229427
3715.61689565509,-257.536500222981,3.14240508352194
3753.84396469266,-164.094249007766,3.03982922835549
1580.56809830011,-254.896803968389,3.24326699848683
1030.11960662043,-1619.79714557707,3.12654718780447
1055.47950875611,-1576.11702239007,2.85148724574299
3693.39339162819,-22.6589102105856,2.9874222112126
2758.69889773039,-36.4083151313879,3.01591210389506
1385.5277682809,-139.314164882051,2.88913060213682
3106.01975817246,-1976.37194527675,3.13778350067103
1013.67534227459,-1019.47685566277,2.87836099296302
1926.33448448221,-472.088911825602,3.06132522322564
3342.45902192567,-1793.8489749299,3.23474251027588
413.111093843366,-233.654444721853,3.46214895452637
2241.53853216475,-1760.55050594211,3.04513725341385
2552.55847568334,-2140.22474965793,3.10380822734081
1415.25265475568,-1969.64462707489,3.06971044401905
510.629565261848,-1752.35061828546,2.97137230331566
349.367317478569,-277.093148776578,3.20385866624753
1802.06150987911,-1650.03691703081,3.37637658580249
1897.05644824879,-2180.39850398778,3.29829580719011
511.157458106729,-502.159792748413,3.03240471589728
655.494011193481,-430.508872582787,3.22919357920672
866.392719410525,-419.616463630345,3.11444720915128
1056.73535825764,-352.051285320665,3.14971473882673
1363.23517016554,-147.787575209785,3.17360460888733
2021.64090492689,-520.554090878991,3.18079287206866
477.463768986023,-143.651720913573,3.08391738766164
1001.31807569228,-247.548252567243,3.28719504943368
1825.29695053857,-136.010156643176,3.15176472439108
1635.99520493966,-298.93645505056,3.08072551586218
1975.87009881306,-1405.56431330876,3.21012590279542
2610.0383949765,-316.519041030446,3.05591556387611
1637.88905574682,-1021.23612711771,3.08238654206314
3607.39664210815,-744.571873767767,3.35913704890132
3981.35157013736,-539.152848192548,3.20078817143733
3326.34833673619,-1711.50206976018,3.30518616993743
1314.88237091709,-1601.28254644389,3.12397890122391
1947.03493783876,-1495.35976682343,3.53731760955941
3623.68090324874,-930.459581002939,3.32013375322267
1990.47577281457,-556.247118783379,3.21998774425729
3558.788671869,-1629.30985518715,3.62040422322559
3002.9366185862,-1643.49902204684,3.24784998455335
1181.60140567388,-1908.87772447196,3.2283797649497
2894.13615538664,-1354.82507348751,3.38461120022638
2602.29477408462,-160.234171324861,3.10305895291039
628.350412115225,-283.561446561955,3.38179832450216
2408.09024441938,-2209.71762582259,3.470379855189
3689.35993921238,-522.947902025746,3.5259207324615
1940.32440202264,-768.312082471068,3.50110388064913
682.473971950901,-1879.67768682118,3.40684917458132
1833.44130215631,-272.948537841476,3.45990787824593
1692.74593484709,-184.512580278444,3.26701383907692
2794.42979812614,-1378.5540207289,3.5069468155679
2420.4752379532,-2201.22835455989,3.45440512210287
3346.39173395013,-1738.05827149865,3.55996086626448
2527.73009050493,-765.606419472141,3.42510761572421
2819.80063320486,-165.668832329372,3.44123746980548
1887.68451830222,-545.146091792202,3.34833005605587
813.468233406806,-328.503821571561,3.25221618156236
2323.49778729291,-1503.70059610818,3.49178435257547
1512.87921167016,-342.225290113984,3.32814121393759
1451.10883902057,-371.514398450634,3.87417327828154
2567.90511438755,-175.080009457417,3.38235561459896
2965.64014227877,-1476.09668183479,3.49302631845792
1480.99387565214,-316.990780856362,3.73531810867241
1452.02334268455,-266.722856838656,3.6098884399347
309.962009486257,-2202.2772012084,3.72647452003032
1314.18780998274,-1511.06920260335,3.91353299279593
517.502074099638,-306.543015205637,3.74612680611191
1915.76183895768,-176.393834829437,3.75719112510045
1392.9997878467,-347.194423536817,3.81761552163371
1596.5806667535,-1694.64627050924,3.87671960180465
2035.43568779168,-217.592994680337,3.64966804384502
3006.28175988989,-1831.94087777967,3.84444614993934
445.280393522712,-348.289533441238,3.89872162365603
1936.82170551243,-492.38386120597,3.8315585676337
1313.73673627094,-187.388770323717,3.81919083795839
1090.89797786595,-2123.18286399485,3.92698490035978
3433.27731943273,-1828.99373650855,3.73375991979165
1163.47320629315,-1516.93263383018,4.10514327775708
363.405189255999,-206.200283091429,3.81983434728195
1538.42528369221,-55.8165145081531,3.89992673230793
435.080321854527,-161.118310750539,3.9291588533267
1032.74619686523,-64.0741242781903,3.91097942145417
1539.71428858094,-1687.37534208504,3.97777360834973
646.600898909011,-186.270329442352,3.94508537515786
2318.81995808035,-521.522989156837,4.05830308230408
934.575349997935,-42.1334128422707,4.23965263412126
2388.54187181858,-1620.37883877076,4.13323541792361
979.79792396932,-63.9089989439059,3.95812707244285
3439.3414367272,-1586.33085273425,4.29063340813258
3885.09935231083,-209.113914332904,3.9451679053073
2755.3287379353,-416.946814136157,4.11929910455655
1873.13019810785,-1633.83464388827,4.11220539868901
620.13413894883,-594.373130453267,4.2178986219036
1317.29445160539,-120.299150746027,3.98180886860016
2962.14655251685,-1943.8741484153,4.2210611391642
3509.2627385516,-480.265025508858,4.25906868964461
1439.34597730632,-1451.0634675443,4.39150074022167
2762.8609574287,-259.41550002117,4.24443790490878
3971.54362239958,-431.00238010436,4.30593216707385
298.156551637467,-1857.70079275242,4.37961006756244
2237.03429886976,-533.984749239468,4.45969523443595
2286.32430653967,-431.823237780598,4.31323220116276
2600.05332866713,-578.17742774961,4.55065221386601
1097.66161201188,-708.067211542514,4.51591676141235
3409.3590732582,-559.474507259888,4.9499179143202
1519.62333724052,-512.080214609782,4.98909718767777
3659.12418581771,-1608.70678140916,5.36320740471404
1703.76786992599,-79.456176937765,5.24359510865799
2867.41404651578,-451.235448681543,5.57008977103142
3219.72220656385,-283.74887651125,5.36271669791671
1839.59289212165,-1251.54890404492,2.99122896365541
3084.8221343683,-1049.39097044185,3.28220342049639
2804.73638296044,-1261.04825151121,3.12033101644282
486.747617300187,-1789.54505637424,3.14760289782019
1684.23120002434,-492.894997444029,2.98316390315771
697.32357749541,-1703.18710289149,3.16766208262201
3308.20469250184,-2165.93499871787,3.20790132593866
1313.14225029893,-640.430839203039,3.12222923154037
3352.63595128885,-729.183429025468,3.52441896941895
4006.74257489763,-71.1475706202963,3.46066128146298
3364.10244228324,-699.701108775373,3.28655690856725
2582.55613201798,-1674.47348831764,3.51368711192323
745.305929013777,-333.274522817385,3.50164372369712
697.648245869149,-2063.36500240573,3.68301364851458
2317.02980316847,-1550.65711431928,3.1102864761081
1639.10267027681,-2100.80265028151,3.8140586665057
1498.98466199561,-1524.16886589377,3.63312335691176
779.214178498545,-1940.98374273696,3.8394914178808
1661.18832969451,-729.260595888122,3.7040165205893
1684.1168355646,-2026.05841979198,3.7854981351336
1720.63650689624,-526.667399623545,3.54591782851984
1264.51021500794,-1414.94319299296,3.81032240093529
1693.86630025902,-1192.23180616878,3.92188386709105
520.289637555103,-2193.31420780511,3.79369292806202
3778.12705236466,-907.797299848849,3.76451263075387
3919.59390868771,-1176.58207032515,3.8946987925152
1648.13216676425,-2077.76740062517,4.20786529283985
1133.60566041928,-2159.69595081991,4.05858852091576
2285.77199489524,-2198.24637118822,4.05144896480297
2744.95195003589,-2074.99935862701,4.00609527966873
3820.18658780297,-1075.81533037089,3.7379747647352
3714.41421988489,-1562.15719647604,4.0578174492588
2607.45720270306,-1739.08692420319,4.48807252240464
3899.67929742789,-1019.77176067757,4.46412530238714
1874.71056075876,-893.696432282357,4.39967563002415
395.267633844199,-88.6443325906758,4.49100014397588
3925.15902371205,-299.602296000285,4.72935823271769
107.808075816757,-524.939831868412,4.64424466498684
2105.46650460881,-1030.33102651734,4.89546936089362
2281.90779922633,-1718.09589208566,4.59187793551363
2037.95486826373,-883.714974825435,5.16953316589637
2315.28302473697,-864.162373105156,5.1748082596221
246.677708532487,-210.361881162111,2.7012612364435
3662.30010372125,-1528.31900588361,2.823911993344
3043.93698372635,-1463.58060209566,2.79888354577747
3111.77062498888,-1368.77860213877,2.62590589167715
3942.84027084538,-1350.66160341241,2.86905967355876
3958.85123500006,-1445.37647734528,2.92450505748319
2905.72666371165,-914.784388810684,3.22605580268682
3691.89605859381,-58.7048079098252,3.00745020510046
2144.73623476191,-399.764335335844,2.83003360779932
1598.42918009948,-960.551024758518,3.0352109593208
1552.34204592404,-1481.044413124,2.93672529964689
214.647502918593,-1951.59921555678,2.85296863502288
3310.18758049764,-376.800189455885,2.84608800589759
3772.51030125127,-161.908830080668,3.00175835197761
620.646685135551,-1203.71239777394,3.04155172169766
2370.66031562468,-1159.69065849603,2.86123556734364
2643.34347479217,-1524.04252058658,3.11185072516873
3336.1519520421,-97.6623494308278,2.96667800151587
1587.91882313964,-1591.43968143936,2.89406724514872
3024.4461227614,-1266.59007207249,3.00333262567704
2034.41726964644,-1135.49664817821,2.48045272437615
3483.20473334906,-2171.554775341,2.98012481730434
1695.949469203,-1422.62115497071,3.21816933200298
1198.09999491602,-2123.18518349731,2.8551826816132
938.647204894366,-2102.99257188495,2.97812388603774
2524.71123503134,-879.938687995588,2.70493258732828
2926.70871308984,-318.507414541699,2.97096820069918
3880.69267220058,-1114.46040198437,3.05087346984725
3952.17115367246,-2100.12543186229,3.03702641404246
1484.88528314599,-810.257812171785,3.01956602104762
3519.39271761928,-1939.5585168853,3.29866799402005
1030.88662803735,-671.889778730662,2.90658273071959
3831.34049982097,-165.683667676175,2.96674369563158
1224.35646268329,-1609.5149727684,2.92224472058855
1767.3368950878,-1994.08964689289,2.86549041514625
2942.68685033236,-37.9837671297099,3.24619548889576
839.27642285031,-803.844842673471,3.17056461444065
1172.17084566445,-1804.81364854352,3.14032509524974
896.855494134121,-704.371643828229,2.9111826372973
1659.7704935321,-1988.01031951812,3.04308233804494
1291.08396351293,-2030.34751999519,3.40740847857336
623.377467715036,-1788.66250904085,3.04870593168556
1820.00160763261,-1052.5506176286,2.87121322839047
1623.19867847902,-1747.01316924393,2.99859571977944
1170.49061484788,-313.973613513746,3.16339082096937
1117.72186061286,-1709.86660774198,2.96300428373562
1152.611159778,-1614.46391383612,2.8090126584001
1490.01069803674,-500.809061592602,2.87155743529685
175.540676033509,-2138.76490620735,2.89268992817184
2799.53876003038,-43.935877551979,3.0444159866504
3144.85892958667,-1776.79938251397,3.11358025084066
3109.48148348248,-1871.47839082768,3.70324287513552
3425.2356748314,-318.595587670254,3.11941698519236
3893.6064806007,-1794.52727841174,2.48564451382938
1172.21824057894,-77.2310026024632,3.02827695681679
2413.7227254329,-1536.92780777443,2.76958724127595
2932.35276405313,-1648.1432826865,3.01572453421615
3832.80043455162,-1374.87032011647,3.09393377633404
2268.55162582074,-1400.44093524628,3.45424786368944
631.609983237627,-1933.95858442274,2.83643335307632
2091.32615906051,-639.564109241806,3.13814400485301
3321.31401681209,-1195.78126384492,2.78146707237636
488.570144404327,-1039.68798027206,2.85571702792488
2857.50176781475,-252.181903411481,3.00125141300413
666.304114782793,-2201.84117550787,2.95343739122393
3302.71455912769,-1510.53631952097,3.10247700792956
1318.6151684185,-1456.97200648377,3.5295528439212
944.786741762773,-350.594922019041,2.68466656067116
436.452461591322,-356.801755294578,3.30299528392785
4013.53022722321,-890.256679065484,2.9437121752535
1152.84205286447,-1678.66460815496,3.07870650095062
978.687535068762,-489.972310096313,3.00570295641845
3020.99090896872,-490.816885991163,2.94998643372341
2937.21050707673,-1064.26115556883,2.84114834430365
3829.90650638214,-248.895801590212,2.94365042005214
2880.26619437415,-2074.87766540079,2.91435722338319
4055.77137993551,-66.4826129077486,2.81558169283998
1868.37540105038,-341.319306021202,2.90993568330167
1914.65562606734,-1307.98619021682,2.85127926541198
1200.12314477572,-772.208108229009,3.00386950969115
3201.79323952365,-1890.7125175409,3.43669534131495
1401.28236179497,-2198.15306594714,3.25972171528746
1765.64531291999,-1044.85200908765,3.30722861069347
1804.05064317286,-1945.89138675516,3.10885553944598
218.843630511631,-878.567258982759,3.28262710589473
1823.93270995571,-652.999574080047,2.81325298826965
783.261968152124,-588.414826653922,2.93693161290987
3471.38589214919,-1254.97307378023,2.89402112676553
3614.27469047039,-1247.71109060986,3.01262386387782
1800.32073198242,-1378.30379147847,2.85533817173546
1033.34937657541,-1902.01800669265,3.41324768388247
856.960585166611,-839.164719282762,2.96368479405789
691.852301066379,-402.601422656896,3.12608839017974
660.239998972874,-1478.93126874114,2.94398232079263
2348.00715754987,-1962.29291182578,3.02457242229402
3995.34423421787,-729.061092871276,3.159971417116
2924.66539235335,-1941.98059899025,3.0716081880942
1240.34064543839,-1083.11167706469,3.12209327490776
591.0460874707,-1841.14007869727,2.96157629557928
442.506010328383,-1990.85169828729,3.00942854239858
3809.19977615183,-240.084910655485,3.30825679685875
1853.61220552366,-41.5293551135227,3.01529737099211
710.045668725069,-551.94457893118,3.11061885455829
904.522944421693,-751.580217182303,2.9437194799574
2233.72708344805,-550.097626389754,2.97834697903941
783.0890998743,-39.1643379348484,3.46257768708439
1844.06919502106,-59.2824005124558,3.0596559236024
1551.45168571374,-628.921812642095,2.69240522757982
2228.15916471279,-1242.33379271933,3.08258990827906
375.010973998462,-1065.06433611166,2.99976401816388
1570.64031550522,-1339.12884128585,3.07828907643475
1125.72193815651,-1808.85276193325,3.1273510385362
957.031968980794,-1211.66296249102,2.96968810236705
232.644574906989,-607.557768773874,2.94895722499174
1555.89015833322,-925.278484450809,2.88645114586311
2646.34441253585,-452.188017784929,3.20214910062566
1339.18326265713,-1600.48627399845,3.19169928524562
2501.02592071841,-1777.71708668905,3.14060510535598
3962.24749058965,-290.960800235528,3.36671995747798
750.442204331241,-980.882125598711,3.2997207393788
2105.88090177743,-808.866548723431,3.04615080993527
436.688544562691,-669.915056937682,3.02427252125372
1685.0900736182,-211.801182148261,3.22875710997623
1436.81267446375,-1870.81470433293,2.56931055241176
1384.14776181932,-1424.52322459239,2.94843108526897
3094.01887571213,-475.492777030108,3.05921007613509
2729.92597235136,-800.793583468505,3.22413344096407
2967.74426799442,-1401.21038803356,3.15762531513082
1470.0009142537,-1369.59244202352,2.72650267092967
1556.75380235438,-1223.4267615901,3.11450974645002
1754.95311666634,-53.0274227873235,2.63124845227757
4016.42607153423,-120.757600176716,3.25616034279571
3528.11370691714,-272.103547648608,2.98665789127085
3492.8040256956,-943.046524237479,3.11029202559711
1237.88572271572,-264.255797962507,3.10334429395035
2072.48139134429,-769.615243801581,3.07912278494525
1883.87063327341,-1047.78206984969,3.04311416810893
3247.70899827793,-1788.88693350467,3.16488238333645
235.001309265783,-822.001008357421,3.22163886764441
711.635382423142,-385.160343073199,3.05142206373516
3148.46520648274,-822.564776562615,3.15812683525877
3696.78335602044,-2082.2997326047,3.23778024197037
1025.88350101772,-2047.86890364845,3.15035889107915
3387.59658426464,-1099.25877732871,3.17598813937657
2224.3485610911,-982.297798310026,2.53984451118456
1394.42551146547,-2160.71580239634,3.18758629379975
537.749482785803,-1356.37420645177,2.9622894845369
3712.17197747104,-473.795059451269,3.13640644280131
1560.46453459634,-1281.69286229725,2.96938353661375
1876.82357549189,-1793.83479105774,3.48864953964985
1211.43914625597,-1324.37623576381,3.28104649098402
179.560246986052,-2112.12121057004,3.27032591420393
2916.29104327653,-1469.4568626477,3.04541525585286
2628.26410532812,-295.630647466816,3.09188537351653
2979.44776819938,-477.768564217095,3.17134269708786
394.634756920607,-1644.2327556518,3.03388090901036
747.284118745326,-1840.30306926974,3.01016676210044
2416.69469848273,-342.523415939931,2.90501143666334
3692.86309121153,-586.756532932881,2.95193720021853
508.167255661278,-1417.28110311553,3.03918490670982
1252.05623371626,-91.9344098932186,3.18690215019828
3091.88592336761,-1251.09199165964,3.09120400039405
4052.19795570238,-1380.51426231526,3.0002935064541
3173.11933576417,-1656.98243228474,3.12927495984938
3968.74116167201,-1128.56607370738,3.0647521254226
464.015448201802,-716.961764662744,3.05391394364929
214.484140305258,-18.3189221177946,3.34219819382053
2101.43711677878,-125.237704614719,3.04736939872663
3074.07381232913,-1762.94753962762,3.17064000384746
1312.28759728732,-1303.36871598297,3.48595454294519
3982.46422997894,-959.516258589608,3.0230756769542
1575.90932900657,-921.964871150399,3.16640019096826
2582.42908661636,-332.815305833299,3.20959526650122
3126.55183655052,-221.500003874657,3.38195657195133
1110.5227676592,-1567.90187046812,3.11014883957373
589.865233798358,-1728.65920650533,3.25313493244833
2781.90985812241,-1544.66957073355,3.18343346437645
3634.40979051754,-1967.14940173975,3.14174365242679
937.575158069103,-1775.14804959103,3.07118824991734
4001.35353916461,-261.536252370303,3.24718107165272
3938.08651215006,-1693.27083630002,3.16420763693134
367.924389354146,-1312.5283528031,3.14582052660036
3228.24149079069,-141.036749323634,2.77760464288499
3849.9580460913,-1604.6587119593,3.29830349226324
2061.81860860554,-579.145976066495,3.06245180010069
1085.48770801884,-819.437987267233,3.12669097729205
2157.54016852988,-1081.04157859083,3.2237966793875
1382.0477126576,-1229.4364612867,3.2193208968181
1401.21356945743,-492.177978235464,3.05461168608376
3141.6100089117,-1547.17224712741,3.02546833537562
809.807297803031,-2148.31232295654,3.13954826346994
2067.54281436162,-204.143840143669,3.30348925993059
1992.66595332818,-756.666108826564,3.18258525755966
3244.65932440987,-1873.29286727812,3.08950546578655
1386.29514216104,-735.563720161655,3.08595433738411
1311.51736399946,-1324.35267305007,3.21559046154102
1536.16098497032,-886.197292349872,2.71277122824469
1686.66103419665,-581.975045390925,3.01312722102489
2008.90163808227,-2127.34215453469,3.0833728554012
2936.23937408417,-514.137890210661,2.87054353569726
2846.15658790331,-1187.49696085065,3.14557594261731
2505.82982356065,-1540.66708870378,3.26347590720543
364.016202339129,-29.2318850355681,3.23375739554595
439.438615504637,-1100.78724820849,3.28064732966412
2320.40608669787,-825.362094152076,3.15047859979109
1627.9889530205,-778.619370965297,2.83495447324514
1460.53951506165,-705.829652949512,3.75258677866091
2950.80139989433,-487.483494576573,3.20539581269804
3346.76787260654,-1187.33534445152,3.01306260027735
1142.54209016835,-151.152463979386,3.80550141509888
1787.92870903462,-449.643077887223,3.48357424935138
2646.60420219469,-784.281071376916,3.47922080850789
1895.60462546052,-26.6856418477751,3.16746639737198
2242.57401145523,-1527.91006224595,3.09452820223917
3646.92299762044,-1869.46327234947,3.12260170871101
1013.9944200462,-2118.8814673083,3.36880425820673
948.531358373854,-1651.71844465893,3.37952622192335
81.9560723510406,-1367.61898115893,3.16692393108816
371.721947135836,-1521.48980448927,3.3074218509674
965.4918829006,-145.60248058084,3.24630271106055
1922.46935937648,-1133.25279288554,3.42728970122739
493.18858453474,-677.542798150543,3.3395422751065
2072.94785385151,-532.378870227005,3.30498498470965
1976.77783694778,-514.172256358693,3.32860616436216
3225.24484299032,-1372.63205415645,3.02981436953881
3603.05807549693,-389.891199831711,2.96216807976226
2019.00863108208,-1491.1914007532,3.22036785217647
900.105775166392,-229.710656208026,3.24385682583743
3241.95585833657,-1890.18842703656,3.41699122840199
2745.14527507771,-1740.51060249449,3.18990775939592
956.031482924233,-1908.38259468742,3.18570506777427
872.651318749748,-154.735712578915,3.42943780754153
2974.51383923716,-409.26056913898,3.27213283648828
3104.7167988892,-2147.57562478786,3.1429651129578
3446.8903858542,-1755.74074065057,3.91916968578314
950.393932161919,-1230.84119321406,3.35415477676044
1743.21094289255,-953.791803741311,3.16519661945852
991.914533869667,-1834.6899598108,3.37251145536838
649.589126335391,-399.725704919377,3.21003979912979
1377.35257500544,-1962.71423342073,3.19319977361465
2721.41222181666,-1574.58749570938,3.49943750172583
3624.14360127839,-1716.31904331819,3.35583346278657
1589.14439494612,-1146.27565992232,3.55502548686415
2700.18252001599,-487.090492536201,3.30318159030775
3893.65640707272,-527.566289534657,3.25512315747212
3465.39388702793,-1378.67725356406,3.29275047743062
451.622668427724,-273.787002796241,3.38565962869214
3052.89014931818,-52.0501258310596,3.70253307450444
2026.18863784844,-884.728236761355,3.48991730834506
1048.9134698901,-445.785158984715,3.19822740757565
2144.66811464079,-667.372400981535,3.20722071831335
1926.60490153458,-2158.24505518865,3.46132621890181
2696.10646269711,-271.802036977862,3.69953947765355
3212.93343672605,-1521.59245824874,3.15042365964334
641.983536883186,-1919.75495076461,3.05251463944422
1626.8195353939,-273.219535776191,3.13917852223574
3268.49428466844,-138.728856999536,3.45535017280348
3316.14232047606,-1609.08496031782,3.25569770087248
3843.24452704532,-1641.61165960242,3.44248618139049
3485.86525230676,-1827.1301651919,3.20070211619122
3746.19547104573,-1079.72903188023,3.29004971263569
2429.32028964644,-578.518622372495,3.49961016342394
2019.69357603446,-2050.81427418934,3.65159205976942
1119.07862148141,-546.31515863132,3.46610261611183
838.433508061769,-1025.34390240702,3.6051271170423
366.286051240654,-289.3337828384,3.41244896241684
1888.25858774991,-1251.99913572661,3.52270123642534
3937.07797018434,-992.946698920136,3.31324235189791
2700.3011681842,-690.309769654399,3.713623570469
1257.6674621949,-869.372529738264,3.528209641819
2785.46084935979,-523.113475953697,3.48255194825506
3614.81143641581,-1766.12222062272,3.35091676966303
1938.29929281169,-1392.25068879569,3.4336128814464
1209.16106790938,-1172.90429078682,3.52517752762538
3659.95406774048,-1667.53079057001,3.68708060465688
318.299751839916,-1986.48955015938,3.30775598033932
3597.02852288913,-1426.28562497886,3.20573367640142
4050.30643775714,-1047.4291061712,3.76388317427516
3484.67736157726,-1460.89815597852,3.6046060914678
519.652295449731,-407.138457208462,3.77495409742821
2005.99394035932,-952.849379282772,3.44804118259844
3331.55732333092,-765.498717057816,3.08367675564221
236.466064431332,-533.039564257586,3.17038774087834
1435.57025849178,-1259.23630883199,3.50812549090413
2624.67105369346,-62.7138133263859,3.2310645533352
3126.12887399198,-1401.33183052323,3.53303276014257
2910.18937829194,-1782.04187919056,3.69794505895082
1047.61284760093,-1687.90974949315,3.56540177120833
3171.81398899716,-1380.6611853989,3.53836713897294
592.524909874885,-74.6682514076497,3.39169803372983
413.884582456844,-575.930921034961,3.49815209385208
1849.61155904919,-746.018235772724,3.23090222861045
3754.48933650434,-405.912263699477,3.34281082459114
3692.9575162045,-1321.3464977454,3.51470517874705
1396.81795504793,-1153.51932166802,3.8103685364194
327.39086443357,-640.120403469625,3.3863368978936
3864.4186296112,-1439.91318308023,3.72940982626431
3248.35002874959,-1962.23732250373,3.6386029817931
1398.29456306616,-180.899300245877,3.6254191220537
2280.33334123509,-720.537703866895,3.21795943620499
3708.27878292862,-1981.39627587472,3.33241648909463
3609.17678848199,-1186.05077346915,3.39131588915681
2178.74900675483,-599.756365899803,3.67704917529491
1010.68431415553,-2202.07831842172,3.54844328831882
2735.57681825771,-637.448944233243,3.43706737545666
2231.30000256175,-1807.07800663738,3.4245534674091
3055.13046576993,-260.093287536702,3.85785330400796
2961.05361289909,-886.773835835531,3.46161073654794
3741.61364798361,-1776.58231034776,3.82739754372237
2972.7274419578,-918.120140422801,3.55534162069444
3757.21937931745,-1334.97670745502,3.70006256208068
2285.39993914255,-880.935574563191,3.77138008276374
1963.44271402007,-1999.26403727611,3.69467676379127
2240.40567744312,-202.778039221057,3.53118341033203
984.306204880868,-2159.80392371492,3.54674845084958
1559.5781578848,-320.857428030176,3.63480914804973
3300.04224603916,-1693.80012096256,3.70727679865663
2852.54549744999,-913.366450468647,3.69050651824341
2598.02213691402,-1871.40324766188,3.69812481342603
3019.3268082085,-1002.83855737804,3.8921467744463
3843.0432517474,-967.9146093826,3.60739307203912
2497.03156046615,-301.914854440289,3.6190002731339
2022.37685845142,-1553.54584819629,4.2218206056695
3892.64247334901,-1460.92654011286,3.9062938739983
2917.40551703069,-876.306134572301,3.52227418342644
2041.64926624161,-2101.45476372792,3.59269451017957
2003.12415533314,-641.880979931231,3.87114044349236
2244.72394148178,-1208.29688315586,3.39194010423755
162.83333531618,-1058.25248161138,3.47484602118051
1781.19491657144,-239.222803594597,3.81131814767447
2304.73586789619,-2053.21724874536,3.50389239989545
2389.80241878531,-379.091706802471,3.88291203684148
333.801230168213,-952.057279153316,3.87861789973095
1763.08671690477,-391.834526961997,3.68662686671962
998.407021629619,-418.828164723267,3.50600786178141
1804.77636679212,-1293.53629638372,3.94518675973297
2392.00729886417,-1429.26657108075,3.67593869393308
1534.48021742281,-968.448852479712,3.83569368893738
1629.79321892314,-1198.90903711882,3.86067523406952
3062.58250543208,-1358.54975373482,3.77391352250147
3133.73271471377,-1288.63237245061,3.48749026296543
1166.88441209756,-734.568610257224,3.41511449006989
2435.66040033673,-432.034971617287,3.73273127514638
3909.39136438862,-2173.22971559481,3.59212329955921
1660.25364634329,-1648.56359203293,3.7397200687943
2100.29292798454,-2101.18505816939,3.51577026067118
3226.99779980422,-184.225004459904,3.85296462343784
370.034323031748,-2047.57987481735,3.84889686345966
171.710391188984,-2000.44704844744,3.82021606280049
3121.77581431646,-2084.74719473054,4.11464990506536
1930.4962439432,-723.409535004433,3.73636494049918
2095.5196839498,-1759.38293343925,3.99293996163458
1356.71151441347,-218.116776291168,3.55590837032293
888.704358719877,-882.168400468207,3.80118750116551
1770.1196532336,-347.338870037589,3.56976396355302
1989.97855555642,-1815.56677665934,4.00837195708266
2211.19059114051,-1300.46015519618,4.10810792973857
1814.21987587408,-1668.04071027549,3.9786571946979
2152.65577846459,-1475.52806329958,3.83119791638693
627.407849045838,-730.540981130706,3.87787656581154
2987.90323008032,-1874.07726483233,3.94256704399443
2024.47655410559,-682.283268045595,3.68181863655828
1187.1552589022,-929.142019724614,3.46307550904411
216.078919440542,-139.926712449187,3.88281569799984
978.21044116782,-677.083186868388,3.50627596968365
3975.52802343105,-1811.31804340839,4.00103364412498
1741.78259885108,-1674.79578702016,3.92609538717626
2910.24634798993,-2122.91176401658,3.89944558636144
3306.53399184372,-1002.24955090612,3.94580921144515
268.692979617101,-232.733933006348,4.1035263139086
1926.20313353162,-344.113720078809,3.85878564896755
2159.46986829231,-913.514045099538,4.11403420535697
2494.51864899278,-468.367700902681,3.85508465443946
805.652224983304,-925.533123368902,4.00589090416669
1849.85703938723,-1880.68654074839,4.04887360022596
3992.27855101227,-832.702738769032,3.9720660707556
2611.30160081314,-1811.29916315642,3.9081761422989
2180.45333675154,-1357.05991898551,3.8927537348261
831.448673987712,-1779.13201271814,4.14172955799308
730.594516138397,-1902.13248633556,4.19453081810137
3632.71845163996,-1374.39527849376,4.16424197749454
1344.64455712048,-2005.18328870463,4.13302204679667
344.314588223839,-1418.12704733806,4.37156341269677
2006.77786652728,-431.024316250522,4.34807521383227
977.46836098491,-365.142305152664,4.32938513948056
1042.39921926457,-180.812806617955,4.27150297106321
2097.88069575483,-1917.85687452868,4.31883391151559
3519.92187964198,-561.293796727326,4.20302373304465
262.004401942808,-1021.20953295316,4.29365466326885
2277.26535616096,-1361.83825538725,4.23043805254444
3697.85934549039,-1186.43540037649,4.5183978445166
1755.34845327836,-1221.86995612513,4.25182236195896
2552.47426004651,-2110.47202068288,4.5428311696672
281.891116961175,-1175.44966279034,4.60464637073367
1255.38974905466,-439.42998657342,4.69621069149616
3690.0347901989,-967.716360788542,4.75044986425036
699.568374770586,-651.703989953729,4.6257791945226
921.959595418922,-1990.17194505732,5.03646447395633
1324.24742506379,-1702.83068290715,4.66803131412301
254.335714426363,-1333.79273244048,5.00270836285325
466.622198827873,-1956.06392340021,4.69776042201296
2881.76339013838,-1439.76086908952,4.9516737764068
2945.32657397647,-1610.23245477182,5.12080650568074
1176.90553572819,-1810.50033458357,4.89375728675711
1676.16368610556,-1509.96098500106,5.05134023463241
652.372965433538,-1448.22448637531,5.28822023684613
3322.21386633402,-560.72530410672,5.62249458677219
1724.34954560659,-1100.20873308104,2.80995366808939
1113.13014554707,-980.447728341872,2.79061737644504
2548.23424520032,-1866.94808898606,2.89458606512785
1020.25099559783,-1549.99648411465,2.93814691812742
534.524205305678,-1315.92620739207,2.9629093498188
1454.90735943888,-608.369308661168,2.81758033561225
857.846309185378,-1134.0744289442,2.76638270909596
2955.01979489464,-688.473976644082,3.04895803283511
1586.18750294576,-586.613631581366,3.0798436903036
2145.46867052557,-1095.44842679296,2.97273420163048
1252.46984240196,-567.084603494891,3.01942633045148
570.882977093475,-378.481708067621,3.01347714780808
112.649672432716,-334.159202861578,3.02999531093683
1761.97769729484,-551.150932235689,2.92844384139793
2351.64844279956,-1729.96041820463,3.46362892964277
1650.31411355093,-599.20898783851,3.20267371135448
106.765207500219,-46.1315036301865,3.08440089796187
110.381086008505,-453.70189735794,3.25813432913801
196.157176969224,-550.518017092028,3.33745935817956
348.338597078466,-484.016114600976,3.49632045430228
828.875003974609,-1228.90496921563,3.56946127214501
835.028610816233,-962.078726657678,3.46341440829249
937.503196591692,-823.425911815062,3.94756289951973
1483.50961729721,-875.536276202867,3.88173309319502
2120.86086990307,-508.565262577788,4.2777104999785
2209.29938495199,-399.608233456845,4.45374289560199
1886.41794734641,-1705.3064680741,2.89173297602245
893.646627886452,-732.223886176907,2.88673750257111
771.768114606541,-2098.98810042902,3.13682406582542
1851.32785113258,-1089.58223768161,2.92899212922162
851.597023850594,-1874.33063465514,3.15857563073539
570.754781018476,-640.216330836445,2.63948660957324
2649.48824822593,-1804.24504161244,3.02950763012459
1490.93926225819,-1180.23307709223,2.94357614132647
2106.48715615773,-2211.11149499311,3.2325200238008
3650.3994705292,-951.795306511223,3.21306996937751
2867.34618062057,-1911.80272822082,3.03041593851057
184.345195308457,-1474.55428370511,2.91378183235373
345.769759978979,-2184.86321080912,2.8615380291991
564.028157483601,-1813.76433383103,3.14257151105188
3655.94226233756,-1774.5379584044,3.10469245656164
3688.93509655048,-1184.23359482882,3.05062933345892
1218.36424197354,-355.377016692021,3.50799289283815
3373.40833738557,-527.452538525292,3.20834658336235
3340.0592086592,-743.19397848957,3.0337106075934
3250.8529495003,-2003.72940422403,3.189851971269
2771.02406531242,-267.131911905502,3.58605238368885
2474.20345505002,-1721.89555049417,3.59657532993232
1038.62936682152,-1266.32860076268,3.55843767465354
2090.78423930735,-2020.10139984088,3.62034813097846
1977.7474244758,-2066.70330325387,3.92173400934983
3264.38622173873,-77.2118725439605,3.56245347774713
3823.71434419065,-198.88734620002,4.18608188683054
1561.45217259292,-2118.26124620778,4.48067477255825
1668.82682619638,-352.025681056577,4.63116985402627
1724.60786283416,-2179.83136000639,5.00383215566997
3621.52625365137,-1875.6702627216,3.18080840635689
791.59744533438,-186.944818432298,3.07746067913163
607.535676368729,-1143.82594449311,3.06125865509035
2793.31990268483,-968.070968833979,2.73356200736809
3629.28078252832,-981.770342028018,3.2591814443809
632.583593252355,-660.425942446043,3.32927493410773
808.063245950695,-775.720650369014,3.48169735110327
2858.30848627205,-2155.17506727225,3.80340340648837
1139.34092513991,-528.23967295374,2.75647825091327
3069.60935312513,-583.631136788597,3.23727607979927
3276.14012969797,-947.841235322677,3.16599366571659
801.468594157047,-1209.79087408113,3.34133511575216
78.9151620128553,-1462.34354966949,2.53555064221841
1500.10292753087,-1898.07203077288,2.90580077829669
222.832044202188,-400.571307404241,2.80996183823602
876.938398654804,-1864.91923417664,2.66889636840794
3661.05908458239,-1270.07004276391,2.85582803807044
3109.67591839754,-774.255191765723,3.23249764360533
754.205824302315,-1244.330007942,3.15288106302175
1427.66671812737,-1003.4190453498,2.68318682269785
527.051136805005,-1397.14014741428,3.15733328807435
574.879763979548,-1317.67917386421,2.69245940873569
1889.01957196846,-1577.79282424271,2.77582097597507
3832.86561604611,-2131.93003692018,3.4018943042958
740.50485800548,-1456.59018222899,2.90431163446074
386.554916988863,-1370.36343926788,3.2012989477497
2317.35436572344,-464.15407534635,2.90940953624487
745.63590433144,-837.825271062844,2.74614786191559
1736.60904341751,-1837.41394096174,3.02846952080061
1881.97150539891,-808.22254960489,2.72225986930616
3864.90054064704,-85.9649518327514,2.37942424150034
2670.7511107642,-1721.65972600075,3.13303564537292
3103.64518526572,-264.329973120232,3.27931541939471
1214.71111110463,-1049.35821263391,3.0559863247143
728.641814971754,-1950.34257953342,3.09210274409091
3704.36935920966,-751.556658266945,2.8680115569767
1752.02560853426,-183.278659584827,3.07468524684089
1131.4446624665,-1158.31508339429,3.11952492926916
4010.55189464842,-1096.23076572972,2.74450981964129
2437.02917407742,-839.106090332093,2.68666718074088
1127.38901837922,-357.145111050333,3.25325689862168
1476.90514509505,-2196.32236348549,2.58119229402671
2978.24771840119,-1986.95669586461,2.74099036156365
522.537787228065,-1331.9914804532,2.98686705193514
1864.10692289686,-1241.51983890732,3.113058632558
834.811359939458,-1761.94257305116,2.80395842111313
2340.1859302163,-1313.3522369162,2.94345374705668
1815.38437456829,-1712.98008196173,2.74841607944271
3556.68205071537,-697.437756289642,3.54345850913224
1882.83243221786,-1480.01240981397,3.07670628888166
3348.83261013737,-2047.97056311214,2.69820605463764
2009.37011352385,-1853.40167249931,3.02519287545988
1894.82365061512,-957.528250951193,2.92207194968185
1957.33945616517,-966.476931498377,2.81731264610501
2988.84302298767,-1668.87166858734,2.85834538405187
233.795070048604,-2215.40085338303,3.03293828489378
88.4022234872451,-1031.0517478204,3.26744601499417
1828.77139059185,-77.6565247928146,3.07316537145473
2581.43297495012,-2101.37487132781,2.96785313541619
1739.41716465452,-465.424105073582,3.30186073203331
3849.18365161137,-909.020845104347,3.04957731657768
3497.71844562736,-1796.00932461147,2.7526506906789
2288.22776378637,-1655.10789150191,3.25273726502237
3043.10966328068,-1658.98076518655,3.32725315949167
1141.42512555146,-1347.66657985609,2.98323304560133
260.892300190598,-1115.94780320247,3.46213735571177
75.4459712097943,-718.11941261506,3.2391967074829
550.584916499521,-1764.05681787321,3.60555357198385
3837.31608530322,-1072.557867621,3.26532290752454
1820.56687675111,-253.966914634247,3.56128128341309
1330.30451044845,-1624.68222282454,3.21979138499418
2405.51406971709,-114.223907147438,3.76960496773737
3634.23444471147,-321.99730940958,3.51125178155984
1488.12786621159,-1740.12298313874,4.11091486374098
1437.76720395162,-2171.51614696838,5.4950403827905
3975.17942276648,-1583.75828393503,2.938700336466
4056.81433495329,-2194.01873623656,3.01480405244167
3687.05884318269,-1785.95735913423,2.65108992592639
858.888135784878,-1563.82391625295,3.38761641384629
2870.09190595124,-974.008577746315,2.95720070467723
1311.31305269785,-1581.5414546421,3.48956181063871
3986.46899171025,-1311.37022523931,2.79241443730272
3790.88420850638,-1267.61247251958,2.95056069813408
1524.66205363363,-1039.11094874665,3.26840649606978
868.002579187017,-1663.73170827467,2.97166986047564
2052.70480636135,-1204.24832289243,3.27810002604894
489.596370326236,-1206.92798030586,2.93523911965669
2193.07750610778,-974.055190732968,2.75404815659878
4060.48238576492,-1551.62268972688,3.05913004570783
1618.39862504457,-567.045107667589,2.88605974484169
1300.13984635197,-1399.24641365811,3.01356391657694
3592.84570423915,-1303.97132340083,2.78613139746898
100.941100694679,-975.339516699437,3.01981085878317
2290.81013849595,-1415.77207091274,3.18672217014638
3988.44473056755,-28.3008420814832,3.09755156087168
2984.25274865875,-1840.06541005977,3.12343740335304
2033.76947565581,-1286.67416820698,2.69440654104486
1008.04447813564,-895.073598369501,2.82712772168716
861.969500363373,-893.079120640362,3.59251242354363
1605.94006554272,-830.070125034833,3.11973686480473
2184.94089203943,-1582.99823861368,3.28157304526227
2423.6740304511,-199.311579272815,2.81016652374198
526.649827512339,-630.264516360963,3.01668873092633
2069.66850531727,-1143.38769609192,2.87651695891475
3369.20330255352,-423.311045965437,3.2337843762978
2746.85062692087,-1804.22965823193,2.97237529249731
2975.684541969,-1047.70791533222,3.22805711414612
3841.4273702041,-30.4301736868651,2.90457052709675
3445.73355780069,-1056.37370523235,2.99140692049384
2583.65309085221,-1791.28388726125,2.84503319526473
3874.45977343718,-1609.03504656792,3.18128399432898
552.777303878697,-1661.28748134633,2.95596443641065
4021.7555683379,-869.843210774716,2.8513356518592
3103.62365213979,-1563.20168910834,2.7965519247221
1018.66257218405,-741.601344158534,2.93869288393924
3240.49747224091,-114.970989124299,2.90354723446741
1336.2589654194,-683.97061128802,2.87973608905129
3435.41548353837,-1687.56958502198,3.07924154351988
3002.77700024364,-1846.33262106131,3.05748807273846
3785.79153834619,-2072.91261917121,3.3449627107138
2997.32251327872,-1602.26060187306,3.56925810215606
637.777995967296,-793.131070203632,3.22558401603309
629.834598566678,-1352.01378637512,2.83103789091841
1670.19628641473,-785.587061310903,2.87274598892254
3003.28003238433,-924.744138043584,2.70673585497972
1076.5245899631,-1130.28090551837,2.83563445263838
3615.6244370188,-41.7258615168296,3.15131584329305
395.405529837032,-1282.50439047334,2.77541045333012
279.891680429827,-454.189620397193,2.93571586205087
595.733094253899,-645.141560819266,2.92698832031591
3290.80581776627,-2062.65526366675,2.82146408687306
3167.42539501225,-883.585720971274,2.85037376426899
2885.85869193134,-47.8935130607288,3.00119727203422
2758.21001200507,-1902.52919380087,3.01703703927713
2249.63263926985,-1598.33883578588,2.69244619193243
3755.79115694789,-15.6118763859801,3.16695957345226
542.996361783798,-424.511616240201,2.96348190529503
3781.30833268921,-1050.65718128301,3.27013565928506
400.405164440565,-1693.72487977179,3.32715823914277
2005.63493956022,-1230.14798410579,3.75407444773587
3345.18875380877,-1122.5739610222,3.91082798309625
1198.45801649653,-1604.55880785448,3.7156768824732
3207.11599191065,-862.981552706652,3.91671702227156
387.075301800744,-377.055036240247,4.10686296072778
1091.20757357699,-1615.3437290807,4.06874068167608
1219.62178820952,-1711.73939106847,4.21876620975668
1112.76537691327,-1140.69609274164,4.47152128071428
1893.24405622264,-1476.2045979956,4.13475192496324
3656.42655700676,-1056.13653058209,4.44360158308046
1369.56018317947,-1673.73441782692,4.3076030346623
1819.19187834797,-1586.61135126948,4.42616140632227
2288.18497222102,-1181.21115331717,4.43882719598045
1311.773075104,-968.419859064952,4.23327879762063
1392.54454406392,-895.551294627875,4.30763751650403
4000.97564524814,-1251.06721748017,4.94312007713179
NA,NA,NA
3719.24592211351,-433.980051881984,2.95325418233369
659.166316557832,-1362.82406842656,2.98938372355418
3721.28890066477,-1157.55773164469,2.91627512566435
817.276267781465,-1226.05254877252,2.98942454594582
976.441725847622,-675.205075777697,3.00557859696724
2460.65002987867,-2060.92868174114,2.78775838823885
1157.80862113103,-1721.78419643147,2.65254905423056
1979.45962784732,-798.230759984285,2.85393309685721
4028.19082548756,-1083.10011155688,2.98539566421048
1195.56265743592,-495.517086081267,3.01622138982876
2596.22071057512,-1858.36751555949,3.15084765768265
759.69825169495,-596.236101273097,2.88420942836049
1609.08590402192,-1400.53071564474,2.97583566340195
4002.50720307999,-1041.31807278919,2.96841556276293
2420.81282571109,-2015.02652597108,2.88672699672959
3487.56713541128,-731.320085892874,3.02370716493078
3982.89932598522,-867.146883686115,3.10615914300277
219.465736398408,-1372.74364947351,3.03931217786667
1082.72555578081,-14.7250022614568,2.92705440507405
1250.34676319331,-1075.53886266544,2.9415287744216
2569.92621657623,-21.1363318974677,3.00539695684498
1978.10689793016,-873.670757229605,3.01099537941273
2574.65227100877,-819.032467645385,2.96912440861907
282.202064117167,-1894.84526540991,2.91122774458105
1576.39936191851,-792.293246052499,2.8208210968842
1276.34110030691,-397.454689107746,2.98864760539875
1202.16240096023,-1375.12877070746,2.94186907641335
2811.07704539922,-63.7829187003262,3.00586895190055
1792.83281672684,-323.349925778071,3.1877407295661
3490.46066997004,-1729.74973165328,3.01640385199642
1308.4886219111,-1635.79175048625,3.00353540988408
3428.68031007808,-2115.9303007855,3.01301116417009
2832.69473314405,-960.435772056122,3.03639039158494
3392.89593789079,-1570.64085620381,2.97610437873531
3808.1062223168,-1756.62366173117,3.0200342669536
3478.35482877481,-1451.77162183778,2.91254472298202
3507.76508855669,-1918.35723517402,2.97713856141318
2838.39188004753,-1007.56323832199,2.96510160579059
3117.55061685879,-1687.90906832756,2.93888597147186
2039.44547253655,-1468.87031089228,3.02687050080983
2551.10971464492,-51.4398060971396,3.11635539695278
3127.20511769762,-162.897043906756,2.97060756337557
1767.16385272294,-1953.08768968594,2.93345807953242
3187.09155826555,-1914.084515842,2.86494739936776
1363.11702509808,-1620.94507273457,2.9322556756742
1080.19842299041,-548.463523956076,3.00179092777014
3273.81206526599,-17.8620392788601,3.0669206669807
3367.91798734033,-1216.53713792623,2.95441515621341
1849.18460281635,-338.992165897094,3.39354130998751
1049.30929674255,-2164.20647876053,3.03413774499287
1045.52657862279,-480.557740167837,3.08296720429925
1214.49317408693,-1890.87185385779,2.91222471565664
3438.59153061053,-1255.01342695248,3.01080488061142
325.47573050489,-1910.75115157555,3.02503976281519
2995.12008370508,-1629.70868582919,3.00392608319851
4028.53219889714,-1793.65307033054,3.04361157072878
2494.64325376357,-695.310499991497,2.93803242195598
2628.97676308871,-1573.58301888989,3.04956648915068
2056.04526365744,-162.137476395228,2.86227556176822
1235.09139563594,-1692.71132081649,3.04193801443112
2758.97480195302,-137.138310948444,3.09325146947897
1720.29448070074,-1964.52087374313,2.9530113319266
2552.99454776518,-1416.6984025838,2.86435190665092
2214.39415811889,-396.990413832391,3.06407201684092
1033.99928051924,-1268.6215203187,3.04445506082382
3488.97945686967,-1313.55114153765,2.99948808716447
3226.16260121426,-1406.915503817,3.01555161919136
2714.97156650379,-1451.5953858052,2.89614333993356
1669.72290028298,-1368.36507679424,2.9403444325601
3889.95658519732,-1842.71807269109,2.91487823697992
2619.96952069708,-154.638326818633,3.07768701792082
309.697278419324,-2043.41250646981,2.96245041252082
3793.10504412031,-910.518860147278,2.94592608709507
1357.4952467366,-1462.8190306881,3.01204908903329
1266.96934243317,-1632.64128677934,2.93409652546653
579.544858709039,-442.740139667866,2.96050366579934
3393.76348108097,-1697.79208578097,2.87593703003577
1745.97894733928,-1806.19300650687,3.09930797694169
2866.72385375551,-1592.38639544208,3.01241843298195
341.030931631429,-977.35034433527,2.93539083624437
3350.2700053279,-906.98380403312,3.06059361416682
3254.70768656243,-312.175989718713,3.02469399411751
2258.59228809543,-472.157478765371,3.05862453196837
2465.45496752619,-782.033109897157,2.96911201763376
804.102969775465,-309.89319101306,2.98343109255544
1212.0699913706,-628.896065697348,2.93702152361306
1887.68058226283,-2109.82664333595,3.01916042708733
101.652555703279,-810.066478283646,2.97445699054118
1934.27279879444,-91.3874362522375,2.95848268973454
1611.32753782176,-179.895730990586,2.93671016790241
3368.65621724676,-584.728669398595,2.99088213609127
1156.32516304828,-618.629494150999,2.96156399033356
3286.40530418338,-1508.39394627463,3.01833238270842
281.38667061078,-752.76512982436,2.92507765027337
796.492092670677,-411.624364074541,2.898195131434
1487.861408461,-1956.89493620438,2.93863393979742
823.535414343806,-2204.07544016285,2.94882443248694
1759.53010082608,-731.056898997167,3.06711596958748
3598.93903657852,-1735.62567837668,3.01760049816716
625.744221100379,-57.9922023889465,3.05775492624014
844.299002297082,-1967.23247364029,2.94339266580009
1902.37780116355,-107.060786605663,2.9486093729554
2327.96857332434,-296.353157426644,3.00983563605554
809.660016340672,-1444.3726611628,2.85973432662781
3215.29145619305,-2124.2077863163,3.15824196785984
390.750157746998,-2097.25517594687,3.0659009253914
2565.76338311147,-2206.88263570838,2.96035938603146
4009.28367201591,-524.673001292242,3.01844600243432
331.398181352369,-138.400306799452,2.99259204598699
1736.01124494157,-1542.75431635415,2.95077932273691
1485.69351129976,-430.76713580125,3.08062712676318
2167.24543773139,-450.320930534985,3.11180740203849
2390.34079187619,-1034.26748223247,3.15597218261661
193.047467657446,-957.473438646212,3.00317413794027
3639.22669504578,-360.775284196232,2.87571137415233
3979.11089175277,-1853.675586775,2.90624643910723
2154.87860071399,-2085.62220311244,2.9674405740583
1531.1341532007,-1139.12568753607,3.03938281592915
416.099357792859,-1514.47150437923,3.14199934853105
4012.44745348702,-1695.96260078078,3.1592156469706
1860.33534166759,-1427.89457561237,2.99299127195362
1663.43490005224,-576.258021899828,3.10985468071779
430.05206456183,-1479.29636539368,2.87112275318901
2062.55999412105,-127.392658118571,3.10657150392714
2887.81800712782,-1307.06153551165,3.09263743137543
808.963113662209,-149.198005960801,3.02452921631851
2162.25678936943,-539.700308664524,3.01775695482165
2677.43058080226,-495.334015233583,3.01980391596758
1458.10496176979,-1322.55873360895,2.9925657310414
3055.95236778309,-932.906808408448,3.08519944922534
3841.77525517909,-1315.42184740545,2.99468910754428
3388.35215449888,-70.1973645354929,3.15072900993095
2565.63331051518,-606.397777116164,3.1912368533028
2405.13437595829,-411.017355405427,2.96601941330632
2217.72546606459,-1342.58449959189,3.07656361694789
2637.26066294661,-41.6781571740619,3.13461023815329
962.204767291881,-1060.08521631295,3.05973898107585
3662.29798416559,-2194.03730102165,3.24414062491275
78.3704850719637,-347.799330361611,3.01299699089877
2905.14010570787,-491.083641038705,2.99974807585525
3419.43137839095,-240.769933856744,3.08523808640126
3227.91014567167,-1093.91922841388,3.02326623710506
1505.77025076111,-1413.20989047547,3.01769945429659
3195.54609225662,-1591.16972308911,3.13464585566669
744.874805078473,-1967.38025168208,3.11333499918296
1710.89380954261,-1626.21038100445,3.03753977583643
1292.37777598185,-993.303246308406,3.18156067566788
1914.93586788727,-650.657423734674,3.06894672450417
1273.46458777679,-1799.85490366552,3.02681158516421
3063.75265855574,-701.08145965148,3.05225841888819
2493.45228092405,-449.184306312701,3.02937665914275
1389.36728888991,-678.970405043196,3.07497942065703
1281.68583778076,-359.048423571214,3.10397098683158
1724.66749526127,-1806.49154673656,2.91633096760612
984.985221817999,-1750.76089906912,3.06964544592519
264.746086346918,-759.979103099979,3.12141374098907
1015.25823559631,-455.874577247358,2.92766976619821
3476.58479729977,-596.776168636217,2.96824824374159
3885.61078004316,-1488.54853674017,3.00639199330184
3917.36942796283,-257.934061630055,3.05963147917978
1054.97722660193,-30.3433463635043,2.96342650508556
1436.17165731398,-1928.02497022971,3.00706068959499
1839.9250344679,-2068.08369399191,3.06485121286739
3394.4367832941,-2206.87025678909,3.04687974182434
2869.20268341097,-1640.51790195976,2.85135762883218
1810.73699542403,-87.7095131695004,3.06197144946038
600.527685837451,-266.74070702419,3.10590972505519
3196.48943821728,-1547.33252574264,3.11111640792393
478.930094587772,-357.083802618985,3.07752250383953
2985.95101057153,-1296.55906966092,2.9983505789325
2290.61772202672,-166.226580849802,3.1309226120028
3596.75565376151,-337.629220205403,3.2005085947553
1365.42814837117,-1701.87057668704,3.07467832149656
2187.33834820123,-1574.39762549423,3.05866983579024
683.28426044655,-942.550186200777,3.04547720013718
1726.95853483874,-1727.57449472833,3.2224542209879
678.432747738291,-1552.06763320494,3.14699335393488
3900.02602832998,-875.610971608873,3.18262805353532
1975.39631896798,-1486.3716074723,3.1858379871543
2652.30442848038,-2145.29858070452,3.05794844841317
1568.0897335163,-1718.27579913224,3.13415893897162
3249.16797130212,-181.682364464205,3.0954933704526
3874.02218709361,-1069.33122948413,3.05087396689551
1427.79788729161,-2180.0262869976,3.11465917258222
2887.64339111304,-169.320883590223,3.0155913944638
2463.29354512653,-882.411343099938,3.04158657486519
716.320332081681,-1823.45135397981,3.07918376285595
3333.85067905494,-614.769378855645,2.98920336872673
3049.79139615364,-1328.36377783875,3.09899093667726
774.35630325592,-2035.76468609793,3.09924280760375
3301.18537221936,-1091.12988607427,3.08315163862995
762.272461870178,-486.502842220068,3.08654995149989
3557.35806524283,-1872.89544516028,2.98087132884358
3546.40756249373,-449.92064925154,3.15411234006242
3290.08372249831,-1032.88653918783,3.1313453380185
575.683829626721,-1934.38038977201,3.07796242448118
2569.85963579625,-243.46094386208,3.05657155660712
1770.65921062984,-1888.48624027416,3.04978579784104
1650.18249388551,-963.508175724609,3.16404434766757
2433.36818848047,-1953.44218189844,2.98032077148173
3256.16812454347,-1294.59551504687,3.04026308697034
82.746969310275,-404.145691595375,3.02773574407194
1766.10004769827,-1495.60412890696,2.95491148848186
1828.71972518196,-191.596602543142,3.0709736997816
1836.03877063629,-1847.73607789185,3.0801198993552
3599.33406724676,-899.791845555719,2.96886053276403
4014.49897268332,-638.670786907696,2.98322996373672
1026.18173024223,-517.327381441944,3.11679055884001
2621.73411678061,-2210.33385446718,3.00568188427557
2604.23654148421,-221.53457717396,3.13379809255775
1510.87451377845,-1771.86845534278,3.11314759936387
3039.43526505204,-1854.48318197619,3.00462020970009
1996.35438916163,-524.404367758651,3.02682768005557
2499.14071630197,-875.021752567539,3.13025678362851
3124.19758619268,-742.863395239362,3.09743042341608
1465.95919805726,-843.239641850037,3.18536055840763
1175.29688833749,-1379.01091535006,3.10548731657723
1483.40701458688,-1462.20604817561,3.13675005521661
264.789783221541,-407.633384507693,3.11510021733968
1706.47861922762,-669.197916564172,3.15582632236101
564.606467354767,-1474.20649851916,2.9991837406554
770.660073929504,-899.797381379612,3.20959836506862
108.830742371381,-1436.1899913558,3.14261026128193
2952.58376438739,-154.143686409841,3.23800172108953
1995.93470551681,-1870.39739008729,3.09064214243897
1901.84033432397,-234.231013280851,3.08888306254857
698.491678686878,-741.408562844655,3.03467526920369
2662.58990950238,-936.59645385723,3.0812065553164
3318.85803978319,-531.227416177977,3.16051257027996
1348.76340753681,-899.720128713889,3.06107524834309
2479.12089692231,-639.912235562276,3.114646645608
2572.3859412027,-1623.07724785312,3.13199996989326
2365.91792722175,-1733.21471817314,3.16421436163058
1394.89919937525,-1608.76072703079,3.2223166716191
1275.7280750197,-327.681765551155,3.1427270943728
440.681434642074,-1574.49104781003,3.16184793702134
2268.42053140343,-1642.6738834486,3.0876770091311
2393.56176844794,-876.191662905986,2.99484170465274
3686.56772338941,-1731.76842935907,3.26051144212134
1425.59333426618,-2048.40094809387,2.95639944419442
3238.39593050285,-2019.16480166182,3.08295058633108
1221.19404510355,-1029.31813266587,3.31143270244207
2171.23744621218,-924.984354573803,3.29942131592168
652.004697819742,-1218.6450760013,3.10436315991647
2464.94779234016,-368.462374392072,2.99367670401486
1927.16955007504,-1558.51429847617,3.26553640166885
821.732467315357,-2005.16779785777,3.13938833385801
2676.3515369797,-1663.82613142297,3.1214315275119
2943.72457211973,-908.918921275639,3.05513394041506
2736.41945357011,-1709.69446409695,3.15129038950288
1928.04378396554,-1332.90831373205,3.16413393032069
2463.30191826309,-178.502708059816,3.12217174980723
2204.0552693586,-453.092651407892,3.10588402792819
4036.10982048994,-1760.88406920168,3.06743896472941
2496.83332470959,-852.797401945972,3.15642774873922
263.807826763156,-810.033770007719,3.08117678674044
2564.15702634694,-915.881997104066,3.13099793461791
2677.66953791262,-674.869769674505,3.27582930644783
251.797453356283,-1470.24092159348,3.18204487092615
3777.00658861935,-652.594458181339,3.06291009433467
1607.98701712799,-301.213823342921,3.21317129404613
1618.52637273016,-2139.79695372428,3.02636146119888
1606.46622338059,-2216.76530212545,3.09512005526802
1486.24578340909,-379.712674934498,3.11512286303068
1761.99325715008,-282.879399523131,3.12373732464236
867.051520771541,-1326.71242696894,3.11771766057416
1828.08131452505,-42.2050672250207,3.17624314190735
1454.57460047654,-1238.56343263545,3.27713866593219
479.552817223961,-1841.59314040003,3.23803238419599
3669.03471230702,-2018.95540069006,3.06112237791385
398.862545251705,-1195.41914619796,3.15636233376214
3485.50948976458,-1340.71739016603,3.17761486861341
3789.17805348949,-489.952717549515,3.11054042051916
966.367454104559,-1428.89641303054,3.12033732132772
3367.67608905987,-295.313346674436,3.207699541755
3753.8564990561,-1693.55684086547,3.3194931218695
3191.40309914953,-66.6808901304596,3.29180793980143
2253.63458347891,-787.930468167474,3.27228374882703
1400.56394055624,-713.869756729478,3.11868497708461
3657.04637612577,-177.121791262766,3.26696494457517
3570.95083099552,-1363.00272014138,3.30330998573404
1975.87511423153,-947.128329506526,3.26753418634465
3984.49729939915,-1135.20603097956,3.17060865066754
3103.85711245075,-922.675958829133,3.16859447105617
983.425943949819,-994.254904174112,3.24301157341828
772.836193467507,-1338.76037051153,3.05929191717971
1278.56103065223,-1101.79759992548,3.18679112703125
3026.51938895594,-1547.37247227669,3.11622943230451
2564.80628999552,-505.406030748427,3.15002296452571
1856.51334315075,-1956.14911948661,3.04754588245915
2195.11205265521,-795.845859571574,3.13081782234784
673.251305785894,-46.0703451976271,3.29821111140953
3954.28502817316,-918.011514754315,3.10550910097156
3833.89799824129,-465.73836606599,3.16459610558776
2999.19186792561,-662.274972781822,3.22840409462501
4060.13221694087,-624.788352383428,3.10704089290557
1979.14280034006,-15.2152152634741,3.26144636320158
3667.08698547851,-311.137845381677,3.08937889072708
2786.49374310123,-208.088916750299,3.27274910202179
2769.09411836286,-1873.09298092264,3.24981898739269
3934.10470922009,-1998.05830609463,3.21970622386514
1341.04318458688,-2011.73831737554,3.29028263274956
1087.65809325157,-367.088157051193,3.28283527936227
343.409277174657,-594.475643373501,3.18829872177919
1912.53485155108,-1796.4177350595,3.23147957795091
931.651089294859,-770.716441992905,3.20315526909671
2747.06194087664,-1452.94393509792,3.32634042592373
2737.79820642833,-337.094617742917,3.20230026516865
2085.45435099884,-1576.50405395304,3.1366712223897
4042.85227651437,-642.139043078839,3.12625073943979
3716.1823583979,-1739.33040137029,3.21937132194907
2186.24832425376,-1671.23646361743,3.2340868890173
473.029578892571,-1400.96681088327,3.21072927483216
1088.56176020591,-2055.24446222982,3.22406517811105
3374.61888184561,-96.0497853378418,3.25657333210751
3467.24228578793,-1347.55110826237,3.10852364141286
3428.34533108166,-2176.00459757625,3.18341010675782
2743.0933382344,-597.801575887079,3.24238273661846
1700.64622502867,-1332.35116389721,3.26239318568651
3161.47371817265,-1936.8265695813,3.20819649660495
3384.79446780607,-469.538275989363,3.24338207974148
151.095299435507,-109.776902018263,3.23127729824669
2614.39449234491,-1980.07861490768,3.27598511827031
879.392799279334,-2088.09777325471,3.24898698625079
1165.78885913399,-897.828377673376,3.32850379038151
3479.29727963283,-896.837653251148,3.17702668559252
3194.9769209369,-829.354718228864,3.29077220768827
1100.08359730154,-1323.27780527008,3.20047209065808
3326.39221400159,-1837.19899605327,3.26620204068871
1960.39449764513,-49.1782831559519,3.05435402217582
2903.63453137783,-745.185234771899,3.19289697046341
312.412338861218,-1532.67212188292,3.29135192328523
1782.74888306456,-490.936053493307,3.21327004382309
1492.27748002593,-1788.57932465172,3.1838072136327
3948.11813771558,-848.696702079978,3.13638167376306
3808.03559920276,-11.4368903556214,3.07555754962698
3623.49600326783,-1565.95605184119,3.12516664509659
2441.16978167593,-2141.53614034173,3.33323363046304
2029.54450937496,-350.26284035216,3.21697858785415
3011.18620555469,-171.99228829514,3.27245329338943
319.049490683855,-98.2045517664819,3.31246539528594
546.393801740779,-1278.81931408298,3.33609558162742
998.718967090293,-1701.5094941774,3.26781338381634
2806.66897288916,-811.767907167241,3.21561137312247
2699.16919269252,-188.089504157909,3.38566030823361
867.357062960202,-293.822934104533,3.22986307708532
1456.22977584134,-1747.012555828,3.27100470105654
3083.66783419088,-1858.33514592866,3.20685937852196
3550.08427129495,-1161.20590940065,3.31150331136259
2532.7455987772,-183.975423995368,3.20523551348046
4051.39374710484,-1621.23817130973,3.17597079444517
827.10119847299,-1919.03010366772,3.31467754740119
2638.4683051342,-899.032878013793,3.2900485607721
1040.83182230513,-1500.32247044043,3.27117541667038
862.858456015321,-261.995940401613,3.14706589915782
3685.90982249948,-2008.45288401182,3.22032197512035
3970.79815494587,-620.669160516124,3.33248204569806
3028.96427520302,-1840.91805922968,3.30305252893235
2796.05768737956,-2118.93178312506,3.3332689828008
3219.41940380046,-1825.97373610305,3.30589525918333
1074.42868111798,-1291.38614579211,3.36208644828702
1878.10105807965,-37.1825312223897,3.27443742658504
2511.87889150862,-0.632113480892833,3.27384300993286
1508.93589211921,-901.53968914719,3.33845977340289
300.843229915106,-1947.93385284595,3.41719411542289
2336.98619526321,-72.4846159619092,3.3190209203438
894.949557974045,-1981.8806367964,3.33572608379414
3429.94234596729,-984.613321670677,3.15921434349618
2182.20645442349,-2050.33444469503,3.22799584268814
3697.13199022049,-1882.20500426185,3.3080723236604
1477.50470190189,-1969.68879275318,3.17639710253125
2493.14912191726,-1484.30893665287,3.3125922663236
1988.27520933863,-1512.23016134175,3.32702117788548
874.792152941536,-1147.98525098553,3.28437153615437
3556.62967987189,-1340.74719332947,3.37630423643945
1094.7625653422,-1514.78233302872,3.39764183082977
2923.90008920841,-305.316501385283,3.29806664724476
131.033170792478,-391.841182435316,3.318754573498
2397.12607509897,-285.410805851745,3.31008822029844
2181.11173201796,-1420.74286259811,3.3493968725371
109.963645974105,-1503.82369565107,3.31949849488135
3793.37793251707,-1027.85094481423,3.11391038468765
3952.9579845298,-879.953749077279,3.27975944544363
3301.21216604474,-917.461988960996,3.38612346910777
2350.18512719886,-713.307967043048,3.23034892259064
2358.95299082679,-1861.68661499188,3.19522428015131
2144.90292964452,-627.944281407987,3.2608803870878
77.8209823688939,-489.290969182613,3.33474133206242
3573.33990066694,-1192.29531252548,3.26193541379018
1901.92850949725,-66.4340506546005,3.32514084323099
3618.41290296922,-1511.94826717336,3.2846222140408
2048.31824822715,-355.692858591153,3.29068957782253
1355.75637479507,-1318.01026361799,3.38399424798644
2325.56039603986,-1809.624198369,3.50141361156058
435.523512456296,-1367.29771485058,3.47210350453786
1474.73352945718,-900.070545660632,3.30123775812627
1134.21088372688,-1224.3716826909,3.20801744130626
3165.01380629495,-1765.30084929025,3.45772699967681
3182.37499449666,-1869.91248099211,3.31309801146455
1042.09898219875,-710.202775392293,3.29600397677337
3189.85645356246,-1434.88126178056,3.34526215893001
2217.47330968643,-1686.5533625311,3.22526057266357
170.765446825402,-770.192347493288,3.39118403065477
2743.77543482347,-1638.06996027958,3.38898725601253
3260.48030794987,-68.0383624963221,3.26787039626152
1161.82724088198,-1144.49127849714,3.33654575705973
2926.43960471789,-745.064047802448,3.29193779330016
3240.82177945783,-800.729012876911,3.27126745639643
263.208301209377,-1354.63213966383,3.37231299695632
1778.86246180565,-2099.97813127195,3.19350058695705
2116.17512807384,-1138.58522078637,3.36746905772681
1986.00519265424,-1655.04206500339,3.4139105450104
3931.20054390935,-1451.03914500744,3.3100842417386
3909.67432483501,-1265.89706371772,3.36805185883626
1691.46027478477,-774.25350618936,3.46526145207527
3032.07334755915,-187.882216586623,3.25364759924264
2166.87105956855,-1108.22953863931,3.34165327764993
2627.11779910579,-1620.56495027665,3.31253783038186
1990.20237533249,-2177.56033073778,3.36128867319792
434.131803796465,-1740.03508780461,3.32221056448104
746.19687499483,-1883.41518202607,3.43338521595413
1699.00971953023,-1476.91944613129,3.28932254299174
1151.30592978594,-1003.21984357687,3.57995264951423
1301.06956059727,-1047.85628097322,3.34442312474918
2425.92149696271,-650.045915106701,3.27860894762926
3410.01027016083,-1789.02037494544,3.46498010373754
2315.25944554845,-86.2054481831621,3.35687798442096
2087.70504084985,-251.38324450312,3.44693307727179
2639.42557832217,-678.706047717056,3.43169498333762
3380.8179607759,-1530.97426375958,3.29896573773211
2371.30778244809,-1678.45389669302,3.26916937930176
2785.8189185299,-884.37764301368,3.3511739162123
2920.61350948024,-2211.40733788317,3.43432536768474
1826.57252119047,-2002.15270293999,3.34518479863577
1471.24292367355,-869.706964220894,3.3280205317285
1792.73633330266,-683.059083489909,3.48658911708313
485.643680643341,-612.003337774723,3.42620655833751
3492.56365433801,-1207.80290716382,3.4339434028638
1954.67980368347,-1443.98510006129,3.54410183949348
523.98830180534,-195.535132869241,3.4060520189795
3656.13013091247,-2126.89182282206,3.38608140983053
295.03767546889,-343.87838716544,3.47600600926118
3688.85322544163,-614.209030631335,3.45603615527951
3167.25351735354,-682.478114227521,3.46847267637139
3429.74532751008,-1201.17157857108,3.4613923804407
2216.84034074558,-596.455701732863,3.32029235154501
2127.94204833796,-232.2827494704,3.52572412220188
2678.48545010182,-103.58615744845,3.48844135334154
2183.49790983694,-6.32463565038662,3.37982073967754
3160.05398156163,-562.889253066083,3.41033420286855
173.483844580816,-44.558190888522,3.66576590364666
3278.16508389776,-1548.05806259601,3.40585124621628
996.709193626723,-532.697001523196,3.36850219705845
3200.81652955571,-280.344438084764,3.57385998964537
942.018421051117,-2144.2299788537,3.52222453689827
2954.18212176851,-567.095055985118,3.52912007455899
1880.06488842755,-1341.78046132901,3.47086055393182
3580.84075297241,-540.964367193178,3.53100558893417
3632.99799621802,-1086.82417687206,3.60915741400284
3033.76148603602,-853.837878963454,3.52746908209732
1681.89224776717,-874.017403131301,3.54461324113952
330.390354235434,-680.002020490388,3.46987857661044
2822.31763292991,-2099.4041467682,3.69872793078862
3803.90727525,-740.262611531948,3.55387770149403
2468.54733995368,-2017.55050680013,3.54079628257984
3726.80702810013,-611.185758142081,3.53624853707845
1813.13153731198,-515.772141704067,3.43194511408367
3094.79224238821,-1454.42001033778,3.39452575929589
151.569734433339,-166.206254905634,3.54317349238751
2788.59795699015,-827.761935946626,3.51795672180962
3086.42756267342,-37.5226441645892,3.64547365609837
2064.31995629741,-680.035785291494,3.46152608425633
666.465760223326,-1454.26924050316,3.48125089291641
2826.27838034624,-1098.14157908112,3.50739203596553
2350.23509062881,-118.379403099604,3.34012509735781
3630.05431225647,-2192.69402158309,3.46935383059068
3293.25382263994,-2134.88316143069,3.47734449640828
3183.10341214281,-100.476980588869,3.54953320543988
2383.85958788704,-162.804125535058,3.49995418638953
2286.0757012185,-565.326982130598,3.27667748120855
274.331240737727,-9.86535764798118,3.60161201573206
2347.37113788874,-1409.57834413515,3.56902612916692
3284.80723882431,-1758.71070153438,3.61782872092668
2565.3494753399,-2024.02319551807,3.53853777378142
2313.83139106416,-1963.98021220207,3.44436683357392
1253.68465855471,-1725.47090478273,3.55826315108792
1838.03491597135,-1359.08979063938,3.56670085200195
3843.12106568028,-1668.89811296771,3.58893596381572
3475.36829270522,-1029.71482834993,3.45328252115115
1874.86707527509,-1380.58191547847,3.58003548719646
3352.1099776808,-2199.50299658962,3.54740255823807
312.058790559027,-1336.27872573689,3.67503978516757
1943.31532439658,-610.030015706188,3.51057843317466
1485.75947873224,-169.841225940251,3.4672712787513
2995.01399491556,-1444.64025537453,3.66037467554801
4043.28953490851,-2058.09870894167,3.72566920528392
1312.3010778428,-453.646948749504,3.622479264841
1679.4813984106,-2162.15323010552,3.54329090306758
1535.70498923906,-2127.01115548838,3.68243858917774
190.213424941238,-886.211167929628,3.51265226634698
2473.45264103418,-2116.5436323361,3.6455568819366
1783.57118582853,-785.88800949657,3.51279995652776
1835.61257695611,-605.196639190275,3.54052041002077
521.455983940269,-1553.82375789648,3.74792508829126
2727.9820046047,-280.906763371373,3.60163510618912
2355.06619538689,-392.767735232817,3.60084668905343
1281.46839406549,-156.341756561749,3.80615291679138
2828.026861426,-1201.55478368698,3.46795489267309
2137.52468784698,-1294.23398153687,3.72177750241426
562.75938044354,-1911.30344478259,3.58512560657457
2054.18489475712,-1820.98644056452,3.75423087120822
2837.6176062638,-1582.98733750995,3.50873856133145
2967.10879578282,-2082.7292263595,3.72085382951301
1183.42147346804,-7.20354827541467,3.58036517419943
2293.72745196322,-1087.44389297295,3.6122191010233
824.875192097841,-823.344224125961,3.8021748443145
2545.85263934165,-2155.12262270992,3.67663182001676
63.135928301017,-1513.60593921542,3.74523217761927
3896.26940878134,-466.472109386551,3.79550883347425
2834.21071728202,-708.857774922705,3.73463100238654
3724.78084382139,-686.11087015904,3.66304811643607
1216.7237172572,-199.479763562095,3.61857296353274
103.152260846613,-1324.1281244893,3.63300928416915
999.290308545539,-1162.54866270661,3.73917470188492
2382.93270216483,-1355.4874384175,3.84120040951006
3255.57179743461,-1129.30336040433,3.88237064731016
2999.98548523577,-1674.07482558278,3.79843445934716
2281.5150104101,-301.580680195371,3.83365001588208
1002.93950747154,-902.683965096952,3.73204108835086
1511.90538469683,-1734.07554028231,3.84008202885671
3132.35219672932,-1993.67607027649,3.83373838633628
3732.3323933017,-299.869542428508,3.85789785956844
324.013642036324,-1728.16775777878,3.79599431232083
1869.13789888773,-1999.24268207238,3.85379050051414
551.172727138718,-850.73824589612,3.89157376960573
376.42835793809,7.96900279402267,4.03119410663112
569.228741003674,-164.953607022473,3.89975322436546
3063.11499787078,-759.937065191603,3.7972615228094
2703.24625977931,-2036.2376012875,3.93669604004019
168.884833280745,-304.845192416058,3.90191948450443
1360.29406766147,-1042.77672095802,3.85649286971903
1597.07181839958,-1323.97055185553,3.92563224453619
351.1377038851,-761.820947476061,3.71673590516664
3753.01939288968,-1028.06581788076,4.08278089102853
2873.33648259814,-13.9836020922189,3.92313170467653
513.809499398346,-120.387481379556,3.91116089812083
2425.39254719914,-1007.06632804003,3.83753080122598
3347.84527452819,-1358.71834810595,3.8118322908525
2811.01981320214,-387.136416422594,3.87778879413676
257.077963459277,-697.344602056848,3.87043272386645
3780.32155890176,-1517.94459457143,3.80472498585158
2460.30542152307,-311.248377974605,3.97922283903615
1089.86170663298,-233.687601925042,3.98560268678621
3013.77205858527,-296.301131363057,3.93154541694299
1952.68917848876,-219.732941084895,3.99153602608322
856.928624620419,-546.498734262524,3.97991367478392
962.071089126862,-271.040034295161,3.89198160438136
98.6974370153638,-1098.9957875551,3.99671307210659
745.054404877585,-1135.5064778504,3.98868766945437
3271.49062973237,-187.63737465076,4.02459439908441
2989.4341678603,-22.5946549796528,3.96778423815522
98.7087310012855,-318.289887079771,4.00324915255513
1147.53353367108,-2217.53247298392,3.87876838803974
3261.23863206949,-885.689583182471,3.9595206703218
2597.321186996,-436.369865797335,4.07551626464747
3996.90692865373,-1315.2926883874,4.05162650003522
993.664653396808,-1883.65428720481,4.09263676165666
2237.67359546816,-1981.02206786631,4.00792759693832
3311.39955375076,-1908.13508405045,4.04567587893607
1757.77300405277,-860.008414687169,4.15282338058523
2944.7066891184,-977.413841277773,4.11929771399029
1571.07629262443,-1081.42959248363,4.16570797564805
3314.64738256045,-246.261342207329,4.2814453089375
286.907898256243,-542.188316544826,4.2427471323487
3085.70640350848,-1945.77071614872,4.14923288104585
196.866401359432,-397.097641940317,4.16026853163823
829.450273657039,-1348.8749447907,4.29696485593942
3769.06823767112,-1432.66489709315,4.23144252875235
1249.42440879177,-1524.43738724098,4.26322210377664
2725.14224852609,-1959.72172804815,4.2050208658489
2439.55194992348,-233.942438633245,4.18557584761937
3455.41440071166,-26.0445251741123,4.20385902805363
1235.612738609,-809.838666905713,4.24881393988163
2584.2135868063,-732.856550522327,4.44363617513434
404.082328667517,-95.6578271644759,4.33148693919873
2340.00460476126,-1815.55485087905,4.36166075101662
138.926482789275,-1176.43030890697,4.43442862046239
2534.36161760105,-1936.75187233978,4.34565703647503
454.951761862831,-887.96601629181,4.3655713121876
2104.58704536902,-26.7449356480776,4.35653415173656
1258.43565121911,-2155.26988586018,4.34752312286661
3052.4630227599,-824.744923861461,4.40816751970281
2287.21580461126,-351.683537185658,4.4133920020568
1821.5698140178,-2148.52861889463,4.18920474834751
3444.20205727189,-1658.96558127009,4.47177590397521
2482.38494901123,-1319.71066452482,4.48234413876072
2334.91038560495,-671.728520027129,4.45252554839995
3334.30035457747,-685.396465954746,4.48899289045533
198.968696400191,-1259.37399730675,4.30382621144676
1721.42258285417,-1366.69702948311,4.63882460129637
3961.96429404767,-1397.81768648787,4.35422791064529
859.102319335696,-1098.01975411723,4.62460894519138
3045.09642222294,-2090.41873509657,4.54911590720925
2056.69882872958,-1400.34359519515,4.32887471935744
2926.86591645876,-2030.78813190227,4.48804149876539
3132.10289036151,-1081.99748074126,4.66936493933421
524.50703468132,-543.999046012107,4.82142008273126
2569.87657506808,-1611.00133626485,4.64886430658976
2984.38911673696,-2160.32408026151,4.65994123679486
2905.03406740506,-436.498343192323,4.83393223635775
3618.61065605865,-284.412414468346,4.76639200953304
1120.97229848467,-1431.89848857266,4.75708704295947
1552.61208488883,-667.386103210947,4.57002616520438
547.662913826279,-1205.82275253208,4.43767926686477
454.112851726945,-1289.77645475717,4.70002113522179
2172.50286031465,-1875.28135999467,4.86053549284763
2674.52297208212,-2107.41254968324,4.6501691666448
1359.85713406224,-635.720840629168,4.95078447619573
504.324501721854,-2074.50242942454,4.78357862012499
2961.98225476045,-1951.3110964083,5.1693140014152
1929.80821357934,-2186.20572126378,4.78270500996635
1117.95439447672,-1982.24400066484,5.06685377856589
3211.4666715149,-1257.2908522317,4.68262563735934
1685.52700264793,-486.696794589136,5.10031976286143
187.336700829539,-662.014656935826,5.23766439755318
2987.63769823685,-1188.73708892488,5.20263493486658
2898.2582519566,-228.654447107826,5.14046308884057
3451.56684698025,-1334.48433503406,5.41524403545631
3307.15555556522,-470.842309214271,5.17867150347424
1541.24284174709,-1001.79858321462,5.15746536009359
752.448286050138,-331.321899169913,5.45500355538314
702.918717257223,-1660.11822696241,5.45387085444317
1409.78139920343,-1180.50419687181,5.43247167745219
597.664241696753,-1021.70427966393,5.77082391607939
3649.28529754254,-2112.66717251733,5.78540410189234
2634.92714806727,-1073.27979875621,6.13045185258407
3384.53366627206,-219.201993835228,2.92187003773489
3215.6620548521,-112.613900334195,3.05993369618448
2713.36309897527,-652.761529113964,3.06849089508155
502.566353963934,-1900.5607728254,2.95576825943124
2087.04313924549,-2159.49538923802,3.0233700421517
3558.11149789159,-86.5370002137973,2.86217960571372
445.304599711287,-747.387755454336,3.03687264139902
1658.06592157103,-445.87680718379,3.05558757223291
2348.92856467733,-2053.88078744869,2.99033155879528
2984.98044968217,-2035.45684824045,3.00098040427044
2670.60884891645,-923.465253488973,2.96441000062981
384.444777253864,-483.159513845332,2.9036755730328
2644.2345887314,-331.75374291126,2.62468187715635
1802.38903389469,-728.207188633504,2.89795335408194
1585.71973441978,-2062.27315607671,3.06261149555006
2647.20500264637,-362.726704124654,3.11952397179241
181.875095670831,-621.837906464974,3.03036862326294
1728.4082976255,-969.943430540737,3.08121508738863
3087.85643964172,-1083.8013496714,3.03942801089582
2456.83345918652,-156.525992761335,3.08773575561655
2175.79680577153,-1318.90998334983,3.03374756355717
3678.03612421523,-122.583985677433,2.94331956199289
2219.71994224493,-48.9990168853967,3.01606336881372
1702.19625876614,-839.475936856047,2.90614605111218
565.506828314742,-1488.98444805148,3.02985407955779
631.50047990338,-1420.75611385028,2.95174397915101
2685.33902066497,-26.2215111793947,3.17945612642115
3179.62135698061,-1606.50200167127,3.18122245027506
1214.89509075124,-1933.13832933545,3.00937730949022
3743.6754288997,-1730.38916478868,3.36475714675807
501.950330432095,-2157.8028494235,2.86720316759583
1432.19174911987,-1772.35455416183,3.07100466321375
906.314416875485,-195.161794193816,3.26585941660093
1133.70026024343,-296.001367788677,2.8532515311563
2269.38333177969,-495.814815967418,3.14001010243863
3261.48225240799,-364.333911149342,2.98057189385486
2376.53422184552,-307.342008009225,2.80880011898886
1497.68233931322,-1002.22817729509,3.01259713729225
585.252033627826,-209.081061872991,3.27889437792484
1616.58392505145,-1085.42675146451,2.99082251821068
1530.57557034909,-505.00275811962,2.93972249118898
407.939471826378,-1037.68606249878,2.93700353167679
861.616002537172,-425.2926046644,2.94874364538046
1800.73165713813,-203.731587876589,2.69492620217369
1427.96282425769,-81.6870019305905,3.07136067887388
1600.99706052622,-597.178400285044,2.91326001086883
3889.15684302445,-1304.75813961142,2.9332231629521
3430.10124935876,-251.915618053074,2.91751955590982
949.301928651183,-442.678338290523,3.07368224482112
3435.08015260751,-290.337973755924,2.93887772631656
2413.03092778715,-688.511450539558,3.23521159409167
2881.47861760914,-470.807409348013,3.2435268843809
817.300014812708,-578.524366148448,3.0214495254874
587.98343544007,-1502.78782752135,2.80815435703954
1462.37771517998,-1713.98681641012,2.81294340957512
3427.43124735053,-821.824596431611,2.73940903392266
1124.36485108498,-966.80817625308,3.14732256562566
4021.49829863037,-63.179680599829,2.71529747446498
2314.44376447157,-991.863134289784,3.11169334867322
3541.17817226828,-362.749899363772,3.06816207464083
1393.27599492808,-97.078463243457,2.95890766152396
3394.47607854587,-1966.31668248081,2.96313567577747
912.406238582876,-1527.87932041104,2.97128446864654
2018.55096479524,-462.107332702777,3.12338630739016
3179.38626426955,-293.58840799216,2.88204719685949
3508.12515511111,-525.812277750779,3.20478695626595
246.922358657121,-108.967167618062,2.74915298809003
1033.34203819872,-123.301671935291,2.88618487562182
347.260323444124,-525.817660640935,2.95787067368638
3092.88948543408,-1799.37021978684,2.74848888003317
3907.22580039639,-8.98674338878093,3.0301785535676
827.818736392912,-376.062941343243,2.94281502794144
3141.4980456453,-507.120814668507,3.12363424559036
3721.45274106474,-337.133688348248,2.79824838383736
1316.99941177671,-380.913205827996,3.06181268958604
433.168371109864,-1873.62376706372,2.98058963757732
2276.83647476493,-709.316056379795,2.94395779304213
4000.52248921611,-103.52856346601,2.91518785904513
2076.2553271393,-357.757848896736,2.58487610875294
2118.51546149554,-278.149113852636,3.18214420124981
3531.39910960184,-877.878338910393,3.0791972747074
687.886867785525,-82.3995164311235,2.9019780713812
1148.56667018771,-1447.79198834224,2.98244537613624
2800.91810900772,-576.268678025972,2.69209716653057
3612.23662102347,-624.41356189417,2.93282169827357
1633.08014687555,-2134.65453030235,2.92120914995717
3163.12129866773,-305.323506599111,3.49677200478666
667.76082413902,-450.516045487321,2.89358405520904
3356.91888135419,-532.424631671133,2.96656378555975
2160.64809784783,-565.639319294412,2.86292247003631
3048.47679816524,-1643.53509202466,3.39996348546328
2045.658505676,-84.2057727932032,3.23595842495159
1283.52444610398,-2111.414923483,3.00906808210088
2766.43642344416,-1939.39230752041,2.98656767823992
2744.56572036732,-1836.2304198231,2.83198697972732
3572.85687817757,-1900.12045109605,3.0670387976159
4062.14411254633,-400.196587172181,2.95684579490287
2591.80923597028,-26.6219163418876,2.760037408838
489.199981708177,-1473.2932568533,3.05956211853455
2449.51062435402,-202.239337192796,3.26609757815107
1120.48736239782,-214.317757042207,3.17496842381242
2199.71098537571,-1654.24012297875,2.89631603945154
2040.86262678962,-269.136777443625,3.01267619721557
3121.84018009025,-442.523326182906,2.88462048603057
1919.13192884031,-409.110111217919,3.07493528580501
1453.21030656759,-110.306156774745,3.17535568708964
1312.39234509981,-1416.88027001492,2.89332632416069
3210.15308045939,-411.058129069838,3.07137957169954
2015.21384607284,-1695.48076287628,3.08042878511431
2333.37176224295,-2219.37752621165,2.99294635699487
3111.90523775069,-2199.06408301313,3.10826758718923
727.88669741864,-1026.0895916541,2.91687203627577
2978.73197636815,-333.102691801031,2.78558972329081
3528.14636640193,-1672.66113162343,3.25243812437942
987.192600465348,-48.4905877735081,2.99272932807422
349.158825491651,-1456.25785634693,3.06076605259499
1492.90005276638,-1217.92645938445,2.92914172672303
3355.28880694162,-1883.35642461788,2.93922475856368
1130.98151595348,-55.3699599930747,3.47727565613173
1206.59531688295,-1079.57733223756,2.96989190913609
172.227913208872,-248.65336551441,2.8336180405282
1337.85122308028,-1651.89680640111,2.8729821163088
400.73713650823,-67.5045781691331,2.89237265276813
1542.37455368636,-236.954701921558,3.4425120758026
1197.76933237156,-101.146470750894,3.04080318703917
2392.45025698177,-562.975130677313,2.96425780791236
838.653802137555,-191.079270193443,2.70349313025442
2486.09429934304,-360.088303282407,2.93699072262746
1572.29732678168,-203.352578634293,3.09359681601638
246.560671210568,-1728.10655113649,2.81272875557573
2026.98756310354,-2206.38722388878,2.85757421469848
577.157336600936,-948.405983814406,2.96736520560522
189.458771790651,-1644.0741681307,2.97131157009407
1311.3336938953,-2120.28359497558,2.99772998931872
1164.56504586598,-167.439539372415,2.91382684780893
1783.02510909799,-1921.45554920261,2.92363640530809
3270.06733294441,-474.962285999617,3.2252328475134
974.846827480977,-1548.62248164218,2.81817597169791
695.245653980229,-823.206425368691,3.02542391452894
1514.29797774657,-407.406710416037,3.18562635746352
2996.96198040463,-1742.67463685199,2.88474499101437
350.683720878877,-267.942335116438,2.8174157535675
2272.72130456875,-183.895147179168,2.80411020495598
3005.67552638284,-74.5413779733698,2.83364249971956
1414.35966234877,-224.486427374944,3.46279527934861
3438.01361395643,-842.693577796602,3.05143338682368
1181.95779277652,-503.672012811237,2.88248835584534
302.304418048201,-24.3041983432583,3.06708161503569
1063.3246510969,-56.2374365100969,3.33885517284606
3302.87009366792,-463.052329907373,2.90363491251083
1859.88254274598,-18.8351291925791,3.0571315626197
3336.59482735048,-641.715673889813,2.93403878123534
337.175880994071,-1592.18217886404,2.7242205798848
2419.68926744884,-53.4363260372306,2.97415713668134
1120.3727083045,-2188.23660349975,3.02910147832972
1220.33768497742,-427.29022180828,3.63195471236467
3121.27713787172,-1707.93634858396,2.8929881176891
3334.52609672668,-878.97767592995,2.89013871656839
3099.07843784484,-2109.38577078952,3.1638335417141
955.727420968217,-2124.25528039744,3.00697003449392
3500.72844185464,-907.00923045456,3.05684546342161
548.826272140042,-2125.45463609364,2.9961035973148
2510.36530610654,-437.228188424109,3.0180190911661
3897.13051042694,-367.451575249497,2.82847516953819
3448.5743894513,-466.783985966033,3.00414456136847
3684.02194086538,-498.757872230356,2.88249500564876
3710.51682000176,-2010.4795876888,3.09158185723082
2964.5241790402,-1380.66050997721,3.03753438334114
1095.25892217529,-105.731691011119,2.97914204545771
2496.7127594414,-1931.91154612899,3.01909868034984
897.866705363599,-94.7241414600921,2.94812190612509
534.801688950804,-140.413347931581,2.82223366819001
2843.57422986985,-548.316915312912,3.08631570766309
2088.69988082802,-1957.0362017031,2.69460386841026
2603.73271205948,-1950.19765369418,3.02591858826156
165.316351665941,-1529.24613150604,2.95947132575533
625.03966291127,-1399.77162303869,2.99594732625197
364.118195097244,-129.163467382268,2.88339685687888
288.053288738907,-713.318694058217,2.94575062554597
1255.31265319974,-1497.84059975736,3.090944955255
3040.91532103606,-1954.13006039374,3.06835724161477
1666.64146302587,-140.48913395407,2.99844255601181
1653.54434249052,-60.5576677146313,2.98438209752421
1109.83910510571,-1596.90765950056,2.97372951457316
875.971148215698,-111.822036591034,3.12909190298673
236.457159315833,-1792.70298509207,3.0770532381605
82.2511782531782,-59.9423628976742,2.95779424862095
3673.6459298525,-1438.64511979879,2.93600344488601
542.418546187453,-375.927067469692,3.01873344647913
2956.15412928364,-105.091846427237,3.11596695239426
611.003346588712,-429.143730956063,3.00150090440744
2825.64959107342,-8.39036517430051,3.12614226127192
1278.08878515634,-1944.68105455182,3.01518189658359
3870.90385343002,-289.723905213707,2.96343675492744
2162.63336742106,-1591.0523289222,3.4646504298745
72.8185152127231,-2098.41883551839,3.07429542225805
859.892470677745,-1520.48390669039,3.02157599403726
909.103303589832,-82.3058119599195,3.09609665976083
3180.13419242729,-459.820710111409,3.01881587873958
1699.98281824649,-101.742905629316,2.99455384469014
101.002810303574,-373.32368063977,3.04777009131375
1783.7228928231,-1130.56970873428,3.01445322415907
1976.11366462395,-448.671169587145,2.98582101106887
3268.59281143058,-379.656328209831,3.00177957509786
1312.42671473697,-224.966541684575,3.16571401686545
734.706216633455,-1190.27160762121,2.89146697349199
1278.62505510902,-102.231032860368,3.3296154358162
3286.49105581843,-865.462501168058,2.75486864783403
1218.92749670187,-1552.17245712874,3.02002579215326
364.506132350247,-883.612728910969,2.99316383061044
660.809758404645,-898.614669440695,2.95198760126853
582.248553050082,-1602.35281707022,2.95337304224148
3712.40230778163,-1672.48571564996,3.03098389664063
2418.9415322375,-235.059569682105,3.04209210625153
2803.93404425377,-1962.54729200837,3.0125049053432
1716.136837916,-1915.99031192565,3.11831690584015
2316.35766351452,-156.531023561538,3.00092781565221
1272.09431616599,-200.701315596161,3.11698670001303
2178.06935710685,-218.23359334111,2.92483622082429
3184.3805774993,-664.173937445453,3.10728871445884
1930.24750363071,-108.376602158122,2.95730687333082
3713.32702475104,-258.432524918868,3.17749836727863
3754.69613030886,-162.095562461985,2.98011802000359
1579.89680896058,-256.834346996325,3.13431771032765
1030.85569846087,-1621.52197699909,3.10354419110122
1051.75613048204,-1573.27176351172,3.15006177309408
3692.54798801593,-22.4189494716998,3.08549840759913
2760.65392802927,-38.9848454439297,2.99115238706333
1384.41462387997,-143.361199979417,3.3047874804005
3104.18592669076,-1975.78924961708,3.13333920712309
1014.61296732165,-1027.00689877175,3.27539755426233
1926.95473116483,-475.270426361976,3.01150436660006
3340.49868207274,-1792.34699283751,3.28589844812866
401.606325093018,-232.436350825121,3.36169579219039
2241.11611854683,-1762.91246208843,3.13586609198697
2552.7068602799,-2140.03248699169,3.14006020079034
1416.04927454161,-1970.29340304803,3.05177184857794
510.24869543087,-1751.26612498803,3.25680988470139
352.630937603775,-276.061458204226,3.01547918626566
1791.9280834125,-1643.71606641591,3.08830249483761
1899.67608749059,-2180.06667866044,3.27558711614307
511.275909365038,-501.281016693838,3.1389486633894
653.628926135977,-429.263242312178,3.18466474492181
868.713316110556,-418.967546949679,3.17866775170457
1059.39976347707,-352.512484513396,3.08274309647958
1362.93034031845,-150.459645031832,3.08420191882846
2021.28610571366,-520.525274581405,3.17679511883456
476.853187894862,-145.355731016795,3.04847441912758
997.459046850881,-247.027939109704,3.01198474430284
1825.69624647969,-135.6340639449,3.25105217326452
1634.3833207091,-298.637057782895,3.08314713567876
1974.40559660079,-1408.07887157817,3.34416439562786
2612.6026949408,-316.853839699803,3.07218958693297
1638.0651888093,-1019.46808570255,3.25444828925074
3609.77671943472,-744.398971711984,3.31878832394862
3982.1084561707,-538.791007528772,3.22793755469675
3326.0867133396,-1710.74925713723,3.33260436213061
1312.72880408766,-1602.48277766737,3.16001001277955
1945.97968404462,-1495.50856287509,3.46256319550214
3624.74556986099,-932.186609041438,3.4384493593503
1991.80028066125,-555.397716929729,3.26360255191906
3560.65101544294,-1628.52847727468,3.4245348190902
2996.52610245839,-1643.03062004272,3.56766578050125
1182.18927122339,-1908.3452047497,3.1139211287228
2894.71855561319,-1357.22903512463,3.21659857028904
2603.20710656188,-163.103211791249,3.27759564928765
629.141085813316,-283.460502583467,3.40852362024834
2407.47911733391,-2209.85784278415,3.49959544833087
3690.71230240806,-523.573839570745,3.49865471651478
1942.44062363237,-763.326768202448,3.53969760162514
681.76359445883,-1879.79343675146,3.36843407149063
1831.92214127933,-277.588418843836,3.44841921554509
1692.91861031323,-185.647235650784,3.25672292879913
2793.45099827961,-1378.06088645784,3.48976471554241
2422.38195071991,-2189.20911902109,3.43654339509601
3351.43342843701,-1737.79605389543,3.65380673821582
2528.86420023809,-772.270069017611,3.31791966786857
2818.17565481252,-167.855099885771,3.390049685503
1888.0673792795,-542.607590751804,3.49316941239449
811.50039894074,-328.60030773535,3.3648184561973
2323.19172434838,-1502.27951320971,3.54098065520764
1515.99848240541,-342.653354424699,3.44426249138821
1449.30164406968,-369.928183840077,3.73409787421921
2571.27189386529,-177.02343514148,3.43780164317235
2962.65363128223,-1478.72836729747,3.53922464659205
1482.4697842787,-318.873899083391,3.65193737762466
1451.13319862152,-267.071859821168,3.63999918365198
308.208155267417,-2201.11793993769,3.83966920685736
1319.13568653806,-1514.8638812841,3.86350148855139
519.473639740998,-303.570709556173,3.77843888328461
1915.32561211581,-177.178213538845,3.77483762514776
1395.09301277806,-347.818106084369,3.7642851389767
1596.64611629587,-1691.49342582067,3.81753445184568
2036.23647580216,-214.882139552645,3.6050691117281
3009.08563772026,-1831.53221073158,3.89016939613588
443.468751687924,-349.29025796646,3.78977465896446
1942.07354939802,-490.744284710786,3.72108076908851
1323.43356918069,-182.184532786524,3.66428710426879
1090.23384371495,-2120.02235777763,3.96026376609872
3435.97935549655,-1832.00871835655,3.98732589174544
1165.64570594356,-1516.72580489525,4.15054622179008
364.493246655807,-213.024713121451,3.82496940998364
1541.81557496056,-56.1466302425141,3.86021662514201
436.770612084751,-157.455479098873,3.84482774971447
1031.5317954284,-63.7135288221564,3.62139861082653
1534.841349148,-1686.88616868905,3.84202546170197
649.773791598937,-177.823741039471,3.87036310208668
2316.44102061864,-521.220309254918,3.8479148416686
951.01763118755,-28.4786274843597,4.05611902572353
2387.0229536139,-1618.68817227247,4.02631584624907
978.661761750551,-62.6499026621196,3.9228005285587
3437.20181231082,-1586.90286845076,4.21879783621804
3887.57352457074,-210.675976907752,4.27541321183194
2752.72779782882,-414.029565290414,4.06805797993199
1875.03598770112,-1632.05995704784,3.99501850455889
630.599029282308,-594.540345777634,4.20793309913243
1314.01498562211,-120.402028524678,4.02853557241982
2969.76991937193,-1941.21142976592,4.19812345787898
3507.97282582834,-474.613815280649,4.30925407093761
1437.08022251655,-1447.85038499839,4.38295750633061
2773.02312778725,-274.005468172391,4.38364203077891
3968.72626384732,-427.691736680304,4.47144646887173
296.932100523925,-1858.30951721758,4.34679924728912
2233.65678452773,-527.742581305234,4.46136771456915
2291.95651213555,-434.523877970123,4.49543327876562
2598.04432655069,-580.118576845867,4.53742806086021
1097.8615593936,-704.896656275272,4.37720246468064
3409.42252122248,-568.585327320876,4.99841434649966
1515.05169268049,-511.965145463971,4.95814659323931
3659.11104238218,-1615.22287347875,5.23569430803112
1702.16315531044,-75.5326652472062,5.25623003783034
2866.46786295327,-460.18178325494,5.3770005374872
3223.44501718461,-288.945509969853,5.43034756972145
1841.02625219459,-1251.8464229728,3.09005722278517
3077.27624500106,-1045.40925327619,2.70348488737359
2806.89631695192,-1263.37446641834,3.00488863810838
486.455234656887,-1789.70424678218,3.11720306263396
1683.63993348962,-494.515665424587,3.07381785684543
696.782629347845,-1703.14511799055,3.41783795522722
3310.6451616152,-2168.62857811157,3.22486796695232
1312.42549230719,-642.829571493416,3.24506969574783
3349.88167077856,-726.907442369731,3.34460092429864
4005.83369156771,-74.7784624636584,3.22017553787923
3364.72800285888,-698.596514789813,3.38121937600122
2586.71938559061,-1677.08360241479,3.51764873179347
745.054162806945,-331.517982953817,3.41176957412365
696.269092055108,-2062.74503209203,3.58370126699547
2320.79202204253,-1550.92874962392,3.03352454228447
1637.71775048302,-2101.45139392461,3.74678077652114
1495.33015135432,-1517.43602265028,3.68358930051837
779.570123779682,-1940.80561334073,3.75735219753846
1665.5020124285,-731.342344581325,3.75201674820615
1680.03907618922,-2027.48547166817,3.78248009827587
1725.47620353954,-512.989819494794,3.67645066769773
1262.0243205295,-1420.87078681734,3.86239013521067
1691.15089741026,-1188.43601362683,3.95094779198257
516.642830156772,-2195.64509913569,3.85867157464491
3775.8237071566,-906.06942581089,3.92037325514826
3915.57115983629,-1182.25611929724,4.15247651111418
1648.26346700523,-2083.12448125637,4.20326147777235
1134.7672911398,-2157.74816078244,4.02972176085951
2278.55861370258,-2202.11760117957,4.13902765013538
2747.74258742488,-2072.96786547391,3.93375966779594
3827.5689054642,-1078.04794900343,4.18349424386289
3709.49814322664,-1549.90459883944,4.50566753671318
2602.72658038528,-1745.21554798285,4.41936974833226
3898.12287969363,-1018.00427085283,4.42726624228468
1877.44891252604,-897.676882543179,4.38206391162943
404.19401924507,-103.705281501441,4.5617688601009
3917.21013961443,-292.50737233909,4.73240163710272
109.440588577417,-529.025633966683,4.69843066015881
2106.33283338611,-1033.85398762554,4.85897594521086
2275.72539362873,-1720.57898499991,4.44198858203285
2033.9633956118,-885.1429627581,5.20600693577489
2314.97477900775,-871.949018481177,5.20522336690307
249.69096371737,-209.110400162929,2.86881746215781
3665.4118031728,-1526.72601576697,3.02663473281693
3044.95205167576,-1462.61872689615,2.8399899501269
3114.46490156529,-1356.97281852057,3.87462569882792
3946.1929938796,-1346.40414852542,3.64926102153561
3955.82005270243,-1444.23141010544,2.97185905972121
2908.10746185224,-914.523507879617,3.36512351301237
3696.49760846889,-56.985169813574,2.94316237422262
2143.97843393966,-400.914102697626,3.05540595048601
1598.75510912478,-958.002864623838,3.0315990181899
1551.45370121631,-1478.02992290129,3.07272166522461
213.237320111211,-1949.91788300797,2.86101036129904
3309.4616751175,-372.391856859837,2.81699353952873
3773.99470282942,-162.963590574985,3.12699874821796
623.126692216875,-1200.92653227824,2.81793912775069
2376.82708706378,-1160.12617254939,2.95606229799162
2641.23220699882,-1521.14802972798,3.06689564406654
3335.16325388468,-93.6771283023077,3.19490810817798
1586.84658065156,-1598.18834916562,2.9416438436132
3026.16683232897,-1264.66563506964,2.97213611901582
2035.93116750251,-1138.9614918752,2.62387524683115
3483.32068564636,-2171.37659084753,2.90794161999149
1694.03739825923,-1422.09155224731,2.85325222505328
1199.80986245001,-2124.07853892997,2.86434482834756
940.158552617166,-2104.56932992969,3.27556528199982
2516.77528938294,-883.760841581833,2.85837888197739
2930.14795605203,-319.665123828844,3.21142382474899
3878.19735014624,-1116.3663483408,2.8432409792746
3950.72573706304,-2101.20994873376,2.90554037953161
1494.61159066472,-813.223516762395,3.02474590191266
3523.58327939721,-1947.62754716618,2.8963981927154
1026.81427873195,-677.176333505902,2.85999403659313
3830.55180888828,-168.015573147903,2.92494145662648
1223.56065165962,-1609.36056333137,2.99187066471864
1767.28809971085,-1993.9119727592,2.86742754005093
2948.72952306299,-45.6118499437184,2.93097767017629
836.861198301122,-804.221041833965,3.050351241037
1172.09956297069,-1804.00266388895,2.95452034841481
894.63862288059,-704.887926803494,2.87288907453714
1658.89163219996,-1990.50921850076,2.9863548643547
1292.04894598276,-2034.84908094452,2.74244382901447
622.401473371687,-1783.1925754895,3.02218944347616
1819.88597005469,-1048.57943297789,2.71564523448618
1622.16614875692,-1750.78043409649,3.0627016959976
1171.31750796938,-317.430493921542,2.81754443979204
1117.47582822141,-1713.02107188727,3.04077946118735
1149.86157830268,-1621.85587275488,3.32681325166253
1486.74517985552,-504.48340947896,2.8582879823433
178.171840365074,-2144.21639321909,3.04877320350238
2803.37722420395,-41.5237410357099,3.07664022747434
3140.81218851715,-1773.50241689619,3.19552123325681
3105.10014233749,-1872.16445791189,2.92742774222053
3428.13352891175,-322.240475580771,3.12420654100235
3891.78263153393,-1797.61163986994,3.03167330929007
1173.50026262104,-76.2355808294603,2.43719257993735
2413.03946173711,-1537.95275238272,3.07285607021894
2937.60720679593,-1653.01131973978,3.19361439205001
3828.55650958927,-1382.50843945376,3.09139816495296
2266.63131353911,-1396.04227099205,3.20159350593576
633.592446779409,-1932.56911557405,3.02749258620935
2093.42558342716,-640.093417861314,3.01230592167173
3316.2078681337,-1191.92529353547,2.97655536179758
488.099045286541,-1044.05800248969,3.06435482073761
2855.51359337224,-256.854562523411,2.74939882646525
662.430426526751,-2200.56005973741,2.94579095533719
3305.20667921817,-1507.80824655766,3.1477553489408
1318.15907317568,-1452.35929785422,3.44440510893717
947.318452410927,-347.663510321366,2.98960572954079
440.698664716122,-360.840783522792,2.73752103258692
4010.27549064401,-893.000728546317,2.7814653138222
1149.38913502738,-1674.19879178006,3.13647597579052
980.454040174176,-488.086639682341,3.06721048957883
3023.96057314907,-495.397684121298,2.85581583006406
2934.59605288006,-1053.5437191472,2.74259635949049
3828.73825321015,-245.686421759536,2.84329689083962
2875.92114508866,-2063.88097430061,3.08450150124371
4057.90223255062,-60.2450954211842,2.90670792763506
1873.01371212174,-341.544844775757,2.93547318354348
1911.36830763015,-1304.05515175849,2.99877880258116
1201.36290222572,-772.019506683416,3.17940666709396
3208.26178388056,-1893.18090399375,3.15455480124309
1404.9702048124,-2202.59241685397,2.96222536287488
1756.74913549527,-1044.48099780416,3.17311785564321
1803.526037296,-1946.40970990229,3.13626149765016
217.041551778936,-875.001957645342,3.45102428803152
1826.80374682019,-643.90203726523,3.21877570967891
781.525591042131,-592.338822104837,2.93477975288815
3471.02005034889,-1251.25835183247,3.06400387950419
3618.41124753172,-1247.19616775775,2.95752045786274
1797.49991460883,-1379.21176246842,2.53927033679353
1034.05321596576,-1902.69936018922,3.20550679963027
854.517839439932,-835.406346210443,3.04698027122698
690.905064391871,-400.510284041763,2.99366196630927
659.094150970435,-1478.75143009409,2.97487662992639
2345.11319580972,-1960.44652549756,2.87096700811275
3996.22762771676,-725.603482353698,3.02616062329865
2921.69086301374,-1941.66568160775,3.17590797774954
1237.97200174117,-1087.50378644011,3.05488085761098
593.219904917243,-1840.86454974638,2.9420756037238
443.678566973591,-1992.4925795176,2.82264636131696
3805.91008864766,-241.732954024243,3.30026866959102
1853.78307359523,-41.148037806523,3.02823743223747
713.900160774803,-554.623435752117,3.2257761003366
907.518109493329,-756.186437765114,3.10773150691015
2232.90426787604,-547.162749778564,2.71157564012266
775.463061483815,-42.0683347999,3.25274322773257
1842.03177773146,-62.2956938443745,3.14077846496239
1546.67874305711,-624.736460791009,2.84702845498706
2226.90971775113,-1239.35740796826,3.09883758469934
380.886820960092,-1066.97664621976,3.29398733978442
1568.62042316317,-1339.35715619433,3.05178975671053
1121.02095231291,-1816.88158686321,3.27321074452576
960.918232772211,-1208.59422418294,2.99883655139823
231.940869569144,-608.448932313344,2.9913079542731
1552.93868896693,-925.966918856475,3.11896648079343
2646.92223073938,-446.70621307728,3.22415250158949
1345.6029206658,-1607.4797444365,3.06221101843741
2507.35365065674,-1778.37354725315,3.14494010008526
3959.92265810394,-292.0960410045,2.9193207481545
753.075312868361,-984.203577206154,3.33542375295276
2107.75360933586,-809.556146370363,3.07728910556964
437.926924851304,-669.717478230211,3.1229507334632
1681.25753014522,-210.337005033325,3.09337316020051
1435.00903412692,-1869.74553166147,3.22185057209479
1389.20804220999,-1430.69606669825,3.18351041400044
3092.3339546512,-479.946312601826,2.74130844119585
2728.76370146841,-799.567443261071,2.97101419698391
2970.42402527524,-1407.98145863042,3.60758898806982
1463.39017364305,-1365.58645421932,2.95506524184496
1556.96355274174,-1221.92557712474,3.17610095564185
1757.0883374859,-53.8313746233794,3.33136052344597
4017.98811314269,-123.420414961207,2.90657781458393
3527.11938918564,-270.63073949737,2.97421326701282
3497.07979819275,-947.856727661169,3.23985239832726
1237.35837448874,-253.083691738833,3.11838728656802
2069.34663695602,-770.06111506228,3.07364283779882
1878.49148767317,-1048.17292541062,3.22446739358684
3249.44468747932,-1789.51243016096,3.49716055709925
234.819979009281,-821.024073636683,3.33197094685031
708.124389501789,-388.047341727638,3.24121046500463
3150.60857863317,-827.461249045696,3.21734059875876
3694.59217361073,-2079.58827993196,3.05039391711557
1027.1450587201,-2050.49258206735,3.25438022171989
3389.18850633534,-1098.27090975893,3.01030788212021
2231.54242813034,-986.748786964989,3.31812171623825
1396.03542805663,-2162.06021587648,3.17303111580962
541.089668556377,-1354.64694479375,3.12710586408398
3703.05617535154,-479.539665873982,2.97818296358994
1560.59657194674,-1282.28542812188,2.97922132253361
1885.39843028787,-1792.57921649881,3.16589833385722
1216.20274013687,-1315.19738231987,3.06182354002703
185.647342909882,-2109.50597796948,2.7857939698579
2922.67881186187,-1469.09718693861,3.06110299426615
2632.07019821274,-296.867644068984,3.12161480822156
2978.44620669249,-475.096967633883,3.08179192060921
395.686709777455,-1648.21610337918,2.94574884317884
745.168507724749,-1841.81676179538,3.39281221449559
2416.26299325082,-350.192248738045,2.81107150250692
3692.95445508875,-587.666446478671,3.32496308238125
505.60407095447,-1417.2661339703,2.92705960549439
1246.75285245538,-98.2816294355428,3.23147820931691
3091.7193691899,-1248.66759340278,3.04822576231191
4054.1613288679,-1373.63854129135,3.39406187282734
3183.8835268849,-1661.19519907039,3.3818573325521
3967.96348141908,-1127.47293938391,3.23047510125793
465.365420355917,-716.675659572773,3.12886131843463
218.106443186618,-22.8984445265384,3.06434311346189
2097.72698422105,-123.045976126143,3.00965061608662
3074.05671559844,-1764.99421375559,3.157598514072
1310.58719801628,-1300.26473550831,3.09307959633367
3980.95224445304,-958.62700526522,3.10759487939594
1573.89948459919,-917.919854708249,3.50042800849658
2583.44042856296,-333.01896170316,3.19490240584268
3127.86683573563,-225.023521327396,2.94981827291496
1111.7944237842,-1576.96123305592,3.19621912766626
584.156056419925,-1740.65630918172,3.41656193849665
2782.39958787536,-1547.54852143897,3.10855582626484
3634.18072145273,-1967.41769455502,2.91077607618647
937.949533867506,-1770.88879042286,2.93463927839495
4008.45907700949,-261.152782083444,3.52078962018228
3938.58751840188,-1686.25427619554,3.22995767993043
356.944902408767,-1306.73129276612,3.31589563187542
3227.77613107664,-141.285802957787,3.19013440710353
3851.5936631548,-1603.91717033279,3.16403684555994
2062.98637751175,-587.377598913567,3.26982770596243
1083.4243116362,-819.561375974572,2.98649623883707
2157.82537990047,-1080.85112048504,3.06515102945379
1379.73259672393,-1234.39464122583,3.03295920702067
1401.60415207538,-488.875454016242,3.08635043864905
3142.54200733687,-1548.57407138958,3.05499040336022
810.069705230404,-2147.6326582325,3.4546026684606
2068.63939529563,-195.4750124809,3.22881966113077
1992.88581511021,-751.39205359803,3.10959778451777
3244.63355427668,-1877.76614040403,2.97661442832223
1388.65641062633,-735.634999325463,2.96861768692576
1311.19061320819,-1321.0393555286,3.13259234899541
1531.99697693636,-879.98883019826,3.23315450668144
1693.4304616667,-588.075001839071,3.38354706691993
2005.92679409859,-2124.81393370852,3.07205520667452
2940.88739807133,-512.395241316738,3.60233798513053
2847.02137386449,-1181.17546567142,2.93761590908122
2502.15530350542,-1547.34126572474,3.33028430596767
364.676077444106,-32.9121083856984,2.88879124748161
437.720172083118,-1104.70148069353,3.08450540605248
2325.33035140329,-821.977353464385,3.13693631845289
1639.34509689719,-776.42562560885,3.25721488604737
1460.29464959299,-698.888991550811,3.88648010379509
2948.52347539569,-492.009265597413,2.95537974200603
3344.46805409156,-1187.54396811918,3.43950767606134
1147.37235452032,-146.874939218444,3.05387535651619
1793.20477789756,-457.676377248516,3.15318948016764
2639.4387766465,-783.577505962288,3.09132224970571
1897.79465318275,-29.4357765228716,3.19709866375812
2242.64531152407,-1530.62748140844,3.17198834831359
3652.14797700202,-1871.58294183247,3.14892652818511
1010.74280604976,-2116.21358902229,3.36406333961979
945.789068871486,-1651.79884459889,3.34665378702278
91.9674837094255,-1368.50241133467,3.28744546455484
373.702769435097,-1524.44694411193,3.37191224600461
969.638168953065,-157.481067753335,3.51849456849587
1919.98793528462,-1139.21434252663,3.4866178109419
493.294597246581,-677.172392776399,3.40950810895049
2075.90481067768,-528.746739935536,3.45355832433642
1977.61503689383,-513.304549810294,3.23546128702704
3225.78480143174,-1368.2081526321,3.06587365573403
3601.05365953963,-394.259812297641,3.34726932502366
2012.71325050213,-1500.05164821922,3.19354076249492
902.147494290279,-233.217763294128,3.57626451418496
3237.37137236513,-1896.99455375505,3.21762678703438
2746.23765032432,-1740.97930790332,3.191820478477
957.040877540303,-1905.76133610697,3.44474197597058
874.58764874688,-146.744758037409,3.50351604005683
2972.06380595209,-404.59531696641,3.05333632201764
3102.71819792786,-2146.54712129283,3.46090886249858
3440.85076700166,-1753.89259380958,2.56893546996494
955.115599733946,-1231.75905920695,3.28523056949056
1735.16697724072,-951.995334340037,3.39550081973147
990.283602165165,-1831.07207033753,3.45336562152239
653.1677562689,-399.318048811875,3.26227655683481
1377.78949660978,-1960.21986438749,3.17833294338238
2721.72251469265,-1571.24597273317,3.37734886387936
3615.0368755434,-1718.87582522673,3.22691947871274
1589.84319575419,-1145.506456043,3.42019091639495
2699.73013443664,-485.050826533472,3.40016607402402
3890.28933057298,-524.573986423808,3.40407995952818
3464.6816192611,-1378.42032548842,3.52148004082524
455.347236419209,-274.764573040855,3.50770523586809
3056.07426633005,-57.1810899564846,3.3344579750016
2027.67995855378,-892.142206998499,3.35688921483373
1048.63685827517,-446.521245565535,3.02762759277252
2145.57835337079,-654.147654210329,3.45157346903092
1921.73594632701,-2158.69992493393,3.34746559725302
2692.98391004288,-270.758152048303,3.39602599782546
3209.3566259548,-1525.0959780336,3.09204344592434
650.514515250085,-1909.71051234463,3.37473124112028
1644.13016447851,-265.429717154872,3.42026519360683
3253.25657667813,-132.76723183282,3.30308746372007
3314.50148789791,-1608.61793138358,3.21835481818795
3842.30600989284,-1648.92005599356,3.37185040718023
3493.65223495676,-1830.23638206125,3.71051365498922
3750.78979209391,-1078.70484985543,3.56909059708883
2430.69647281744,-576.550772740323,3.39362270917305
2015.58307082992,-2048.67347497802,3.21240403870183
1124.66615242462,-547.125344255085,3.31230362512004
840.809689144432,-1016.43450784069,3.22969133906372
365.214988925015,-277.005574562167,3.03320943290258
1889.66697173261,-1253.88463807252,3.35914061694855
3942.23542584894,-993.078944259809,3.40504514791091
2701.55610360996,-699.439814319081,2.78472740521275
1265.9426182687,-868.174872146587,3.42913690649737
2787.73296567156,-525.075240777089,3.3209642046859
3606.36177097903,-1773.25163014118,3.53494913447252
1937.92962563709,-1395.20381720201,3.24287748296866
1204.68540673009,-1166.65472504794,3.30320437227994
3652.99731736207,-1664.69842469111,3.64839862511323
322.443346348343,-1980.7402764246,3.23641419375225
3604.73266480693,-1419.7050602618,3.62346611158046
4049.00928006557,-1051.76786073495,3.70697685584322
3480.9376498094,-1465.69228631203,3.62858921208543
521.785966488672,-408.2919254962,3.60183064812227
2000.70651188167,-960.003814142896,3.54461374777833
3333.70816286522,-779.138249581974,3.4342534337287
235.188011571622,-532.413468735422,3.23733098486182
1432.48812173987,-1272.93023931069,3.45034632026899
2620.30561602305,-62.3477024293972,3.36788006593746
3126.33619454394,-1394.11547910413,3.6186739947565
2913.44920465885,-1785.33758432179,3.40658028704862
1058.20254623897,-1680.85254360433,3.34382947880026
3179.91182765755,-1381.92571977322,3.49288620494599
592.943348311843,-73.4312282724909,3.45718921641942
415.190697660234,-574.183413717871,3.7423900046915
1847.74864998238,-741.227532613801,3.99491559405243
3747.63589104081,-400.041913073996,3.74660129985208
3689.87876693986,-1327.40985969239,3.76087426587236
1393.12035797965,-1159.63206567495,3.78706133237608
327.665572144472,-632.833380743136,3.5558491558866
3867.19892671447,-1429.32629545004,3.67732499584422
3248.68600250409,-1961.03812202995,3.4592123626016
1403.72827223808,-176.758254507893,3.4622136670989
2277.47090721745,-733.778803952301,3.77454779001304
3707.05813166169,-1982.71473264918,3.56055233806171
3612.32639483386,-1194.06239690901,3.47237850673361
2178.73692548596,-595.415104727338,3.6507821579201
1012.26181064468,-2205.12567162915,3.56460792947728
2743.33922846745,-641.983088026904,3.32906647272004
2228.56416023297,-1804.28327948866,3.51484832588767
3048.71570045052,-260.51123119802,3.76483957660679
2959.66592154846,-879.389735877757,3.76391159399237
3749.38100817923,-1790.34768469308,3.79586702992053
2986.92838451805,-908.792797935179,3.81074217832319
3756.15070890982,-1340.42917679435,3.49664704240988
2282.89825216937,-888.589975056104,3.71680894618571
1959.35019439027,-1998.88226135196,3.58883599696624
2234.92681013062,-203.960213336896,3.70645169885821
983.793214356478,-2175.34689848325,3.70209802148898
1557.5415788089,-324.134974255326,3.44055084793239
3294.89707595332,-1700.02314953238,3.48475217216694
2854.30449377829,-910.384518632246,3.49549109477863
2599.91853272813,-1867.1009754306,3.88944776644103
3017.17276855435,-1004.57275608162,3.65603321561939
3844.42201799068,-969.124626049158,3.64942344664279
2504.30349220813,-303.436651049608,4.05238072379195
2030.25747008392,-1564.53568428562,4.02857119587896
3901.91417061225,-1459.84375510752,3.95289738611501
2906.91023425364,-885.885393831504,3.44379314328306
2049.67491784107,-2103.16468654621,3.5943550552044
1999.23129193714,-647.568499777558,3.73832628717321
2244.90380365146,-1208.27079033433,3.71361299007342
162.879184023626,-1058.37871480734,3.4027948137416
1777.1896741653,-236.599658123719,3.60405407885575
2300.84983237377,-2056.48028429452,3.63390065765228
2393.88719291412,-378.597394307384,3.76237499639158
336.087029110654,-945.808199699625,3.76985097383879
1758.68205286343,-385.06270938366,3.52667830347142
996.41986762753,-417.697122188882,3.57484045035178
1810.81889300468,-1310.30754342654,4.0264272483907
2391.73452263258,-1417.40499867083,3.63743550322853
1525.59947442358,-956.779014077283,4.10774692777991
1633.01573075227,-1200.89683321232,3.87897567635107
3065.61079964791,-1358.26501539563,3.72079432053162
3125.77485447063,-1300.04397411443,3.73228337484962
1163.08853857952,-736.546802467245,3.90725157871696
2445.34333234565,-428.54695489997,3.59275324796453
3906.35343059653,-2192.12192323692,3.80096309924676
1655.24583290342,-1650.42573209997,3.66831556759534
2095.4615854726,-2099.27560599152,3.49989074721504
3230.57942238712,-193.330239489166,3.75412083292159
374.116077876335,-2059.3018964382,3.97266131568631
170.406831709453,-1999.44051636985,3.79329333147508
3119.17562585486,-2078.05684731436,3.83332894023215
1934.08511373642,-718.737768952463,3.71338511463041
2099.35702564543,-1757.06216722936,3.81050924988557
1364.54308459433,-213.258414502711,3.62797954364331
886.305456041018,-862.222089352228,3.86845875104598
1766.88837039744,-348.2186348183,3.80508266746792
1992.02241501301,-1815.37328423624,3.93670654405368
2212.89790629026,-1313.04529419074,4.16103207378016
1813.6188622908,-1666.61374905903,4.02293017462173
2149.68920520627,-1469.85277867215,3.92222029964942
632.936091730082,-736.958537499261,3.83095886802872
2989.73192827635,-1858.32531342935,3.88013724828031
2020.55178641057,-683.065766923495,4.02515893649127
1185.91249654659,-916.24785886873,4.04764859398915
216.391511588797,-135.163540448816,3.86774806996266
982.703897256372,-670.970520448753,4.00829316323535
3978.83990362443,-1813.75121310343,3.99235898014413
1744.75725892356,-1677.82992642481,3.83678823126206
2909.69458222189,-2122.31086399402,4.09366729722133
3308.91917680228,-995.845836926617,3.98871093016745
275.913478739931,-228.671378482889,4.005891691539
1925.50066707088,-343.607830979053,3.84596408166255
2156.15352901276,-918.978530408026,4.03496829106595
2494.94787528756,-470.63101317802,3.88208502912353
804.150027729908,-924.040902437385,3.84817239004418
1836.49350464487,-1883.25780085787,3.76606579509789
3994.0121145081,-827.309103441934,4.2017045534705
2611.82162511546,-1810.9354594879,3.99600172757495
2197.77135791972,-1361.47354510432,4.28724316082464
829.007244505751,-1788.38654319854,4.20708871109088
728.90067825331,-1906.40253399627,4.10740089833758
3613.52770877369,-1378.29977869217,3.96893096873804
1339.11483418191,-2021.24348766644,4.10964129694728
336.974817993674,-1409.89871584099,4.14857899441185
1994.03295562529,-424.503950936879,4.30436768268327
972.477212915171,-358.392110347829,4.03344551941363
1035.44989369838,-197.087408160177,4.31450416708326
2099.51404465807,-1918.8367817955,4.20964760153947
3518.2751441344,-566.624079614993,4.28244798945096
258.699970086113,-1012.52187638161,4.22947651029676
2260.58552470242,-1363.31808542267,4.33399496285746
3701.58371105048,-1184.5221807676,4.39962248038394
1755.82262463116,-1227.28901568221,4.45389930754767
2552.32548090882,-2105.37494388439,4.64329309593542
288.740697515931,-1206.89153675335,4.65195177281286
1258.06242441266,-439.252486698022,4.55840185266459
3685.88327752048,-968.820864813821,4.80112555089746
692.903181787391,-652.329614724997,4.69818421563268
932.426675062117,-1999.88510085046,5.06429175505452
1340.06306726623,-1695.59230393814,4.63151783857101
258.88548088518,-1322.03281316699,4.99742090582924
462.962847495362,-1958.82888521589,4.9043217174074
2884.49615125215,-1413.83237151803,5.04019268630481
2943.01408655922,-1606.18602042165,5.04635926716738
1169.41090226024,-1815.73858132492,4.91925407958609
1678.29027152192,-1510.10155991752,4.99297661797745
649.539612871383,-1455.31598135841,5.16137064522676
3307.66366856411,-566.966195882898,5.69120923572405
1723.28973500778,-1098.35157751207,2.7875916471875
1110.64307244773,-979.430423939782,2.9340502181976
2549.69188792253,-1867.12059098869,2.87775286057111
1018.60369192718,-1550.70059001109,3.15223190121429
534.857970974617,-1316.62518591619,2.93121353205581
1454.60857671289,-609.136855410845,2.9787360643512
851.855375899535,-1131.09013095432,3.00008530725409
2954.9951428065,-686.395926101543,2.94972111122359
1588.53697018908,-589.891149696597,3.00672491618716
2142.46676749468,-1093.02509666138,2.89510922119534
1259.22497169266,-566.337320583692,3.11488323311704
578.953693284241,-382.163965697998,3.20934774712073
114.525822196368,-335.632635681421,3.2932293880726
1760.96038952853,-550.676111328292,3.01938074905267
2353.24011055748,-1729.95346934574,3.30993723244201
1655.70229110959,-600.054592681878,3.43139538510304
116.087383843835,-51.7779264670024,3.20009765931675
112.237578412991,-453.847494093547,3.57674645896251
199.063756767429,-552.630051016362,3.49917308778784
362.123716713299,-483.98822320813,3.47664163998687
830.178823216081,-1233.38369602681,3.40886517872075
824.226193732204,-969.196566564998,2.99656353906215
934.673226931618,-826.889147286221,3.91100983698564
1488.8492441194,-872.638341082879,3.91561833717184
2117.2123574711,-516.914374609096,4.42507079062473
2212.68434985509,-403.446390753744,4.37912425887011
1883.46012614689,-1705.68557676973,3.27726292208685
896.050902926084,-729.582552996392,2.74761066779139
765.762061479251,-2099.68642394774,3.05928231555729
1855.69012883748,-1090.80003035925,2.91439963529864
852.575794340884,-1871.3203547188,3.0405061901268
569.008631171563,-639.837092244094,2.71475666871078
2647.7926944938,-1808.24071650298,3.19682527448011
1490.85849908044,-1180.27501096911,3.05203204685018
2099.1887509595,-2207.92567063889,2.98051341552667
3644.60177033514,-952.945454043856,3.15053649730887
2856.46941968423,-1913.47652865994,2.67211949457899
184.091988334068,-1472.85753934909,2.95143855924437
348.281008094282,-2184.26700382768,3.05355786018781
565.127019468261,-1811.3088128468,3.09782740420392
3656.46402064215,-1774.5756608978,2.85924606988583
3692.02368622473,-1175.61587448837,3.11682610601353
1222.33817826204,-362.288096069112,3.17925649398802
3378.8847374531,-540.130779205225,3.27242472669433
3339.64092478257,-752.586107723926,3.27599058177417
3251.9429504809,-2005.78826866808,3.52431009373266
2765.08085274141,-267.117976783401,3.66667798121178
2472.04261666749,-1719.16043172024,3.65005205969854
1046.35108681084,-1267.14337336471,3.83365246952375
2085.68785378402,-2012.84820379275,3.66614503532129
1973.04290661933,-2056.85141646609,3.90482143774857
3254.59761938804,-73.5296275167275,4.29139875260109
3823.82398794656,-191.663946479366,4.01963215959749
1556.56681688074,-2112.65112420313,4.24284625520291
1675.28393549564,-342.318160375971,3.86043456221496
1713.48627530769,-2169.89081121067,5.098299118745
3621.57573590555,-1874.39005924094,3.06643094690156
785.754958666967,-189.348419837215,3.20091628609849
607.307954602277,-1147.21624643971,3.18131489748671
2796.47944448273,-970.307869255158,3.24354407513755
3631.99131900932,-976.446089142313,3.19310429737959
641.717910178639,-657.705802136595,3.2283335974134
809.79799363903,-777.049117203487,3.60756549597701
2862.84187925238,-2149.69024259198,3.59509718691734
1143.13923702796,-528.030413315979,2.95550315048082
3070.63612636959,-586.96944033095,3.10949847155596
3274.05689698802,-945.15900019927,2.6563403509902
802.445143115498,-1207.5285313958,2.91544883885662
72.0564469174072,-1456.74016922773,2.93716347007017
1494.87214484085,-1901.4948975378,2.8353687605129
221.43404135414,-404.265409500175,3.04792129345357
879.76988681394,-1859.34044072442,3.2942593785283
3657.55040940728,-1269.83789241912,3.07343192983831
3104.69883806911,-778.903425499943,2.68105661539955
755.496787674053,-1242.88609907486,2.94343464080178
1430.13100025052,-1003.26699864794,2.94278452282018
529.318187609434,-1397.00289275718,2.74846519448609
574.443577221444,-1321.12356687419,2.97868885983857
1885.30640729801,-1572.98350844189,3.12878367961502
3831.41586553963,-2126.43894086989,2.929411334246
737.052506044488,-1454.47012079397,2.91835173449634
391.955648291956,-1375.73069330304,2.87052621151974
2317.89649193008,-471.143693645024,2.88748534472944
742.345443681204,-839.140128350243,3.0061001752599
1731.9291067793,-1836.28748185453,3.0705478428806
1879.37529596951,-811.168185856418,3.1205055611105
3861.21264042852,-80.3845711731244,3.21305053327536
2665.75805411688,-1724.77142958671,3.478182611301
3102.1055887966,-259.635185372246,2.6800084851007
1216.4158627636,-1048.1246657941,2.84135069452552
734.690090237967,-1944.34716803461,2.8414538659745
3707.46358131497,-751.860555470553,3.02742455553473
1746.23557947236,-193.318306764518,2.73836257466521
1128.07219376323,-1154.69487841004,2.92151735166212
4009.97038056556,-1096.71916162916,2.68785951326197
2438.57892297392,-837.668215024493,3.21973235720233
1123.60469255198,-356.717079994836,3.38391197022156
1482.09684485882,-2193.15212661242,3.07817051885071
2978.19517346048,-1988.38017593142,3.20111889752062
520.81836538049,-1328.70840052451,3.0642571911756
1858.55843293322,-1237.21320777672,3.16973584172317
832.544177895706,-1763.17540898417,3.22431440145578
2341.30280217141,-1314.30480108497,2.95146563116775
1814.6042228732,-1714.49522926662,3.20730699339099
3556.91578968008,-698.893863953432,2.96091947054433
1884.64603587662,-1476.3863554633,2.89576915933781
3344.20931353032,-2050.83993842782,3.24295410479567
2018.3940680453,-1851.23260052587,3.13698394506779
1893.78141706725,-958.466785367083,2.97603219542929
1959.53058948274,-964.054783399685,3.0426409997986
2981.95433073211,-1670.7669746516,3.23747803958798
238.837292716125,-2218.54223565138,2.92914824781245
77.3630875866294,-1027.8481860991,2.984710759297
1828.12913946322,-74.5186087890256,3.09137712849552
2584.7680722727,-2102.04364073786,2.81445541784685
1737.52390324729,-465.184506775654,3.09154636850117
3861.22451336228,-901.703680188524,3.60323747726531
3498.27284290029,-1793.79537311849,2.8874733144493
2286.15599031789,-1654.47092366999,3.14482328116443
3049.37714075939,-1661.52544469018,3.12193879670493
1140.77820192135,-1348.73493844966,3.05777048127761
259.38220137508,-1104.67608403301,3.39183037445154
75.4640253442407,-713.992974503075,2.79015548809981
544.405503813642,-1769.35650636669,3.21964666159104
3854.1489665977,-1085.114660192,3.16717606483609
1809.99010507218,-250.166229873396,3.06122497461278
1340.30478818624,-1619.97203206166,3.87014345213286
2410.42276411674,-116.182491702767,3.75463901935311
3637.87958395259,-327.525049548072,3.49040858024309
1500.54602049488,-1729.4117558947,4.32964128114713
1447.00790676237,-2157.01826333262,5.42687030883713
3977.96981107901,-1582.09435247293,2.8038748789757
4059.351291019,-2191.4073794728,3.04432147606386
3679.91668911016,-1787.07683747866,2.6478006670343
865.901233615432,-1561.09394128448,2.71465775392724
2866.55473994985,-977.008259029571,3.01235621900097
1313.47777906451,-1582.84440389529,2.79647294993842
3990.55993121246,-1305.22867953703,2.99295452633793
3794.44200077807,-1264.85350585935,3.07940203419453
1530.82673820499,-1044.27233284417,2.58872993034313
862.173797486893,-1656.49859757049,3.14315234729594
2053.76399656074,-1210.45423964814,3.3717153996151
490.384987835192,-1209.36284034517,3.16039961637924
2193.37498635233,-977.606955021558,3.0894566235105
4060.08743146055,-1547.88885273945,3.09121004357933
1611.60034808676,-574.776856024423,2.99895401792967
1299.61626060227,-1393.54311156871,2.95771756225884
3604.00870396571,-1303.09609114484,2.89702879785183
97.8432456304527,-974.86402279749,3.10642666103807
2295.80880229734,-1413.20420386527,3.0524756203267
3983.51409415852,-27.0283556084902,3.10796548991931
2989.4175424095,-1834.63369908313,3.09808128612378
2033.84292724803,-1275.43519537902,2.96011732665823
1005.30792942419,-898.162000396289,2.96789757387258
854.898517718237,-896.212323263255,3.11431955215667
1605.7373618494,-834.775035321873,2.74967790623762
2182.03270146819,-1585.17601311239,3.05419273267969
2427.00261691396,-191.002111115119,2.71307661822852
526.489956118064,-628.800729926662,2.95835363024807
2078.09588723601,-1143.46510731942,3.35845831748548
3362.8386732757,-421.986152729644,2.81822213681252
2749.55205641201,-1808.43692924117,2.98207362420175
2972.27924794723,-1046.19086368626,3.29204760384625
3837.39858761453,-27.2455602227745,2.71072304338226
3450.62485735827,-1056.62144180203,3.04488976049763
2591.79192505427,-1792.80315539678,2.98880652849597
3876.5720946006,-1612.53521401538,3.27175647257725
560.920547820388,-1666.33019414963,2.94806326531587
4027.47627405517,-870.716732347977,3.36242475924832
3100.72543898035,-1571.01227364965,2.75652240219688
1019.59588519669,-742.978377811265,3.02094762586627
3235.60787228165,-127.409956977696,2.85597551719953
1335.87181487376,-680.648663214983,3.09991469754776
3426.17139499892,-1684.71461429839,3.27754203419578
3000.04932174098,-1841.02820089711,2.94390981472875
3786.08158024676,-2071.45904668052,3.64130219630658
2992.55865919752,-1604.73315600795,3.67445491621823
640.731933617628,-794.484200595823,2.7965877754493
636.397627658391,-1346.05132348983,3.46067601289937
1671.02017648962,-791.29911174846,2.63832797095913
3003.45274421899,-928.070892763647,3.02910028388382
1080.17547271117,-1124.42943394464,2.9029043101965
3614.44884686696,-41.1786342259893,2.66621860155109
394.091113567007,-1278.32207550022,2.97638738259411
279.570880545968,-453.940733094334,3.20151958756029
604.723169891841,-643.076259589937,2.68927320257227
3277.88950269407,-2059.04811623748,2.89852781583633
3162.19823051562,-885.70068864361,3.03463591200773
2887.80789653999,-49.9854871966879,3.22049441538137
2755.32025370434,-1899.66113788469,3.61797843059023
2258.00519426755,-1597.93324886526,3.08989823592358
3751.63041783735,-15.6871364263883,2.98955551473382
539.059853289269,-427.861957545671,3.01370531226595
3775.44183351508,-1048.69680076892,3.35097122082492
405.149312167837,-1703.1417445087,3.65577283162508
2004.71777906946,-1225.8076702926,3.31619084193347
3340.11603763427,-1120.71218375381,3.6385980038613
1201.19763314023,-1599.69325611253,3.77576476413501
3210.09903948772,-857.723930353933,4.00712302685995
384.378894907943,-381.478005483886,4.16667593262886
1106.83949379139,-1620.36695827035,3.72866563584009
1193.73343361104,-1709.02128851931,4.14820443850421
1119.67489354411,-1145.23373225791,4.19065171165599
1896.05942317841,-1479.2057852328,4.41413218291355
3659.09970190591,-1067.79264091876,4.40205656103091
1373.76951920427,-1691.81885625239,4.28136019625523
1804.23143184347,-1593.19802482812,4.59306675557979
2313.15223476156,-1166.16053481988,4.46854109396644
1318.40650317275,-971.11552672633,4.35240647984451
1392.92314965606,-899.368901810743,4.85591626566167
3986.78435882946,-1243.6541050251,5.08273534251729
NA,NA,NA
3718.70666579909,-435.989510387048,2.95051794393193
659.530994963634,-1361.77412071538,3.09504009126712
3722.72959593194,-1158.13889549398,2.97230436442242
814.855101181145,-1226.60669550102,2.97743730684526
976.809612840682,-672.933328666529,2.9312041032834
2462.1662062464,-2063.46929162869,2.49091698357649
1158.79361401012,-1720.69182091865,3.01102442563063
1977.13962164994,-799.620322549117,3.03174259361514
4029.17453091112,-1085.90181084986,2.96744080276556
1195.2994337371,-498.767992601832,2.97138554469267
2594.54506379928,-1858.10248031312,3.0590990766178
758.152959716113,-601.464386143171,2.92595177888384
1608.00845172684,-1401.19483426418,3.04002503406878
4002.55073793906,-1042.89155954765,2.95089090769712
2420.50979924137,-2012.78408893621,2.9099087807232
3490.38822096968,-731.238671967602,2.92680204494898
3983.75079979311,-867.221862412224,2.91495804962728
221.339391238696,-1372.83632954234,3.01535702821494
1080.9617668939,-15.5225188542312,2.93034368714895
1249.85207744487,-1073.07848641537,2.8887996419737
2569.84118941022,-21.3451267707941,2.9223028464095
1978.626928342,-876.667817434199,2.94098806205481
2575.37364330874,-822.852354022055,3.12983726802295
281.729660907581,-1895.92442947836,2.91961759548928
1573.47899076552,-792.469279467808,3.19011745299395
1276.45820838664,-395.567182414649,2.9332096774517
1202.24864538524,-1375.75136297248,2.99116971766107
2810.02225975995,-64.0592809886666,3.1161335240763
1789.87993499036,-321.777421093811,2.8200535761859
3486.18810431226,-1728.29015137235,3.2402719407458
1311.13910511712,-1634.17966380862,2.9687476326853
3428.59193601022,-2114.45723585661,2.93799558652892
2834.29187290934,-960.49846044666,3.00847304163794
3391.30833323439,-1575.11531337791,3.01745300405775
3808.94223232051,-1757.47666910373,2.98764495956437
3479.58235694228,-1449.83327273287,2.8755017795417
3507.65570855133,-1919.33250130483,2.97793448833322
2837.66336641525,-1009.78533626977,2.93595852429902
3118.61461379763,-1686.67799748862,2.99732728605355
2040.06323104067,-1470.05369625598,3.02721103682588
2551.70571245107,-53.1227799665556,2.99964297373581
3126.41938920699,-162.660388256491,3.00191913950104
1767.10297108709,-1949.8906597206,2.93490487720066
3185.57295820482,-1912.57710700581,2.88088273848158
1363.75049444596,-1618.68544882978,2.98579084735952
1082.18629271373,-548.50746020887,3.05290090326436
3272.36687871801,-17.4128288943341,3.11102335632951
3368.5601245042,-1217.43460039443,3.0133836111889
1851.95243882804,-340.768164135998,3.04660397156311
1050.5112819498,-2163.81784499872,3.02135684191591
1045.07472893388,-480.949099093361,3.05530069560787
1214.91531493575,-1891.61884509729,3.09888119258855
3437.98836545812,-1253.46593150656,3.000062893078
323.707579773269,-1911.13089240193,3.01955907298258
2995.70611223783,-1629.29287739682,3.00632699074706
4029.58897354941,-1792.68126693959,2.94030712797409
2491.85363251848,-695.598010784023,2.98584742965632
2628.93659752903,-1572.98075226709,3.03820394443645
2055.94950247314,-161.427156964191,3.12793484699659
1234.5155181578,-1693.61990252439,2.98810000275764
2758.45340211165,-136.603585987844,3.10336935070593
1722.1362047982,-1963.38929156751,2.84969484207666
2551.76698911187,-1414.58373905416,2.98248676694419
2214.72758822034,-395.972047638654,3.0496803302074
1034.01868707392,-1267.81826567562,2.90967631732727
3488.27912136278,-1313.94595787846,2.92283943614883
3224.87207488842,-1405.93267523888,3.01941499425176
2713.62914289048,-1453.18452563366,2.9113160294653
1669.06294070371,-1367.75924537073,2.95363387330939
3890.39393981652,-1841.72948300196,2.87453049164188
2618.44073148091,-157.486646873409,3.05876383829247
309.533776448524,-2041.92414559818,2.99422311871109
3793.97632771172,-909.269902981755,2.87823410691785
1356.19834783622,-1464.74249485632,3.01616193105027
1267.73725272355,-1628.85990144976,2.94957790556124
579.119695299039,-443.018734672618,2.94709344222076
3393.96227634848,-1694.60490736437,2.97077725044354
1742.58532680352,-1805.86362553208,2.99464316246744
2866.49956245209,-1593.18611573022,3.02948781858115
339.369010207548,-977.011772078299,3.15803284418424
3350.66539706103,-908.255438038963,3.03025703080702
3256.11732738856,-312.496826850779,3.0064053517949
2259.57027447842,-472.138146912619,3.06284324231596
2465.74832667979,-782.433566508642,2.92248782569567
804.194200224153,-309.959901613412,3.01830928109117
1210.93948050539,-628.617626602493,2.90052137492461
1889.44076973659,-2109.99542616008,2.95728834051027
103.624238034372,-811.210053763702,3.03903845219075
1934.169661657,-90.1645232902857,3.01453371736628
1611.36264222981,-180.798525435991,2.94806994442991
3368.60621348245,-583.640154485146,3.10334583005777
1155.84901766209,-618.023436652823,2.97469099933417
3286.66358176625,-1507.17578981423,3.04220817747813
281.806402770525,-750.649995333198,2.94959277500342
796.674766613628,-409.955683419803,2.83256280174231
1487.93648460673,-1954.6138347321,2.86820096185303
821.79449312772,-2204.00360354748,3.04119741058824
1760.12203974142,-730.775173654203,3.06117800866899
3598.09022066412,-1733.89062011788,3.07782433549527
627.379377162107,-58.8343855347007,3.02392620661641
844.001534895663,-1969.20301619354,2.95050003235749
1902.14633919751,-107.07692484161,2.99251556500394
2329.28618689174,-297.774581676096,3.09500742490981
808.85851118467,-1445.2142454801,2.78972525862864
3213.15394833909,-2124.61424474717,3.09436223444601
392.743732481674,-2100.53417524444,3.05295982922794
2566.65669403479,-2207.57896990913,3.09483646391243
4008.74545011309,-526.949595543315,3.00653762456754
330.931788871894,-140.781564326991,3.06997809633149
1735.27223004137,-1543.48296061238,2.95140527640254
1484.08524167312,-428.489694364801,3.06328967182675
2167.33759927336,-448.575060882228,2.991291530243
2390.69796087646,-1034.96124283714,3.03550028718005
193.446104654698,-958.573545000933,2.96303602768258
3639.64597403324,-361.120178341259,2.93561734064231
3978.5011705139,-1856.35115630445,2.92220214465834
2152.93734135418,-2085.88650926272,3.04312461635339
1529.11128944259,-1137.52393298899,2.97136139391642
415.388212194892,-1512.80992952526,3.13310873508327
4012.6128465728,-1694.97345999003,3.05114935829118
1859.86998690717,-1427.4607499473,2.98829562410669
1662.90677555686,-578.554772613971,3.14585588775824
430.701541680612,-1478.71289477812,3.23661230154628
2064.20922025391,-126.287308614983,3.06280824601821
2887.64048855637,-1309.52995122072,2.9842598881009
808.869360887955,-150.147064001072,2.89755140188814
2160.68173060898,-540.680208497656,3.02532111458205
2675.67876806059,-494.806329605271,2.95908588979933
1458.25907979554,-1322.73187949692,3.01443192948617
3055.79456229684,-932.463352302412,3.13527295202785
3840.86358404536,-1315.10507390312,3.03740814843922
3388.78088553852,-70.6671002056338,3.12892218872588
2564.65667871434,-605.080657493525,3.08017249718669
2404.38229292955,-410.00146404906,2.91868964522375
2215.91448570656,-1339.77797129725,2.98647401304402
2635.8733057114,-40.646574926015,3.19984962664201
962.609955273062,-1060.33680758889,3.06877888500582
3664.98254346365,-2193.35496880932,3.1215049953279
79.7542240634374,-347.990371452297,2.96665661510576
2905.01914966954,-491.482950561329,3.11950639044943
3420.56450874085,-241.730716020163,3.02033144362864
3229.6295219741,-1095.19738374435,3.0402990438044
1506.59668198398,-1412.12684812521,3.00597720306262
3196.70828827297,-1595.04830678037,2.95914470791325
744.171233909014,-1968.31688981534,3.01288097949398
1710.4533566953,-1624.53636552847,3.0432244637964
1291.04098362962,-992.728385895345,2.99531436691817
1916.75736088189,-651.07033879201,2.98050265210066
1274.4243103942,-1799.29346474783,3.0112301246113
3065.18995735736,-701.949356429219,3.01255155356451
2493.71002842926,-446.987375844732,3.06974870964425
1390.15589425624,-678.08986923122,3.09311499796786
1281.47280276906,-359.651798867037,2.97218477028705
1723.75914563445,-1806.07791684036,3.04273230754473
984.171456839357,-1749.63197415788,3.06834029095016
264.163022948669,-758.366724524004,3.12882650712073
1016.63280097073,-454.802841310697,2.93508684468169
3478.05336392866,-594.181273437728,2.90975895426307
3884.16905692021,-1489.10092430785,3.09591574393229
3917.8168405285,-259.510275247021,3.09861604545785
1055.98374454482,-31.889299876515,3.01032015878912
1433.525524583,-1927.3690533842,3.0222488547008
1840.42840689157,-2069.58377465016,2.95426024200455
3395.27524653617,-2207.60323233634,3.09413837384181
2869.0277170161,-1640.32009483072,3.18352504217353
1807.66423843795,-84.9554306930004,3.02765748672015
600.214139248054,-266.538206464708,3.03708594332467
3196.0181927303,-1545.46782030876,3.14106929802576
480.760711024133,-355.650817956777,3.01562998245271
2987.32048213425,-1296.60769113941,2.91599422324919
2290.25502576784,-165.752268928769,3.01006812688663
3596.63305050207,-339.076746827108,3.11135251325218
1368.14865748056,-1700.84879242303,3.08247211540668
2185.67217959012,-1572.98018402908,3.08569906784611
682.862054745316,-941.929969090193,3.26413126969978
1727.24919142933,-1726.49086229598,3.04578722341851
677.530120800799,-1551.75722024768,3.0789709013016
3900.59510385165,-874.379421943633,3.14864829621
1975.93837459565,-1488.31521487615,2.98101094521824
2652.50857244568,-2146.29792009099,3.09974111018095
1570.18874273368,-1718.70437355829,3.04561658266877
3250.45019271563,-181.772499617808,3.13940391153054
3871.96975159308,-1068.66933475037,3.01514207491296
1429.86351936257,-2180.61656605782,3.13178938308993
2889.47849558673,-167.347225930722,3.10872598402547
2462.0356547993,-879.000722777159,3.10164821584696
716.5078953806,-1822.30577099843,3.09659145138045
3334.6154377185,-617.807270064646,3.00917682125751
3049.95547009794,-1327.14975390315,3.05568823301551
774.731072082274,-2035.43099656411,3.13814771910315
3302.2972323742,-1088.35397301732,3.06250805907158
761.454865738288,-487.138920748654,2.92470422863765
3557.96582848521,-1873.72375823041,3.09232232528153
3544.66592294223,-448.006768074352,3.24594559345849
3288.90430494187,-1032.5465609718,3.07686592761534
576.307932740403,-1931.79965700075,3.06721704883771
2570.75213755691,-242.965227527424,3.11048573593603
1769.94748396385,-1888.01413971771,3.03818189675453
1650.4620859211,-962.521777624152,3.09901416749898
2431.48319388612,-1957.0136925866,3.01285615571969
3254.58951076976,-1296.35459948219,3.11016451500311
81.7201733326308,-403.817827548078,2.99315757810708
1765.69604902506,-1496.13023990736,2.91524744117073
1827.2463794218,-192.080886057329,3.14443077148741
1834.9496252713,-1844.96987796972,3.12210989200886
3599.0269814309,-898.791539620658,3.02886281323374
4016.64815560807,-638.510147722806,2.92339688326349
1026.64755966028,-517.214592234061,3.16446970403939
2623.42006549231,-2210.57593625592,2.95123111952586
2604.53454037814,-222.418671875451,3.21314517028975
1509.04463580102,-1771.96473803019,3.14126188461343
3040.65634327482,-1857.72761525637,2.98048496365841
1996.32774472129,-524.531504499311,3.12486544828643
2500.04136681332,-875.597501293755,3.24043367863034
3123.17189142959,-743.264992182852,3.17276408365902
1466.18348838323,-844.038990960026,3.3056980549472
1175.51206375089,-1380.40981716829,3.10262542771923
1484.20340848003,-1462.37463180616,3.0943723260148
265.238408046656,-407.621459963129,3.05110869584079
1705.71658395544,-668.896398245197,3.111818127979
565.136449987386,-1475.48327305431,3.09730822494898
769.751196450679,-899.571857971195,3.30896945931194
107.453319226571,-1436.17632973854,3.19997061903523
2954.56922049853,-155.261047502062,3.18876096496723
1994.46208189795,-1869.90779214564,3.21006965753974
1903.70578242668,-234.185777520914,3.15786046011674
701.263537425831,-744.681720947215,3.11410386265286
2663.64102118735,-938.54377554292,3.00984625247176
3318.82246161189,-532.259107287536,3.16753417698683
1346.68000802486,-899.871957981885,3.05953443634986
2478.70061376463,-641.316073607304,3.12778961012456
2569.02034293838,-1624.76405929876,2.94791167615883
2365.70310624273,-1732.21355886558,3.17246093533529
1394.6070113851,-1608.28911259782,3.21906615539301
1275.62934878907,-329.442284126455,3.18286233976481
440.643656163187,-1574.27818851001,3.13879410063367
2271.1875167698,-1642.16816439344,3.13320995138365
2392.67271057997,-877.228602771006,3.03240169058123
3686.94933878989,-1732.85885036835,3.05094754883117
1426.83795215223,-2046.99255231994,2.9675090419998
3236.65875477548,-2018.38252236965,3.0431036746307
1222.34973736288,-1028.97340489775,3.22832293480917
2168.45838642976,-926.306887217652,3.1948229835861
650.634359472031,-1218.14169489116,3.12626873604242
2464.65367903551,-370.993073229002,3.15554174609105
1926.4444949992,-1558.79964802935,3.13337503738679
820.869666192554,-2005.02443323583,3.16755025519368
2676.38995688445,-1664.49782115811,3.11286796460821
2944.51005291914,-909.989937465399,3.08696040733004
2734.70925026672,-1709.05954145386,3.1610260038805
1925.58724726391,-1332.14990970819,3.181179820807
2464.20302332811,-176.730565769057,3.09709223524191
2205.58738804798,-453.375741113837,3.14688997534489
4035.90378737116,-1759.89745391491,3.12258279726821
2497.74984581234,-852.914056369058,3.1147884748962
261.595267729943,-809.701283847925,3.19740968168011
2564.87195730051,-917.980446963119,3.16020767333756
2678.23976338277,-673.344573841774,3.07103045840234
253.470392988985,-1470.18358464346,3.15793608212406
3776.86911801701,-654.026746937026,3.10798098407163
1605.12665912294,-300.221412677383,3.21108257125725
1617.29878792831,-2139.82380402039,3.12561713834801
1605.35125947675,-2215.61540981787,3.11506655272862
1487.31088127597,-379.29631074237,3.12714025060237
1760.04877555075,-281.12942841624,3.16746677755863
868.307972507909,-1327.23624950193,3.10685427779908
1824.76219003547,-42.1692816385196,3.15051639781852
1452.23167898682,-1237.85315916461,3.24337993688931
479.253905802473,-1838.2916717249,3.24254546296203
3667.59265733424,-2018.86269164132,3.05790366839476
398.036129278457,-1192.67071705063,3.21859309355777
3488.24426474145,-1344.9146601966,3.01215060834141
3789.08766398738,-489.49674491627,3.0918234433641
969.304954397308,-1431.33618290743,3.11764870575883
3368.73134978294,-294.909499672144,3.25312947445875
3755.00309435703,-1691.43840596672,3.1809357152301
3189.99888417436,-66.8726994708644,3.29260944035683
2251.84565481687,-787.204876014465,3.29765638482706
1400.83123294669,-715.090763050493,3.21202710269392
3655.05864429977,-176.500434787321,3.13292952887836
3570.98577623546,-1362.75705040401,3.18183346786141
1975.49135889387,-945.425919360211,3.30140366445964
3987.24893019404,-1136.54884861829,3.20765117537155
3102.93574427169,-923.41625964616,3.14500100558528
983.6231647492,-997.000666575136,3.23962667028645
771.738647190089,-1336.72731616288,3.05233970737146
1277.6728101415,-1105.47998261267,3.16445594719436
3028.32739152871,-1544.38794198387,3.20877343776283
2565.19311768002,-505.171732700327,3.05999268812835
1859.68439705202,-1956.69492242135,3.03842102366459
2195.42399662979,-795.161356983699,3.15542233580971
678.047906160471,-45.9688345999169,3.27143763283582
3954.71503904356,-916.351962925283,3.13659348877301
3832.43584215089,-462.337247516904,3.24057418260723
2997.40527441942,-662.557716210511,3.22454815483623
4058.98089181025,-623.941225818887,3.16350256136023
1977.15907177887,-12.6956642090881,3.21330853027275
3667.19483752113,-309.181310648236,3.22569581933049
2785.98754756068,-207.390294313148,3.2176058100268
2769.7283953788,-1873.36918733588,3.24726004261785
3931.72977389136,-1999.70387512888,3.1706390560405
1343.91731154496,-2013.20377673221,3.27322046353764
1088.01746744677,-367.025743473193,3.28144091721364
344.958238780283,-597.790695200529,3.0859802281282
1912.19898374474,-1795.35759059555,3.25597104946293
932.396383290444,-771.919098082486,3.23150529050521
2747.0210065645,-1452.91556842547,3.26891334075307
2736.61033109523,-337.264706024893,3.08131989692414
2086.47193235564,-1578.22477720177,3.21578652378296
4044.46418697284,-639.14230817879,3.06649383028666
3718.06728263186,-1738.50143543676,3.1766097231301
2188.62381529059,-1670.24958471,3.05127047069543
472.046295041401,-1399.17519015897,3.16231455868541
1089.51289201218,-2055.02539427786,3.14636163917784
3373.57655775936,-94.2665059954874,3.18115027684369
3467.99359786635,-1346.55532827071,2.99779071137423
3428.58132131487,-2177.92551708153,3.12316879194558
2744.71525846196,-596.734081646706,3.24650973288868
1702.01382212828,-1331.60144638204,3.18363689376052
3159.58303405393,-1935.88313496693,3.28764453622228
3385.74709566493,-468.806916844593,3.33867124162801
149.368638832095,-104.134111825457,3.93549770279263
2612.95765398625,-1979.11719435968,3.25591642859297
878.131098774281,-2086.91767794195,3.24929091510081
1164.33550914859,-898.04934360247,3.31867922490031
3482.35462001259,-895.466899823677,3.03852748349167
3196.43622480758,-830.229290396802,3.31019254283936
1099.38821204417,-1326.44109016594,3.16380706089893
3328.62431583433,-1837.46642755253,3.32676604466369
1962.0672931234,-49.6919986383789,3.13408421878722
2904.79614893826,-746.346658994649,3.2038169104707
313.748760691589,-1532.87127584439,3.2691867976662
1783.33170318063,-489.722728768249,3.32923885646925
1492.4545517464,-1787.45364555098,3.17592610421079
3946.53456175087,-846.793393624549,3.05480869322628
3808.71713907078,-9.63547321085496,3.1887928061288
3623.8730888375,-1565.91878196113,3.18638559805865
2440.79532584709,-2139.30092536517,3.304407655997
2028.90062007405,-348.885087786634,3.27630451902057
3010.75556803907,-174.592004447595,3.22402678375871
321.349996272906,-100.541138374944,3.30899238793266
545.767654914112,-1277.01246432235,3.36217759924361
998.762003051907,-1700.97977033111,3.32258765556832
2807.22297422988,-811.481327273504,3.16183867084736
2697.90366934837,-190.71692361985,3.35914754640995
865.770414400474,-291.24063663509,3.23894821299912
1456.56551205317,-1747.0992051274,3.28468305005858
3084.62093433888,-1859.34797227262,3.08570394081942
3549.41104787271,-1159.49926907821,3.29345742542814
2533.34404302632,-183.939321212208,3.16743574696403
4051.56046487709,-1621.01153097125,3.12152543322317
826.197281748165,-1918.65334055443,3.25658023266691
2639.17013577863,-898.053822127794,3.29532613074854
1038.00882354815,-1499.02158920039,3.24451985956899
863.970841518117,-261.357558558682,3.22175934764658
3685.34440953683,-2010.237007731,3.26801059462953
3972.1777766198,-622.872980410784,3.32739167692564
3027.41607057882,-1842.04530014976,3.15623629571988
2794.1706113751,-2119.95868046743,3.32243125412493
3220.2386927377,-1827.16714606856,3.33372089352131
1075.65843341888,-1292.32468657885,3.46049959653615
1879.8686500807,-39.481608985803,3.20971150710704
2514.13143141252,-4.98221745351722,3.21072059206093
1507.82829733835,-902.070513599211,3.25575519062876
301.231292526733,-1950.59299096394,3.32566113024885
2335.19274061975,-68.8392358741728,3.33159554181843
896.154975864399,-1983.38677589721,3.26965673616379
3430.98050880181,-984.856556413761,3.20069975944183
2184.29764591471,-2046.42766025496,3.34511686352405
3699.33556726094,-1882.16994586543,3.2488108794281
1478.54630026957,-1969.76452468642,3.22180401272008
2491.31219066559,-1481.82475650966,3.2936636650497
1993.24031921414,-1510.25442595381,3.43734200898151
875.699392021059,-1149.69342722426,3.320707696899
3555.57154764903,-1343.23924179024,3.29261084436569
1094.01593521495,-1511.55363619899,3.34686181779067
2927.89735479213,-303.833932675407,3.26551362376248
129.121628524067,-391.448419506982,3.36794986733842
2398.99184320618,-285.962899786963,3.40568496285307
2179.58414981386,-1420.93294400181,3.31155759235243
111.182767839289,-1503.56078502926,3.38832334305512
3790.94219487365,-1026.86983705729,3.12421295956481
3954.76169179676,-878.840756869384,3.19900228618579
3301.31354880633,-913.385135246447,3.32777644844887
2347.97876339462,-715.258464204066,3.35294625190696
2359.29903123632,-1863.4785296657,3.24558678672892
2142.71631458961,-629.511541201136,3.30138319252553
76.6225065333683,-490.79033705337,3.40851823423041
3575.33669380095,-1190.47016396561,3.34983566520985
1900.24285528965,-64.9490049354481,3.11546576862461
3618.05676599497,-1512.39017936966,3.19665229371204
2052.74013782607,-354.100368945126,3.16749449039035
1355.94578711216,-1318.37316202713,3.31197503290848
2327.0804240896,-1809.51006276537,3.36465583079701
432.54210724014,-1368.07426291651,3.38238995570591
1473.53714408473,-900.401194926605,3.26223039350522
1135.29040857494,-1227.079019453,3.32218166588259
3161.30177328725,-1765.64565553195,3.42745478332311
3184.71911933936,-1870.36856560928,3.23211761971023
1046.08635137531,-708.774670045968,3.35953252659161
3191.41891310819,-1435.45945947022,3.17895037933839
2215.8285419336,-1686.21518451149,3.28628575643486
171.351297741257,-769.487203850555,3.41164633054225
2742.69890027968,-1642.10490072104,3.39949157589244
3260.67606003238,-67.5959120567313,3.32274687745335
1164.16077507964,-1143.23398740487,3.32053024320448
2926.7048348388,-744.969787999471,3.32577251011243
3239.65856400823,-799.503012163479,3.29960459239473
259.200717145243,-1352.52505097381,3.3957346528484
1779.67746337445,-2100.72921928854,3.1721039314111
2114.77548180601,-1137.23936381478,3.36174697359681
1986.3597154809,-1652.15591444447,3.38948931845126
3930.36246773326,-1451.19727279097,3.28728194668465
3909.13203451211,-1268.15844205593,3.2977274054455
1688.9566999815,-771.981456959134,3.38409687316323
3032.46863826465,-187.911094428182,3.17517275398896
2167.16214203091,-1105.55576814889,3.37269803251741
2624.81181569311,-1619.82391848527,3.25025386677752
1989.71026332298,-2177.44967590132,3.37175938433794
433.923033997419,-1739.73796623467,3.45241714558893
745.085109395022,-1887.99972256218,3.41413549019693
1701.79847588017,-1478.47776359845,3.35791302252262
1150.84009588967,-1004.09271434288,3.28775042395171
1300.3058271169,-1047.6484334614,3.29788778873951
2427.355634499,-652.150236204587,3.25550744002258
3409.99350680857,-1787.7383247764,3.41166379966322
2316.1839208256,-88.9464672751611,3.31726875831712
2085.97911419792,-251.828754246221,3.56756502513484
2641.28852796636,-678.993186866338,3.38563314875807
3381.43439936962,-1529.86084142105,3.23744346532821
2369.84280852074,-1679.61055526588,3.36351700067858
2784.60641973172,-882.773856366426,3.47038478658131
2922.96021678546,-2212.01919243657,3.42885564832922
1828.56122744827,-1999.22448790087,3.47908991538413
1470.34201038053,-870.871437125331,3.30627779355742
1791.44038640311,-684.502944738348,3.53111809029595
484.413292326498,-612.18313870278,3.41200476806656
3492.27561590912,-1207.22287892296,3.44757689126245
1954.29719925192,-1444.57241173014,3.50919722461012
525.078028506719,-197.326505951084,3.39061366228559
3665.35281338874,-2135.15475848539,3.62893286664732
294.818610120158,-343.081449658898,3.51812771406799
3688.19820526334,-619.258425088176,3.37399319612678
3169.24637640457,-680.746382933073,3.46630805362068
3430.07098564903,-1202.98989085851,3.43061121756714
2214.75359121779,-597.863811769972,3.38225925476368
2126.93848729514,-233.293624986407,3.49733667146708
2678.36675142132,-100.678423045497,3.51230570589316
2182.49600584095,-5.41496750598544,3.58458616121457
3156.64416011858,-561.621530748406,3.51387871391501
176.673454482328,-47.7462142510237,3.55924719272975
3277.87484702919,-1551.32574189095,3.43672233589664
995.711451384023,-530.745688205378,3.59177381129614
3198.61460146094,-281.959002996488,3.50559295506559
942.517349643132,-2145.90396171955,3.50389921939241
2953.43208776561,-567.511647884514,3.53389526660179
1880.13763320307,-1339.57941677639,3.45006072492122
3577.87187922606,-540.938520795364,3.51660406531643
3634.8884811019,-1085.23476797707,3.57297864949615
3035.67537108637,-852.805943086558,3.5277896050478
1685.20974310136,-874.90115748542,3.51082727261122
326.659748692454,-681.757944899924,3.37109255909133
2822.32804567264,-2097.19537914221,3.59439772018703
3806.14159620748,-738.461323926468,3.58783579899198
2471.61529090237,-2017.1915254606,3.42966844705565
3725.61674163218,-614.098183328609,3.48332414991271
1812.18353988526,-515.803891329006,3.40737840231094
3095.42377909477,-1454.18983383282,3.37707280692426
151.28480511905,-165.712842100049,3.54126732896497
2790.03922933739,-828.189380615998,3.44105087420771
3089.23654495889,-39.6820132898919,3.58091114035473
2066.13577061695,-681.981557524288,3.5138983897687
669.225398987149,-1451.49285337112,3.62626190944918
2823.68548122041,-1098.62479801354,3.53199170996889
2349.62867089074,-121.026810567951,3.2719943204497
3633.03659192827,-2194.85189996738,3.52524946344064
3294.68747955421,-2135.37698179408,3.58587261645537
3180.1423822216,-98.1599300675841,3.50395064353261
2385.79184343381,-160.980285162678,3.62057132310004
2285.45570795266,-564.715947790777,3.43778719799554
273.498316817912,-8.80951432547801,3.61271727927118
2345.21048580136,-1412.29499199092,3.55914418159504
3282.84131683505,-1762.34442590923,3.57911830837291
2563.99657942469,-2027.38479938008,3.62917978869559
2315.04315847793,-1964.62424526393,3.56270140816881
1254.52029145511,-1727.33206745738,3.56266941929821
1838.35097268449,-1362.88111827209,3.48731607438581
3842.84031016004,-1669.64925864853,3.64371453693046
3476.80139161517,-1029.1453522412,3.50079272908024
1876.32210882169,-1377.64214950509,3.6372326715068
3352.2133909441,-2198.82450415722,3.52816629627389
311.900768548779,-1335.39874490732,3.58004851248552
1943.67706485696,-607.3162678739,3.45919746284358
1489.74087271351,-171.762320029641,3.44755879513525
2996.6230580005,-1443.2788558589,3.65554382311769
4041.90568689594,-2058.38622461836,3.57570263573204
1309.04643080653,-453.802243764394,3.58992368257308
1680.78803019469,-2163.67257768531,3.55078057325486
1536.86731529587,-2127.8495914807,3.72084771827386
191.73504873844,-886.615428244844,3.41952929638386
2473.34226537901,-2118.01653013569,3.67176672934766
1785.33998215307,-787.80735574183,3.57205851454413
1837.22353196243,-601.970025833701,3.60468062646963
520.747772005476,-1555.30344489696,3.78806273156698
2727.45460654451,-280.039650606575,3.6537298434197
2355.16825390826,-391.953611500738,3.57564197927729
1278.89996666693,-161.063615659279,3.74814865201223
2829.04603976413,-1197.72208640006,3.52411112356342
2136.83071490637,-1295.50629032373,3.74893607485177
560.534916696739,-1911.47530040146,3.71120041894389
2054.50972096441,-1823.96957592332,3.7098534531869
2837.52205512517,-1584.75059880752,3.59024276930714
2966.7840249637,-2084.44363483797,3.79436993050425
1185.6628521915,-7.66076138214758,3.49691259784439
2292.89305099516,-1084.95403402412,3.71920439594676
828.306980460875,-819.355892465895,3.71104930095698
2547.86116245535,-2159.4256532364,3.84677274356972
62.1137146980985,-1510.22368807145,3.79509291687712
3892.14836381768,-464.049971831988,3.78621380586258
2832.82889909601,-712.111038374155,3.67865628372516
3724.79144687722,-685.049031187181,3.64101739267282
1216.955621479,-196.928545708709,3.78607025777799
103.554359684192,-1322.65546122606,3.84662900310721
996.777177546937,-1166.41448358343,3.62646627207917
2380.19014465445,-1353.58213778034,3.74462671849931
3253.95220162549,-1129.85156864687,3.84394400102304
3002.83862451732,-1670.63654876028,3.87188426230494
2280.72044064195,-297.582275887153,3.7597581400541
999.892555358138,-898.357579850772,3.83923854898946
1510.8579958781,-1733.07067639097,3.7872274684985
3132.82420824271,-1993.91640962998,3.89657846630066
3734.5554342833,-299.903687239076,3.90557138798768
324.023434098791,-1732.35595924267,3.7907333639562
1869.11600568628,-1998.11050932915,3.92826940177346
547.675565680898,-848.114477438866,3.92207439262808
367.0567436655,2.98120221768678,3.90093800755115
571.069627973186,-164.137181176824,3.78884326653511
3062.33142979684,-760.230813579514,3.84709656429146
2703.85923194615,-2037.24271226873,3.92415346414447
166.419864375535,-306.138816298972,3.88882891426149
1360.20628516898,-1042.1729281932,3.78487766255098
1600.98970843143,-1325.28394564856,3.85818455936242
354.885606100388,-764.103868035941,3.80889327233198
3752.50689576742,-1030.33478331567,3.86242209451286
2874.80050276269,-12.0801401511872,3.94060809871432
517.366245950921,-122.215461648581,3.79890773579834
2418.83852687248,-1005.73736386147,3.8214679094949
3343.73631946119,-1355.96731140034,3.8976089626923
2808.45254876241,-386.847865911705,3.87514795535466
259.194235560654,-695.414188047349,3.91890686552506
3778.1836030747,-1514.05325128584,3.86994589779431
2461.45780712808,-309.650840586523,4.00181257046082
1088.43524109882,-231.959207602517,3.93998513992259
3013.77788617115,-294.550898467828,3.99281199032529
1952.45194444621,-218.716101641365,4.02440623847163
857.824036514748,-547.440172418714,4.00496361990105
962.416255872702,-270.062479681933,3.89581158320693
100.318096613911,-1097.21660389279,3.97486043712091
748.687290692212,-1137.45009029361,4.09162704355545
3273.45431756551,-185.7855759692,4.02840515247909
2985.56335534652,-24.9904580018155,3.93955085897423
96.2951577125737,-322.474609474144,4.1140085163151
1148.12887783324,-2215.53063754875,3.92317671893493
3259.897147923,-881.584835004192,3.90342120898969
2599.08749100766,-438.360239300897,4.06116354192666
3999.5826787051,-1315.03678435757,4.08165234352822
989.960481787531,-1881.54223776272,4.12963778433324
2237.18129422386,-1979.89503820518,3.97926544012501
3309.10102358465,-1903.00493173139,4.06055182442775
1758.21222218981,-864.195459901933,4.09978994005029
2943.62673650849,-973.646196578592,4.03501945400237
1569.68569969808,-1080.41790807414,4.00054520829423
3317.41594000045,-245.890788210659,4.16167398956903
282.015505370908,-544.255470279574,4.17581006558338
3086.14357651157,-1947.34934702524,4.10856631943467
195.662891924071,-392.799796073838,4.15551337354492
832.304246950297,-1349.22075146508,4.30127074515454
3764.38553683009,-1437.54859294779,4.17289256373538
1252.55178042784,-1526.99237665018,4.1194603769996
2731.06992337965,-1963.103226929,4.181650465837
2443.97286480282,-235.313731307877,4.27856953052545
3453.84392486345,-29.3391662140057,4.18590711868574
1237.34170220509,-809.856462743181,4.24514466864782
2586.14586062927,-731.646091803274,4.26364750395581
403.305979490223,-99.8430040109063,4.24465489369493
2344.8468781462,-1813.89747126697,4.36835509168808
139.874043822601,-1174.1840619726,4.34663345738065
2538.66292060807,-1930.34941556576,4.2376041824307
453.714577319146,-890.083727751485,4.34738844337114
2105.39525567872,-28.0303633690488,4.31855917943472
1259.22670107188,-2159.98543681078,4.32073341098813
3051.28814255525,-831.510719541339,4.41454745810063
2288.7916751102,-349.872126313531,4.38396997733212
1822.29331390069,-2149.05189363462,4.25360986131787
3446.34064776289,-1657.65739844149,4.5088736644256
2477.76723029123,-1320.61694576801,4.44845795358682
2338.0995615717,-677.667497802989,4.43756718621758
3339.23063018749,-682.91163455382,4.43627140935358
195.941691586407,-1261.14902646347,4.38109407235712
1725.74290153043,-1370.38185618546,4.57648950735529
3958.03730823459,-1394.69517094878,4.37620720236078
858.802907928635,-1104.93868219926,4.67774964793356
3045.94500143063,-2084.23608028757,4.60774119533531
2058.84720250465,-1395.89165164302,4.29947576252588
2922.19683146075,-2039.36690370105,4.59825382443322
3132.99137036385,-1083.60113565021,4.7274989538529
528.147242294659,-546.542261777188,5.0023561988212
2570.75115453741,-1608.2214514244,4.6734750307256
2985.25801363458,-2155.920966365,4.47889709345347
2903.9167967846,-434.136535475179,4.72980595797488
3619.14425645931,-282.865177062919,4.73967584039199
1124.37262168179,-1431.08321800911,4.81528756671769
1548.05002416476,-667.828818771759,4.7586248367186
548.5270626066,-1206.21046928067,4.46353049582978
450.657158200208,-1288.9588053174,4.62112010223047
2173.82782219364,-1879.63079891517,4.82157372113426
2668.18541158098,-2101.51462833857,4.87991049195284
1357.08006191446,-637.390917696806,4.97240538732294
505.797627787638,-2079.78059755269,4.811355261465
2967.71703303516,-1949.54453300461,4.93014160966196
1934.02203960915,-2186.91565002177,4.80988495302537
1120.49537639294,-1982.78285251114,5.08791326207588
3212.02709001127,-1258.90665667426,4.98917908808593
1678.9173967585,-490.470304619073,5.15380211142452
189.219543677525,-670.391196030373,5.2315073255477
2991.68869940006,-1187.77707626292,5.28585098087754
2895.86461300159,-234.413373225522,5.07858615083379
3457.19929038544,-1333.92583757698,5.42014695359391
3296.56706944917,-479.604040098631,5.13564784393669
1551.33115857763,-1003.8978089484,5.16033476565635
749.445464682947,-330.257435664516,5.47427979295207
701.711185886249,-1662.49965338776,5.52322189634454
1412.76707654259,-1179.31162019844,5.45194330841256
597.99167604406,-1020.91544804051,5.70387832286976
3648.99978164602,-2099.00964664343,5.78561849495497
2632.92571843117,-1077.20884424517,6.15960736426493
3381.98200685171,-215.88471581272,2.5702520171346
3213.56984835204,-115.73390673493,2.83086223969997
2713.70515053914,-652.825737767562,2.94475000916137
501.543428211648,-1901.37399560606,2.88345782105565
2089.27421624917,-2160.33105973895,3.01705269260906
3554.88873757439,-87.5028540359123,2.94584862141564
444.025718074474,-745.122014679978,2.96418248105213
1659.64804277642,-444.857320442003,2.89270095638011
2349.77340935748,-2052.07126240026,3.00430936994082
2987.77275895909,-2032.19115802561,2.85028090093283
2671.51957779406,-925.366248176932,2.98101704280847
384.501498341804,-484.089665229227,2.94651876165601
2638.94060160336,-329.935866562188,3.04804584382515
1804.23804277605,-728.368258059089,2.8748458433078
1588.2943925085,-2064.23987360757,2.87573201715073
2639.97863956645,-358.077456180135,3.14470608976672
183.133402049924,-616.914662894086,2.85779287229942
1723.74338904366,-968.986487542731,3.04166533989444
3084.12636845824,-1083.89254287781,3.01333049917762
2458.40789409387,-156.161321034162,2.93578966408523
2177.99048709381,-1319.36286317037,2.98997680054186
3678.15092858014,-125.84729781122,3.43629972533018
2215.22568950253,-49.9330783020654,2.84266579813044
1701.51825911426,-841.686659191701,3.13561620928625
564.514770206177,-1493.90404136283,2.95958914971688
630.788560729535,-1420.39586719328,3.12545340814776
2681.64550130054,-32.7295291203136,2.90470290710199
3180.06871301187,-1607.01770048719,2.93543211782212
1215.48191272768,-1933.34890088246,2.96546631409047
3750.96821073229,-1728.24625906201,2.90113657818113
505.480134120878,-2157.19579369506,2.81372678430544
1432.85568346974,-1779.40262613093,3.30749583478562
909.483280535156,-195.688075587532,3.01163641247486
1135.05784786858,-288.181934237267,3.13196639138686
2267.60418190832,-495.831349353933,2.82495107437071
3261.64113820659,-362.996462265305,2.98451231969549
2380.03041662313,-303.175103844598,3.10010472072924
1499.2002139506,-1001.47780729613,2.86558853469116
577.276878985784,-211.706835459407,2.82311233704365
1614.43900892817,-1084.61687160431,2.93667057506472
1527.33199753172,-502.040868767811,2.98158506919525
409.306051213544,-1038.07420600685,2.94632970352038
860.107390299289,-427.81646722539,3.00566274035365
1798.61621231722,-209.049794246341,3.2423403594172
1422.57279740558,-80.0835792171974,2.91519273385593
1600.91369593141,-596.254994408933,2.85607719274613
3889.4789082079,-1303.89727610485,2.82000583780037
3434.30880206926,-252.622535335464,2.95306111188026
948.037531545657,-440.510729750524,3.15408936643943
3432.8119864261,-293.642895181944,3.20413495529528
2411.32378492151,-689.556483314864,2.78692003526167
2885.28612064736,-474.504191044735,2.77567420097289
816.359452396942,-578.190096994721,3.09363844708158
587.930078073078,-1506.08939661436,2.85197719097973
1461.1908778462,-1717.70194133348,2.96210118557112
3429.51593803467,-821.075486574092,3.15449307165603
1120.25984974168,-964.257930494049,3.1855801416433
4023.9213391995,-65.0984777993229,2.5405077757357
2314.50335567626,-990.949407957254,2.84014156820523
3540.74214193418,-363.702102789118,2.91513580787455
1396.84116613078,-100.539756328373,2.9727274618326
3393.22946690498,-1966.18999949144,3.059250811667
910.746567169197,-1529.40615964105,3.08336323907511
2017.84352834783,-462.068660565052,2.63542722546435
3178.96281983548,-293.984658159085,2.98086813227798
3510.49123270762,-527.932290336726,3.2387483087945
244.497092655629,-106.631913187438,3.21114212526708
1033.81510857204,-124.981578243426,2.97060075574379
348.636022821395,-525.578088686814,2.93603609360316
3091.61739407396,-1798.5165034415,2.88092751857377
3907.22445340828,-8.95817686391114,3.03624723133735
828.115292985051,-378.051925229128,2.97606360327166
3140.48872320588,-508.423715334588,2.88321397797095
3727.81062122971,-337.021591368706,2.88704675815993
1317.74428282925,-382.31094065341,2.74607200346678
430.191574820483,-1875.82803964929,2.89589365722264
2276.97180909214,-707.534574818351,3.16832487551939
4000.71116660026,-99.6883491035635,2.69239656910571
2078.79964653549,-355.2146138632,3.1957517557033
2119.01653402913,-273.750500735211,3.15835950576766
3529.61496375646,-879.055139291413,3.0312401261949
684.792978452284,-78.6386286309102,2.94976827137068
1148.96573590439,-1448.98350130874,2.97945094283295
2797.58569776752,-577.137359895942,2.99495702365646
3611.00167691384,-622.194103397493,2.92942874200023
1635.01073520657,-2134.07194764505,2.89389627242
3168.39814023094,-301.297695595335,3.28188397727662
669.651580447263,-443.895910318704,2.99823432645027
3360.46501934199,-532.771619830297,2.85590176684376
2158.94005780237,-565.222518519687,2.86021555966244
3047.0562592184,-1642.74346694961,3.10105756443274
2036.41150252819,-73.9080582689366,2.96715214177934
1285.73425143947,-2108.33786685137,2.79555723818928
2767.89114392368,-1938.70212714643,2.8409378260452
2744.39594777112,-1836.95454754488,3.01566925996737
3571.69711400576,-1890.5124254387,2.884946745801
4068.41982575613,-401.350640957722,2.64906783563508
2588.33407098371,-30.708500790227,2.78507751994867
490.556363651592,-1473.30784696451,2.79811669006946
2450.65104021653,-202.336405130745,2.691191328299
1122.48834809936,-213.752768541745,2.84348181578857
2192.3494956921,-1653.37496078062,3.02623441382046
2033.86251551944,-271.980751296064,3.40862487900339
3124.31557263318,-440.645531834872,2.95522810324784
1915.65927803236,-413.36045505781,3.1318195594065
1444.42300141766,-111.65780254028,2.97222826853249
1311.55962366253,-1415.33669881231,2.87438044243267
3210.13154014413,-410.457070071497,2.92114684755131
2013.58895133541,-1692.20095744838,2.92612464106949
2337.30103640987,-2213.62940208179,2.9677301176293
3112.55703329053,-2203.59100808245,2.99174120904978
726.974398547184,-1024.07240361979,2.891657419088
2979.10753249631,-330.283139169374,2.72524104044396
3531.80215251886,-1668.14412084359,3.08034553421996
984.57433404083,-42.666829663312,3.23875374929619
349.341516631772,-1451.66674435896,2.79761893331445
1495.42411600823,-1217.85323620925,3.01056375501687
3354.96409657937,-1883.46514845582,2.97343508826969
1128.75067407434,-53.9197479040079,3.06078509985417
1205.98847759416,-1080.50639863297,2.66164406878602
174.41043930164,-248.696832756904,3.26552323127855
1338.6831125678,-1653.85660289168,2.91475889980505
403.856842297704,-64.859356592334,2.93921711224254
1544.65501365287,-238.291647550737,3.24142323013409
1200.40937360562,-99.8051131806178,2.87166319905885
2393.6888886714,-560.889024558652,2.94926679701187
844.747308595392,-183.489398190086,3.01463756725733
2482.51534970509,-362.750389588115,3.14270015579511
1573.88911016032,-207.421441436361,2.8537397653
244.204253606072,-1729.27241369842,2.85083230816936
2027.48267260472,-2208.69849897189,2.96322882219281
578.373582858583,-944.935949697651,2.88493506944747
189.530360589368,-1644.61746092707,2.91471042945721
1309.64295517394,-2120.80993972614,3.13996226603126
1161.39783035829,-168.253789478485,3.28681721659135
1780.4649945784,-1920.07954738344,2.74983289906856
3265.76980819347,-472.532536754267,2.55407812238344
975.966623333246,-1548.77938029523,2.9206707475016
692.367475612626,-823.271293764006,2.94338735694919
1510.80234894737,-409.116988473356,3.10840880486775
2996.67357378128,-1744.07745815895,2.88517309782586
353.032841484976,-265.585099671971,2.95689557969679
2273.58696751347,-184.603651966925,2.93973293030814
2998.4799380852,-76.7538712885235,3.03190432950202
1417.98819717415,-223.272144109027,2.76807895613962
3439.73277482572,-849.797983401696,2.96904647592894
1180.25942692538,-507.099867430704,2.92319983788617
301.398942306155,-23.7492696880279,3.00029547499581
1063.93047943767,-53.7620134437384,3.06398515964239
3304.41213120737,-471.61003684359,3.2874231787031
1857.17677266478,-21.5102614478298,3.01788563949891
3331.40929769884,-637.425543843532,2.92617156974533
336.11907683412,-1589.31587321295,2.59500543310085
2423.31584117783,-52.6395221887689,3.08969679883112
1121.28092369891,-2187.19858728987,2.86423419734218
1216.4700301546,-430.500041134986,2.48305000798608
3119.97516422531,-1708.55088622178,2.97754932750724
3335.78951522309,-880.369718141579,2.92248749827151
3099.6654430297,-2108.8459314699,3.01845776810752
952.476226456507,-2121.75352707264,3.08423069596383
3501.31411401127,-906.145269702121,2.95705837303696
548.202239159957,-2123.92699891173,3.07707757202562
2509.97882115195,-439.091884154718,3.00778235863209
3900.05708005181,-365.600370065603,2.98624461412392
3449.47106149999,-470.099356427802,2.99588219798325
3684.04467729541,-493.365445967534,3.11133216383869
3710.12289978249,-2006.44016242354,3.17378142190929
2965.9355065518,-1379.03852472472,3.08387791637732
1096.12838057359,-101.699393366556,2.93121371483611
2497.92685563221,-1929.73236638881,2.98338634848437
899.192135110957,-95.2997037560642,2.85315370524561
533.94071961151,-137.351827363569,3.03659056893439
2841.81817278634,-551.419801013057,3.0548776718499
2088.90188675235,-1958.2643551,2.92087660789916
2602.31511284998,-1948.69673924706,2.96864547522553
163.65031513997,-1529.1862544533,2.9742349969945
624.646391741035,-1400.54945587742,3.03905360428135
365.299608711782,-131.664468347822,3.00729193046426
291.350425356636,-713.953670133987,2.99215722699283
1252.37442927174,-1497.60795095646,3.06877503597795
3044.44859320463,-1954.00441287769,2.94440393929569
1667.534299249,-144.960935272915,2.77684104192849
1655.80666291112,-59.9930288384073,3.02996533019427
1107.36957434628,-1595.00674874044,2.94355122285355
880.822337363085,-107.673514401961,2.89951367161738
236.350186725241,-1791.34198538626,3.0315776432825
78.5197554341165,-64.8769833123751,2.89592827730424
3672.49491366507,-1440.11800099091,2.99816072724504
543.352079509783,-375.860168037716,3.06041278908624
2955.39253617762,-104.347161040294,2.93248571685095
612.268185768419,-432.15116388772,3.01660617112593
2827.48424232987,-9.99387517561218,2.91794989201463
1279.81406054611,-1943.50461657643,2.88586363264038
3872.41520206132,-288.345073988136,2.76913305809179
2158.73071347325,-1593.07277066819,3.22541610540344
71.8967183009457,-2097.74296818217,3.37212261475405
860.511376639002,-1519.01157878944,3.22767376387471
909.722938108614,-80.9434187807922,2.98597471972008
3178.63093412933,-460.538987398884,3.0095924427945
1700.47866154056,-102.50965518291,2.91372215613736
103.20358819404,-371.474051350009,2.97583547447916
1784.60354948393,-1131.16181440235,3.01938020714525
1978.11424510795,-447.011828228759,2.87765890914005
3269.82772785695,-378.441672071713,2.91937001686137
1315.00337755004,-219.915859765056,3.16074409137297
736.511468200693,-1190.288655069,2.88480757821063
1279.38861611968,-100.087921252872,3.01378773513323
3284.55788736538,-867.60694325494,2.97321769454554
1217.38663499025,-1553.5366746027,2.98586450408048
363.728318414286,-885.070492976622,3.03635620334088
659.879239947657,-895.748151391093,3.08436909104516
585.24400368918,-1601.00235974584,3.19299921808038
3712.30253034245,-1673.23799750595,2.96592454506864
2419.73437394938,-231.853965912848,2.95896136310055
2804.06017172464,-1960.10897286292,3.0512084281882
1716.88798981064,-1915.81929020859,3.06638710790732
2318.8025283098,-156.308242754197,3.04019315092161
1271.78331529027,-201.913838707842,2.94264596497803
2179.90065826283,-218.790868845088,2.90059626944852
3184.5624484,-661.210462173192,2.9920442562658
1930.9070127881,-108.641783715738,3.12326405236605
3714.53734578245,-257.337503185452,3.05685827302952
3754.49634668487,-161.979065454256,2.93651258512539
1580.8582636002,-256.97942884483,3.04999190196221
1030.04298023149,-1620.59167101051,2.97995086976126
1049.89322499901,-1577.92782999129,3.11625327897061
3696.97870172768,-24.7257755761928,3.3083475504799
2759.83262323714,-36.0756090056888,3.01237965470506
1385.97363210084,-142.006086379442,2.96760822436924
3104.71766791438,-1975.1299945943,3.24997307254469
1012.70036387871,-1026.73633507954,3.00633001936907
1927.06412606468,-473.382805230341,3.00098993862707
3341.21524036555,-1792.52649212542,3.23371440789625
405.100355990252,-239.679673014617,3.23918846413246
2241.22108071562,-1761.45665422255,3.04999337679013
2552.76859270018,-2139.90968271839,3.12540801607705
1414.39167441111,-1970.99418576399,3.06031939164397
514.242789313732,-1753.22325347246,3.34627441519725
357.85471394291,-277.562158842076,3.16775977261887
1801.43427751531,-1644.01233179068,3.0551194099083
1899.93539026124,-2181.46759647466,3.07611688527279
512.326064809961,-502.702228372858,3.09743420549348
653.372701964328,-430.125242470561,3.07721192756506
871.683630760571,-419.410787725085,3.07222349701304
1059.56096143306,-350.025507013144,3.26381359024098
1360.24052294799,-150.283741003897,3.1234222942293
2020.52329543624,-521.440778296071,3.18699248876561
475.303729846381,-145.417758001604,3.12538396824804
999.156851017558,-251.606683911414,3.11041710776053
1821.94276548284,-134.938396315045,3.17736248916652
1636.70982331448,-298.209141355198,3.1124284807521
1972.68047812839,-1403.6400856805,3.25815464717796
2611.99040816748,-314.104765737297,3.21067296565405
1639.01542953147,-1018.58121236704,3.22033602179811
3606.93497583642,-743.790185636164,3.42447862751401
3981.86784959273,-538.284903880582,3.15263542472879
3327.18143887983,-1712.30338893856,3.27017142014742
1312.2512348328,-1603.15027540736,3.25267943097133
1943.55843986015,-1499.30769587656,3.54580055829534
3624.47993255598,-932.000645339862,3.40967619100488
1986.40747118627,-554.051454545927,3.28962105159705
3559.13460769653,-1628.89150380427,3.56047418647231
3000.66831328318,-1642.47209635628,3.34617052351615
1182.83895127214,-1907.75902531529,3.33031482908735
2894.37590128299,-1355.44084088782,3.13632754346048
2604.35386941071,-163.851679916219,3.31892244932284
632.469732959054,-282.006394802787,3.27538398916983
2406.67591938938,-2212.72551768078,3.37785824815159
3686.72863249607,-522.369081264551,3.50363767515031
1938.70016342322,-765.130681697681,3.50164411307021
683.428961265054,-1879.20987192817,3.42351733205716
1833.84680039404,-273.65083006078,3.38468410933195
1691.97448339409,-186.631247415318,3.26054677004068
2795.17430132877,-1379.35831867333,3.48772262339451
2422.14328724236,-2199.18076211696,3.33256410689587
3348.48316397881,-1742.28835147426,3.5723474825067
2527.71189771577,-769.262608219158,3.31753192176448
2822.19016165784,-158.926908992425,3.49146424886356
1883.22147328677,-545.416957220023,3.52485193566647
810.798304905755,-328.441815010432,3.44589016903685
2323.94142669552,-1502.67674180446,3.52684168627312
1517.05213581727,-342.477798888118,3.40084957617574
1452.22071671373,-373.87052660182,3.73124571741298
2569.3096144795,-177.504678771742,3.37410452892499
2967.37171811676,-1472.47655171312,3.43638446798035
1482.13637698463,-317.921259858703,3.66638588890314
1451.05258606563,-266.209650275756,3.70523905874056
309.067953363854,-2206.76590773974,3.74405138327803
1318.73472976311,-1514.22351009476,3.90043584088588
519.482369041369,-303.923757077113,3.70482650759806
1915.270700008,-176.063773678575,3.75552799003906
1394.20858407853,-343.288806132251,3.80039326205356
1593.17689702266,-1690.12492767705,4.00812475049475
2035.36091466263,-215.427632434288,3.56057411756212
3008.51445134461,-1835.75305248927,3.93466070983881
447.133794791578,-350.241448100869,3.97977423016495
1941.0751798333,-491.532820069771,3.86537302015845
1314.00085090609,-184.117347286753,3.79672980957575
1089.284995525,-2128.28752827952,3.97202407902342
3436.45966070988,-1829.66394887733,3.74477134389055
1164.71923570311,-1517.99781360856,4.18391508755193
364.299129944964,-208.251429872596,3.78801743370882
1535.19715064861,-52.1068911275053,3.80285767739046
435.136361378252,-159.204933539843,3.88617315172478
1033.47740104804,-68.9183845477011,3.82970708807745
1542.8071098062,-1692.24018732553,3.92277774065325
647.718780798707,-181.262463688187,3.88708629157002
2317.50907856217,-516.391875737214,4.0126103978602
951.531361452815,-21.1277644135846,4.18343378004468
2384.12969273678,-1621.85324980849,4.08453550081473
980.784723147589,-62.3650981221006,3.96968067850202
3438.55166699606,-1586.48068966067,4.31223370036649
3890.09420300537,-209.1942114259,3.81182239010397
2756.0786948004,-413.588677604691,4.0580162086953
1873.15895718004,-1631.74898663664,3.91470830620488
626.70278607831,-592.437053638667,4.13961599996336
1314.26896574589,-118.69200041276,4.02704579162153
2964.974498473,-1943.58017753615,4.19099047188518
3507.68458335126,-479.279703309001,4.29595737014977
1442.66927908995,-1449.60517094392,4.43396213637448
2765.74455976088,-269.96342865622,4.09316731186011
3975.76778228742,-421.2086549631,4.41162803740236
296.028936884547,-1853.728651307,4.37084502534248
2234.69623922592,-530.097658079364,4.45792154890388
2291.51463278066,-434.319426235152,4.43439928987299
2597.37726702257,-574.71534076669,4.49141706846006
1093.89929608732,-709.581942472475,4.55456009490516
3410.1908665922,-557.150384910639,4.99193130316319
1512.49868501535,-512.976676540011,4.93358046237587
3654.42512129898,-1609.80840360828,5.26645363973071
1698.76698202838,-75.5113185663077,5.26857857278157
2868.24637709956,-456.405663371568,5.4208682515026
3222.69697014841,-285.957275693947,5.50282219090891
1837.85064503433,-1250.01544077681,3.00990066819165
3076.92842560969,-1045.25455563157,2.87443983411402
2806.67109556384,-1261.29692987246,3.0767392571703
486.522649023238,-1788.86867246132,3.11813245083133
1678.67270091068,-496.223929232061,3.06269544542474
696.749491351513,-1702.13871054995,3.22757590715954
3306.50226662364,-2167.29925608865,3.27530529652373
1313.71433678398,-643.174156636511,3.2192307956347
3351.02374900359,-731.681203008735,3.41941448277299
4000.77418868286,-80.6459332680076,3.48500660374191
3364.10604873288,-700.227142951184,3.19030417599768
2586.87732658827,-1673.99523205384,3.46504454058292
739.338167650085,-331.471499109591,3.47266682509583
699.222092343001,-2063.90168710558,3.52982140518956
2319.71110608183,-1550.35477007689,3.32389253187861
1641.72842144054,-2102.23341014994,3.71274174524918
1503.70192604344,-1520.18733704599,3.70816870367615
780.972825901749,-1942.61626400259,3.71420107015174
1662.01967305347,-730.682345032935,3.73799006202223
1680.21999512444,-2025.43597892781,3.77716634467013
1729.88174074186,-531.209399133666,3.87536330259593
1260.50826033331,-1418.95759877514,3.77251019025053
1690.38185386634,-1193.34679845924,4.11250031202905
520.02549177419,-2193.1257868785,4.02997931136611
3775.31861770974,-907.115601156394,3.88913070151187
3920.62609403035,-1171.16007488059,4.22164357888066
1642.84428379537,-2084.03481855046,4.08116104372943
1132.64355977684,-2159.04284555794,3.93058150969983
2278.53542356577,-2196.31007244241,4.00973544780224
2741.1473981822,-2071.8728335539,4.09066557587032
3827.66608199104,-1080.9432875413,4.06827760408381
3717.92997725539,-1555.0597874799,4.70366741110668
2609.39324227304,-1734.31157037769,4.59836949382849
3903.68031373134,-1017.82043760128,4.43475043091574
1879.62313068106,-895.161092144122,4.44854832356627
395.555645407693,-103.089502129898,4.49385119390735
3923.71337148325,-292.970539831399,4.59141026228117
116.772729048943,-522.795526910776,4.57208140983865
2103.63433022239,-1032.01735458747,4.880826202877
2274.23400609086,-1719.50037790034,4.66461976719391
2020.58067028368,-883.505653222494,5.13881917522131
2322.97855455613,-874.927971423097,5.25892607813642
252.988184231832,-203.018086791058,3.04405126346099
3662.89918913626,-1531.80263077836,2.99617525134189
3042.79848654041,-1463.72685302567,3.0120861831926
3129.24068166606,-1361.79311838114,3.1522357494308
3944.60616541882,-1350.88311607631,3.0865986746377
3961.09413011491,-1445.28988762674,2.97137271766455
2910.6769119257,-911.708204047875,2.81501544011
3693.06261792428,-62.3413916215243,3.15880042823533
2143.34633233155,-408.209776230984,3.16248700661723
1597.5021208334,-960.379410824153,2.95437689110801
1549.62351036056,-1480.41396793683,2.85767639209734
216.279673063628,-1949.31340946027,2.83492292395661
3311.92809728978,-372.386037753994,2.95267056051898
3773.75635350814,-166.657258866342,3.26010468297903
619.501521855138,-1198.56009945416,2.99325738702638
2373.78863173658,-1161.18365320964,2.89343453895279
2640.46341907707,-1521.71912112992,2.76179434891712
3336.6282287219,-95.4657798464902,3.08170783214554
1588.02371549438,-1592.57700097784,3.07098566411371
3028.35738188432,-1264.6980806796,3.03846409429843
2029.22063632665,-1144.37475617005,2.98005754727836
3480.3381079739,-2174.1752642623,2.81627334642964
1704.00184291642,-1418.52749836461,2.58704123604486
1197.06384600911,-2124.22828140417,2.66426419035722
938.687300992636,-2095.66668136559,3.17895705690364
2524.10162277135,-878.087748726506,3.09184773958703
2926.19025946315,-317.163307377907,2.9599942448816
3874.44487622679,-1116.16197870421,2.91550479341652
3956.61975964845,-2099.1718231474,2.96545000892021
1491.14681530687,-808.550120541249,3.06224992147077
3516.56537054338,-1947.36244595047,3.03522931795416
1026.92033854624,-673.168011469221,2.99469940509481
3827.73173473997,-165.516592545488,2.90664092467567
1225.84599250237,-1607.76216509599,2.90184246639106
1765.83213861369,-1992.19816907419,2.96471816596439
2949.83160215923,-43.372640421754,3.14697385788585
837.442833468717,-798.804016873777,2.93063030864554
1175.04607836013,-1803.13780400689,3.42057256201666
895.324342184206,-703.864401271684,2.83738874345135
1659.79086635215,-1991.12525633402,2.95537901691918
1297.2077526512,-2031.97053184873,3.60315495891696
625.417820701948,-1789.10143952446,2.9576350150337
1822.12919643824,-1049.72716492198,2.51321893337211
1623.75089865829,-1747.85923656978,2.9524301738272
1169.0635667449,-312.636773670503,3.09923838293122
1120.55705388126,-1708.07223670431,3.11570176182815
1153.08863354182,-1616.20043656608,3.09195517527651
1487.55886955453,-509.752327366497,2.84581988248175
181.382143499623,-2139.45129414705,2.99350355432418
2803.27034678247,-41.8159569394818,3.00518676603659
3136.37246137489,-1776.79102477871,2.82396871327177
3112.80049019674,-1872.58455166955,3.0562236112163
3423.08485970399,-318.462508257076,2.9172286214607
3890.23453545243,-1796.94272810111,2.96571580791663
1172.23578564087,-77.8447882698897,3.07560231605352
2409.0300812208,-1534.19182017815,2.73194690578807
2931.81949945561,-1646.40558753575,3.10118482214613
3833.4152631119,-1375.06486881432,2.71035277745735
2267.6215015371,-1395.77533636657,2.6786105224744
630.80806633514,-1932.82982605354,3.05884394870329
2092.6065647824,-639.50777248227,2.81739953459038
3318.30105399037,-1189.41504289225,3.0854362354837
488.551336013978,-1045.46053944093,2.69347131832975
2852.23187947461,-254.343634684209,2.92411081349665
667.446222940798,-2202.91200213617,2.96633063199622
3309.2595721187,-1510.38217558382,3.04308565496927
1316.0035192871,-1454.70492616303,3.00032219777742
947.635512085422,-351.168809352106,2.8052991896583
442.561736783408,-357.581287370855,3.0169714275872
4013.45634393322,-895.460503064354,3.09435930648841
1149.75654507697,-1674.95441710061,3.14492708339578
979.267143009211,-493.154593181187,3.08331826611016
3019.6873398982,-495.443703475734,3.11587606164124
2939.13304377604,-1061.02246759485,3.280395043609
3830.06239678188,-249.686020957059,2.70698626327949
2873.97343718118,-2067.53918113829,3.07447984864271
4060.86945265884,-57.3264441075108,2.99257021827613
1868.49848177292,-346.27824657444,2.92868201874501
1913.73058859028,-1304.90613467367,3.13327690431635
1205.52064156738,-768.941660374589,3.04060148552517
3206.10310314686,-1891.77475278703,3.31790566997619
1406.7969283985,-2199.3014567308,3.08250095790278
1762.42613718679,-1038.698563909,2.60350525572443
1805.58023183507,-1947.69096509767,2.95927097068137
222.409679014917,-876.765893769884,3.19048306762265
1824.49340046858,-647.543301995324,2.94204705347351
784.148967524456,-586.996214886629,3.08050133696862
3470.77704489153,-1256.26919857496,3.1187286198804
3612.83287780887,-1238.65132479237,2.98483865863157
1807.39650892142,-1386.89808385517,3.3528089591626
1036.58260996191,-1906.61728206196,3.27025078004048
855.774392146377,-836.238894727376,3.14487430064916
692.149776124388,-403.388914224341,2.96799268143844
662.342244439425,-1479.4969383469,3.08141140877455
2343.75715456129,-1957.20968248845,2.89904637627031
3999.78700549942,-722.847351691607,3.32580902467136
2925.62847504822,-1943.17663978177,3.04122350353287
1240.61218642729,-1084.67855197767,3.00548343853663
592.36642015587,-1842.3902370741,3.10787932845665
441.002752896497,-1994.40230101026,3.02838888028858
3803.14468864235,-236.157836944407,2.59792732124995
1854.63339495568,-43.0776116748963,3.13136730615453
710.889501324132,-554.152481208529,2.66429120295588
913.711753599014,-752.945156120544,3.18852098400928
2232.55104595245,-552.636091887597,2.82877134491549
777.719377147678,-43.2718321338541,2.76914059577552
1838.02562783067,-53.6797305170333,3.00646028929497
1547.03057817683,-627.21244842193,2.85669007759107
2226.71628549049,-1239.28733658756,3.07635858354891
377.42891496377,-1062.45261475925,2.93858085623792
1564.29222294474,-1340.75357030762,2.85699188241298
1133.87172520825,-1811.69073933174,3.09681239469431
963.942400035919,-1215.91462756287,3.01256822049516
231.83981034714,-610.381973298542,3.07259192972792
1550.70373438731,-920.886088743808,3.13051893149654
2649.62351975621,-446.975478120492,3.14426497242035
1341.10689176594,-1603.67317887535,2.78235557715358
2507.0783671506,-1778.64502199649,3.05537667463371
3969.32388839678,-288.800462283555,2.93727203929171
744.762086263706,-976.443987645929,3.27286450350727
2103.44436031464,-812.978103747084,3.14081757758777
435.671774690027,-669.272595585342,3.0318048906983
1683.98198423095,-211.627658724727,2.79484778759501
1436.00569880983,-1872.48799883837,3.20334247464409
1387.28931072438,-1426.56479641586,3.26341486267142
3091.49902388511,-475.815711826422,2.86984755352289
2732.42867406774,-802.8414667731,3.2995932109265
2973.88812882467,-1406.04181104871,2.95559479058953
1469.09186724485,-1362.99228170703,2.77921688195709
1556.94355963302,-1222.40835997244,2.94666323507022
1748.69863377977,-53.5773559104215,3.34122607809891
4013.30915524398,-122.890204496522,3.04558178087123
3526.51965903472,-271.007258866042,2.93206692724643
3497.59098966994,-948.210027357784,3.16785175774275
1238.15994543521,-261.173632550749,3.08834817474204
2076.45284693028,-767.296485654606,3.10392803692498
1879.76186581512,-1047.8454706383,3.12317500864282
3247.97193601707,-1787.11838267574,3.12278332713774
232.546717226818,-823.951086500851,3.22030442129675
708.177166455228,-385.265818780679,2.8559881983143
3150.16282341963,-824.709729050531,3.01755158394599
3692.11731764726,-2084.30889695631,2.87944931867537
1026.97044606969,-2047.50974733927,3.26987728004049
3386.73372675605,-1098.92235001451,2.99582338778681
2224.06481162346,-987.591165992789,3.41034643495195
1394.64767283725,-2159.51640277138,3.1988421681668
541.990215929882,-1355.10462582424,3.0262521818245
3710.86721898799,-471.598196201342,2.94501161860577
1559.68972978442,-1280.92520604778,3.17345733306688
1882.46184271363,-1792.75461423435,3.47124535386136
1211.60117030048,-1321.10350962322,3.38037989469025
185.73393108746,-2112.10949381462,3.11937304997874
2920.19924423736,-1471.00591314728,2.98979858864797
2626.45216631038,-297.458477184643,3.12511552787562
2978.8443292113,-475.759611999596,3.3084155297939
395.205945196545,-1646.92706043915,3.03723606886397
744.4800214192,-1837.09839644813,3.40891525593423
2420.1468539024,-344.703594476148,3.07267751084232
3693.03714175163,-587.280185865214,3.02292363891965
506.303820665566,-1417.12173049153,2.98204742497546
1243.85601328027,-95.5960773575187,2.79463790917959
3092.59955048186,-1251.06545394652,3.12830871596296
4055.79182192109,-1372.7885472758,3.42192787550375
3183.73333818485,-1656.96269989781,3.06783230130054
3968.16150880029,-1127.0626788331,3.120575980197
465.256646748625,-721.107403280574,3.17351593088474
216.900275887654,-19.4381680630445,2.95384479812243
2099.93889143974,-124.726858091041,3.10416745034202
3073.85820691236,-1768.79262879908,3.13399208329744
1312.84317004494,-1301.76029412855,3.0148617428
3978.5997315874,-959.117130968517,3.14632121001108
1578.87967522916,-928.897981986051,3.27757542694226
2580.49856915924,-333.74749794713,3.17398893982942
3120.03771953078,-217.641208876494,3.15325608628336
1119.56953763603,-1574.91748630033,2.87206907809492
590.816389359221,-1736.97334186791,3.10828463518993
2783.14567626911,-1546.80702209453,3.18409991425046
3635.86943418333,-1968.0197418089,2.9986018551933
931.413057910515,-1771.92696036071,3.33441962926767
4008.86886541666,-256.947316905658,3.12423094513244
3935.99723583733,-1688.45040246795,3.32357875017674
363.419240045763,-1308.48924881654,2.92933061513418
3228.93966229373,-147.64191985068,2.88079615665968
3852.14595787541,-1602.55032787692,3.15836518628623
2064.15213285307,-582.210514783404,3.11384900210195
1084.8031971199,-819.849043200314,3.12249631932269
2155.91237322336,-1079.16019574546,3.25511593257803
1378.31227759036,-1231.18759061163,3.10139612605635
1402.59843494027,-488.660515722781,3.11155107260151
3143.66994623319,-1549.15437602572,3.15039942950478
810.183163267355,-2139.64798776124,3.07280641190568
2070.22351798486,-195.312342417107,3.27010865863629
1996.9268811663,-754.768468495402,3.12494582035077
3248.85576967996,-1872.70218737502,3.01848644512339
1389.20881158306,-737.030795986851,3.17861405643096
1311.95683571693,-1326.4439208122,3.23994291469217
1529.74017769019,-884.150445704506,3.07093300953245
1679.11381169672,-576.627905242791,3.35837093994048
2009.90152406736,-2114.62740086231,3.30363416696038
2935.71121873615,-508.781596564943,3.16665033933589
2844.35933802564,-1177.24194804294,3.22723168170681
2503.24762856899,-1542.05073878074,3.34471321715478
363.16751242521,-29.2878930861556,3.02287060044312
438.811939268847,-1103.99766370448,3.35784787332013
2324.68858467478,-822.7003189743,3.26854709879814
1640.65631677292,-778.161458404663,3.39569758490192
1460.62086047761,-695.890266550786,3.51528517997749
2946.93389212034,-486.014677160007,3.18008615328811
3350.5935442912,-1190.51535111209,3.23436507610919
1152.9026560782,-155.952355696672,3.6154739958831
1793.94059662886,-456.644005109384,3.15597798888802
2637.12353890209,-778.638699314103,3.16114223511913
1896.69125755146,-28.8837088424829,3.07978922791752
2245.53701358093,-1527.26296287289,3.06513449624689
3649.54868729015,-1874.01242557982,3.10131348329339
1013.74326884645,-2117.97979435666,3.23199359441233
941.551611844023,-1652.78386308524,3.24550743085465
86.3024061157931,-1360.1912070007,3.48526797367691
375.353996025967,-1526.4192603093,3.56367820069798
967.204298812499,-148.937625535671,2.96525930842292
1920.47119379484,-1138.46070293374,3.43248360579202
493.360355312606,-678.270504888952,3.42308946201969
2077.5159170673,-527.891310334137,3.3604642265785
1977.65585059808,-517.007395002064,3.26969211025862
3227.13312888415,-1374.38552256068,2.88431481258855
3614.30132278739,-398.617658898303,3.30915548440087
2016.45641323714,-1498.64983906067,3.81552533028132
902.574743845754,-233.180285097764,3.60598752727829
3238.49703010643,-1897.18164592509,3.34126174707806
2742.97843314986,-1740.41307404019,3.23928254827715
954.591129859118,-1906.45561851235,3.37729344911923
876.548503290592,-149.327734376785,3.48183154718598
2972.70694961876,-404.307686670001,3.30244177650554
3103.63086774816,-2153.1098201296,3.55717606787017
3440.1018824455,-1754.60807828389,3.30634225902912
951.214007108077,-1232.78130470228,3.44982520173777
1738.24486808551,-951.11930085793,3.45560248552561
988.316049683798,-1833.13105342725,3.35933241247527
652.292292334223,-399.76955133697,3.19227701554295
1375.65881468667,-1959.77003483474,3.23299089823669
2733.16154454377,-1575.43661376754,3.33998759459886
3615.2935858446,-1715.81218521713,3.29453693446256
1590.6330797731,-1147.3845393997,3.28013556841437
2695.22790601706,-483.028477484074,3.19147401714067
3886.7481023115,-527.38419625345,3.29353840318094
3468.1716175663,-1381.94262306979,3.34479980873519
456.367864171833,-271.232177702504,2.87341281105442
3058.30319012503,-48.4967433496248,3.53230890108753
2029.14900771112,-887.114732942934,3.48922569252552
1051.66611250535,-444.517557965848,4.03930681606091
2134.82178251021,-659.76979739029,3.45936393075349
1929.38448116216,-2154.73153036312,3.41777048810741
2695.61690886862,-276.716566292938,3.36643348886509
3201.2550642395,-1529.57254494906,3.35588216044137
645.464092749582,-1909.73195242661,3.09224010418593
1640.01154306135,-266.381725592783,3.18068288475594
3261.68677658407,-124.42316247751,3.3282467187823
3316.62041719206,-1609.29053747532,3.35378212802035
3838.04518175158,-1652.04347201641,3.45479183915757
3492.21571769523,-1838.48895370709,3.62267697530607
3747.95207294958,-1080.54756100796,3.1757691224304
2431.23646881684,-577.458491390995,3.61422198449857
2003.92379724011,-2053.40531089189,3.26060525126092
1120.00805217378,-547.751323351979,3.41155213645564
835.379339739045,-1031.42610696938,3.58684936034851
365.908627481635,-284.85526428837,3.33885575632335
1888.74962765328,-1248.1639597787,3.45821385163313
3936.48798371122,-990.761579501363,3.37200623505732
2698.60077616595,-690.84019509589,3.49003152384834
1263.88860193788,-863.158492557359,3.41118798349341
2790.9937700154,-522.973964460611,3.65924449017888
3622.25118504916,-1767.84928941504,3.57509104668487
1937.22911755467,-1393.51849440677,3.4920067129039
1209.02658599001,-1164.05925752396,3.67727189113006
3652.75847547094,-1673.41811036044,3.61865624425274
317.591556297461,-1986.52392125793,3.46174824417682
3601.41030690252,-1420.11650369312,3.20245398915076
4048.27074326287,-1045.6740213247,3.47425382275766
3485.7852764084,-1466.87785024763,3.46690818745082
516.659831177302,-413.534726581942,3.50866989669843
2008.33545748124,-959.643855643127,3.49404226167231
3335.59840607446,-770.548114419503,3.67777652547829
234.082091019296,-533.228877182981,3.53936919592348
1434.1008813305,-1259.12063863464,3.26296371009352
2621.84262433835,-68.163331790794,3.39595278219784
3125.81242124789,-1396.95352488478,3.58570049257675
2904.08200376027,-1787.22514392814,3.86590732103803
1055.81061758592,-1680.25992912552,3.45147699853568
3177.09278581633,-1385.47238711242,3.45288694312131
589.978359350465,-75.8923515353304,3.66999517540205
419.910032649169,-576.814522416464,4.02709342112774
1851.39275202285,-743.396400220862,3.17317405502479
3744.74079852766,-412.749962549242,3.26108883510291
3684.94965147183,-1328.04675677048,3.50762128589024
1394.88184898103,-1149.69513989103,3.47873951373993
323.247595222075,-636.316988755202,3.62156385269366
3850.84211147227,-1433.66772601553,3.43819158336334
3250.05762025582,-1965.65297360861,3.48701480149631
1405.0671211732,-173.738451081227,3.74890961115947
2275.33602929526,-720.644183814641,3.16892713299288
3707.01242719176,-1981.70001678538,3.55554383404518
3606.16400941879,-1187.72276665366,3.52807737540313
2179.70161190327,-608.925432380696,3.47219295587352
1014.56756261491,-2206.86266813303,3.42918650517803
2738.81551058585,-638.969653326928,3.51857452680455
2229.83466412634,-1806.90791410548,3.40059106530328
3061.77393038699,-255.343386428283,3.69069143789958
2950.01586263867,-885.326528608947,3.84525829673053
3730.77496048426,-1779.33627901893,3.52317123164397
2965.19712550505,-921.175129167434,3.41682645720944
3757.96173061898,-1342.60155477471,3.28509898986436
2270.44785121518,-873.576744653761,3.67464398692398
1958.34917609998,-1998.46881486541,3.50273772179239
2237.05190565708,-206.284811335278,3.51297764421486
996.693855066111,-2163.40276026118,3.82365907136563
1558.40207135472,-321.844527778684,3.48517112019138
3299.84005999706,-1699.01024219102,3.58087001126323
2838.06071814301,-919.929703758332,3.66368309681916
2588.90400838562,-1864.48823497306,3.81635947697601
3023.52291966825,-1009.20338175712,3.76831805206422
3837.75530398722,-966.666604145359,3.8708778199871
2503.46296520512,-306.108999309218,3.44062736238018
2027.05110964901,-1561.33832816119,3.95109466882367
3896.06644967997,-1465.70843467833,3.89447142112735
2920.0183229703,-888.488975881503,3.66530087927062
2046.96875411285,-2095.16665131503,3.62911039601337
2000.37149197233,-642.931930362913,3.63985589670539
2246.72019335334,-1201.86266596508,3.47382349806108
157.788380204598,-1060.79247670365,3.97531668018933
1783.26735523677,-236.45008921972,3.61387909481768
2302.75336024698,-2052.85261776485,3.72106196552226
2391.17985084903,-374.118490374501,3.81440758925989
334.434888529269,-949.047893866927,3.85152565083918
1761.2774519856,-394.766132797056,3.67644139903619
997.450716677697,-415.507881526714,3.67379724387391
1803.22023168913,-1296.20969549886,3.63319410406972
2398.68062624767,-1424.1378312286,3.58054411177072
1532.41967108873,-965.555829519605,3.8777856199743
1632.59242084915,-1202.19928970924,3.75208166643691
3061.83085078975,-1359.6905584708,3.59442250888782
3130.55415647408,-1289.5730353375,3.63745605667911
1167.22314326973,-744.738758441133,3.64605067085869
2437.84491299327,-436.674214164946,3.89943720806795
3909.46572105196,-2181.36823980733,3.85001203275872
1659.98401007229,-1648.29143822831,3.89530803937774
2099.01178994633,-2099.32567623807,3.71332078132148
3226.40644392871,-190.763112313828,3.81215954600574
358.726522153094,-2052.19180209816,4.0045572742763
168.95866070448,-1998.13052020534,3.81763962973307
3106.37486581657,-2086.9503474085,3.62339269856172
1934.34853826917,-718.711012066563,3.66860309078821
2099.0317286937,-1758.39111813044,3.95193516574252
1363.84775652637,-219.228240406827,3.84315444944547
874.810523194681,-878.558078896038,4.1490700197975
1760.49698583485,-351.077506481616,3.65788381371613
1994.03468425403,-1818.99802612399,3.88523086428702
2209.05669174587,-1313.79701267177,3.93503215605391
1816.11806629022,-1669.32749570063,3.67840716179092
2152.22624307881,-1472.3365714163,3.80300513157165
633.085632356142,-735.689134860149,3.99369775362714
2995.67890363312,-1861.90182281134,4.05163018035169
2019.0298990242,-682.488805408971,4.11718855322739
1185.12380338433,-916.707890718109,4.09020905140687
214.984931773285,-134.891290456357,3.9874137574077
983.567284635524,-668.283744997229,3.90325689520588
3976.43640830089,-1813.94779148146,4.0886326574748
1740.0356904835,-1673.10894987717,4.00589850444636
2906.7223094869,-2119.51058077838,4.02341161094674
3307.16674355618,-1010.51575742309,3.89169493583898
272.428925025877,-233.429206825703,3.97736758479061
1923.57183625952,-344.660756842627,3.80948066611367
2152.87168967809,-917.818091354373,4.21630219656932
2489.6741997322,-468.748882719238,3.89376973038101
810.9319758964,-927.049811118846,3.8711031163568
1850.68173316731,-1878.86240634495,4.172037572217
4001.4511682304,-842.779244159248,3.96854290783384
2617.03388962727,-1806.99923812557,3.95022339217929
2192.56744511876,-1363.46979677171,4.35535640141898
822.57242199327,-1783.20544960684,4.08934127457719
728.394039289102,-1902.87748057579,4.20046709552792
3616.92297156887,-1368.56683582632,4.22574014813272
1341.29255751015,-2015.8507593252,4.15120087462859
337.630813502346,-1432.42542369527,4.47507219793364
2009.5908167441,-435.321611479759,4.35351425902494
967.31972171786,-362.563809916496,4.51498811210751
1039.34478320605,-186.724406617447,4.29814642296452
2097.09163671703,-1919.4510646397,4.18094627382827
3532.86995738184,-557.550955733142,4.46040055849886
263.771416681009,-1012.18563637028,4.0461635383654
2269.39961955587,-1351.50255663042,4.50616597827058
3698.15099927851,-1184.23504858711,4.49244945091536
1739.59688441395,-1235.56851779241,4.58550362944459
2562.72004367161,-2109.86860958356,4.73089619580909
278.916878518345,-1189.44903450403,4.70286738380727
1249.64377029081,-436.524946388805,4.633693938183
3675.14954334113,-955.102020027617,4.92133187149235
703.906676316401,-657.808921401273,4.65869213740452
931.748414957125,-1994.84964307727,5.06024639031592
1327.94510442377,-1704.26055455484,4.81386249737546
254.188961506778,-1329.87063726784,4.86613063422116
464.210426614473,-1954.32643681711,4.9027156478332
2902.29254201376,-1421.88075655659,4.99232735734385
2944.22135055154,-1610.94004953747,5.09730373350077
1169.78316276175,-1823.97228641973,5.02168431301111
1683.28687355167,-1508.77646763115,4.98147532946388
635.110128853944,-1436.41505820712,5.21309118072736
3329.78370367115,-565.045820955281,5.68079369666396
1722.68792616075,-1098.36491183358,2.94808558210772
1111.27358036724,-980.706055454334,3.099617079293
2548.6663707619,-1867.18687161775,2.89581849469464
1019.50276667953,-1548.64901530356,2.7253390593856
532.931044684415,-1315.00854375251,2.92709716585809
1456.19708047113,-607.01728563272,3.00654863705028
858.283744602033,-1135.68810923043,3.21322786900962
2954.24673329329,-690.926272469658,2.82012875521192
1587.87300424059,-588.160638006962,3.11377719664377
2145.00866530097,-1095.43789956914,2.86358262222094
1256.8009045291,-564.389496473654,2.71303924309177
573.024019068033,-378.541998084471,3.16620694831234
110.204225096863,-332.725142623648,3.10965339074838
1760.81881913686,-553.462134216156,2.96578898721085
2353.65661770138,-1734.67837492798,3.56524735076527
1648.21307518568,-596.755900227785,2.83861261785386
107.676723170929,-53.9245944659599,3.41084845531826
120.182436911098,-449.907757917293,3.02313593567389
198.802092533589,-547.228963683183,3.54252071366197
352.467460650574,-482.147179107248,3.77622731096996
831.316602741023,-1233.87033637676,3.58625052316516
833.45087534485,-969.965940609924,3.48766202931484
935.132325505834,-823.794404698052,3.9151348657167
1487.5021173381,-872.916258086205,3.88895734566736
2114.49086918804,-506.235038227122,4.07114207890401
2212.01406080356,-392.906570325304,4.31530410360884
1882.3370226318,-1702.92614830863,3.01257156432635
899.027778314833,-731.363353214261,3.04302585476724
766.406616007548,-2097.27508852935,2.76727920386285
1848.28679061398,-1088.35020813599,3.06401280368299
848.492803749254,-1875.7239465281,2.89079589443974
572.462505230853,-640.464236908377,3.29593111459914
2652.49723165006,-1804.01704110845,3.04820113708371
1487.39304406909,-1179.67547671771,3.01797272228681
2106.22059035778,-2207.37162834229,2.53235960730283
3646.01183411405,-949.935494865821,2.96941193599831
2863.74211603302,-1912.00741171168,3.0793794952665
184.842714827141,-1475.81460760639,3.05469325151439
345.940396684105,-2183.8622751303,3.07688204579858
563.932637893945,-1810.16641188439,3.09939896505536
3657.39506927816,-1774.82501554358,3.01214949462027
3682.40417855576,-1179.22995604859,3.12266609274408
1226.36269085162,-357.689455671623,3.72046260043195
3379.87218670143,-534.301291462952,2.99332037482278
3342.80049103351,-748.465413270793,3.28918503841337
3257.96778679512,-2008.43404862717,3.29991327254098
2772.06941638287,-268.976654228423,3.24414577914734
2473.80025939768,-1717.62005734056,3.78370863671663
1040.59029850229,-1269.24934199861,3.63543066047139
2092.03014068907,-2009.26374828411,3.71433351146268
1985.41737258546,-2059.60517066838,3.91816641122923
3260.65848181985,-83.5845850592209,3.86528854827183
3827.36527907028,-196.9545321352,4.13556751232737
1548.86768703317,-2112.73204259062,4.18558552395984
1662.20147459219,-351.532159759859,4.38987257192031
1721.42015478844,-2172.81606172077,4.77458390909903
3618.94048587614,-1869.95904949527,3.14050223332984
782.931574329721,-183.902789804003,2.7720119369115
609.245861840194,-1143.53662113075,3.08117612328438
2792.75806197757,-968.994908688899,2.85433871590127
3633.66619279624,-978.710710906433,3.16913440270995
635.410231313119,-659.445803136911,3.23363495583739
810.636834574183,-783.606436103406,3.80660864286618
2868.56091851061,-2145.55154866767,3.6348140616776
1137.29094442947,-532.144673018462,2.92824930787334
3075.27372891279,-581.39909457734,3.09406817068373
3277.90847192509,-946.129523554377,3.12174402580752
798.315872043655,-1210.86150293664,3.05586480501164
75.6281692472108,-1455.11579204579,2.88511515253439
1500.17022454885,-1897.43806576764,2.9756368959634
217.960339338797,-401.463393960577,2.82995197987146
874.058183579479,-1859.65751734769,3.19427417222267
3660.99082709088,-1270.70542665873,3.23091684857104
3092.63699443737,-772.677788882027,2.98449034543665
752.64421305762,-1245.33267347814,3.19073946566029
1430.95515042598,-1000.84000639489,2.81541270976393
532.535846249622,-1397.69098556492,2.70359333473107
575.959429722531,-1317.86747604125,3.19233920100388
1890.25985190575,-1578.20815139417,3.04317173483557
3837.04580281931,-2128.48622872235,2.95633709202893
740.775536486211,-1457.56321952057,2.88541626696792
386.506976232413,-1372.38549407979,2.76653635486725
2318.3724870353,-467.342989934115,3.0171035706305
744.3720521398,-840.649767732603,3.02985093839821
1731.00060879404,-1834.74407675445,3.2096828467407
1878.62307855152,-807.559777301969,3.01982199346408
3857.8656479944,-76.7631994104987,2.67591189686733
2669.1007559191,-1717.69895044249,3.04568604913565
3099.924410708,-261.982314617508,2.90360136810546
1213.79191818441,-1057.63121772407,2.95284277936942
738.29412895898,-1953.86015090186,3.34880772870317
3703.06279613368,-753.140368508344,3.01515650161927
1749.30542476553,-188.220011591812,2.9483016043024
1127.28530185144,-1156.54489034378,2.90856970233294
4008.90276870835,-1098.37159098448,3.12054269417028
2439.5966248064,-839.436859656157,2.79199970457678
1126.73772725326,-360.752206482668,2.96072631559126
1487.83887548984,-2193.3022091634,2.80036552339912
2987.71739520935,-1985.73146880107,2.94836562752605
526.078914380012,-1332.17839582739,2.81181857907647
1858.20825084027,-1242.81612658653,2.91898208569086
834.743254531577,-1764.22731244445,3.15499250637261
2342.5063191489,-1314.44847921183,3.19065155671874
1816.0471060126,-1713.16505428808,3.30417767731448
3547.18022657352,-690.259369732547,3.44012006011179
1882.23094781993,-1478.4067170644,2.8794075749461
3345.00008495073,-2047.80695588476,3.33229416577152
2012.20761888216,-1850.74092043166,2.91756418538402
1892.11002607149,-958.010991721313,2.81966359579947
1958.54176108026,-967.343509655467,3.0170965288115
2981.66617404301,-1669.40032103061,2.87242690053111
235.658229444075,-2217.79824110128,3.03295270093699
86.7508658774227,-1031.98755738124,2.9492614980677
1824.40331094829,-79.0743620781515,2.98996595173629
2581.36360300453,-2100.98856414565,3.30350259641126
1739.25217371912,-467.141243633654,3.28862559594889
3850.47338955036,-911.269389166147,3.14390283869449
3501.62388840109,-1794.61440875572,2.50455011186286
2283.67817588065,-1659.29388069023,2.99031432518396
3041.495431639,-1658.01077379861,3.16828125282587
1141.62333730987,-1346.82517028619,2.8616091448337
253.515518682908,-1107.67237875686,3.22169557670769
72.7173561534665,-716.589045911802,3.18715621746421
549.585865892069,-1764.47364732875,3.47784153171425
3846.33055971448,-1079.84427821309,3.45954483481749
1817.2432364926,-257.611166163275,3.47572093905891
1333.6898030225,-1634.60448880894,3.89030792353055
2393.80399111345,-122.619975562785,3.44791529488701
3645.70622843251,-324.647826994635,3.69035381441071
1488.8104580274,-1743.615546731,4.20818326509929
1425.6450638026,-2162.53050044683,5.30101527492377
3984.01775263757,-1588.44275139152,2.89461455130107
4058.0259181945,-2196.79269164782,2.93409671944843
3683.3400414151,-1785.65037199566,2.98155013886093
865.873972286754,-1562.68862835725,2.88506442106011
2863.15960678201,-977.073273988975,3.05919759038868
1315.58152166878,-1581.7776930306,2.89645266749813
3985.10079789791,-1309.12325871974,3.15257043497214
3790.93618763484,-1269.78485284487,3.22794453041435
1534.05807956513,-1045.83966363555,2.66289596500525
862.31629653392,-1659.1777627093,2.66200022990648
2058.51606382124,-1207.53985913336,3.18768204971187
493.57804184806,-1204.80740625583,2.88857997262022
2188.9952342219,-976.972683284568,2.94689307738747
4058.9089600682,-1549.98527747229,2.71740779643053
1608.47297404899,-569.266650873143,2.70552559459174
1303.12080011499,-1398.10451749395,2.54970600762122
3603.96130075305,-1302.93081630263,3.17832893113301
95.3680122611273,-975.580043841993,2.94916027008508
2289.31377755367,-1413.65872525029,2.96426974375755
3984.76610008541,-32.7478935415806,2.90778504660524
2988.11949038753,-1833.55672484019,3.11945740064794
2034.40777008681,-1281.26415703692,2.88033955583632
1005.99654547818,-900.187183586295,2.99020443165708
866.455596728991,-892.078358027655,3.24664003334656
1606.58261451782,-832.735137153227,3.00975871740165
2188.38570817928,-1583.61943925646,3.0042071840571
2424.85028015761,-203.407020616755,2.80270103506087
529.15144187602,-622.290339789788,2.9301765088043
2078.16847771486,-1142.68529925732,2.91647957639909
3365.47528085097,-418.811658763409,3.05792581004143
2751.63169532193,-1818.8961556022,3.52870520678829
2970.81447090525,-1041.2899435152,3.16048111282237
3836.48028167732,-27.8891430895404,2.73451070972544
3448.09697383767,-1062.13666510445,3.04161881445361
2581.39334958335,-1789.87902909919,3.2250593283348
3872.88717903013,-1614.23732266559,3.18002429986305
558.441186098537,-1654.16889189677,2.82291078688186
4029.35588161078,-879.834078636828,3.33290703879021
3106.8500203641,-1565.51221711423,2.74949224781713
1022.81462342951,-740.49923827658,3.28888812004518
3237.50155276728,-117.959596680106,3.17145970601217
1343.01998267777,-682.75761915478,3.33047238485472
3428.24815884927,-1684.45419197656,3.17378376059812
3008.85162583971,-1836.68359713653,3.21484982569176
3781.12104151119,-2073.69582411137,3.20429358669775
2997.1020175418,-1600.66805527475,3.52940012758369
637.355773496672,-794.018784465335,2.85707274527516
632.43171629689,-1350.41085414338,2.82558417054246
1670.05464628057,-790.830690647849,2.5132136036757
3002.8578810799,-925.977289123344,2.93122011200915
1082.03325669633,-1130.11798523435,2.9662824585184
3611.08529750398,-43.49061533248,3.10926143098718
397.52823798069,-1280.05061472888,3.02942428648521
283.861236633259,-459.730226411162,3.10890970687132
601.496404715203,-648.507846437811,3.26076448200523
3292.24808330457,-2060.05361376146,3.10711109954362
3164.74370508747,-887.377605583705,3.02496240000712
2887.41328061194,-53.4033398307378,3.10432383020498
2756.87490599541,-1910.75212621364,3.1996525736078
2254.67149377597,-1605.79564708013,3.09195523324216
3750.37380048019,-15.7065413216896,2.85998552511699
544.258161665795,-431.141596314662,3.3019394099032
3780.24961015852,-1048.33380418186,3.19980784515615
407.442899436273,-1702.29831340927,2.87247727151514
2004.28819139671,-1235.51375787092,3.53532226846773
3337.22026539112,-1132.22208456801,3.83382265615548
1200.37550060747,-1602.07760797181,3.50158617551843
3208.59792124533,-862.188795415274,4.0282197086617
386.343589631802,-380.683132078052,3.86405685175279
1093.37725832591,-1625.45441329432,4.11557624368038
1204.32923206792,-1708.89984650451,4.04815576385311
1117.34816215203,-1136.30409716377,3.44328064403853
1886.36125981664,-1492.63535900597,4.08683047761773
3659.56034926022,-1058.65116334201,4.15776163818751
1379.96091510127,-1703.43619753624,4.51168597517762
1808.76748848185,-1598.20393093847,4.61602966375318
2300.03320622509,-1174.11836947276,4.40821528761955
1306.71441062644,-961.14123496723,4.33102063552538
1394.61280680572,-886.671327322905,4.67169425671624
3990.008161221,-1261.98632298612,5.54050310534502
NA,NA,NA
3718.67093954706,-437.4056013499,2.86105031017299
658.90816386128,-1361.94639532707,3.01772850106021
3723.89641969677,-1157.07375071225,2.90495095205397
814.737206153015,-1228.12080105398,3.07454945218397
975.429865564818,-674.951142136949,2.95276677531713
2464.20547064862,-2062.26607759808,2.76175144283068
1156.98118860202,-1715.00823536093,3.01304932855531
1978.59975320148,-795.980263319634,2.99442752402497
4029.89331045141,-1083.76004867236,2.94144789741458
1194.43428915864,-497.168219137714,2.87092123956694
2594.62466856153,-1857.7157127322,3.00305190997773
760.384388041338,-597.989457690441,3.01557115182611
1609.06473360593,-1399.41776713345,3.0166478594866
4001.16518799442,-1042.0900459098,2.97762739939939
2419.15811276611,-2015.06121072681,2.98147376657034
3489.9791228751,-734.094948669928,2.89706940987214
3982.61193888954,-866.499199255646,2.97036255119249
221.968278126303,-1372.7588833987,2.81724867570862
1082.34029156344,-17.3164454989126,2.89021754589399
1248.65577819861,-1075.6360691639,2.99971146856362
2570.50997185336,-21.0072748904372,3.06147619899887
1978.44148998527,-872.758936358702,2.90525018822781
2574.32535554211,-819.931932700204,3.02217053350421
281.939936063019,-1895.89988897312,2.93080236971011
1577.11661512202,-793.176049703643,3.06528310251124
1276.39320372304,-396.702948384354,2.90133549262683
1201.59103379004,-1375.36687290742,2.96001097759867
2811.09316585102,-63.9292374910832,3.05910151179027
1789.04595891399,-322.932118514649,2.93487561596043
3489.40149514892,-1731.80371740349,2.96415610981113
1311.7660091785,-1636.05697942916,2.94622342334863
3428.75824546252,-2116.06824939516,2.94310595271125
2834.64649630848,-959.643362846099,2.86635005981495
3394.1357509075,-1573.9560245785,3.08245746657615
3809.24009791468,-1755.08133468293,2.90685896201607
3480.81543775091,-1452.14260093733,2.92492158281412
3507.62210290676,-1918.97476518588,3.05848208742182
2837.75634425447,-1009.38700353201,3.03923359589661
3119.96144719471,-1685.36462101605,2.97858057304355
2037.38543960365,-1469.3500422921,2.90166954849467
2552.31766686726,-53.2232858546763,3.06969440716233
3128.05293973893,-162.577264476778,3.12298537930948
1767.20175396872,-1952.11856856704,2.9640923182958
3187.38280845764,-1915.11524518304,2.93851292867802
1364.56309787719,-1616.77512614614,2.94924950809949
1080.811652679,-548.675388373964,3.03825097481609
3272.61239352608,-17.8183049404111,3.03675948372233
3369.77463543422,-1215.67753554487,3.01648138684944
1849.37422083702,-340.918370984077,3.28585536440675
1049.06179570508,-2166.66320298646,2.92198087422296
1045.77467805583,-481.159843921561,3.08705132149762
1214.77671017172,-1891.85402821537,2.93714185297508
3438.63986992726,-1253.6278075234,2.98575613081236
324.895726123046,-1909.655252328,2.88795732433266
2994.9091853994,-1627.33167543616,2.87908153519133
4029.27616785007,-1793.95735456612,2.99827682069421
2492.23775234455,-695.463035437625,2.83152935069889
2628.64311029768,-1572.94674753335,3.04954651287353
2058.38311970497,-161.629484674442,2.92114506887595
1234.71242657233,-1693.19986297429,2.99404601860634
2760.11199172185,-136.419402405205,2.96428867292484
1720.67565932429,-1963.42328725216,2.98327026087735
2551.97369413423,-1415.76714226911,3.05450524145647
2214.68794423689,-397.061072640521,3.0359939398537
1033.46870142911,-1267.48349823602,2.91989431932294
3488.56772315674,-1313.21953647255,2.84775421881012
3223.63596212242,-1406.79294956711,3.00101953577019
2714.68340029957,-1450.50870969422,3.1292077126474
1671.32721861854,-1367.87281050102,2.94066793373365
3888.50028222175,-1842.06390962259,2.96892898117031
2618.14407842172,-155.591936034997,2.99533284528687
309.421025383728,-2041.99170456956,3.01886263493595
3793.8384166356,-908.463350294531,3.02355173609423
1357.04637772547,-1463.71150490692,3.01886614498859
1266.69027989679,-1630.10820735971,3.01125921943848
579.658895591672,-443.637010807757,3.02894196829123
3393.60302383158,-1697.827461716,2.95905599059563
1743.19612970637,-1806.26825385609,3.00209317729117
2866.94547338007,-1592.82060533455,3.07050477590445
339.83794845454,-976.927493122319,2.99978348767655
3352.07705007633,-906.938559132848,3.02190300768731
3254.70984718611,-311.962226178558,3.09009998799309
2259.37581315486,-472.82285659246,3.04589181949139
2465.18428798851,-782.672637895806,3.05072556167696
805.074561386193,-308.793161417056,2.99979512443134
1211.84822126316,-628.822269599717,2.90253381589174
1888.02580631634,-2111.44550162228,2.93758342158814
100.514110019696,-812.708316625035,3.08846560264861
1933.65189610862,-91.6130419187686,2.91384760490505
1611.41449068134,-180.870996958543,2.83585469153215
3370.38336517242,-585.158407719186,2.96211032939404
1153.84066518751,-620.36971360014,3.05309221074409
3286.30627547189,-1507.23230969525,2.98399715894806
280.865048099967,-750.193326663144,2.99502001307563
795.06970065865,-411.038774019955,2.81967424646955
1489.57734492159,-1955.38388144749,2.96830590059639
820.762266580826,-2204.03135363452,3.00558114190809
1761.74117847018,-727.936152529976,3.113546489435
3601.07109848878,-1733.35276747019,3.02976570242262
625.017367473965,-58.8011986369768,3.07357832902375
843.943714079576,-1970.09351702035,2.96283100985424
1903.33935842133,-109.585513817402,2.97514928823028
2328.44737145233,-295.558567934192,3.04064006152971
809.080634992599,-1445.34054257332,2.94093785581893
3214.23451537609,-2124.59395690034,3.07993196292108
395.100758628983,-2098.67465781082,3.10540710865714
2565.84096642957,-2207.36907521842,3.07480512819421
4009.68524762771,-525.785255022175,3.04984171715465
331.238491027259,-141.145500692986,3.05824147731396
1736.20381486923,-1543.90992200426,3.05911702240255
1488.32546243766,-431.085778997937,3.07109678811049
2168.68686437265,-450.540240133862,3.09855732071232
2391.50970577967,-1035.09648488884,2.96025180079814
194.449977661874,-957.348461044715,2.95146614690047
3640.32754903879,-361.309643720356,2.92422030514535
3979.03773272469,-1852.71147533241,3.00803024236182
2154.27110123983,-2086.80107831331,3.09592222813419
1530.22695830868,-1136.29952993767,3.12538971726438
414.361638650377,-1512.61319487598,3.02124504902401
4011.0951721396,-1695.69591167608,2.90761252553541
1858.82783764804,-1424.28754378988,2.92035701063882
1660.65350038538,-577.365162815977,3.16328431651578
431.875271829089,-1478.77613656905,3.1275991081046
2063.01230967735,-126.362630732534,3.18118188993902
2887.82563488232,-1308.93903969623,2.95144036591317
807.870295737366,-150.992028321082,2.96195768951714
2162.47518100534,-539.286418307784,3.08844118810577
2677.39216821641,-494.739246801613,3.03757842827534
1456.47436322245,-1324.7559701298,3.07059331704177
3054.91818999728,-932.483607540003,3.16654082525645
3840.40521895674,-1313.89801854646,3.06279971499305
3387.93097700451,-68.831411882194,3.1270087968761
2566.51390004745,-606.640337386185,3.11389226729425
2402.98393093318,-412.365163973175,2.97833029124685
2216.10396423959,-1340.99207488829,2.99979750168085
2638.12391014772,-41.874549170001,3.13977950971634
962.338993869129,-1059.51022811919,3.10090284323738
3661.50284609226,-2195.50536088995,3.14942628937845
76.8061388603031,-348.129371593047,3.12440765347109
2903.8177136271,-491.298027067689,3.15771648816269
3421.21603729195,-241.858957098732,3.0361401524546
3230.50103668298,-1095.3648604613,3.05860365567844
1507.07919488472,-1414.73540881797,3.01423276129853
3196.0013309154,-1592.49719288204,3.02731736018917
744.574461031714,-1965.71911388169,3.06324909077197
1708.34721094554,-1625.88203652197,3.05700233995473
1290.93163734496,-993.222718716762,3.20402573156465
1914.26306963364,-652.567096303894,3.07189783775844
1272.91178482704,-1800.0997135535,3.08414925856139
3064.65528947832,-700.501079174338,3.05247918187535
2495.14129536786,-449.431755756513,2.98879821245922
1390.55711814566,-679.695136163324,3.09149274659568
1280.71105744953,-358.59145179325,2.92438158674978
1723.23601223864,-1806.6092382875,2.97639819870881
984.835246282925,-1751.36963550254,3.07171786047412
261.170639947314,-758.829936184853,3.16820303784528
1016.78451707544,-455.499179007909,3.01485555459635
3478.67150792943,-596.642931351018,3.02243347063005
3885.71640499215,-1488.32108838709,3.04365194969261
3915.32434199661,-257.192223617802,3.13421392663538
1054.23685395568,-32.5572083205899,2.98070247231802
1433.99022035986,-1929.09263039585,3.02111547466931
1841.56622342418,-2067.74840813506,2.89114933431363
3393.68339309173,-2208.22985777656,3.08490368243351
2868.80203538084,-1638.66197681589,3.05394523781597
1809.24447386992,-87.4279107246697,3.02877394398734
600.131165607728,-266.97297588284,3.06925696781065
3198.87541406199,-1544.90396386096,3.08966133441085
479.860990005218,-355.503520790942,2.99980013130591
2987.0316762748,-1294.43292553144,3.09822462327004
2290.2117024774,-167.304006937262,3.09309204747161
3597.50708898944,-338.117414370315,3.13513233004504
1368.00695475159,-1701.3030109072,3.05687066239869
2187.57955544529,-1572.54846538673,3.1383101104329
684.80599466305,-941.083153177189,2.80837167790868
1726.09264588941,-1727.40772324681,2.98672269128919
677.313772399099,-1553.3259872267,3.11010003331588
3901.68592731045,-874.656956312583,3.08806973002499
1975.89988987546,-1488.40100336338,3.14826027040995
2653.79689305607,-2144.68703320197,3.00616496193719
1568.38483415139,-1720.42442662962,3.05884890543462
3250.08341532934,-181.307055938369,3.12584480381879
3875.31788655384,-1068.55961425579,3.19459681965912
1429.54985522776,-2179.36508180468,3.10584798613546
2887.3804777014,-167.303157983474,3.06941714692756
2463.93457069367,-881.01142693772,3.13062216617951
716.766184779074,-1822.66271664472,3.08601481217057
3332.40036909733,-614.811768408193,3.04955403033069
3048.80872648491,-1328.71995542619,3.02466683068217
774.525423995375,-2035.72536393689,3.04293910131523
3303.03517315253,-1089.78067005229,3.08168463758917
760.472888053416,-487.303722615497,2.97552981788953
3558.55295523989,-1871.31365545675,2.95180331664249
3545.28592542736,-451.529989762271,3.26246137639617
3287.99760535369,-1031.68800618026,3.06357663148388
575.507054526283,-1931.87952621272,2.91656518470059
2572.2295652115,-243.949528207873,3.01236535078559
1768.1329179156,-1886.86839155198,3.12700480745501
1650.6813204195,-963.108614896225,3.15501164040292
2431.29811433198,-1955.47165620456,2.95353377147142
3253.62146407823,-1295.58466788075,3.21374269796647
81.2360135545001,-403.469924861942,3.05160373102912
1766.95861544018,-1492.61539016492,3.07103508466
1827.10244654218,-191.641978217617,3.09638663524492
1833.06535000278,-1845.37091334307,3.12930251256669
3598.42111451704,-899.712303652779,3.02196198643483
4014.617596073,-637.39383924243,2.85126659420345
1024.71425822975,-515.971425278871,3.1231897339853
2624.16907732154,-2212.02052071964,3.02385831856915
2605.88578184447,-223.411899418015,3.17504791293044
1508.90066498415,-1772.13231615832,3.12743435541818
3040.63415941022,-1856.4334589103,3.08820526798465
1994.83772767547,-524.806195030758,3.15506823590678
2497.89205880502,-874.393953882256,3.06525890215103
3122.03659698062,-742.565612654081,3.13111721103173
1465.50916402811,-841.688907669864,3.11023086386792
1174.53641989227,-1381.36283710275,3.13407904964958
1482.81634828771,-1461.80932807045,2.92997758162952
263.229634577067,-408.480161006421,3.12847618346677
1705.84103947895,-668.484458634364,3.1244584234928
566.49454977263,-1475.10701578429,3.1120363079397
771.264561211898,-899.050862459113,3.11999793809255
108.685048859728,-1435.50666255082,3.14726838204195
2949.49154807951,-151.361205454878,3.2657873950771
1993.9200717561,-1871.43802401287,3.10661216164846
1902.88198945007,-233.979820548604,3.10221926805404
702.744060323313,-742.665561267419,3.09645394766422
2663.95144345674,-936.893573332758,3.09981677407949
3319.36729780963,-531.033806908024,3.14649248193382
1346.20286415193,-899.741729054546,3.0208813643816
2478.48491505253,-639.826191234159,3.01220895196448
2570.08215574246,-1625.1443193218,3.08272469872226
2365.62614184676,-1733.93655139186,3.14086098013106
1394.59618837193,-1607.30190676355,3.18336920239805
1273.90597780991,-329.410958990213,3.08264729557759
440.454367134527,-1574.50546651558,3.10421678750441
2270.27634704077,-1644.91493443673,3.02451819934978
2393.33789888873,-876.147720953801,3.13826010274632
3688.31475194654,-1731.14127165963,3.08111419181108
1426.70712220843,-2048.29185345008,3.1875423146879
3239.48321071596,-2020.47160895658,3.11755377805093
1222.26620382659,-1026.98543079041,3.28889361853017
2169.89871372115,-924.331193211157,3.22699799927784
653.32383642686,-1216.25749827312,3.24776764778887
2467.38151410248,-369.163966940975,3.13947938935114
1929.04030525358,-1559.4901839407,3.07584153740328
820.397234384183,-2004.66213132208,3.13022714265057
2675.23127032134,-1666.25857850963,3.11422458913953
2942.72564268542,-909.584940027641,2.97992368894249
2735.15267659519,-1710.81580333563,3.0714960431212
1926.63804571468,-1331.20592828947,3.09941531721165
2464.56881661648,-178.824896598609,3.08804466096172
2205.12189796381,-454.332247158793,2.99213224843219
4036.63043050725,-1760.59456332616,3.14499551244179
2496.23137646182,-854.691570581403,3.21218663956429
262.692463491291,-809.346931593542,3.17160712270669
2566.58633410232,-917.172624585509,3.10403163987421
2677.06264161537,-673.997156847219,3.21283041069211
252.797988576071,-1471.14891290671,3.29409885681993
3776.1975432337,-653.926801037841,3.09246602105141
1606.10074711253,-301.19031541709,3.33647527776343
1619.35817132617,-2140.90477272566,3.20588120755056
1606.25703199208,-2215.31256146012,3.09220781799207
1486.1650035146,-380.075190078089,3.16163381119205
1763.04451054087,-282.191602268238,3.2192916740004
865.253382643367,-1326.25905547103,3.23828398245211
1827.29097570766,-40.7674703159871,3.05074447295532
1453.66158175167,-1238.13069483505,3.32462189155133
479.42247359435,-1840.06604828426,3.23421211090337
3668.33163388493,-2017.40942464969,3.12152994751315
399.880013527869,-1194.39147416291,3.26998957953806
3488.63356536639,-1342.53610703558,3.24745134467736
3790.75130492308,-489.146785995778,3.06417617454953
966.554755825899,-1430.78653859782,3.11664887538664
3367.36230618291,-297.160484590229,3.2122608527055
3754.45119465949,-1692.05250837293,3.30916824899866
3190.02664636405,-67.5661890228087,3.20265710148951
2255.31609408767,-788.984639909683,3.18620104283309
1397.30342144965,-712.315881578783,3.13521628766915
3655.60200784452,-178.517874142822,3.21499998149247
3569.51747440729,-1362.19365186637,3.07329182540768
1972.91920302945,-946.106054835452,3.13787793879701
3986.49610518179,-1136.97190393111,3.18585292940604
3103.18284099599,-921.733443647576,3.12483780276149
987.199894085459,-998.423903219947,3.2972040103789
773.30362284987,-1339.25421696505,3.12819929109584
1280.27090651444,-1103.14732015579,3.15286158182205
3024.88583784165,-1545.31520999523,3.09448805192642
2564.4119252258,-504.749001167484,3.12982559907731
1858.41592652978,-1954.65731079704,3.08532360346444
2194.83469579506,-797.01024974875,3.19937404095921
675.4636929046,-46.1562156925945,3.26031020720757
3954.6648482647,-917.511986162314,3.17479399120864
3835.54366329048,-465.160785075189,3.27306284263935
2999.70972333547,-662.75455948451,3.16630647501196
4061.93782665413,-624.227941500876,3.14773724840727
1976.74177094703,-14.0713625846164,3.21167721594634
3666.450391874,-309.646147265661,3.09142815222819
2787.30159524256,-208.229409524089,3.25948793218363
2769.63955519457,-1872.15394362092,3.24548721847306
3932.16786508026,-2000.14703945529,3.26226434364309
1344.18628126557,-2013.1615610364,3.27547282076788
1088.38269232218,-365.642911610628,3.2808288387319
343.522665818083,-596.750753049055,3.18039257509023
1912.28592607325,-1794.91137942637,3.21008885712434
934.29890116976,-769.849646465922,3.31034518305574
2746.69481672245,-1451.33156745311,3.40568349898854
2739.44291746491,-337.421730382702,3.20172752024881
2085.49408725392,-1577.88456302095,3.23717381042687
4044.0788181288,-640.525951068766,3.14998326550362
3717.32037167739,-1739.78066077853,3.24884212301913
2187.21538114368,-1670.45824244885,3.05043395109544
472.520527811897,-1399.63196868895,3.23443228451467
1090.19099796221,-2056.9398937808,3.24250492695622
3374.70223058118,-94.4083064423564,3.25647106114998
3469.41893592096,-1348.29037717082,3.12762747187438
3426.90322952787,-2174.88791355539,3.19589293143676
2743.63538883639,-596.855075942041,3.27920783781073
1697.84713762227,-1330.19884543577,3.16240823211609
3160.55297419082,-1936.59227466233,3.31120055601195
3386.38382654205,-468.576423281128,3.2738654217176
149.324450977192,-108.864548764675,3.22018103757003
2613.43127818753,-1978.95625674814,3.25507324209049
877.700111447239,-2087.82652243253,3.35856894460765
1164.92804906875,-897.191976499848,3.33071449367376
3480.16357622272,-895.236853224127,3.03902748582378
3195.60474597237,-829.931070857552,3.25848461381542
1098.33743729833,-1324.84064157132,3.20804772142211
3327.61199190503,-1835.71667663026,3.25212176689654
1962.54402358022,-50.9469421955271,3.12134939010364
2904.79827238432,-746.584680015403,3.19314816204655
308.635643165068,-1533.48614362073,3.17994713729986
1782.09890591702,-490.772340133609,3.25885520230751
1491.43872601471,-1787.78428180595,3.23227657729969
3946.28385357387,-849.246381749484,3.15848464626648
3806.58001634515,-11.6288619340236,3.12575869278822
3621.93515027753,-1565.75656189111,3.21962689401866
2441.88132416958,-2141.12975723087,3.31959252259486
2028.41283754482,-348.900941131923,3.31533919833062
3008.07632235724,-172.507203659762,3.21522033336845
319.43155923438,-101.19288539932,3.31260151568555
544.135532992341,-1278.09951480045,3.35099356069693
999.738935013276,-1700.73867522371,3.15739959342383
2805.05707971616,-810.306831741553,3.2570999436163
2700.8079035179,-190.640859020852,3.35913261075193
869.3160661783,-290.453696073211,3.25854789538351
1455.76118835608,-1746.93286894935,3.27161398038526
3084.83981555494,-1859.62690969682,3.13841820710882
3549.71170107873,-1160.92509330553,3.33763658046471
2533.15416451467,-183.491757811402,3.19754212144988
4051.22866629736,-1621.7629396801,3.20903438687597
826.920202897629,-1916.16261841474,3.40546126727672
2639.62390767428,-898.153708626941,3.15741913232362
1036.33447223276,-1499.03606233076,3.34581739970295
865.72065726537,-260.744502863541,3.1919541437031
3684.73027680773,-2009.286099413,3.2075276162036
3971.78918784743,-620.617846459855,3.2603792235492
3029.24026115164,-1843.64515179125,3.19594177757522
2795.45418776334,-2118.544143673,3.31186046003632
3221.49717165868,-1829.05857382531,3.30497686617441
1074.9910999401,-1289.67567442974,3.37138823481954
1881.45065869181,-36.3360895829037,3.34405951695773
2514.00960811478,-3.34582478515032,3.42343104989538
1509.29532506479,-900.819780637677,3.28916528505578
300.805045475985,-1947.04317961162,3.27187345753981
2337.51256451192,-68.2180984723478,3.44262307282322
893.593085983133,-1981.29960929185,3.22729553968055
3429.91602555874,-985.125654184797,3.17142432025963
2183.15049920007,-2050.02883632513,3.2426879258566
3700.35637469395,-1881.74641197577,3.2452542641872
1478.14975134901,-1969.77244116976,3.20305937355055
2493.83418089412,-1484.56680296301,3.28265376438443
1988.95230819794,-1510.69674635694,3.43496033793811
875.939262727618,-1147.91748915148,3.34865469552795
3555.42856577696,-1342.00215069311,3.37778931467665
1091.86895299946,-1511.96408959418,3.39460151130757
2925.98939689569,-307.401452474737,3.28807380878792
131.891154819565,-391.04295750302,3.41989679296643
2395.90416575337,-285.225431168651,3.38776226849518
2179.41099200421,-1420.5760451316,3.24815695904129
109.635387818209,-1504.47178125606,3.44778556768481
3793.60936633055,-1029.34561202572,3.21835141118139
3953.24507981113,-878.053220900017,3.18497504933989
3299.50719973227,-915.371639053565,3.35233339094539
2347.1933151864,-714.004302095643,3.36388972018441
2359.5878173306,-1862.76979516411,3.2270741714943
2144.90173644834,-629.159747104583,3.14898965191907
76.8045572220438,-489.320707578313,3.40026479189955
3575.45797824488,-1192.05965393125,3.31144214004102
1901.58924238715,-65.6351126625634,3.31738557503732
3617.5284192418,-1513.71017574318,3.34087823041994
2052.05504521399,-353.891503261852,3.29390788476078
1355.26495868895,-1319.88607316877,3.34521402823174
2325.94156801811,-1808.26724191669,3.29196905863853
434.114144163152,-1364.84278769956,3.4311581936822
1472.59300022824,-901.65868112701,3.25829261068719
1133.47680043906,-1225.6881570976,3.28805746573996
3164.59599377531,-1764.57509778743,3.39272141738117
3185.23956610073,-1870.72797591525,3.19941951151386
1044.8078607379,-709.957085247854,3.41213599121247
3190.29520983322,-1432.96818389539,3.37262270621564
2217.71202136135,-1684.85588804642,3.18577258509358
171.20947639747,-770.309543369552,3.33918238051648
2744.3891755633,-1642.48489495193,3.48770604808979
3260.11301681905,-67.2334864188738,3.35045864178962
1163.4356791178,-1144.8829997413,3.39717062432289
2927.55217545519,-745.760494226376,3.34168305515769
3241.55898625532,-795.176758791202,3.35751520979245
261.615105526441,-1354.14767597591,3.44931451779377
1778.07172322753,-2098.4474008697,3.19298044682202
2114.77620688069,-1140.18448887641,3.38649348486378
1986.16454261596,-1654.3482528098,3.37202173755987
3932.65518322964,-1451.94186184277,3.27442635428869
3910.59131107737,-1267.51424107233,3.39550518088648
1688.85928083672,-773.085855412369,3.33146762525545
3032.5090345569,-188.626507601646,3.36410368039472
2166.97668868513,-1105.8672459028,3.30910833792506
2626.44324831011,-1617.74974723713,3.32821766740286
1989.54663630928,-2176.54701577281,3.37885518917682
434.697549546652,-1739.8338911686,3.3495246132418
747.487912027998,-1888.644194919,3.42222745207986
1701.30067884555,-1480.76299718802,3.31656368064216
1150.81543561164,-1003.93388732681,3.47180445989978
1301.55802543006,-1049.52886443123,3.42083900854827
2424.77313495685,-652.162622904678,3.17387297374989
3413.67807296846,-1788.81085025687,3.41070114835509
2316.42197229844,-87.6110807114466,3.42841798330958
2087.19574167072,-249.213935898327,3.31939153065563
2638.13569259799,-679.760612576725,3.42876531383137
3379.68435084594,-1530.20251236096,3.32196421654196
2370.80353267792,-1679.72640145592,3.36632020647717
2787.48429016303,-886.586870205772,3.49030688410943
2923.68857589631,-2213.84749644999,3.41257816633144
1828.93284697263,-2000.81526196575,3.36485216022035
1470.33175742726,-868.251902637769,3.3461607502756
1790.81991431696,-683.52980014598,3.39606181597454
483.918571557675,-613.321679110195,3.44018080641308
3491.07278079753,-1207.15063688608,3.43483500073609
1954.38912367606,-1444.4803414562,3.46279508896677
524.268796279842,-196.319595802892,3.36091747718807
3664.17143790101,-2127.8469810844,3.3734240536911
295.391025588285,-347.484521671045,3.42100160249184
3689.97018430059,-614.808712498374,3.40303359089127
3167.87392033858,-680.714455789637,3.49839843081504
3428.23848502717,-1202.22925342018,3.4146903878582
2215.46886781601,-597.262859079511,3.32714975843451
2126.99158865596,-232.274381864482,3.44647798606284
2678.83713787679,-104.228225567171,3.52845677773499
2180.38263517018,-4.95847719295591,3.50714438171286
3157.10498429889,-561.213881811594,3.50196687198221
175.44319419541,-46.2834277097832,3.49373741325139
3277.79173081318,-1549.35287858966,3.50891264961937
994.170698414094,-531.337234960009,3.5656464621722
3203.4559480833,-278.909659932404,3.54038063067276
939.721843036409,-2142.07017932485,3.52198983086349
2953.11844805767,-566.708398563678,3.59401441130734
1881.43076862748,-1340.97878300188,3.56256695220607
3577.31858321486,-543.835241338956,3.56371988692453
3635.28814036829,-1085.28833992766,3.60606687392289
3037.1855229404,-850.333498206791,3.50770847205736
1686.99075727255,-874.281006607317,3.55267703456309
327.040594277833,-680.210766020019,3.52530446176731
2825.18165472796,-2098.06627192248,3.58707862795452
3803.66089530338,-741.23061794117,3.56276311769215
2468.05023609508,-2017.26577875743,3.50810826217745
3725.92127061188,-611.787681260771,3.56369931570736
1812.61740915362,-516.630066030792,3.49741610799556
3095.54114277508,-1452.59822525111,3.3501047883637
153.110532279034,-166.693660042521,3.52615405604496
2789.05857209878,-827.457368725318,3.57113624455705
3087.53300663909,-34.4167666349002,3.60406674730309
2066.90179821098,-679.215366657554,3.48948368730896
668.767614065408,-1452.0589654056,3.65558375220939
2825.67821978315,-1099.10713657739,3.55558715124089
2348.85351381375,-117.864312848166,3.38369703230654
3633.69855857407,-2193.71957444025,3.45020260667734
3296.9804598834,-2133.65806663308,3.42844976778914
3179.86607863607,-99.8788628530761,3.6215845720757
2381.85936520289,-164.129881042205,3.73657103971711
2285.16641997358,-561.692596726382,3.41684923076339
273.157942042972,-10.7526391530971,3.62512175815726
2347.63777595023,-1414.68586992024,3.55828920179193
3282.82554200292,-1757.95031350077,3.69484580110885
2564.40541423121,-2027.46488108211,3.60465865023023
2316.19415416414,-1963.92755150447,3.47040613927048
1252.14092595643,-1726.42975051122,3.53163042757014
1838.96308195904,-1363.50739736734,3.50772846627411
3843.56514103919,-1671.69891422433,3.59095304206185
3476.19612946114,-1031.1667281415,3.53840955346951
1876.38077756486,-1379.43992587212,3.63991382772465
3352.56196283347,-2201.32543611285,3.56294114898046
310.688800298355,-1335.90897308372,3.58203976203776
1942.3623729764,-607.875266932525,3.46341094906553
1490.74922488644,-170.885262937753,3.33428058315822
2993.2373785876,-1442.9104315334,3.65543848444998
4043.04037265789,-2056.61164394339,3.68542361780662
1310.34938821966,-452.005552334889,3.57057228268642
1682.01741306089,-2162.4525793351,3.51858618233943
1534.20773224492,-2126.97164031771,3.69968421666634
191.828067926087,-885.68174030339,3.4890068648118
2474.70603757647,-2116.62910671603,3.58929990584308
1783.5490229343,-784.9033476406,3.52967083251497
1837.75334876287,-602.977735193564,3.64023729277806
519.582656779635,-1554.09884996913,3.65642408601316
2725.9210985972,-280.82095665407,3.55869257319359
2355.35527714268,-392.811552576062,3.59887250833969
1279.53050581058,-160.662952968026,3.68874384913914
2827.28494602315,-1198.59492660196,3.43355328143251
2138.02369235456,-1289.59040208417,3.73316190646312
560.872399082703,-1911.26209372867,3.67400794360618
2055.37304227406,-1824.84819894761,3.69800591427664
2836.6455813574,-1583.35793092524,3.68804984544082
2966.26346821342,-2081.68304257924,3.70455259963152
1184.24892203128,-9.31589068828536,3.66140081343574
2295.86373741472,-1087.09337844963,3.69336174056149
826.710357560818,-822.622727594569,3.77097112663426
2545.8606081867,-2155.77369923538,3.72690064422798
67.1089728896034,-1516.75407306244,3.31666188068746
3893.72520146727,-461.90392125209,3.76370481494273
2837.78469372364,-706.085456229642,3.71391251468328
3723.7097205713,-685.835468764761,3.64782406529501
1215.76946955363,-197.624340032704,3.66198898581611
103.116379609351,-1323.72309383106,3.7538694330067
996.798626003548,-1164.57056051573,3.64623338277995
2379.73740730906,-1352.6977343951,3.81979314448107
3254.70249682966,-1130.6653975568,3.72192555478704
2998.03053664463,-1673.54311994077,3.87129040924404
2280.64682595057,-298.01472833014,3.79441770270967
1001.87841644674,-898.121888456131,3.80408999794118
1514.44543120689,-1730.67421960926,3.77223782170057
3130.40810873612,-1995.5939043987,3.83140598030548
3735.05214446915,-302.691127464161,3.84146089497618
320.155731297074,-1729.5649290296,3.86166198168512
1867.61012464502,-1997.62349255273,3.88814326671732
547.053487328812,-846.184286863925,3.94328729654789
373.931997067972,0.167690794727507,3.91187266910193
572.899319877618,-162.720240509823,3.84932091954022
3062.00558945761,-757.583162724793,3.82828713486002
2701.73149605241,-2039.31666033013,3.93303526219905
165.822762883126,-303.848955785927,3.87969744705595
1362.17468244184,-1039.68010906241,3.71916138197048
1595.47833666143,-1327.80028450058,3.94243838087471
353.347899470433,-762.918525449016,3.80929443384033
3752.68157422779,-1026.595242188,4.01435300079088
2874.03210893347,-9.77668949386297,3.89766394992547
518.447381328692,-120.092579177842,3.90140302868306
2422.73731340576,-1006.28720612149,3.81467289142258
3347.47298117941,-1361.76853136784,3.8302972705999
2809.31059821373,-386.070868602311,3.85200699721881
258.774940360794,-696.536107380624,3.87419010383895
3780.01152224185,-1517.81772518177,3.77781574633771
2459.33945419769,-311.08469026351,3.84405968327413
1090.78989126131,-234.592637666548,3.95908819876842
3017.6010512135,-297.814696306442,4.06742738174612
1946.4942493713,-218.830502586363,3.95792561880742
858.985045830596,-546.327895702615,3.97072898846338
963.928747076592,-269.724254273051,3.86838701150225
100.0763052395,-1095.52502014753,3.95453793510157
751.871146575688,-1131.39539071821,4.06746433521671
3277.47361386143,-186.099722358721,3.93183795224083
2985.26680913927,-19.1190279380669,3.77655633238684
96.3008853503228,-322.579316278837,4.08973811129496
1146.18084935613,-2215.55009795001,3.88907145916023
3261.13491912938,-886.784265612926,3.97831755851438
2597.98956332358,-440.818028741043,3.98787025662267
4003.65173229642,-1313.91756635637,4.02014148413846
994.437447845503,-1879.28575506566,4.07477642693659
2235.75818506296,-1979.1778702724,3.96914266154751
3307.78591522187,-1906.01052430959,4.00589602949457
1760.9270054025,-864.273410451188,4.13765366689492
2941.98422899018,-969.949097710642,4.02767528255919
1572.00689333197,-1083.73740145167,4.08126028070827
3314.74163734022,-246.843602153621,4.08524749400109
281.984747171429,-543.843233578233,4.23826100186146
3084.16184334791,-1952.80421226493,4.16689576390072
199.573874638286,-392.584414285405,4.18134446914002
826.683722817457,-1348.26034762963,4.2027042352606
3763.95486581567,-1434.73640116303,4.13076655201777
1251.7631110507,-1522.26809041807,4.11741094814322
2728.95152064043,-1964.60990274891,4.12107383965469
2438.13223676692,-229.716764802332,4.13225265541126
3459.31059440198,-30.142607418834,4.13503979394371
1238.30074825803,-806.157482601059,4.27416914534486
2589.53959660638,-736.938487081173,4.3138251440178
400.928058968612,-102.916125593365,4.36387161662716
2343.03931686479,-1815.04292318196,4.40253929232268
140.583128372514,-1176.2958456167,4.37539797039987
2535.00105690772,-1932.11012301797,4.28127165329812
455.605883944386,-893.501573566036,4.37853126087545
2105.58097689906,-24.221888158521,4.39409474176657
1264.74691822311,-2158.45299905503,4.27874855675566
3049.6164496787,-831.837858045391,4.39782414100531
2285.76733420429,-348.081805244523,4.44530584421764
1821.14365336283,-2152.27355922303,4.28931481475752
3447.89304626614,-1662.8399431947,4.51966879290675
2484.16965566981,-1320.93639541944,4.59004910272829
2339.07614642302,-668.815387050783,4.44559279023311
3335.33441544636,-681.522906361415,4.47756458163624
199.383487363895,-1263.63333093751,4.38164951579491
1728.96533855311,-1363.82929355432,4.61107292385411
3958.92625174653,-1396.81446956656,4.35811785627395
855.98827215311,-1100.14435497674,4.66598251462405
3042.07199778298,-2079.79170960412,4.50079476489572
2055.61142615443,-1402.34270734981,4.28413362119919
2928.3965786542,-2036.56423632993,4.46892662288584
3137.95894326336,-1084.69309036841,4.71795405623364
525.820417869393,-539.755281919381,4.85005685450119
2572.38283950355,-1609.33308997292,4.69967590042189
2984.73220540804,-2158.68996530636,4.51819645389535
2908.53353433031,-438.140305268584,4.89896523111607
3616.43216001452,-285.355733000576,4.75490346790492
1114.64323644524,-1437.74243624434,4.90703561727425
1556.94286018905,-665.213188150411,4.73332538301236
550.600617652185,-1203.74620060075,4.50374174294069
447.290432120118,-1294.31313488187,4.6494625489643
2180.62546746942,-1871.39854557536,4.8693451288257
2670.99329094898,-2099.57337768635,4.74093296054334
1359.09320041544,-641.495797317893,4.9184082597306
503.636120741509,-2078.01663109075,4.89623229646645
2971.55631145437,-1950.40013337807,5.09736437498308
1936.49986483887,-2185.4999679296,4.76037490966195
1120.01224827877,-1981.02208554721,5.07453179422407
3213.37149746525,-1257.01404657719,4.8012999599981
1681.1589811384,-484.200052922535,5.12189522783356
189.736509195741,-670.614761169354,5.27085233450419
2993.21264867695,-1185.71791181274,5.1314074361676
2895.8545176884,-229.671866019044,5.13410143413352
3454.7213053177,-1338.12057414577,5.42282520848437
3307.46163443395,-473.877088479996,5.17978323804989
1547.88779639369,-1005.77219862355,5.09729774074121
760.78227428182,-317.356049136925,5.42665684907222
700.75477424344,-1667.37322066356,5.48549649577902
1411.98554101524,-1171.18164413141,5.29924880692808
597.909637847095,-1030.40160063736,5.72786994359385
3648.18415301904,-2106.13846938676,5.73619329275421
2619.05908671723,-1077.99970404098,6.14098980456502
3384.38509936987,-217.985766070176,2.80641000586382
3219.84652201529,-110.344271049295,2.69073975703364
2712.64051675707,-650.516519778315,3.14234340011151
502.691543558792,-1898.75648576277,2.97628603436588
2085.98833670906,-2163.16663415598,3.01575300372061
3558.16783471228,-88.9532065611156,2.98307392482544
442.287965618355,-744.32899419495,2.90247953157911
1661.63121135662,-444.668855313468,2.86564606895432
2348.80366076217,-2055.27138444262,3.03825131574363
2983.28860573482,-2031.95285007233,2.83156514531092
2672.09505109133,-923.298080953404,2.93307515559783
386.127785262409,-485.504932698623,3.00249195780462
2638.57949359498,-331.26281417387,2.81885213579631
1804.25507103662,-732.746515710762,2.87949233851281
1584.54813803581,-2064.73877881516,2.89919969337287
2644.02931384361,-363.250556074892,2.71134400364968
182.3878867652,-621.139888685941,2.96584292644232
1724.8414891015,-969.399573389023,3.18867501611169
3084.37191046942,-1087.09662996044,2.7652810100278
2461.84686836212,-153.130473103805,3.32391264075458
2177.30795020233,-1319.10215511025,3.12428201694287
3669.80563072073,-127.975369407517,2.81651586566483
2215.13251621064,-48.0902936514372,2.98573730786246
1706.31057987111,-843.149133741224,2.97504482570119
564.669257914282,-1493.50338630865,3.0662512636124
625.630443580289,-1415.67998517745,2.66570118961061
2681.30638611801,-28.2982714387012,3.06138582986559
3181.48848432683,-1607.75719749848,2.96456976326589
1216.73319556933,-1930.72157635915,2.88039517173035
3749.2875597733,-1730.87108188847,2.75305578413243
503.205840186794,-2160.41947448297,2.98447839192311
1436.45661982999,-1781.21162505168,3.38764965624115
911.241899978421,-188.099805341766,3.12686322593573
1138.19564749835,-292.47954460087,2.78577055695198
2267.17342866942,-495.209309437476,2.71114808114034
3262.20174871139,-363.362738646259,2.99104068388054
2384.26457138644,-303.225708324838,3.19722136034871
1499.19841002036,-1002.14179638467,3.05345266065849
574.925242903624,-214.173753578573,3.05538442000255
1616.25839144199,-1083.79800765676,2.88856094422553
1526.96147782546,-501.68308107289,2.80300910415553
408.336403273828,-1036.77597106989,2.95508158717824
857.371417998298,-423.090633300862,2.78937692594601
1800.28262826205,-199.32597152713,3.18201796176025
1427.77053763261,-81.7134142659896,2.446924105914
1601.59180564415,-598.193136141114,2.91830452993904
3888.25172743045,-1302.6709011489,3.19319906872309
3433.72514113268,-255.317632610429,2.85081732999282
951.079173674158,-444.059094824878,3.06102342187286
3430.68297204104,-289.493468252435,2.95260638671788
2411.85043377496,-688.425629206589,3.07302225032857
2881.57451789511,-469.525422151164,2.80531941554491
817.494882677034,-578.088538959816,3.08562971804103
589.20387402613,-1509.14788337322,2.8828057464665
1460.2952149666,-1714.72385131474,3.04210746852169
3431.02954184885,-819.693250128073,2.95656080608264
1121.42736935023,-966.804758847017,3.03076047905215
4019.4907668183,-63.6050043835807,2.80168625583056
2313.90128134048,-991.817246625393,3.02608270868604
3539.78652939831,-366.765414095846,2.99235916105458
1392.83917086387,-100.772804764718,2.76382204295456
3392.67546914381,-1963.54163881383,2.93720834954931
911.248254689743,-1528.63170155496,2.92643242739089
2017.31659744012,-464.226605308136,3.01343144394008
3179.65517056382,-293.876283230041,2.97471466984983
3507.30252812006,-528.987972414537,3.02077392440185
246.042615209458,-109.814233906577,2.91121721524162
1035.86923229825,-126.742394400585,3.01575617161321
344.738237955929,-523.877780755115,2.9753189723705
3094.10381605017,-1800.47685981753,2.80847177192479
3907.78355789968,-9.9493079930793,2.81285443838591
828.566615032561,-375.280554142735,3.19811116297034
3141.88283020111,-508.169989136223,2.87121658149168
3733.07006684165,-330.564590815035,2.83297789433062
1317.42197347181,-379.464145157885,3.18875173936524
431.260269140618,-1874.92591925496,2.89630511122701
2275.64253778894,-714.966287273384,3.21116816029304
4000.24107446913,-102.516196028471,3.14796827070973
2083.33710431359,-357.491410196045,2.76335378300321
2113.69444993372,-274.328442718143,3.07560665772094
3531.0447236962,-878.650187064756,3.00422447623888
684.67523051813,-83.7426608662745,2.93132105473074
1149.02187186863,-1446.37885992948,2.94727374754114
2800.14642105995,-572.469529855154,2.83302444226635
3607.58358778902,-621.490023019966,2.79635480017374
1634.19341033892,-2133.27506550578,2.96362622455178
3160.67745091034,-298.967227602454,2.70967135326126
666.462906419764,-445.216424288545,2.93036887170944
3359.55188113314,-538.125417548917,2.97291124739271
2160.53391983124,-566.392915345176,2.86848640892661
3042.48671359051,-1644.04749734829,3.06116300115439
2040.81903877156,-76.3982120528222,2.8072931281239
1290.65271107857,-2107.98502469459,2.86480879602149
2765.95994586837,-1939.31030126675,3.01011896067749
2742.19403417258,-1840.49723352604,2.9714529399037
3571.85144239087,-1893.44143270929,2.89556049944001
4062.90702533107,-397.535947234853,3.00499559948365
2589.8870498069,-28.4295783996645,2.82328436357215
487.520677871738,-1472.3256661473,2.89151568248379
2453.34677731718,-200.170260269933,3.07257688348984
1112.46184344453,-214.176563814127,3.18197654811944
2200.14516959831,-1650.60349171796,3.15842237007997
2037.86643638172,-267.15073555005,3.32317896507894
3124.12164210619,-441.554327237722,2.95445679402322
1917.21785707549,-415.821066444445,2.98107197240095
1451.95661895158,-110.514903518498,3.21330293837497
1311.89207282675,-1415.27036877369,2.97991285491504
3210.61673498413,-412.603013351951,2.85685808865181
2017.77061149828,-1694.2775771837,3.05162585041487
2332.89559115627,-2214.25978629658,2.91238167583336
3114.31928885954,-2201.52025283048,2.87365791361662
726.756642239022,-1023.89181626351,3.02749134004406
2978.57705477601,-332.911283789874,2.86909003009741
3528.73671834763,-1671.69538824431,3.29576368467122
986.845585141627,-44.5836007628929,3.27235681391552
350.239660133861,-1452.92480343029,3.08286198172853
1493.99600320524,-1216.52353608109,3.06525994465613
3353.12836123177,-1883.38997962808,2.88803937733079
1128.77398638661,-54.623259789777,2.80559251342367
1208.99126514686,-1082.51901022803,2.9395514976669
174.664156173316,-248.990006415861,2.80229695170829
1334.80523116313,-1651.75545361572,2.99422688991071
400.318696202646,-66.8736361459225,2.70320078676811
1546.26320161938,-239.029616435177,2.78619841658786
1201.24595645601,-96.7852152709727,3.57363795268614
2391.67969881854,-560.657459918742,3.0471643303126
839.022804031363,-192.361730055476,3.17916303551643
2486.060006098,-360.902417380254,2.98135123576573
1572.04271653994,-203.052299054144,2.64533810076371
243.472754123476,-1727.18235752947,3.03938964698123
2023.53154219549,-2205.00415467949,2.85139501500517
578.283368778628,-947.015548036266,3.02065065524133
189.088755572722,-1642.88357914193,2.9336375349771
1309.60068901113,-2119.42871243998,2.69572714580953
1160.68827414874,-169.069998902856,3.14444214524597
1783.71029295927,-1919.09283471899,3.16106733924778
3264.11440296294,-474.371854765728,2.78523963181329
974.733944796313,-1545.78159327468,3.0614716945306
694.284222626762,-823.386241348482,3.17817528091697
1518.78916941419,-404.633873975956,3.13522047084904
2998.67774281837,-1742.31032506977,2.97078969558241
351.44604252149,-263.28197088591,3.14247302979989
2268.01796160229,-183.563939354257,3.06854828001892
2999.92431280818,-80.5735623264474,3.18720780250692
1413.46513163259,-221.920235495791,2.64479233204834
3440.04784220876,-851.062877556672,2.98619341149118
1184.15890886099,-504.731873445341,3.10405376710284
306.199374669336,-20.0965998068611,2.71948720790586
1066.47759959778,-54.2790489436533,3.7853597331165
3298.99433396809,-462.083573406709,2.77321661927288
1858.43356899375,-21.9600079709188,3.08432051377628
3333.61060418986,-639.758933978521,2.85186200450707
338.274251009928,-1587.63943665275,2.84373061837379
2418.049813328,-50.9886026452956,3.33343636043064
1120.12644754258,-2184.62970442152,2.89866069893511
1222.69113029561,-424.439167781593,3.21522956761698
3120.71511306991,-1708.02674105224,3.02029308727973
3334.99252412174,-879.6960706248,2.95116214039862
3098.52862983269,-2107.84296772459,3.02503247497709
955.870286488485,-2122.29558907185,3.09925563423366
3502.68666387148,-906.630894632945,2.90707395624978
548.003481424149,-2124.32194607013,2.97521722738114
2509.62747060942,-439.627991987304,2.83586381259345
3897.55359154006,-366.231790603348,2.93433956455759
3447.54910269993,-467.241697484035,3.02234464625729
3682.04244550576,-496.501209085857,3.09317985339785
3710.9117313414,-2010.92168398667,3.12519582446163
2965.22503976105,-1380.46256078628,2.86739277013203
1097.48177441651,-106.790682730195,2.99489552120326
2497.62174070092,-1929.04554030331,2.92985758486217
901.980000720793,-94.710444881966,2.88252178008772
531.813215141501,-139.0109551948,2.88464667345337
2842.86267388478,-549.612634596936,2.99368558822935
2085.4381565915,-1957.77084562224,2.81155052148713
2603.78343630906,-1949.41927316587,3.04741571798248
164.501697476479,-1531.62915685689,3.17052029859772
624.6654841993,-1400.56863394591,2.97671331722533
362.179671839665,-132.84618713829,3.08152239673847
288.643669140077,-712.074929985374,3.01397090523056
1252.90103042015,-1495.4578098635,3.06394558264564
3044.31700818159,-1957.84333940978,2.94782227030384
1666.03003002158,-144.461295125097,2.92643111719931
1652.36417272737,-61.7391823426,2.98467225969556
1109.04960626809,-1593.28766811895,2.99503795715714
879.848772487372,-105.6857583638,2.81305752558429
236.449501050448,-1792.61298081367,2.98149814674086
83.1912334463814,-64.2034267416767,3.03645804545763
3669.5438257131,-1440.40648996351,3.09667513981399
543.741552028012,-376.272239779979,3.00648640648071
2952.66708906725,-107.012720310461,2.87371764758245
610.657251457927,-429.863831996303,2.96132664331601
2826.58411698482,-10.4560627949541,3.04392995135698
1277.99319562751,-1944.09328856154,2.89739397395015
3870.71189739028,-289.845257227266,3.11771955572154
2159.29302118517,-1589.38561781807,2.98439377212227
71.5727680751157,-2102.03812313183,3.21222547550062
858.775874164545,-1520.72092435589,2.92391756724739
908.474741410614,-83.4615894472112,2.97977424784209
3178.381474787,-460.501639171976,2.99912903778989
1702.51405218603,-100.304740963079,2.99548214700593
104.127671807455,-370.27891083268,3.00982052476555
1783.565303979,-1133.28785632775,2.99266363236423
1977.24452744162,-455.770485777815,2.96357938228284
3269.41092162803,-376.27628792599,2.96022219702392
1305.91088563099,-223.097339501316,2.71899394055344
734.25789821251,-1189.8289782437,3.15163204782334
1278.12517897908,-97.7067099013238,3.02269377871678
3284.79091717122,-864.778482109447,2.94039882274187
1221.707384756,-1550.47310150335,2.97911465193148
363.066328428055,-885.252293751803,2.92438228329115
661.507075830311,-896.269272964874,3.01344465870558
585.890649614318,-1600.51736463761,3.18183487340334
3712.46715163447,-1671.86845505958,2.9093774845381
2420.02662956736,-233.98336932416,3.05705359309143
2804.71007346131,-1961.16854303609,3.06245850387458
1720.05145094944,-1917.25581636189,2.99604806348869
2319.29616854482,-155.957700394776,2.97114668874863
1272.82407647052,-202.074859962723,3.10642859133739
2180.04113277603,-219.03282722328,2.92800577397735
3186.01052097145,-666.089285127506,3.13689765546927
1927.23574394381,-105.965837589192,2.99902181941021
3715.37993209175,-257.625877242914,3.06863110085661
3754.02864455335,-164.293788340055,3.00168066936305
1577.86350664747,-254.817807074255,3.06434021614631
1030.88845883316,-1619.26252746416,2.95186594685909
1054.79619121901,-1574.71793826415,3.06189426915855
3690.45575904819,-21.6825282261398,3.12818619238549
2760.75244235172,-38.7047608207145,3.0057841855139
1385.36140135442,-144.6805621175,3.04475302891812
3105.42057195811,-1976.26503165433,3.11643995365788
1009.94154308947,-1022.32143898414,3.15581979916265
1927.16793409271,-472.338991359487,3.08449108122998
3338.57007754989,-1791.47948339397,3.35896578262941
404.728060980472,-240.419135080584,3.48800925402586
2240.09088653313,-1762.71004837877,3.21789538356795
2549.05610101708,-2139.01221656174,3.18030337677108
1416.3162937049,-1969.46094723684,3.02819002990931
509.768211239411,-1751.9688956706,3.23355557375146
348.690046170027,-275.289737840703,3.00058003493283
1803.20858383466,-1641.19129786682,3.32651434204067
1897.62118162843,-2181.29901034946,3.25828565861163
511.720218945998,-501.768570770799,3.11255370511562
654.243577154128,-428.799203118491,3.1879642257774
867.44974929623,-421.384162261648,3.15550534776234
1057.0688841171,-350.394941531944,3.19645671281192
1363.91863828454,-154.353749717378,2.94324825791011
2022.22066722435,-521.549297673691,3.0500441496517
473.434663363071,-145.859860063727,3.04103286312814
998.889973148101,-248.543345541052,3.15300778905689
1824.51883250652,-137.97509081888,3.08387966555568
1634.40817615353,-299.27571002559,3.0793423151355
1969.5450574479,-1405.74454680996,3.24220281059102
2608.19633876095,-317.954538483781,3.18754025030436
1639.29000518466,-1019.05664459354,3.19633800902217
3610.92004751635,-747.378303650826,3.201181728257
3980.03167463947,-537.77252026388,3.14218064447014
3325.47119020529,-1711.84665179961,3.31877245703922
1312.95804639333,-1603.19157558528,3.29953021292007
1946.12764767539,-1495.47471000615,3.50105820081973
3625.97593041226,-935.168531756073,3.37309890920685
1988.98533492705,-556.149242152775,3.27139765382388
3559.91665099787,-1627.43699679994,3.55484980878066
2994.31281523915,-1644.89919649147,3.60324319650353
1181.34529814696,-1909.9089391567,3.28828758524219
2896.07268142769,-1355.03063563299,3.39754839703127
2605.27926829405,-162.228030630072,3.16451762982505
629.738504226574,-281.2596029478,3.34764890585888
2404.53006234898,-2207.82948568608,3.47715707841041
3687.84159691325,-523.292629819784,3.44390045177427
1942.93968699572,-766.013453472866,3.56931045307198
683.150914862552,-1880.89333119783,3.31549469785714
1835.50824317231,-272.464748222094,3.42260802841858
1689.60509684379,-185.677336375115,3.26521801596203
2790.81809283707,-1378.03680524289,3.38722691210791
2418.06798086574,-2199.64171732932,3.33437964942643
3350.32672829364,-1743.3701338859,3.59695745561256
2529.06469052556,-767.82962503051,3.4015201718747
2815.99066828824,-163.941610035838,3.52107704173647
1887.60914692303,-544.807180417313,3.47784342408742
815.888122630886,-328.68557199515,3.41384941177103
2321.97880540457,-1499.54322658134,3.38892464727305
1514.88192811542,-342.117609124684,3.31277332078635
1452.05624086013,-368.910343095645,3.79412566530524
2565.62672498517,-178.058463004528,3.21679508160854
2965.13248014042,-1476.38338623202,3.50792127511141
1482.0861021578,-317.511370931305,3.47496805575334
1452.30614099425,-268.089891591086,3.68269286785062
310.08221272135,-2207.01125031911,3.74870858259839
1316.53047555511,-1512.92145728174,3.84580459278103
520.402061561985,-303.463405448426,3.77503621380283
1918.37694347223,-177.312517621515,3.74954663957299
1395.32687260319,-345.447007537986,3.98950190695428
1597.5013119672,-1692.33110261664,3.86517755954617
2032.65612816961,-209.39304954374,3.80794101058085
3003.41896537423,-1831.50952152902,3.83009502229796
445.360214013034,-347.305043791023,3.91523838841806
1944.32445010445,-496.237713436021,4.02550352612589
1314.47674948487,-182.356857941458,3.64816320581347
1089.65701200614,-2122.63649681329,3.90510310895242
3433.97289795277,-1833.30234671926,4.04686413726226
1164.22148714985,-1512.94111713693,3.931497375508
363.80598765949,-206.774681639868,3.87365079524288
1527.60668534505,-59.1422778910123,3.75502859294333
437.74863396607,-160.342722200408,3.93735160704838
1032.5156497412,-66.1118721955169,3.75579850436638
1540.96453501996,-1689.26051349456,3.87516681155269
647.513933987779,-178.676214913325,3.82455182354457
2312.10803710043,-521.522469621369,4.15173414528473
951.824156968696,-29.4735000736744,3.83702523848053
2384.54864113321,-1626.26707235067,4.00311155121758
974.805734777788,-63.5366623716084,3.98055486888966
3439.79373737289,-1582.27340092611,4.28953505117984
3887.11408365965,-211.295969427481,3.88637907599325
2754.04378296786,-413.353749406653,4.0783487241631
1875.00686069076,-1631.61866645513,4.06953311058015
622.547204281835,-594.584762809706,4.15210791065955
1313.16029655719,-115.261658817174,4.02255133761243
2961.82267534832,-1937.33503639087,4.31005421031571
3510.36821401901,-480.60805481906,4.23074728262486
1438.2213557513,-1447.73715455589,4.40792267298241
2769.72555514037,-270.430667576787,4.30188885422689
3971.94082213907,-426.757476048035,4.23927272214549
296.719849613949,-1859.96717404847,4.45517376731099
2234.30345329031,-528.174174518377,4.45816317195164
2293.87851853513,-434.770558447808,4.46905695376684
2600.34664055432,-579.866657662426,4.35944948625401
1098.3846243939,-712.330677232431,4.51311140796879
3414.40483657074,-560.310304927833,5.19331198592018
1515.68843668316,-518.999876060142,5.03158722206434
3658.59029186908,-1602.68981171587,5.31528420059747
1708.19950598878,-78.9945785006421,5.26590629160378
2866.09497921442,-452.316952023883,5.30140538952035
3225.91864680669,-286.531047836688,5.44012174828435
1838.90408836472,-1254.3406264086,2.92093353067931
3084.28819544484,-1045.98121674034,2.95905165866665
2804.14961818234,-1260.83079502036,3.04793901878201
489.403995310957,-1792.08956871854,3.16530700771601
1677.17714346603,-494.564414084586,3.25522442790961
697.930253672425,-1702.36209391678,3.26071114280277
3311.60569402558,-2163.72166345292,3.10045235537099
1314.29634524485,-641.610049964904,3.32578637561804
3350.09050258996,-729.218880708791,3.4488050627149
4001.32045465961,-67.2905275311889,3.58953915724141
3363.17132186947,-699.499324851582,3.26386194523132
2584.95197140656,-1676.56913033174,3.43933304079167
743.310449343392,-330.161250751545,3.42529297514891
696.314928240628,-2059.64798695052,3.77136973431666
2317.50868299977,-1547.36369522241,3.13431550503904
1641.46461102243,-2104.29315891152,3.66572580224585
1498.82962302308,-1519.24848130328,3.81008904544027
780.214579921323,-1942.43086940328,3.79022607794162
1668.13944728786,-733.799067441234,3.75189090543421
1686.58067664919,-2024.50816349706,3.85713953377198
1719.19734248854,-514.546285303947,3.92218209043225
1260.69761166821,-1417.99378708574,3.68421988687163
1686.63259210198,-1189.15227993977,3.9854379641658
520.853517082404,-2195.90554565264,3.79717620453925
3773.8021108592,-905.623781226351,3.86295849710015
3915.88262620869,-1176.99916943629,4.07968403640269
1638.9528911614,-2084.75565694311,4.13366492878484
1139.9324398226,-2157.78889320117,4.00033457099684
2280.3468297912,-2200.61539100587,4.12176934295382
2735.76418347343,-2075.83460870684,3.77570967324974
3824.95853607787,-1078.2292260666,4.26918709037929
3706.09092672016,-1554.05774396749,4.35628525630517
2606.94116744229,-1740.32058988411,4.74431085038192
3899.44722467198,-1025.89284367339,4.45605745339987
1873.77801516789,-900.811658016631,4.42150408083362
379.468263177457,-119.536461818407,4.54213089228132
3920.66108115153,-302.292583399105,4.56975886127353
106.587464312598,-524.467869414927,4.63546601203037
2105.97284385378,-1025.88891776097,4.86300864251144
2276.30015020045,-1716.32490043045,4.61664320345111
2032.50252629289,-881.412577211793,5.21953819195135
2314.07334837801,-869.203240867007,5.19756159686984
249.421753747187,-211.397340937846,2.88008538470301
3663.78685069611,-1530.09040537208,2.83633276629957
3042.31104136126,-1463.57655821924,2.79232779473192
3115.03261199854,-1364.09226306781,2.80405855964348
3948.12240362361,-1349.05709851845,3.07261610106336
3961.07530503241,-1447.0752525433,2.89709834511683
2905.0732359094,-912.696903814506,2.95195302503973
3692.78149537771,-62.2429728957731,3.05288619166521
2153.18624418209,-400.759090296978,3.06221772978684
1598.46564385598,-963.986479245685,2.95711245682346
1551.04250748263,-1484.56285376815,2.83794800950454
216.203399467727,-1950.83569547936,2.98771822050167
3305.44879878834,-376.842287889511,2.59533170590164
3775.79893782785,-165.829257437053,3.07795162858426
619.620161686202,-1199.67924495772,3.04742643729554
2374.11967703398,-1160.40726288286,2.88197195107563
2642.24020719392,-1513.16384525809,2.60510559984837
3333.64384756997,-95.4884621773787,2.85723971281231
1586.87083166931,-1596.14910829571,3.01040355260183
3024.6554963616,-1264.16178312874,2.92335057440007
2033.97209287777,-1140.8867596162,3.10336715123584
3483.23863867044,-2166.95863924162,3.06099765038367
1692.25845357086,-1423.90815181693,3.47263617764699
1200.44450538951,-2127.29150016541,3.02962227836492
940.919421677682,-2101.1342582432,2.89018396775787
2522.28832608713,-879.008146842491,2.90906642256682
2925.83185280129,-319.19848589876,3.07934154674451
3877.43337670542,-1115.47175431075,2.95813278155164
3953.1595842349,-2099.12533215847,2.71491856513125
1489.57924071719,-813.267740152417,2.76883779691058
3510.85505806451,-1939.16551860459,2.81140266481849
1027.55906520385,-678.145221320755,2.80640548634956
3832.35335931086,-167.408300670638,2.80804123440951
1224.45699922427,-1608.62365707113,3.04528455739202
1767.93167938395,-1991.45837500858,2.69305464998742
2947.96118652425,-44.7994959953178,2.80125972463249
837.641822882148,-802.871989658684,2.78278316332568
1167.95978000217,-1811.65286044637,3.03830054167022
893.21945886404,-703.88818558484,3.09178619036611
1659.8437298938,-1989.2781558684,3.03448718073969
1294.59210975247,-2034.75059659546,3.13240400537197
625.388538405602,-1785.37341402832,2.9012611130073
1814.02047525979,-1049.94376355555,3.20637956042449
1622.56243896925,-1746.75599613969,2.97330797489782
1171.17682205935,-317.404017001464,3.03459723160003
1118.50753950545,-1716.54804474858,2.78590176171248
1155.28824079154,-1621.85096259879,3.28786446641212
1488.13046996996,-498.82991798167,2.73792526686813
177.367899586723,-2141.38388713421,2.87545733036327
2797.20530061784,-43.6116121985151,3.12954641753917
3142.9273495391,-1776.03912404296,2.87473892939608
3110.17538659644,-1869.96892328857,3.03280982795945
3420.96323986631,-322.526344037722,2.81507067649776
3898.1793479609,-1801.25788686713,2.93623310089226
1172.00789943613,-73.855071851618,3.13496225595818
2405.15905810366,-1543.6606509769,2.98804796214822
2934.07942546605,-1652.07725568385,2.99150495541104
3829.94379961428,-1372.63647651798,3.00921991769762
2269.26329471147,-1400.41358196285,3.5056648437911
628.347161234594,-1932.33357906681,3.02444664128827
2092.24973719691,-640.712787625373,2.96168655440848
3319.12687646575,-1183.91530086997,2.90555436076589
486.720640101184,-1041.85234286675,2.93828350256949
2854.00180895921,-252.184453153465,2.66502587630002
664.685849363004,-2201.35053806496,2.92147683415398
3306.87072985047,-1511.14815511839,2.98794280028139
1322.78527317111,-1449.68436725955,3.13291942433212
946.109327954052,-349.135589056868,3.11291379720153
435.86675615245,-358.968387885762,2.94976361528391
4016.51307834416,-888.232966239128,3.36975652503124
1147.28527259729,-1674.06037643933,3.01537121351935
979.774664229825,-487.676688504047,3.1586829063957
3018.16667275529,-491.236574881693,3.10887663225471
2936.43463116413,-1055.10423383231,2.97830613195231
3823.05922370787,-244.174117096001,3.26722758377818
2880.25927911891,-2067.13332675178,3.204697582174
4061.14155465132,-62.1853801527741,2.69097185040912
1872.63785302496,-347.874013646439,3.02887264038231
1913.30567773403,-1308.10120054244,3.26194980556579
1202.01107973413,-771.047030013789,3.14560710690665
3206.85969724841,-1891.89563829205,3.19020706985366
1401.59138559899,-2197.78785960459,3.20358477249498
1764.70643256112,-1042.8278793197,3.01080298516239
1802.01115857431,-1945.7326594854,2.97301820454511
215.448407188779,-880.145990998155,3.09075707415758
1821.88932785303,-648.277645598062,2.93313268734438
782.289890535661,-590.049910652591,3.09805817077359
3473.50670255996,-1254.86149987105,3.37017235865117
3614.3067957287,-1247.40218565952,3.10532283948907
1806.89565944021,-1384.43964878015,3.00342381448272
1035.83867107677,-1903.66851128061,3.32353397413607
853.43665570329,-835.372035079695,3.0292872421277
690.305307907923,-399.243616952905,3.08531692598814
663.302803403331,-1481.15766018876,2.98595555741066
2350.21398303949,-1960.89043636785,2.84490462885473
4000.16095305884,-726.169211089166,3.07387231340349
2922.75558480005,-1942.08414239576,2.96263027635247
1241.60241561978,-1086.64887999059,3.01643699879539
591.415598559903,-1841.30180068575,3.10432325328733
440.292583806455,-1994.16741016238,2.82728567555936
3811.16834620803,-240.976642736681,2.72451994901835
1854.86280251845,-37.7045312687129,2.87947849535419
714.996876490135,-553.562082508631,2.93206362730768
907.7842334839,-750.76648214176,2.98287852454694
2234.05083421939,-549.18656168179,2.93588610732109
777.03360697637,-45.2980003191597,2.79194044657192
1837.68397360574,-57.7245828249444,2.82279052882531
1548.44721893402,-619.622676702799,3.09567711178772
2230.54493277831,-1239.61493298899,2.78359336689899
379.193495682962,-1068.81065411451,2.97961788113306
1568.97475540112,-1339.67116580683,2.8186561398087
1120.83622135125,-1813.55699363641,2.95410207932902
962.125036460648,-1209.44950480976,3.01693663596308
230.308113570035,-607.531982946997,3.1407125952129
1551.29426022216,-927.575376545195,2.91259505104763
2652.32757448057,-441.693989147964,2.79002452538872
1342.41139302844,-1610.24862566502,3.15756508120131
2504.53150125252,-1777.95975724259,3.09366623138998
3955.27997269186,-289.852780751927,3.34388431912319
756.597185233201,-978.629859177692,2.98321426512854
2106.94802709102,-810.36690780381,2.89681997431393
435.672997994328,-668.558965503069,2.98021060057768
1683.74285515408,-215.2904429196,3.18910343020737
1432.52425797796,-1871.03029743236,3.13676007447413
1387.81688299403,-1425.06169664621,3.74582803229874
3091.92784428049,-478.704654761428,3.1892944596961
2730.73689307355,-804.624076058006,3.07246391126326
2974.34786560585,-1409.08876072416,3.18979555993621
1467.16545149635,-1364.9204600727,2.96299636519278
1556.74669835935,-1222.29263201117,3.26477536460584
1750.9857550238,-58.9381274706606,2.82390099288594
4011.45332181251,-124.772310239808,3.07202181682737
3523.56575629679,-271.717127135951,3.05025507779554
3498.50019812324,-947.814754028905,3.17347947256385
1236.09152845236,-256.717086568602,3.05368965352303
2074.71471912896,-770.282860347574,3.03501106493174
1883.73653245636,-1047.67415297256,3.1423110193736
3246.68516353875,-1785.67703751724,3.57012799521794
233.134290944813,-822.901748171991,3.2195197607934
711.102015216212,-389.539603891834,3.11223044395634
3149.92808212465,-823.04795067653,3.07613170144561
3693.92047455468,-2084.05179379309,2.94916378691988
1026.27112076699,-2042.241082376,2.88998560238742
3389.05291146531,-1100.09181785957,3.31414890371799
2223.97886949008,-982.611493060536,2.61796189854178
1397.97203964761,-2163.73699510224,3.15725728535972
541.550451464362,-1354.10105417401,3.01982580649021
3712.05189419004,-474.229869183059,3.26782472468225
1560.14292589196,-1283.40717143462,3.03384996897247
1883.81758140534,-1797.61966036406,3.19586178405931
1220.77543658942,-1314.80570413028,3.29543424000537
177.133018052149,-2115.89049262496,3.17969576224021
2921.41175722197,-1462.00853351982,3.24517281444117
2632.62059536381,-298.502046191105,2.97197984988637
2974.61143165202,-476.949124919692,3.2586730394143
393.592912910856,-1647.44246004235,2.71832562802023
752.665614413729,-1836.37885182808,3.02277387186204
2419.78008404741,-348.361058588561,2.98297706808761
3693.33949194782,-588.540277003273,3.1019931039665
503.200507447459,-1416.42631322407,3.12802062263622
1252.83988049457,-95.9089435510286,3.16450868940094
3093.16301156271,-1249.53459108804,3.15331046517945
4050.7669233737,-1375.34137803177,3.42059235700007
3179.11182368163,-1657.04179307873,3.11743567484706
3970.02273634354,-1127.46963428966,3.11980365401447
466.884002198226,-720.797455703761,3.13218866102555
217.465820128774,-20.8208981882099,3.45440152825929
2102.47556840667,-116.020519005727,2.88153729476928
3073.40042157228,-1764.3489327462,3.0474630912098
1311.6414015499,-1299.4837972469,3.32044310703454
3982.26696557218,-957.693228875818,3.06869851242782
1570.30929591528,-922.821332094993,2.96626361213819
2580.43360896503,-331.973723448133,3.34889101087696
3118.11744564774,-219.733275953749,2.80786043275899
1109.58686332828,-1573.85533050642,3.00243032697461
587.288726064685,-1732.14633831181,3.22614404572375
2781.33957245636,-1547.74898077239,3.14599046643409
3631.16309077405,-1966.43766097593,3.03642313451203
931.554059070193,-1767.57982618546,3.00724333031577
4002.49029246091,-259.310433117996,2.83908975585319
3929.76326381205,-1688.81039631808,3.09679543869469
363.635949053131,-1310.73388192583,3.18562119151735
3224.75030816955,-140.107536393658,3.0012916835224
3850.01249822501,-1603.65147889797,3.37868727005341
2067.22293567268,-580.522953766095,3.11907981043837
1085.56920600897,-820.086265912945,2.96189789212536
2153.1635148127,-1077.83545170179,3.38131046631796
1381.16431372661,-1224.42072473034,3.12562865852112
1404.81834178331,-490.893289049504,3.05627039428934
3140.66469511902,-1548.10363313004,3.01510581588251
810.466611986379,-2143.34340538207,3.08095957106391
2061.56223055817,-200.733285388473,2.99914400717247
1992.01911227704,-750.099495081224,3.14366006930784
3248.33346901077,-1880.56379773395,2.8421313634584
1389.85024322799,-741.248325715037,3.04630581398959
1310.47102854851,-1324.87151965312,3.24955109521537
1531.15879477586,-885.730630005031,2.99007161262696
1683.7435568816,-580.806954770804,2.99055100253421
2012.65964777108,-2127.42114801565,3.47427869478362
2935.35319582886,-508.839466941256,3.21115399043967
2857.58297837048,-1182.88126363865,3.17255107150754
2502.38668727578,-1545.59575604764,3.22212839164304
367.493436610481,-31.3168388764723,2.94167309887067
439.735222117214,-1107.81470920979,3.05594639508572
2319.4599471384,-826.528186116476,3.03208818684507
1629.39692238939,-785.646788544074,2.70251748522659
1464.32637478564,-691.831399305495,3.38557665051772
2947.40317967318,-493.823440599531,3.57487418832042
3351.88726579094,-1189.46249192149,3.46314033802518
1147.71216491469,-152.032472880714,3.03750879884635
1789.57698658883,-452.804991634105,3.22857733016724
2633.96596314599,-781.750603684569,3.71074484606956
1895.36934893939,-27.6014946388157,3.17430761104777
2243.68933793449,-1529.71555842498,3.22495860702447
3648.13475059069,-1870.92748731451,3.16156097318858
1021.55264228267,-2117.19174690993,3.29846936764346
949.551934818119,-1657.44801668,3.32792898071358
87.9957539157367,-1369.46900588952,3.28250584145215
367.115886280916,-1523.52298691406,3.3164992453654
967.888921866477,-149.372961282987,3.20079243812103
1921.3711728863,-1138.09536840176,3.57179504592776
493.155159814891,-674.557906369188,3.45822820493135
2074.60621763855,-528.381277936138,3.30416348277616
1976.31516360035,-512.929762777242,3.50365403506555
3225.1724612899,-1373.39794140403,3.13423113576182
3601.40032058825,-401.61957047597,3.36248834896128
2010.00955548449,-1502.11111203857,3.05869343072344
905.182719525799,-232.102423877241,3.49075082819565
3250.25870157281,-1891.6505039068,3.3829136476618
2746.56783767597,-1741.34709378504,3.27996544253369
952.052622613875,-1901.14901050198,3.31608732226098
867.401375932994,-144.628048486204,3.45261023451701
2974.64538974316,-402.320212674563,3.38198267526082
3103.27967257793,-2156.58884555735,3.25717210269932
3442.34777666784,-1756.92852585752,3.39172830348251
951.69251730001,-1234.12310228168,3.24662953888234
1734.47329298083,-957.467381558375,3.32046422544675
992.000814525013,-1833.76980469599,3.363751091615
654.412062633462,-399.455866904283,3.31921890905282
1376.33804603923,-1962.21274111452,3.16796296612798
2732.89080289644,-1572.61997997824,3.19200438737833
3617.4846023689,-1713.09814041968,3.31091439466903
1590.28567713155,-1147.47517911818,3.33828993804779
2691.37143002377,-478.178135862529,3.26471905135263
3884.31521830216,-527.916687426673,3.07640482938786
3465.23581467314,-1382.7945147389,3.26573062857775
457.60114513741,-271.855848469175,3.37639092730656
3061.79190020267,-46.78427144006,3.32212993337923
2030.59380259705,-888.049261840234,3.19148109665485
1050.42966690816,-443.472222847415,3.4070191200696
2138.10400051101,-665.346328702673,3.37286903809928
1931.57904186144,-2153.99186172737,3.44657592882159
2687.25853304015,-270.961870596783,3.35569995980487
3203.01277627925,-1516.13076874699,3.14444027549773
647.959366193525,-1915.95738049305,2.96681374830571
1638.63399583422,-273.152233424851,3.378252860028
3263.58193618173,-133.471531179933,3.69198515099115
3318.94561608227,-1615.90986746077,3.28522709177958
3837.20241035018,-1651.5205375634,3.57377164915773
3493.21015598086,-1828.66291159319,3.10062157289251
3750.03649787098,-1081.1006329774,3.43514200231707
2428.11330400925,-577.620469055683,3.38554744141169
2009.39168586214,-2049.63036114798,3.469352285598
1122.14308438236,-550.034660292018,3.40444184122431
837.611239929092,-1020.89022342063,3.25022576519662
362.168318526756,-268.263247908436,3.17854205763656
1886.80887775609,-1254.21336454294,3.47986936964278
3941.37079084778,-992.469272516192,3.26081641486638
2701.31448369168,-695.156918425443,3.7069754322867
1265.5578146599,-867.105477014855,3.55586850777366
2787.86094555636,-523.587978499056,3.2079055073138
3615.21124066333,-1769.41769286177,3.26727874444255
1939.1145037392,-1390.63840057286,3.59997129974773
1205.58155239769,-1166.84594387603,3.31834952295705
3652.70920958624,-1662.23634239926,3.5873208786226
319.212398773574,-1981.3162643916,3.59643918460707
3609.37650026127,-1415.4224949574,3.62493723780515
4046.79016534927,-1048.28036720227,3.53984525508777
3478.58840246828,-1463.83018303165,3.66729028576905
524.247810206116,-411.224804384924,3.40662793968464
2008.66568792456,-953.093046946694,3.91839878194534
3338.68995190022,-768.85411650075,3.18699328075435
232.573768377009,-535.388434291688,3.3624800914264
1431.51117809853,-1268.26594988184,3.41782036334717
2618.91557043156,-51.2357906762566,3.23639757866601
3129.90511870088,-1395.15393402826,3.24599300112721
2909.99946130039,-1786.05638241287,3.55958525987448
1058.42897309388,-1676.05907876376,3.55344875623155
3175.4040036786,-1387.27682720707,3.58536427279185
589.105823658748,-77.2978702515007,3.13622356234269
417.637973015867,-581.664675333568,3.57691443230944
1838.80070622122,-753.069380825751,3.36760958480614
3748.62931221328,-396.12719333954,3.6095354734999
3682.66939979038,-1323.59522399977,3.4062845369364
1389.72775052182,-1155.03860006861,3.47487304491517
325.424619796887,-634.351469893556,3.70951661481902
3860.95854997792,-1428.30995834925,3.60856386657791
3248.0882894257,-1966.05152494157,3.4472749257879
1398.32945637858,-179.381946775275,3.50849625741689
3712.51413635573,-1983.28419236733,3.85722644291394
3607.97301811311,-1189.42981832161,3.8031438024236
2182.07751386122,-597.4455443576,3.62374743504149
1011.39035047384,-2206.13818744686,3.72690935004799
2731.22976072096,-640.09510671174,3.318093148927
2230.30454017259,-1806.78537729517,3.54694918469354
3045.9067834422,-264.464697381715,3.63800008046811
2956.37865216864,-882.52295826058,3.39699454289283
3744.19457539669,-1781.30201254564,3.46990890644823
2988.34374273247,-920.483069583325,3.37961963255307
3752.63956763347,-1348.96075867007,3.87429586214449
2275.71872089902,-885.10328661003,3.69035134739676
1962.8332341626,-1998.59282829831,3.63682880422249
2246.80286304828,-203.521383903784,3.63025644492981
983.1957974738,-2157.9616851841,3.70184558764969
1560.80543027851,-321.193578900996,3.49671082156877
3301.77394562869,-1694.91976796837,3.78349259469815
2847.45281622871,-904.242071497724,3.70562009731348
2596.23137185367,-1864.14354938095,3.77063013856377
3017.24157683301,-1005.08200477432,3.48791007748803
3841.2098703226,-969.953258641823,3.6722492732744
2503.14693224173,-301.045683144924,3.40672197610912
2028.55186564548,-1570.04997320859,3.43698051538603
3894.63870605934,-1467.20018302107,3.89945907501764
2916.27481964832,-888.770359733516,3.54799901216069
2043.57625380266,-2099.03993222991,3.67755271537832
2000.56382022253,-646.671931648992,3.62080095204257
2251.56714574062,-1193.27166464957,3.51435449443226
163.789079895021,-1064.45882145936,3.84934152786829
1780.55906598484,-238.6542464242,3.81768116508504
2302.44716932526,-2059.3105066819,3.62186062475825
2393.17005341848,-376.704659661993,3.9964537006001
321.984405888678,-946.180441990896,3.74655287956026
1761.38855317775,-387.63320821082,3.64204392274672
998.734100970247,-418.15017191982,3.70211662729326
1808.39881325804,-1302.52668568148,3.67528119328532
2396.02261264107,-1421.44739067613,3.59905040030817
1528.54036114681,-967.221827703782,3.58808474495671
1638.21755323567,-1197.08745721826,3.64774110867796
3061.87317327233,-1357.4629894062,3.68030464778857
3131.18999275643,-1291.95801216569,3.64542197481236
1175.7956228602,-729.758966710641,3.57674563112991
2440.45967645108,-428.380559406562,3.80770950801068
3913.78303273479,-2186.06141836576,4.06036453949076
1657.76423401064,-1656.40241703318,3.99286224384367
2105.15270521898,-2100.10525103711,3.51226241050167
3229.68507190763,-188.322790819628,3.76983005863841
357.381394342117,-2059.43619876536,3.49661468076347
168.041179811161,-1996.50294877943,3.80994238355031
3115.24362184922,-2075.92779593676,3.83329827890874
1934.44338155997,-721.321755792654,3.66796097152095
2091.63775081939,-1753.74970929691,3.77646019307672
1366.73068239969,-214.116066789446,3.95248507378579
886.718958594688,-876.019518604997,4.0819238009845
1765.54150227831,-347.426607125708,3.69305421224841
1994.17646392582,-1813.44551915101,3.91402008774381
2211.02955011593,-1298.95521917983,3.65517727846444
1806.60839332833,-1669.34824729619,3.79042165551117
2149.36891311891,-1469.98241203923,3.85360689093438
633.163945248849,-730.993223234242,3.77969846347066
2993.94653516523,-1870.15645272913,3.79560987984997
2022.81239600349,-683.688417799571,4.04319983401144
1199.74100333276,-921.850620201576,3.80837628849825
217.235283892389,-134.468841365738,3.81400269185082
987.296701871643,-671.071665976767,3.98102895948737
3973.38462534294,-1803.54164191228,3.93777363491005
1740.64285951851,-1674.0629801381,4.36858079201862
2908.87987562962,-2119.62028029611,3.85218802610674
3310.94386124376,-1008.67949352673,4.08996534912856
266.702773195445,-229.024296863188,3.86874908570466
1924.4099934364,-346.431958427426,3.96680562224461
2157.88330410415,-918.889813950439,4.04515395059677
2497.38025700969,-465.288052161676,3.86750501131333
802.401115038193,-925.019519991489,3.93447749302702
1838.39433377503,-1875.12023110045,3.97590909155206
3997.0975075756,-828.869597603296,3.94151505232881
2611.50159051099,-1810.25250728142,4.03729861553313
2188.83754018135,-1364.22436616841,4.01972454731251
825.96520050489,-1787.87592772573,4.23864573693825
731.925899545599,-1902.29770741282,4.15964046050505
3624.10897130785,-1374.14423046784,4.22757672605725
1341.14836916666,-2004.97597277048,4.23327580092246
337.129558488281,-1426.74352888168,4.46100992818068
2006.89792383101,-437.585470051158,4.34523288519244
974.700459646104,-370.893784141312,4.06466599403693
1047.32862348125,-182.688115554934,4.21401150539748
2100.61056619271,-1917.99300848215,4.28662235018692
3523.35295290491,-558.9594096282,4.27800151266946
256.06991493889,-1021.92074620958,4.26523397598058
2280.61181533211,-1359.54708029101,3.91927005857311
3711.58841470029,-1182.9177689838,4.50098777017023
1749.62551226977,-1234.45766593931,4.54498443354584
2558.83194411981,-2104.1761340541,4.83989013107589
274.275313057456,-1199.47973648188,4.98771462374813
1242.02864068599,-441.741040609147,4.67794984270567
3680.39795975644,-980.105243210711,4.78335584117823
712.486827415249,-645.837870526364,4.62611517527692
926.178298942339,-1993.22537526057,5.0733367085139
1347.22473154726,-1729.84217912751,4.73085266538277
257.752511709349,-1313.79005789119,4.78675867878976
458.668256820977,-1956.98913716323,4.7201315055435
2894.59732035954,-1415.10109131312,5.00499847406984
2951.03615413627,-1606.13595993937,5.05994899001299
1173.95123144291,-1818.25424547602,4.94755138399121
1671.03753022162,-1487.66203009933,5.03031515599063
651.545801338763,-1446.57938065643,5.33226617595025
3317.94015122206,-553.322002764241,5.60693027098725
1721.5093854685,-1098.79684554124,2.95411455602674
1108.08644660343,-981.298678233086,2.7079705492947
2548.40450281887,-1866.54274389199,3.15628325654433
1019.13981095732,-1549.07466490568,3.01211082643181
532.038383730348,-1319.86877374495,2.81363004802153
1453.18580793632,-608.876953068893,3.05098749208665
853.611172089407,-1131.18031386983,2.69702703757691
2961.09862581152,-693.180301034954,3.11994754006754
1589.85503014627,-591.347982772543,3.10023988014911
2140.90660787804,-1095.09118540226,3.04733685710261
1257.97448280542,-564.89255677474,3.02077257728106
570.175005440598,-389.042954312339,3.40256754540995
110.575958139416,-334.187057098797,3.20111519549708
1762.26590684623,-552.854888690564,2.99335791236168
2357.13824959394,-1721.72611641487,3.42110061398492
1655.78703248319,-603.435315286434,3.32896455306054
110.471370862918,-49.7919721796893,3.24876954861625
111.615981505298,-449.531388196142,3.41414681572119
195.971004688203,-547.56787585859,3.53127473625015
359.852871903675,-472.643673508329,3.51570874175589
829.795465107206,-1230.80683816911,3.62572501531248
831.123255260061,-965.099529278314,3.58518625371404
932.272069911438,-822.970126751383,3.72709043445899
1490.01882829608,-875.18217734745,3.90885037996197
2121.58584880023,-508.129464173138,4.54650845175621
2207.62484107915,-411.559533933126,4.47192919946894
1881.88281013503,-1710.42739451973,3.00125562806545
895.327682701659,-732.815945589831,2.8705469800343
770.437307285497,-2098.22166994312,3.2755523064579
1849.24616898723,-1087.45212267309,2.96557043511423
854.857171738021,-1877.09885636571,2.74745205217933
574.076187833276,-640.066460008278,2.94918108423728
2647.614504186,-1803.75489013352,3.26830203188553
1490.41126428794,-1181.70652816561,2.70639792858225
2106.72278583711,-2211.72899137961,3.07009354805323
3648.95751153513,-956.085137944897,3.08486828083158
2861.8386283609,-1913.19807199683,3.69546782309265
186.09247636057,-1478.08069411334,2.87344105040872
345.259274646458,-2184.74317573419,3.11587640743433
564.299933633319,-1816.06199689998,3.1049410538213
3657.09472409759,-1776.8109160551,2.84594301628343
3687.50854342389,-1175.31868427066,3.14813750238556
1222.97428590494,-362.260441231868,3.28685132310439
3365.52469519908,-530.036148857801,3.0540898987648
3342.84125123228,-749.240944962105,3.23300591210168
3253.23973385175,-2001.81696323108,3.40508912557914
2768.50471568068,-263.587673511302,3.27560356212566
2474.50158175281,-1723.1494046181,3.56517205687644
1039.23824076497,-1269.10977258692,3.8404946084336
2088.6408904418,-2001.81435082616,3.75901297625959
1980.36222651314,-2066.22071524384,3.64180329879515
3269.62014387419,-79.9380219764989,3.91308422572001
3816.05093475098,-186.01459262209,4.04241042303231
1561.68732584542,-2120.83152836279,4.53498939360054
1671.48465919289,-337.602261239068,4.28516534850943
1716.89843956145,-2170.89325266572,4.78874563059027
3624.59817739787,-1870.94399820828,2.69283543988342
785.068317171398,-182.842427922753,3.32909531176558
607.277031356277,-1143.94178016449,3.00937225656225
2796.11369008522,-966.026963647648,3.13397353847327
3638.49575197712,-977.084248376913,3.47740480786902
635.692600701195,-658.225971687827,3.34687990242484
816.188930998912,-773.055192008952,3.5477854221794
2863.6354858874,-2150.88721634677,3.78887863009527
1135.73041223608,-521.351580360489,2.92780753852889
3075.98806738319,-582.511768061652,2.88481442007001
3278.82875382434,-945.661107501318,2.98824246486274
794.716963567937,-1209.71782377672,2.94224098093956
76.1991593833874,-1458.33882106646,2.81176104042524
1496.16462189121,-1903.99160669892,2.85036322026266
221.09227946352,-397.929914271751,2.80741963340802
879.07261575221,-1862.81466118285,2.99576530787025
3658.81894720909,-1271.15624024252,2.99756671382173
3106.14220482422,-778.850627816999,2.87656399333636
755.802749205434,-1243.7559308619,2.74339080008896
1428.49779787089,-1001.73149437302,2.66737622033374
526.952237190328,-1394.9845946713,2.8239215715516
578.362786953909,-1317.63999631017,2.76893915162575
1888.41044611304,-1580.07112712993,3.02265758485147
3831.81181302673,-2125.79037162626,2.92222257682465
741.859146188083,-1454.40637750218,3.16473842595052
390.786449675367,-1370.72197770307,2.89070020227224
2320.43646887075,-473.494006134231,2.9366764659597
747.911290873271,-843.521480551595,2.81679291403918
1737.65682418692,-1831.49870604792,3.03406314249172
1883.10905183394,-809.373406125224,2.59834298204482
3863.18952490592,-79.9754398474942,2.56972085931724
2668.47240328672,-1725.89679934578,2.76030433359488
3098.70545234952,-262.484631923441,3.17434549793354
1210.84461005537,-1063.96596593733,2.71446595051512
727.208212399775,-1951.09919937636,3.06731894702671
3704.8437512584,-755.836236825026,3.08095972773947
1753.12277612073,-190.972849246369,2.87863296808707
1130.52996229833,-1152.83395621821,2.90937096542273
4011.79972521294,-1096.15709931774,2.73006224395713
2437.97053254874,-838.915577869164,2.92602100629105
1120.83365177859,-357.123030429628,2.8840240763593
1484.44053881031,-2195.62782833148,3.07591349817869
2984.97761316832,-1986.21567661973,2.81730898213164
521.984714607373,-1330.80269534506,3.116261086889
1854.19497040467,-1240.63607945765,3.00010226979928
832.557233547378,-1762.92487783128,3.07548576255594
2339.25436662737,-1313.75712358299,2.80187777533861
1818.43714573446,-1711.85136244376,2.87107605521861
3556.16353019329,-693.184601042689,3.12110831203447
1887.91255462788,-1480.45945579986,2.93447306720286
3345.5167837807,-2056.55890304815,2.81439240059722
2015.16260805799,-1851.5089423243,2.97583936026206
1893.59904744727,-961.696607068912,3.26476245986182
1955.07728820878,-965.787092545969,3.13859489855274
2988.73034055544,-1674.48403787002,3.23250649606421
236.551934992317,-2221.30667714531,2.80832652656501
79.4197989054972,-1040.7104493598,3.16756531926272
1826.60305440865,-76.5872108862006,3.0602531197214
2584.96997469317,-2104.07432613716,2.77008932179364
1740.3233826605,-465.33772871207,3.11675458808631
3859.8382585899,-906.415826761735,3.18381160736547
3501.65463775221,-1794.35557103165,3.29952362235612
2292.75867429411,-1654.10626200893,3.01730970045614
3041.76072843204,-1662.16188967201,3.11702072304755
1141.42379969376,-1346.51820067963,3.02957056158301
256.07992262286,-1112.82809813092,3.46952393511176
71.5364055811815,-724.064750935408,3.22564767732681
552.755591356363,-1769.0382611084,3.27756410633696
3823.99855375863,-1077.56248046122,3.2938637943274
1816.37163530618,-251.477255833447,3.70979416140922
1341.88616903193,-1627.12501286983,3.58724602081267
2409.80936056369,-113.379977301633,3.75847066658913
3639.7891608434,-330.240985922001,4.02707755237713
1493.67601980977,-1731.74466216339,4.05630569946109
1437.44002194245,-2162.07925480014,5.41550274621429
3978.14370866225,-1585.16082095344,3.15480483790693
4061.88396188677,-2194.54579137579,2.86164320045763
3684.04441513937,-1787.71451657737,2.95304565213792
867.241395480913,-1564.42830292317,3.11083744658646
2865.45362170894,-974.600338377605,2.75216971215642
1316.12904208622,-1584.12461868221,3.22771165280143
3985.24154665769,-1310.45421556913,3.17136470608405
3795.25609056809,-1272.31815997243,3.13270090632539
1528.44950812194,-1037.27424218962,2.53987361691429
870.865301763953,-1660.58270952555,3.00045427408528
2055.67318376876,-1205.32984994291,3.25035536264074
490.331427634686,-1202.90236098789,2.78523575095585
2191.02117221095,-972.558560616952,2.94009681457029
4063.79665155505,-1546.72254463673,3.05245569642194
1614.85942602297,-567.616839716171,2.60670147897762
2279.42737276683,-711.700226824997,3.32075585737885
1300.6708635388,-1400.49257222736,2.987227887971
3602.01280929002,-1303.62591068097,3.39709723073946
100.596451176159,-977.500595914963,3.36309366482493
2296.36294282042,-1409.64302419853,3.07164802177435
3983.8002204915,-26.5767380290157,3.29972556535572
2984.80545508053,-1840.54633775248,3.21142122905937
2031.47422995847,-1284.32377407274,2.86615446038711
1010.03662475896,-896.730455363428,2.89680813978297
861.589073682895,-894.426607374724,3.19225081740587
1609.90661534724,-828.235238186082,2.99793189068441
2183.83460929899,-1590.86209521719,3.16440814131333
2421.40612263827,-189.390773535884,2.88898559030223
528.641783954135,-625.599187107566,2.92866788625362
2073.8722036017,-1140.72118880718,2.87902522044671
3364.69411186492,-421.569371481435,2.80777119580167
2749.93818687504,-1812.54165463021,2.64052901487161
2971.0896492186,-1040.60978738572,2.79176886527749
3835.53643386413,-15.461730784079,3.21143596219949
3437.71989336959,-1057.73768883608,3.2736016443368
2583.78308560002,-1790.43131538588,3.35226285189758
3869.79005210297,-1610.52024902861,2.96328323120111
553.506689743532,-1662.51966602139,2.81462823969154
4025.16974916663,-880.279371281567,3.44243022234132
3098.07518106981,-1571.50014120454,2.83768323842286
1025.36845983169,-743.239578900775,2.77983751034139
3241.56207793297,-121.159990221129,2.81896780805469
1340.28245527638,-684.801030838609,3.35198571694431
3436.26536166567,-1687.42934680665,3.06317781310211
3004.12843616121,-1842.65487084188,3.06320217127481
3780.81932612258,-2071.22552564028,3.20313088825414
3000.43579838038,-1603.29130068787,3.44211280231118
639.527660997422,-796.376031671165,3.05610633721182
637.258416881976,-1352.56803989174,2.33706826147153
1667.86357551383,-789.779970446679,3.03253992052604
3002.71164564099,-925.239066760863,2.81918861626131
1080.27730296234,-1126.84251913114,3.17366759144773
3616.49979449831,-43.4510325777861,3.08044551726362
392.727952882594,-1282.41685239854,3.13550820937288
281.15540036708,-458.024934126248,2.97549881257672
606.586937783112,-642.171659583471,2.90006421732122
3287.66691189055,-2055.42990589577,2.91642903706084
3153.82767319883,-886.911593152865,2.86224952003387
2884.82460105426,-46.3551359531569,2.80277852278478
2751.95858354423,-1895.01821685323,3.1881058100679
2249.64258839413,-1603.01471536204,3.04419564152558
3752.40433207304,-13.6066455166214,2.82857882762738
536.673552002092,-412.348087578899,3.11862459287262
3780.88468670701,-1052.43297446387,3.13078949776026
402.018104529489,-1701.13228900468,3.34194679369459
2012.69371089196,-1228.32898095511,3.22538463161523
3341.53283727079,-1121.59399958898,3.86373960573916
1214.7295128536,-1601.56610323153,3.55762252580921
3213.64209049961,-864.876318505911,3.66353199747281
384.74554702517,-380.101719920571,3.84728982800599
1104.86677905136,-1616.59168658447,3.8480954311668
1209.39752483107,-1709.07774710303,3.79144326126437
1128.84517159395,-1153.94843857622,4.60465830527838
1872.16162332426,-1488.68707039432,4.15656425389857
3662.55544586004,-1060.90650482466,4.54718565442616
1373.47228759847,-1680.46679836061,4.41573529289609
1804.54411455179,-1597.153766185,4.55838227889163
2285.9713509972,-1157.79877919824,4.54352549537135
1323.87089089616,-965.313237099552,4.46587550407561
1410.24702894895,-893.674643537977,4.51615083433546
3998.47142288429,-1251.07743593504,5.13740466995723
NA,NA,NA
3718.77182889249,-438.093135206126,3.10225670915273
655.579310527502,-1365.85221835978,2.88656053004782
3721.08499042645,-1156.71475339073,2.92803725002908
816.215534712367,-1224.05411378412,3.19941744221851
976.14517815779,-673.841805501341,2.95638943836452
2470.4771443937,-2062.87762006138,2.7077128312119
1160.38193330124,-1720.06376825862,3.05962850110217
1975.35518853971,-796.144046200476,2.85910349484786
4028.95104641368,-1085.06143621815,3.02102645354609
1195.79896613307,-495.929248805953,2.84518347478933
2595.7993890059,-1859.03622848399,2.99907118369673
757.771342250123,-598.792692758543,2.92022604110214
1608.49723579448,-1400.66268387278,3.013988556472
4002.33108703559,-1042.25177003273,2.92588104202672
2417.42500356639,-2015.40950280051,2.95049243727489
3491.23573361049,-730.112380322413,2.81324071617055
3985.75621888269,-865.994972468363,3.14173703874907
220.592178829962,-1372.47972351691,2.87215654272441
1080.6956372264,-17.1484747506422,2.91208568792949
1249.61033431906,-1074.41113672794,2.95939972123375
2570.72571894677,-20.3496719870378,2.85915606857599
1978.19672185081,-875.700345204817,2.87835258221643
2575.69736111916,-820.027116204174,3.07717565934547
280.7911598836,-1894.78363063781,2.79864746588936
1574.3276105773,-794.250945998287,2.79940431567841
1275.9531168673,-396.675089554738,3.04742458184167
1201.12512447993,-1375.08170984666,2.95514857057006
2810.22432552493,-63.6956879979832,3.0480259539108
1790.63290158005,-319.852376270813,3.01066929891555
3489.02627250331,-1728.03194899424,3.10944154891759
1310.08660405786,-1635.72077598217,2.89499150044221
3426.04120157084,-2114.57213909353,3.0710304853301
2831.69355493144,-961.682245650157,2.89498960113404
3393.43360823548,-1575.12422148799,3.07736560022726
3808.47722088873,-1755.27539873569,2.98007504625485
3477.23174663601,-1450.84406122101,2.81145644396547
3505.85227150519,-1919.50958347698,2.90860360306459
2838.94617656803,-1009.23401764378,3.01073015525282
3119.30092910496,-1684.60712630692,2.98651477815298
2041.0699341025,-1468.89080459275,3.11363755044198
2550.81006856811,-53.9857970615346,3.01373729490492
3127.21649218409,-163.137840915714,3.01442367019557
1766.78585715166,-1950.47117991072,2.96890825380849
3185.80012164636,-1914.38063861663,2.90826316066949
1364.36659965952,-1618.00285148496,2.99361643299389
1081.81697342627,-551.066567549393,3.07493366781754
3272.75541246378,-18.0837631926609,3.05917529942182
3370.03423858208,-1216.11864769433,2.99172813516188
1851.750404955,-339.580987769355,3.08825907752048
1049.22285254936,-2165.0028899005,2.9761046008093
1045.55722872181,-481.195006988098,3.00451399485737
1214.27284474239,-1891.33347361042,3.12556653247338
3438.86336893441,-1256.37217752426,2.95593134822034
324.617629009651,-1910.69019251555,3.01889845186332
2993.70403648226,-1627.99012026116,2.95840606791697
4029.54078228406,-1793.97942730973,3.11030049240796
2494.63832168938,-694.988221098809,3.08515970163507
2629.40956269182,-1574.40373854194,3.17310892103845
2055.85166013221,-163.389861107537,2.98374614811542
1234.28869582134,-1694.08798128212,3.11843593261472
2759.4440606111,-135.703661636041,3.02907294111314
1719.73979659162,-1964.37425619786,3.02836731656603
2553.51272456566,-1414.75486334915,3.00807189719453
2215.21516641749,-396.575352836182,3.02672138208008
1033.03098857656,-1268.29760528008,2.97856954768016
3488.94387255004,-1313.46848974502,2.84349615386512
3222.96117617927,-1405.39687158703,2.93910263305494
2714.09630029985,-1452.52334702343,2.85659511905583
1670.74162363283,-1367.46048311178,2.91927092550665
3887.33422678084,-1842.49894793701,3.06094016750922
2616.19221997182,-156.850736299826,3.01966879432331
308.943397328688,-2043.54563969256,2.96778389880074
3793.98459362066,-907.521569136084,3.03927850813154
1358.64050172434,-1464.49195273571,3.03430911002163
1265.58414118754,-1631.87660523338,2.95810002992402
579.845568278572,-443.766026447043,3.07555113511655
3392.95603162539,-1699.18467646744,2.92039859049724
1745.13928050632,-1806.37789781824,3.08321096221139
2868.00894674836,-1595.06448823879,2.97845908888213
341.982708850089,-977.622096743739,3.03734272405183
3350.8347239114,-905.767614457179,2.90617224856239
3254.5828871485,-312.551501389979,2.90469178994352
2260.92901235762,-473.01857963481,3.10148324585682
2466.52542470118,-782.680065754963,2.88582726919222
804.602045072542,-309.361771530789,3.01576618159014
1212.6994069587,-629.16328742453,3.02068115773291
1887.82933904153,-2113.01000333365,3.0275397885655
100.645148315304,-810.480026112707,2.96339660715458
1933.93334472851,-92.2520264969407,2.95985487445217
1610.97855305287,-181.483801193682,2.92187405920685
3369.0051529687,-585.777043676131,2.88193320205322
1153.66679464742,-617.857925706911,3.08036966133626
3285.16731042342,-1507.70053176979,3.05546022997809
280.841532392739,-752.6762558566,2.9301015166259
796.397916026475,-409.451858291475,2.98761819076572
1488.58011591787,-1954.81064254665,2.96398510548889
822.927353408348,-2204.89978141962,3.00172712879387
1760.9178526026,-729.85315542925,3.07600141689723
3597.09487268399,-1732.39235302629,2.96636440011456
625.493635408448,-58.877319298018,3.11553371110565
845.136506714424,-1970.8610631898,3.04311067922869
1901.31294011777,-106.79961598265,2.89943701729327
2329.12773811783,-298.043022032141,3.01540572299889
809.249325234847,-1446.33452282143,2.82994373552411
3215.68370339802,-2127.2502135709,3.12476704919503
394.423956400229,-2097.5298801864,3.05273861979982
2566.25789537073,-2207.87014001289,2.93621710932691
4010.16304709505,-525.898737633008,2.96182920628458
331.518257235948,-141.204551314301,3.03108047179227
1737.23380665652,-1544.29121221159,3.1131969718231
1486.33052002743,-431.78860821893,3.04414153867207
2166.45681064932,-452.899300503105,3.14918526357156
2390.06001915042,-1035.01022033435,2.97386458971771
193.910280498524,-958.760181671794,2.98401154458449
3639.82373874956,-361.500316382321,3.09106654171467
3980.08536212752,-1853.99374990273,2.978325974662
2152.98632404147,-2086.47361068596,3.02576437072885
1528.75316674268,-1136.74142695978,3.1313232152291
415.841498020466,-1515.12776774847,3.15423071420465
4010.96905679949,-1693.74531728729,2.88677330630298
1859.38904018348,-1427.32250019471,3.06620347540838
1663.51447694457,-578.164782761694,3.18342516613617
430.824273191509,-1479.65816892955,3.00888525304913
2063.52900076534,-126.332874240505,3.02735024345853
2888.67847825536,-1306.77677277202,3.08486771940246
806.862232771308,-150.975507073142,3.01390834938951
2161.168089411,-539.027003038403,3.03304506414797
2675.466435134,-496.691832757957,2.98891565903556
1458.00745988987,-1322.23598818366,3.08239344296906
3055.32855052251,-931.144286135466,3.08123299582803
3841.68120644589,-1314.58873016828,3.0186745576198
3389.4734852448,-70.002846608091,3.09287714124944
2565.21025794976,-607.16613027611,3.16222880478535
2401.89974714079,-411.71018282889,3.05023247783968
2216.41911175746,-1341.43928486156,2.88841895436839
2638.475725691,-41.89921096507,3.19246179290539
963.453346298647,-1060.08931856127,3.02768103950742
3662.59015744453,-2193.59083959682,3.04820230877167
77.3154227616445,-348.137088530023,3.03190647364815
2904.39487173028,-491.002876992842,3.05702896523992
3419.26345343304,-241.159484802882,3.032818257326
3229.97014185101,-1097.05134461666,3.01472377834821
1508.01990276798,-1413.42496712712,3.00677508483177
3198.50196753158,-1594.08607792405,3.03567331953494
746.030434082827,-1967.29190133731,3.02103465673965
1708.8565637959,-1625.49462546363,3.12273783002585
1290.22029176072,-992.405735309836,3.07175816410869
1915.00155337398,-651.809000503129,2.96836176973284
1274.10048526803,-1800.26443200738,3.02113840455255
3062.09951427471,-703.230579544166,3.0960430089361
2495.96261498013,-448.014865814707,2.95555966042581
1389.77363382549,-679.785893880605,3.03311220627882
1280.50655410356,-359.263583737423,3.04020999336439
1724.76810722073,-1805.57065474069,2.99371841132514
985.242847039282,-1750.44190154273,3.01316900281599
263.919480064439,-759.678342250347,3.07183603033536
1015.07881873507,-454.85868284608,3.08856853409463
3477.41057319897,-597.533176813153,3.13235474842057
3885.18689750532,-1490.30542251674,3.02225822991335
3915.11193715815,-258.885207099709,3.05711553659067
1054.81244488443,-31.708707001793,2.91732712124664
1436.11437215318,-1928.96918658066,2.95949616423567
1838.66549650792,-2068.83341052452,2.90106814819924
3393.98369489076,-2205.98521074581,2.9980597779609
2868.72791841431,-1641.18111579258,3.04460834579703
1812.12457447656,-87.9480769149377,3.06909474151719
600.086829874768,-266.407916868963,3.09377882492127
3196.68644238242,-1545.40224022801,3.01193509906673
479.011467227499,-355.256916067316,3.00939899619609
2985.81148448556,-1297.16759210322,3.09898237854294
2291.10478085762,-166.889970930494,3.06323154254768
3596.01631719448,-338.672395482131,3.1301145303513
1367.86619813563,-1700.25361178611,2.99650272833853
2187.89665325812,-1574.2562882943,3.09081387808344
682.950342930902,-940.723742515803,3.06767673083482
1725.75015826105,-1727.71133711343,3.10896103390157
676.890327116951,-1553.37763297467,3.06526709808578
3900.82853694431,-874.994738892859,3.18162130883061
1976.19336448299,-1486.52579280799,3.14490418342939
2653.21933511651,-2146.32924955824,3.05267795004839
1570.1781061813,-1719.88143753131,3.17618598764489
3249.17795563822,-180.835316042756,3.1313005669195
3873.45348484083,-1067.56486458154,3.00582607396658
1428.58315072627,-2180.65764089771,3.15239011385718
2887.14764177247,-166.668536196318,2.9552064113677
2460.06565682058,-880.996566847355,3.16916664183046
716.916610953637,-1822.02695760902,2.98700445303212
3332.79564107155,-617.765155915605,3.00282905968304
3049.44150849484,-1327.99473233801,3.14761309951169
774.587841484325,-2036.1234060829,3.07178780144794
3302.39618095734,-1089.38803476854,2.97462945927231
760.498734019844,-487.380287153327,3.19230017667129
3558.20219906927,-1872.82311008589,2.79737442562107
3541.90473633507,-451.995831393063,3.17171711893807
3289.8349290516,-1031.86884668874,3.17480038387888
576.2102161356,-1931.69723928018,3.0753089046813
2573.55266878293,-241.472939212288,3.17813499277799
1770.92576469922,-1889.22877361699,3.03433369445451
1650.75719385902,-963.717844118721,2.97526225138424
2431.27304614583,-1954.55629227282,2.99110283330799
3254.99371190415,-1296.13965764916,3.07585343290351
81.3482007268284,-403.172167490642,3.01947695220903
1765.64854984812,-1495.20909645202,3.14041768009658
1828.3008806527,-191.348211483809,3.0893838049113
1834.95971082231,-1844.31744121415,3.12087062936364
3597.64826546363,-900.430337406126,3.01221378735253
4016.87068230802,-639.442613572013,3.04396419247451
1026.38763641212,-518.010876719319,3.14747592267558
2624.77005633637,-2208.95320287318,3.26134257031595
2604.44971415259,-222.0941595219,3.11708432905246
1510.52680849899,-1774.42387625583,3.19051772650533
3041.71820589532,-1857.77068031418,3.01627063384421
1996.34573947847,-523.682593875767,3.09673534366797
2498.78732238202,-875.689432086788,3.07287268324152
3124.05667423414,-741.954797270781,3.14225275965728
1466.65463336856,-843.27997179498,3.15425465114257
1174.70102593796,-1378.29272932681,3.13775323161757
1483.40410213871,-1463.06399287065,3.06560970955358
263.608583915464,-407.915922951242,3.08603046753071
1705.93809072317,-668.911562293325,3.10212514881618
565.786967891151,-1473.65054932131,3.11684021508595
770.337639079919,-899.636411953353,3.22024519753386
108.126540295217,-1437.78989879412,3.07534889617393
2951.66349621313,-151.740208764597,3.20002501252689
1994.42834162063,-1870.6661508451,3.15397042582707
1903.24262430484,-234.754649406144,3.05431716456265
700.757598178551,-741.193083609131,3.15425439273759
2661.29625178343,-935.979392580486,3.13874695566088
3317.85987733284,-531.774884081423,3.20960435739711
1349.20238951147,-899.675970540691,3.02523703483603
2479.16203528794,-638.258334015597,3.22416397514417
2569.51967059399,-1625.11873152578,3.02260248029962
2363.73678709255,-1731.41364491785,3.12115954861901
1393.24701515065,-1606.75034272655,3.3292984081789
1275.83615316501,-328.191385574069,3.01934616672869
440.282676275807,-1573.43987300919,3.12653642998968
2265.64272339585,-1645.58247307973,3.18167052566391
2392.4240903793,-875.893969750628,2.99643949776939
3688.94368114866,-1732.16793895623,3.29853958288747
1426.01662876557,-2047.49488719103,3.10728962854537
3238.08787781202,-2016.22923415757,3.03240381953149
1223.06393645697,-1028.52624754514,3.25583260837778
2169.64003401021,-926.029163756733,3.30616745495264
651.428065658663,-1216.14486096794,3.06018756591866
2465.0978340764,-369.753537931781,3.12873339899702
1929.53726968645,-1557.8880962139,3.19784233206708
822.475327407317,-2006.04549598506,3.15664932203174
2675.12413372931,-1664.5149265916,3.13486602524036
2941.48384631897,-911.016092545889,3.09238607793228
2735.02986616443,-1710.78011529225,3.09718751290558
1927.17146208829,-1331.30420026156,3.0942205869198
2464.82465169634,-178.933418095362,3.15891758100216
2205.25662745549,-455.253177087755,3.07877959698735
4034.18976128813,-1761.29008465767,3.12394852658228
2498.00779258999,-852.754859535264,3.1326231149079
263.094223765758,-809.890946995481,3.18897413063923
2564.46361183182,-918.577049633166,3.08929316886511
2677.75717967874,-673.471279902655,3.12368580168165
253.065891940742,-1471.89151531617,3.34457102348178
3775.45739106366,-651.714075383062,2.99245393492001
1605.46112312581,-301.87595243662,3.184390078062
1618.81904060473,-2140.08557471609,3.09673619599791
1609.25498056318,-2216.07348146856,3.10864270326989
1486.76196221043,-380.362180380838,3.07678790952472
1761.24101140799,-283.135298073164,3.11772199263714
868.746439711081,-1327.01741352031,3.11678882021555
1825.81637376659,-41.5702947901698,3.28216998921349
1454.19738701824,-1238.98436955674,3.34559056072921
479.477944401618,-1839.53747723177,3.22614338127965
3666.78183767229,-2018.85797611188,3.04446741619933
399.883756540475,-1192.89055142332,3.10636209268806
3486.7908722494,-1343.44788107091,3.10355674395679
3789.80024034699,-486.966699649459,3.06139026483422
968.049367281572,-1431.80162648566,3.15124147336584
3370.25183209391,-297.043976832114,3.24528609116072
3754.07110908336,-1691.98990920799,3.2755728221739
3191.04506119365,-66.8174712531613,3.19493636847336
2253.6542386335,-787.2255917145,3.14479870315511
1397.38010307792,-713.206021370685,3.18220785467259
3654.64592096902,-179.309215761024,3.10747703004708
3572.60230686373,-1363.6307398351,3.13506415821734
1976.68437165967,-946.293512129333,3.2567599717748
3987.05968467831,-1137.81613037409,3.02362823010842
3101.7105617297,-923.112653785622,3.18628031799452
986.304428657049,-995.890477924681,3.30676161745679
772.558465655467,-1337.40205235371,3.12911120388934
1278.21574254571,-1102.10753583285,3.1327898030364
3026.20182424761,-1546.44267706842,3.12728264088753
2567.09912944721,-505.027003042225,3.00495335618828
1857.0479126796,-1955.67864293566,3.18699096609838
2194.02893125509,-796.460424055961,3.27597488077147
674.11113562362,-45.2290874602108,3.26140703932847
3956.4104098085,-916.181695039475,3.16382036483537
3835.94393916032,-465.626018327393,3.23592169250094
2998.43602605174,-661.417705414878,3.18942124685655
4059.09667765824,-624.326170468667,3.07996592005776
1977.52070337655,-13.149042931481,3.14981232718983
3664.31862131804,-308.50637450318,3.03959449691188
2789.36188389839,-209.289096640465,3.25164957695049
2770.58592300355,-1872.89807330871,3.19477822888052
3933.93651612278,-1997.34513646657,3.1988550770406
1341.38660769053,-2011.0788739437,3.3082100310014
1086.52442346021,-367.985510527854,3.20081365135009
345.740912144178,-595.549968740894,3.12718666143892
1913.21167650374,-1793.46075933217,3.21555132227608
934.982349526774,-772.009420370492,3.20947463393726
2746.69566821237,-1451.9100691245,3.31228871258655
2737.4535608279,-336.842340122514,3.12611897724523
2086.23542593519,-1578.07509848372,3.13916374585017
4042.92272390529,-640.020693989156,3.16351031130713
3717.6637151711,-1737.22801625117,3.21671308093144
2186.31612187364,-1671.21189929085,3.13386219314764
472.30779693698,-1400.53709474587,3.24999714783941
1087.23398877762,-2054.66432262675,3.12850623474278
3373.92548948899,-95.6865828103934,3.27711129608559
3467.88660389894,-1346.48410372604,2.95477403687358
3427.99811641219,-2173.92928316872,3.19101742100246
2744.07538088423,-597.969005639754,3.25521205861948
1698.3231963984,-1331.62614859167,3.06783703117872
3162.90898144215,-1936.6344800836,3.28573875812408
3383.67609267243,-465.45017543385,3.25874860254239
146.636736155674,-104.178506104324,3.06863739288339
2613.07161979801,-1979.81368159003,3.29547868507543
875.975971583187,-2087.94545017311,3.23287496747885
1163.74250392695,-896.056020266532,3.44700356768488
3480.98804516347,-893.598654934046,3.02502724691651
3195.89218155238,-829.946673203562,3.25955501838816
1098.77083523662,-1325.28243019951,3.1195924068494
3328.4590515571,-1837.60981283344,3.29536063455493
1963.04177835933,-50.8802910651935,3.11257688890292
2905.97897515498,-745.732348227341,3.12274495071236
312.928942562824,-1534.3409813062,3.36918602751653
1783.20321772753,-487.635951902727,3.29515181473515
1490.81116850132,-1788.97396538686,3.29865969220546
3947.27811013417,-848.579564873426,3.16814053924997
3805.63445337701,-11.5775576853386,3.16457182703282
3622.47288580195,-1563.63201759609,3.08962555744905
2441.47210698481,-2139.65382874001,3.34076071754393
2029.94980749392,-349.746465398463,3.32253638759313
3009.68244069138,-172.837806056053,3.24958089446035
319.08762888146,-101.719503549141,3.31496205502356
543.928905478491,-1276.60497792467,3.38371862811392
997.329038474751,-1699.23404337701,3.25320757183956
2804.66293407147,-812.109079824533,3.15113556842725
2701.65750366149,-190.016859854424,3.28467529971849
869.388425217615,-292.126136911395,3.2444883154869
1456.3218475392,-1747.50794033414,3.28101523952936
3085.79676976119,-1859.84824656279,3.20451850705528
3548.90995401481,-1158.74644740216,3.39778894611972
2532.89175612588,-183.289421794356,3.25904356714051
4051.96699897835,-1620.76900517114,3.23062753689491
826.11478828647,-1916.97198824018,3.29307497199048
2636.52630301201,-898.980069560763,3.26564324450767
1040.06133676061,-1501.15478521238,3.21855132754143
862.682717590499,-260.415978272934,3.19230331596205
3688.83993745773,-2010.11487904641,3.25002055398589
3969.90520602633,-622.110598143061,3.31559492094005
3027.25568290735,-1843.16020164024,3.21471651480047
2795.69403267357,-2119.05156760013,3.31000473309301
3220.38959769711,-1829.65136758756,3.41688995780192
1075.30132106644,-1291.52391281012,3.37283221604346
1879.84218846073,-38.9576028798906,3.29963835551019
2511.94836756341,-2.22603604710909,3.2814535230058
1509.42231757695,-900.877234219828,3.54376764027865
300.032548131923,-1946.06548120998,3.3785458629279
2335.09895129166,-68.7594954407411,3.36219539502196
892.39309737251,-1980.18102271571,3.27719638333314
3427.54052050749,-985.551976140685,3.22050196678551
2183.72354276207,-2047.75509287164,3.32642947104179
3697.40474393599,-1881.01530391355,3.35511112509175
1476.97295212722,-1969.07226986841,3.13181610789624
2492.61163917959,-1482.73947519376,3.28696732802299
1987.64493498969,-1510.65853671629,3.2991273965857
876.164318954016,-1147.13133685062,3.26690037440652
3556.3537611891,-1343.35793832139,3.3063005673362
1092.05480274489,-1512.73264125211,3.38030898775792
2923.41736438029,-304.424491310906,3.28798406606777
130.231568147186,-390.820726681053,3.3545307391895
2396.92405455781,-284.230385970664,3.33296222828831
2178.17237971517,-1419.88712870689,3.32712881252806
110.109225617261,-1502.49545550951,3.41069204637629
3791.85904993273,-1029.36632545964,3.14785068583623
3952.91794131628,-878.445628690489,3.23353162571475
3302.21712842842,-914.825896258857,3.34432326600897
2350.24635223521,-712.776544241604,3.32074539359644
2359.15207088845,-1862.11134059328,3.27509938543639
2143.91762111634,-629.26227991179,3.28104943407628
78.6075342830427,-490.691047822061,3.40868121224532
3576.66864311185,-1192.29199227045,3.34872674938792
1900.50852887075,-66.8401778115697,3.20813003823309
3616.72791563665,-1512.06729027625,3.25946576137467
2050.1195502491,-352.996933397671,3.31510479128259
1356.42604831533,-1320.63826528538,3.31051740583523
2322.24957023501,-1809.06525546528,3.2926466214227
433.858594914913,-1364.87541086356,3.39070806255737
1474.26847852429,-899.520171262413,3.25589340009957
1134.58171850349,-1225.41896873995,3.27318110232904
3162.046826758,-1765.94988402995,3.38293220127224
3183.46844707045,-1872.54421645638,3.31623196612043
1044.09015997506,-708.675266975737,3.46563682265968
3191.67703706479,-1432.68967948567,3.40702946204267
2217.6013173495,-1684.31116382693,3.28320246013528
172.964444409197,-769.818170219932,3.448704097705
2743.55767725078,-1640.8977808144,3.39474460267522
3259.70552870574,-70.7836517646452,3.28801700690366
1163.93554949846,-1145.45635548457,3.39799184480796
2927.81880451849,-746.38802745809,3.28998630086122
3241.60307117362,-798.040164873005,3.31883735341804
261.739155919019,-1353.94341955473,3.44729949033151
1783.34779982557,-2100.48471021397,3.2459382158674
2113.74728557213,-1137.43275546367,3.34240194208317
1986.365310498,-1650.939296953,3.35986235376169
3932.41419482981,-1450.74436571282,3.33101154946315
3909.4146947874,-1267.29614823781,3.47864897013861
1689.11535723335,-773.27014458244,3.43568689002525
3031.86768584891,-188.71448147755,3.30776594586543
2166.22495893653,-1103.78652471507,3.35621148707043
2628.7680439254,-1618.83449560023,3.34561143733659
1988.40111012733,-2175.92894259128,3.38526792856424
433.33123540741,-1738.76661327808,3.33794185417329
744.526129042699,-1883.89017902376,3.45861668027376
1701.10105326028,-1479.50150710963,3.32653314372734
1155.98690895754,-1000.98908166535,3.29236866413941
1298.19184244461,-1047.0837236104,3.40655581953025
2426.08603879648,-651.858544552807,3.05855445430369
3412.95239806138,-1788.53461794187,3.3378633364053
2314.38196885987,-84.5254494577574,3.34617856636199
2087.08823603456,-250.993191113141,3.53177211268826
2640.53685403118,-679.695863320389,3.45694908700235
3379.94116515034,-1530.47967921964,3.35564217127889
2369.00584885151,-1681.67974011422,3.37058726424347
2786.74753982642,-884.342904145975,3.43591389788798
2921.97377385901,-2210.76766377806,3.38929409547792
1828.78201830126,-2000.74599028411,3.26336045136963
1471.82025035479,-867.799703565353,3.29886166913236
1789.50594805815,-685.515276548855,3.52354209177483
485.822013826775,-612.304210906367,3.46512437371718
3490.15098643457,-1209.15763812435,3.44977753868475
1951.99954928453,-1443.20771566742,3.46816371489801
523.567927951152,-196.893570122556,3.45894910346094
3657.69963142735,-2133.18157516685,3.35009117650836
296.312200463761,-345.426980212377,3.51574615970914
3689.49353746844,-614.117076139048,3.37125889609386
3170.17778624802,-681.627321786563,3.46412789503785
3429.08200242463,-1200.09480815483,3.40666906248085
2217.57432373008,-597.877914688702,3.38207476321523
2126.52392420344,-231.680933829329,3.50063076113047
2679.15696614803,-101.60219575893,3.51576312716306
2182.65854634763,-1.93061438790454,3.55192681440857
3158.13381401312,-561.24781519594,3.4985160091721
176.380486874344,-45.0590502475723,3.48403733383592
3278.98741255163,-1548.26023767913,3.3779700482102
996.959837073261,-531.693503140297,3.52015709718357
3200.13607626945,-279.648537741832,3.57190072260894
941.860160012731,-2142.40578006066,3.479705073896
2952.59988831587,-565.369835023742,3.53615855025627
1880.81562316646,-1340.94398710609,3.45015314447767
3578.54698277373,-544.482703515003,3.57161247446416
3634.19647134602,-1086.5105482643,3.60123380501724
3034.6781432513,-851.968767713816,3.50679019634016
1684.74899653322,-874.771090858108,3.52720448552773
328.117420641562,-681.036159885433,3.37158940680871
2824.33647648651,-2100.35758834775,3.5767293585871
3806.47555722632,-739.182346885742,3.53094592603631
2467.66272295275,-2013.31837703379,3.52378618042068
3726.24906480627,-612.454646577609,3.62623188370993
1812.95972959716,-516.869819176405,3.41800603146046
3095.40227132039,-1457.27521781512,3.36094651333555
151.771236163994,-166.947164964941,3.54991058743979
2790.88156025583,-828.653590653828,3.48556364757111
3088.04784348607,-33.6736705704842,3.72858245058083
2066.20970331175,-680.84629788971,3.49280698082372
665.846843196781,-1452.25796004597,3.48846533192968
2827.40583267971,-1097.94794895,3.51482080870537
2349.07896305066,-117.89004980456,3.39702807081521
3635.05080616485,-2192.87984348294,3.63695843835439
3294.38906045839,-2131.69292135516,3.57462370854088
3182.7227791358,-98.9115557626901,3.67507537800339
2383.69503100646,-160.589402473722,3.63083904342541
2284.00219276074,-562.912302500225,3.25253936798687
276.985949814548,-5.92082539115643,3.57722820969789
2344.08585589713,-1413.9092993918,3.50565072858444
3281.75075641098,-1761.76543289852,3.69336012088245
2563.71817761681,-2027.49212199502,3.6078862912769
2313.32798031646,-1965.73520788772,3.48528835923781
1253.66940052336,-1725.78280285227,3.53466915381104
1836.24274535392,-1358.53892749334,3.62281778882081
3843.0310590407,-1670.08551925564,3.62941975068707
3477.48010003868,-1028.37320811617,3.61683970574417
1874.95711463057,-1379.66360668831,3.5971609483012
3351.44491344681,-2200.48560310851,3.51355040887676
312.592372459486,-1337.67421265871,3.63542873756425
1942.75870756935,-608.541519448101,3.47959538677317
1487.20936635536,-171.526844011139,3.4970296821217
2994.15569382223,-1444.75162930297,3.70091563159718
4045.11166685782,-2059.27868495128,3.6649097122051
1309.95751900761,-455.807059515144,3.52184544144025
1679.9728689386,-2162.70288099405,3.54247785405794
1534.22774484573,-2128.14648590013,3.70979087562834
190.900279834342,-885.743165345308,3.50358047733773
2471.79921296732,-2117.40491620112,3.78909209114812
1783.05291325591,-785.067105222824,3.50296751159449
1836.64909741294,-602.927321902495,3.46075402429811
518.77183278016,-1554.73412399622,3.65011380942544
2727.4416514498,-278.171062802686,3.49749777194
2355.39466339458,-393.798396296666,3.58458591278675
1281.06929902782,-156.652300224787,3.84108792454832
2829.85212007841,-1198.25385265894,3.47624169494863
2139.08620911505,-1293.93751048019,3.74587223738096
560.241325423806,-1910.12954963289,3.56989125837048
2054.80347503445,-1820.08877879107,3.60661664013372
2837.13246736523,-1585.58484259826,3.58550562610709
2964.51861687547,-2083.4078131945,3.72679773151003
1185.00804575233,-7.75924718927693,3.56162967373781
2293.48293987583,-1085.11687688218,3.80277036108404
825.710479224827,-819.542340340521,3.72112572580407
2545.52666035341,-2155.46918703442,3.71125737457454
63.5173660645682,-1516.21523681364,3.36395594619546
3895.70823804934,-466.057481992301,3.84380833334215
2838.96219281788,-711.403436606979,3.69291082641958
3724.187238294,-687.17451166111,3.66873161486123
1216.87261641736,-196.385798615613,3.52866342214426
99.3122887307004,-1325.73838298417,3.75902704258713
998.143134278347,-1166.49872002003,3.83702461387507
2381.10345770457,-1352.78823075443,3.7685800500946
3255.03988021024,-1130.37240453929,3.85634886434776
2999.97564480016,-1674.35264258857,3.89387524293159
2284.27949113444,-298.418526456652,3.83303785106884
1004.72284250887,-897.94037204647,3.766975037648
1513.40801313289,-1732.23931134304,3.84049579594802
3129.86548921914,-1995.9072954919,3.86761344441298
3731.69596615681,-299.69857629959,3.87661193415023
323.857144717773,-1730.86404242005,3.85144299728708
1869.96805331738,-1997.30261164793,4.01751386671955
548.047871586099,-847.817128452604,3.87910614525099
370.198584495835,8.04892957775286,3.89797091621596
570.689027641565,-163.272253780538,3.81171617562379
3061.75981766043,-761.885192323656,3.8639368073755
2701.55701214118,-2038.29466997186,3.92912288882548
167.607295011156,-306.221177036747,3.98188949653841
1361.2167044102,-1040.41885984418,3.82811714593856
1597.29115803259,-1325.33598260586,3.8358205904269
351.593412383124,-761.193160240816,3.77088178158061
3754.13956352108,-1025.39744766627,3.74650124785286
2872.44351438693,-14.6880017833861,3.9653604773272
517.116988666183,-121.163015080007,3.97941672276696
2424.38740826112,-1006.38078659216,3.82750220087724
3345.23168291057,-1355.7892885133,3.78907405850226
2813.8913197463,-386.104433181212,3.86409744746475
257.805817482531,-695.438977135297,3.97671709360174
3779.53399769955,-1519.64907950028,3.76961284440661
2458.98447811133,-313.588964829242,4.00433163358083
1090.0495079333,-233.356671306774,3.9651686419997
3012.56129482312,-292.789215972548,4.02360340632499
1947.68019723269,-220.7677159187,4.00001163354755
855.848889808916,-552.731458025335,3.94763017717098
959.495925888986,-268.950549277232,4.02517358527338
97.2687506799227,-1098.04978943037,3.86239215098392
748.777514097737,-1132.80796992057,4.079076953666
3275.64481777616,-186.783974118479,3.9552469871522
2987.95252859644,-21.3455432985893,3.81195409888848
99.5841701148945,-321.675331730242,4.13631158749808
1149.21645009058,-2215.60454089578,3.90261052196198
3263.9415713486,-886.475360221984,4.05932561070709
2598.55016899619,-437.243523928972,4.02996058873469
3999.11809480337,-1310.62462276354,4.02712775324097
992.818755890566,-1877.71468248586,4.11291142700606
2236.36612445774,-1979.5039376069,4.00089802549081
3309.21626720536,-1906.36722567582,3.99395383169945
1760.90478428346,-863.827721296035,4.06439107792134
2944.98580810727,-976.6166968789,4.06501670344124
1573.38724941779,-1082.05709756183,4.07122751704296
3318.20726773456,-248.896706233764,4.27010363173978
289.406164941637,-543.970392465393,4.22161908675706
3086.2895170345,-1946.3722431699,4.12004178993261
195.863709631345,-397.604717436201,4.19524263158509
829.372486742512,-1346.10888116492,4.17400121500016
3764.03156218167,-1434.38250802991,4.16269918306283
1252.71507256003,-1524.02788942253,4.00473392154724
2730.17023821677,-1964.4754220363,4.24751035217592
2442.96782517584,-231.371256688756,4.22514015795008
3454.44343818252,-28.2778540440694,4.2257995575823
1239.78592904537,-811.063837163006,4.2712703600237
2584.57896142359,-737.160413352003,4.29867531875167
406.517209481058,-104.343593762019,4.21551596551537
2337.94400294409,-1816.86509580665,4.3556624842196
143.939820105397,-1179.62121291496,4.46627990505887
2540.17665299228,-1934.72689104588,4.2099773600557
458.415519081174,-891.418861093124,4.21229981065351
2110.52487232653,-25.1557429013096,4.25560755219936
1262.18370223307,-2159.51817537963,4.38304866446615
3049.52540792503,-827.839891939842,4.30701635318662
2288.35164108988,-354.22116019214,4.35341241790672
1822.02767610954,-2148.98210023893,4.08176957781316
3445.21101592906,-1662.42841606587,4.52695827869165
2487.63654747601,-1321.75222812695,4.4733083824671
2338.78360570782,-671.863918244214,4.4133684393466
3332.26338262134,-681.768031792273,4.53036460515877
200.469814986287,-1263.15970210063,4.43464835526865
1728.98753410807,-1364.16043826355,4.4186786694893
3959.36261472687,-1399.73332066576,4.31601958324156
858.304327027008,-1100.57449190557,4.7041806780743
3047.00114548049,-2081.5824511918,4.53646324150203
2055.24552707922,-1397.03001132985,4.30762394378168
2924.0416083361,-2037.85877751883,4.49739631790644
3138.35083090432,-1093.9649826868,4.76093614027993
524.277079893867,-540.719206171925,4.85503574036543
2571.12642899331,-1608.33864665126,4.71396552004117
2979.00470560032,-2165.06495200106,4.50284875777164
2903.45246662195,-442.137636537469,4.70709697046164
3622.5589065355,-282.904895968301,4.78414876561064
1125.59748896449,-1433.34132318747,4.80868380655996
1554.67825746679,-665.046279220604,4.63375047206305
549.90124194032,-1207.10794006781,4.48616097457228
451.096089322014,-1287.35701223865,4.65114647563161
2175.52319248557,-1879.07205526389,4.85051988526771
2669.30097863389,-2105.30299862293,4.72802991172587
1360.53877001981,-646.36431374097,4.89198060888363
502.859073307247,-2080.67726642682,4.95171575336227
2959.25849622027,-1953.70440185733,5.25029712561014
1933.47259043963,-2186.38854776174,4.8390030767337
1120.28995151019,-1978.60698445699,5.05248427662318
3213.56635429461,-1253.6754827682,4.80470373815914
1680.23308197891,-486.211349974967,5.11910506895273
186.419953252081,-666.986814286721,5.21122961656033
2995.84916876235,-1185.46960631566,5.24724804196106
2891.69594759918,-230.02366636667,5.10451239273693
3455.17216817379,-1330.48175240383,5.4407538175245
3301.34126941081,-467.563093931505,5.18330594090886
1541.91377294831,-997.539762493757,5.13430724559142
751.342855736024,-322.662423284381,5.43479069649895
700.216472325676,-1660.00476104526,5.51745629483173
1416.09416985505,-1173.59473767968,5.42545404521989
596.842839273413,-1020.00285578373,5.69724562754983
3648.04805293226,-2109.16882562524,5.77732513514274
2621.50223193717,-1070.86137796736,6.15319270358853
3379.8564333487,-222.0063234178,2.78226033373455
3213.46594871657,-114.195598954967,3.09722224936926
2711.95714722383,-647.694196681234,2.69573546752253
503.239696834395,-1899.60754331575,2.97425433517275
2090.72275626757,-2162.17092148698,2.94300483781492
3554.34775480892,-87.0470416205843,2.94004039135763
443.577272488172,-746.39011706687,3.17520816905605
1658.16394803097,-446.26446338075,2.92107804753104
2349.23028143787,-2051.34596712613,2.94281024787036
2983.16574829939,-2030.69110943212,2.9353504989076
2666.55974651931,-922.948867621022,3.09985318378042
386.423784975001,-485.937224104447,2.8551853760539
2637.4697427351,-334.146273250199,3.06272799744851
1809.01961209702,-727.867797048105,3.06943246135134
1587.76434057873,-2063.48304020987,2.8476387697921
2644.73997041771,-359.473224244112,2.86239815122845
184.157361869617,-620.846461219245,2.85780636225717
1724.07534067883,-968.278021673954,3.16184445096958
3083.37794650588,-1084.30653744551,2.77059535002751
2457.62648632581,-157.320558177157,3.3275944077854
2176.30683526397,-1317.04643861241,2.99917986211667
3674.90225713153,-118.882845069481,3.36893279079482
2214.70060383812,-47.5318467790894,3.051003347118
1704.15121124076,-841.853308241489,2.88446698426994
561.435969318436,-1490.71515505902,2.96369027942454
631.306427177892,-1413.39361506016,3.20426373625426
2687.17023900161,-36.159489032195,2.97660335231243
3178.68430216545,-1604.64835451569,3.15724996762501
1217.0560355991,-1931.67814107961,2.83603156538341
3746.49887901146,-1724.40938546519,2.82820269154222
503.40181435879,-2158.36991072286,2.9682577802988
1434.20196904325,-1780.36026657668,3.18621647725341
908.932973554511,-196.271032689232,3.24131258717035
1141.90762756129,-299.423304392892,2.89857559041255
2270.79832332361,-494.766045428157,2.9852841807622
3263.27505633599,-362.060192863016,2.84763577083247
2381.30904871646,-300.498560030053,2.78855107543468
1498.46492816869,-1003.80001019742,2.99342687860366
583.829916184991,-205.875487140128,2.70808063243186
1615.68433992247,-1084.13447330668,2.91227535648457
1525.94122124145,-504.278590531641,2.66738201205333
410.718688212979,-1037.88157704853,2.8913927505747
851.732078620282,-431.163176191009,2.99752153299253
1802.42977445853,-201.65177728438,3.01381164132514
1428.12966167124,-78.2015181317198,2.80565071421416
1601.50865265234,-598.201281242759,2.93001635908824
3889.72814226009,-1305.67436692305,3.0849227114796
3431.31410808785,-253.654555692735,2.99455405558575
951.698007099313,-440.717904059364,2.85694664609765
3431.90503094937,-293.758546520821,3.27321062779374
2407.12569797977,-694.052279634775,3.05793353955607
2877.1657358285,-471.725126443564,2.593875155194
816.279258597753,-577.835373471764,3.06269444147383
591.822156116343,-1504.39852116111,2.89111201325734
1463.06408113125,-1713.14062988133,3.17915164689809
3427.81999247239,-821.346931999136,2.89734396346505
1120.58557613463,-967.481026055151,2.84360470066211
4019.72424015596,-62.6529029008999,3.07274224235737
2314.31308279285,-991.140464343944,2.9640638921049
3537.46445167992,-362.543544161199,2.98915694742814
1396.67499251901,-99.0052136379172,2.88557656878195
3395.75578983949,-1965.51914472738,2.88172291521135
910.332012635997,-1531.46558815975,2.92954490856584
2016.46488816464,-462.080257316974,3.29682996219334
3178.38537756619,-294.680340110789,2.88449903146081
3509.10841972296,-524.195759772636,2.71543829532977
245.053343101285,-116.956891906539,3.15628641893926
1038.85316797139,-127.594093781641,2.81150005311006
347.079873205139,-524.226685037562,2.86437335307064
3093.5431107652,-1797.63287457865,2.61755368229105
3908.49727020212,-10.1291014895131,3.12827478707281
830.39960334852,-376.079781505712,3.05240410993938
3140.55255349901,-505.488860749758,2.89776282763749
3726.99629373544,-336.897592161469,2.97166391817252
1319.8810678403,-383.09610100299,3.23358496487372
431.592670300028,-1873.47386268963,2.92829836562621
2276.1988853216,-723.081818818631,3.19642207856912
4001.96662371148,-100.347177781045,3.10090898368203
2083.20443889297,-352.646261751155,3.52489292477471
2116.37515607501,-273.953761655848,3.27144986558785
3533.19195292215,-879.641245276607,2.79751888156609
686.962727624634,-81.8977124527391,2.98478183669842
1147.36171362886,-1448.12998293395,2.96849842419573
2796.19290157483,-576.014510402688,3.01818653477467
3610.46088932684,-624.128570679196,3.10914268471328
1632.45832568517,-2136.17197533801,2.9691694996257
3161.45535343078,-304.530318550413,3.19142870454205
669.136099870958,-447.030418074293,2.94615038198998
3358.37509458071,-536.891082951965,2.85336226348561
2158.50434888944,-565.267277901592,2.84920505138454
3044.2918354664,-1642.57805166657,2.85128363995827
2040.58486462883,-72.2335806753362,3.44890116530898
1279.97093815935,-2114.71721452639,2.98869464448376
2765.23033108802,-1939.40620998402,2.87924173603747
2743.10287221788,-1838.91387190549,3.00376046942133
3575.0898020132,-1896.98753206499,3.01368356425848
4063.33933627698,-400.037643878467,2.83763064038921
2592.48348269735,-29.0596737467432,2.8082427065212
488.731921787598,-1470.39419065538,3.02038247368824
2450.81385970442,-198.905257482824,2.84403796032441
1113.91911039579,-215.530659176847,3.15548556757084
2197.49323458218,-1646.64016379811,2.96745590933378
2039.60890182022,-270.812446638535,3.06834240365334
3121.84269774852,-440.416081127981,2.92962877761618
1914.82690018775,-415.074150706396,3.18978193063665
1449.81377161188,-108.391859445456,2.92954464421529
1312.99228617653,-1413.86028134636,2.88955665857702
3211.10306626401,-412.68309595746,3.12687651935777
2015.50116090496,-1693.99915623812,2.83400950492261
2330.6368557199,-2210.99482739111,2.84277606995656
3112.53601895225,-2200.66879594883,2.82125491114937
726.645425702803,-1026.14228006502,2.94829198014327
2978.81508797734,-336.205787967874,3.09260332929036
3530.30378925002,-1672.60896353626,2.95774985689902
984.685849091869,-36.4181221616946,3.02500271745561
349.661782441394,-1456.08004305497,2.80398445197978
1494.77322385668,-1216.3699991549,3.11736280233042
3355.06610768489,-1883.18265805901,2.97333165529972
1131.15913466657,-52.8310680061221,3.07355367718803
1209.60388226437,-1081.74227873895,2.78118894455546
177.453542256256,-245.975279730015,2.96710849357188
1334.62270946605,-1654.69323426928,2.89593880822732
400.727720257046,-64.0958602278919,2.95452885536443
1548.64902343706,-234.393415638999,2.90744390630489
1201.9352307602,-98.1365101702948,3.15578352742229
2394.86263676624,-561.304068518305,3.07175761816958
843.357332502697,-188.502720921177,3.17258771039131
2484.673869896,-358.967110226402,2.92727425382358
1570.8169032489,-197.616603189543,3.10644017232359
243.488150846537,-1731.7247116695,2.94102666151182
2028.15742646988,-2209.02554852295,2.9779891148845
578.899583252233,-945.302616943401,2.9592921484897
188.52550349162,-1643.48501813607,2.90960784336891
1310.25135760747,-2123.42147904584,2.56328989307188
1161.59048881869,-167.679337376406,2.56746204785197
1783.98332008187,-1921.05009642834,2.94703865614293
3275.1414854513,-476.507417117322,2.976521622777
977.423614876096,-1549.53255033047,3.01649553869263
693.353899964592,-822.661934185491,2.91459540657259
1509.19686635692,-412.870613903871,2.96845240657403
2998.14595492611,-1742.75986863429,2.98078861760323
353.571346568261,-267.220620625119,2.86005524904188
2269.10776242313,-180.70949884233,3.01814883624321
2999.22364536171,-75.44326988646,2.88158696875947
1414.86528145665,-223.234302884774,2.88892647284323
3440.41044433002,-840.605832669445,2.7993503646016
1182.84636610568,-507.165445524112,3.00201391685874
303.327586971902,-24.2332039246409,3.17131324504124
1062.19019610513,-54.3841022123246,2.71260273161587
3306.00521369246,-469.545364441902,3.01294618091615
1864.21307538448,-22.6957654837146,2.8976946462822
3333.16808565181,-640.356327719116,3.02337933369149
337.028906398887,-1590.3700997635,3.01372522474918
2420.74202639218,-55.4968876013977,3.35443017225795
1119.73974250681,-2187.13700642973,2.95806018179505
1222.15359728758,-427.745936465615,3.09117037300038
3118.51780300437,-1708.38619787753,3.04850842776977
3334.71049751857,-878.011562950277,2.95005384691719
3097.45352591258,-2107.07828024656,3.09196715688509
953.821629846778,-2123.17364792961,3.10788960625441
3501.26871664202,-907.004168036686,2.95409206978631
547.402140286924,-2125.24939908936,2.96114081812218
2509.49981909436,-439.671900572953,3.1443887241748
3895.68516245498,-370.576016314437,3.15476082091416
3446.60605831767,-467.226936121245,2.94509625641939
3685.96793421354,-494.54478649991,3.06342760815191
3713.5488504657,-2008.82195621476,3.11982909662233
2965.12311810172,-1380.48746798795,2.93795409694469
1095.0216145893,-104.139662764726,2.95742561494393
2499.44126716867,-1929.98699030303,2.94255072991297
901.210150520035,-97.6820636909045,2.9083617403112
534.963687588807,-138.71812315392,2.9601113400198
2841.32871388601,-550.489429186123,3.02464174703878
2088.88053201355,-1956.58308471259,3.07899117440037
2604.30270255531,-1950.78779396068,3.00646411056785
160.722684489476,-1529.38058982015,2.9260763914962
625.155221725447,-1399.53767308916,3.02921086662346
366.47247484731,-128.589338747399,3.29479959612166
289.323275674733,-712.974887744454,2.89603178358106
1253.4029092579,-1497.68189392247,2.96555287270959
3042.46969037282,-1953.23324711481,3.04657307544043
1670.49960221156,-144.52601426029,3.10049727930736
1656.01244288308,-60.7906777740628,3.25834370497519
1109.84725849904,-1592.83539373035,3.05124177924548
879.333683939891,-110.741762261898,3.15858632054753
236.812301599677,-1793.25977383353,3.03545542278017
79.9893056991482,-62.641259191961,3.02032379170833
3672.6913301549,-1439.37851313429,3.01144194682117
540.555065875185,-376.973215871617,3.03643344797313
2956.0999794679,-104.440760434605,3.15567974962611
609.998780739698,-430.338005544046,2.97750317688159
2828.46308472503,-7.65797667738121,2.7700289763605
1277.59053631718,-1943.60324152911,2.96248316457774
3871.94389957743,-290.510565439212,3.06032546232691
2163.23646084752,-1593.31818708905,3.34667343246136
67.9825716919468,-2099.16975728438,3.1764528959175
857.930170213957,-1519.97160669642,3.16664999778476
909.626474403349,-83.8756721138043,3.03276949174695
3179.59190147008,-461.049300044338,2.90369124839963
1702.28336291683,-102.925522203365,2.94083287548456
103.877286576988,-370.451619198128,2.97206915087763
1784.93786853124,-1133.83083045153,2.9974565783623
1975.95912309701,-448.839071504176,2.92044567149645
3270.42047477745,-378.341788295503,2.9722747855705
1311.02942209856,-222.501658901644,3.25465675310519
734.254933735707,-1188.41253208821,2.9552771061957
1283.0210305079,-98.4910649823617,3.32773696582915
3284.95393969733,-867.369442081047,3.02519260147399
1219.5000641583,-1552.53830561763,3.08177157064781
362.048243866029,-884.670169868333,2.9603514970478
662.813298424923,-897.562851713801,2.99865983197777
583.379081097287,-1603.79837611191,2.97892568159651
3713.35327756251,-1672.63726850254,3.05347057914214
2420.09249879045,-234.564531666646,3.01830088035822
2806.38307390211,-1962.05327968231,3.02674948955463
1718.4391767872,-1914.28745479386,3.10977368905751
2320.01043164103,-157.318362040449,2.98806496507331
1273.2694818963,-200.796624914198,3.02814213593216
2179.69474915077,-218.720652550747,2.98166592845892
3183.23403104092,-665.964228522591,3.0858806351618
1928.90150120402,-108.541961306814,2.87771549900276
3713.83768510886,-260.610130165826,2.91255432876111
3755.07304445295,-161.386186824151,2.9728909321566
1579.43767306492,-255.26647458232,2.98120517068371
1030.90770870446,-1621.30967527651,3.02872949504792
1052.57838532409,-1578.93857874141,3.11265152632755
3692.7731353928,-23.1455028700809,3.22291906804682
2760.50187959142,-37.3930382842352,3.07390412887227
1383.71689055411,-142.896315517197,3.02751820172115
3104.81232064809,-1975.68850175546,3.05094904800854
1015.19487858456,-1022.23096150424,2.9719839508273
1929.47963287344,-475.456421103069,2.96681438628031
3341.03088031677,-1791.74215692569,3.34849221197985
401.469933171069,-239.252501156415,3.1771154124296
2242.00862803043,-1762.1723071073,3.10216541933613
2550.95288534904,-2138.42547100833,3.26434885970834
1414.82865454947,-1971.92212719967,3.08267098362545
510.953100401268,-1751.781139899,2.99866429482934
349.514577116974,-276.1329505703,3.22930533934044
1806.13682277225,-1653.37285393904,3.16827464102038
1900.8471942131,-2183.37181209445,3.15201308388663
511.463005014214,-503.014687910791,3.10770784730722
654.869555457145,-430.870842821711,3.19616897992815
868.485672185402,-420.61987291867,3.0525456452351
1057.72704763383,-348.667687083439,3.15062962027201
1362.88916985908,-149.924824246367,3.12279690815395
2020.30783558643,-522.793534132379,3.10465289038464
475.200988448224,-145.03625052342,3.03985961901161
998.073900778014,-247.783104700069,3.35471017401841
1823.11367086223,-136.453944079755,3.17316389179498
1634.50517512844,-299.467934744542,3.07610640364311
1974.09060382752,-1413.90823542626,3.28619218956472
2609.7680584214,-314.739918548947,3.14858908071793
1635.96661930111,-1019.90278408058,3.28725477331828
3609.11482788392,-743.499552993175,3.23745121528456
3981.13593589487,-540.586092382875,3.22275692627859
3327.75061292564,-1712.49107355711,3.32481035343128
1313.24264214823,-1602.44167194214,3.21957914895359
1945.40610935713,-1493.11247814802,3.40121244036164
3624.91808869513,-937.078532368509,3.37417443981557
1988.73306234956,-556.498428903709,3.3263920624284
3560.15714553182,-1627.42937880106,3.3705694347176
2995.01962834131,-1640.89095319363,3.2688798725476
1181.7113592705,-1908.72313016832,3.17501098877465
2894.22980449269,-1355.73723608552,3.15173670329352
2602.67098049214,-163.128794438633,3.26783460943042
629.059332045569,-282.62307164172,3.46118920383905
2406.48944865824,-2209.47953664352,3.43752950483803
3688.43209433803,-521.44531013312,3.41721278948291
1939.32704514148,-765.521167569842,3.52422916746501
681.463676440981,-1879.28646544927,3.34884135482851
1835.07665266323,-270.835573953402,3.41083137988556
1692.61764616927,-183.646002174248,3.21646745892769
2797.12322958775,-1379.56611355056,3.46456248223116
2419.56919277267,-2208.43056353035,3.39310530363861
3347.0344416389,-1736.76362711251,3.50446429251946
2526.8451512141,-769.876871247359,3.32489166953213
2815.38443196832,-170.484563378263,3.51600709200709
1886.4075122191,-546.804044783308,3.49279921951013
811.959649346744,-326.415829145119,3.36279623482449
2321.61894734284,-1498.15375666402,3.47550329061073
1513.43146055292,-341.482430856953,3.51122290335226
1449.95023423301,-373.85813711509,3.71166643786622
2567.15865075594,-177.773116617632,3.45201375225122
2963.43694088532,-1475.38052767694,3.51915884900588
1483.33618752967,-317.039844670666,3.80262636194418
1452.95741199829,-269.040267084259,3.65339803326675
308.981683979362,-2202.92909007822,3.82453629525766
1323.62043450944,-1512.65916927618,3.84959335017358
518.997744602274,-303.537799961633,3.69647113975973
1916.35673508687,-179.734907238401,3.71529974204622
1395.39464733462,-345.954528050492,3.91081580323632
1592.8070421359,-1692.24652970303,3.79916014191892
2033.57271056813,-212.343519664516,3.67215263274363
3006.61541460302,-1830.25196093967,3.8108001846388
447.961650882086,-353.675839726288,3.86177100792264
1938.70522870231,-493.115348042269,3.87288760602569
1320.03762206677,-182.118940659665,3.70132085756869
1090.45893820788,-2120.08154691094,3.9568144042756
3437.26297404977,-1832.25391876908,3.92067133327646
1162.68807040565,-1515.09939334007,4.00595733228456
364.225933298395,-205.864806280944,3.7910750272073
1537.62306435823,-56.8057973425424,3.86863024657768
437.844780022529,-157.812050656787,4.08917343902895
1031.30893513478,-65.2321878524166,3.886933114127
1534.15666251379,-1686.55273568352,3.88884249242442
645.367079186525,-181.158353237008,3.92953146566349
2314.28858229823,-518.828343179264,4.1317614545071
949.51563937046,-25.4737394985241,4.01851081122011
2385.90250928932,-1623.71912686458,4.15054005120325
980.855075212094,-62.9606544989733,4.01047978741515
3435.4673100832,-1587.0908723424,4.3530650425727
3883.28904705708,-208.237487993092,3.85012563320721
2751.59162970006,-414.966004614241,4.09696224185291
1871.06216540638,-1633.96095804431,4.07629429826913
624.294253565168,-597.383666600937,4.24801935529247
1311.50755374003,-119.939687501308,4.02665532147692
2969.10824328471,-1942.44610743793,4.31710395730871
3512.43164985435,-480.820675538614,4.28281513276001
1444.23206163825,-1443.05593118784,4.37989985751519
2765.06059053684,-263.686396650545,4.33948480773321
3968.12481234995,-428.110422282754,4.28485077022783
295.506598669654,-1856.63645927226,4.3494446859185
2234.82789586904,-528.351636148474,4.41511261178837
2288.77871871691,-432.281396050118,4.47464186907725
2594.38033543612,-577.866838258445,4.40394367200336
1096.1740612668,-709.639526028433,4.63273740386178
3414.14460862895,-563.631688145967,4.95938397925885
1518.80515807449,-514.250984859434,5.01349818164354
3655.86822771582,-1610.46313775818,5.26736713203043
1702.89203990541,-71.4243649048724,5.23066144368648
2859.7681802089,-453.940821609668,5.44905533430949
3220.91898032175,-280.741001017736,5.48016637053962
1838.66274629306,-1251.80547340252,2.94457842846058
3076.95351645712,-1041.52644154102,3.04358210499343
2806.03302143922,-1261.00679850586,3.04711053800428
486.96858209151,-1789.23950599659,2.89605518308969
1677.69448335036,-492.774746253056,3.01215986960687
698.187648366333,-1702.35781234333,3.24219162500291
3310.42037100864,-2167.13123818271,3.22167595578199
1313.75229767091,-642.425097956724,3.23816753319572
3351.51258585931,-728.341594793556,3.3753573997532
4005.9811722244,-69.932810140902,3.40747197711611
3365.37078813686,-702.574967538131,3.30060989214893
2585.29108454023,-1674.08042935414,3.43784506791421
743.25741113814,-332.879428959676,3.47007937800187
698.630020175557,-2065.72103310766,3.65442075033255
2317.25295780751,-1547.49873020032,3.25665181837303
1637.79547246317,-2102.73886767389,3.66721335063299
1495.76529020113,-1518.81516664417,3.79850255985308
782.955301253727,-1944.90852883007,3.8187940926743
1665.08805770192,-733.075376939551,3.75994372472045
1681.13228121103,-2025.64668114383,3.78885557948613
1727.17656258008,-532.696224082868,3.4339827198684
1260.63831260371,-1420.83369026503,3.93616377754047
1688.08741743537,-1189.61177423291,3.92180302419093
515.949189264035,-2192.6099497541,3.7879907672835
3780.01377531357,-903.556377447083,3.86032908823116
3917.62550347964,-1176.15309693644,4.1225737065345
1637.17155752611,-2081.58932216633,3.95059415664569
1136.49666901656,-2161.34985108356,4.14530980085257
2278.71738988831,-2200.26111473242,4.06646512527127
2743.61466773764,-2073.38292889961,4.1155306742403
3818.94601734378,-1066.04554746179,4.38550807255414
3718.77062103361,-1549.37638920729,4.05607573019656
2600.4354021993,-1745.09277117152,4.37200563469608
3899.78229342865,-1015.33470041154,4.48125152601165
1874.36015318109,-901.070252980615,4.48442594862008
402.120760438691,-106.180103171783,4.54026806948963
3931.2942803369,-298.600636237434,4.62786886467385
105.232679240457,-527.859700003568,4.65939068219457
2111.97165134967,-1036.81355868128,4.98948367121253
2282.13488965311,-1718.34354853195,4.44590617067845
2036.04298243374,-883.115091575188,5.16027731590045
2315.5811625963,-873.120447654291,5.28222926851306
247.26002218055,-207.661615064612,3.42291470914516
3665.31333798617,-1530.20539705773,2.99827206948317
3042.00769814114,-1464.77119655802,3.01828533232475
3117.19464869695,-1361.90703949364,3.00375168632499
3941.80129489249,-1348.69955359297,2.83662347665452
3959.2038129591,-1445.30974490612,3.15028143613599
2907.4558582783,-913.412211888188,3.38117691410828
3687.14015131408,-64.1858399467779,3.15937558163904
2144.89847214653,-404.862139920034,3.59144589953921
1599.89429786336,-960.332569645315,2.99477774951289
1548.72754000326,-1482.0623861046,2.72860502570551
214.58369256087,-1950.20433755776,2.9474600633978
3308.01656043128,-372.284637650551,2.81857371941986
3777.32419503307,-162.360639588767,3.01450384758685
618.864644767812,-1201.19978069167,2.99431233763897
2371.84085526948,-1161.1743967247,2.88953475611404
2646.20340672133,-1519.25957685897,2.81018368234602
3337.0719894217,-97.0080640212382,2.98166255595767
1590.73575089506,-1594.27223586785,2.96194512852318
3026.5775679234,-1265.41146431804,2.99597209890713
2038.32871908987,-1140.39878259912,3.38759028911464
3478.34583584827,-2172.10216202701,3.20157769225988
1697.05303960212,-1416.35550998258,3.22817651143651
1200.04965315274,-2123.96880655369,3.01095992531252
940.826997924494,-2100.38708871084,3.41783689146391
2522.26597574073,-877.486205572909,2.85887602674334
2928.9537469071,-321.039951226582,3.22657626400529
3876.15314159546,-1115.73557377084,3.03071208147559
3958.33747688463,-2103.4681838543,3.15405596891465
1490.97482729373,-816.088570198869,2.7881475058302
3518.22665046328,-1941.8023853346,2.87410542223593
1032.23373900179,-673.66891266007,2.79709588758032
3828.41920506645,-168.108699318877,2.99953619778638
1224.13737292838,-1608.43495532491,2.85957591134622
1765.79580234635,-1987.242587065,2.77432615190832
2945.69913187509,-41.690655012219,2.65849407180871
839.978394564975,-801.803908312411,2.95923537812118
1167.89162560282,-1809.05996584937,3.00817839402544
894.92136994635,-705.068453749869,2.90622815938857
1657.66541633763,-1990.53608563211,2.95089317263971
1292.69039005609,-2033.0836876708,3.37392827437122
623.108576508791,-1786.00245633645,3.00273373648276
1823.31840237254,-1052.35636674372,3.03466341469114
1621.9414436938,-1749.03803506259,2.98038627046547
1169.30977673567,-314.242602102091,3.15742947013856
1122.8653647062,-1714.91068197592,2.69206466469638
1152.08022250098,-1621.0011142313,3.39001774622693
1490.29151793184,-501.44838425785,2.85067686416834
176.883002688821,-2139.30349170115,2.93113464550207
2800.60156958446,-45.1127573462909,3.16824178541532
3137.46116147762,-1774.24009646439,2.91049799368596
3108.74841942902,-1870.28811257135,3.29984640983609
3429.31195160104,-320.190852781168,2.90738208800452
3895.14782524574,-1799.47885147998,2.97519232400696
1170.65175209104,-74.8854591970153,3.28591529031378
2409.82752994116,-1535.30633059559,3.07340642222871
2930.13005275338,-1646.91282940388,2.98657167557252
3827.13887464025,-1380.25857186749,3.2418420091064
2262.84773527179,-1401.13507714442,3.35578121854766
630.890478956955,-1934.74293373789,3.01434892802601
2095.32477262213,-638.665266873301,2.78073866021469
3322.68024157106,-1189.92631884612,3.2713472062314
487.15772815803,-1041.90071694965,2.92894499127898
2852.72400147175,-252.441262407019,2.9440672765981
665.253363833517,-2200.46039286969,2.92819694836837
3307.38940024463,-1508.81698224376,2.94785556180177
1314.46740250557,-1455.30900563903,3.2168879090066
948.882504555476,-346.798538195386,2.95154175305707
442.942752567503,-358.34341089589,2.9554009059761
4014.19577674541,-891.662746587895,3.09423406121971
1147.22673734753,-1672.71462852419,3.11785434733219
978.657903182667,-489.227300276598,3.1719985546883
3020.5475384569,-496.419117771029,3.03845822559189
2939.03979750103,-1060.15148976381,3.11936622263515
3821.10053959016,-249.331732113158,3.44919622352844
2879.06798806304,-2064.24655261864,2.9490561018531
4061.72614123072,-63.5387430787046,3.23356489268332
1871.01516640342,-340.085494334154,2.89603725931145
1908.90524506093,-1303.8216531435,2.94564878773027
1203.84208813469,-770.906326009132,3.03396509672798
3207.36581914098,-1891.72669269397,3.55391216201004
1401.65889473612,-2198.76891051924,2.81433352351684
1763.74173990893,-1035.04134218425,3.14250762005396
1804.13965975314,-1946.36105032176,3.04349651707371
216.121457242915,-880.81821538143,3.02626568760182
1828.71711309186,-649.281283479822,2.7036976151723
783.673436468841,-589.608895737603,3.09251195879931
3469.9815516152,-1254.13400878292,2.8741562774446
3613.63362476542,-1243.09554519431,3.22406007151309
1808.09010075982,-1380.02293025683,3.3634778490131
1037.97849405025,-1903.58335946954,3.07812727420637
856.919662061171,-838.575826610384,3.06673208261198
687.781803823781,-403.391850160089,3.05864250083601
661.656810048547,-1481.41729733189,3.1229479251644
2348.32426704719,-1963.07485801324,3.04621953286458
3994.67745264709,-723.360342144087,2.82128771413063
2923.68956361874,-1942.09399103335,3.06952420323903
1241.61587761806,-1086.12724887403,2.97496875358042
591.909705499992,-1839.80660093121,2.82138566993705
439.742887101286,-1994.47312874653,2.97147981339057
3811.23832303259,-233.701769222753,2.85357121162441
1852.15986535342,-41.8867624915087,2.94306743486292
713.537539872715,-546.395043105375,2.70735532686938
909.07039218861,-748.965861082505,3.11600806158133
2232.35755754908,-549.71255462086,2.98270948341179
783.918019205673,-47.4543573335187,2.85452630728152
1839.99184149509,-60.3035433534359,3.26274472233638
1551.88780541268,-625.83326072607,2.79936114965085
2228.66161900015,-1239.91827914956,2.60533204334737
373.467625448844,-1068.31653074633,3.12680702752546
1561.83711342698,-1343.66593133567,2.94568205530949
1125.02846034007,-1810.15880453716,2.89237930891504
960.153364316261,-1205.77191512434,2.91212152910691
232.704598156808,-608.889849195495,3.01418321131876
1555.46190289098,-922.869752772642,2.98709855793153
2649.01562933983,-445.465400393609,3.0359076985119
1339.47627813665,-1605.65933312058,2.85700146678769
2504.55021965923,-1777.59754827947,2.92954274299285
3961.98143800311,-292.50743443269,2.74288797443435
754.050642801757,-980.803176670631,3.01494193715374
2106.11490131572,-812.572222754869,3.08763449675369
439.553400078171,-670.915668261284,2.96957369108014
1680.53477696547,-213.597780150042,3.16390199103241
1440.41118962441,-1871.81915979165,2.99526028871928
1381.09539350461,-1432.38790851462,3.19244181977419
3094.54884035436,-474.251441532026,3.04787195859939
2731.7128579659,-803.725243456901,3.15786753096938
2964.06646454391,-1409.25286417398,2.74658616991802
1471.19815506596,-1366.25474378471,3.27318028626814
1557.29839331919,-1220.63489466781,2.98113118392083
1752.1243802029,-52.5984021079353,3.51830573460821
4017.38435853965,-124.30735226411,3.10418555814736
3527.46483381302,-264.423280557606,3.16336077365119
3496.91986430331,-943.310324451538,2.93286259320564
1237.05754623888,-258.302097582482,2.98767097023593
2073.36431748023,-767.582261748053,2.97723517803553
1878.58841488934,-1047.3334633833,3.07709327184789
3246.70443605801,-1786.43088805873,3.31859605774902
230.831863851299,-824.578827222511,3.07675642662585
705.273428499123,-385.471752634679,3.07286434754187
3149.68605197845,-827.239484703018,3.07840954399828
3694.15700478667,-2084.61742252032,2.84036963566617
1025.48581883978,-2051.92748065199,3.017642321119
3386.46443984268,-1100.5969437705,3.12761237325326
2221.54672165427,-980.640445410759,3.44897000315972
1395.19834050859,-2159.67659343041,3.12381241274208
543.135403290476,-1354.6520135961,2.98488977633186
3711.38901266413,-470.458101794002,3.07740496865218
1560.04386597791,-1283.05595378526,3.09928466487633
1880.34299886184,-1788.61344442755,3.1050208919134
1213.3540062575,-1316.90571030471,3.09515985249514
187.557195055421,-2108.91910391313,2.68171044633353
2913.72839348721,-1463.86231833259,2.97708538675634
2632.32921757868,-293.83820855569,2.94848848820642
2978.92563344873,-473.610903369633,3.07135693812712
393.803493783342,-1647.2787558167,2.91189337632339
747.856364720469,-1838.59469882096,3.53255692978016
2419.61624396113,-348.76868429581,3.15152977488733
3695.11585150436,-584.77568616016,3.23162383591328
503.863503772684,-1416.74473499068,2.94260884619866
1244.16279763321,-93.155897211628,3.20327337576661
3092.92224108781,-1250.79405093501,3.12725424872879
4051.92783493298,-1374.8762714748,3.15550710372903
3178.69558115807,-1658.82205189934,3.17422662175573
3968.85178440591,-1124.57796035203,3.25602588199619
464.086069034559,-720.791962119947,3.18469777017452
217.461281833972,-18.5649945759814,3.0568312293663
2099.38212503626,-122.382156622685,3.08513928949106
3069.61934899516,-1765.25070400422,3.15875442129529
1313.27157745339,-1295.37527951215,3.06025461606565
3979.74271111396,-957.700645959489,3.1483320577095
1573.68781156773,-930.214514329927,3.21120039117481
2579.98951414592,-332.295656463585,3.3306461370839
3125.71506975715,-224.178015241623,3.27062293244033
1115.83390343162,-1576.31583438051,3.26604810873745
586.782009008633,-1732.00126602453,2.98731206517752
2782.16997878053,-1546.98722322795,3.05999700396359
3635.21842393616,-1966.30445108458,3.12939553992315
933.534357121322,-1776.63126146258,3.16175237050038
4007.1971111325,-256.257875186491,3.38620685022175
3940.36735343112,-1680.06129999261,3.25712265135932
364.603240768455,-1310.54679861815,3.15361335870893
3225.95996938054,-144.291005692903,3.06159517651233
3852.45581307597,-1603.70262908447,3.2500951437534
2061.38442281194,-580.295710200017,3.19866428644384
1085.00535161097,-819.351505536599,2.97976532902833
2149.89194587871,-1077.74801628965,3.28281333836284
1381.0075449892,-1227.44138314788,3.14291648573554
1406.48412749606,-488.548449629626,2.94701863616715
3142.46188517869,-1544.35857592863,2.92099066429738
810.756504776513,-2139.72571934499,3.1465860605255
2065.4758482917,-193.651342371767,3.25885624589457
1987.36304581698,-755.367920171623,2.98560462023452
3246.86232891773,-1880.323028641,3.08507128533414
1393.2468074646,-741.517456380012,3.1726269672489
1311.52906487094,-1323.37532770601,3.17388488218003
1534.74492116,-876.861074295098,3.33356216894143
1690.21180014247,-587.998435977573,3.20649538522608
2009.19345525357,-2119.67774181952,3.03769252978312
2938.09746357438,-515.769933506636,3.23684566713613
2847.49784339388,-1179.67813319558,2.9268149309724
2500.12637357035,-1543.15690673731,2.76090722550146
361.432615978624,-28.3931655965086,2.84074797594771
441.250049042542,-1105.64860073515,3.28212805882811
2326.18942153055,-819.700465159767,3.5881948788473
1637.90274061024,-783.598620969881,3.41370880220278
1463.61590884623,-699.967534283859,3.61141575831747
2955.38404326493,-487.765165955838,3.35462903956299
3351.16737013071,-1190.11816842959,3.38045620612069
1148.74917981903,-149.286286289741,3.30240179985466
1794.56149074591,-455.352014349118,3.7480249657137
2639.06213045033,-785.836097097367,3.0004480945855
1895.75372171982,-27.3313194019215,3.17025211722451
2241.51358818095,-1529.06371594764,3.28481932610667
3648.16596646227,-1870.85605697083,3.1663258712355
1015.72323188353,-2113.05709923626,3.23445016663585
946.272085683393,-1653.79614071032,3.27006465986501
86.7484423551175,-1371.00714715286,3.30188635403595
365.269258370714,-1529.36429817572,3.01737972166277
971.359695500323,-147.861515998902,3.3060897560335
1919.14930639143,-1133.93788778095,3.40931059324066
491.648671184395,-676.423020556678,3.26791502468223
2073.0367141929,-529.313354850843,3.41098622376807
1973.0875362755,-515.049611386047,3.13912120482153
3225.85145164012,-1372.81951377598,2.81956370731328
3604.80289860863,-390.994232848608,3.34760937568072
2013.09775571078,-1492.9923455131,3.38915684723969
901.096023297302,-233.067823911902,3.42743257449619
3243.66588543171,-1909.27750448591,3.61887985433414
2741.70068641944,-1743.08414424872,3.24715366455664
951.434070760335,-1905.26654153102,3.45363258867498
868.763899487122,-142.638655669534,3.2349577523924
2980.00234142772,-407.133988758896,3.52944500608068
3100.39249717706,-2144.38857583555,3.32999459691112
3446.54348042124,-1756.67336823437,3.63018707388695
951.568284288867,-1232.26194771242,3.56573538987353
1746.96006329859,-956.800878345265,3.28231937337896
993.28424141276,-1831.48794123744,3.45364291729667
652.774709184422,-401.140461893156,3.23550149377966
1379.97763377254,-1961.60370612956,3.24627817696741
2731.68755518226,-1573.99948796641,3.37582322370495
3615.17689375536,-1715.97055995468,3.19749896055729
1588.4784535966,-1149.50872448318,3.40205394994445
2698.74869300171,-480.44020747201,3.48974565639031
3884.59540106452,-531.140977532666,3.11385027498822
3465.07419757124,-1382.48438650556,3.29736084342753
454.124793714257,-277.350257170919,3.35656190903455
3054.5959046313,-54.2322166973859,3.55441012020209
2036.77365334487,-890.082185758198,3.52927539383689
1052.877168905,-441.481838214377,3.67686014933816
2134.83624765418,-658.859568129843,3.68466883179749
1925.65681094233,-2155.42129449483,3.04083158626901
2689.70864268565,-273.755162703937,3.55159253044627
3205.66133226169,-1526.44558092146,3.36846747195775
647.726261520464,-1911.53105695071,3.35564861086682
1635.36972917768,-269.45651961656,3.23632110633963
3259.55452103024,-128.749301759047,3.38924313603337
3316.82927875044,-1610.1722210075,3.5077915502257
3842.31441876247,-1650.75509505053,3.46119730770204
3497.38664775111,-1829.47822187084,3.71261641258198
3749.94956675183,-1078.1314730042,3.33047310606604
2429.6393918345,-571.593440042097,3.22098778136011
2017.47957880859,-2046.46665269107,3.41940409143041
1121.26491149626,-547.244406268461,3.4417478298247
840.720805018103,-1025.50310382078,3.49455610034831
356.43146148676,-276.581657986825,3.51067651772522
1892.46137783928,-1246.83794014056,3.42687398535092
3939.82111933745,-996.298478252673,3.46543634451026
2706.93085877698,-693.688483497412,3.7151193734034
1261.91902057819,-860.790060726948,3.53522663293486
2785.6612233033,-522.473878653605,3.437265291951
3612.07467729536,-1778.1225515459,3.46026728243507
1934.42048891772,-1399.45426492181,3.46260704502057
1209.99051171398,-1167.80292721211,3.67565360674525
3652.35551895496,-1666.69455074775,3.22225749489608
312.961014150067,-1983.60132931802,3.58739426538539
3598.78911667686,-1424.69320215807,3.29532876434049
4049.55599317058,-1048.86884990479,3.84582498531282
3481.42570678417,-1463.64805112116,3.64955994176093
519.65664443726,-416.261484433115,3.46405517757609
2000.43089796724,-963.507882073378,3.67734256567205
3335.1797901265,-773.283016134116,3.59104012040426
234.886391027859,-534.358160006765,3.41961555623075
1446.62493606616,-1272.62667774117,3.57042189105398
2622.6880156666,-63.7887744655577,3.78244595573481
3125.28871174309,-1397.93612196142,3.47446191962678
2908.81277138716,-1789.13242359287,3.45868184568529
1057.20912546813,-1681.99520174068,3.25168676687152
3178.66853809851,-1381.16898395165,3.6540388904882
588.150219569361,-75.2846975952195,3.52941717131532
409.111315214568,-581.573819790808,3.38203186858584
1845.01938905586,-760.048485075187,3.47787035568695
3754.05365761651,-395.903408839047,3.80654211590817
3690.60018958152,-1327.22740240805,3.73319221214001
1398.39559544544,-1144.57599014357,3.46128721749474
322.146072606661,-638.269380985287,3.6624597070007
3860.11525546564,-1442.40974795351,3.35217193388449
3247.34476314923,-1965.59329188206,3.63224447424216
1398.12176199127,-175.172101498727,3.67352011264821
3707.58233800759,-1978.40867612788,3.71142609295848
3617.74941640825,-1196.01081521207,3.51626099935192
2181.8187087565,-601.03937572848,3.76275288213767
1011.95263629486,-2208.74748518242,3.68258476084448
2739.59850503878,-634.836332806714,3.44469306952605
2231.96344050244,-1810.27576681152,3.5195893933548
3049.65628781651,-269.132100058432,3.48474978743935
2957.93208988835,-879.585387129633,3.94962359928882
3731.42472811506,-1783.22068905282,3.79046813172076
2963.54655280399,-917.056091780791,3.28549306743031
3754.31328121935,-1338.29914186221,3.76882948640892
2270.4468367874,-886.084858293704,3.52429512578304
1961.36050265009,-1997.88217270833,3.65276387524331
2243.58547029003,-202.265987701812,3.59553694165603
987.919610024649,-2154.80396478292,3.68923799383355
1561.04958263389,-322.532038872061,3.09656321057864
3299.59639374144,-1693.31564011282,3.44490138804868
2851.53115375435,-908.242351286077,3.51281892581214
2589.94609763859,-1868.89501673643,3.49006919428161
3018.01733028983,-1001.46004364672,3.96876887917627
3840.59407052489,-974.028307493147,3.68290615482367
2498.38871414982,-299.350015153128,3.78805604200148
2021.42649710085,-1550.5678055104,3.44307152999943
3891.23022449004,-1467.02078221549,3.93699063961754
2921.62339674758,-873.789877078404,3.87570142301505
2051.57808152028,-2105.40675155713,3.57598071867464
1999.42740782819,-648.305576569526,3.62453031271901
2244.27854234381,-1200.61816405281,4.00420104921779
159.600350114893,-1058.83392081516,3.58735455926307
1781.98306228562,-238.783053794963,3.75284693569902
2301.62049411052,-2059.08043479657,3.65842422437015
2391.01781705864,-379.096395325762,3.79627017721486
334.710724718343,-946.547379064503,3.69973381997992
1761.67241353699,-390.56823092254,3.58406052851714
994.932481862413,-420.306513205294,3.70230968995274
1807.09950403741,-1302.95521122718,3.83856545255787
2384.5232268533,-1421.74412642607,3.84867449354912
1519.155139955,-971.584144353201,4.1167569433002
1643.77651333887,-1203.51401971839,3.90502341920789
3064.80536574878,-1364.91639223762,3.63819415682828
3129.16301858811,-1286.90698160223,3.71166120065132
1169.75205050837,-741.368257812234,3.85031675464514
2443.29496414745,-431.060998118224,3.81311009542902
3906.40568442732,-2173.85944119646,3.92549811123275
1662.43385138323,-1651.32142202615,3.83140975751508
2104.69225926816,-2101.64393210767,3.75101904125958
3228.58253642702,-195.938648118776,3.76635512906702
365.344691221911,-2037.42652206069,3.73123728152781
170.622589600018,-1995.40620575156,3.78513612161269
3119.57790832358,-2078.46043358089,3.92729911463326
1930.81091144313,-721.751468645011,3.6589238655711
2096.37355306632,-1759.07447169248,3.89402141266964
1359.67828780312,-213.194041512361,3.61133162219634
880.291664173118,-867.149527628542,3.8134933005993
1767.49393720994,-351.756908954513,3.64053627171415
1993.96494987725,-1817.90651094164,3.97007465574524
2201.07489166991,-1291.67187903667,3.55621138792934
1818.94984702395,-1666.61469050806,3.86163405542189
2150.3948249185,-1477.06295101171,3.83561071176318
631.066166066563,-730.306167043396,3.9333671502982
2995.00589082998,-1858.33778319769,4.02815317570358
2018.82391770039,-682.28738161567,3.9398901460622
1191.78328188444,-909.165677288346,3.85767770488164
220.990702679109,-136.670846197218,3.78687850353191
980.533552682214,-669.450903956296,3.555443538368
3979.12842695684,-1824.20603933564,3.87763300850327
1741.30105316175,-1676.74508710242,4.26309459370352
2907.50073324927,-2121.87922162254,3.99681528724828
3309.96674094345,-1012.53267755334,3.86898862558193
269.172494565774,-238.224419857802,4.03307003929991
1925.65897672396,-347.064612121414,3.96753255153913
2154.76191900272,-918.761796340498,4.20566118509749
2491.17820436666,-468.199068242973,3.88014187061932
811.385417382062,-921.98315826893,3.91694801016714
1850.86120359408,-1868.25919081231,4.00725896286787
3991.00499937991,-831.292994568776,4.1102536350278
2612.34077951741,-1808.60570460295,3.92019371882453
2186.64159151824,-1364.35241644414,4.14161671450988
828.441496650085,-1791.1304878405,4.08266187975082
729.120890788014,-1908.43535665967,4.14243015757528
3621.91278424963,-1362.79775294801,4.32000592434811
1333.9862768923,-2009.52426081328,4.20619383177037
339.632252853811,-1426.74158197191,4.19024150845205
1999.57791103184,-434.698410252641,4.24664796691247
972.579303905926,-364.967065598812,4.25185204691501
1038.08112985809,-178.196491734263,4.36470663328714
2098.28116136492,-1922.81279681714,4.27522016263822
3532.30093993731,-557.765295061289,4.32873155183364
259.569730802445,-1015.65031932907,4.32941984768481
2265.28520414274,-1356.21802089653,4.02664241726485
3701.1869001386,-1189.7488074205,4.32235328856273
1756.45176602663,-1233.81044560022,4.25812346791786
2559.20434929942,-2113.93449960225,4.75526256050095
282.994908088468,-1174.58473857791,4.75954601392792
1254.28338748843,-439.406722275015,4.65128126412138
3687.31098129425,-974.340296156601,4.99426775627784
702.44098983947,-654.436200660753,4.70448488486268
931.137410783694,-1997.63413304207,4.96475013952992
1313.58158246505,-1698.46238504585,4.81468233685118
268.34196339234,-1327.2877800158,4.9063536646584
474.50301797601,-1952.23323103995,4.7449724000607
2892.01887629201,-1403.92522574129,5.02713517067807
2942.6916061116,-1609.94228874973,5.07264272806184
1172.15932477505,-1821.50008860203,4.98358143589856
1670.11389734514,-1512.5943698026,5.03097463759203
637.350072705609,-1457.63118298311,5.18835085862067
3302.17466056923,-564.822942464451,5.6492600617259
1724.75131106342,-1100.6376921368,2.88200990863228
1111.31651945064,-981.15658790017,2.88925679076936
2547.5344806063,-1864.60861384225,2.85857309675313
1018.79657693139,-1552.39851506691,2.71249955957419
534.930442976619,-1317.11477569751,2.74631671142973
1453.00210015343,-609.05312654883,2.9025548784301
851.442282553816,-1131.15728472836,2.85313929970337
2962.54585198477,-691.608657345773,3.45452475460855
1584.71179875636,-587.546736287754,3.16681866079697
2144.30713488708,-1095.31274345929,2.89331822104681
1256.15647989122,-564.89399780678,2.87914588264305
569.237439587786,-385.382136520494,2.69670445908842
112.136209907626,-335.654961922723,3.05212763414135
1761.73958805826,-552.605528726917,2.94490441216963
2347.4083022751,-1728.99476022392,2.97334792537266
1650.47171291191,-597.132988563025,2.92022069339084
106.326253289634,-60.574667054509,3.349163614534
119.962479388762,-448.446108125909,3.60035735198662
197.40640943471,-552.151069822001,3.40188919707923
354.684765792798,-484.411971042319,3.5163146231094
830.893737162854,-1232.18692436728,3.69471296701433
832.554363583067,-966.318612825646,3.73507720626836
930.447495412794,-825.87592111465,3.94996387076081
1486.44321735217,-874.764382247671,3.85878825178899
2114.98099092077,-495.561688701131,4.57991158505121
2204.66105169859,-401.253387897903,4.47324189490149
1883.06651680445,-1703.90014708653,2.91126221617031
896.531289769132,-731.476011694817,2.9429055572331
769.900248685474,-2098.50831930163,2.85868938241304
1855.81306946943,-1087.50647663444,2.96116289230697
851.101011859786,-1874.17810387384,3.0046113859177
574.194815215647,-640.034290077549,3.32745611609934
2649.6513697523,-1805.93489094186,3.14835477149996
1489.61340057034,-1183.35223962097,3.19508510595007
2101.44104018791,-2208.02167928677,2.65843276295294
3648.56268323091,-960.834656272295,3.10831414401339
2862.61843585082,-1912.26158917617,3.16456722469061
187.833363224711,-1477.68955557325,2.97342976830674
344.513653969565,-2184.61546991446,2.75242706398251
563.011118344172,-1815.08855934757,3.06848312898433
3656.6817737135,-1774.92242414805,2.97483918443409
3693.73996257755,-1176.57351640197,2.83713925904291
1225.0906904407,-358.55074754644,3.25804957550257
3374.72482063315,-525.867130129676,3.46675975072413
3343.79775268299,-746.119758903516,3.12912607727662
3252.12334627229,-2008.38082097844,3.52313868499175
2768.59401832077,-264.501853194022,3.43600991933874
2469.96678062974,-1722.55713098749,3.57578812566167
1052.11245810463,-1265.87092535204,3.21279115619226
2082.53650634784,-2015.95657213383,3.59346655967853
1982.7703305955,-2060.42171009042,3.69246814169754
3260.55740296638,-79.5000917202265,3.77588920407832
3826.4842389691,-197.174562370529,4.22203017940804
1555.50286722686,-2103.67098263418,4.57215479523123
1668.0614159005,-349.935646345951,4.51976761716342
1711.19295646837,-2165.18258179738,4.74347066839943
3624.32388465407,-1874.4268702646,3.02212798687641
787.427210149979,-185.418868664039,2.85951026590832
608.821146228491,-1146.27177223813,2.85160730923726
2796.01551168268,-970.847991219444,3.04552440896055
3644.52091499913,-968.763008696603,3.00796522755826
631.332830611471,-659.811955940238,3.82898573852485
816.344589265771,-775.431661237884,3.70058152036355
2862.98800845086,-2152.03794710777,3.22300257986637
1135.14781433598,-519.029070984077,3.03194045143794
3073.25150110951,-584.23038328856,3.34514392837846
3279.41842457359,-946.511731220847,3.11287422937116
798.608726601096,-1207.80801556783,2.96261388999313
75.9324698882681,-1455.62560483983,2.58973319399561
1500.37704507692,-1898.92983581442,2.73019989727037
219.271564389689,-402.095667161377,2.91591663902833
877.3157969842,-1862.53516851079,3.02653824675992
3659.41887895903,-1269.72788294077,3.00944180153577
3104.80804549334,-767.712390796925,3.23032689322856
752.974348270483,-1242.4605660577,2.84984478247526
1427.49791705268,-1004.76147577794,2.67759861343831
525.622066415102,-1396.95828905046,2.58221274523343
577.658411855962,-1315.85717071686,2.8263455928685
1889.54091893049,-1576.50470360064,3.00132262320695
3833.63503380237,-2129.73776856537,2.85899599131945
739.34115900606,-1454.43657323031,2.85837203790208
388.257589085066,-1371.52711317576,3.11254832640247
2317.27433547623,-469.295533509396,2.87395071459491
749.716470298633,-844.30337127247,2.8599653137716
1732.77290542524,-1838.56443663521,2.97980548529038
1878.99249781987,-809.439621689018,3.00859683174721
3858.59971403929,-78.7788176316306,3.12907251199572
2664.59822311782,-1718.86826871112,2.67890136336721
3100.33253555298,-264.531890670483,3.2957870057044
1217.66264694507,-1057.219984492,2.89891446677971
724.797396381683,-1950.10526407888,2.70698459959664
3706.28615856595,-751.73456425329,3.11019097961203
1752.5973101189,-186.759075856344,3.04218210242696
1131.30886494432,-1154.84990335662,3.17868795836591
4009.24207893084,-1092.88403564831,2.99630760139083
2439.83319787376,-837.465481054776,2.97385642067879
1127.90445846916,-356.17839250075,2.80389941836064
1485.17951431875,-2198.57163081902,2.89254279812255
2980.0730259932,-1991.12827316051,2.89883088927647
523.654899032942,-1327.38955934009,2.94877947288749
1862.34343620136,-1243.5947483921,2.77408531953998
833.098091382757,-1760.69096897102,2.99494391703881
2344.95253266498,-1311.03392785498,3.1322328489787
1810.8034562784,-1703.63113051391,2.85186789477723
3553.31847652817,-692.450493567083,3.27537590097254
1891.29202260326,-1483.96745262635,3.11678829156239
3344.57201492057,-2052.14660583603,3.1154512388131
2006.75538260242,-1853.34617079608,3.02906382717574
1893.58231490851,-960.495211719883,2.87993183018837
1958.66046697062,-966.297089463839,3.01645895005844
2982.04973876955,-1674.52207467181,2.98674136497985
238.198526588108,-2221.15805568229,3.22829692277726
75.7865278518356,-1031.74885825673,3.00644955697964
1824.03680057476,-74.9310901329435,2.90441758910897
2587.40282892489,-2099.91017537896,3.27364734906404
1739.505141421,-465.400055270379,2.95610021440301
3855.66529994095,-912.88120008748,3.44209999282393
3503.26689803901,-1793.26549738286,3.27499618731472
2282.89005448122,-1655.76880600961,3.17569664655339
3047.68188631739,-1663.81765192803,2.75682444340837
1141.12882511938,-1347.87038299648,2.85470624357974
263.000414993058,-1107.7741539082,3.42922069478435
67.1279888366899,-721.915803080477,3.35532918643729
538.067758244776,-1774.70798811377,3.09576498278816
3833.23459975321,-1077.86328449106,3.50448802115877
1812.84353484419,-256.852359977797,3.59018147800123
1337.80738658579,-1627.02289703366,3.231360207029
2405.56368552135,-118.496609924963,3.67069307996018
3633.92234567417,-323.328036481833,4.07481872123588
1494.43533283331,-1735.29973576703,4.1579980835141
1436.09465070305,-2157.1598268623,5.50244566420214
3983.69998658653,-1585.90662644783,3.00956414944813
4056.87623838998,-2194.20836800939,3.10246644682439
3686.83369497255,-1786.94430152716,2.83426740376798
858.749648135979,-1563.16304513927,2.9728282034845
2866.62754630313,-969.883665860738,3.33523826849936
1315.61802491602,-1578.17843235156,3.12268606233221
3991.81487536408,-1311.79990183802,3.01029848051525
3789.21649624914,-1263.96094136978,3.16773885673298
1540.96457766502,-1041.61045252809,2.81701112943014
867.871862076238,-1659.96514285246,3.31499649559134
2056.995927483,-1204.48889437334,2.96498893228965
493.35840717695,-1206.84561171535,3.04835475752578
2186.83204751293,-979.218557421761,2.9475204990052
4058.72258543954,-1548.67828302685,3.02146396340428
1615.50363911911,-569.833837630841,2.70620252690516
2278.63114798007,-711.218167966407,3.03864091799177
1303.02705702314,-1400.56780009936,2.97984670231316
3594.9233981557,-1307.44095340415,3.24497428287571
96.2203551017226,-978.449942203078,2.99541348242846
2293.2959638153,-1411.47111277196,3.14380900189674
3983.69235665825,-29.8845665007063,2.56435218569651
2988.11450287494,-1836.35517653977,2.88107605609509
2037.45845922689,-1277.26342062769,3.03491194642207
1008.87147954373,-895.218187008421,2.82311507009907
866.094823654201,-893.443719423505,2.45828740265684
1607.89623137628,-830.541569529979,3.06810435093129
2187.60797689783,-1590.57165611456,2.95209623007533
2421.29460965329,-194.209457433339,3.05466469569629
525.630143299716,-626.932962374656,3.01535899733868
2075.42083818841,-1140.08727274457,3.10406843559294
3367.00324693796,-420.47766979992,2.80775824041465
2758.0474054595,-1812.79093308329,2.78898324476684
2977.49365199056,-1042.12015919139,3.04017236114178
3839.41979813969,-25.2952880307634,3.54677975338768
3446.67697072963,-1051.68390074115,3.17174277755304
2580.08591565217,-1791.50671163209,3.08204042097175
3872.25010280341,-1612.43227889623,3.07265269649088
558.923069152733,-1660.34030458398,3.11380944746505
4022.42502120325,-865.235972713778,3.24449124480681
3102.00906038148,-1561.94721385481,3.32232526555582
1020.321858813,-741.976028551948,3.10288021068625
3241.6053456136,-128.321920239205,3.21720352582971
1337.31157558413,-685.213542074526,3.04677954219345
3432.17313141719,-1683.67950426286,2.87957718102119
3007.22484204392,-1847.7168314903,3.04411625912844
3785.34063221255,-2068.22367016293,3.01326316488607
2996.84481090245,-1596.60619576382,3.4578188074249
636.217508275921,-793.755549691419,2.77320485913596
634.789544754881,-1352.29273387738,3.19643264428223
1672.38594456561,-788.184341610395,3.09626511014336
3005.95781447627,-926.084372110484,2.93432215380175
1078.97422111021,-1125.56265081383,2.86012007945799
3618.41633573639,-39.4704080256657,3.28083178417166
390.041574193079,-1285.62383680069,2.98283876235025
274.687571210904,-455.247693952529,2.84654304019262
598.935004085164,-647.893204036783,3.27488430511097
3292.40539167484,-2064.14446648277,2.78423741269575
3165.97534155892,-888.979470967145,2.77995590683607
2890.04503782592,-50.1531025679943,3.13197479488117
2758.66198799106,-1902.00543725276,3.40870273500652
2252.01049473584,-1601.6400450201,3.27559488078614
3753.69534863778,-14.0402547824445,3.19852729596709
544.760945488459,-432.858220647867,3.37203559591468
3778.47441918756,-1047.16614281419,3.13360463264458
406.467753000302,-1702.35177987574,3.48395310969926
2009.22210592992,-1225.83878305725,3.82606883952402
3343.91286050844,-1124.34461261254,4.01403517714252
1203.18539513805,-1592.59052676797,4.03082112506768
3213.27815544819,-859.518518886075,4.0858338654025
389.800272210677,-368.602866190632,4.07133962715047
1111.43224310403,-1621.30443163472,3.7774954501371
1211.12575978764,-1700.66790421774,3.90984224457652
1125.62384531764,-1138.63345126037,3.91841640182892
1888.11876715054,-1486.69036769606,4.56322831587918
3655.47110425497,-1076.93931307437,4.06451501941603
1372.45388917016,-1704.73090709433,4.31429152387084
1806.7681606072,-1594.12136226227,4.34873754492776
2299.93160366146,-1180.80591756312,4.34912658341742
1313.17937313635,-973.053727597501,4.54787118319766
1385.19816048828,-886.685049367102,4.68948590138897
4011.43610729462,-1250.90204373228,5.07374151172899
NA,NA,NA
